"@tab","@cat01","@cat02","@cat03","@cat04","@area","@time","@unit","$","tabname","cat01name","cat02name","cat03name","cat04name"
"893","000","0000","0000","00010","00000","2016000000","人","49144392","従業者数　うち常用雇用者　総数","総数","総数","総数","A～R全産業（Ｓ公務を除く）"
"893","000","0000","0000","00020","00000","2016000000","人","247415","従業者数　うち常用雇用者　総数","総数","総数","総数","A～B農林漁業"
"893","000","0000","0000","00030","00000","2016000000","人","217721","従業者数　うち常用雇用者　総数","総数","総数","総数","A農業，林業"
"893","000","0000","0000","00040","00000","2016000000","人","187329","従業者数　うち常用雇用者　総数","総数","総数","総数","01農業"
"893","000","0000","0000","00320","00000","2016000000","人","30392","従業者数　うち常用雇用者　総数","総数","総数","総数","02林業"
"893","000","0000","0000","00500","00000","2016000000","人","28928","従業者数　うち常用雇用者　総数","総数","総数","総数","B漁業"
"893","000","0000","0000","00510","00000","2016000000","人","18674","従業者数　うち常用雇用者　総数","総数","総数","総数","03漁業（水産養殖業を除く）"
"893","000","0000","0000","00670","00000","2016000000","人","10254","従業者数　うち常用雇用者　総数","総数","総数","総数","04水産養殖業"
"893","000","0000","0000","00800","00000","2016000000","人","48896977","従業者数　うち常用雇用者　総数","総数","総数","総数","C～R非農林漁業（Ｓ公務を除く）"
"893","000","0000","0000","00810","00000","2016000000","人","16371","従業者数　うち常用雇用者　総数","総数","総数","総数","C鉱業，採石業，砂利採取業"
"893","000","0000","0000","00820","00000","2016000000","人","16371","従業者数　うち常用雇用者　総数","総数","総数","総数","05鉱業，採石業，砂利採取業"
"893","000","0000","0000","01220","00000","2016000000","人","2815315","従業者数　うち常用雇用者　総数","総数","総数","総数","D建設業"
"893","000","0000","0000","01230","00000","2016000000","人","1410428","従業者数　うち常用雇用者　総数","総数","総数","総数","06総合工事業"
"893","000","0000","0000","01310","00000","2016000000","人","555953","従業者数　うち常用雇用者　総数","総数","総数","総数","07職別工事業（設備工事業を除く）"
"893","000","0000","0000","01420","00000","2016000000","人","848110","従業者数　うち常用雇用者　総数","総数","総数","総数","08設備工事業"
"893","000","0000","0000","01490","00000","2016000000","人","8042336","従業者数　うち常用雇用者　総数","総数","総数","総数","E製造業"
"893","000","0000","0000","01500","00000","2016000000","人","1180313","従業者数　うち常用雇用者　総数","総数","総数","総数","09食料品製造業"
"893","000","0000","0000","02040","00000","2016000000","人","115389","従業者数　うち常用雇用者　総数","総数","総数","総数","10飲料・たばこ・飼料製造業"
"893","000","0000","0000","02280","00000","2016000000","人","300277","従業者数　うち常用雇用者　総数","総数","総数","総数","11繊維工業"
"893","000","0000","0000","03050","00000","2016000000","人","101174","従業者数　うち常用雇用者　総数","総数","総数","総数","12木材・木製品製造業（家具を除く）"
"893","000","0000","0000","03310","00000","2016000000","人","107336","従業者数　うち常用雇用者　総数","総数","総数","総数","13家具・装備品製造業"
"893","000","0000","0000","03480","00000","2016000000","人","195282","従業者数　うち常用雇用者　総数","総数","総数","総数","14パルプ・紙・紙加工品製造業"
"893","000","0000","0000","03730","00000","2016000000","人","304323","従業者数　うち常用雇用者　総数","総数","総数","総数","15印刷・同関連業"
"893","000","0000","0000","03880","00000","2016000000","人","415400","従業者数　うち常用雇用者　総数","総数","総数","総数","16化学工業"
"893","000","0000","0000","04370","00000","2016000000","人","30719","従業者数　うち常用雇用者　総数","総数","総数","総数","17石油製品・石炭製品製造業"
"893","000","0000","0000","04510","00000","2016000000","人","429209","従業者数　うち常用雇用者　総数","総数","総数","総数","18プラスチック製品製造業（別掲を除く）"
"893","000","0000","0000","04860","00000","2016000000","人","122192","従業者数　うち常用雇用者　総数","総数","総数","総数","19ゴム製品製造業"
"893","000","0000","0000","05070","00000","2016000000","人","26663","従業者数　うち常用雇用者　総数","総数","総数","総数","20なめし革・同製品・毛皮製造業"
"893","000","0000","0000","05300","00000","2016000000","人","251822","従業者数　うち常用雇用者　総数","総数","総数","総数","21窯業・土石製品製造業"
"893","000","0000","0000","05870","00000","2016000000","人","227114","従業者数　うち常用雇用者　総数","総数","総数","総数","22鉄鋼業"
"893","000","0000","0000","06210","00000","2016000000","人","137437","従業者数　うち常用雇用者　総数","総数","総数","総数","23非鉄金属製造業"
"893","000","0000","0000","06490","00000","2016000000","人","607831","従業者数　うち常用雇用者　総数","総数","総数","総数","24金属製品製造業"
"893","000","0000","0000","06950","00000","2016000000","人","333395","従業者数　うち常用雇用者　総数","総数","総数","総数","25はん用機械器具製造業"
"893","000","0000","0000","07220","00000","2016000000","人","583096","従業者数　うち常用雇用者　総数","総数","総数","総数","26生産用機械器具製造業"
"893","000","0000","0000","07600","00000","2016000000","人","234000","従業者数　うち常用雇用者　総数","総数","総数","総数","27業務用機械器具製造業"
"893","000","0000","0000","07930","00000","2016000000","人","403933","従業者数　うち常用雇用者　総数","総数","総数","総数","28電子部品・デバイス・電子回路製造業"
"893","000","0000","0000","08180","00000","2016000000","人","505999","従業者数　うち常用雇用者　総数","総数","総数","総数","29電気機械器具製造業"
"893","000","0000","0000","08530","00000","2016000000","人","172503","従業者数　うち常用雇用者　総数","総数","総数","総数","30情報通信機械器具製造業"
"893","000","0000","0000","08750","00000","2016000000","人","1062578","従業者数　うち常用雇用者　総数","総数","総数","総数","31輸送用機械器具製造業"
"893","000","0000","0000","09010","00000","2016000000","人","188417","従業者数　うち常用雇用者　総数","総数","総数","総数","32その他の製造業"
"893","000","0000","0000","09500","00000","2016000000","人","184610","従業者数　うち常用雇用者　総数","総数","総数","総数","F電気・ガス・熱供給・水道業"
"893","000","0000","0000","09510","00000","2016000000","人","124646","従業者数　うち常用雇用者　総数","総数","総数","総数","33電気業"
"893","000","0000","0000","09540","00000","2016000000","人","32785","従業者数　うち常用雇用者　総数","総数","総数","総数","34ガス業"
"893","000","0000","0000","09570","00000","2016000000","人","1861","従業者数　うち常用雇用者　総数","総数","総数","総数","35熱供給業"
"893","000","0000","0000","09600","00000","2016000000","人","25216","従業者数　うち常用雇用者　総数","総数","総数","総数","36水道業"
"893","000","0000","0000","09650","00000","2016000000","人","1542761","従業者数　うち常用雇用者　総数","総数","総数","総数","G情報通信業"
"893","000","0000","0000","09660","00000","2016000000","人","422311","従業者数　うち常用雇用者　総数","総数","総数","総数","G1情報通信業（通信業，放送業，映像・音声・文字情報制作業）"
"893","000","0000","0000","09670","00000","2016000000","人","139166","従業者数　うち常用雇用者　総数","総数","総数","総数","37通信業"
"893","000","0000","0000","09720","00000","2016000000","人","66026","従業者数　うち常用雇用者　総数","総数","総数","総数","38放送業"
"893","000","0000","0000","09780","00000","2016000000","人","216211","従業者数　うち常用雇用者　総数","総数","総数","総数","41映像・音声・文字情報制作業"
"893","000","0000","0000","09860","00000","2016000000","人","1120450","従業者数　うち常用雇用者　総数","総数","総数","総数","G2情報通信業（情報サービス業，インターネット附随サービス業）"
"893","000","0000","0000","09870","00000","2016000000","人","1020038","従業者数　うち常用雇用者　総数","総数","総数","総数","39情報サービス業"
"893","000","0000","0000","10040","00000","2016000000","人","99673","従業者数　うち常用雇用者　総数","総数","総数","総数","40インターネット附随サービス業"
"893","000","0000","0000","10120","00000","2016000000","人","2994894","従業者数　うち常用雇用者　総数","総数","総数","総数","H運輸業，郵便業"
"893","000","0000","0000","10130","00000","2016000000","人","223147","従業者数　うち常用雇用者　総数","総数","総数","総数","42鉄道業"
"893","000","0000","0000","10160","00000","2016000000","人","480597","従業者数　うち常用雇用者　総数","総数","総数","総数","43道路旅客運送業"
"893","000","0000","0000","10220","00000","2016000000","人","1532799","従業者数　うち常用雇用者　総数","総数","総数","総数","44道路貨物運送業"
"893","000","0000","0000","10290","00000","2016000000","人","41165","従業者数　うち常用雇用者　総数","総数","総数","総数","45水運業"
"893","000","0000","0000","10350","00000","2016000000","人","50434","従業者数　うち常用雇用者　総数","総数","総数","総数","46航空運輸業"
"893","000","0000","0000","10390","00000","2016000000","人","190382","従業者数　うち常用雇用者　総数","総数","総数","総数","47倉庫業"
"893","000","0000","0000","10430","00000","2016000000","人","367462","従業者数　うち常用雇用者　総数","総数","総数","総数","48運輸に附帯するサービス業"
"893","000","0000","0000","10510","00000","2016000000","人","108075","従業者数　うち常用雇用者　総数","総数","総数","総数","49郵便業（信書便事業を含む）"
"893","000","0000","0000","10540","00000","2016000000","人","10226010","従業者数　うち常用雇用者　総数","総数","総数","総数","I卸売業，小売業"
"893","000","0000","0000","10550","00000","2016000000","人","3532625","従業者数　うち常用雇用者　総数","総数","総数","総数","I1卸売業"
"893","000","0000","0000","10560","00000","2016000000","人","37341","従業者数　うち常用雇用者　総数","総数","総数","総数","50各種商品卸売業"
"893","000","0000","0000","10660","00000","2016000000","人","215294","従業者数　うち常用雇用者　総数","総数","総数","総数","51繊維・衣服等卸売業"
"893","000","0000","0000","10850","00000","2016000000","人","678323","従業者数　うち常用雇用者　総数","総数","総数","総数","52飲食料品卸売業"
"893","000","0000","0000","11120","00000","2016000000","人","656247","従業者数　うち常用雇用者　総数","総数","総数","総数","53建築材料，鉱物・金属材料等卸売業"
"893","000","0000","0000","11430","00000","2016000000","人","1130538","従業者数　うち常用雇用者　総数","総数","総数","総数","54機械器具卸売業"
"893","000","0000","0000","11650","00000","2016000000","人","812305","従業者数　うち常用雇用者　総数","総数","総数","総数","55その他の卸売業"
"893","000","0000","0000","11970","00000","2016000000","人","6693385","従業者数　うち常用雇用者　総数","総数","総数","総数","I2小売業"
"893","000","0000","0000","11980","00000","2016000000","人","354924","従業者数　うち常用雇用者　総数","総数","総数","総数","56各種商品小売業"
"893","000","0000","0000","12070","00000","2016000000","人","598173","従業者数　うち常用雇用者　総数","総数","総数","総数","57織物・衣服・身の回り品小売業"
"893","000","0000","0000","12280","00000","2016000000","人","2695715","従業者数　うち常用雇用者　総数","総数","総数","総数","58飲食料品小売業"
"893","000","0000","0000","12620","00000","2016000000","人","728759","従業者数　うち常用雇用者　総数","総数","総数","総数","59機械器具小売業"
"893","000","0000","0000","12790","00000","2016000000","人","2017164","従業者数　うち常用雇用者　総数","総数","総数","総数","60その他の小売業"
"893","000","0000","0000","13350","00000","2016000000","人","293280","従業者数　うち常用雇用者　総数","総数","総数","総数","61無店舗小売業"
"893","000","0000","0000","13500","00000","2016000000","人","1463745","従業者数　うち常用雇用者　総数","総数","総数","総数","J金融業，保険業"
"893","000","0000","0000","13510","00000","2016000000","人","439420","従業者数　うち常用雇用者　総数","総数","総数","総数","62銀行業"
"893","000","0000","0000","13560","00000","2016000000","人","185152","従業者数　うち常用雇用者　総数","総数","総数","総数","63協同組織金融業"
"893","000","0000","0000","13600","00000","2016000000","人","97156","従業者数　うち常用雇用者　総数","総数","総数","総数","64貸金業，クレジットカード業等非預金信用機関"
"893","000","0000","0000","13660","00000","2016000000","人","85791","従業者数　うち常用雇用者　総数","総数","総数","総数","65金融商品取引業，商品先物取引業"
"893","000","0000","0000","13700","00000","2016000000","人","28799","従業者数　うち常用雇用者　総数","総数","総数","総数","66補助的金融業等"
"893","000","0000","0000","13750","00000","2016000000","人","624440","従業者数　うち常用雇用者　総数","総数","総数","総数","67保険業（保険媒介代理業，保険サービス業を含む）"
"893","000","0000","0000","13820","00000","2016000000","人","955076","従業者数　うち常用雇用者　総数","総数","総数","総数","K不動産業，物品賃貸業"
"893","000","0000","0000","13830","00000","2016000000","人","700625","従業者数　うち常用雇用者　総数","総数","総数","総数","K1不動産業"
"893","000","0000","0000","13840","00000","2016000000","人","239971","従業者数　うち常用雇用者　総数","総数","総数","総数","68不動産取引業"
"893","000","0000","0000","13930","00000","2016000000","人","452310","従業者数　うち常用雇用者　総数","総数","総数","総数","69不動産賃貸業・管理業"
"893","000","0000","0000","14080","00000","2016000000","人","254451","従業者数　うち常用雇用者　総数","総数","総数","総数","K2物品賃貸業"
"893","000","0000","0000","14090","00000","2016000000","人","254451","従業者数　うち常用雇用者　総数","総数","総数","総数","70物品賃貸業"
"893","000","0000","0000","14330","00000","2016000000","人","1531605","従業者数　うち常用雇用者　総数","総数","総数","総数","L学術研究，専門・技術サービス業"
"893","000","0000","0000","14340","00000","2016000000","人","255200","従業者数　うち常用雇用者　総数","総数","総数","総数","71学術・開発研究機関"
"893","000","0000","0000","14440","00000","2016000000","人","489654","従業者数　うち常用雇用者　総数","総数","総数","総数","72専門サービス業（他に分類されないもの）"
"893","000","0000","0000","14820","00000","2016000000","人","112518","従業者数　うち常用雇用者　総数","総数","総数","総数","73広告業"
"893","000","0000","0000","14880","00000","2016000000","人","673575","従業者数　うち常用雇用者　総数","総数","総数","総数","74技術サービス業（他に分類されないもの）"
"893","000","0000","0000","15140","00000","2016000000","人","4397678","従業者数　うち常用雇用者　総数","総数","総数","総数","M宿泊業，飲食サービス業"
"893","000","0000","0000","15150","00000","2016000000","人","573901","従業者数　うち常用雇用者　総数","総数","総数","総数","M1宿泊業"
"893","000","0000","0000","15160","00000","2016000000","人","573901","従業者数　うち常用雇用者　総数","総数","総数","総数","75宿泊業"
"893","000","0000","0000","15320","00000","2016000000","人","3823777","従業者数　うち常用雇用者　総数","総数","総数","総数","M2飲食店，持ち帰り・配達飲食サービス業"
"893","000","0000","0000","15330","00000","2016000000","人","3298031","従業者数　うち常用雇用者　総数","総数","総数","総数","76飲食店"
"893","000","0000","0000","15670","00000","2016000000","人","520823","従業者数　うち常用雇用者　総数","総数","総数","総数","77持ち帰り・配達飲食サービス業"
"893","000","0000","0000","15750","00000","2016000000","人","1830271","従業者数　うち常用雇用者　総数","総数","総数","総数","N生活関連サービス業，娯楽業"
"893","000","0000","0000","15760","00000","2016000000","人","733155","従業者数　うち常用雇用者　総数","総数","総数","総数","78洗濯・理容・美容・浴場業"
"893","000","0000","0000","16000","00000","2016000000","人","333333","従業者数　うち常用雇用者　総数","総数","総数","総数","79その他の生活関連サービス業"
"893","000","0000","0000","16280","00000","2016000000","人","762894","従業者数　うち常用雇用者　総数","総数","総数","総数","80娯楽業"
"893","000","0000","0000","16890","00000","2016000000","人","1581264","従業者数　うち常用雇用者　総数","総数","総数","総数","O教育，学習支援業"
"893","000","0000","0000","16900","00000","2016000000","人","958909","従業者数　うち常用雇用者　総数","総数","総数","総数","O1教育，学習支援業（学校教育）"
"893","000","0000","0000","16910","00000","2016000000","人","958909","従業者数　うち常用雇用者　総数","総数","総数","総数","81学校教育"
"893","000","0000","0000","17160","00000","2016000000","人","622355","従業者数　うち常用雇用者　総数","総数","総数","総数","O2教育，学習支援業（その他の教育，学習支援業）"
"893","000","0000","0000","17170","00000","2016000000","人","622355","従業者数　うち常用雇用者　総数","総数","総数","総数","82その他の教育，学習支援業"
"893","000","0000","0000","17570","00000","2016000000","人","6744420","従業者数　うち常用雇用者　総数","総数","総数","総数","P医療，福祉"
"893","000","0000","0000","17580","00000","2016000000","人","3409938","従業者数　うち常用雇用者　総数","総数","総数","総数","83医療業"
"893","000","0000","0000","17830","00000","2016000000","人","52643","従業者数　うち常用雇用者　総数","総数","総数","総数","84保健衛生"
"893","000","0000","0000","17960","00000","2016000000","人","3276585","従業者数　うち常用雇用者　総数","総数","総数","総数","85社会保険・社会福祉・介護事業"
"893","000","0000","0000","18300","00000","2016000000","人","460700","従業者数　うち常用雇用者　総数","総数","総数","総数","Q複合サービス事業"
"893","000","0000","0000","18310","00000","2016000000","人","298867","従業者数　うち常用雇用者　総数","総数","総数","総数","Q1複合サービス事業（郵便局）"
"893","000","0000","0000","18320","00000","2016000000","人","298867","従業者数　うち常用雇用者　総数","総数","総数","総数","86郵便局"
"893","000","0000","0000","18370","00000","2016000000","人","161833","従業者数　うち常用雇用者　総数","総数","総数","総数","Q2複合サービス事業（協同組合）"
"893","000","0000","0000","18380","00000","2016000000","人","161833","従業者数　うち常用雇用者　総数","総数","総数","総数","87協同組合（他に分類されないもの）"
"893","000","0000","0000","18480","00000","2016000000","人","4109921","従業者数　うち常用雇用者　総数","総数","総数","総数","Rサービス業（他に分類されないもの）"
"893","000","0000","0000","18490","00000","2016000000","人","372372","従業者数　うち常用雇用者　総数","総数","総数","総数","R1サービス業（政治・経済・文化団体，宗教）"
"893","000","0000","0000","18500","00000","2016000000","人","218754","従業者数　うち常用雇用者　総数","総数","総数","総数","93政治・経済・文化団体"
"893","000","0000","0000","18560","00000","2016000000","人","152960","従業者数　うち常用雇用者　総数","総数","総数","総数","94宗教"
"893","000","0000","0000","18610","00000","2016000000","人","3737549","従業者数　うち常用雇用者　総数","総数","総数","総数","R2サービス業（政治・経済・文化団体，宗教を除く）"
"893","000","0000","0000","18620","00000","2016000000","人","233111","従業者数　うち常用雇用者　総数","総数","総数","総数","88廃棄物処理業"
"893","000","0000","0000","18810","00000","2016000000","人","167019","従業者数　うち常用雇用者　総数","総数","総数","総数","89自動車整備業"
"893","000","0000","0000","18870","00000","2016000000","人","189621","従業者数　うち常用雇用者　総数","総数","総数","総数","90機械等修理業（別掲を除く）"
"893","000","0000","0000","19040","00000","2016000000","人","886965","従業者数　うち常用雇用者　総数","総数","総数","総数","91職業紹介・労働者派遣業"
"893","000","0000","0000","19120","00000","2016000000","人","2223803","従業者数　うち常用雇用者　総数","総数","総数","総数","92その他の事業サービス業"
"893","000","0000","0000","19300","00000","2016000000","人","30575","従業者数　うち常用雇用者　総数","総数","総数","総数","95その他のサービス業"
"893","000","0000","0060","00010","00000","2016000000","人","4164477","従業者数　うち常用雇用者　総数","総数","総数","1～4人","A～R全産業（Ｓ公務を除く）"
"893","000","0000","0060","00020","00000","2016000000","人","30747","従業者数　うち常用雇用者　総数","総数","総数","1～4人","A～B農林漁業"
"893","000","0000","0060","00030","00000","2016000000","人","27796","従業者数　うち常用雇用者　総数","総数","総数","1～4人","A農業，林業"
"893","000","0000","0060","00040","00000","2016000000","人","25571","従業者数　うち常用雇用者　総数","総数","総数","1～4人","01農業"
"893","000","0000","0060","00320","00000","2016000000","人","2225","従業者数　うち常用雇用者　総数","総数","総数","1～4人","02林業"
"893","000","0000","0060","00500","00000","2016000000","人","2870","従業者数　うち常用雇用者　総数","総数","総数","1～4人","B漁業"
"893","000","0000","0060","00510","00000","2016000000","人","966","従業者数　うち常用雇用者　総数","総数","総数","1～4人","03漁業（水産養殖業を除く）"
"893","000","0000","0060","00670","00000","2016000000","人","1904","従業者数　うち常用雇用者　総数","総数","総数","1～4人","04水産養殖業"
"893","000","0000","0060","00800","00000","2016000000","人","4133730","従業者数　うち常用雇用者　総数","総数","総数","1～4人","C～R非農林漁業（Ｓ公務を除く）"
"893","000","0000","0060","00810","00000","2016000000","人","1694","従業者数　うち常用雇用者　総数","総数","総数","1～4人","C鉱業，採石業，砂利採取業"
"893","000","0000","0060","00820","00000","2016000000","人","1694","従業者数　うち常用雇用者　総数","総数","総数","1～4人","05鉱業，採石業，砂利採取業"
"893","000","0000","0060","01220","00000","2016000000","人","459003","従業者数　うち常用雇用者　総数","総数","総数","1～4人","D建設業"
"893","000","0000","0060","01230","00000","2016000000","人","201020","従業者数　うち常用雇用者　総数","総数","総数","1～4人","06総合工事業"
"893","000","0000","0060","01310","00000","2016000000","人","138027","従業者数　うち常用雇用者　総数","総数","総数","1～4人","07職別工事業（設備工事業を除く）"
"893","000","0000","0060","01420","00000","2016000000","人","119785","従業者数　うち常用雇用者　総数","総数","総数","1～4人","08設備工事業"
"893","000","0000","0060","01490","00000","2016000000","人","336547","従業者数　うち常用雇用者　総数","総数","総数","1～4人","E製造業"
"893","000","0000","0060","01500","00000","2016000000","人","31985","従業者数　うち常用雇用者　総数","総数","総数","1～4人","09食料品製造業"
"893","000","0000","0060","02040","00000","2016000000","人","6722","従業者数　うち常用雇用者　総数","総数","総数","1～4人","10飲料・たばこ・飼料製造業"
"893","000","0000","0060","02280","00000","2016000000","人","28711","従業者数　うち常用雇用者　総数","総数","総数","1～4人","11繊維工業"
"893","000","0000","0060","03050","00000","2016000000","人","11248","従業者数　うち常用雇用者　総数","総数","総数","1～4人","12木材・木製品製造業（家具を除く）"
"893","000","0000","0060","03310","00000","2016000000","人","17297","従業者数　うち常用雇用者　総数","総数","総数","1～4人","13家具・装備品製造業"
"893","000","0000","0060","03480","00000","2016000000","人","7670","従業者数　うち常用雇用者　総数","総数","総数","1～4人","14パルプ・紙・紙加工品製造業"
"893","000","0000","0060","03730","00000","2016000000","人","25098","従業者数　うち常用雇用者　総数","総数","総数","1～4人","15印刷・同関連業"
"893","000","0000","0060","03880","00000","2016000000","人","4657","従業者数　うち常用雇用者　総数","総数","総数","1～4人","16化学工業"
"893","000","0000","0060","04370","00000","2016000000","人","1381","従業者数　うち常用雇用者　総数","総数","総数","1～4人","17石油製品・石炭製品製造業"
"893","000","0000","0060","04510","00000","2016000000","人","16480","従業者数　うち常用雇用者　総数","総数","総数","1～4人","18プラスチック製品製造業（別掲を除く）"
"893","000","0000","0060","04860","00000","2016000000","人","3874","従業者数　うち常用雇用者　総数","総数","総数","1～4人","19ゴム製品製造業"
"893","000","0000","0060","05070","00000","2016000000","人","4032","従業者数　うち常用雇用者　総数","総数","総数","1～4人","20なめし革・同製品・毛皮製造業"
"893","000","0000","0060","05300","00000","2016000000","人","14012","従業者数　うち常用雇用者　総数","総数","総数","1～4人","21窯業・土石製品製造業"
"893","000","0000","0060","05870","00000","2016000000","人","5855","従業者数　うち常用雇用者　総数","総数","総数","1～4人","22鉄鋼業"
"893","000","0000","0060","06210","00000","2016000000","人","3826","従業者数　うち常用雇用者　総数","総数","総数","1～4人","23非鉄金属製造業"
"893","000","0000","0060","06490","00000","2016000000","人","48705","従業者数　うち常用雇用者　総数","総数","総数","1～4人","24金属製品製造業"
"893","000","0000","0060","06950","00000","2016000000","人","11368","従業者数　うち常用雇用者　総数","総数","総数","1～4人","25はん用機械器具製造業"
"893","000","0000","0060","07220","00000","2016000000","人","32969","従業者数　うち常用雇用者　総数","総数","総数","1～4人","26生産用機械器具製造業"
"893","000","0000","0060","07600","00000","2016000000","人","6902","従業者数　うち常用雇用者　総数","総数","総数","1～4人","27業務用機械器具製造業"
"893","000","0000","0060","07930","00000","2016000000","人","4443","従業者数　うち常用雇用者　総数","総数","総数","1～4人","28電子部品・デバイス・電子回路製造業"
"893","000","0000","0060","08180","00000","2016000000","人","11541","従業者数　うち常用雇用者　総数","総数","総数","1～4人","29電気機械器具製造業"
"893","000","0000","0060","08530","00000","2016000000","人","1451","従業者数　うち常用雇用者　総数","総数","総数","1～4人","30情報通信機械器具製造業"
"893","000","0000","0060","08750","00000","2016000000","人","12080","従業者数　うち常用雇用者　総数","総数","総数","1～4人","31輸送用機械器具製造業"
"893","000","0000","0060","09010","00000","2016000000","人","24002","従業者数　うち常用雇用者　総数","総数","総数","1～4人","32その他の製造業"
"893","000","0000","0060","09500","00000","2016000000","人","2372","従業者数　うち常用雇用者　総数","総数","総数","1～4人","F電気・ガス・熱供給・水道業"
"893","000","0000","0060","09510","00000","2016000000","人","863","従業者数　うち常用雇用者　総数","総数","総数","1～4人","33電気業"
"893","000","0000","0060","09540","00000","2016000000","人","185","従業者数　うち常用雇用者　総数","総数","総数","1～4人","34ガス業"
"893","000","0000","0060","09570","00000","2016000000","人","159","従業者数　うち常用雇用者　総数","総数","総数","1～4人","35熱供給業"
"893","000","0000","0060","09600","00000","2016000000","人","1159","従業者数　うち常用雇用者　総数","総数","総数","1～4人","36水道業"
"893","000","0000","0060","09650","00000","2016000000","人","47027","従業者数　うち常用雇用者　総数","総数","総数","1～4人","G情報通信業"
"893","000","0000","0060","09660","00000","2016000000","人","20090","従業者数　うち常用雇用者　総数","総数","総数","1～4人","G1情報通信業（通信業，放送業，映像・音声・文字情報制作業）"
"893","000","0000","0060","09670","00000","2016000000","人","2058","従業者数　うち常用雇用者　総数","総数","総数","1～4人","37通信業"
"893","000","0000","0060","09720","00000","2016000000","人","1462","従業者数　うち常用雇用者　総数","総数","総数","1～4人","38放送業"
"893","000","0000","0060","09780","00000","2016000000","人","16518","従業者数　うち常用雇用者　総数","総数","総数","1～4人","41映像・音声・文字情報制作業"
"893","000","0000","0060","09860","00000","2016000000","人","26937","従業者数　うち常用雇用者　総数","総数","総数","1～4人","G2情報通信業（情報サービス業，インターネット附随サービス業）"
"893","000","0000","0060","09870","00000","2016000000","人","22274","従業者数　うち常用雇用者　総数","総数","総数","1～4人","39情報サービス業"
"893","000","0000","0060","10040","00000","2016000000","人","4632","従業者数　うち常用雇用者　総数","総数","総数","1～4人","40インターネット附随サービス業"
"893","000","0000","0060","10120","00000","2016000000","人","60364","従業者数　うち常用雇用者　総数","総数","総数","1～4人","H運輸業，郵便業"
"893","000","0000","0060","10130","00000","2016000000","人","1611","従業者数　うち常用雇用者　総数","総数","総数","1～4人","42鉄道業"
"893","000","0000","0060","10160","00000","2016000000","人","5899","従業者数　うち常用雇用者　総数","総数","総数","1～4人","43道路旅客運送業"
"893","000","0000","0060","10220","00000","2016000000","人","28467","従業者数　うち常用雇用者　総数","総数","総数","1～4人","44道路貨物運送業"
"893","000","0000","0060","10290","00000","2016000000","人","2549","従業者数　うち常用雇用者　総数","総数","総数","1～4人","45水運業"
"893","000","0000","0060","10350","00000","2016000000","人","824","従業者数　うち常用雇用者　総数","総数","総数","1～4人","46航空運輸業"
"893","000","0000","0060","10390","00000","2016000000","人","7963","従業者数　うち常用雇用者　総数","総数","総数","1～4人","47倉庫業"
"893","000","0000","0060","10430","00000","2016000000","人","12953","従業者数　うち常用雇用者　総数","総数","総数","1～4人","48運輸に附帯するサービス業"
"893","000","0000","0060","10510","00000","2016000000","人","55","従業者数　うち常用雇用者　総数","総数","総数","1～4人","49郵便業（信書便事業を含む）"
"893","000","0000","0060","10540","00000","2016000000","人","1142679","従業者数　うち常用雇用者　総数","総数","総数","1～4人","I卸売業，小売業"
"893","000","0000","0060","10550","00000","2016000000","人","350550","従業者数　うち常用雇用者　総数","総数","総数","1～4人","I1卸売業"
"893","000","0000","0060","10560","00000","2016000000","人","1278","従業者数　うち常用雇用者　総数","総数","総数","1～4人","50各種商品卸売業"
"893","000","0000","0060","10660","00000","2016000000","人","21429","従業者数　うち常用雇用者　総数","総数","総数","1～4人","51繊維・衣服等卸売業"
"893","000","0000","0060","10850","00000","2016000000","人","62402","従業者数　うち常用雇用者　総数","総数","総数","1～4人","52飲食料品卸売業"
"893","000","0000","0060","11120","00000","2016000000","人","87335","従業者数　うち常用雇用者　総数","総数","総数","1～4人","53建築材料，鉱物・金属材料等卸売業"
"893","000","0000","0060","11430","00000","2016000000","人","95744","従業者数　うち常用雇用者　総数","総数","総数","1～4人","54機械器具卸売業"
"893","000","0000","0060","11650","00000","2016000000","人","81914","従業者数　うち常用雇用者　総数","総数","総数","1～4人","55その他の卸売業"
"893","000","0000","0060","11970","00000","2016000000","人","792129","従業者数　うち常用雇用者　総数","総数","総数","1～4人","I2小売業"
"893","000","0000","0060","11980","00000","2016000000","人","1145","従業者数　うち常用雇用者　総数","総数","総数","1～4人","56各種商品小売業"
"893","000","0000","0060","12070","00000","2016000000","人","135081","従業者数　うち常用雇用者　総数","総数","総数","1～4人","57織物・衣服・身の回り品小売業"
"893","000","0000","0060","12280","00000","2016000000","人","183638","従業者数　うち常用雇用者　総数","総数","総数","1～4人","58飲食料品小売業"
"893","000","0000","0060","12620","00000","2016000000","人","120292","従業者数　うち常用雇用者　総数","総数","総数","1～4人","59機械器具小売業"
"893","000","0000","0060","12790","00000","2016000000","人","324625","従業者数　うち常用雇用者　総数","総数","総数","1～4人","60その他の小売業"
"893","000","0000","0060","13350","00000","2016000000","人","26814","従業者数　うち常用雇用者　総数","総数","総数","1～4人","61無店舗小売業"
"893","000","0000","0060","13500","00000","2016000000","人","51672","従業者数　うち常用雇用者　総数","総数","総数","1～4人","J金融業，保険業"
"893","000","0000","0060","13510","00000","2016000000","人","2705","従業者数　うち常用雇用者　総数","総数","総数","1～4人","62銀行業"
"893","000","0000","0060","13560","00000","2016000000","人","3127","従業者数　うち常用雇用者　総数","総数","総数","1～4人","63協同組織金融業"
"893","000","0000","0060","13600","00000","2016000000","人","4410","従業者数　うち常用雇用者　総数","総数","総数","1～4人","64貸金業，クレジットカード業等非預金信用機関"
"893","000","0000","0060","13660","00000","2016000000","人","1945","従業者数　うち常用雇用者　総数","総数","総数","1～4人","65金融商品取引業，商品先物取引業"
"893","000","0000","0060","13700","00000","2016000000","人","1536","従業者数　うち常用雇用者　総数","総数","総数","1～4人","66補助的金融業等"
"893","000","0000","0060","13750","00000","2016000000","人","37800","従業者数　うち常用雇用者　総数","総数","総数","1～4人","67保険業（保険媒介代理業，保険サービス業を含む）"
"893","000","0000","0060","13820","00000","2016000000","人","207279","従業者数　うち常用雇用者　総数","総数","総数","1～4人","K不動産業，物品賃貸業"
"893","000","0000","0060","13830","00000","2016000000","人","181454","従業者数　うち常用雇用者　総数","総数","総数","1～4人","K1不動産業"
"893","000","0000","0060","13840","00000","2016000000","人","63371","従業者数　うち常用雇用者　総数","総数","総数","1～4人","68不動産取引業"
"893","000","0000","0060","13930","00000","2016000000","人","117612","従業者数　うち常用雇用者　総数","総数","総数","1～4人","69不動産賃貸業・管理業"
"893","000","0000","0060","14080","00000","2016000000","人","25825","従業者数　うち常用雇用者　総数","総数","総数","1～4人","K2物品賃貸業"
"893","000","0000","0060","14090","00000","2016000000","人","25825","従業者数　うち常用雇用者　総数","総数","総数","1～4人","70物品賃貸業"
"893","000","0000","0060","14330","00000","2016000000","人","208313","従業者数　うち常用雇用者　総数","総数","総数","1～4人","L学術研究，専門・技術サービス業"
"893","000","0000","0060","14340","00000","2016000000","人","3224","従業者数　うち常用雇用者　総数","総数","総数","1～4人","71学術・開発研究機関"
"893","000","0000","0060","14440","00000","2016000000","人","115691","従業者数　うち常用雇用者　総数","総数","総数","1～4人","72専門サービス業（他に分類されないもの）"
"893","000","0000","0060","14820","00000","2016000000","人","8498","従業者数　うち常用雇用者　総数","総数","総数","1～4人","73広告業"
"893","000","0000","0060","14880","00000","2016000000","人","80806","従業者数　うち常用雇用者　総数","総数","総数","1～4人","74技術サービス業（他に分類されないもの）"
"893","000","0000","0060","15140","00000","2016000000","人","522932","従業者数　うち常用雇用者　総数","総数","総数","1～4人","M宿泊業，飲食サービス業"
"893","000","0000","0060","15150","00000","2016000000","人","33279","従業者数　うち常用雇用者　総数","総数","総数","1～4人","M1宿泊業"
"893","000","0000","0060","15160","00000","2016000000","人","33279","従業者数　うち常用雇用者　総数","総数","総数","1～4人","75宿泊業"
"893","000","0000","0060","15320","00000","2016000000","人","489653","従業者数　うち常用雇用者　総数","総数","総数","1～4人","M2飲食店，持ち帰り・配達飲食サービス業"
"893","000","0000","0060","15330","00000","2016000000","人","443511","従業者数　うち常用雇用者　総数","総数","総数","1～4人","76飲食店"
"893","000","0000","0060","15670","00000","2016000000","人","45757","従業者数　うち常用雇用者　総数","総数","総数","1～4人","77持ち帰り・配達飲食サービス業"
"893","000","0000","0060","15750","00000","2016000000","人","339726","従業者数　うち常用雇用者　総数","総数","総数","1～4人","N生活関連サービス業，娯楽業"
"893","000","0000","0060","15760","00000","2016000000","人","248710","従業者数　うち常用雇用者　総数","総数","総数","1～4人","78洗濯・理容・美容・浴場業"
"893","000","0000","0060","16000","00000","2016000000","人","58283","従業者数　うち常用雇用者　総数","総数","総数","1～4人","79その他の生活関連サービス業"
"893","000","0000","0060","16280","00000","2016000000","人","32643","従業者数　うち常用雇用者　総数","総数","総数","1～4人","80娯楽業"
"893","000","0000","0060","16890","00000","2016000000","人","101186","従業者数　うち常用雇用者　総数","総数","総数","1～4人","O教育，学習支援業"
"893","000","0000","0060","16900","00000","2016000000","人","3267","従業者数　うち常用雇用者　総数","総数","総数","1～4人","O1教育，学習支援業（学校教育）"
"893","000","0000","0060","16910","00000","2016000000","人","3267","従業者数　うち常用雇用者　総数","総数","総数","1～4人","81学校教育"
"893","000","0000","0060","17160","00000","2016000000","人","97919","従業者数　うち常用雇用者　総数","総数","総数","1～4人","O2教育，学習支援業（その他の教育，学習支援業）"
"893","000","0000","0060","17170","00000","2016000000","人","97919","従業者数　うち常用雇用者　総数","総数","総数","1～4人","82その他の教育，学習支援業"
"893","000","0000","0060","17570","00000","2016000000","人","304795","従業者数　うち常用雇用者　総数","総数","総数","1～4人","P医療，福祉"
"893","000","0000","0060","17580","00000","2016000000","人","217202","従業者数　うち常用雇用者　総数","総数","総数","1～4人","83医療業"
"893","000","0000","0060","17830","00000","2016000000","人","1396","従業者数　うち常用雇用者　総数","総数","総数","1～4人","84保健衛生"
"893","000","0000","0060","17960","00000","2016000000","人","86053","従業者数　うち常用雇用者　総数","総数","総数","1～4人","85社会保険・社会福祉・介護事業"
"893","000","0000","0060","18300","00000","2016000000","人","37278","従業者数　うち常用雇用者　総数","総数","総数","1～4人","Q複合サービス事業"
"893","000","0000","0060","18310","00000","2016000000","人","32571","従業者数　うち常用雇用者　総数","総数","総数","1～4人","Q1複合サービス事業（郵便局）"
"893","000","0000","0060","18320","00000","2016000000","人","32571","従業者数　うち常用雇用者　総数","総数","総数","1～4人","86郵便局"
"893","000","0000","0060","18370","00000","2016000000","人","4707","従業者数　うち常用雇用者　総数","総数","総数","1～4人","Q2複合サービス事業（協同組合）"
"893","000","0000","0060","18380","00000","2016000000","人","4707","従業者数　うち常用雇用者　総数","総数","総数","1～4人","87協同組合（他に分類されないもの）"
"893","000","0000","0060","18480","00000","2016000000","人","310863","従業者数　うち常用雇用者　総数","総数","総数","1～4人","Rサービス業（他に分類されないもの）"
"893","000","0000","0060","18490","00000","2016000000","人","147185","従業者数　うち常用雇用者　総数","総数","総数","1～4人","R1サービス業（政治・経済・文化団体，宗教）"
"893","000","0000","0060","18500","00000","2016000000","人","60097","従業者数　うち常用雇用者　総数","総数","総数","1～4人","93政治・経済・文化団体"
"893","000","0000","0060","18560","00000","2016000000","人","87011","従業者数　うち常用雇用者　総数","総数","総数","1～4人","94宗教"
"893","000","0000","0060","18610","00000","2016000000","人","163678","従業者数　うち常用雇用者　総数","総数","総数","1～4人","R2サービス業（政治・経済・文化団体，宗教を除く）"
"893","000","0000","0060","18620","00000","2016000000","人","16015","従業者数　うち常用雇用者　総数","総数","総数","1～4人","88廃棄物処理業"
"893","000","0000","0060","18810","00000","2016000000","人","51052","従業者数　うち常用雇用者　総数","総数","総数","1～4人","89自動車整備業"
"893","000","0000","0060","18870","00000","2016000000","人","23755","従業者数　うち常用雇用者　総数","総数","総数","1～4人","90機械等修理業（別掲を除く）"
"893","000","0000","0060","19040","00000","2016000000","人","12966","従業者数　うち常用雇用者　総数","総数","総数","1～4人","91職業紹介・労働者派遣業"
"893","000","0000","0060","19120","00000","2016000000","人","55153","従業者数　うち常用雇用者　総数","総数","総数","1～4人","92その他の事業サービス業"
"893","000","0000","0060","19300","00000","2016000000","人","3764","従業者数　うち常用雇用者　総数","総数","総数","1～4人","95その他のサービス業"
"893","000","0000","0070","00010","00000","2016000000","人","5436200","従業者数　うち常用雇用者　総数","総数","総数","5～9人","A～R全産業（Ｓ公務を除く）"
"893","000","0000","0070","00020","00000","2016000000","人","46119","従業者数　うち常用雇用者　総数","総数","総数","5～9人","A～B農林漁業"
"893","000","0000","0070","00030","00000","2016000000","人","40750","従業者数　うち常用雇用者　総数","総数","総数","5～9人","A農業，林業"
"893","000","0000","0070","00040","00000","2016000000","人","36063","従業者数　うち常用雇用者　総数","総数","総数","5～9人","01農業"
"893","000","0000","0070","00320","00000","2016000000","人","4687","従業者数　うち常用雇用者　総数","総数","総数","5～9人","02林業"
"893","000","0000","0070","00500","00000","2016000000","人","5231","従業者数　うち常用雇用者　総数","総数","総数","5～9人","B漁業"
"893","000","0000","0070","00510","00000","2016000000","人","2588","従業者数　うち常用雇用者　総数","総数","総数","5～9人","03漁業（水産養殖業を除く）"
"893","000","0000","0070","00670","00000","2016000000","人","2643","従業者数　うち常用雇用者　総数","総数","総数","5～9人","04水産養殖業"
"893","000","0000","0070","00800","00000","2016000000","人","5390081","従業者数　うち常用雇用者　総数","総数","総数","5～9人","C～R非農林漁業（Ｓ公務を除く）"
"893","000","0000","0070","00810","00000","2016000000","人","2886","従業者数　うち常用雇用者　総数","総数","総数","5～9人","C鉱業，採石業，砂利採取業"
"893","000","0000","0070","00820","00000","2016000000","人","2886","従業者数　うち常用雇用者　総数","総数","総数","5～9人","05鉱業，採石業，砂利採取業"
"893","000","0000","0070","01220","00000","2016000000","人","532778","従業者数　うち常用雇用者　総数","総数","総数","5～9人","D建設業"
"893","000","0000","0070","01230","00000","2016000000","人","258082","従業者数　うち常用雇用者　総数","総数","総数","5～9人","06総合工事業"
"893","000","0000","0070","01310","00000","2016000000","人","132602","従業者数　うち常用雇用者　総数","総数","総数","5～9人","07職別工事業（設備工事業を除く）"
"893","000","0000","0070","01420","00000","2016000000","人","141923","従業者数　うち常用雇用者　総数","総数","総数","5～9人","08設備工事業"
"893","000","0000","0070","01490","00000","2016000000","人","464837","従業者数　うち常用雇用者　総数","総数","総数","5～9人","E製造業"
"893","000","0000","0070","01500","00000","2016000000","人","55980","従業者数　うち常用雇用者　総数","総数","総数","5～9人","09食料品製造業"
"893","000","0000","0070","02040","00000","2016000000","人","11246","従業者数　うち常用雇用者　総数","総数","総数","5～9人","10飲料・たばこ・飼料製造業"
"893","000","0000","0070","02280","00000","2016000000","人","35211","従業者数　うち常用雇用者　総数","総数","総数","5～9人","11繊維工業"
"893","000","0000","0070","03050","00000","2016000000","人","14196","従業者数　うち常用雇用者　総数","総数","総数","5～9人","12木材・木製品製造業（家具を除く）"
"893","000","0000","0070","03310","00000","2016000000","人","13369","従業者数　うち常用雇用者　総数","総数","総数","5～9人","13家具・装備品製造業"
"893","000","0000","0070","03480","00000","2016000000","人","12642","従業者数　うち常用雇用者　総数","総数","総数","5～9人","14パルプ・紙・紙加工品製造業"
"893","000","0000","0070","03730","00000","2016000000","人","27494","従業者数　うち常用雇用者　総数","総数","総数","5～9人","15印刷・同関連業"
"893","000","0000","0070","03880","00000","2016000000","人","8545","従業者数　うち常用雇用者　総数","総数","総数","5～9人","16化学工業"
"893","000","0000","0070","04370","00000","2016000000","人","4031","従業者数　うち常用雇用者　総数","総数","総数","5～9人","17石油製品・石炭製品製造業"
"893","000","0000","0070","04510","00000","2016000000","人","28012","従業者数　うち常用雇用者　総数","総数","総数","5～9人","18プラスチック製品製造業（別掲を除く）"
"893","000","0000","0070","04860","00000","2016000000","人","5074","従業者数　うち常用雇用者　総数","総数","総数","5～9人","19ゴム製品製造業"
"893","000","0000","0070","05070","00000","2016000000","人","4215","従業者数　うち常用雇用者　総数","総数","総数","5～9人","20なめし革・同製品・毛皮製造業"
"893","000","0000","0070","05300","00000","2016000000","人","23687","従業者数　うち常用雇用者　総数","総数","総数","5～9人","21窯業・土石製品製造業"
"893","000","0000","0070","05870","00000","2016000000","人","9325","従業者数　うち常用雇用者　総数","総数","総数","5～9人","22鉄鋼業"
"893","000","0000","0070","06210","00000","2016000000","人","5302","従業者数　うち常用雇用者　総数","総数","総数","5～9人","23非鉄金属製造業"
"893","000","0000","0070","06490","00000","2016000000","人","66113","従業者数　うち常用雇用者　総数","総数","総数","5～9人","24金属製品製造業"
"893","000","0000","0070","06950","00000","2016000000","人","16563","従業者数　うち常用雇用者　総数","総数","総数","5～9人","25はん用機械器具製造業"
"893","000","0000","0070","07220","00000","2016000000","人","43203","従業者数　うち常用雇用者　総数","総数","総数","5～9人","26生産用機械器具製造業"
"893","000","0000","0070","07600","00000","2016000000","人","9252","従業者数　うち常用雇用者　総数","総数","総数","5～9人","27業務用機械器具製造業"
"893","000","0000","0070","07930","00000","2016000000","人","7930","従業者数　うち常用雇用者　総数","総数","総数","5～9人","28電子部品・デバイス・電子回路製造業"
"893","000","0000","0070","08180","00000","2016000000","人","18287","従業者数　うち常用雇用者　総数","総数","総数","5～9人","29電気機械器具製造業"
"893","000","0000","0070","08530","00000","2016000000","人","2375","従業者数　うち常用雇用者　総数","総数","総数","5～9人","30情報通信機械器具製造業"
"893","000","0000","0070","08750","00000","2016000000","人","20373","従業者数　うち常用雇用者　総数","総数","総数","5～9人","31輸送用機械器具製造業"
"893","000","0000","0070","09010","00000","2016000000","人","21998","従業者数　うち常用雇用者　総数","総数","総数","5～9人","32その他の製造業"
"893","000","0000","0070","09500","00000","2016000000","人","4821","従業者数　うち常用雇用者　総数","総数","総数","5～9人","F電気・ガス・熱供給・水道業"
"893","000","0000","0070","09510","00000","2016000000","人","1022","従業者数　うち常用雇用者　総数","総数","総数","5～9人","33電気業"
"893","000","0000","0070","09540","00000","2016000000","人","496","従業者数　うち常用雇用者　総数","総数","総数","5～9人","34ガス業"
"893","000","0000","0070","09570","00000","2016000000","人","338","従業者数　うち常用雇用者　総数","総数","総数","5～9人","35熱供給業"
"893","000","0000","0070","09600","00000","2016000000","人","2956","従業者数　うち常用雇用者　総数","総数","総数","5～9人","36水道業"
"893","000","0000","0070","09650","00000","2016000000","人","66225","従業者数　うち常用雇用者　総数","総数","総数","5～9人","G情報通信業"
"893","000","0000","0070","09660","00000","2016000000","人","24990","従業者数　うち常用雇用者　総数","総数","総数","5～9人","G1情報通信業（通信業，放送業，映像・音声・文字情報制作業）"
"893","000","0000","0070","09670","00000","2016000000","人","4018","従業者数　うち常用雇用者　総数","総数","総数","5～9人","37通信業"
"893","000","0000","0070","09720","00000","2016000000","人","2456","従業者数　うち常用雇用者　総数","総数","総数","5～9人","38放送業"
"893","000","0000","0070","09780","00000","2016000000","人","18489","従業者数　うち常用雇用者　総数","総数","総数","5～9人","41映像・音声・文字情報制作業"
"893","000","0000","0070","09860","00000","2016000000","人","41235","従業者数　うち常用雇用者　総数","総数","総数","5～9人","G2情報通信業（情報サービス業，インターネット附随サービス業）"
"893","000","0000","0070","09870","00000","2016000000","人","35580","従業者数　うち常用雇用者　総数","総数","総数","5～9人","39情報サービス業"
"893","000","0000","0070","10040","00000","2016000000","人","5577","従業者数　うち常用雇用者　総数","総数","総数","5～9人","40インターネット附随サービス業"
"893","000","0000","0070","10120","00000","2016000000","人","148259","従業者数　うち常用雇用者　総数","総数","総数","5～9人","H運輸業，郵便業"
"893","000","0000","0070","10130","00000","2016000000","人","5225","従業者数　うち常用雇用者　総数","総数","総数","5～9人","42鉄道業"
"893","000","0000","0070","10160","00000","2016000000","人","13582","従業者数　うち常用雇用者　総数","総数","総数","5～9人","43道路旅客運送業"
"893","000","0000","0070","10220","00000","2016000000","人","86199","従業者数　うち常用雇用者　総数","総数","総数","5～9人","44道路貨物運送業"
"893","000","0000","0070","10290","00000","2016000000","人","3989","従業者数　うち常用雇用者　総数","総数","総数","5～9人","45水運業"
"893","000","0000","0070","10350","00000","2016000000","人","1411","従業者数　うち常用雇用者　総数","総数","総数","5～9人","46航空運輸業"
"893","000","0000","0070","10390","00000","2016000000","人","14287","従業者数　うち常用雇用者　総数","総数","総数","5～9人","47倉庫業"
"893","000","0000","0070","10430","00000","2016000000","人","23224","従業者数　うち常用雇用者　総数","総数","総数","5～9人","48運輸に附帯するサービス業"
"893","000","0000","0070","10510","00000","2016000000","人","231","従業者数　うち常用雇用者　総数","総数","総数","5～9人","49郵便業（信書便事業を含む）"
"893","000","0000","0070","10540","00000","2016000000","人","1566605","従業者数　うち常用雇用者　総数","総数","総数","5～9人","I卸売業，小売業"
"893","000","0000","0070","10550","00000","2016000000","人","494116","従業者数　うち常用雇用者　総数","総数","総数","5～9人","I1卸売業"
"893","000","0000","0070","10560","00000","2016000000","人","1893","従業者数　うち常用雇用者　総数","総数","総数","5～9人","50各種商品卸売業"
"893","000","0000","0070","10660","00000","2016000000","人","24837","従業者数　うち常用雇用者　総数","総数","総数","5～9人","51繊維・衣服等卸売業"
"893","000","0000","0070","10850","00000","2016000000","人","88873","従業者数　うち常用雇用者　総数","総数","総数","5～9人","52飲食料品卸売業"
"893","000","0000","0070","11120","00000","2016000000","人","121536","従業者数　うち常用雇用者　総数","総数","総数","5～9人","53建築材料，鉱物・金属材料等卸売業"
"893","000","0000","0070","11430","00000","2016000000","人","158178","従業者数　うち常用雇用者　総数","総数","総数","5～9人","54機械器具卸売業"
"893","000","0000","0070","11650","00000","2016000000","人","98511","従業者数　うち常用雇用者　総数","総数","総数","5～9人","55その他の卸売業"
"893","000","0000","0070","11970","00000","2016000000","人","1072489","従業者数　うち常用雇用者　総数","総数","総数","5～9人","I2小売業"
"893","000","0000","0070","11980","00000","2016000000","人","2422","従業者数　うち常用雇用者　総数","総数","総数","5～9人","56各種商品小売業"
"893","000","0000","0070","12070","00000","2016000000","人","185110","従業者数　うち常用雇用者　総数","総数","総数","5～9人","57織物・衣服・身の回り品小売業"
"893","000","0000","0070","12280","00000","2016000000","人","269465","従業者数　うち常用雇用者　総数","総数","総数","5～9人","58飲食料品小売業"
"893","000","0000","0070","12620","00000","2016000000","人","125324","従業者数　うち常用雇用者　総数","総数","総数","5～9人","59機械器具小売業"
"893","000","0000","0070","12790","00000","2016000000","人","453871","従業者数　うち常用雇用者　総数","総数","総数","5～9人","60その他の小売業"
"893","000","0000","0070","13350","00000","2016000000","人","35486","従業者数　うち常用雇用者　総数","総数","総数","5～9人","61無店舗小売業"
"893","000","0000","0070","13500","00000","2016000000","人","94440","従業者数　うち常用雇用者　総数","総数","総数","5～9人","J金融業，保険業"
"893","000","0000","0070","13510","00000","2016000000","人","17701","従業者数　うち常用雇用者　総数","総数","総数","5～9人","62銀行業"
"893","000","0000","0070","13560","00000","2016000000","人","23009","従業者数　うち常用雇用者　総数","総数","総数","5～9人","63協同組織金融業"
"893","000","0000","0070","13600","00000","2016000000","人","4575","従業者数　うち常用雇用者　総数","総数","総数","5～9人","64貸金業，クレジットカード業等非預金信用機関"
"893","000","0000","0070","13660","00000","2016000000","人","3808","従業者数　うち常用雇用者　総数","総数","総数","5～9人","65金融商品取引業，商品先物取引業"
"893","000","0000","0070","13700","00000","2016000000","人","3150","従業者数　うち常用雇用者　総数","総数","総数","5～9人","66補助的金融業等"
"893","000","0000","0070","13750","00000","2016000000","人","41802","従業者数　うち常用雇用者　総数","総数","総数","5～9人","67保険業（保険媒介代理業，保険サービス業を含む）"
"893","000","0000","0070","13820","00000","2016000000","人","155080","従業者数　うち常用雇用者　総数","総数","総数","5～9人","K不動産業，物品賃貸業"
"893","000","0000","0070","13830","00000","2016000000","人","103857","従業者数　うち常用雇用者　総数","総数","総数","5～9人","K1不動産業"
"893","000","0000","0070","13840","00000","2016000000","人","54279","従業者数　うち常用雇用者　総数","総数","総数","5～9人","68不動産取引業"
"893","000","0000","0070","13930","00000","2016000000","人","49138","従業者数　うち常用雇用者　総数","総数","総数","5～9人","69不動産賃貸業・管理業"
"893","000","0000","0070","14080","00000","2016000000","人","51223","従業者数　うち常用雇用者　総数","総数","総数","5～9人","K2物品賃貸業"
"893","000","0000","0070","14090","00000","2016000000","人","51223","従業者数　うち常用雇用者　総数","総数","総数","5～9人","70物品賃貸業"
"893","000","0000","0070","14330","00000","2016000000","人","184615","従業者数　うち常用雇用者　総数","総数","総数","5～9人","L学術研究，専門・技術サービス業"
"893","000","0000","0070","14340","00000","2016000000","人","5275","従業者数　うち常用雇用者　総数","総数","総数","5～9人","71学術・開発研究機関"
"893","000","0000","0070","14440","00000","2016000000","人","88001","従業者数　うち常用雇用者　総数","総数","総数","5～9人","72専門サービス業（他に分類されないもの）"
"893","000","0000","0070","14820","00000","2016000000","人","11581","従業者数　うち常用雇用者　総数","総数","総数","5～9人","73広告業"
"893","000","0000","0070","14880","00000","2016000000","人","79703","従業者数　うち常用雇用者　総数","総数","総数","5～9人","74技術サービス業（他に分類されないもの）"
"893","000","0000","0070","15140","00000","2016000000","人","689274","従業者数　うち常用雇用者　総数","総数","総数","5～9人","M宿泊業，飲食サービス業"
"893","000","0000","0070","15150","00000","2016000000","人","45684","従業者数　うち常用雇用者　総数","総数","総数","5～9人","M1宿泊業"
"893","000","0000","0070","15160","00000","2016000000","人","45684","従業者数　うち常用雇用者　総数","総数","総数","5～9人","75宿泊業"
"893","000","0000","0070","15320","00000","2016000000","人","643590","従業者数　うち常用雇用者　総数","総数","総数","5～9人","M2飲食店，持ち帰り・配達飲食サービス業"
"893","000","0000","0070","15330","00000","2016000000","人","524774","従業者数　うち常用雇用者　総数","総数","総数","5～9人","76飲食店"
"893","000","0000","0070","15670","00000","2016000000","人","118293","従業者数　うち常用雇用者　総数","総数","総数","5～9人","77持ち帰り・配達飲食サービス業"
"893","000","0000","0070","15750","00000","2016000000","人","264957","従業者数　うち常用雇用者　総数","総数","総数","5～9人","N生活関連サービス業，娯楽業"
"893","000","0000","0070","15760","00000","2016000000","人","146307","従業者数　うち常用雇用者　総数","総数","総数","5～9人","78洗濯・理容・美容・浴場業"
"893","000","0000","0070","16000","00000","2016000000","人","57157","従業者数　うち常用雇用者　総数","総数","総数","5～9人","79その他の生活関連サービス業"
"893","000","0000","0070","16280","00000","2016000000","人","61381","従業者数　うち常用雇用者　総数","総数","総数","5～9人","80娯楽業"
"893","000","0000","0070","16890","00000","2016000000","人","130880","従業者数　うち常用雇用者　総数","総数","総数","5～9人","O教育，学習支援業"
"893","000","0000","0070","16900","00000","2016000000","人","15310","従業者数　うち常用雇用者　総数","総数","総数","5～9人","O1教育，学習支援業（学校教育）"
"893","000","0000","0070","16910","00000","2016000000","人","15310","従業者数　うち常用雇用者　総数","総数","総数","5～9人","81学校教育"
"893","000","0000","0070","17160","00000","2016000000","人","115570","従業者数　うち常用雇用者　総数","総数","総数","5～9人","O2教育，学習支援業（その他の教育，学習支援業）"
"893","000","0000","0070","17170","00000","2016000000","人","115570","従業者数　うち常用雇用者　総数","総数","総数","5～9人","82その他の教育，学習支援業"
"893","000","0000","0070","17570","00000","2016000000","人","733381","従業者数　うち常用雇用者　総数","総数","総数","5～9人","P医療，福祉"
"893","000","0000","0070","17580","00000","2016000000","人","449222","従業者数　うち常用雇用者　総数","総数","総数","5～9人","83医療業"
"893","000","0000","0070","17830","00000","2016000000","人","1989","従業者数　うち常用雇用者　総数","総数","総数","5～9人","84保健衛生"
"893","000","0000","0070","17960","00000","2016000000","人","281467","従業者数　うち常用雇用者　総数","総数","総数","5～9人","85社会保険・社会福祉・介護事業"
"893","000","0000","0070","18300","00000","2016000000","人","75578","従業者数　うち常用雇用者　総数","総数","総数","5～9人","Q複合サービス事業"
"893","000","0000","0070","18310","00000","2016000000","人","56251","従業者数　うち常用雇用者　総数","総数","総数","5～9人","Q1複合サービス事業（郵便局）"
"893","000","0000","0070","18320","00000","2016000000","人","56251","従業者数　うち常用雇用者　総数","総数","総数","5～9人","86郵便局"
"893","000","0000","0070","18370","00000","2016000000","人","19327","従業者数　うち常用雇用者　総数","総数","総数","5～9人","Q2複合サービス事業（協同組合）"
"893","000","0000","0070","18380","00000","2016000000","人","19327","従業者数　うち常用雇用者　総数","総数","総数","5～9人","87協同組合（他に分類されないもの）"
"893","000","0000","0070","18480","00000","2016000000","人","275465","従業者数　うち常用雇用者　総数","総数","総数","5～9人","Rサービス業（他に分類されないもの）"
"893","000","0000","0070","18490","00000","2016000000","人","60628","従業者数　うち常用雇用者　総数","総数","総数","5～9人","R1サービス業（政治・経済・文化団体，宗教）"
"893","000","0000","0070","18500","00000","2016000000","人","37820","従業者数　うち常用雇用者　総数","総数","総数","5～9人","93政治・経済・文化団体"
"893","000","0000","0070","18560","00000","2016000000","人","22680","従業者数　うち常用雇用者　総数","総数","総数","5～9人","94宗教"
"893","000","0000","0070","18610","00000","2016000000","人","214837","従業者数　うち常用雇用者　総数","総数","総数","5～9人","R2サービス業（政治・経済・文化団体，宗教を除く）"
"893","000","0000","0070","18620","00000","2016000000","人","30293","従業者数　うち常用雇用者　総数","総数","総数","5～9人","88廃棄物処理業"
"893","000","0000","0070","18810","00000","2016000000","人","43124","従業者数　うち常用雇用者　総数","総数","総数","5～9人","89自動車整備業"
"893","000","0000","0070","18870","00000","2016000000","人","27317","従業者数　うち常用雇用者　総数","総数","総数","5～9人","90機械等修理業（別掲を除く）"
"893","000","0000","0070","19040","00000","2016000000","人","20354","従業者数　うち常用雇用者　総数","総数","総数","5～9人","91職業紹介・労働者派遣業"
"893","000","0000","0070","19120","00000","2016000000","人","85991","従業者数　うち常用雇用者　総数","総数","総数","5～9人","92その他の事業サービス業"
"893","000","0000","0070","19300","00000","2016000000","人","7002","従業者数　うち常用雇用者　総数","総数","総数","5～9人","95その他のサービス業"
"893","000","0000","0080","00010","00000","2016000000","人","7451066","従業者数　うち常用雇用者　総数","総数","総数","10～19人","A～R全産業（Ｓ公務を除く）"
"893","000","0000","0080","00020","00000","2016000000","人","58631","従業者数　うち常用雇用者　総数","総数","総数","10～19人","A～B農林漁業"
"893","000","0000","0080","00030","00000","2016000000","人","49923","従業者数　うち常用雇用者　総数","総数","総数","10～19人","A農業，林業"
"893","000","0000","0080","00040","00000","2016000000","人","41821","従業者数　うち常用雇用者　総数","総数","総数","10～19人","01農業"
"893","000","0000","0080","00320","00000","2016000000","人","8102","従業者数　うち常用雇用者　総数","総数","総数","10～19人","02林業"
"893","000","0000","0080","00500","00000","2016000000","人","8408","従業者数　うち常用雇用者　総数","総数","総数","10～19人","B漁業"
"893","000","0000","0080","00510","00000","2016000000","人","5307","従業者数　うち常用雇用者　総数","総数","総数","10～19人","03漁業（水産養殖業を除く）"
"893","000","0000","0080","00670","00000","2016000000","人","3101","従業者数　うち常用雇用者　総数","総数","総数","10～19人","04水産養殖業"
"893","000","0000","0080","00800","00000","2016000000","人","7392435","従業者数　うち常用雇用者　総数","総数","総数","10～19人","C～R非農林漁業（Ｓ公務を除く）"
"893","000","0000","0080","00810","00000","2016000000","人","3950","従業者数　うち常用雇用者　総数","総数","総数","10～19人","C鉱業，採石業，砂利採取業"
"893","000","0000","0080","00820","00000","2016000000","人","3950","従業者数　うち常用雇用者　総数","総数","総数","10～19人","05鉱業，採石業，砂利採取業"
"893","000","0000","0080","01220","00000","2016000000","人","571967","従業者数　うち常用雇用者　総数","総数","総数","10～19人","D建設業"
"893","000","0000","0080","01230","00000","2016000000","人","289666","従業者数　うち常用雇用者　総数","総数","総数","10～19人","06総合工事業"
"893","000","0000","0080","01310","00000","2016000000","人","126728","従業者数　うち常用雇用者　総数","総数","総数","10～19人","07職別工事業（設備工事業を除く）"
"893","000","0000","0080","01420","00000","2016000000","人","155370","従業者数　うち常用雇用者　総数","総数","総数","10～19人","08設備工事業"
"893","000","0000","0080","01490","00000","2016000000","人","728891","従業者数　うち常用雇用者　総数","総数","総数","10～19人","E製造業"
"893","000","0000","0080","01500","00000","2016000000","人","94382","従業者数　うち常用雇用者　総数","総数","総数","10～19人","09食料品製造業"
"893","000","0000","0080","02040","00000","2016000000","人","15156","従業者数　うち常用雇用者　総数","総数","総数","10～19人","10飲料・たばこ・飼料製造業"
"893","000","0000","0080","02280","00000","2016000000","人","49636","従業者数　うち常用雇用者　総数","総数","総数","10～19人","11繊維工業"
"893","000","0000","0080","03050","00000","2016000000","人","19101","従業者数　うち常用雇用者　総数","総数","総数","10～19人","12木材・木製品製造業（家具を除く）"
"893","000","0000","0080","03310","00000","2016000000","人","15635","従業者数　うち常用雇用者　総数","総数","総数","10～19人","13家具・装備品製造業"
"893","000","0000","0080","03480","00000","2016000000","人","21459","従業者数　うち常用雇用者　総数","総数","総数","10～19人","14パルプ・紙・紙加工品製造業"
"893","000","0000","0080","03730","00000","2016000000","人","39402","従業者数　うち常用雇用者　総数","総数","総数","10～19人","15印刷・同関連業"
"893","000","0000","0080","03880","00000","2016000000","人","18521","従業者数　うち常用雇用者　総数","総数","総数","10～19人","16化学工業"
"893","000","0000","0080","04370","00000","2016000000","人","3252","従業者数　うち常用雇用者　総数","総数","総数","10～19人","17石油製品・石炭製品製造業"
"893","000","0000","0080","04510","00000","2016000000","人","49504","従業者数　うち常用雇用者　総数","総数","総数","10～19人","18プラスチック製品製造業（別掲を除く）"
"893","000","0000","0080","04860","00000","2016000000","人","9809","従業者数　うち常用雇用者　総数","総数","総数","10～19人","19ゴム製品製造業"
"893","000","0000","0080","05070","00000","2016000000","人","5171","従業者数　うち常用雇用者　総数","総数","総数","10～19人","20なめし革・同製品・毛皮製造業"
"893","000","0000","0080","05300","00000","2016000000","人","43898","従業者数　うち常用雇用者　総数","総数","総数","10～19人","21窯業・土石製品製造業"
"893","000","0000","0080","05870","00000","2016000000","人","16426","従業者数　うち常用雇用者　総数","総数","総数","10～19人","22鉄鋼業"
"893","000","0000","0080","06210","00000","2016000000","人","9360","従業者数　うち常用雇用者　総数","総数","総数","10～19人","23非鉄金属製造業"
"893","000","0000","0080","06490","00000","2016000000","人","95242","従業者数　うち常用雇用者　総数","総数","総数","10～19人","24金属製品製造業"
"893","000","0000","0080","06950","00000","2016000000","人","24418","従業者数　うち常用雇用者　総数","総数","総数","10～19人","25はん用機械器具製造業"
"893","000","0000","0080","07220","00000","2016000000","人","63949","従業者数　うち常用雇用者　総数","総数","総数","10～19人","26生産用機械器具製造業"
"893","000","0000","0080","07600","00000","2016000000","人","16040","従業者数　うち常用雇用者　総数","総数","総数","10～19人","27業務用機械器具製造業"
"893","000","0000","0080","07930","00000","2016000000","人","14875","従業者数　うち常用雇用者　総数","総数","総数","10～19人","28電子部品・デバイス・電子回路製造業"
"893","000","0000","0080","08180","00000","2016000000","人","33220","従業者数　うち常用雇用者　総数","総数","総数","10～19人","29電気機械器具製造業"
"893","000","0000","0080","08530","00000","2016000000","人","5594","従業者数　うち常用雇用者　総数","総数","総数","10～19人","30情報通信機械器具製造業"
"893","000","0000","0080","08750","00000","2016000000","人","37521","従業者数　うち常用雇用者　総数","総数","総数","10～19人","31輸送用機械器具製造業"
"893","000","0000","0080","09010","00000","2016000000","人","26676","従業者数　うち常用雇用者　総数","総数","総数","10～19人","32その他の製造業"
"893","000","0000","0080","09500","00000","2016000000","人","11426","従業者数　うち常用雇用者　総数","総数","総数","10～19人","F電気・ガス・熱供給・水道業"
"893","000","0000","0080","09510","00000","2016000000","人","3014","従業者数　うち常用雇用者　総数","総数","総数","10～19人","33電気業"
"893","000","0000","0080","09540","00000","2016000000","人","1415","従業者数　うち常用雇用者　総数","総数","総数","10～19人","34ガス業"
"893","000","0000","0080","09570","00000","2016000000","人","522","従業者数　うち常用雇用者　総数","総数","総数","10～19人","35熱供給業"
"893","000","0000","0080","09600","00000","2016000000","人","6412","従業者数　うち常用雇用者　総数","総数","総数","10～19人","36水道業"
"893","000","0000","0080","09650","00000","2016000000","人","104219","従業者数　うち常用雇用者　総数","総数","総数","10～19人","G情報通信業"
"893","000","0000","0080","09660","00000","2016000000","人","34795","従業者数　うち常用雇用者　総数","総数","総数","10～19人","G1情報通信業（通信業，放送業，映像・音声・文字情報制作業）"
"893","000","0000","0080","09670","00000","2016000000","人","6344","従業者数　うち常用雇用者　総数","総数","総数","10～19人","37通信業"
"893","000","0000","0080","09720","00000","2016000000","人","4184","従業者数　うち常用雇用者　総数","総数","総数","10～19人","38放送業"
"893","000","0000","0080","09780","00000","2016000000","人","24198","従業者数　うち常用雇用者　総数","総数","総数","10～19人","41映像・音声・文字情報制作業"
"893","000","0000","0080","09860","00000","2016000000","人","69424","従業者数　うち常用雇用者　総数","総数","総数","10～19人","G2情報通信業（情報サービス業，インターネット附随サービス業）"
"893","000","0000","0080","09870","00000","2016000000","人","61654","従業者数　うち常用雇用者　総数","総数","総数","10～19人","39情報サービス業"
"893","000","0000","0080","10040","00000","2016000000","人","7737","従業者数　うち常用雇用者　総数","総数","総数","10～19人","40インターネット附随サービス業"
"893","000","0000","0080","10120","00000","2016000000","人","348374","従業者数　うち常用雇用者　総数","総数","総数","10～19人","H運輸業，郵便業"
"893","000","0000","0080","10130","00000","2016000000","人","11360","従業者数　うち常用雇用者　総数","総数","総数","10～19人","42鉄道業"
"893","000","0000","0080","10160","00000","2016000000","人","30016","従業者数　うち常用雇用者　総数","総数","総数","10～19人","43道路旅客運送業"
"893","000","0000","0080","10220","00000","2016000000","人","223821","従業者数　うち常用雇用者　総数","総数","総数","10～19人","44道路貨物運送業"
"893","000","0000","0080","10290","00000","2016000000","人","6565","従業者数　うち常用雇用者　総数","総数","総数","10～19人","45水運業"
"893","000","0000","0080","10350","00000","2016000000","人","1670","従業者数　うち常用雇用者　総数","総数","総数","10～19人","46航空運輸業"
"893","000","0000","0080","10390","00000","2016000000","人","24711","従業者数　うち常用雇用者　総数","総数","総数","10～19人","47倉庫業"
"893","000","0000","0080","10430","00000","2016000000","人","49875","従業者数　うち常用雇用者　総数","総数","総数","10～19人","48運輸に附帯するサービス業"
"893","000","0000","0080","10510","00000","2016000000","人","205","従業者数　うち常用雇用者　総数","総数","総数","10～19人","49郵便業（信書便事業を含む）"
"893","000","0000","0080","10540","00000","2016000000","人","2123352","従業者数　うち常用雇用者　総数","総数","総数","10～19人","I卸売業，小売業"
"893","000","0000","0080","10550","00000","2016000000","人","614632","従業者数　うち常用雇用者　総数","総数","総数","10～19人","I1卸売業"
"893","000","0000","0080","10560","00000","2016000000","人","2619","従業者数　うち常用雇用者　総数","総数","総数","10～19人","50各種商品卸売業"
"893","000","0000","0080","10660","00000","2016000000","人","30199","従業者数　うち常用雇用者　総数","総数","総数","10～19人","51繊維・衣服等卸売業"
"893","000","0000","0080","10850","00000","2016000000","人","124944","従業者数　うち常用雇用者　総数","総数","総数","10～19人","52飲食料品卸売業"
"893","000","0000","0080","11120","00000","2016000000","人","142992","従業者数　うち常用雇用者　総数","総数","総数","10～19人","53建築材料，鉱物・金属材料等卸売業"
"893","000","0000","0080","11430","00000","2016000000","人","183805","従業者数　うち常用雇用者　総数","総数","総数","10～19人","54機械器具卸売業"
"893","000","0000","0080","11650","00000","2016000000","人","129638","従業者数　うち常用雇用者　総数","総数","総数","10～19人","55その他の卸売業"
"893","000","0000","0080","11970","00000","2016000000","人","1508720","従業者数　うち常用雇用者　総数","総数","総数","10～19人","I2小売業"
"893","000","0000","0080","11980","00000","2016000000","人","3506","従業者数　うち常用雇用者　総数","総数","総数","10～19人","56各種商品小売業"
"893","000","0000","0080","12070","00000","2016000000","人","112564","従業者数　うち常用雇用者　総数","総数","総数","10～19人","57織物・衣服・身の回り品小売業"
"893","000","0000","0080","12280","00000","2016000000","人","675244","従業者数　うち常用雇用者　総数","総数","総数","10～19人","58飲食料品小売業"
"893","000","0000","0080","12620","00000","2016000000","人","213573","従業者数　うち常用雇用者　総数","総数","総数","10～19人","59機械器具小売業"
"893","000","0000","0080","12790","00000","2016000000","人","457861","従業者数　うち常用雇用者　総数","総数","総数","10～19人","60その他の小売業"
"893","000","0000","0080","13350","00000","2016000000","人","44485","従業者数　うち常用雇用者　総数","総数","総数","10～19人","61無店舗小売業"
"893","000","0000","0080","13500","00000","2016000000","人","249860","従業者数　うち常用雇用者　総数","総数","総数","10～19人","J金融業，保険業"
"893","000","0000","0080","13510","00000","2016000000","人","76753","従業者数　うち常用雇用者　総数","総数","総数","10～19人","62銀行業"
"893","000","0000","0080","13560","00000","2016000000","人","70720","従業者数　うち常用雇用者　総数","総数","総数","10～19人","63協同組織金融業"
"893","000","0000","0080","13600","00000","2016000000","人","8643","従業者数　うち常用雇用者　総数","総数","総数","10～19人","64貸金業，クレジットカード業等非預金信用機関"
"893","000","0000","0080","13660","00000","2016000000","人","8247","従業者数　うち常用雇用者　総数","総数","総数","10～19人","65金融商品取引業，商品先物取引業"
"893","000","0000","0080","13700","00000","2016000000","人","3284","従業者数　うち常用雇用者　総数","総数","総数","10～19人","66補助的金融業等"
"893","000","0000","0080","13750","00000","2016000000","人","81594","従業者数　うち常用雇用者　総数","総数","総数","10～19人","67保険業（保険媒介代理業，保険サービス業を含む）"
"893","000","0000","0080","13820","00000","2016000000","人","149645","従業者数　うち常用雇用者　総数","総数","総数","10～19人","K不動産業，物品賃貸業"
"893","000","0000","0080","13830","00000","2016000000","人","90229","従業者数　うち常用雇用者　総数","総数","総数","10～19人","K1不動産業"
"893","000","0000","0080","13840","00000","2016000000","人","36628","従業者数　うち常用雇用者　総数","総数","総数","10～19人","68不動産取引業"
"893","000","0000","0080","13930","00000","2016000000","人","53187","従業者数　うち常用雇用者　総数","総数","総数","10～19人","69不動産賃貸業・管理業"
"893","000","0000","0080","14080","00000","2016000000","人","59416","従業者数　うち常用雇用者　総数","総数","総数","10～19人","K2物品賃貸業"
"893","000","0000","0080","14090","00000","2016000000","人","59416","従業者数　うち常用雇用者　総数","総数","総数","10～19人","70物品賃貸業"
"893","000","0000","0080","14330","00000","2016000000","人","185047","従業者数　うち常用雇用者　総数","総数","総数","10～19人","L学術研究，専門・技術サービス業"
"893","000","0000","0080","14340","00000","2016000000","人","9810","従業者数　うち常用雇用者　総数","総数","総数","10～19人","71学術・開発研究機関"
"893","000","0000","0080","14440","00000","2016000000","人","69600","従業者数　うち常用雇用者　総数","総数","総数","10～19人","72専門サービス業（他に分類されないもの）"
"893","000","0000","0080","14820","00000","2016000000","人","14899","従業者数　うち常用雇用者　総数","総数","総数","10～19人","73広告業"
"893","000","0000","0080","14880","00000","2016000000","人","90651","従業者数　うち常用雇用者　総数","総数","総数","10～19人","74技術サービス業（他に分類されないもの）"
"893","000","0000","0080","15140","00000","2016000000","人","1021297","従業者数　うち常用雇用者　総数","総数","総数","10～19人","M宿泊業，飲食サービス業"
"893","000","0000","0080","15150","00000","2016000000","人","82628","従業者数　うち常用雇用者　総数","総数","総数","10～19人","M1宿泊業"
"893","000","0000","0080","15160","00000","2016000000","人","82628","従業者数　うち常用雇用者　総数","総数","総数","10～19人","75宿泊業"
"893","000","0000","0080","15320","00000","2016000000","人","938669","従業者数　うち常用雇用者　総数","総数","総数","10～19人","M2飲食店，持ち帰り・配達飲食サービス業"
"893","000","0000","0080","15330","00000","2016000000","人","800072","従業者数　うち常用雇用者　総数","総数","総数","10～19人","76飲食店"
"893","000","0000","0080","15670","00000","2016000000","人","137622","従業者数　うち常用雇用者　総数","総数","総数","10～19人","77持ち帰り・配達飲食サービス業"
"893","000","0000","0080","15750","00000","2016000000","人","311079","従業者数　うち常用雇用者　総数","総数","総数","10～19人","N生活関連サービス業，娯楽業"
"893","000","0000","0080","15760","00000","2016000000","人","106460","従業者数　うち常用雇用者　総数","総数","総数","10～19人","78洗濯・理容・美容・浴場業"
"893","000","0000","0080","16000","00000","2016000000","人","56958","従業者数　うち常用雇用者　総数","総数","総数","10～19人","79その他の生活関連サービス業"
"893","000","0000","0080","16280","00000","2016000000","人","147410","従業者数　うち常用雇用者　総数","総数","総数","10～19人","80娯楽業"
"893","000","0000","0080","16890","00000","2016000000","人","212453","従業者数　うち常用雇用者　総数","総数","総数","10～19人","O教育，学習支援業"
"893","000","0000","0080","16900","00000","2016000000","人","74085","従業者数　うち常用雇用者　総数","総数","総数","10～19人","O1教育，学習支援業（学校教育）"
"893","000","0000","0080","16910","00000","2016000000","人","74085","従業者数　うち常用雇用者　総数","総数","総数","10～19人","81学校教育"
"893","000","0000","0080","17160","00000","2016000000","人","138368","従業者数　うち常用雇用者　総数","総数","総数","10～19人","O2教育，学習支援業（その他の教育，学習支援業）"
"893","000","0000","0080","17170","00000","2016000000","人","138368","従業者数　うち常用雇用者　総数","総数","総数","10～19人","82その他の教育，学習支援業"
"893","000","0000","0080","17570","00000","2016000000","人","943050","従業者数　うち常用雇用者　総数","総数","総数","10～19人","P医療，福祉"
"893","000","0000","0080","17580","00000","2016000000","人","332649","従業者数　うち常用雇用者　総数","総数","総数","10～19人","83医療業"
"893","000","0000","0080","17830","00000","2016000000","人","3632","従業者数　うち常用雇用者　総数","総数","総数","10～19人","84保健衛生"
"893","000","0000","0080","17960","00000","2016000000","人","605182","従業者数　うち常用雇用者　総数","総数","総数","10～19人","85社会保険・社会福祉・介護事業"
"893","000","0000","0080","18300","00000","2016000000","人","64165","従業者数　うち常用雇用者　総数","総数","総数","10～19人","Q複合サービス事業"
"893","000","0000","0080","18310","00000","2016000000","人","17410","従業者数　うち常用雇用者　総数","総数","総数","10～19人","Q1複合サービス事業（郵便局）"
"893","000","0000","0080","18320","00000","2016000000","人","17410","従業者数　うち常用雇用者　総数","総数","総数","10～19人","86郵便局"
"893","000","0000","0080","18370","00000","2016000000","人","46755","従業者数　うち常用雇用者　総数","総数","総数","10～19人","Q2複合サービス事業（協同組合）"
"893","000","0000","0080","18380","00000","2016000000","人","46755","従業者数　うち常用雇用者　総数","総数","総数","10～19人","87協同組合（他に分類されないもの）"
"893","000","0000","0080","18480","00000","2016000000","人","363660","従業者数　うち常用雇用者　総数","総数","総数","10～19人","Rサービス業（他に分類されないもの）"
"893","000","0000","0080","18490","00000","2016000000","人","50281","従業者数　うち常用雇用者　総数","総数","総数","10～19人","R1サービス業（政治・経済・文化団体，宗教）"
"893","000","0000","0080","18500","00000","2016000000","人","37730","従業者数　うち常用雇用者　総数","総数","総数","10～19人","93政治・経済・文化団体"
"893","000","0000","0080","18560","00000","2016000000","人","12371","従業者数　うち常用雇用者　総数","総数","総数","10～19人","94宗教"
"893","000","0000","0080","18610","00000","2016000000","人","313379","従業者数　うち常用雇用者　総数","総数","総数","10～19人","R2サービス業（政治・経済・文化団体，宗教を除く）"
"893","000","0000","0080","18620","00000","2016000000","人","48959","従業者数　うち常用雇用者　総数","総数","総数","10～19人","88廃棄物処理業"
"893","000","0000","0080","18810","00000","2016000000","人","35333","従業者数　うち常用雇用者　総数","総数","総数","10～19人","89自動車整備業"
"893","000","0000","0080","18870","00000","2016000000","人","33723","従業者数　うち常用雇用者　総数","総数","総数","10～19人","90機械等修理業（別掲を除く）"
"893","000","0000","0080","19040","00000","2016000000","人","29395","従業者数　うち常用雇用者　総数","総数","総数","10～19人","91職業紹介・労働者派遣業"
"893","000","0000","0080","19120","00000","2016000000","人","156814","従業者数　うち常用雇用者　総数","総数","総数","10～19人","92その他の事業サービス業"
"893","000","0000","0080","19300","00000","2016000000","人","8125","従業者数　うち常用雇用者　総数","総数","総数","10～19人","95その他のサービス業"
"893","000","0000","0090","00010","00000","2016000000","人","4882773","従業者数　うち常用雇用者　総数","総数","総数","20～29人","A～R全産業（Ｓ公務を除く）"
"893","000","0000","0090","00020","00000","2016000000","人","34508","従業者数　うち常用雇用者　総数","総数","総数","20～29人","A～B農林漁業"
"893","000","0000","0090","00030","00000","2016000000","人","30522","従業者数　うち常用雇用者　総数","総数","総数","20～29人","A農業，林業"
"893","000","0000","0090","00040","00000","2016000000","人","24670","従業者数　うち常用雇用者　総数","総数","総数","20～29人","01農業"
"893","000","0000","0090","00320","00000","2016000000","人","5852","従業者数　うち常用雇用者　総数","総数","総数","20～29人","02林業"
"893","000","0000","0090","00500","00000","2016000000","人","3911","従業者数　うち常用雇用者　総数","総数","総数","20～29人","B漁業"
"893","000","0000","0090","00510","00000","2016000000","人","2703","従業者数　うち常用雇用者　総数","総数","総数","20～29人","03漁業（水産養殖業を除く）"
"893","000","0000","0090","00670","00000","2016000000","人","1208","従業者数　うち常用雇用者　総数","総数","総数","20～29人","04水産養殖業"
"893","000","0000","0090","00800","00000","2016000000","人","4848265","従業者数　うち常用雇用者　総数","総数","総数","20～29人","C～R非農林漁業（Ｓ公務を除く）"
"893","000","0000","0090","00810","00000","2016000000","人","2174","従業者数　うち常用雇用者　総数","総数","総数","20～29人","C鉱業，採石業，砂利採取業"
"893","000","0000","0090","00820","00000","2016000000","人","2174","従業者数　うち常用雇用者　総数","総数","総数","20～29人","05鉱業，採石業，砂利採取業"
"893","000","0000","0090","01220","00000","2016000000","人","302146","従業者数　うち常用雇用者　総数","総数","総数","20～29人","D建設業"
"893","000","0000","0090","01230","00000","2016000000","人","159961","従業者数　うち常用雇用者　総数","総数","総数","20～29人","06総合工事業"
"893","000","0000","0090","01310","00000","2016000000","人","57404","従業者数　うち常用雇用者　総数","総数","総数","20～29人","07職別工事業（設備工事業を除く）"
"893","000","0000","0090","01420","00000","2016000000","人","84714","従業者数　うち常用雇用者　総数","総数","総数","20～29人","08設備工事業"
"893","000","0000","0090","01490","00000","2016000000","人","587744","従業者数　うち常用雇用者　総数","総数","総数","20～29人","E製造業"
"893","000","0000","0090","01500","00000","2016000000","人","86046","従業者数　うち常用雇用者　総数","総数","総数","20～29人","09食料品製造業"
"893","000","0000","0090","02040","00000","2016000000","人","11317","従業者数　うち常用雇用者　総数","総数","総数","20～29人","10飲料・たばこ・飼料製造業"
"893","000","0000","0090","02280","00000","2016000000","人","30861","従業者数　うち常用雇用者　総数","総数","総数","20～29人","11繊維工業"
"893","000","0000","0090","03050","00000","2016000000","人","12772","従業者数　うち常用雇用者　総数","総数","総数","20～29人","12木材・木製品製造業（家具を除く）"
"893","000","0000","0090","03310","00000","2016000000","人","9914","従業者数　うち常用雇用者　総数","総数","総数","20～29人","13家具・装備品製造業"
"893","000","0000","0090","03480","00000","2016000000","人","20474","従業者数　うち常用雇用者　総数","総数","総数","20～29人","14パルプ・紙・紙加工品製造業"
"893","000","0000","0090","03730","00000","2016000000","人","30098","従業者数　うち常用雇用者　総数","総数","総数","20～29人","15印刷・同関連業"
"893","000","0000","0090","03880","00000","2016000000","人","19360","従業者数　うち常用雇用者　総数","総数","総数","20～29人","16化学工業"
"893","000","0000","0090","04370","00000","2016000000","人","1700","従業者数　うち常用雇用者　総数","総数","総数","20～29人","17石油製品・石炭製品製造業"
"893","000","0000","0090","04510","00000","2016000000","人","42261","従業者数　うち常用雇用者　総数","総数","総数","20～29人","18プラスチック製品製造業（別掲を除く）"
"893","000","0000","0090","04860","00000","2016000000","人","8109","従業者数　うち常用雇用者　総数","総数","総数","20～29人","19ゴム製品製造業"
"893","000","0000","0090","05070","00000","2016000000","人","3046","従業者数　うち常用雇用者　総数","総数","総数","20～29人","20なめし革・同製品・毛皮製造業"
"893","000","0000","0090","05300","00000","2016000000","人","32415","従業者数　うち常用雇用者　総数","総数","総数","20～29人","21窯業・土石製品製造業"
"893","000","0000","0090","05870","00000","2016000000","人","13967","従業者数　うち常用雇用者　総数","総数","総数","20～29人","22鉄鋼業"
"893","000","0000","0090","06210","00000","2016000000","人","7704","従業者数　うち常用雇用者　総数","総数","総数","20～29人","23非鉄金属製造業"
"893","000","0000","0090","06490","00000","2016000000","人","70804","従業者数　うち常用雇用者　総数","総数","総数","20～29人","24金属製品製造業"
"893","000","0000","0090","06950","00000","2016000000","人","19538","従業者数　うち常用雇用者　総数","総数","総数","20～29人","25はん用機械器具製造業"
"893","000","0000","0090","07220","00000","2016000000","人","49835","従業者数　うち常用雇用者　総数","総数","総数","20～29人","26生産用機械器具製造業"
"893","000","0000","0090","07600","00000","2016000000","人","14191","従業者数　うち常用雇用者　総数","総数","総数","20～29人","27業務用機械器具製造業"
"893","000","0000","0090","07930","00000","2016000000","人","14567","従業者数　うち常用雇用者　総数","総数","総数","20～29人","28電子部品・デバイス・電子回路製造業"
"893","000","0000","0090","08180","00000","2016000000","人","29108","従業者数　うち常用雇用者　総数","総数","総数","20～29人","29電気機械器具製造業"
"893","000","0000","0090","08530","00000","2016000000","人","6682","従業者数　うち常用雇用者　総数","総数","総数","20～29人","30情報通信機械器具製造業"
"893","000","0000","0090","08750","00000","2016000000","人","35541","従業者数　うち常用雇用者　総数","総数","総数","20～29人","31輸送用機械器具製造業"
"893","000","0000","0090","09010","00000","2016000000","人","16850","従業者数　うち常用雇用者　総数","総数","総数","20～29人","32その他の製造業"
"893","000","0000","0090","09500","00000","2016000000","人","9251","従業者数　うち常用雇用者　総数","総数","総数","20～29人","F電気・ガス・熱供給・水道業"
"893","000","0000","0090","09510","00000","2016000000","人","4172","従業者数　うち常用雇用者　総数","総数","総数","20～29人","33電気業"
"893","000","0000","0090","09540","00000","2016000000","人","1079","従業者数　うち常用雇用者　総数","総数","総数","20～29人","34ガス業"
"893","000","0000","0090","09570","00000","2016000000","人","112","従業者数　うち常用雇用者　総数","総数","総数","20～29人","35熱供給業"
"893","000","0000","0090","09600","00000","2016000000","人","3864","従業者数　うち常用雇用者　総数","総数","総数","20～29人","36水道業"
"893","000","0000","0090","09650","00000","2016000000","人","84178","従業者数　うち常用雇用者　総数","総数","総数","20～29人","G情報通信業"
"893","000","0000","0090","09660","00000","2016000000","人","23510","従業者数　うち常用雇用者　総数","総数","総数","20～29人","G1情報通信業（通信業，放送業，映像・音声・文字情報制作業）"
"893","000","0000","0090","09670","00000","2016000000","人","4614","従業者数　うち常用雇用者　総数","総数","総数","20～29人","37通信業"
"893","000","0000","0090","09720","00000","2016000000","人","2773","従業者数　うち常用雇用者　総数","総数","総数","20～29人","38放送業"
"893","000","0000","0090","09780","00000","2016000000","人","16079","従業者数　うち常用雇用者　総数","総数","総数","20～29人","41映像・音声・文字情報制作業"
"893","000","0000","0090","09860","00000","2016000000","人","60668","従業者数　うち常用雇用者　総数","総数","総数","20～29人","G2情報通信業（情報サービス業，インターネット附随サービス業）"
"893","000","0000","0090","09870","00000","2016000000","人","55189","従業者数　うち常用雇用者　総数","総数","総数","20～29人","39情報サービス業"
"893","000","0000","0090","10040","00000","2016000000","人","5454","従業者数　うち常用雇用者　総数","総数","総数","20～29人","40インターネット附随サービス業"
"893","000","0000","0090","10120","00000","2016000000","人","311137","従業者数　うち常用雇用者　総数","総数","総数","20～29人","H運輸業，郵便業"
"893","000","0000","0090","10130","00000","2016000000","人","9694","従業者数　うち常用雇用者　総数","総数","総数","20～29人","42鉄道業"
"893","000","0000","0090","10160","00000","2016000000","人","30251","従業者数　うち常用雇用者　総数","総数","総数","20～29人","43道路旅客運送業"
"893","000","0000","0090","10220","00000","2016000000","人","210950","従業者数　うち常用雇用者　総数","総数","総数","20～29人","44道路貨物運送業"
"893","000","0000","0090","10290","00000","2016000000","人","3968","従業者数　うち常用雇用者　総数","総数","総数","20～29人","45水運業"
"893","000","0000","0090","10350","00000","2016000000","人","826","従業者数　うち常用雇用者　総数","総数","総数","20～29人","46航空運輸業"
"893","000","0000","0090","10390","00000","2016000000","人","18974","従業者数　うち常用雇用者　総数","総数","総数","20～29人","47倉庫業"
"893","000","0000","0090","10430","00000","2016000000","人","36258","従業者数　うち常用雇用者　総数","総数","総数","20～29人","48運輸に附帯するサービス業"
"893","000","0000","0090","10510","00000","2016000000","人","146","従業者数　うち常用雇用者　総数","総数","総数","20～29人","49郵便業（信書便事業を含む）"
"893","000","0000","0090","10540","00000","2016000000","人","1159430","従業者数　うち常用雇用者　総数","総数","総数","20～29人","I卸売業，小売業"
"893","000","0000","0090","10550","00000","2016000000","人","361685","従業者数　うち常用雇用者　総数","総数","総数","20～29人","I1卸売業"
"893","000","0000","0090","10560","00000","2016000000","人","2060","従業者数　うち常用雇用者　総数","総数","総数","20～29人","50各種商品卸売業"
"893","000","0000","0090","10660","00000","2016000000","人","19962","従業者数　うち常用雇用者　総数","総数","総数","20～29人","51繊維・衣服等卸売業"
"893","000","0000","0090","10850","00000","2016000000","人","82833","従業者数　うち常用雇用者　総数","総数","総数","20～29人","52飲食料品卸売業"
"893","000","0000","0090","11120","00000","2016000000","人","68928","従業者数　うち常用雇用者　総数","総数","総数","20～29人","53建築材料，鉱物・金属材料等卸売業"
"893","000","0000","0090","11430","00000","2016000000","人","103244","従業者数　うち常用雇用者　総数","総数","総数","20～29人","54機械器具卸売業"
"893","000","0000","0090","11650","00000","2016000000","人","84451","従業者数　うち常用雇用者　総数","総数","総数","20～29人","55その他の卸売業"
"893","000","0000","0090","11970","00000","2016000000","人","797745","従業者数　うち常用雇用者　総数","総数","総数","20～29人","I2小売業"
"893","000","0000","0090","11980","00000","2016000000","人","1621","従業者数　うち常用雇用者　総数","総数","総数","20～29人","56各種商品小売業"
"893","000","0000","0090","12070","00000","2016000000","人","37142","従業者数　うち常用雇用者　総数","総数","総数","20～29人","57織物・衣服・身の回り品小売業"
"893","000","0000","0090","12280","00000","2016000000","人","364319","従業者数　うち常用雇用者　総数","総数","総数","20～29人","58飲食料品小売業"
"893","000","0000","0090","12620","00000","2016000000","人","113539","従業者数　うち常用雇用者　総数","総数","総数","20～29人","59機械器具小売業"
"893","000","0000","0090","12790","00000","2016000000","人","249938","従業者数　うち常用雇用者　総数","総数","総数","20～29人","60その他の小売業"
"893","000","0000","0090","13350","00000","2016000000","人","30598","従業者数　うち常用雇用者　総数","総数","総数","20～29人","61無店舗小売業"
"893","000","0000","0090","13500","00000","2016000000","人","192965","従業者数　うち常用雇用者　総数","総数","総数","20～29人","J金融業，保険業"
"893","000","0000","0090","13510","00000","2016000000","人","67363","従業者数　うち常用雇用者　総数","総数","総数","20～29人","62銀行業"
"893","000","0000","0090","13560","00000","2016000000","人","25590","従業者数　うち常用雇用者　総数","総数","総数","20～29人","63協同組織金融業"
"893","000","0000","0090","13600","00000","2016000000","人","4542","従業者数　うち常用雇用者　総数","総数","総数","20～29人","64貸金業，クレジットカード業等非預金信用機関"
"893","000","0000","0090","13660","00000","2016000000","人","6526","従業者数　うち常用雇用者　総数","総数","総数","20～29人","65金融商品取引業，商品先物取引業"
"893","000","0000","0090","13700","00000","2016000000","人","2282","従業者数　うち常用雇用者　総数","総数","総数","20～29人","66補助的金融業等"
"893","000","0000","0090","13750","00000","2016000000","人","86371","従業者数　うち常用雇用者　総数","総数","総数","20～29人","67保険業（保険媒介代理業，保険サービス業を含む）"
"893","000","0000","0090","13820","00000","2016000000","人","78342","従業者数　うち常用雇用者　総数","総数","総数","20～29人","K不動産業，物品賃貸業"
"893","000","0000","0090","13830","00000","2016000000","人","48460","従業者数　うち常用雇用者　総数","総数","総数","20～29人","K1不動産業"
"893","000","0000","0090","13840","00000","2016000000","人","15471","従業者数　うち常用雇用者　総数","総数","総数","20～29人","68不動産取引業"
"893","000","0000","0090","13930","00000","2016000000","人","32598","従業者数　うち常用雇用者　総数","総数","総数","20～29人","69不動産賃貸業・管理業"
"893","000","0000","0090","14080","00000","2016000000","人","29882","従業者数　うち常用雇用者　総数","総数","総数","20～29人","K2物品賃貸業"
"893","000","0000","0090","14090","00000","2016000000","人","29882","従業者数　うち常用雇用者　総数","総数","総数","20～29人","70物品賃貸業"
"893","000","0000","0090","14330","00000","2016000000","人","103340","従業者数　うち常用雇用者　総数","総数","総数","20～29人","L学術研究，専門・技術サービス業"
"893","000","0000","0090","14340","00000","2016000000","人","8883","従業者数　うち常用雇用者　総数","総数","総数","20～29人","71学術・開発研究機関"
"893","000","0000","0090","14440","00000","2016000000","人","29136","従業者数　うち常用雇用者　総数","総数","総数","20～29人","72専門サービス業（他に分類されないもの）"
"893","000","0000","0090","14820","00000","2016000000","人","8410","従業者数　うち常用雇用者　総数","総数","総数","20～29人","73広告業"
"893","000","0000","0090","14880","00000","2016000000","人","56890","従業者数　うち常用雇用者　総数","総数","総数","20～29人","74技術サービス業（他に分類されないもの）"
"893","000","0000","0090","15140","00000","2016000000","人","726168","従業者数　うち常用雇用者　総数","総数","総数","20～29人","M宿泊業，飲食サービス業"
"893","000","0000","0090","15150","00000","2016000000","人","58576","従業者数　うち常用雇用者　総数","総数","総数","20～29人","M1宿泊業"
"893","000","0000","0090","15160","00000","2016000000","人","58576","従業者数　うち常用雇用者　総数","総数","総数","20～29人","75宿泊業"
"893","000","0000","0090","15320","00000","2016000000","人","667592","従業者数　うち常用雇用者　総数","総数","総数","20～29人","M2飲食店，持ち帰り・配達飲食サービス業"
"893","000","0000","0090","15330","00000","2016000000","人","602284","従業者数　うち常用雇用者　総数","総数","総数","20～29人","76飲食店"
"893","000","0000","0090","15670","00000","2016000000","人","64391","従業者数　うち常用雇用者　総数","総数","総数","20～29人","77持ち帰り・配達飲食サービス業"
"893","000","0000","0090","15750","00000","2016000000","人","206376","従業者数　うち常用雇用者　総数","総数","総数","20～29人","N生活関連サービス業，娯楽業"
"893","000","0000","0090","15760","00000","2016000000","人","46886","従業者数　うち常用雇用者　総数","総数","総数","20～29人","78洗濯・理容・美容・浴場業"
"893","000","0000","0090","16000","00000","2016000000","人","32938","従業者数　うち常用雇用者　総数","総数","総数","20～29人","79その他の生活関連サービス業"
"893","000","0000","0090","16280","00000","2016000000","人","126438","従業者数　うち常用雇用者　総数","総数","総数","20～29人","80娯楽業"
"893","000","0000","0090","16890","00000","2016000000","人","163781","従業者数　うち常用雇用者　総数","総数","総数","20～29人","O教育，学習支援業"
"893","000","0000","0090","16900","00000","2016000000","人","85932","従業者数　うち常用雇用者　総数","総数","総数","20～29人","O1教育，学習支援業（学校教育）"
"893","000","0000","0090","16910","00000","2016000000","人","85932","従業者数　うち常用雇用者　総数","総数","総数","20～29人","81学校教育"
"893","000","0000","0090","17160","00000","2016000000","人","77849","従業者数　うち常用雇用者　総数","総数","総数","20～29人","O2教育，学習支援業（その他の教育，学習支援業）"
"893","000","0000","0090","17170","00000","2016000000","人","77849","従業者数　うち常用雇用者　総数","総数","総数","20～29人","82その他の教育，学習支援業"
"893","000","0000","0090","17570","00000","2016000000","人","639665","従業者数　うち常用雇用者　総数","総数","総数","20～29人","P医療，福祉"
"893","000","0000","0090","17580","00000","2016000000","人","134197","従業者数　うち常用雇用者　総数","総数","総数","20～29人","83医療業"
"893","000","0000","0090","17830","00000","2016000000","人","2570","従業者数　うち常用雇用者　総数","総数","総数","20～29人","84保健衛生"
"893","000","0000","0090","17960","00000","2016000000","人","502205","従業者数　うち常用雇用者　総数","総数","総数","20～29人","85社会保険・社会福祉・介護事業"
"893","000","0000","0090","18300","00000","2016000000","人","21660","従業者数　うち常用雇用者　総数","総数","総数","20～29人","Q複合サービス事業"
"893","000","0000","0090","18310","00000","2016000000","人","1813","従業者数　うち常用雇用者　総数","総数","総数","20～29人","Q1複合サービス事業（郵便局）"
"893","000","0000","0090","18320","00000","2016000000","人","1813","従業者数　うち常用雇用者　総数","総数","総数","20～29人","86郵便局"
"893","000","0000","0090","18370","00000","2016000000","人","19847","従業者数　うち常用雇用者　総数","総数","総数","20～29人","Q2複合サービス事業（協同組合）"
"893","000","0000","0090","18380","00000","2016000000","人","19847","従業者数　うち常用雇用者　総数","総数","総数","20～29人","87協同組合（他に分類されないもの）"
"893","000","0000","0090","18480","00000","2016000000","人","259908","従業者数　うち常用雇用者　総数","総数","総数","20～29人","Rサービス業（他に分類されないもの）"
"893","000","0000","0090","18490","00000","2016000000","人","23709","従業者数　うち常用雇用者　総数","総数","総数","20～29人","R1サービス業（政治・経済・文化団体，宗教）"
"893","000","0000","0090","18500","00000","2016000000","人","18087","従業者数　うち常用雇用者　総数","総数","総数","20～29人","93政治・経済・文化団体"
"893","000","0000","0090","18560","00000","2016000000","人","5600","従業者数　うち常用雇用者　総数","総数","総数","20～29人","94宗教"
"893","000","0000","0090","18610","00000","2016000000","人","236199","従業者数　うち常用雇用者　総数","総数","総数","20～29人","R2サービス業（政治・経済・文化団体，宗教を除く）"
"893","000","0000","0090","18620","00000","2016000000","人","35882","従業者数　うち常用雇用者　総数","総数","総数","20～29人","88廃棄物処理業"
"893","000","0000","0090","18810","00000","2016000000","人","14391","従業者数　うち常用雇用者　総数","総数","総数","20～29人","89自動車整備業"
"893","000","0000","0090","18870","00000","2016000000","人","19402","従業者数　うち常用雇用者　総数","総数","総数","20～29人","90機械等修理業（別掲を除く）"
"893","000","0000","0090","19040","00000","2016000000","人","26491","従業者数　うち常用雇用者　総数","総数","総数","20～29人","91職業紹介・労働者派遣業"
"893","000","0000","0090","19120","00000","2016000000","人","135936","従業者数　うち常用雇用者　総数","総数","総数","20～29人","92その他の事業サービス業"
"893","000","0000","0090","19300","00000","2016000000","人","3513","従業者数　うち常用雇用者　総数","総数","総数","20～29人","95その他のサービス業"
"893","000","0000","0100","00010","00000","2016000000","人","5570235","従業者数　うち常用雇用者　総数","総数","総数","30～49人","A～R全産業（Ｓ公務を除く）"
"893","000","0000","0100","00020","00000","2016000000","人","33152","従業者数　うち常用雇用者　総数","総数","総数","30～49人","A～B農林漁業"
"893","000","0000","0100","00030","00000","2016000000","人","28982","従業者数　うち常用雇用者　総数","総数","総数","30～49人","A農業，林業"
"893","000","0000","0100","00040","00000","2016000000","人","23451","従業者数　うち常用雇用者　総数","総数","総数","30～49人","01農業"
"893","000","0000","0100","00320","00000","2016000000","人","5531","従業者数　うち常用雇用者　総数","総数","総数","30～49人","02林業"
"893","000","0000","0100","00500","00000","2016000000","人","4071","従業者数　うち常用雇用者　総数","総数","総数","30～49人","B漁業"
"893","000","0000","0100","00510","00000","2016000000","人","3178","従業者数　うち常用雇用者　総数","総数","総数","30～49人","03漁業（水産養殖業を除く）"
"893","000","0000","0100","00670","00000","2016000000","人","893","従業者数　うち常用雇用者　総数","総数","総数","30～49人","04水産養殖業"
"893","000","0000","0100","00800","00000","2016000000","人","5537083","従業者数　うち常用雇用者　総数","総数","総数","30～49人","C～R非農林漁業（Ｓ公務を除く）"
"893","000","0000","0100","00810","00000","2016000000","人","1938","従業者数　うち常用雇用者　総数","総数","総数","30～49人","C鉱業，採石業，砂利採取業"
"893","000","0000","0100","00820","00000","2016000000","人","1938","従業者数　うち常用雇用者　総数","総数","総数","30～49人","05鉱業，採石業，砂利採取業"
"893","000","0000","0100","01220","00000","2016000000","人","317899","従業者数　うち常用雇用者　総数","総数","総数","30～49人","D建設業"
"893","000","0000","0100","01230","00000","2016000000","人","166939","従業者数　うち常用雇用者　総数","総数","総数","30～49人","06総合工事業"
"893","000","0000","0100","01310","00000","2016000000","人","49981","従業者数　うち常用雇用者　総数","総数","総数","30～49人","07職別工事業（設備工事業を除く）"
"893","000","0000","0100","01420","00000","2016000000","人","100932","従業者数　うち常用雇用者　総数","総数","総数","30～49人","08設備工事業"
"893","000","0000","0100","01490","00000","2016000000","人","785575","従業者数　うち常用雇用者　総数","総数","総数","30～49人","E製造業"
"893","000","0000","0100","01500","00000","2016000000","人","121116","従業者数　うち常用雇用者　総数","総数","総数","30～49人","09食料品製造業"
"893","000","0000","0100","02040","00000","2016000000","人","13335","従業者数　うち常用雇用者　総数","総数","総数","30～49人","10飲料・たばこ・飼料製造業"
"893","000","0000","0100","02280","00000","2016000000","人","39708","従業者数　うち常用雇用者　総数","総数","総数","30～49人","11繊維工業"
"893","000","0000","0100","03050","00000","2016000000","人","15100","従業者数　うち常用雇用者　総数","総数","総数","30～49人","12木材・木製品製造業（家具を除く）"
"893","000","0000","0100","03310","00000","2016000000","人","11117","従業者数　うち常用雇用者　総数","総数","総数","30～49人","13家具・装備品製造業"
"893","000","0000","0100","03480","00000","2016000000","人","27107","従業者数　うち常用雇用者　総数","総数","総数","30～49人","14パルプ・紙・紙加工品製造業"
"893","000","0000","0100","03730","00000","2016000000","人","41446","従業者数　うち常用雇用者　総数","総数","総数","30～49人","15印刷・同関連業"
"893","000","0000","0100","03880","00000","2016000000","人","33649","従業者数　うち常用雇用者　総数","総数","総数","30～49人","16化学工業"
"893","000","0000","0100","04370","00000","2016000000","人","1241","従業者数　うち常用雇用者　総数","総数","総数","30～49人","17石油製品・石炭製品製造業"
"893","000","0000","0100","04510","00000","2016000000","人","58666","従業者数　うち常用雇用者　総数","総数","総数","30～49人","18プラスチック製品製造業（別掲を除く）"
"893","000","0000","0100","04860","00000","2016000000","人","10011","従業者数　うち常用雇用者　総数","総数","総数","30～49人","19ゴム製品製造業"
"893","000","0000","0100","05070","00000","2016000000","人","3963","従業者数　うち常用雇用者　総数","総数","総数","30～49人","20なめし革・同製品・毛皮製造業"
"893","000","0000","0100","05300","00000","2016000000","人","29069","従業者数　うち常用雇用者　総数","総数","総数","30～49人","21窯業・土石製品製造業"
"893","000","0000","0100","05870","00000","2016000000","人","19707","従業者数　うち常用雇用者　総数","総数","総数","30～49人","22鉄鋼業"
"893","000","0000","0100","06210","00000","2016000000","人","9006","従業者数　うち常用雇用者　総数","総数","総数","30～49人","23非鉄金属製造業"
"893","000","0000","0100","06490","00000","2016000000","人","87413","従業者数　うち常用雇用者　総数","総数","総数","30～49人","24金属製品製造業"
"893","000","0000","0100","06950","00000","2016000000","人","25695","従業者数　うち常用雇用者　総数","総数","総数","30～49人","25はん用機械器具製造業"
"893","000","0000","0100","07220","00000","2016000000","人","68908","従業者数　うち常用雇用者　総数","総数","総数","30～49人","26生産用機械器具製造業"
"893","000","0000","0100","07600","00000","2016000000","人","20626","従業者数　うち常用雇用者　総数","総数","総数","30～49人","27業務用機械器具製造業"
"893","000","0000","0100","07930","00000","2016000000","人","23664","従業者数　うち常用雇用者　総数","総数","総数","30～49人","28電子部品・デバイス・電子回路製造業"
"893","000","0000","0100","08180","00000","2016000000","人","41927","従業者数　うち常用雇用者　総数","総数","総数","30～49人","29電気機械器具製造業"
"893","000","0000","0100","08530","00000","2016000000","人","8069","従業者数　うち常用雇用者　総数","総数","総数","30～49人","30情報通信機械器具製造業"
"893","000","0000","0100","08750","00000","2016000000","人","53789","従業者数　うち常用雇用者　総数","総数","総数","30～49人","31輸送用機械器具製造業"
"893","000","0000","0100","09010","00000","2016000000","人","20474","従業者数　うち常用雇用者　総数","総数","総数","30～49人","32その他の製造業"
"893","000","0000","0100","09500","00000","2016000000","人","14056","従業者数　うち常用雇用者　総数","総数","総数","30～49人","F電気・ガス・熱供給・水道業"
"893","000","0000","0100","09510","00000","2016000000","人","7795","従業者数　うち常用雇用者　総数","総数","総数","30～49人","33電気業"
"893","000","0000","0100","09540","00000","2016000000","人","2136","従業者数　うち常用雇用者　総数","総数","総数","30～49人","34ガス業"
"893","000","0000","0100","09570","00000","2016000000","人","317","従業者数　うち常用雇用者　総数","総数","総数","30～49人","35熱供給業"
"893","000","0000","0100","09600","00000","2016000000","人","3808","従業者数　うち常用雇用者　総数","総数","総数","30～49人","36水道業"
"893","000","0000","0100","09650","00000","2016000000","人","129580","従業者数　うち常用雇用者　総数","総数","総数","30～49人","G情報通信業"
"893","000","0000","0100","09660","00000","2016000000","人","34601","従業者数　うち常用雇用者　総数","総数","総数","30～49人","G1情報通信業（通信業，放送業，映像・音声・文字情報制作業）"
"893","000","0000","0100","09670","00000","2016000000","人","6844","従業者数　うち常用雇用者　総数","総数","総数","30～49人","37通信業"
"893","000","0000","0100","09720","00000","2016000000","人","5309","従業者数　うち常用雇用者　総数","総数","総数","30～49人","38放送業"
"893","000","0000","0100","09780","00000","2016000000","人","22448","従業者数　うち常用雇用者　総数","総数","総数","30～49人","41映像・音声・文字情報制作業"
"893","000","0000","0100","09860","00000","2016000000","人","94979","従業者数　うち常用雇用者　総数","総数","総数","30～49人","G2情報通信業（情報サービス業，インターネット附随サービス業）"
"893","000","0000","0100","09870","00000","2016000000","人","86844","従業者数　うち常用雇用者　総数","総数","総数","30～49人","39情報サービス業"
"893","000","0000","0100","10040","00000","2016000000","人","8058","従業者数　うち常用雇用者　総数","総数","総数","30～49人","40インターネット附随サービス業"
"893","000","0000","0100","10120","00000","2016000000","人","473710","従業者数　うち常用雇用者　総数","総数","総数","30～49人","H運輸業，郵便業"
"893","000","0000","0100","10130","00000","2016000000","人","21564","従業者数　うち常用雇用者　総数","総数","総数","30～49人","42鉄道業"
"893","000","0000","0100","10160","00000","2016000000","人","60880","従業者数　うち常用雇用者　総数","総数","総数","30～49人","43道路旅客運送業"
"893","000","0000","0100","10220","00000","2016000000","人","305071","従業者数　うち常用雇用者　総数","総数","総数","30～49人","44道路貨物運送業"
"893","000","0000","0100","10290","00000","2016000000","人","6077","従業者数　うち常用雇用者　総数","総数","総数","30～49人","45水運業"
"893","000","0000","0100","10350","00000","2016000000","人","2401","従業者数　うち常用雇用者　総数","総数","総数","30～49人","46航空運輸業"
"893","000","0000","0100","10390","00000","2016000000","人","26486","従業者数　うち常用雇用者　総数","総数","総数","30～49人","47倉庫業"
"893","000","0000","0100","10430","00000","2016000000","人","51116","従業者数　うち常用雇用者　総数","総数","総数","30～49人","48運輸に附帯するサービス業"
"893","000","0000","0100","10510","00000","2016000000","人","115","従業者数　うち常用雇用者　総数","総数","総数","30～49人","49郵便業（信書便事業を含む）"
"893","000","0000","0100","10540","00000","2016000000","人","1102482","従業者数　うち常用雇用者　総数","総数","総数","30～49人","I卸売業，小売業"
"893","000","0000","0100","10550","00000","2016000000","人","398257","従業者数　うち常用雇用者　総数","総数","総数","30～49人","I1卸売業"
"893","000","0000","0100","10560","00000","2016000000","人","2434","従業者数　うち常用雇用者　総数","総数","総数","30～49人","50各種商品卸売業"
"893","000","0000","0100","10660","00000","2016000000","人","23762","従業者数　うち常用雇用者　総数","総数","総数","30～49人","51繊維・衣服等卸売業"
"893","000","0000","0100","10850","00000","2016000000","人","95166","従業者数　うち常用雇用者　総数","総数","総数","30～49人","52飲食料品卸売業"
"893","000","0000","0100","11120","00000","2016000000","人","69125","従業者数　うち常用雇用者　総数","総数","総数","30～49人","53建築材料，鉱物・金属材料等卸売業"
"893","000","0000","0100","11430","00000","2016000000","人","114610","従業者数　うち常用雇用者　総数","総数","総数","30～49人","54機械器具卸売業"
"893","000","0000","0100","11650","00000","2016000000","人","92713","従業者数　うち常用雇用者　総数","総数","総数","30～49人","55その他の卸売業"
"893","000","0000","0100","11970","00000","2016000000","人","704225","従業者数　うち常用雇用者　総数","総数","総数","30～49人","I2小売業"
"893","000","0000","0100","11980","00000","2016000000","人","3245","従業者数　うち常用雇用者　総数","総数","総数","30～49人","56各種商品小売業"
"893","000","0000","0100","12070","00000","2016000000","人","44888","従業者数　うち常用雇用者　総数","総数","総数","30～49人","57織物・衣服・身の回り品小売業"
"893","000","0000","0100","12280","00000","2016000000","人","297059","従業者数　うち常用雇用者　総数","総数","総数","30～49人","58飲食料品小売業"
"893","000","0000","0100","12620","00000","2016000000","人","75546","従業者数　うち常用雇用者　総数","総数","総数","30～49人","59機械器具小売業"
"893","000","0000","0100","12790","00000","2016000000","人","246088","従業者数　うち常用雇用者　総数","総数","総数","30～49人","60その他の小売業"
"893","000","0000","0100","13350","00000","2016000000","人","36771","従業者数　うち常用雇用者　総数","総数","総数","30～49人","61無店舗小売業"
"893","000","0000","0100","13500","00000","2016000000","人","238403","従業者数　うち常用雇用者　総数","総数","総数","30～49人","J金融業，保険業"
"893","000","0000","0100","13510","00000","2016000000","人","74676","従業者数　うち常用雇用者　総数","総数","総数","30～49人","62銀行業"
"893","000","0000","0100","13560","00000","2016000000","人","13426","従業者数　うち常用雇用者　総数","総数","総数","30～49人","63協同組織金融業"
"893","000","0000","0100","13600","00000","2016000000","人","7182","従業者数　うち常用雇用者　総数","総数","総数","30～49人","64貸金業，クレジットカード業等非預金信用機関"
"893","000","0000","0100","13660","00000","2016000000","人","10442","従業者数　うち常用雇用者　総数","総数","総数","30～49人","65金融商品取引業，商品先物取引業"
"893","000","0000","0100","13700","00000","2016000000","人","2847","従業者数　うち常用雇用者　総数","総数","総数","30～49人","66補助的金融業等"
"893","000","0000","0100","13750","00000","2016000000","人","129507","従業者数　うち常用雇用者　総数","総数","総数","30～49人","67保険業（保険媒介代理業，保険サービス業を含む）"
"893","000","0000","0100","13820","00000","2016000000","人","78767","従業者数　うち常用雇用者　総数","総数","総数","30～49人","K不動産業，物品賃貸業"
"893","000","0000","0100","13830","00000","2016000000","人","49548","従業者数　うち常用雇用者　総数","総数","総数","30～49人","K1不動産業"
"893","000","0000","0100","13840","00000","2016000000","人","13559","従業者数　うち常用雇用者　総数","総数","総数","30～49人","68不動産取引業"
"893","000","0000","0100","13930","00000","2016000000","人","35686","従業者数　うち常用雇用者　総数","総数","総数","30～49人","69不動産賃貸業・管理業"
"893","000","0000","0100","14080","00000","2016000000","人","29219","従業者数　うち常用雇用者　総数","総数","総数","30～49人","K2物品賃貸業"
"893","000","0000","0100","14090","00000","2016000000","人","29219","従業者数　うち常用雇用者　総数","総数","総数","30～49人","70物品賃貸業"
"893","000","0000","0100","14330","00000","2016000000","人","125477","従業者数　うち常用雇用者　総数","総数","総数","30～49人","L学術研究，専門・技術サービス業"
"893","000","0000","0100","14340","00000","2016000000","人","13595","従業者数　うち常用雇用者　総数","総数","総数","30～49人","71学術・開発研究機関"
"893","000","0000","0100","14440","00000","2016000000","人","30579","従業者数　うち常用雇用者　総数","総数","総数","30～49人","72専門サービス業（他に分類されないもの）"
"893","000","0000","0100","14820","00000","2016000000","人","11419","従業者数　うち常用雇用者　総数","総数","総数","30～49人","73広告業"
"893","000","0000","0100","14880","00000","2016000000","人","69738","従業者数　うち常用雇用者　総数","総数","総数","30～49人","74技術サービス業（他に分類されないもの）"
"893","000","0000","0100","15140","00000","2016000000","人","667927","従業者数　うち常用雇用者　総数","総数","総数","30～49人","M宿泊業，飲食サービス業"
"893","000","0000","0100","15150","00000","2016000000","人","82890","従業者数　うち常用雇用者　総数","総数","総数","30～49人","M1宿泊業"
"893","000","0000","0100","15160","00000","2016000000","人","82890","従業者数　うち常用雇用者　総数","総数","総数","30～49人","75宿泊業"
"893","000","0000","0100","15320","00000","2016000000","人","585037","従業者数　うち常用雇用者　総数","総数","総数","30～49人","M2飲食店，持ち帰り・配達飲食サービス業"
"893","000","0000","0100","15330","00000","2016000000","人","528345","従業者数　うち常用雇用者　総数","総数","総数","30～49人","76飲食店"
"893","000","0000","0100","15670","00000","2016000000","人","56024","従業者数　うち常用雇用者　総数","総数","総数","30～49人","77持ち帰り・配達飲食サービス業"
"893","000","0000","0100","15750","00000","2016000000","人","231299","従業者数　うち常用雇用者　総数","総数","総数","30～49人","N生活関連サービス業，娯楽業"
"893","000","0000","0100","15760","00000","2016000000","人","56238","従業者数　うち常用雇用者　総数","総数","総数","30～49人","78洗濯・理容・美容・浴場業"
"893","000","0000","0100","16000","00000","2016000000","人","38448","従業者数　うち常用雇用者　総数","総数","総数","30～49人","79その他の生活関連サービス業"
"893","000","0000","0100","16280","00000","2016000000","人","136460","従業者数　うち常用雇用者　総数","総数","総数","30～49人","80娯楽業"
"893","000","0000","0100","16890","00000","2016000000","人","184242","従業者数　うち常用雇用者　総数","総数","総数","30～49人","O教育，学習支援業"
"893","000","0000","0100","16900","00000","2016000000","人","109873","従業者数　うち常用雇用者　総数","総数","総数","30～49人","O1教育，学習支援業（学校教育）"
"893","000","0000","0100","16910","00000","2016000000","人","109873","従業者数　うち常用雇用者　総数","総数","総数","30～49人","81学校教育"
"893","000","0000","0100","17160","00000","2016000000","人","74369","従業者数　うち常用雇用者　総数","総数","総数","30～49人","O2教育，学習支援業（その他の教育，学習支援業）"
"893","000","0000","0100","17170","00000","2016000000","人","74369","従業者数　うち常用雇用者　総数","総数","総数","30～49人","82その他の教育，学習支援業"
"893","000","0000","0100","17570","00000","2016000000","人","783639","従業者数　うち常用雇用者　総数","総数","総数","30～49人","P医療，福祉"
"893","000","0000","0100","17580","00000","2016000000","人","151512","従業者数　うち常用雇用者　総数","総数","総数","30～49人","83医療業"
"893","000","0000","0100","17830","00000","2016000000","人","6039","従業者数　うち常用雇用者　総数","総数","総数","30～49人","84保健衛生"
"893","000","0000","0100","17960","00000","2016000000","人","625316","従業者数　うち常用雇用者　総数","総数","総数","30～49人","85社会保険・社会福祉・介護事業"
"893","000","0000","0100","18300","00000","2016000000","人","16349","従業者数　うち常用雇用者　総数","総数","総数","30～49人","Q複合サービス事業"
"893","000","0000","0100","18310","00000","2016000000","人","986","従業者数　うち常用雇用者　総数","総数","総数","30～49人","Q1複合サービス事業（郵便局）"
"893","000","0000","0100","18320","00000","2016000000","人","986","従業者数　うち常用雇用者　総数","総数","総数","30～49人","86郵便局"
"893","000","0000","0100","18370","00000","2016000000","人","15363","従業者数　うち常用雇用者　総数","総数","総数","30～49人","Q2複合サービス事業（協同組合）"
"893","000","0000","0100","18380","00000","2016000000","人","15363","従業者数　うち常用雇用者　総数","総数","総数","30～49人","87協同組合（他に分類されないもの）"
"893","000","0000","0100","18480","00000","2016000000","人","385740","従業者数　うち常用雇用者　総数","総数","総数","30～49人","Rサービス業（他に分類されないもの）"
"893","000","0000","0100","18490","00000","2016000000","人","26350","従業者数　うち常用雇用者　総数","総数","総数","30～49人","R1サービス業（政治・経済・文化団体，宗教）"
"893","000","0000","0100","18500","00000","2016000000","人","20220","従業者数　うち常用雇用者　総数","総数","総数","30～49人","93政治・経済・文化団体"
"893","000","0000","0100","18560","00000","2016000000","人","6095","従業者数　うち常用雇用者　総数","総数","総数","30～49人","94宗教"
"893","000","0000","0100","18610","00000","2016000000","人","359390","従業者数　うち常用雇用者　総数","総数","総数","30～49人","R2サービス業（政治・経済・文化団体，宗教を除く）"
"893","000","0000","0100","18620","00000","2016000000","人","43341","従業者数　うち常用雇用者　総数","総数","総数","30～49人","88廃棄物処理業"
"893","000","0000","0100","18810","00000","2016000000","人","11358","従業者数　うち常用雇用者　総数","総数","総数","30～49人","89自動車整備業"
"893","000","0000","0100","18870","00000","2016000000","人","21232","従業者数　うち常用雇用者　総数","総数","総数","30～49人","90機械等修理業（別掲を除く）"
"893","000","0000","0100","19040","00000","2016000000","人","53094","従業者数　うち常用雇用者　総数","総数","総数","30～49人","91職業紹介・労働者派遣業"
"893","000","0000","0100","19120","00000","2016000000","人","226364","従業者数　うち常用雇用者　総数","総数","総数","30～49人","92その他の事業サービス業"
"893","000","0000","0100","19300","00000","2016000000","人","3230","従業者数　うち常用雇用者　総数","総数","総数","30～49人","95その他のサービス業"
"893","000","0000","0110","00010","00000","2016000000","人","6388914","従業者数　うち常用雇用者　総数","総数","総数","50～99人","A～R全産業（Ｓ公務を除く）"
"893","000","0000","0110","00020","00000","2016000000","人","25133","従業者数　うち常用雇用者　総数","総数","総数","50～99人","A～B農林漁業"
"893","000","0000","0110","00030","00000","2016000000","人","22513","従業者数　うち常用雇用者　総数","総数","総数","50～99人","A農業，林業"
"893","000","0000","0110","00040","00000","2016000000","人","18619","従業者数　うち常用雇用者　総数","総数","総数","50～99人","01農業"
"893","000","0000","0110","00320","00000","2016000000","人","3894","従業者数　うち常用雇用者　総数","総数","総数","50～99人","02林業"
"893","000","0000","0110","00500","00000","2016000000","人","2547","従業者数　うち常用雇用者　総数","総数","総数","50～99人","B漁業"
"893","000","0000","0110","00510","00000","2016000000","人","2169","従業者数　うち常用雇用者　総数","総数","総数","50～99人","03漁業（水産養殖業を除く）"
"893","000","0000","0110","00670","00000","2016000000","人","378","従業者数　うち常用雇用者　総数","総数","総数","50～99人","04水産養殖業"
"893","000","0000","0110","00800","00000","2016000000","人","6363781","従業者数　うち常用雇用者　総数","総数","総数","50～99人","C～R非農林漁業（Ｓ公務を除く）"
"893","000","0000","0110","00810","00000","2016000000","人","1210","従業者数　うち常用雇用者　総数","総数","総数","50～99人","C鉱業，採石業，砂利採取業"
"893","000","0000","0110","00820","00000","2016000000","人","1210","従業者数　うち常用雇用者　総数","総数","総数","50～99人","05鉱業，採石業，砂利採取業"
"893","000","0000","0110","01220","00000","2016000000","人","267453","従業者数　うち常用雇用者　総数","総数","総数","50～99人","D建設業"
"893","000","0000","0110","01230","00000","2016000000","人","142016","従業者数　うち常用雇用者　総数","総数","総数","50～99人","06総合工事業"
"893","000","0000","0110","01310","00000","2016000000","人","31653","従業者数　うち常用雇用者　総数","総数","総数","50～99人","07職別工事業（設備工事業を除く）"
"893","000","0000","0110","01420","00000","2016000000","人","93723","従業者数　うち常用雇用者　総数","総数","総数","50～99人","08設備工事業"
"893","000","0000","0110","01490","00000","2016000000","人","1108949","従業者数　うち常用雇用者　総数","総数","総数","50～99人","E製造業"
"893","000","0000","0110","01500","00000","2016000000","人","195482","従業者数　うち常用雇用者　総数","総数","総数","50～99人","09食料品製造業"
"893","000","0000","0110","02040","00000","2016000000","人","16666","従業者数　うち常用雇用者　総数","総数","総数","50～99人","10飲料・たばこ・飼料製造業"
"893","000","0000","0110","02280","00000","2016000000","人","50454","従業者数　うち常用雇用者　総数","総数","総数","50～99人","11繊維工業"
"893","000","0000","0110","03050","00000","2016000000","人","14439","従業者数　うち常用雇用者　総数","総数","総数","50～99人","12木材・木製品製造業（家具を除く）"
"893","000","0000","0110","03310","00000","2016000000","人","12868","従業者数　うち常用雇用者　総数","総数","総数","50～99人","13家具・装備品製造業"
"893","000","0000","0110","03480","00000","2016000000","人","40102","従業者数　うち常用雇用者　総数","総数","総数","50～99人","14パルプ・紙・紙加工品製造業"
"893","000","0000","0110","03730","00000","2016000000","人","54341","従業者数　うち常用雇用者　総数","総数","総数","50～99人","15印刷・同関連業"
"893","000","0000","0110","03880","00000","2016000000","人","54737","従業者数　うち常用雇用者　総数","総数","総数","50～99人","16化学工業"
"893","000","0000","0110","04370","00000","2016000000","人","2031","従業者数　うち常用雇用者　総数","総数","総数","50～99人","17石油製品・石炭製品製造業"
"893","000","0000","0110","04510","00000","2016000000","人","79039","従業者数　うち常用雇用者　総数","総数","総数","50～99人","18プラスチック製品製造業（別掲を除く）"
"893","000","0000","0110","04860","00000","2016000000","人","13438","従業者数　うち常用雇用者　総数","総数","総数","50～99人","19ゴム製品製造業"
"893","000","0000","0110","05070","00000","2016000000","人","3935","従業者数　うち常用雇用者　総数","総数","総数","50～99人","20なめし革・同製品・毛皮製造業"
"893","000","0000","0110","05300","00000","2016000000","人","34095","従業者数　うち常用雇用者　総数","総数","総数","50～99人","21窯業・土石製品製造業"
"893","000","0000","0110","05870","00000","2016000000","人","27465","従業者数　うち常用雇用者　総数","総数","総数","50～99人","22鉄鋼業"
"893","000","0000","0110","06210","00000","2016000000","人","19536","従業者数　うち常用雇用者　総数","総数","総数","50～99人","23非鉄金属製造業"
"893","000","0000","0110","06490","00000","2016000000","人","92266","従業者数　うち常用雇用者　総数","総数","総数","50～99人","24金属製品製造業"
"893","000","0000","0110","06950","00000","2016000000","人","39942","従業者数　うち常用雇用者　総数","総数","総数","50～99人","25はん用機械器具製造業"
"893","000","0000","0110","07220","00000","2016000000","人","88181","従業者数　うち常用雇用者　総数","総数","総数","50～99人","26生産用機械器具製造業"
"893","000","0000","0110","07600","00000","2016000000","人","31234","従業者数　うち常用雇用者　総数","総数","総数","50～99人","27業務用機械器具製造業"
"893","000","0000","0110","07930","00000","2016000000","人","42957","従業者数　うち常用雇用者　総数","総数","総数","50～99人","28電子部品・デバイス・電子回路製造業"
"893","000","0000","0110","08180","00000","2016000000","人","67009","従業者数　うち常用雇用者　総数","総数","総数","50～99人","29電気機械器具製造業"
"893","000","0000","0110","08530","00000","2016000000","人","17379","従業者数　うち常用雇用者　総数","総数","総数","50～99人","30情報通信機械器具製造業"
"893","000","0000","0110","08750","00000","2016000000","人","88369","従業者数　うち常用雇用者　総数","総数","総数","50～99人","31輸送用機械器具製造業"
"893","000","0000","0110","09010","00000","2016000000","人","22169","従業者数　うち常用雇用者　総数","総数","総数","50～99人","32その他の製造業"
"893","000","0000","0110","09500","00000","2016000000","人","49707","従業者数　うち常用雇用者　総数","総数","総数","50～99人","F電気・ガス・熱供給・水道業"
"893","000","0000","0110","09510","00000","2016000000","人","40450","従業者数　うち常用雇用者　総数","総数","総数","50～99人","33電気業"
"893","000","0000","0110","09540","00000","2016000000","人","5860","従業者数　うち常用雇用者　総数","総数","総数","50～99人","34ガス業"
"893","000","0000","0110","09570","00000","2016000000","人","133","従業者数　うち常用雇用者　総数","総数","総数","50～99人","35熱供給業"
"893","000","0000","0110","09600","00000","2016000000","人","3264","従業者数　うち常用雇用者　総数","総数","総数","50～99人","36水道業"
"893","000","0000","0110","09650","00000","2016000000","人","205331","従業者数　うち常用雇用者　総数","総数","総数","50～99人","G情報通信業"
"893","000","0000","0110","09660","00000","2016000000","人","52189","従業者数　うち常用雇用者　総数","総数","総数","50～99人","G1情報通信業（通信業，放送業，映像・音声・文字情報制作業）"
"893","000","0000","0110","09670","00000","2016000000","人","10041","従業者数　うち常用雇用者　総数","総数","総数","50～99人","37通信業"
"893","000","0000","0110","09720","00000","2016000000","人","12969","従業者数　うち常用雇用者　総数","総数","総数","50～99人","38放送業"
"893","000","0000","0110","09780","00000","2016000000","人","29179","従業者数　うち常用雇用者　総数","総数","総数","50～99人","41映像・音声・文字情報制作業"
"893","000","0000","0110","09860","00000","2016000000","人","153142","従業者数　うち常用雇用者　総数","総数","総数","50～99人","G2情報通信業（情報サービス業，インターネット附随サービス業）"
"893","000","0000","0110","09870","00000","2016000000","人","140090","従業者数　うち常用雇用者　総数","総数","総数","50～99人","39情報サービス業"
"893","000","0000","0110","10040","00000","2016000000","人","12704","従業者数　うち常用雇用者　総数","総数","総数","50～99人","40インターネット附随サービス業"
"893","000","0000","0110","10120","00000","2016000000","人","601022","従業者数　うち常用雇用者　総数","総数","総数","50～99人","H運輸業，郵便業"
"893","000","0000","0110","10130","00000","2016000000","人","33520","従業者数　うち常用雇用者　総数","総数","総数","50～99人","42鉄道業"
"893","000","0000","0110","10160","00000","2016000000","人","115263","従業者数　うち常用雇用者　総数","総数","総数","50～99人","43道路旅客運送業"
"893","000","0000","0110","10220","00000","2016000000","人","338674","従業者数　うち常用雇用者　総数","総数","総数","50～99人","44道路貨物運送業"
"893","000","0000","0110","10290","00000","2016000000","人","6718","従業者数　うち常用雇用者　総数","総数","総数","50～99人","45水運業"
"893","000","0000","0110","10350","00000","2016000000","人","2688","従業者数　うち常用雇用者　総数","総数","総数","50～99人","46航空運輸業"
"893","000","0000","0110","10390","00000","2016000000","人","35508","従業者数　うち常用雇用者　総数","総数","総数","50～99人","47倉庫業"
"893","000","0000","0110","10430","00000","2016000000","人","67517","従業者数　うち常用雇用者　総数","総数","総数","50～99人","48運輸に附帯するサービス業"
"893","000","0000","0110","10510","00000","2016000000","人","912","従業者数　うち常用雇用者　総数","総数","総数","50～99人","49郵便業（信書便事業を含む）"
"893","000","0000","0110","10540","00000","2016000000","人","1238727","従業者数　うち常用雇用者　総数","総数","総数","50～99人","I卸売業，小売業"
"893","000","0000","0110","10550","00000","2016000000","人","414244","従業者数　うち常用雇用者　総数","総数","総数","50～99人","I1卸売業"
"893","000","0000","0110","10560","00000","2016000000","人","2455","従業者数　うち常用雇用者　総数","総数","総数","50～99人","50各種商品卸売業"
"893","000","0000","0110","10660","00000","2016000000","人","24927","従業者数　うち常用雇用者　総数","総数","総数","50～99人","51繊維・衣服等卸売業"
"893","000","0000","0110","10850","00000","2016000000","人","99934","従業者数　うち常用雇用者　総数","総数","総数","50～99人","52飲食料品卸売業"
"893","000","0000","0110","11120","00000","2016000000","人","58363","従業者数　うち常用雇用者　総数","総数","総数","50～99人","53建築材料，鉱物・金属材料等卸売業"
"893","000","0000","0110","11430","00000","2016000000","人","126108","従業者数　うち常用雇用者　総数","総数","総数","50～99人","54機械器具卸売業"
"893","000","0000","0110","11650","00000","2016000000","人","101834","従業者数　うち常用雇用者　総数","総数","総数","50～99人","55その他の卸売業"
"893","000","0000","0110","11970","00000","2016000000","人","824483","従業者数　うち常用雇用者　総数","総数","総数","50～99人","I2小売業"
"893","000","0000","0110","11980","00000","2016000000","人","26303","従業者数　うち常用雇用者　総数","総数","総数","50～99人","56各種商品小売業"
"893","000","0000","0110","12070","00000","2016000000","人","41154","従業者数　うち常用雇用者　総数","総数","総数","50～99人","57織物・衣服・身の回り品小売業"
"893","000","0000","0110","12280","00000","2016000000","人","490056","従業者数　うち常用雇用者　総数","総数","総数","50～99人","58飲食料品小売業"
"893","000","0000","0110","12620","00000","2016000000","人","42902","従業者数　うち常用雇用者　総数","総数","総数","50～99人","59機械器具小売業"
"893","000","0000","0110","12790","00000","2016000000","人","175064","従業者数　うち常用雇用者　総数","総数","総数","50～99人","60その他の小売業"
"893","000","0000","0110","13350","00000","2016000000","人","48436","従業者数　うち常用雇用者　総数","総数","総数","50～99人","61無店舗小売業"
"893","000","0000","0110","13500","00000","2016000000","人","200214","従業者数　うち常用雇用者　総数","総数","総数","50～99人","J金融業，保険業"
"893","000","0000","0110","13510","00000","2016000000","人","54923","従業者数　うち常用雇用者　総数","総数","総数","50～99人","62銀行業"
"893","000","0000","0110","13560","00000","2016000000","人","15718","従業者数　うち常用雇用者　総数","総数","総数","50～99人","63協同組織金融業"
"893","000","0000","0110","13600","00000","2016000000","人","11781","従業者数　うち常用雇用者　総数","総数","総数","50～99人","64貸金業，クレジットカード業等非預金信用機関"
"893","000","0000","0110","13660","00000","2016000000","人","16833","従業者数　うち常用雇用者　総数","総数","総数","50～99人","65金融商品取引業，商品先物取引業"
"893","000","0000","0110","13700","00000","2016000000","人","4918","従業者数　うち常用雇用者　総数","総数","総数","50～99人","66補助的金融業等"
"893","000","0000","0110","13750","00000","2016000000","人","95744","従業者数　うち常用雇用者　総数","総数","総数","50～99人","67保険業（保険媒介代理業，保険サービス業を含む）"
"893","000","0000","0110","13820","00000","2016000000","人","76591","従業者数　うち常用雇用者　総数","総数","総数","50～99人","K不動産業，物品賃貸業"
"893","000","0000","0110","13830","00000","2016000000","人","55354","従業者数　うち常用雇用者　総数","総数","総数","50～99人","K1不動産業"
"893","000","0000","0110","13840","00000","2016000000","人","16387","従業者数　うち常用雇用者　総数","総数","総数","50～99人","68不動産取引業"
"893","000","0000","0110","13930","00000","2016000000","人","38494","従業者数　うち常用雇用者　総数","総数","総数","50～99人","69不動産賃貸業・管理業"
"893","000","0000","0110","14080","00000","2016000000","人","21237","従業者数　うち常用雇用者　総数","総数","総数","50～99人","K2物品賃貸業"
"893","000","0000","0110","14090","00000","2016000000","人","21237","従業者数　うち常用雇用者　総数","総数","総数","50～99人","70物品賃貸業"
"893","000","0000","0110","14330","00000","2016000000","人","156081","従業者数　うち常用雇用者　総数","総数","総数","50～99人","L学術研究，専門・技術サービス業"
"893","000","0000","0110","14340","00000","2016000000","人","27540","従業者数　うち常用雇用者　総数","総数","総数","50～99人","71学術・開発研究機関"
"893","000","0000","0110","14440","00000","2016000000","人","35259","従業者数　うち常用雇用者　総数","総数","総数","50～99人","72専門サービス業（他に分類されないもの）"
"893","000","0000","0110","14820","00000","2016000000","人","15131","従業者数　うち常用雇用者　総数","総数","総数","50～99人","73広告業"
"893","000","0000","0110","14880","00000","2016000000","人","78019","従業者数　うち常用雇用者　総数","総数","総数","50～99人","74技術サービス業（他に分類されないもの）"
"893","000","0000","0110","15140","00000","2016000000","人","429177","従業者数　うち常用雇用者　総数","総数","総数","50～99人","M宿泊業，飲食サービス業"
"893","000","0000","0110","15150","00000","2016000000","人","93889","従業者数　うち常用雇用者　総数","総数","総数","50～99人","M1宿泊業"
"893","000","0000","0110","15160","00000","2016000000","人","93889","従業者数　うち常用雇用者　総数","総数","総数","50～99人","75宿泊業"
"893","000","0000","0110","15320","00000","2016000000","人","335288","従業者数　うち常用雇用者　総数","総数","総数","50～99人","M2飲食店，持ち帰り・配達飲食サービス業"
"893","000","0000","0110","15330","00000","2016000000","人","290211","従業者数　うち常用雇用者　総数","総数","総数","50～99人","76飲食店"
"893","000","0000","0110","15670","00000","2016000000","人","44141","従業者数　うち常用雇用者　総数","総数","総数","50～99人","77持ち帰り・配達飲食サービス業"
"893","000","0000","0110","15750","00000","2016000000","人","239012","従業者数　うち常用雇用者　総数","総数","総数","50～99人","N生活関連サービス業，娯楽業"
"893","000","0000","0110","15760","00000","2016000000","人","61958","従業者数　うち常用雇用者　総数","総数","総数","50～99人","78洗濯・理容・美容・浴場業"
"893","000","0000","0110","16000","00000","2016000000","人","39291","従業者数　うち常用雇用者　総数","総数","総数","50～99人","79その他の生活関連サービス業"
"893","000","0000","0110","16280","00000","2016000000","人","137700","従業者数　うち常用雇用者　総数","総数","総数","50～99人","80娯楽業"
"893","000","0000","0110","16890","00000","2016000000","人","183078","従業者数　うち常用雇用者　総数","総数","総数","50～99人","O教育，学習支援業"
"893","000","0000","0110","16900","00000","2016000000","人","129671","従業者数　うち常用雇用者　総数","総数","総数","50～99人","O1教育，学習支援業（学校教育）"
"893","000","0000","0110","16910","00000","2016000000","人","129671","従業者数　うち常用雇用者　総数","総数","総数","50～99人","81学校教育"
"893","000","0000","0110","17160","00000","2016000000","人","53407","従業者数　うち常用雇用者　総数","総数","総数","50～99人","O2教育，学習支援業（その他の教育，学習支援業）"
"893","000","0000","0110","17170","00000","2016000000","人","53407","従業者数　うち常用雇用者　総数","総数","総数","50～99人","82その他の教育，学習支援業"
"893","000","0000","0110","17570","00000","2016000000","人","1007758","従業者数　うち常用雇用者　総数","総数","総数","50～99人","P医療，福祉"
"893","000","0000","0110","17580","00000","2016000000","人","213858","従業者数　うち常用雇用者　総数","総数","総数","50～99人","83医療業"
"893","000","0000","0110","17830","00000","2016000000","人","11509","従業者数　うち常用雇用者　総数","総数","総数","50～99人","84保健衛生"
"893","000","0000","0110","17960","00000","2016000000","人","782114","従業者数　うち常用雇用者　総数","総数","総数","50～99人","85社会保険・社会福祉・介護事業"
"893","000","0000","0110","18300","00000","2016000000","人","38448","従業者数　うち常用雇用者　総数","総数","総数","50～99人","Q複合サービス事業"
"893","000","0000","0110","18310","00000","2016000000","人","14484","従業者数　うち常用雇用者　総数","総数","総数","50～99人","Q1複合サービス事業（郵便局）"
"893","000","0000","0110","18320","00000","2016000000","人","14484","従業者数　うち常用雇用者　総数","総数","総数","50～99人","86郵便局"
"893","000","0000","0110","18370","00000","2016000000","人","23964","従業者数　うち常用雇用者　総数","総数","総数","50～99人","Q2複合サービス事業（協同組合）"
"893","000","0000","0110","18380","00000","2016000000","人","23964","従業者数　うち常用雇用者　総数","総数","総数","50～99人","87協同組合（他に分類されないもの）"
"893","000","0000","0110","18480","00000","2016000000","人","561023","従業者数　うち常用雇用者　総数","総数","総数","50～99人","Rサービス業（他に分類されないもの）"
"893","000","0000","0110","18490","00000","2016000000","人","27264","従業者数　うち常用雇用者　総数","総数","総数","50～99人","R1サービス業（政治・経済・文化団体，宗教）"
"893","000","0000","0110","18500","00000","2016000000","人","20144","従業者数　うち常用雇用者　総数","総数","総数","50～99人","93政治・経済・文化団体"
"893","000","0000","0110","18560","00000","2016000000","人","7031","従業者数　うち常用雇用者　総数","総数","総数","50～99人","94宗教"
"893","000","0000","0110","18610","00000","2016000000","人","533759","従業者数　うち常用雇用者　総数","総数","総数","50～99人","R2サービス業（政治・経済・文化団体，宗教を除く）"
"893","000","0000","0110","18620","00000","2016000000","人","35928","従業者数　うち常用雇用者　総数","総数","総数","50～99人","88廃棄物処理業"
"893","000","0000","0110","18810","00000","2016000000","人","7717","従業者数　うち常用雇用者　総数","総数","総数","50～99人","89自動車整備業"
"893","000","0000","0110","18870","00000","2016000000","人","23632","従業者数　うち常用雇用者　総数","総数","総数","50～99人","90機械等修理業（別掲を除く）"
"893","000","0000","0110","19040","00000","2016000000","人","118314","従業者数　うち常用雇用者　総数","総数","総数","50～99人","91職業紹介・労働者派遣業"
"893","000","0000","0110","19120","00000","2016000000","人","344711","従業者数　うち常用雇用者　総数","総数","総数","50～99人","92その他の事業サービス業"
"893","000","0000","0110","19300","00000","2016000000","人","2804","従業者数　うち常用雇用者　総数","総数","総数","50～99人","95その他のサービス業"
"893","000","0000","0120","00010","00000","2016000000","人","4979737","従業者数　うち常用雇用者　総数","総数","総数","100～199人","A～R全産業（Ｓ公務を除く）"
"893","000","0000","0120","00020","00000","2016000000","人","11770","従業者数　うち常用雇用者　総数","総数","総数","100～199人","A～B農林漁業"
"893","000","0000","0120","00030","00000","2016000000","人","10083","従業者数　うち常用雇用者　総数","総数","総数","100～199人","A農業，林業"
"893","000","0000","0120","00040","00000","2016000000","人","9982","従業者数　うち常用雇用者　総数","総数","総数","100～199人","01農業"
"893","000","0000","0120","00320","00000","2016000000","人","101","従業者数　うち常用雇用者　総数","総数","総数","100～199人","02林業"
"893","000","0000","0120","00500","00000","2016000000","人","1687","従業者数　うち常用雇用者　総数","総数","総数","100～199人","B漁業"
"893","000","0000","0120","00510","00000","2016000000","人","1560","従業者数　うち常用雇用者　総数","総数","総数","100～199人","03漁業（水産養殖業を除く）"
"893","000","0000","0120","00670","00000","2016000000","人","127","従業者数　うち常用雇用者　総数","総数","総数","100～199人","04水産養殖業"
"893","000","0000","0120","00800","00000","2016000000","人","4967967","従業者数　うち常用雇用者　総数","総数","総数","100～199人","C～R非農林漁業（Ｓ公務を除く）"
"893","000","0000","0120","00810","00000","2016000000","人","823","従業者数　うち常用雇用者　総数","総数","総数","100～199人","C鉱業，採石業，砂利採取業"
"893","000","0000","0120","00820","00000","2016000000","人","823","従業者数　うち常用雇用者　総数","総数","総数","100～199人","05鉱業，採石業，砂利採取業"
"893","000","0000","0120","01220","00000","2016000000","人","153103","従業者数　うち常用雇用者　総数","総数","総数","100～199人","D建設業"
"893","000","0000","0120","01230","00000","2016000000","人","81657","従業者数　うち常用雇用者　総数","総数","総数","100～199人","06総合工事業"
"893","000","0000","0120","01310","00000","2016000000","人","13375","従業者数　うち常用雇用者　総数","総数","総数","100～199人","07職別工事業（設備工事業を除く）"
"893","000","0000","0120","01420","00000","2016000000","人","57967","従業者数　うち常用雇用者　総数","総数","総数","100～199人","08設備工事業"
"893","000","0000","0120","01490","00000","2016000000","人","1099804","従業者数　うち常用雇用者　総数","総数","総数","100～199人","E製造業"
"893","000","0000","0120","01500","00000","2016000000","人","214963","従業者数　うち常用雇用者　総数","総数","総数","100～199人","09食料品製造業"
"893","000","0000","0120","02040","00000","2016000000","人","18885","従業者数　うち常用雇用者　総数","総数","総数","100～199人","10飲料・たばこ・飼料製造業"
"893","000","0000","0120","02280","00000","2016000000","人","38397","従業者数　うち常用雇用者　総数","総数","総数","100～199人","11繊維工業"
"893","000","0000","0120","03050","00000","2016000000","人","9824","従業者数　うち常用雇用者　総数","総数","総数","100～199人","12木材・木製品製造業（家具を除く）"
"893","000","0000","0120","03310","00000","2016000000","人","12012","従業者数　うち常用雇用者　総数","総数","総数","100～199人","13家具・装備品製造業"
"893","000","0000","0120","03480","00000","2016000000","人","34109","従業者数　うち常用雇用者　総数","総数","総数","100～199人","14パルプ・紙・紙加工品製造業"
"893","000","0000","0120","03730","00000","2016000000","人","36254","従業者数　うち常用雇用者　総数","総数","総数","100～199人","15印刷・同関連業"
"893","000","0000","0120","03880","00000","2016000000","人","74357","従業者数　うち常用雇用者　総数","総数","総数","100～199人","16化学工業"
"893","000","0000","0120","04370","00000","2016000000","人","2084","従業者数　うち常用雇用者　総数","総数","総数","100～199人","17石油製品・石炭製品製造業"
"893","000","0000","0120","04510","00000","2016000000","人","71870","従業者数　うち常用雇用者　総数","総数","総数","100～199人","18プラスチック製品製造業（別掲を除く）"
"893","000","0000","0120","04860","00000","2016000000","人","16286","従業者数　うち常用雇用者　総数","総数","総数","100～199人","19ゴム製品製造業"
"893","000","0000","0120","05070","00000","2016000000","人","1761","従業者数　うち常用雇用者　総数","総数","総数","100～199人","20なめし革・同製品・毛皮製造業"
"893","000","0000","0120","05300","00000","2016000000","人","24922","従業者数　うち常用雇用者　総数","総数","総数","100～199人","21窯業・土石製品製造業"
"893","000","0000","0120","05870","00000","2016000000","人","30469","従業者数　うち常用雇用者　総数","総数","総数","100～199人","22鉄鋼業"
"893","000","0000","0120","06210","00000","2016000000","人","24430","従業者数　うち常用雇用者　総数","総数","総数","100～199人","23非鉄金属製造業"
"893","000","0000","0120","06490","00000","2016000000","人","72816","従業者数　うち常用雇用者　総数","総数","総数","100～199人","24金属製品製造業"
"893","000","0000","0120","06950","00000","2016000000","人","40939","従業者数　うち常用雇用者　総数","総数","総数","100～199人","25はん用機械器具製造業"
"893","000","0000","0120","07220","00000","2016000000","人","74416","従業者数　うち常用雇用者　総数","総数","総数","100～199人","26生産用機械器具製造業"
"893","000","0000","0120","07600","00000","2016000000","人","30678","従業者数　うち常用雇用者　総数","総数","総数","100～199人","27業務用機械器具製造業"
"893","000","0000","0120","07930","00000","2016000000","人","56252","従業者数　うち常用雇用者　総数","総数","総数","100～199人","28電子部品・デバイス・電子回路製造業"
"893","000","0000","0120","08180","00000","2016000000","人","65029","従業者数　うち常用雇用者　総数","総数","総数","100～199人","29電気機械器具製造業"
"893","000","0000","0120","08530","00000","2016000000","人","18838","従業者数　うち常用雇用者　総数","総数","総数","100～199人","30情報通信機械器具製造業"
"893","000","0000","0120","08750","00000","2016000000","人","107915","従業者数　うち常用雇用者　総数","総数","総数","100～199人","31輸送用機械器具製造業"
"893","000","0000","0120","09010","00000","2016000000","人","21067","従業者数　うち常用雇用者　総数","総数","総数","100～199人","32その他の製造業"
"893","000","0000","0120","09500","00000","2016000000","人","33036","従業者数　うち常用雇用者　総数","総数","総数","100～199人","F電気・ガス・熱供給・水道業"
"893","000","0000","0120","09510","00000","2016000000","人","26498","従業者数　うち常用雇用者　総数","総数","総数","100～199人","33電気業"
"893","000","0000","0120","09540","00000","2016000000","人","4703","従業者数　うち常用雇用者　総数","総数","総数","100～199人","34ガス業"
"893","000","0000","0120","09570","00000","2016000000","人","280","従業者数　うち常用雇用者　総数","総数","総数","100～199人","35熱供給業"
"893","000","0000","0120","09600","00000","2016000000","人","1555","従業者数　うち常用雇用者　総数","総数","総数","100～199人","36水道業"
"893","000","0000","0120","09650","00000","2016000000","人","216165","従業者数　うち常用雇用者　総数","総数","総数","100～199人","G情報通信業"
"893","000","0000","0120","09660","00000","2016000000","人","56669","従業者数　うち常用雇用者　総数","総数","総数","100～199人","G1情報通信業（通信業，放送業，映像・音声・文字情報制作業）"
"893","000","0000","0120","09670","00000","2016000000","人","15552","従業者数　うち常用雇用者　総数","総数","総数","100～199人","37通信業"
"893","000","0000","0120","09720","00000","2016000000","人","13618","従業者数　うち常用雇用者　総数","総数","総数","100～199人","38放送業"
"893","000","0000","0120","09780","00000","2016000000","人","27499","従業者数　うち常用雇用者　総数","総数","総数","100～199人","41映像・音声・文字情報制作業"
"893","000","0000","0120","09860","00000","2016000000","人","159496","従業者数　うち常用雇用者　総数","総数","総数","100～199人","G2情報通信業（情報サービス業，インターネット附随サービス業）"
"893","000","0000","0120","09870","00000","2016000000","人","144766","従業者数　うち常用雇用者　総数","総数","総数","100～199人","39情報サービス業"
"893","000","0000","0120","10040","00000","2016000000","人","14583","従業者数　うち常用雇用者　総数","総数","総数","100～199人","40インターネット附随サービス業"
"893","000","0000","0120","10120","00000","2016000000","人","470704","従業者数　うち常用雇用者　総数","総数","総数","100～199人","H運輸業，郵便業"
"893","000","0000","0120","10130","00000","2016000000","人","42952","従業者数　うち常用雇用者　総数","総数","総数","100～199人","42鉄道業"
"893","000","0000","0120","10160","00000","2016000000","人","133262","従業者数　うち常用雇用者　総数","総数","総数","100～199人","43道路旅客運送業"
"893","000","0000","0120","10220","00000","2016000000","人","191042","従業者数　うち常用雇用者　総数","総数","総数","100～199人","44道路貨物運送業"
"893","000","0000","0120","10290","00000","2016000000","人","5407","従業者数　うち常用雇用者　総数","総数","総数","100～199人","45水運業"
"893","000","0000","0120","10350","00000","2016000000","人","5091","従業者数　うち常用雇用者　総数","総数","総数","100～199人","46航空運輸業"
"893","000","0000","0120","10390","00000","2016000000","人","33186","従業者数　うち常用雇用者　総数","総数","総数","100～199人","47倉庫業"
"893","000","0000","0120","10430","00000","2016000000","人","56773","従業者数　うち常用雇用者　総数","総数","総数","100～199人","48運輸に附帯するサービス業"
"893","000","0000","0120","10510","00000","2016000000","人","2755","従業者数　うち常用雇用者　総数","総数","総数","100～199人","49郵便業（信書便事業を含む）"
"893","000","0000","0120","10540","00000","2016000000","人","859908","従業者数　うち常用雇用者　総数","総数","総数","100～199人","I卸売業，小売業"
"893","000","0000","0120","10550","00000","2016000000","人","297586","従業者数　うち常用雇用者　総数","総数","総数","100～199人","I1卸売業"
"893","000","0000","0120","10560","00000","2016000000","人","2073","従業者数　うち常用雇用者　総数","総数","総数","100～199人","50各種商品卸売業"
"893","000","0000","0120","10660","00000","2016000000","人","23236","従業者数　うち常用雇用者　総数","総数","総数","100～199人","51繊維・衣服等卸売業"
"893","000","0000","0120","10850","00000","2016000000","人","60540","従業者数　うち常用雇用者　総数","総数","総数","100～199人","52飲食料品卸売業"
"893","000","0000","0120","11120","00000","2016000000","人","36596","従業者数　うち常用雇用者　総数","総数","総数","100～199人","53建築材料，鉱物・金属材料等卸売業"
"893","000","0000","0120","11430","00000","2016000000","人","92535","従業者数　うち常用雇用者　総数","総数","総数","100～199人","54機械器具卸売業"
"893","000","0000","0120","11650","00000","2016000000","人","82477","従業者数　うち常用雇用者　総数","総数","総数","100～199人","55その他の卸売業"
"893","000","0000","0120","11970","00000","2016000000","人","562322","従業者数　うち常用雇用者　総数","総数","総数","100～199人","I2小売業"
"893","000","0000","0120","11980","00000","2016000000","人","92806","従業者数　うち常用雇用者　総数","総数","総数","100～199人","56各種商品小売業"
"893","000","0000","0120","12070","00000","2016000000","人","19792","従業者数　うち常用雇用者　総数","総数","総数","100～199人","57織物・衣服・身の回り品小売業"
"893","000","0000","0120","12280","00000","2016000000","人","337574","従業者数　うち常用雇用者　総数","総数","総数","100～199人","58飲食料品小売業"
"893","000","0000","0120","12620","00000","2016000000","人","22249","従業者数　うち常用雇用者　総数","総数","総数","100～199人","59機械器具小売業"
"893","000","0000","0120","12790","00000","2016000000","人","63808","従業者数　うち常用雇用者　総数","総数","総数","100～199人","60その他の小売業"
"893","000","0000","0120","13350","00000","2016000000","人","25579","従業者数　うち常用雇用者　総数","総数","総数","100～199人","61無店舗小売業"
"893","000","0000","0120","13500","00000","2016000000","人","107619","従業者数　うち常用雇用者　総数","総数","総数","100～199人","J金融業，保険業"
"893","000","0000","0120","13510","00000","2016000000","人","28683","従業者数　うち常用雇用者　総数","総数","総数","100～199人","62銀行業"
"893","000","0000","0120","13560","00000","2016000000","人","15009","従業者数　うち常用雇用者　総数","総数","総数","100～199人","63協同組織金融業"
"893","000","0000","0120","13600","00000","2016000000","人","14036","従業者数　うち常用雇用者　総数","総数","総数","100～199人","64貸金業，クレジットカード業等非預金信用機関"
"893","000","0000","0120","13660","00000","2016000000","人","8810","従業者数　うち常用雇用者　総数","総数","総数","100～199人","65金融商品取引業，商品先物取引業"
"893","000","0000","0120","13700","00000","2016000000","人","5978","従業者数　うち常用雇用者　総数","総数","総数","100～199人","66補助的金融業等"
"893","000","0000","0120","13750","00000","2016000000","人","34438","従業者数　うち常用雇用者　総数","総数","総数","100～199人","67保険業（保険媒介代理業，保険サービス業を含む）"
"893","000","0000","0120","13820","00000","2016000000","人","72419","従業者数　うち常用雇用者　総数","総数","総数","100～199人","K不動産業，物品賃貸業"
"893","000","0000","0120","13830","00000","2016000000","人","58700","従業者数　うち常用雇用者　総数","総数","総数","100～199人","K1不動産業"
"893","000","0000","0120","13840","00000","2016000000","人","14752","従業者数　うち常用雇用者　総数","総数","総数","100～199人","68不動産取引業"
"893","000","0000","0120","13930","00000","2016000000","人","43562","従業者数　うち常用雇用者　総数","総数","総数","100～199人","69不動産賃貸業・管理業"
"893","000","0000","0120","14080","00000","2016000000","人","13719","従業者数　うち常用雇用者　総数","総数","総数","100～199人","K2物品賃貸業"
"893","000","0000","0120","14090","00000","2016000000","人","13719","従業者数　うち常用雇用者　総数","総数","総数","100～199人","70物品賃貸業"
"893","000","0000","0120","14330","00000","2016000000","人","138487","従業者数　うち常用雇用者　総数","総数","総数","100～199人","L学術研究，専門・技術サービス業"
"893","000","0000","0120","14340","00000","2016000000","人","35466","従業者数　うち常用雇用者　総数","総数","総数","100～199人","71学術・開発研究機関"
"893","000","0000","0120","14440","00000","2016000000","人","29073","従業者数　うち常用雇用者　総数","総数","総数","100～199人","72専門サービス業（他に分類されないもの）"
"893","000","0000","0120","14820","00000","2016000000","人","9836","従業者数　うち常用雇用者　総数","総数","総数","100～199人","73広告業"
"893","000","0000","0120","14880","00000","2016000000","人","63989","従業者数　うち常用雇用者　総数","総数","総数","100～199人","74技術サービス業（他に分類されないもの）"
"893","000","0000","0120","15140","00000","2016000000","人","152499","従業者数　うち常用雇用者　総数","総数","総数","100～199人","M宿泊業，飲食サービス業"
"893","000","0000","0120","15150","00000","2016000000","人","72665","従業者数　うち常用雇用者　総数","総数","総数","100～199人","M1宿泊業"
"893","000","0000","0120","15160","00000","2016000000","人","72665","従業者数　うち常用雇用者　総数","総数","総数","100～199人","75宿泊業"
"893","000","0000","0120","15320","00000","2016000000","人","79834","従業者数　うち常用雇用者　総数","総数","総数","100～199人","M2飲食店，持ち帰り・配達飲食サービス業"
"893","000","0000","0120","15330","00000","2016000000","人","60206","従業者数　うち常用雇用者　総数","総数","総数","100～199人","76飲食店"
"893","000","0000","0120","15670","00000","2016000000","人","19109","従業者数　うち常用雇用者　総数","総数","総数","100～199人","77持ち帰り・配達飲食サービス業"
"893","000","0000","0120","15750","00000","2016000000","人","112529","従業者数　うち常用雇用者　総数","総数","総数","100～199人","N生活関連サービス業，娯楽業"
"893","000","0000","0120","15760","00000","2016000000","人","33854","従業者数　うち常用雇用者　総数","総数","総数","100～199人","78洗濯・理容・美容・浴場業"
"893","000","0000","0120","16000","00000","2016000000","人","24045","従業者数　うち常用雇用者　総数","総数","総数","100～199人","79その他の生活関連サービス業"
"893","000","0000","0120","16280","00000","2016000000","人","54524","従業者数　うち常用雇用者　総数","総数","総数","100～199人","80娯楽業"
"893","000","0000","0120","16890","00000","2016000000","人","142290","従業者数　うち常用雇用者　総数","総数","総数","100～199人","O教育，学習支援業"
"893","000","0000","0120","16900","00000","2016000000","人","117654","従業者数　うち常用雇用者　総数","総数","総数","100～199人","O1教育，学習支援業（学校教育）"
"893","000","0000","0120","16910","00000","2016000000","人","117654","従業者数　うち常用雇用者　総数","総数","総数","100～199人","81学校教育"
"893","000","0000","0120","17160","00000","2016000000","人","24636","従業者数　うち常用雇用者　総数","総数","総数","100～199人","O2教育，学習支援業（その他の教育，学習支援業）"
"893","000","0000","0120","17170","00000","2016000000","人","24636","従業者数　うち常用雇用者　総数","総数","総数","100～199人","82その他の教育，学習支援業"
"893","000","0000","0120","17570","00000","2016000000","人","730009","従業者数　うち常用雇用者　総数","総数","総数","100～199人","P医療，福祉"
"893","000","0000","0120","17580","00000","2016000000","人","390452","従業者数　うち常用雇用者　総数","総数","総数","100～199人","83医療業"
"893","000","0000","0120","17830","00000","2016000000","人","16105","従業者数　うち常用雇用者　総数","総数","総数","100～199人","84保健衛生"
"893","000","0000","0120","17960","00000","2016000000","人","323313","従業者数　うち常用雇用者　総数","総数","総数","100～199人","85社会保険・社会福祉・介護事業"
"893","000","0000","0120","18300","00000","2016000000","人","70519","従業者数　うち常用雇用者　総数","総数","総数","100～199人","Q複合サービス事業"
"893","000","0000","0120","18310","00000","2016000000","人","51830","従業者数　うち常用雇用者　総数","総数","総数","100～199人","Q1複合サービス事業（郵便局）"
"893","000","0000","0120","18320","00000","2016000000","人","51830","従業者数　うち常用雇用者　総数","総数","総数","100～199人","86郵便局"
"893","000","0000","0120","18370","00000","2016000000","人","18689","従業者数　うち常用雇用者　総数","総数","総数","100～199人","Q2複合サービス事業（協同組合）"
"893","000","0000","0120","18380","00000","2016000000","人","18689","従業者数　うち常用雇用者　総数","総数","総数","100～199人","87協同組合（他に分類されないもの）"
"893","000","0000","0120","18480","00000","2016000000","人","608053","従業者数　うち常用雇用者　総数","総数","総数","100～199人","Rサービス業（他に分類されないもの）"
"893","000","0000","0120","18490","00000","2016000000","人","16643","従業者数　うち常用雇用者　総数","総数","総数","100～199人","R1サービス業（政治・経済・文化団体，宗教）"
"893","000","0000","0120","18500","00000","2016000000","人","12040","従業者数　うち常用雇用者　総数","総数","総数","100～199人","93政治・経済・文化団体"
"893","000","0000","0120","18560","00000","2016000000","人","4476","従業者数　うち常用雇用者　総数","総数","総数","100～199人","94宗教"
"893","000","0000","0120","18610","00000","2016000000","人","591410","従業者数　うち常用雇用者　総数","総数","総数","100～199人","R2サービス業（政治・経済・文化団体，宗教を除く）"
"893","000","0000","0120","18620","00000","2016000000","人","15478","従業者数　うち常用雇用者　総数","総数","総数","100～199人","88廃棄物処理業"
"893","000","0000","0120","18810","00000","2016000000","人","2771","従業者数　うち常用雇用者　総数","総数","総数","100～199人","89自動車整備業"
"893","000","0000","0120","18870","00000","2016000000","人","17689","従業者数　うち常用雇用者　総数","総数","総数","100～199人","90機械等修理業（別掲を除く）"
"893","000","0000","0120","19040","00000","2016000000","人","175107","従業者数　うち常用雇用者　総数","総数","総数","100～199人","91職業紹介・労働者派遣業"
"893","000","0000","0120","19120","00000","2016000000","人","378430","従業者数　うち常用雇用者　総数","総数","総数","100～199人","92その他の事業サービス業"
"893","000","0000","0120","19300","00000","2016000000","人","1480","従業者数　うち常用雇用者　総数","総数","総数","100～199人","95その他のサービス業"
"893","000","0000","0130","00010","00000","2016000000","人","2390949","従業者数　うち常用雇用者　総数","総数","総数","200～299人","A～R全産業（Ｓ公務を除く）"
"893","000","0000","0130","00020","00000","2016000000","人","6644","従業者数　うち常用雇用者　総数","総数","総数","200～299人","A～B農林漁業"
"893","000","0000","0130","00030","00000","2016000000","人","6441","従業者数　うち常用雇用者　総数","総数","総数","200～299人","A農業，林業"
"893","000","0000","0130","00040","00000","2016000000","人","6441","従業者数　うち常用雇用者　総数","総数","総数","200～299人","01農業"
"893","000","0000","0130","00500","00000","2016000000","人","203","従業者数　うち常用雇用者　総数","総数","総数","200～299人","B漁業"
"893","000","0000","0130","00510","00000","2016000000","人","203","従業者数　うち常用雇用者　総数","総数","総数","200～299人","03漁業（水産養殖業を除く）"
"893","000","0000","0130","00800","00000","2016000000","人","2384305","従業者数　うち常用雇用者　総数","総数","総数","200～299人","C～R非農林漁業（Ｓ公務を除く）"
"893","000","0000","0130","00810","00000","2016000000","人","259","従業者数　うち常用雇用者　総数","総数","総数","200～299人","C鉱業，採石業，砂利採取業"
"893","000","0000","0130","00820","00000","2016000000","人","259","従業者数　うち常用雇用者　総数","総数","総数","200～299人","05鉱業，採石業，砂利採取業"
"893","000","0000","0130","01220","00000","2016000000","人","57189","従業者数　うち常用雇用者　総数","総数","総数","200～299人","D建設業"
"893","000","0000","0130","01230","00000","2016000000","人","28261","従業者数　うち常用雇用者　総数","総数","総数","200～299人","06総合工事業"
"893","000","0000","0130","01310","00000","2016000000","人","2154","従業者数　うち常用雇用者　総数","総数","総数","200～299人","07職別工事業（設備工事業を除く）"
"893","000","0000","0130","01420","00000","2016000000","人","26774","従業者数　うち常用雇用者　総数","総数","総数","200～299人","08設備工事業"
"893","000","0000","0130","01490","00000","2016000000","人","580887","従業者数　うち常用雇用者　総数","総数","総数","200～299人","E製造業"
"893","000","0000","0130","01500","00000","2016000000","人","118938","従業者数　うち常用雇用者　総数","総数","総数","200～299人","09食料品製造業"
"893","000","0000","0130","02040","00000","2016000000","人","10870","従業者数　うち常用雇用者　総数","総数","総数","200～299人","10飲料・たばこ・飼料製造業"
"893","000","0000","0130","02280","00000","2016000000","人","12879","従業者数　うち常用雇用者　総数","総数","総数","200～299人","11繊維工業"
"893","000","0000","0130","03050","00000","2016000000","人","2193","従業者数　うち常用雇用者　総数","総数","総数","200～299人","12木材・木製品製造業（家具を除く）"
"893","000","0000","0130","03310","00000","2016000000","人","3735","従業者数　うち常用雇用者　総数","総数","総数","200～299人","13家具・装備品製造業"
"893","000","0000","0130","03480","00000","2016000000","人","14773","従業者数　うち常用雇用者　総数","総数","総数","200～299人","14パルプ・紙・紙加工品製造業"
"893","000","0000","0130","03730","00000","2016000000","人","13218","従業者数　うち常用雇用者　総数","総数","総数","200～299人","15印刷・同関連業"
"893","000","0000","0130","03880","00000","2016000000","人","47511","従業者数　うち常用雇用者　総数","総数","総数","200～299人","16化学工業"
"893","000","0000","0130","04370","00000","2016000000","人","1566","従業者数　うち常用雇用者　総数","総数","総数","200～299人","17石油製品・石炭製品製造業"
"893","000","0000","0130","04510","00000","2016000000","人","29720","従業者数　うち常用雇用者　総数","総数","総数","200～299人","18プラスチック製品製造業（別掲を除く）"
"893","000","0000","0130","04860","00000","2016000000","人","8088","従業者数　うち常用雇用者　総数","総数","総数","200～299人","19ゴム製品製造業"
"893","000","0000","0130","05070","00000","2016000000","人","540","従業者数　うち常用雇用者　総数","総数","総数","200～299人","20なめし革・同製品・毛皮製造業"
"893","000","0000","0130","05300","00000","2016000000","人","13759","従業者数　うち常用雇用者　総数","総数","総数","200～299人","21窯業・土石製品製造業"
"893","000","0000","0130","05870","00000","2016000000","人","17460","従業者数　うち常用雇用者　総数","総数","総数","200～299人","22鉄鋼業"
"893","000","0000","0130","06210","00000","2016000000","人","12622","従業者数　うち常用雇用者　総数","総数","総数","200～299人","23非鉄金属製造業"
"893","000","0000","0130","06490","00000","2016000000","人","26009","従業者数　うち常用雇用者　総数","総数","総数","200～299人","24金属製品製造業"
"893","000","0000","0130","06950","00000","2016000000","人","23453","従業者数　うち常用雇用者　総数","総数","総数","200～299人","25はん用機械器具製造業"
"893","000","0000","0130","07220","00000","2016000000","人","36830","従業者数　うち常用雇用者　総数","総数","総数","200～299人","26生産用機械器具製造業"
"893","000","0000","0130","07600","00000","2016000000","人","20304","従業者数　うち常用雇用者　総数","総数","総数","200～299人","27業務用機械器具製造業"
"893","000","0000","0130","07930","00000","2016000000","人","38041","従業者数　うち常用雇用者　総数","総数","総数","200～299人","28電子部品・デバイス・電子回路製造業"
"893","000","0000","0130","08180","00000","2016000000","人","37097","従業者数　うち常用雇用者　総数","総数","総数","200～299人","29電気機械器具製造業"
"893","000","0000","0130","08530","00000","2016000000","人","13286","従業者数　うち常用雇用者　総数","総数","総数","200～299人","30情報通信機械器具製造業"
"893","000","0000","0130","08750","00000","2016000000","人","65337","従業者数　うち常用雇用者　総数","総数","総数","200～299人","31輸送用機械器具製造業"
"893","000","0000","0130","09010","00000","2016000000","人","12230","従業者数　うち常用雇用者　総数","総数","総数","200～299人","32その他の製造業"
"893","000","0000","0130","09500","00000","2016000000","人","14701","従業者数　うち常用雇用者　総数","総数","総数","200～299人","F電気・ガス・熱供給・水道業"
"893","000","0000","0130","09510","00000","2016000000","人","9193","従業者数　うち常用雇用者　総数","総数","総数","200～299人","33電気業"
"893","000","0000","0130","09540","00000","2016000000","人","4112","従業者数　うち常用雇用者　総数","総数","総数","200～299人","34ガス業"
"893","000","0000","0130","09600","00000","2016000000","人","1396","従業者数　うち常用雇用者　総数","総数","総数","200～299人","36水道業"
"893","000","0000","0130","09650","00000","2016000000","人","111990","従業者数　うち常用雇用者　総数","総数","総数","200～299人","G情報通信業"
"893","000","0000","0130","09660","00000","2016000000","人","26978","従業者数　うち常用雇用者　総数","総数","総数","200～299人","G1情報通信業（通信業，放送業，映像・音声・文字情報制作業）"
"893","000","0000","0130","09670","00000","2016000000","人","9250","従業者数　うち常用雇用者　総数","総数","総数","200～299人","37通信業"
"893","000","0000","0130","09720","00000","2016000000","人","3731","従業者数　うち常用雇用者　総数","総数","総数","200～299人","38放送業"
"893","000","0000","0130","09780","00000","2016000000","人","13997","従業者数　うち常用雇用者　総数","総数","総数","200～299人","41映像・音声・文字情報制作業"
"893","000","0000","0130","09860","00000","2016000000","人","85012","従業者数　うち常用雇用者　総数","総数","総数","200～299人","G2情報通信業（情報サービス業，インターネット附随サービス業）"
"893","000","0000","0130","09870","00000","2016000000","人","78173","従業者数　うち常用雇用者　総数","総数","総数","200～299人","39情報サービス業"
"893","000","0000","0130","10040","00000","2016000000","人","6839","従業者数　うち常用雇用者　総数","総数","総数","200～299人","40インターネット附随サービス業"
"893","000","0000","0130","10120","00000","2016000000","人","207017","従業者数　うち常用雇用者　総数","総数","総数","200～299人","H運輸業，郵便業"
"893","000","0000","0130","10130","00000","2016000000","人","31522","従業者数　うち常用雇用者　総数","総数","総数","200～299人","42鉄道業"
"893","000","0000","0130","10160","00000","2016000000","人","56562","従業者数　うち常用雇用者　総数","総数","総数","200～299人","43道路旅客運送業"
"893","000","0000","0130","10220","00000","2016000000","人","61731","従業者数　うち常用雇用者　総数","総数","総数","200～299人","44道路貨物運送業"
"893","000","0000","0130","10290","00000","2016000000","人","1500","従業者数　うち常用雇用者　総数","総数","総数","200～299人","45水運業"
"893","000","0000","0130","10350","00000","2016000000","人","1963","従業者数　うち常用雇用者　総数","総数","総数","200～299人","46航空運輸業"
"893","000","0000","0130","10390","00000","2016000000","人","15739","従業者数　うち常用雇用者　総数","総数","総数","200～299人","47倉庫業"
"893","000","0000","0130","10430","00000","2016000000","人","25411","従業者数　うち常用雇用者　総数","総数","総数","200～299人","48運輸に附帯するサービス業"
"893","000","0000","0130","10510","00000","2016000000","人","12589","従業者数　うち常用雇用者　総数","総数","総数","200～299人","49郵便業（信書便事業を含む）"
"893","000","0000","0130","10540","00000","2016000000","人","315218","従業者数　うち常用雇用者　総数","総数","総数","200～299人","I卸売業，小売業"
"893","000","0000","0130","10550","00000","2016000000","人","129758","従業者数　うち常用雇用者　総数","総数","総数","200～299人","I1卸売業"
"893","000","0000","0130","10560","00000","2016000000","人","1549","従業者数　うち常用雇用者　総数","総数","総数","200～299人","50各種商品卸売業"
"893","000","0000","0130","10660","00000","2016000000","人","11404","従業者数　うち常用雇用者　総数","総数","総数","200～299人","51繊維・衣服等卸売業"
"893","000","0000","0130","10850","00000","2016000000","人","23420","従業者数　うち常用雇用者　総数","総数","総数","200～299人","52飲食料品卸売業"
"893","000","0000","0130","11120","00000","2016000000","人","17874","従業者数　うち常用雇用者　総数","総数","総数","200～299人","53建築材料，鉱物・金属材料等卸売業"
"893","000","0000","0130","11430","00000","2016000000","人","42574","従業者数　うち常用雇用者　総数","総数","総数","200～299人","54機械器具卸売業"
"893","000","0000","0130","11650","00000","2016000000","人","32937","従業者数　うち常用雇用者　総数","総数","総数","200～299人","55その他の卸売業"
"893","000","0000","0130","11970","00000","2016000000","人","185460","従業者数　うち常用雇用者　総数","総数","総数","200～299人","I2小売業"
"893","000","0000","0130","11980","00000","2016000000","人","88207","従業者数　うち常用雇用者　総数","総数","総数","200～299人","56各種商品小売業"
"893","000","0000","0130","12070","00000","2016000000","人","7349","従業者数　うち常用雇用者　総数","総数","総数","200～299人","57織物・衣服・身の回り品小売業"
"893","000","0000","0130","12280","00000","2016000000","人","50481","従業者数　うち常用雇用者　総数","総数","総数","200～299人","58飲食料品小売業"
"893","000","0000","0130","12620","00000","2016000000","人","8045","従業者数　うち常用雇用者　総数","総数","総数","200～299人","59機械器具小売業"
"893","000","0000","0130","12790","00000","2016000000","人","19808","従業者数　うち常用雇用者　総数","総数","総数","200～299人","60その他の小売業"
"893","000","0000","0130","13350","00000","2016000000","人","11330","従業者数　うち常用雇用者　総数","総数","総数","200～299人","61無店舗小売業"
"893","000","0000","0130","13500","00000","2016000000","人","56126","従業者数　うち常用雇用者　総数","総数","総数","200～299人","J金融業，保険業"
"893","000","0000","0130","13510","00000","2016000000","人","10812","従業者数　うち常用雇用者　総数","総数","総数","200～299人","62銀行業"
"893","000","0000","0130","13560","00000","2016000000","人","8586","従業者数　うち常用雇用者　総数","総数","総数","200～299人","63協同組織金融業"
"893","000","0000","0130","13600","00000","2016000000","人","9667","従業者数　うち常用雇用者　総数","総数","総数","200～299人","64貸金業，クレジットカード業等非預金信用機関"
"893","000","0000","0130","13660","00000","2016000000","人","4295","従業者数　うち常用雇用者　総数","総数","総数","200～299人","65金融商品取引業，商品先物取引業"
"893","000","0000","0130","13700","00000","2016000000","人","2124","従業者数　うち常用雇用者　総数","総数","総数","200～299人","66補助的金融業等"
"893","000","0000","0130","13750","00000","2016000000","人","20394","従業者数　うち常用雇用者　総数","総数","総数","200～299人","67保険業（保険媒介代理業，保険サービス業を含む）"
"893","000","0000","0130","13820","00000","2016000000","人","35240","従業者数　うち常用雇用者　総数","総数","総数","200～299人","K不動産業，物品賃貸業"
"893","000","0000","0130","13830","00000","2016000000","人","31648","従業者数　うち常用雇用者　総数","総数","総数","200～299人","K1不動産業"
"893","000","0000","0130","13840","00000","2016000000","人","6105","従業者数　うち常用雇用者　総数","総数","総数","200～299人","68不動産取引業"
"893","000","0000","0130","13930","00000","2016000000","人","24553","従業者数　うち常用雇用者　総数","総数","総数","200～299人","69不動産賃貸業・管理業"
"893","000","0000","0130","14080","00000","2016000000","人","3592","従業者数　うち常用雇用者　総数","総数","総数","200～299人","K2物品賃貸業"
"893","000","0000","0130","14090","00000","2016000000","人","3592","従業者数　うち常用雇用者　総数","総数","総数","200～299人","70物品賃貸業"
"893","000","0000","0130","14330","00000","2016000000","人","83791","従業者数　うち常用雇用者　総数","総数","総数","200～299人","L学術研究，専門・技術サービス業"
"893","000","0000","0130","14340","00000","2016000000","人","22978","従業者数　うち常用雇用者　総数","総数","総数","200～299人","71学術・開発研究機関"
"893","000","0000","0130","14440","00000","2016000000","人","19708","従業者数　うち常用雇用者　総数","総数","総数","200～299人","72専門サービス業（他に分類されないもの）"
"893","000","0000","0130","14820","00000","2016000000","人","6838","従業者数　うち常用雇用者　総数","総数","総数","200～299人","73広告業"
"893","000","0000","0130","14880","00000","2016000000","人","34267","従業者数　うち常用雇用者　総数","総数","総数","200～299人","74技術サービス業（他に分類されないもの）"
"893","000","0000","0130","15140","00000","2016000000","人","59241","従業者数　うち常用雇用者　総数","総数","総数","200～299人","M宿泊業，飲食サービス業"
"893","000","0000","0130","15150","00000","2016000000","人","33222","従業者数　うち常用雇用者　総数","総数","総数","200～299人","M1宿泊業"
"893","000","0000","0130","15160","00000","2016000000","人","33222","従業者数　うち常用雇用者　総数","総数","総数","200～299人","75宿泊業"
"893","000","0000","0130","15320","00000","2016000000","人","26019","従業者数　うち常用雇用者　総数","総数","総数","200～299人","M2飲食店，持ち帰り・配達飲食サービス業"
"893","000","0000","0130","15330","00000","2016000000","人","14847","従業者数　うち常用雇用者　総数","総数","総数","200～299人","76飲食店"
"893","000","0000","0130","15670","00000","2016000000","人","11172","従業者数　うち常用雇用者　総数","総数","総数","200～299人","77持ち帰り・配達飲食サービス業"
"893","000","0000","0130","15750","00000","2016000000","人","29212","従業者数　うち常用雇用者　総数","総数","総数","200～299人","N生活関連サービス業，娯楽業"
"893","000","0000","0130","15760","00000","2016000000","人","7032","従業者数　うち常用雇用者　総数","総数","総数","200～299人","78洗濯・理容・美容・浴場業"
"893","000","0000","0130","16000","00000","2016000000","人","7857","従業者数　うち常用雇用者　総数","総数","総数","200～299人","79その他の生活関連サービス業"
"893","000","0000","0130","16280","00000","2016000000","人","14323","従業者数　うち常用雇用者　総数","総数","総数","200～299人","80娯楽業"
"893","000","0000","0130","16890","00000","2016000000","人","61281","従業者数　うち常用雇用者　総数","総数","総数","200～299人","O教育，学習支援業"
"893","000","0000","0130","16900","00000","2016000000","人","50252","従業者数　うち常用雇用者　総数","総数","総数","200～299人","O1教育，学習支援業（学校教育）"
"893","000","0000","0130","16910","00000","2016000000","人","50252","従業者数　うち常用雇用者　総数","総数","総数","200～299人","81学校教育"
"893","000","0000","0130","17160","00000","2016000000","人","11029","従業者数　うち常用雇用者　総数","総数","総数","200～299人","O2教育，学習支援業（その他の教育，学習支援業）"
"893","000","0000","0130","17170","00000","2016000000","人","11029","従業者数　うち常用雇用者　総数","総数","総数","200～299人","82その他の教育，学習支援業"
"893","000","0000","0130","17570","00000","2016000000","人","374910","従業者数　うち常用雇用者　総数","総数","総数","200～299人","P医療，福祉"
"893","000","0000","0130","17580","00000","2016000000","人","329334","従業者数　うち常用雇用者　総数","総数","総数","200～299人","83医療業"
"893","000","0000","0130","17830","00000","2016000000","人","4788","従業者数　うち常用雇用者　総数","総数","総数","200～299人","84保健衛生"
"893","000","0000","0130","17960","00000","2016000000","人","40327","従業者数　うち常用雇用者　総数","総数","総数","200～299人","85社会保険・社会福祉・介護事業"
"893","000","0000","0130","18300","00000","2016000000","人","46731","従業者数　うち常用雇用者　総数","総数","総数","200～299人","Q複合サービス事業"
"893","000","0000","0130","18310","00000","2016000000","人","40422","従業者数　うち常用雇用者　総数","総数","総数","200～299人","Q1複合サービス事業（郵便局）"
"893","000","0000","0130","18320","00000","2016000000","人","40422","従業者数　うち常用雇用者　総数","総数","総数","200～299人","86郵便局"
"893","000","0000","0130","18370","00000","2016000000","人","6309","従業者数　うち常用雇用者　総数","総数","総数","200～299人","Q2複合サービス事業（協同組合）"
"893","000","0000","0130","18380","00000","2016000000","人","6309","従業者数　うち常用雇用者　総数","総数","総数","200～299人","87協同組合（他に分類されないもの）"
"893","000","0000","0130","18480","00000","2016000000","人","350512","従業者数　うち常用雇用者　総数","総数","総数","200～299人","Rサービス業（他に分類されないもの）"
"893","000","0000","0130","18490","00000","2016000000","人","8348","従業者数　うち常用雇用者　総数","総数","総数","200～299人","R1サービス業（政治・経済・文化団体，宗教）"
"893","000","0000","0130","18500","00000","2016000000","人","6262","従業者数　うち常用雇用者　総数","総数","総数","200～299人","93政治・経済・文化団体"
"893","000","0000","0130","18560","00000","2016000000","人","2086","従業者数　うち常用雇用者　総数","総数","総数","200～299人","94宗教"
"893","000","0000","0130","18610","00000","2016000000","人","342164","従業者数　うち常用雇用者　総数","総数","総数","200～299人","R2サービス業（政治・経済・文化団体，宗教を除く）"
"893","000","0000","0130","18620","00000","2016000000","人","4270","従業者数　うち常用雇用者　総数","総数","総数","200～299人","88廃棄物処理業"
"893","000","0000","0130","18810","00000","2016000000","人","965","従業者数　うち常用雇用者　総数","総数","総数","200～299人","89自動車整備業"
"893","000","0000","0130","18870","00000","2016000000","人","6883","従業者数　うち常用雇用者　総数","総数","総数","200～299人","90機械等修理業（別掲を除く）"
"893","000","0000","0130","19040","00000","2016000000","人","110052","従業者数　うち常用雇用者　総数","総数","総数","200～299人","91職業紹介・労働者派遣業"
"893","000","0000","0130","19120","00000","2016000000","人","219096","従業者数　うち常用雇用者　総数","総数","総数","200～299人","92その他の事業サービス業"
"893","000","0000","0130","19300","00000","2016000000","人","657","従業者数　うち常用雇用者　総数","総数","総数","200～299人","95その他のサービス業"
"893","000","0000","0170","00010","00000","2016000000","人","7880041","従業者数　うち常用雇用者　総数","総数","総数","300人以上","A～R全産業（Ｓ公務を除く）"
"893","000","0000","0170","00020","00000","2016000000","人","711","従業者数　うち常用雇用者　総数","総数","総数","300人以上","A～B農林漁業"
"893","000","0000","0170","00030","00000","2016000000","人","711","従業者数　うち常用雇用者　総数","総数","総数","300人以上","A農業，林業"
"893","000","0000","0170","00040","00000","2016000000","人","711","従業者数　うち常用雇用者　総数","総数","総数","300人以上","01農業"
"893","000","0000","0170","00800","00000","2016000000","人","7879330","従業者数　うち常用雇用者　総数","総数","総数","300人以上","C～R非農林漁業（Ｓ公務を除く）"
"893","000","0000","0170","00810","00000","2016000000","人","1437","従業者数　うち常用雇用者　総数","総数","総数","300人以上","C鉱業，採石業，砂利採取業"
"893","000","0000","0170","00820","00000","2016000000","人","1437","従業者数　うち常用雇用者　総数","総数","総数","300人以上","05鉱業，採石業，砂利採取業"
"893","000","0000","0170","01220","00000","2016000000","人","153777","従業者数　うち常用雇用者　総数","総数","総数","300人以上","D建設業"
"893","000","0000","0170","01230","00000","2016000000","人","82826","従業者数　うち常用雇用者　総数","総数","総数","300人以上","06総合工事業"
"893","000","0000","0170","01310","00000","2016000000","人","4029","従業者数　うち常用雇用者　総数","総数","総数","300人以上","07職別工事業（設備工事業を除く）"
"893","000","0000","0170","01420","00000","2016000000","人","66922","従業者数　うち常用雇用者　総数","総数","総数","300人以上","08設備工事業"
"893","000","0000","0170","01490","00000","2016000000","人","2349102","従業者数　うち常用雇用者　総数","総数","総数","300人以上","E製造業"
"893","000","0000","0170","01500","00000","2016000000","人","261421","従業者数　うち常用雇用者　総数","総数","総数","300人以上","09食料品製造業"
"893","000","0000","0170","02040","00000","2016000000","人","11192","従業者数　うち常用雇用者　総数","総数","総数","300人以上","10飲料・たばこ・飼料製造業"
"893","000","0000","0170","02280","00000","2016000000","人","14420","従業者数　うち常用雇用者　総数","総数","総数","300人以上","11繊維工業"
"893","000","0000","0170","03050","00000","2016000000","人","2301","従業者数　うち常用雇用者　総数","総数","総数","300人以上","12木材・木製品製造業（家具を除く）"
"893","000","0000","0170","03310","00000","2016000000","人","11389","従業者数　うち常用雇用者　総数","総数","総数","300人以上","13家具・装備品製造業"
"893","000","0000","0170","03480","00000","2016000000","人","16946","従業者数　うち常用雇用者　総数","総数","総数","300人以上","14パルプ・紙・紙加工品製造業"
"893","000","0000","0170","03730","00000","2016000000","人","36972","従業者数　うち常用雇用者　総数","総数","総数","300人以上","15印刷・同関連業"
"893","000","0000","0170","03880","00000","2016000000","人","154063","従業者数　うち常用雇用者　総数","総数","総数","300人以上","16化学工業"
"893","000","0000","0170","04370","00000","2016000000","人","13433","従業者数　うち常用雇用者　総数","総数","総数","300人以上","17石油製品・石炭製品製造業"
"893","000","0000","0170","04510","00000","2016000000","人","53657","従業者数　うち常用雇用者　総数","総数","総数","300人以上","18プラスチック製品製造業（別掲を除く）"
"893","000","0000","0170","04860","00000","2016000000","人","47503","従業者数　うち常用雇用者　総数","総数","総数","300人以上","19ゴム製品製造業"
"893","000","0000","0170","05300","00000","2016000000","人","35965","従業者数　うち常用雇用者　総数","総数","総数","300人以上","21窯業・土石製品製造業"
"893","000","0000","0170","05870","00000","2016000000","人","86440","従業者数　うち常用雇用者　総数","総数","総数","300人以上","22鉄鋼業"
"893","000","0000","0170","06210","00000","2016000000","人","45651","従業者数　うち常用雇用者　総数","総数","総数","300人以上","23非鉄金属製造業"
"893","000","0000","0170","06490","00000","2016000000","人","48463","従業者数　うち常用雇用者　総数","総数","総数","300人以上","24金属製品製造業"
"893","000","0000","0170","06950","00000","2016000000","人","131479","従業者数　うち常用雇用者　総数","総数","総数","300人以上","25はん用機械器具製造業"
"893","000","0000","0170","07220","00000","2016000000","人","124805","従業者数　うち常用雇用者　総数","総数","総数","300人以上","26生産用機械器具製造業"
"893","000","0000","0170","07600","00000","2016000000","人","84773","従業者数　うち常用雇用者　総数","総数","総数","300人以上","27業務用機械器具製造業"
"893","000","0000","0170","07930","00000","2016000000","人","201204","従業者数　うち常用雇用者　総数","総数","総数","300人以上","28電子部品・デバイス・電子回路製造業"
"893","000","0000","0170","08180","00000","2016000000","人","202781","従業者数　うち常用雇用者　総数","総数","総数","300人以上","29電気機械器具製造業"
"893","000","0000","0170","08530","00000","2016000000","人","98829","従業者数　うち常用雇用者　総数","総数","総数","300人以上","30情報通信機械器具製造業"
"893","000","0000","0170","08750","00000","2016000000","人","641653","従業者数　うち常用雇用者　総数","総数","総数","300人以上","31輸送用機械器具製造業"
"893","000","0000","0170","09010","00000","2016000000","人","22951","従業者数　うち常用雇用者　総数","総数","総数","300人以上","32その他の製造業"
"893","000","0000","0170","09500","00000","2016000000","人","45240","従業者数　うち常用雇用者　総数","総数","総数","300人以上","F電気・ガス・熱供給・水道業"
"893","000","0000","0170","09510","00000","2016000000","人","31639","従業者数　うち常用雇用者　総数","総数","総数","300人以上","33電気業"
"893","000","0000","0170","09540","00000","2016000000","人","12799","従業者数　うち常用雇用者　総数","総数","総数","300人以上","34ガス業"
"893","000","0000","0170","09600","00000","2016000000","人","802","従業者数　うち常用雇用者　総数","総数","総数","300人以上","36水道業"
"893","000","0000","0170","09650","00000","2016000000","人","578046","従業者数　うち常用雇用者　総数","総数","総数","300人以上","G情報通信業"
"893","000","0000","0170","09660","00000","2016000000","人","148489","従業者数　うち常用雇用者　総数","総数","総数","300人以上","G1情報通信業（通信業，放送業，映像・音声・文字情報制作業）"
"893","000","0000","0170","09670","00000","2016000000","人","80445","従業者数　うち常用雇用者　総数","総数","総数","300人以上","37通信業"
"893","000","0000","0170","09720","00000","2016000000","人","19524","従業者数　うち常用雇用者　総数","総数","総数","300人以上","38放送業"
"893","000","0000","0170","09780","00000","2016000000","人","47804","従業者数　うち常用雇用者　総数","総数","総数","300人以上","41映像・音声・文字情報制作業"
"893","000","0000","0170","09860","00000","2016000000","人","429557","従業者数　うち常用雇用者　総数","総数","総数","300人以上","G2情報通信業（情報サービス業，インターネット附随サービス業）"
"893","000","0000","0170","09870","00000","2016000000","人","395468","従業者数　うち常用雇用者　総数","総数","総数","300人以上","39情報サービス業"
"893","000","0000","0170","10040","00000","2016000000","人","34089","従業者数　うち常用雇用者　総数","総数","総数","300人以上","40インターネット附随サービス業"
"893","000","0000","0170","10120","00000","2016000000","人","374307","従業者数　うち常用雇用者　総数","総数","総数","300人以上","H運輸業，郵便業"
"893","000","0000","0170","10130","00000","2016000000","人","65699","従業者数　うち常用雇用者　総数","総数","総数","300人以上","42鉄道業"
"893","000","0000","0170","10160","00000","2016000000","人","34882","従業者数　うち常用雇用者　総数","総数","総数","300人以上","43道路旅客運送業"
"893","000","0000","0170","10220","00000","2016000000","人","86844","従業者数　うち常用雇用者　総数","総数","総数","300人以上","44道路貨物運送業"
"893","000","0000","0170","10290","00000","2016000000","人","4392","従業者数　うち常用雇用者　総数","総数","総数","300人以上","45水運業"
"893","000","0000","0170","10350","00000","2016000000","人","33560","従業者数　うち常用雇用者　総数","総数","総数","300人以上","46航空運輸業"
"893","000","0000","0170","10390","00000","2016000000","人","13528","従業者数　うち常用雇用者　総数","総数","総数","300人以上","47倉庫業"
"893","000","0000","0170","10430","00000","2016000000","人","44335","従業者数　うち常用雇用者　総数","総数","総数","300人以上","48運輸に附帯するサービス業"
"893","000","0000","0170","10510","00000","2016000000","人","91067","従業者数　うち常用雇用者　総数","総数","総数","300人以上","49郵便業（信書便事業を含む）"
"893","000","0000","0170","10540","00000","2016000000","人","717609","従業者数　うち常用雇用者　総数","総数","総数","300人以上","I卸売業，小売業"
"893","000","0000","0170","10550","00000","2016000000","人","471797","従業者数　うち常用雇用者　総数","総数","総数","300人以上","I1卸売業"
"893","000","0000","0170","10560","00000","2016000000","人","20980","従業者数　うち常用雇用者　総数","総数","総数","300人以上","50各種商品卸売業"
"893","000","0000","0170","10660","00000","2016000000","人","35538","従業者数　うち常用雇用者　総数","総数","総数","300人以上","51繊維・衣服等卸売業"
"893","000","0000","0170","10850","00000","2016000000","人","40211","従業者数　うち常用雇用者　総数","総数","総数","300人以上","52飲食料品卸売業"
"893","000","0000","0170","11120","00000","2016000000","人","53498","従業者数　うち常用雇用者　総数","総数","総数","300人以上","53建築材料，鉱物・金属材料等卸売業"
"893","000","0000","0170","11430","00000","2016000000","人","213740","従業者数　うち常用雇用者　総数","総数","総数","300人以上","54機械器具卸売業"
"893","000","0000","0170","11650","00000","2016000000","人","107830","従業者数　うち常用雇用者　総数","総数","総数","300人以上","55その他の卸売業"
"893","000","0000","0170","11970","00000","2016000000","人","245812","従業者数　うち常用雇用者　総数","総数","総数","300人以上","I2小売業"
"893","000","0000","0170","11980","00000","2016000000","人","135669","従業者数　うち常用雇用者　総数","総数","総数","300人以上","56各種商品小売業"
"893","000","0000","0170","12070","00000","2016000000","人","15093","従業者数　うち常用雇用者　総数","総数","総数","300人以上","57織物・衣服・身の回り品小売業"
"893","000","0000","0170","12280","00000","2016000000","人","27879","従業者数　うち常用雇用者　総数","総数","総数","300人以上","58飲食料品小売業"
"893","000","0000","0170","12620","00000","2016000000","人","7289","従業者数　うち常用雇用者　総数","総数","総数","300人以上","59機械器具小売業"
"893","000","0000","0170","12790","00000","2016000000","人","26101","従業者数　うち常用雇用者　総数","総数","総数","300人以上","60その他の小売業"
"893","000","0000","0170","13350","00000","2016000000","人","33781","従業者数　うち常用雇用者　総数","総数","総数","300人以上","61無店舗小売業"
"893","000","0000","0170","13500","00000","2016000000","人","272446","従業者数　うち常用雇用者　総数","総数","総数","300人以上","J金融業，保険業"
"893","000","0000","0170","13510","00000","2016000000","人","105804","従業者数　うち常用雇用者　総数","総数","総数","300人以上","62銀行業"
"893","000","0000","0170","13560","00000","2016000000","人","9967","従業者数　うち常用雇用者　総数","総数","総数","300人以上","63協同組織金融業"
"893","000","0000","0170","13600","00000","2016000000","人","32320","従業者数　うち常用雇用者　総数","総数","総数","300人以上","64貸金業，クレジットカード業等非預金信用機関"
"893","000","0000","0170","13660","00000","2016000000","人","24885","従業者数　うち常用雇用者　総数","総数","総数","300人以上","65金融商品取引業，商品先物取引業"
"893","000","0000","0170","13700","00000","2016000000","人","2680","従業者数　うち常用雇用者　総数","総数","総数","300人以上","66補助的金融業等"
"893","000","0000","0170","13750","00000","2016000000","人","96790","従業者数　うち常用雇用者　総数","総数","総数","300人以上","67保険業（保険媒介代理業，保険サービス業を含む）"
"893","000","0000","0170","13820","00000","2016000000","人","101713","従業者数　うち常用雇用者　総数","総数","総数","300人以上","K不動産業，物品賃貸業"
"893","000","0000","0170","13830","00000","2016000000","人","81375","従業者数　うち常用雇用者　総数","総数","総数","300人以上","K1不動産業"
"893","000","0000","0170","13840","00000","2016000000","人","19419","従業者数　うち常用雇用者　総数","総数","総数","300人以上","68不動産取引業"
"893","000","0000","0170","13930","00000","2016000000","人","57480","従業者数　うち常用雇用者　総数","総数","総数","300人以上","69不動産賃貸業・管理業"
"893","000","0000","0170","14080","00000","2016000000","人","20338","従業者数　うち常用雇用者　総数","総数","総数","300人以上","K2物品賃貸業"
"893","000","0000","0170","14090","00000","2016000000","人","20338","従業者数　うち常用雇用者　総数","総数","総数","300人以上","70物品賃貸業"
"893","000","0000","0170","14330","00000","2016000000","人","346454","従業者数　うち常用雇用者　総数","総数","総数","300人以上","L学術研究，専門・技術サービス業"
"893","000","0000","0170","14340","00000","2016000000","人","128429","従業者数　うち常用雇用者　総数","総数","総数","300人以上","71学術・開発研究機関"
"893","000","0000","0170","14440","00000","2016000000","人","72607","従業者数　うち常用雇用者　総数","総数","総数","300人以上","72専門サービス業（他に分類されないもの）"
"893","000","0000","0170","14820","00000","2016000000","人","25906","従業者数　うち常用雇用者　総数","総数","総数","300人以上","73広告業"
"893","000","0000","0170","14880","00000","2016000000","人","119512","従業者数　うち常用雇用者　総数","総数","総数","300人以上","74技術サービス業（他に分類されないもの）"
"893","000","0000","0170","15140","00000","2016000000","人","129163","従業者数　うち常用雇用者　総数","総数","総数","300人以上","M宿泊業，飲食サービス業"
"893","000","0000","0170","15150","00000","2016000000","人","71068","従業者数　うち常用雇用者　総数","総数","総数","300人以上","M1宿泊業"
"893","000","0000","0170","15160","00000","2016000000","人","71068","従業者数　うち常用雇用者　総数","総数","総数","300人以上","75宿泊業"
"893","000","0000","0170","15320","00000","2016000000","人","58095","従業者数　うち常用雇用者　総数","総数","総数","300人以上","M2飲食店，持ち帰り・配達飲食サービス業"
"893","000","0000","0170","15330","00000","2016000000","人","33781","従業者数　うち常用雇用者　総数","総数","総数","300人以上","76飲食店"
"893","000","0000","0170","15670","00000","2016000000","人","24314","従業者数　うち常用雇用者　総数","総数","総数","300人以上","77持ち帰り・配達飲食サービス業"
"893","000","0000","0170","15750","00000","2016000000","人","96081","従業者数　うち常用雇用者　総数","総数","総数","300人以上","N生活関連サービス業，娯楽業"
"893","000","0000","0170","15760","00000","2016000000","人","25710","従業者数　うち常用雇用者　総数","総数","総数","300人以上","78洗濯・理容・美容・浴場業"
"893","000","0000","0170","16000","00000","2016000000","人","18356","従業者数　うち常用雇用者　総数","総数","総数","300人以上","79その他の生活関連サービス業"
"893","000","0000","0170","16280","00000","2016000000","人","52015","従業者数　うち常用雇用者　総数","総数","総数","300人以上","80娯楽業"
"893","000","0000","0170","16890","00000","2016000000","人","402073","従業者数　うち常用雇用者　総数","総数","総数","300人以上","O教育，学習支援業"
"893","000","0000","0170","16900","00000","2016000000","人","372865","従業者数　うち常用雇用者　総数","総数","総数","300人以上","O1教育，学習支援業（学校教育）"
"893","000","0000","0170","16910","00000","2016000000","人","372865","従業者数　うち常用雇用者　総数","総数","総数","300人以上","81学校教育"
"893","000","0000","0170","17160","00000","2016000000","人","29208","従業者数　うち常用雇用者　総数","総数","総数","300人以上","O2教育，学習支援業（その他の教育，学習支援業）"
"893","000","0000","0170","17170","00000","2016000000","人","29208","従業者数　うち常用雇用者　総数","総数","総数","300人以上","82その他の教育，学習支援業"
"893","000","0000","0170","17570","00000","2016000000","人","1227213","従業者数　うち常用雇用者　総数","総数","総数","300人以上","P医療，福祉"
"893","000","0000","0170","17580","00000","2016000000","人","1191512","従業者数　うち常用雇用者　総数","総数","総数","300人以上","83医療業"
"893","000","0000","0170","17830","00000","2016000000","人","4615","従業者数　うち常用雇用者　総数","総数","総数","300人以上","84保健衛生"
"893","000","0000","0170","17960","00000","2016000000","人","30608","従業者数　うち常用雇用者　総数","総数","総数","300人以上","85社会保険・社会福祉・介護事業"
"893","000","0000","0170","18300","00000","2016000000","人","89972","従業者数　うち常用雇用者　総数","総数","総数","300人以上","Q複合サービス事業"
"893","000","0000","0170","18310","00000","2016000000","人","83100","従業者数　うち常用雇用者　総数","総数","総数","300人以上","Q1複合サービス事業（郵便局）"
"893","000","0000","0170","18320","00000","2016000000","人","83100","従業者数　うち常用雇用者　総数","総数","総数","300人以上","86郵便局"
"893","000","0000","0170","18370","00000","2016000000","人","6872","従業者数　うち常用雇用者　総数","総数","総数","300人以上","Q2複合サービス事業（協同組合）"
"893","000","0000","0170","18380","00000","2016000000","人","6872","従業者数　うち常用雇用者　総数","総数","総数","300人以上","87協同組合（他に分類されないもの）"
"893","000","0000","0170","18480","00000","2016000000","人","994697","従業者数　うち常用雇用者　総数","総数","総数","300人以上","Rサービス業（他に分類されないもの）"
"893","000","0000","0170","18490","00000","2016000000","人","11964","従業者数　うち常用雇用者　総数","総数","総数","300人以上","R1サービス業（政治・経済・文化団体，宗教）"
"893","000","0000","0170","18500","00000","2016000000","人","6354","従業者数　うち常用雇用者　総数","総数","総数","300人以上","93政治・経済・文化団体"
"893","000","0000","0170","18560","00000","2016000000","人","5610","従業者数　うち常用雇用者　総数","総数","総数","300人以上","94宗教"
"893","000","0000","0170","18610","00000","2016000000","人","982733","従業者数　うち常用雇用者　総数","総数","総数","300人以上","R2サービス業（政治・経済・文化団体，宗教を除く）"
"893","000","0000","0170","18620","00000","2016000000","人","2945","従業者数　うち常用雇用者　総数","総数","総数","300人以上","88廃棄物処理業"
"893","000","0000","0170","18810","00000","2016000000","人","308","従業者数　うち常用雇用者　総数","総数","総数","300人以上","89自動車整備業"
"893","000","0000","0170","18870","00000","2016000000","人","15988","従業者数　うち常用雇用者　総数","総数","総数","300人以上","90機械等修理業（別掲を除く）"
"893","000","0000","0170","19040","00000","2016000000","人","341192","従業者数　うち常用雇用者　総数","総数","総数","300人以上","91職業紹介・労働者派遣業"
"893","000","0000","0170","19120","00000","2016000000","人","621308","従業者数　うち常用雇用者　総数","総数","総数","300人以上","92その他の事業サービス業"
