"@tab","@cat01","@cat02","@area","@time","$","tabname","cat01name","cat02name"
"004","0000","00010","00000","2016000000","5340783","事業所数","総数","A～R全産業（Ｓ公務を除く）"
"004","0000","00020","00000","2016000000","32676","事業所数","総数","A～B農林漁業"
"004","0000","00030","00000","2016000000","29156","事業所数","総数","A農業，林業"
"004","0000","00040","00000","2016000000","25947","事業所数","総数","01農業"
"004","0000","00050","00000","2016000000","127","事業所数","総数","010管理，補助的経済活動を行う事業所"
"004","0000","00080","00000","2016000000","11478","事業所数","総数","011耕種農業"
"004","0000","00170","00000","2016000000","6525","事業所数","総数","012畜産農業"
"004","0000","00250","00000","2016000000","5261","事業所数","総数","013農業サービス業（園芸サービス業を除く）"
"004","0000","00300","00000","2016000000","2556","事業所数","総数","014園芸サービス業"
"004","0000","00320","00000","2016000000","3209","事業所数","総数","02林業"
"004","0000","00330","00000","2016000000","4","事業所数","総数","020管理，補助的経済活動を行う事業所"
"004","0000","00360","00000","2016000000","1332","事業所数","総数","021育林業"
"004","0000","00380","00000","2016000000","462","事業所数","総数","022素材生産業"
"004","0000","00400","00000","2016000000","75","事業所数","総数","023特用林産物生産業（きのこ類の栽培を除く）"
"004","0000","00430","00000","2016000000","1271","事業所数","総数","024林業サービス業"
"004","0000","00480","00000","2016000000","65","事業所数","総数","029その他の林業"
"004","0000","00500","00000","2016000000","3426","事業所数","総数","B漁業"
"004","0000","00510","00000","2016000000","1617","事業所数","総数","03漁業（水産養殖業を除く）"
"004","0000","00520","00000","2016000000","7","事業所数","総数","030管理，補助的経済活動を行う事業所"
"004","0000","00550","00000","2016000000","1526","事業所数","総数","031海面漁業"
"004","0000","00650","00000","2016000000","84","事業所数","総数","032内水面漁業"
"004","0000","00670","00000","2016000000","1809","事業所数","総数","04水産養殖業"
"004","0000","00680","00000","2016000000","11","事業所数","総数","040管理，補助的経済活動を行う事業所"
"004","0000","00710","00000","2016000000","1054","事業所数","総数","041海面養殖業"
"004","0000","00780","00000","2016000000","744","事業所数","総数","042内水面養殖業"
"004","0000","00800","00000","2016000000","5308107","事業所数","総数","C～R非農林漁業（Ｓ公務を除く）"
"004","0000","00810","00000","2016000000","1851","事業所数","総数","C鉱業，採石業，砂利採取業"
"004","0000","00820","00000","2016000000","1851","事業所数","総数","05鉱業，採石業，砂利採取業"
"004","0000","00830","00000","2016000000","177","事業所数","総数","050管理，補助的経済活動を行う事業所"
"004","0000","00860","00000","2016000000","6","事業所数","総数","051金属鉱業"
"004","0000","00910","00000","2016000000","17","事業所数","総数","052石炭・亜炭鉱業"
"004","0000","00940","00000","2016000000","25","事業所数","総数","053原油・天然ガス鉱業"
"004","0000","00970","00000","2016000000","1389","事業所数","総数","054採石業，砂・砂利・玉石採取業"
"004","0000","01070","00000","2016000000","194","事業所数","総数","055窯業原料用鉱物鉱業（耐火物・陶磁器・ガラス・セメント原料用に限る）"
"004","0000","01160","00000","2016000000","33","事業所数","総数","059その他の鉱業"
"004","0000","01220","00000","2016000000","492734","事業所数","総数","D建設業"
"004","0000","01230","00000","2016000000","215228","事業所数","総数","06総合工事業"
"004","0000","01240","00000","2016000000","628","事業所数","総数","060管理，補助的経済活動を行う事業所"
"004","0000","01250","00000","2016000000","9406","事業所数","総数","061一般土木建築工事業"
"004","0000","01260","00000","2016000000","71934","事業所数","総数","062土木工事業（舗装工事業を除く）"
"004","0000","01270","00000","2016000000","6175","事業所数","総数","063舗装工事業"
"004","0000","01280","00000","2016000000","51732","事業所数","総数","064建築工事業（木造建築工事業を除く)"
"004","0000","01290","00000","2016000000","48305","事業所数","総数","065木造建築工事業"
"004","0000","01300","00000","2016000000","27048","事業所数","総数","066建築リフォーム工事業"
"004","0000","01310","00000","2016000000","152845","事業所数","総数","07職別工事業（設備工事業を除く）"
"004","0000","01320","00000","2016000000","362","事業所数","総数","070管理，補助的経済活動を行う事業所"
"004","0000","01330","00000","2016000000","20814","事業所数","総数","071大工工事業"
"004","0000","01340","00000","2016000000","19692","事業所数","総数","072とび・土工・コンクリート工事業"
"004","0000","01350","00000","2016000000","8405","事業所数","総数","073鉄骨・鉄筋工事業"
"004","0000","01360","00000","2016000000","6724","事業所数","総数","074石工・れんが・タイル・ブロック工事業"
"004","0000","01370","00000","2016000000","11902","事業所数","総数","075左官工事業"
"004","0000","01380","00000","2016000000","13419","事業所数","総数","076板金・金物工事業"
"004","0000","01390","00000","2016000000","22855","事業所数","総数","077塗装工事業"
"004","0000","01400","00000","2016000000","23539","事業所数","総数","078床・内装工事業"
"004","0000","01410","00000","2016000000","25133","事業所数","総数","079その他の職別工事業"
"004","0000","01420","00000","2016000000","124496","事業所数","総数","08設備工事業"
"004","0000","01430","00000","2016000000","365","事業所数","総数","080管理，補助的経済活動を行う事業所"
"004","0000","01440","00000","2016000000","52935","事業所数","総数","081電気工事業"
"004","0000","01450","00000","2016000000","10367","事業所数","総数","082電気通信・信号装置工事業"
"004","0000","01460","00000","2016000000","44681","事業所数","総数","083管工事業（さく井工事業を除く）"
"004","0000","01470","00000","2016000000","10062","事業所数","総数","084機械器具設置工事業"
"004","0000","01480","00000","2016000000","6086","事業所数","総数","089その他の設備工事業"
"004","0000","01490","00000","2016000000","454800","事業所数","総数","E製造業"
"004","0000","01500","00000","2016000000","48999","事業所数","総数","09食料品製造業"
"004","0000","01510","00000","2016000000","654","事業所数","総数","090管理，補助的経済活動を行う事業所"
"004","0000","01540","00000","2016000000","3783","事業所数","総数","091畜産食料品製造業"
"004","0000","01600","00000","2016000000","8881","事業所数","総数","092水産食料品製造業"
"004","0000","01680","00000","2016000000","3019","事業所数","総数","093野菜缶詰・果実缶詰・農産保存食料品製造業"
"004","0000","01710","00000","2016000000","2859","事業所数","総数","094調味料製造業"
"004","0000","01770","00000","2016000000","207","事業所数","総数","095糖類製造業"
"004","0000","01810","00000","2016000000","1589","事業所数","総数","096精穀・製粉業"
"004","0000","01850","00000","2016000000","9778","事業所数","総数","097パン・菓子製造業"
"004","0000","01910","00000","2016000000","301","事業所数","総数","098動植物油脂製造業"
"004","0000","01940","00000","2016000000","17928","事業所数","総数","099その他の食料品製造業"
"004","0000","02040","00000","2016000000","8513","事業所数","総数","10飲料・たばこ・飼料製造業"
"004","0000","02050","00000","2016000000","127","事業所数","総数","100管理，補助的経済活動を行う事業所"
"004","0000","02080","00000","2016000000","1025","事業所数","総数","101清涼飲料製造業"
"004","0000","02100","00000","2016000000","2195","事業所数","総数","102酒類製造業"
"004","0000","02150","00000","2016000000","3046","事業所数","総数","103茶・コーヒー製造業（清涼飲料を除く）"
"004","0000","02180","00000","2016000000","333","事業所数","総数","104製氷業"
"004","0000","02200","00000","2016000000","8","事業所数","総数","105たばこ製造業"
"004","0000","02240","00000","2016000000","1779","事業所数","総数","106飼料・有機質肥料製造業"
"004","0000","02280","00000","2016000000","40058","事業所数","総数","11繊維工業"
"004","0000","02290","00000","2016000000","266","事業所数","総数","110管理，補助的経済活動を行う事業所"
"004","0000","02320","00000","2016000000","2072","事業所数","総数","111製糸業，紡績業，化学繊維・ねん糸等製造業"
"004","0000","02420","00000","2016000000","6290","事業所数","総数","112織物業"
"004","0000","02490","00000","2016000000","946","事業所数","総数","113ニット生地製造業"
"004","0000","02530","00000","2016000000","2929","事業所数","総数","114染色整理業"
"004","0000","02620","00000","2016000000","2822","事業所数","総数","115綱・網・レース・繊維粗製品製造業"
"004","0000","02720","00000","2016000000","11833","事業所数","総数","116外衣・シャツ製造業（和式を除く）"
"004","0000","02820","00000","2016000000","855","事業所数","総数","117下着類製造業"
"004","0000","02870","00000","2016000000","3751","事業所数","総数","118和装製品・その他の衣服・繊維製身の回り品製造業"
"004","0000","02950","00000","2016000000","8294","事業所数","総数","119その他の繊維製品製造業"
"004","0000","03050","00000","2016000000","13723","事業所数","総数","12木材・木製品製造業（家具を除く）"
"004","0000","03060","00000","2016000000","138","事業所数","総数","120管理，補助的経済活動を行う事業所"
"004","0000","03090","00000","2016000000","6282","事業所数","総数","121製材業，木製品製造業"
"004","0000","03140","00000","2016000000","3010","事業所数","総数","122造作材・合板・建築用組立材料製造業"
"004","0000","03230","00000","2016000000","1411","事業所数","総数","123木製容器製造業（竹，とうを含む）"
"004","0000","03270","00000","2016000000","2882","事業所数","総数","129その他の木製品製造業（竹，とうを含む)"
"004","0000","03310","00000","2016000000","21548","事業所数","総数","13家具・装備品製造業"
"004","0000","03320","00000","2016000000","142","事業所数","総数","130管理，補助的経済活動を行う事業所"
"004","0000","03350","00000","2016000000","8999","事業所数","総数","131家具製造業"
"004","0000","03390","00000","2016000000","1462","事業所数","総数","132宗教用具製造業"
"004","0000","03410","00000","2016000000","8834","事業所数","総数","133建具製造業"
"004","0000","03430","00000","2016000000","2111","事業所数","総数","139その他の家具・装備品製造業"
"004","0000","03480","00000","2016000000","11161","事業所数","総数","14パルプ・紙・紙加工品製造業"
"004","0000","03490","00000","2016000000","221","事業所数","総数","140管理，補助的経済活動を行う事業所"
"004","0000","03520","00000","2016000000","57","事業所数","総数","141パルプ製造業"
"004","0000","03540","00000","2016000000","635","事業所数","総数","142紙製造業"
"004","0000","03580","00000","2016000000","591","事業所数","総数","143加工紙製造業"
"004","0000","03620","00000","2016000000","1761","事業所数","総数","144紙製品製造業"
"004","0000","03660","00000","2016000000","5962","事業所数","総数","145紙製容器製造業"
"004","0000","03710","00000","2016000000","1934","事業所数","総数","149その他のパルプ・紙・紙加工品製造業"
"004","0000","03730","00000","2016000000","29442","事業所数","総数","15印刷・同関連業"
"004","0000","03740","00000","2016000000","298","事業所数","総数","150管理，補助的経済活動を行う事業所"
"004","0000","03770","00000","2016000000","23759","事業所数","総数","151印刷業"
"004","0000","03810","00000","2016000000","1499","事業所数","総数","152製版業"
"004","0000","03830","00000","2016000000","3544","事業所数","総数","153製本業，印刷物加工業"
"004","0000","03860","00000","2016000000","342","事業所数","総数","159印刷関連サービス業"
"004","0000","03880","00000","2016000000","8836","事業所数","総数","16化学工業"
"004","0000","03890","00000","2016000000","619","事業所数","総数","160管理，補助的経済活動を行う事業所"
"004","0000","03920","00000","2016000000","257","事業所数","総数","161化学肥料製造業"
"004","0000","03960","00000","2016000000","1345","事業所数","総数","162無機化学工業製品製造業"
"004","0000","04020","00000","2016000000","1132","事業所数","総数","163有機化学工業製品製造業"
"004","0000","04100","00000","2016000000","1550","事業所数","総数","164油脂加工製品・石けん・合成洗剤・界面活性剤・塗料製造業"
"004","0000","04180","00000","2016000000","1275","事業所数","総数","165医薬品製造業"
"004","0000","04240","00000","2016000000","1065","事業所数","総数","166化粧品・歯磨・その他の化粧用調整品製造業"
"004","0000","04280","00000","2016000000","1593","事業所数","総数","169その他の化学工業"
"004","0000","04370","00000","2016000000","1705","事業所数","総数","17石油製品・石炭製品製造業"
"004","0000","04380","00000","2016000000","40","事業所数","総数","170管理，補助的経済活動を行う事業所"
"004","0000","04410","00000","2016000000","59","事業所数","総数","171石油精製業"
"004","0000","04430","00000","2016000000","159","事業所数","総数","172潤滑油・グリース製造業（石油精製業によらないもの）"
"004","0000","04450","00000","2016000000","12","事業所数","総数","173コークス製造業"
"004","0000","04470","00000","2016000000","1200","事業所数","総数","174舗装材料製造業"
"004","0000","04490","00000","2016000000","235","事業所数","総数","179その他の石油製品・石炭製品製造業"
"004","0000","04510","00000","2016000000","23349","事業所数","総数","18プラスチック製品製造業（別掲を除く）"
"004","0000","04520","00000","2016000000","509","事業所数","総数","180管理，補助的経済活動を行う事業所"
"004","0000","04550","00000","2016000000","1975","事業所数","総数","181プラスチック板・棒・管・継手・異形押出製品製造業"
"004","0000","04610","00000","2016000000","3432","事業所数","総数","182プラスチックフィルム・シート・床材・合成皮革製造業"
"004","0000","04670","00000","2016000000","7474","事業所数","総数","183工業用プラスチック製品製造業"
"004","0000","04720","00000","2016000000","2137","事業所数","総数","184発泡・強化プラスチック製品製造業"
"004","0000","04780","00000","2016000000","1595","事業所数","総数","185プラスチック成形材料製造業（廃プラスチックを含む）"
"004","0000","04810","00000","2016000000","6227","事業所数","総数","189その他のプラスチック製品製造業"
"004","0000","04860","00000","2016000000","5141","事業所数","総数","19ゴム製品製造業"
"004","0000","04870","00000","2016000000","106","事業所数","総数","190管理，補助的経済活動を行う事業所"
"004","0000","04900","00000","2016000000","83","事業所数","総数","191タイヤ・チューブ製造業"
"004","0000","04930","00000","2016000000","759","事業所数","総数","192ゴム製・プラスチック製履物・同附属品製造業"
"004","0000","04960","00000","2016000000","3442","事業所数","総数","193ゴムベルト・ゴムホース・工業用ゴム製品製造業"
"004","0000","05000","00000","2016000000","751","事業所数","総数","199その他のゴム製品製造業"
"004","0000","05070","00000","2016000000","5057","事業所数","総数","20なめし革・同製品・毛皮製造業"
"004","0000","05080","00000","2016000000","25","事業所数","総数","200管理，補助的経済活動を行う事業所"
"004","0000","05110","00000","2016000000","430","事業所数","総数","201なめし革製造業"
"004","0000","05130","00000","2016000000","78","事業所数","総数","202工業用革製品製造業（手袋を除く）"
"004","0000","05150","00000","2016000000","417","事業所数","総数","203革製履物用材料・同附属品製造業"
"004","0000","05170","00000","2016000000","997","事業所数","総数","204革製履物製造業"
"004","0000","05190","00000","2016000000","61","事業所数","総数","205革製手袋製造業"
"004","0000","05210","00000","2016000000","1035","事業所数","総数","206かばん製造業"
"004","0000","05230","00000","2016000000","1651","事業所数","総数","207袋物製造業"
"004","0000","05260","00000","2016000000","17","事業所数","総数","208毛皮製造業"
"004","0000","05280","00000","2016000000","346","事業所数","総数","209その他のなめし革製品製造業"
"004","0000","05300","00000","2016000000","21232","事業所数","総数","21窯業・土石製品製造業"
"004","0000","05310","00000","2016000000","561","事業所数","総数","210管理，補助的経済活動を行う事業所"
"004","0000","05340","00000","2016000000","1934","事業所数","総数","211ガラス・同製品製造業"
"004","0000","05430","00000","2016000000","6048","事業所数","総数","212セメント・同製品製造業"
"004","0000","05480","00000","2016000000","467","事業所数","総数","213建設用粘土製品製造業（陶磁器製を除く)"
"004","0000","05520","00000","2016000000","5366","事業所数","総数","214陶磁器・同関連製品製造業"
"004","0000","05620","00000","2016000000","271","事業所数","総数","215耐火物製造業"
"004","0000","05660","00000","2016000000","217","事業所数","総数","216炭素・黒鉛製品製造業"
"004","0000","05690","00000","2016000000","440","事業所数","総数","217研磨材・同製品製造業"
"004","0000","05740","00000","2016000000","4347","事業所数","総数","218骨材・石工品等製造業"
"004","0000","05810","00000","2016000000","1581","事業所数","総数","219その他の窯業・土石製品製造業"
"004","0000","05870","00000","2016000000","8815","事業所数","総数","22鉄鋼業"
"004","0000","05880","00000","2016000000","204","事業所数","総数","220管理，補助的経済活動を行う事業所"
"004","0000","05910","00000","2016000000","61","事業所数","総数","221製鉄業"
"004","0000","05950","00000","2016000000","100","事業所数","総数","222製鋼・製鋼圧延業"
"004","0000","05970","00000","2016000000","579","事業所数","総数","223製鋼を行わない鋼材製造業（表面処理鋼材を除く）"
"004","0000","06070","00000","2016000000","72","事業所数","総数","224表面処理鋼材製造業"
"004","0000","06100","00000","2016000000","2019","事業所数","総数","225鉄素形材製造業"
"004","0000","06160","00000","2016000000","5780","事業所数","総数","229その他の鉄鋼業"
"004","0000","06210","00000","2016000000","5387","事業所数","総数","23非鉄金属製造業"
"004","0000","06220","00000","2016000000","136","事業所数","総数","230管理，補助的経済活動を行う事業所"
"004","0000","06250","00000","2016000000","75","事業所数","総数","231非鉄金属第１次製錬・精製業"
"004","0000","06290","00000","2016000000","723","事業所数","総数","232非鉄金属第２次製錬・精製業（非鉄金属合金製造業を含む）"
"004","0000","06330","00000","2016000000","846","事業所数","総数","233非鉄金属・同合金圧延業（抽伸，押出しを含む）"
"004","0000","06370","00000","2016000000","633","事業所数","総数","234電線・ケーブル製造業"
"004","0000","06400","00000","2016000000","2324","事業所数","総数","235非鉄金属素形材製造業"
"004","0000","06460","00000","2016000000","650","事業所数","総数","239その他の非鉄金属製造業"
"004","0000","06490","00000","2016000000","59560","事業所数","総数","24金属製品製造業"
"004","0000","06500","00000","2016000000","826","事業所数","総数","240管理，補助的経済活動を行う事業所"
"004","0000","06530","00000","2016000000","394","事業所数","総数","241ブリキ缶・その他のめっき板等製品製造業"
"004","0000","06550","00000","2016000000","5718","事業所数","総数","242洋食器・刃物・手道具・金物類製造業"
"004","0000","06630","00000","2016000000","2021","事業所数","総数","243暖房・調理等装置，配管工事用附属品製造業"
"004","0000","06680","00000","2016000000","25029","事業所数","総数","244建設用・建築用金属製品製造業（製缶板金業を含む)"
"004","0000","06750","00000","2016000000","7182","事業所数","総数","245金属素形材製品製造業"
"004","0000","06790","00000","2016000000","9411","事業所数","総数","246金属被覆・彫刻業，熱処理業（ほうろう鉄器を除く）"
"004","0000","06860","00000","2016000000","1442","事業所数","総数","247金属線製品製造業（ねじ類を除く)"
"004","0000","06890","00000","2016000000","3283","事業所数","総数","248ボルト・ナット・リベット・小ねじ・木ねじ等製造業"
"004","0000","06910","00000","2016000000","4254","事業所数","総数","249その他の金属製品製造業"
"004","0000","06950","00000","2016000000","14715","事業所数","総数","25はん用機械器具製造業"
"004","0000","06960","00000","2016000000","270","事業所数","総数","250管理，補助的経済活動を行う事業所"
"004","0000","06990","00000","2016000000","598","事業所数","総数","251ボイラ・原動機製造業"
"004","0000","07040","00000","2016000000","2360","事業所数","総数","252ポンプ・圧縮機器製造業"
"004","0000","07080","00000","2016000000","4450","事業所数","総数","253一般産業用機械・装置製造業"
"004","0000","07140","00000","2016000000","7037","事業所数","総数","259その他のはん用機械・同部分品製造業"
"004","0000","07220","00000","2016000000","40566","事業所数","総数","26生産用機械器具製造業"
"004","0000","07230","00000","2016000000","545","事業所数","総数","260管理，補助的経済活動を行う事業所"
"004","0000","07260","00000","2016000000","1312","事業所数","総数","261農業用機械製造業（農業用器具を除く）"
"004","0000","07280","00000","2016000000","2256","事業所数","総数","262建設機械・鉱山機械製造業"
"004","0000","07300","00000","2016000000","953","事業所数","総数","263繊維機械製造業"
"004","0000","07360","00000","2016000000","4048","事業所数","総数","264生活関連産業用機械製造業"
"004","0000","07420","00000","2016000000","2729","事業所数","総数","265基礎素材産業用機械製造業"
"004","0000","07460","00000","2016000000","13529","事業所数","総数","266金属加工機械製造業"
"004","0000","07510","00000","2016000000","2185","事業所数","総数","267半導体・フラットパネルディスプレイ製造装置製造業"
"004","0000","07540","00000","2016000000","13009","事業所数","総数","269その他の生産用機械・同部分品製造業"
"004","0000","07600","00000","2016000000","9267","事業所数","総数","27業務用機械器具製造業"
"004","0000","07610","00000","2016000000","273","事業所数","総数","270管理，補助的経済活動を行う事業所"
"004","0000","07640","00000","2016000000","675","事業所数","総数","271事務用機械器具製造業"
"004","0000","07670","00000","2016000000","1464","事業所数","総数","272サービス用・娯楽用機械器具製造業"
"004","0000","07720","00000","2016000000","3185","事業所数","総数","273計量器・測定器・分析機器・試験機・測量機械器具・理化学機械器具製造業"
"004","0000","07820","00000","2016000000","2535","事業所数","総数","274医療用機械器具・医療用品製造業"
"004","0000","07870","00000","2016000000","1081","事業所数","総数","275光学機械器具・レンズ製造業"
"004","0000","07910","00000","2016000000","54","事業所数","総数","276武器製造業"
"004","0000","07930","00000","2016000000","7935","事業所数","総数","28電子部品・デバイス・電子回路製造業"
"004","0000","07940","00000","2016000000","206","事業所数","総数","280管理，補助的経済活動を行う事業所"
"004","0000","07970","00000","2016000000","608","事業所数","総数","281電子デバイス製造業"
"004","0000","08030","00000","2016000000","1651","事業所数","総数","282電子部品製造業"
"004","0000","08070","00000","2016000000","61","事業所数","総数","283記録メディア製造業"
"004","0000","08100","00000","2016000000","2055","事業所数","総数","284電子回路製造業"
"004","0000","08130","00000","2016000000","393","事業所数","総数","285ユニット部品製造業"
"004","0000","08160","00000","2016000000","2961","事業所数","総数","289その他の電子部品・デバイス・電子回路製造業"
"004","0000","08180","00000","2016000000","16994","事業所数","総数","29電気機械器具製造業"
"004","0000","08190","00000","2016000000","340","事業所数","総数","290管理，補助的経済活動を行う事業所"
"004","0000","08220","00000","2016000000","7710","事業所数","総数","291発電用・送電用・配電用電気機械器具製造業"
"004","0000","08280","00000","2016000000","2683","事業所数","総数","292産業用電気機械器具製造業"
"004","0000","08320","00000","2016000000","1759","事業所数","総数","293民生用電気機械器具製造業"
"004","0000","08370","00000","2016000000","1234","事業所数","総数","294電球・電気照明器具製造業"
"004","0000","08400","00000","2016000000","245","事業所数","総数","295電池製造業"
"004","0000","08430","00000","2016000000","1054","事業所数","総数","296電子応用装置製造業"
"004","0000","08470","00000","2016000000","1333","事業所数","総数","297電気計測器製造業"
"004","0000","08510","00000","2016000000","636","事業所数","総数","299その他の電気機械器具製造業"
"004","0000","08530","00000","2016000000","2760","事業所数","総数","30情報通信機械器具製造業"
"004","0000","08540","00000","2016000000","92","事業所数","総数","300管理，補助的経済活動を行う事業所"
"004","0000","08570","00000","2016000000","982","事業所数","総数","301通信機械器具・同関連機械器具製造業"
"004","0000","08640","00000","2016000000","789","事業所数","総数","302映像・音響機械器具製造業"
"004","0000","08680","00000","2016000000","897","事業所数","総数","303電子計算機・同附属装置製造業"
"004","0000","08750","00000","2016000000","19834","事業所数","総数","31輸送用機械器具製造業"
"004","0000","08760","00000","2016000000","402","事業所数","総数","310管理，補助的経済活動を行う事業所"
"004","0000","08790","00000","2016000000","12790","事業所数","総数","311自動車・同附属品製造業"
"004","0000","08830","00000","2016000000","812","事業所数","総数","312鉄道車両・同部分品製造業"
"004","0000","08860","00000","2016000000","3876","事業所数","総数","313船舶製造・修理業，舶用機関製造業"
"004","0000","08910","00000","2016000000","562","事業所数","総数","314航空機・同附属品製造業"
"004","0000","08950","00000","2016000000","517","事業所数","総数","315産業用運搬車両・同部分品・附属品製造業"
"004","0000","08980","00000","2016000000","875","事業所数","総数","319その他の輸送用機械器具製造業"
"004","0000","09010","00000","2016000000","29886","事業所数","総数","32その他の製造業"
"004","0000","09020","00000","2016000000","252","事業所数","総数","320管理，補助的経済活動を行う事業所"
"004","0000","09050","00000","2016000000","1923","事業所数","総数","321貴金属・宝石製品製造業"
"004","0000","09090","00000","2016000000","1509","事業所数","総数","322装身具・装飾品・ボタン・同関連品製造業（貴金属・宝石製を除く）"
"004","0000","09150","00000","2016000000","186","事業所数","総数","323時計・同部分品製造業"
"004","0000","09170","00000","2016000000","609","事業所数","総数","324楽器製造業"
"004","0000","09200","00000","2016000000","3028","事業所数","総数","325がん具・運動用具製造業"
"004","0000","09210","00000","2016000000","1761","事業所数","総数","32Aがん具製造業"
"004","0000","09240","00000","2016000000","1267","事業所数","総数","32B運動用具製造業"
"004","0000","09260","00000","2016000000","1257","事業所数","総数","326ペン・鉛筆・絵画用品・その他の事務用品製造業"
"004","0000","09300","00000","2016000000","1560","事業所数","総数","327漆器製造業"
"004","0000","09320","00000","2016000000","5173","事業所数","総数","328畳等生活雑貨製品製造業"
"004","0000","09390","00000","2016000000","14389","事業所数","総数","329他に分類されない製造業"
"004","0000","09400","00000","2016000000","193","事業所数","総数","32C情報記録物製造業（新聞，書籍等の印刷物を除く）"
"004","0000","09420","00000","2016000000","14196","事業所数","総数","32D他に分類されないその他の製造業"
"004","0000","09500","00000","2016000000","4654","事業所数","総数","F電気・ガス・熱供給・水道業"
"004","0000","09510","00000","2016000000","2114","事業所数","総数","33電気業"
"004","0000","09520","00000","2016000000","1218","事業所数","総数","330管理，補助的経済活動を行う事業所"
"004","0000","09530","00000","2016000000","896","事業所数","総数","331電気業"
"004","0000","09540","00000","2016000000","521","事業所数","総数","34ガス業"
"004","0000","09550","00000","2016000000","216","事業所数","総数","340管理，補助的経済活動を行う事業所"
"004","0000","09560","00000","2016000000","305","事業所数","総数","341ガス業"
"004","0000","09570","00000","2016000000","208","事業所数","総数","35熱供給業"
"004","0000","09580","00000","2016000000","12","事業所数","総数","350管理，補助的経済活動を行う事業所"
"004","0000","09590","00000","2016000000","196","事業所数","総数","351熱供給業"
"004","0000","09600","00000","2016000000","1801","事業所数","総数","36水道業"
"004","0000","09610","00000","2016000000","64","事業所数","総数","360管理，補助的経済活動を行う事業所"
"004","0000","09620","00000","2016000000","441","事業所数","総数","361上水道業"
"004","0000","09630","00000","2016000000","16","事業所数","総数","362工業用水道業"
"004","0000","09640","00000","2016000000","1280","事業所数","総数","363下水道業"
"004","0000","09650","00000","2016000000","63574","事業所数","総数","G情報通信業"
"004","0000","09660","00000","2016000000","23236","事業所数","総数","G1情報通信業（通信業，放送業，映像・音声・文字情報制作業）"
"004","0000","09670","00000","2016000000","2953","事業所数","総数","37通信業"
"004","0000","09680","00000","2016000000","8","事業所数","総数","370管理，補助的経済活動を行う事業所"
"004","0000","09690","00000","2016000000","1073","事業所数","総数","371固定電気通信業"
"004","0000","09700","00000","2016000000","331","事業所数","総数","372移動電気通信業"
"004","0000","09710","00000","2016000000","1541","事業所数","総数","373電気通信に附帯するサービス業"
"004","0000","09720","00000","2016000000","1952","事業所数","総数","38放送業"
"004","0000","09730","00000","2016000000","10","事業所数","総数","380管理，補助的経済活動を行う事業所"
"004","0000","09740","00000","2016000000","79","事業所数","総数","381公共放送業（有線放送業を除く）"
"004","0000","09750","00000","2016000000","936","事業所数","総数","382民間放送業（有線放送業を除く）"
"004","0000","09770","00000","2016000000","927","事業所数","総数","383有線放送業"
"004","0000","09780","00000","2016000000","18294","事業所数","総数","41映像・音声・文字情報制作業"
"004","0000","09790","00000","2016000000","79","事業所数","総数","410管理，補助的経済活動を行う事業所"
"004","0000","09800","00000","2016000000","4377","事業所数","総数","411映像情報制作・配給業"
"004","0000","09810","00000","2016000000","646","事業所数","総数","412音声情報制作業"
"004","0000","09820","00000","2016000000","1337","事業所数","総数","413新聞業"
"004","0000","09830","00000","2016000000","4508","事業所数","総数","414出版業"
"004","0000","09840","00000","2016000000","2773","事業所数","総数","415広告制作業"
"004","0000","09850","00000","2016000000","4574","事業所数","総数","416映像・音声・文字情報制作に附帯するサービス業"
"004","0000","09860","00000","2016000000","40338","事業所数","総数","G2情報通信業（情報サービス業，インターネット附随サービス業）"
"004","0000","09870","00000","2016000000","34576","事業所数","総数","39情報サービス業"
"004","0000","09880","00000","2016000000","242","事業所数","総数","390管理，補助的経済活動を行う事業所"
"004","0000","09910","00000","2016000000","27594","事業所数","総数","391ソフトウェア業"
"004","0000","09960","00000","2016000000","6740","事業所数","総数","392情報処理・提供サービス業"
"004","0000","09970","00000","2016000000","3999","事業所数","総数","39A情報処理サービス業"
"004","0000","09990","00000","2016000000","1200","事業所数","総数","39B情報提供サービス業"
"004","0000","10010","00000","2016000000","1541","事業所数","総数","39Cその他の情報処理・提供サービス業"
"004","0000","10040","00000","2016000000","5711","事業所数","総数","40インターネット附随サービス業"
"004","0000","10050","00000","2016000000","28","事業所数","総数","400管理，補助的経済活動を行う事業所"
"004","0000","10080","00000","2016000000","5683","事業所数","総数","401インターネット附随サービス業"
"004","0000","10120","00000","2016000000","130459","事業所数","総数","H運輸業，郵便業"
"004","0000","10130","00000","2016000000","4277","事業所数","総数","42鉄道業"
"004","0000","10140","00000","2016000000","88","事業所数","総数","420管理，補助的経済活動を行う事業所"
"004","0000","10150","00000","2016000000","4189","事業所数","総数","421鉄道業"
"004","0000","10160","00000","2016000000","23028","事業所数","総数","43道路旅客運送業"
"004","0000","10170","00000","2016000000","110","事業所数","総数","430管理，補助的経済活動を行う事業所"
"004","0000","10180","00000","2016000000","1903","事業所数","総数","431一般乗合旅客自動車運送業"
"004","0000","10190","00000","2016000000","18198","事業所数","総数","432一般乗用旅客自動車運送業"
"004","0000","10200","00000","2016000000","2577","事業所数","総数","433一般貸切旅客自動車運送業"
"004","0000","10210","00000","2016000000","240","事業所数","総数","439その他の道路旅客運送業"
"004","0000","10220","00000","2016000000","69823","事業所数","総数","44道路貨物運送業"
"004","0000","10230","00000","2016000000","603","事業所数","総数","440管理，補助的経済活動を行う事業所"
"004","0000","10240","00000","2016000000","61366","事業所数","総数","441一般貨物自動車運送業"
"004","0000","10250","00000","2016000000","2305","事業所数","総数","442特定貨物自動車運送業"
"004","0000","10260","00000","2016000000","3910","事業所数","総数","443貨物軽自動車運送業"
"004","0000","10270","00000","2016000000","1518","事業所数","総数","444集配利用運送業"
"004","0000","10280","00000","2016000000","121","事業所数","総数","449その他の道路貨物運送業"
"004","0000","10290","00000","2016000000","3046","事業所数","総数","45水運業"
"004","0000","10300","00000","2016000000","19","事業所数","総数","450管理，補助的経済活動を行う事業所"
"004","0000","10310","00000","2016000000","284","事業所数","総数","451外航海運業"
"004","0000","10320","00000","2016000000","1587","事業所数","総数","452沿海海運業"
"004","0000","10330","00000","2016000000","395","事業所数","総数","453内陸水運業"
"004","0000","10340","00000","2016000000","761","事業所数","総数","454船舶貸渡業"
"004","0000","10350","00000","2016000000","922","事業所数","総数","46航空運輸業"
"004","0000","10360","00000","2016000000","21","事業所数","総数","460管理，補助的経済活動を行う事業所"
"004","0000","10370","00000","2016000000","810","事業所数","総数","461航空運送業"
"004","0000","10380","00000","2016000000","91","事業所数","総数","462航空機使用業（航空運送業を除く）"
"004","0000","10390","00000","2016000000","10605","事業所数","総数","47倉庫業"
"004","0000","10400","00000","2016000000","103","事業所数","総数","470管理，補助的経済活動を行う事業所"
"004","0000","10410","00000","2016000000","9052","事業所数","総数","471倉庫業（冷蔵倉庫業を除く）"
"004","0000","10420","00000","2016000000","1450","事業所数","総数","472冷蔵倉庫業"
"004","0000","10430","00000","2016000000","18342","事業所数","総数","48運輸に附帯するサービス業"
"004","0000","10440","00000","2016000000","206","事業所数","総数","480管理，補助的経済活動を行う事業所"
"004","0000","10450","00000","2016000000","2298","事業所数","総数","481港湾運送業"
"004","0000","10460","00000","2016000000","4476","事業所数","総数","482貨物運送取扱業（集配利用運送業を除く）"
"004","0000","10470","00000","2016000000","717","事業所数","総数","483運送代理店"
"004","0000","10480","00000","2016000000","2864","事業所数","総数","484こん包業"
"004","0000","10490","00000","2016000000","694","事業所数","総数","485運輸施設提供業"
"004","0000","10500","00000","2016000000","7087","事業所数","総数","489その他の運輸に附帯するサービス業"
"004","0000","10510","00000","2016000000","355","事業所数","総数","49郵便業（信書便事業を含む）"
"004","0000","10520","00000","2016000000","7","事業所数","総数","490管理，補助的経済活動を行う事業所"
"004","0000","10530","00000","2016000000","348","事業所数","総数","491郵便業（信書便事業を含む）"
"004","0000","10540","00000","2016000000","1355060","事業所数","総数","I卸売業，小売業"
"004","0000","10550","00000","2016000000","364814","事業所数","総数","I1卸売業"
"004","0000","10560","00000","2016000000","1410","事業所数","総数","50各種商品卸売業"
"004","0000","10570","00000","2016000000","58","事業所数","総数","500管理，補助的経済活動を行う事業所"
"004","0000","10610","00000","2016000000","1352","事業所数","総数","501各種商品卸売業"
"004","0000","10620","00000","2016000000","29","事業所数","総数","50A各種商品卸売業（従業者が常時100人以上のもの）"
"004","0000","10640","00000","2016000000","1323","事業所数","総数","50Bその他の各種商品卸売業"
"004","0000","10660","00000","2016000000","22883","事業所数","総数","51繊維・衣服等卸売業"
"004","0000","10670","00000","2016000000","427","事業所数","総数","510管理，補助的経済活動を行う事業所"
"004","0000","10710","00000","2016000000","3943","事業所数","総数","511繊維品卸売業（衣服，身の回り品を除く）"
"004","0000","10750","00000","2016000000","9903","事業所数","総数","512衣服卸売業"
"004","0000","10800","00000","2016000000","8610","事業所数","総数","513身の回り品卸売業"
"004","0000","10850","00000","2016000000","70613","事業所数","総数","52飲食料品卸売業"
"004","0000","10860","00000","2016000000","1480","事業所数","総数","520管理，補助的経済活動を行う事業所"
"004","0000","10900","00000","2016000000","33461","事業所数","総数","521農畜産物・水産物卸売業"
"004","0000","10910","00000","2016000000","3658","事業所数","総数","52A米穀類卸売業"
"004","0000","10940","00000","2016000000","10313","事業所数","総数","52B野菜・果実卸売業"
"004","0000","10970","00000","2016000000","6368","事業所数","総数","52C食肉卸売業"
"004","0000","10990","00000","2016000000","10390","事業所数","総数","52D生鮮魚介卸売業"
"004","0000","11010","00000","2016000000","2732","事業所数","総数","52Eその他の農畜産物・水産物卸売業"
"004","0000","11030","00000","2016000000","35672","事業所数","総数","522食料・飲料卸売業"
"004","0000","11120","00000","2016000000","85388","事業所数","総数","53建築材料，鉱物・金属材料等卸売業"
"004","0000","11130","00000","2016000000","1382","事業所数","総数","530管理，補助的経済活動を行う事業所"
"004","0000","11170","00000","2016000000","35029","事業所数","総数","531建築材料卸売業"
"004","0000","11230","00000","2016000000","18052","事業所数","総数","532化学製品卸売業"
"004","0000","11270","00000","2016000000","5983","事業所数","総数","533石油・鉱物卸売業"
"004","0000","11300","00000","2016000000","8964","事業所数","総数","534鉄鋼製品卸売業"
"004","0000","11340","00000","2016000000","4916","事業所数","総数","535非鉄金属卸売業"
"004","0000","11370","00000","2016000000","11062","事業所数","総数","536再生資源卸売業"
"004","0000","11430","00000","2016000000","98974","事業所数","総数","54機械器具卸売業"
"004","0000","11440","00000","2016000000","1600","事業所数","総数","540管理，補助的経済活動を行う事業所"
"004","0000","11480","00000","2016000000","38086","事業所数","総数","541産業機械器具卸売業"
"004","0000","11540","00000","2016000000","18708","事業所数","総数","542自動車卸売業"
"004","0000","11580","00000","2016000000","26301","事業所数","総数","543電気機械器具卸売業"
"004","0000","11610","00000","2016000000","14279","事業所数","総数","549その他の機械器具卸売業"
"004","0000","11650","00000","2016000000","85163","事業所数","総数","55その他の卸売業"
"004","0000","11660","00000","2016000000","1362","事業所数","総数","550管理，補助的経済活動を行う事業所"
"004","0000","11700","00000","2016000000","12715","事業所数","総数","551家具・建具・じゅう器等卸売業"
"004","0000","11770","00000","2016000000","18329","事業所数","総数","552医薬品・化粧品等卸売業"
"004","0000","11820","00000","2016000000","6804","事業所数","総数","553紙・紙製品卸売業"
"004","0000","11850","00000","2016000000","45953","事業所数","総数","559他に分類されない卸売業"
"004","0000","11860","00000","2016000000","1924","事業所数","総数","55A代理商，仲立業"
"004","0000","11880","00000","2016000000","44029","事業所数","総数","55B他に分類されないその他の卸売業"
"004","0000","11970","00000","2016000000","990246","事業所数","総数","I2小売業"
"004","0000","11980","00000","2016000000","3275","事業所数","総数","56各種商品小売業"
"004","0000","11990","00000","2016000000","149","事業所数","総数","560管理，補助的経済活動を行う事業所"
"004","0000","12030","00000","2016000000","1590","事業所数","総数","561百貨店，総合スーパー"
"004","0000","12050","00000","2016000000","1536","事業所数","総数","569その他の各種商品小売業（従業者が常時50人未満のもの）"
"004","0000","12070","00000","2016000000","140465","事業所数","総数","57織物・衣服・身の回り品小売業"
"004","0000","12080","00000","2016000000","1090","事業所数","総数","570管理，補助的経済活動を行う事業所"
"004","0000","12120","00000","2016000000","14711","事業所数","総数","571呉服・服地・寝具小売業"
"004","0000","12150","00000","2016000000","17419","事業所数","総数","572男子服小売業"
"004","0000","12170","00000","2016000000","64013","事業所数","総数","573婦人・子供服小売業"
"004","0000","12200","00000","2016000000","10523","事業所数","総数","574靴・履物小売業"
"004","0000","12230","00000","2016000000","32709","事業所数","総数","579その他の織物・衣服・身の回り品小売業"
"004","0000","12280","00000","2016000000","299120","事業所数","総数","58飲食料品小売業"
"004","0000","12290","00000","2016000000","1884","事業所数","総数","580管理，補助的経済活動を行う事業所"
"004","0000","12330","00000","2016000000","27442","事業所数","総数","581各種食料品小売業"
"004","0000","12350","00000","2016000000","18397","事業所数","総数","582野菜・果実小売業"
"004","0000","12380","00000","2016000000","11058","事業所数","総数","583食肉小売業"
"004","0000","12410","00000","2016000000","13705","事業所数","総数","584鮮魚小売業"
"004","0000","12430","00000","2016000000","32233","事業所数","総数","585酒小売業"
"004","0000","12450","00000","2016000000","61922","事業所数","総数","586菓子・パン小売業"
"004","0000","12500","00000","2016000000","132479","事業所数","総数","589その他の飲食料品小売業"
"004","0000","12510","00000","2016000000","19972","事業所数","総数","58A料理品小売業"
"004","0000","12530","00000","2016000000","112507","事業所数","総数","58B他に分類されない飲食料品小売業"
"004","0000","12620","00000","2016000000","142223","事業所数","総数","59機械器具小売業"
"004","0000","12630","00000","2016000000","857","事業所数","総数","590管理，補助的経済活動を行う事業所"
"004","0000","12670","00000","2016000000","83887","事業所数","総数","591自動車小売業"
"004","0000","12720","00000","2016000000","11207","事業所数","総数","592自転車小売業"
"004","0000","12740","00000","2016000000","46272","事業所数","総数","593機械器具小売業（自動車，自転車を除く）"
"004","0000","12790","00000","2016000000","367376","事業所数","総数","60その他の小売業"
"004","0000","12800","00000","2016000000","2918","事業所数","総数","600管理，補助的経済活動を行う事業所"
"004","0000","12840","00000","2016000000","20138","事業所数","総数","601家具・建具・畳小売業"
"004","0000","12890","00000","2016000000","15225","事業所数","総数","602じゅう器小売業"
"004","0000","12940","00000","2016000000","89453","事業所数","総数","603医薬品・化粧品小売業"
"004","0000","12990","00000","2016000000","11938","事業所数","総数","604農耕用品小売業"
"004","0000","13030","00000","2016000000","48240","事業所数","総数","605燃料小売業"
"004","0000","13060","00000","2016000000","34847","事業所数","総数","606書籍・文房具小売業"
"004","0000","13110","00000","2016000000","22347","事業所数","総数","607スポーツ用品・がん具・娯楽用品・楽器小売業"
"004","0000","13120","00000","2016000000","13563","事業所数","総数","60Aスポーツ用品小売業"
"004","0000","13140","00000","2016000000","5758","事業所数","総数","60Bがん具・娯楽用品小売業"
"004","0000","13160","00000","2016000000","3026","事業所数","総数","60C楽器小売業"
"004","0000","13180","00000","2016000000","20175","事業所数","総数","608写真機・時計・眼鏡小売業"
"004","0000","13210","00000","2016000000","102095","事業所数","総数","609他に分類されない小売業"
"004","0000","13220","00000","2016000000","19646","事業所数","総数","60D花・植木小売業"
"004","0000","13240","00000","2016000000","5041","事業所数","総数","60Eペット・ペット用品小売業"
"004","0000","13260","00000","2016000000","10229","事業所数","総数","60F中古品小売業（他に分類されないもの）"
"004","0000","13290","00000","2016000000","67179","事業所数","総数","60G他に分類されないその他の小売業"
"004","0000","13350","00000","2016000000","37088","事業所数","総数","61無店舗小売業"
"004","0000","13360","00000","2016000000","281","事業所数","総数","610管理，補助的経済活動を行う事業所"
"004","0000","13400","00000","2016000000","28009","事業所数","総数","611通信販売・訪問販売小売業"
"004","0000","13460","00000","2016000000","3740","事業所数","総数","612自動販売機による小売業"
"004","0000","13480","00000","2016000000","5058","事業所数","総数","619その他の無店舗小売業"
"004","0000","13500","00000","2016000000","84041","事業所数","総数","J金融業，保険業"
"004","0000","13510","00000","2016000000","15404","事業所数","総数","62銀行業"
"004","0000","13520","00000","2016000000","94","事業所数","総数","620管理，補助的経済活動を行う事業所"
"004","0000","13530","00000","2016000000","46","事業所数","総数","621中央銀行"
"004","0000","13540","00000","2016000000","15264","事業所数","総数","622銀行（中央銀行を除く）"
"004","0000","13560","00000","2016000000","11568","事業所数","総数","63協同組織金融業"
"004","0000","13570","00000","2016000000","17","事業所数","総数","630管理，補助的経済活動を行う事業所"
"004","0000","13580","00000","2016000000","10609","事業所数","総数","631中小企業等金融業"
"004","0000","13590","00000","2016000000","942","事業所数","総数","632農林水産金融業"
"004","0000","13600","00000","2016000000","5262","事業所数","総数","64貸金業，クレジットカード業等非預金信用機関"
"004","0000","13610","00000","2016000000","30","事業所数","総数","640管理，補助的経済活動を行う事業所"
"004","0000","13620","00000","2016000000","1302","事業所数","総数","641貸金業"
"004","0000","13630","00000","2016000000","1613","事業所数","総数","642質屋"
"004","0000","13640","00000","2016000000","1524","事業所数","総数","643クレジットカード業，割賦金融業"
"004","0000","13650","00000","2016000000","793","事業所数","総数","649その他の非預金信用機関"
"004","0000","13660","00000","2016000000","3887","事業所数","総数","65金融商品取引業，商品先物取引業"
"004","0000","13670","00000","2016000000","3","事業所数","総数","650管理，補助的経済活動を行う事業所"
"004","0000","13680","00000","2016000000","3727","事業所数","総数","651金融商品取引業"
"004","0000","13690","00000","2016000000","157","事業所数","総数","652商品先物取引業，商品投資顧問業"
"004","0000","13700","00000","2016000000","1796","事業所数","総数","66補助的金融業等"
"004","0000","13710","00000","2016000000","5","事業所数","総数","660管理，補助的経済活動を行う事業所"
"004","0000","13720","00000","2016000000","1222","事業所数","総数","661補助的金融業，金融附帯業"
"004","0000","13730","00000","2016000000","47","事業所数","総数","662信託業"
"004","0000","13740","00000","2016000000","522","事業所数","総数","663金融代理業"
"004","0000","13750","00000","2016000000","45917","事業所数","総数","67保険業（保険媒介代理業，保険サービス業を含む）"
"004","0000","13760","00000","2016000000","48","事業所数","総数","670管理，補助的経済活動を行う事業所"
"004","0000","13770","00000","2016000000","11939","事業所数","総数","671生命保険業"
"004","0000","13780","00000","2016000000","2890","事業所数","総数","672損害保険業"
"004","0000","13790","00000","2016000000","2009","事業所数","総数","673共済事業，少額短期保険業"
"004","0000","13800","00000","2016000000","27968","事業所数","総数","674保険媒介代理業"
"004","0000","13810","00000","2016000000","1063","事業所数","総数","675保険サービス業"
"004","0000","13820","00000","2016000000","353155","事業所数","総数","K不動産業，物品賃貸業"
"004","0000","13830","00000","2016000000","323958","事業所数","総数","K1不動産業"
"004","0000","13840","00000","2016000000","63352","事業所数","総数","68不動産取引業"
"004","0000","13850","00000","2016000000","76","事業所数","総数","680管理，補助的経済活動を行う事業所"
"004","0000","13880","00000","2016000000","16585","事業所数","総数","681建物売買業，土地売買業"
"004","0000","13910","00000","2016000000","46691","事業所数","総数","682不動産代理業・仲介業"
"004","0000","13930","00000","2016000000","260042","事業所数","総数","69不動産賃貸業・管理業"
"004","0000","13940","00000","2016000000","122","事業所数","総数","690管理，補助的経済活動を行う事業所"
"004","0000","13970","00000","2016000000","47366","事業所数","総数","691不動産賃貸業（貸家業，貸間業を除く）"
"004","0000","14010","00000","2016000000","144370","事業所数","総数","692貸家業，貸間業"
"004","0000","14040","00000","2016000000","29680","事業所数","総数","693駐車場業"
"004","0000","14060","00000","2016000000","38504","事業所数","総数","694不動産管理業"
"004","0000","14080","00000","2016000000","29197","事業所数","総数","K2物品賃貸業"
"004","0000","14090","00000","2016000000","29197","事業所数","総数","70物品賃貸業"
"004","0000","14100","00000","2016000000","497","事業所数","総数","700管理，補助的経済活動を行う事業所"
"004","0000","14130","00000","2016000000","1166","事業所数","総数","701各種物品賃貸業"
"004","0000","14160","00000","2016000000","10548","事業所数","総数","702産業用機械器具賃貸業"
"004","0000","14190","00000","2016000000","546","事業所数","総数","703事務用機械器具賃貸業"
"004","0000","14220","00000","2016000000","5831","事業所数","総数","704自動車賃貸業"
"004","0000","14240","00000","2016000000","602","事業所数","総数","705スポーツ・娯楽用品賃貸業"
"004","0000","14260","00000","2016000000","9972","事業所数","総数","709その他の物品賃貸業"
"004","0000","14270","00000","2016000000","1405","事業所数","総数","70A音楽・映像記録物賃貸業（別掲を除く）"
"004","0000","14290","00000","2016000000","8567","事業所数","総数","70B他に分類されない物品賃貸業"
"004","0000","14330","00000","2016000000","223439","事業所数","総数","L学術研究，専門・技術サービス業"
"004","0000","14340","00000","2016000000","5223","事業所数","総数","71学術・開発研究機関"
"004","0000","14350","00000","2016000000","38","事業所数","総数","710管理，補助的経済活動を行う事業所"
"004","0000","14370","00000","2016000000","4575","事業所数","総数","711自然科学研究所"
"004","0000","14420","00000","2016000000","606","事業所数","総数","712人文・社会科学研究所"
"004","0000","14440","00000","2016000000","115043","事業所数","総数","72専門サービス業（他に分類されないもの）"
"004","0000","14450","00000","2016000000","127","事業所数","総数","720管理，補助的経済活動を行う事業所"
"004","0000","14470","00000","2016000000","13136","事業所数","総数","721法律事務所，特許事務所"
"004","0000","14480","00000","2016000000","11775","事業所数","総数","72A法律事務所"
"004","0000","14500","00000","2016000000","1361","事業所数","総数","72B特許事務所"
"004","0000","14520","00000","2016000000","17970","事業所数","総数","722公証人役場，司法書士事務所，土地家屋調査士事務所"
"004","0000","14550","00000","2016000000","6353","事業所数","総数","723行政書士事務所"
"004","0000","14570","00000","2016000000","31208","事業所数","総数","724公認会計士事務所，税理士事務所"
"004","0000","14580","00000","2016000000","2804","事業所数","総数","72C公認会計士事務所"
"004","0000","14600","00000","2016000000","28404","事業所数","総数","72D税理士事務所"
"004","0000","14620","00000","2016000000","5854","事業所数","総数","725社会保険労務士事務所"
"004","0000","14640","00000","2016000000","8557","事業所数","総数","726デザイン業"
"004","0000","14660","00000","2016000000","856","事業所数","総数","727著述・芸術家業"
"004","0000","14690","00000","2016000000","12722","事業所数","総数","728経営コンサルタント業，純粋持株会社"
"004","0000","14700","00000","2016000000","11749","事業所数","総数","72E経営コンサルタント業"
"004","0000","14720","00000","2016000000","973","事業所数","総数","72F純粋持株会社"
"004","0000","14740","00000","2016000000","18260","事業所数","総数","729その他の専門サービス業"
"004","0000","14750","00000","2016000000","547","事業所数","総数","72G興信所"
"004","0000","14770","00000","2016000000","17713","事業所数","総数","72H他に分類されない専門サービス業"
"004","0000","14820","00000","2016000000","9282","事業所数","総数","73広告業"
"004","0000","14830","00000","2016000000","27","事業所数","総数","730管理，補助的経済活動を行う事業所"
"004","0000","14860","00000","2016000000","9255","事業所数","総数","731広告業"
"004","0000","14880","00000","2016000000","93781","事業所数","総数","74技術サービス業（他に分類されないもの）"
"004","0000","14890","00000","2016000000","350","事業所数","総数","740管理，補助的経済活動を行う事業所"
"004","0000","14910","00000","2016000000","9762","事業所数","総数","741獣医業"
"004","0000","14930","00000","2016000000","53236","事業所数","総数","742土木建築サービス業"
"004","0000","14940","00000","2016000000","40922","事業所数","総数","74A建築設計業"
"004","0000","14960","00000","2016000000","8973","事業所数","総数","74B測量業"
"004","0000","14980","00000","2016000000","3341","事業所数","総数","74Cその他の土木建築サービス業"
"004","0000","15000","00000","2016000000","7108","事業所数","総数","743機械設計業"
"004","0000","15020","00000","2016000000","3001","事業所数","総数","744商品・非破壊検査業"
"004","0000","15050","00000","2016000000","1485","事業所数","総数","745計量証明業"
"004","0000","15090","00000","2016000000","11014","事業所数","総数","746写真業"
"004","0000","15120","00000","2016000000","7825","事業所数","総数","749その他の技術サービス業"
"004","0000","15140","00000","2016000000","696396","事業所数","総数","M宿泊業，飲食サービス業"
"004","0000","15150","00000","2016000000","48963","事業所数","総数","M1宿泊業"
"004","0000","15160","00000","2016000000","48963","事業所数","総数","75宿泊業"
"004","0000","15170","00000","2016000000","271","事業所数","総数","750管理，補助的経済活動を行う事業所"
"004","0000","15200","00000","2016000000","38409","事業所数","総数","751旅館，ホテル"
"004","0000","15220","00000","2016000000","2246","事業所数","総数","752簡易宿所"
"004","0000","15240","00000","2016000000","1059","事業所数","総数","753下宿業"
"004","0000","15260","00000","2016000000","6956","事業所数","総数","759その他の宿泊業"
"004","0000","15270","00000","2016000000","1527","事業所数","総数","75A会社・団体の宿泊所"
"004","0000","15290","00000","2016000000","5429","事業所数","総数","75B他に分類されない宿泊業"
"004","0000","15320","00000","2016000000","647433","事業所数","総数","M2飲食店，持ち帰り・配達飲食サービス業"
"004","0000","15330","00000","2016000000","590847","事業所数","総数","76飲食店"
"004","0000","15340","00000","2016000000","2524","事業所数","総数","760管理，補助的経済活動を行う事業所"
"004","0000","15370","00000","2016000000","50329","事業所数","総数","761食堂，レストラン（専門料理店を除く）"
"004","0000","15390","00000","2016000000","171166","事業所数","総数","762専門料理店"
"004","0000","15400","00000","2016000000","49481","事業所数","総数","76A日本料理店"
"004","0000","15420","00000","2016000000","52672","事業所数","総数","76B中華料理店"
"004","0000","15450","00000","2016000000","18977","事業所数","総数","76C焼肉店"
"004","0000","15470","00000","2016000000","50036","事業所数","総数","76Dその他の専門料理店"
"004","0000","15500","00000","2016000000","29137","事業所数","総数","763そば・うどん店"
"004","0000","15520","00000","2016000000","22557","事業所数","総数","764すし店"
"004","0000","15540","00000","2016000000","124976","事業所数","総数","765酒場，ビヤホール"
"004","0000","15560","00000","2016000000","95674","事業所数","総数","766バー，キャバレー，ナイトクラブ"
"004","0000","15580","00000","2016000000","67198","事業所数","総数","767喫茶店"
"004","0000","15600","00000","2016000000","27276","事業所数","総数","769その他の飲食店"
"004","0000","15610","00000","2016000000","5506","事業所数","総数","76Eハンバーガー店"
"004","0000","15630","00000","2016000000","15647","事業所数","総数","76Fお好み焼・焼きそば・たこ焼店"
"004","0000","15650","00000","2016000000","6123","事業所数","総数","76G他に分類されない飲食店"
"004","0000","15670","00000","2016000000","56050","事業所数","総数","77持ち帰り・配達飲食サービス業"
"004","0000","15680","00000","2016000000","432","事業所数","総数","770管理，補助的経済活動を行う事業所"
"004","0000","15710","00000","2016000000","12300","事業所数","総数","771持ち帰り飲食サービス業"
"004","0000","15730","00000","2016000000","43318","事業所数","総数","772配達飲食サービス業"
"004","0000","15750","00000","2016000000","470713","事業所数","総数","N生活関連サービス業，娯楽業"
"004","0000","15760","00000","2016000000","358523","事業所数","総数","78洗濯・理容・美容・浴場業"
"004","0000","15770","00000","2016000000","574","事業所数","総数","780管理，補助的経済活動を行う事業所"
"004","0000","15800","00000","2016000000","55908","事業所数","総数","781洗濯業"
"004","0000","15810","00000","2016000000","51245","事業所数","総数","78A普通洗濯業"
"004","0000","15840","00000","2016000000","4663","事業所数","総数","78Bリネンサプライ業"
"004","0000","15860","00000","2016000000","99704","事業所数","総数","782理容業"
"004","0000","15880","00000","2016000000","172304","事業所数","総数","783美容業"
"004","0000","15900","00000","2016000000","3013","事業所数","総数","784一般公衆浴場業"
"004","0000","15920","00000","2016000000","2653","事業所数","総数","785その他の公衆浴場業"
"004","0000","15940","00000","2016000000","24367","事業所数","総数","789その他の洗濯・理容・美容・浴場業"
"004","0000","16000","00000","2016000000","56652","事業所数","総数","79その他の生活関連サービス業"
"004","0000","16010","00000","2016000000","197","事業所数","総数","790管理，補助的経済活動を行う事業所"
"004","0000","16040","00000","2016000000","8925","事業所数","総数","791旅行業"
"004","0000","16070","00000","2016000000","6684","事業所数","総数","793衣服裁縫修理業"
"004","0000","16090","00000","2016000000","3157","事業所数","総数","794物品預り業"
"004","0000","16110","00000","2016000000","1136","事業所数","総数","795火葬・墓地管理業"
"004","0000","16140","00000","2016000000","11801","事業所数","総数","796冠婚葬祭業"
"004","0000","16150","00000","2016000000","9372","事業所数","総数","79A葬儀業"
"004","0000","16170","00000","2016000000","1435","事業所数","総数","79B結婚式場業"
"004","0000","16190","00000","2016000000","994","事業所数","総数","79C冠婚葬祭互助会"
"004","0000","16210","00000","2016000000","24752","事業所数","総数","799他に分類されない生活関連サービス業"
"004","0000","16220","00000","2016000000","3493","事業所数","総数","79D写真プリント，現像・焼付業"
"004","0000","16240","00000","2016000000","21259","事業所数","総数","79E他に分類されないその他の生活関連サービス業"
"004","0000","16280","00000","2016000000","55431","事業所数","総数","80娯楽業"
"004","0000","16290","00000","2016000000","673","事業所数","総数","800管理，補助的経済活動を行う事業所"
"004","0000","16320","00000","2016000000","562","事業所数","総数","801映画館"
"004","0000","16340","00000","2016000000","3217","事業所数","総数","802興行場（別掲を除く），興行団"
"004","0000","16400","00000","2016000000","739","事業所数","総数","803競輪・競馬等の競走場，競技団"
"004","0000","16470","00000","2016000000","15810","事業所数","総数","804スポーツ施設提供業"
"004","0000","16480","00000","2016000000","3040","事業所数","総数","80Aスポーツ施設提供業（別掲を除く）"
"004","0000","16500","00000","2016000000","940","事業所数","総数","80B体育館"
"004","0000","16520","00000","2016000000","2379","事業所数","総数","80Cゴルフ場"
"004","0000","16540","00000","2016000000","2506","事業所数","総数","80Dゴルフ練習場"
"004","0000","16560","00000","2016000000","638","事業所数","総数","80Eボウリング場"
"004","0000","16580","00000","2016000000","484","事業所数","総数","80Fテニス場"
"004","0000","16600","00000","2016000000","512","事業所数","総数","80Gバッティング・テニス練習場"
"004","0000","16620","00000","2016000000","5311","事業所数","総数","80Hフィットネスクラブ"
"004","0000","16640","00000","2016000000","1869","事業所数","総数","805公園，遊園地"
"004","0000","16680","00000","2016000000","18783","事業所数","総数","806遊戯場"
"004","0000","16690","00000","2016000000","3873","事業所数","総数","80Jマージャンクラブ"
"004","0000","16710","00000","2016000000","10487","事業所数","総数","80Kパチンコホール"
"004","0000","16730","00000","2016000000","3050","事業所数","総数","80Lゲームセンター"
"004","0000","16750","00000","2016000000","1373","事業所数","総数","80Mその他の遊戯場"
"004","0000","16790","00000","2016000000","13778","事業所数","総数","809その他の娯楽業"
"004","0000","16800","00000","2016000000","6277","事業所数","総数","80Nカラオケボックス業"
"004","0000","16820","00000","2016000000","7501","事業所数","総数","80P他に分類されない娯楽業"
"004","0000","16890","00000","2016000000","167662","事業所数","総数","O教育，学習支援業"
"004","0000","16900","00000","2016000000","18853","事業所数","総数","O1教育，学習支援業（学校教育）"
"004","0000","16910","00000","2016000000","18853","事業所数","総数","81学校教育"
"004","0000","16920","00000","2016000000","268","事業所数","総数","810管理，補助的経済活動を行う事業所"
"004","0000","16940","00000","2016000000","7112","事業所数","総数","811幼稚園"
"004","0000","16960","00000","2016000000","1991","事業所数","総数","819幼保連携型認定こども園"
"004","0000","16980","00000","2016000000","286","事業所数","総数","812小学校"
"004","0000","17000","00000","2016000000","703","事業所数","総数","813中学校"
"004","0000","17020","00000","2016000000","1828","事業所数","総数","814高等学校，中等教育学校"
"004","0000","17050","00000","2016000000","59","事業所数","総数","815特別支援学校"
"004","0000","17070","00000","2016000000","2611","事業所数","総数","816高等教育機関"
"004","0000","17110","00000","2016000000","3961","事業所数","総数","817専修学校，各種学校"
"004","0000","17140","00000","2016000000","17","事業所数","総数","818学校教育支援機関"
"004","0000","17160","00000","2016000000","148809","事業所数","総数","O2教育，学習支援業（その他の教育，学習支援業）"
"004","0000","17170","00000","2016000000","148809","事業所数","総数","82その他の教育，学習支援業"
"004","0000","17180","00000","2016000000","340","事業所数","総数","820管理，補助的経済活動を行う事業所"
"004","0000","17210","00000","2016000000","4441","事業所数","総数","821社会教育"
"004","0000","17220","00000","2016000000","888","事業所数","総数","82A公民館"
"004","0000","17240","00000","2016000000","628","事業所数","総数","82B図書館"
"004","0000","17260","00000","2016000000","2039","事業所数","総数","82C博物館，美術館"
"004","0000","17280","00000","2016000000","306","事業所数","総数","82D動物園，植物園，水族館"
"004","0000","17300","00000","2016000000","579","事業所数","総数","82Eその他の社会教育"
"004","0000","17340","00000","2016000000","3010","事業所数","総数","822職業・教育支援施設"
"004","0000","17380","00000","2016000000","54486","事業所数","総数","823学習塾"
"004","0000","17400","00000","2016000000","81440","事業所数","総数","824教養・技能教授業"
"004","0000","17410","00000","2016000000","20371","事業所数","総数","82F音楽教授業"
"004","0000","17430","00000","2016000000","9551","事業所数","総数","82G書道教授業"
"004","0000","17450","00000","2016000000","3594","事業所数","総数","82H生花・茶道教授業"
"004","0000","17470","00000","2016000000","6446","事業所数","総数","82Jそろばん教授業"
"004","0000","17490","00000","2016000000","10431","事業所数","総数","82K外国語会話教授業"
"004","0000","17510","00000","2016000000","9476","事業所数","総数","82Lスポーツ・健康教授業"
"004","0000","17530","00000","2016000000","21571","事業所数","総数","82Mその他の教養・技能教授業"
"004","0000","17550","00000","2016000000","5015","事業所数","総数","829他に分類されない教育，学習支援業"
"004","0000","17570","00000","2016000000","429173","事業所数","総数","P医療，福祉"
"004","0000","17580","00000","2016000000","253942","事業所数","総数","83医療業"
"004","0000","17590","00000","2016000000","358","事業所数","総数","830管理，補助的経済活動を行う事業所"
"004","0000","17620","00000","2016000000","8049","事業所数","総数","831病院"
"004","0000","17650","00000","2016000000","82951","事業所数","総数","832一般診療所"
"004","0000","17680","00000","2016000000","66337","事業所数","総数","833歯科診療所"
"004","0000","17700","00000","2016000000","5257","事業所数","総数","834助産・看護業"
"004","0000","17710","00000","2016000000","463","事業所数","総数","83A助産所"
"004","0000","17730","00000","2016000000","4794","事業所数","総数","83B看護業"
"004","0000","17750","00000","2016000000","83064","事業所数","総数","835療術業"
"004","0000","17780","00000","2016000000","7926","事業所数","総数","836医療に附帯するサービス業"
"004","0000","17790","00000","2016000000","5997","事業所数","総数","83C歯科技工所"
"004","0000","17810","00000","2016000000","1929","事業所数","総数","83Dその他の医療に附帯するサービス業"
"004","0000","17830","00000","2016000000","2169","事業所数","総数","84保健衛生"
"004","0000","17840","00000","2016000000","7","事業所数","総数","840管理，補助的経済活動を行う事業所"
"004","0000","17870","00000","2016000000","1710","事業所数","総数","842健康相談施設"
"004","0000","17920","00000","2016000000","452","事業所数","総数","849その他の保健衛生"
"004","0000","17960","00000","2016000000","172733","事業所数","総数","85社会保険・社会福祉・介護事業"
"004","0000","17970","00000","2016000000","719","事業所数","総数","850管理，補助的経済活動を行う事業所"
"004","0000","18000","00000","2016000000","2467","事業所数","総数","851社会保険事業団体"
"004","0000","18020","00000","2016000000","36852","事業所数","総数","853児童福祉事業"
"004","0000","18030","00000","2016000000","22328","事業所数","総数","85A保育所"
"004","0000","18050","00000","2016000000","14524","事業所数","総数","85Bその他の児童福祉事業"
"004","0000","18070","00000","2016000000","100549","事業所数","総数","854老人福祉・介護事業"
"004","0000","18080","00000","2016000000","8861","事業所数","総数","85C特別養護老人ホーム"
"004","0000","18100","00000","2016000000","3823","事業所数","総数","85D介護老人保健施設"
"004","0000","18120","00000","2016000000","34524","事業所数","総数","85E通所・短期入所介護事業"
"004","0000","18140","00000","2016000000","20188","事業所数","総数","85F訪問介護事業"
"004","0000","18160","00000","2016000000","10321","事業所数","総数","85G認知症老人グループホーム"
"004","0000","18180","00000","2016000000","7559","事業所数","総数","85H有料老人ホーム"
"004","0000","18200","00000","2016000000","15273","事業所数","総数","85Jその他の老人福祉・介護事業"
"004","0000","18220","00000","2016000000","26838","事業所数","総数","855障害者福祉事業"
"004","0000","18250","00000","2016000000","5308","事業所数","総数","859その他の社会保険・社会福祉・介護事業"
"004","0000","18260","00000","2016000000","226","事業所数","総数","85K更生保護事業"
"004","0000","18280","00000","2016000000","5082","事業所数","総数","85L他に分類されない社会保険・社会福祉・介護事業"
"004","0000","18300","00000","2016000000","33780","事業所数","総数","Q複合サービス事業"
"004","0000","18310","00000","2016000000","23607","事業所数","総数","Q1複合サービス事業（郵便局）"
"004","0000","18320","00000","2016000000","23607","事業所数","総数","86郵便局"
"004","0000","18330","00000","2016000000","80","事業所数","総数","860管理，補助的経済活動を行う事業所"
"004","0000","18340","00000","2016000000","19905","事業所数","総数","861郵便局"
"004","0000","18350","00000","2016000000","3622","事業所数","総数","862郵便局受託業"
"004","0000","18370","00000","2016000000","10173","事業所数","総数","Q2複合サービス事業（協同組合）"
"004","0000","18380","00000","2016000000","10173","事業所数","総数","87協同組合（他に分類されないもの）"
"004","0000","18390","00000","2016000000","121","事業所数","総数","870管理，補助的経済活動を行う事業所"
"004","0000","18410","00000","2016000000","9069","事業所数","総数","871農林水産業協同組合（他に分類されないもの）"
"004","0000","18460","00000","2016000000","983","事業所数","総数","872事業協同組合（他に分類されないもの）"
"004","0000","18480","00000","2016000000","346616","事業所数","総数","Rサービス業（他に分類されないもの）"
"004","0000","18490","00000","2016000000","139620","事業所数","総数","R1サービス業（政治・経済・文化団体，宗教）"
"004","0000","18500","00000","2016000000","48753","事業所数","総数","93政治・経済・文化団体"
"004","0000","18510","00000","2016000000","20839","事業所数","総数","931経済団体"
"004","0000","18520","00000","2016000000","5525","事業所数","総数","932労働団体"
"004","0000","18530","00000","2016000000","1283","事業所数","総数","933学術・文化団体"
"004","0000","18540","00000","2016000000","1608","事業所数","総数","934政治団体"
"004","0000","18550","00000","2016000000","19498","事業所数","総数","939他に分類されない非営利的団体"
"004","0000","18560","00000","2016000000","90774","事業所数","総数","94宗教"
"004","0000","18570","00000","2016000000","11152","事業所数","総数","941神道系宗教"
"004","0000","18580","00000","2016000000","59538","事業所数","総数","942仏教系宗教"
"004","0000","18590","00000","2016000000","7189","事業所数","総数","943キリスト教系宗教"
"004","0000","18600","00000","2016000000","12895","事業所数","総数","949その他の宗教"
"004","0000","18610","00000","2016000000","206996","事業所数","総数","R2サービス業（政治・経済・文化団体，宗教を除く）"
"004","0000","18620","00000","2016000000","20005","事業所数","総数","88廃棄物処理業"
"004","0000","18630","00000","2016000000","248","事業所数","総数","880管理，補助的経済活動を行う事業所"
"004","0000","18660","00000","2016000000","10766","事業所数","総数","881一般廃棄物処理業"
"004","0000","18730","00000","2016000000","8940","事業所数","総数","882産業廃棄物処理業"
"004","0000","18780","00000","2016000000","51","事業所数","総数","889その他の廃棄物処理業"
"004","0000","18810","00000","2016000000","54699","事業所数","総数","89自動車整備業"
"004","0000","18820","00000","2016000000","99","事業所数","総数","890管理，補助的経済活動を行う事業所"
"004","0000","18840","00000","2016000000","54600","事業所数","総数","891自動車整備業"
"004","0000","18870","00000","2016000000","29001","事業所数","総数","90機械等修理業（別掲を除く）"
"004","0000","18880","00000","2016000000","139","事業所数","総数","900管理，補助的経済活動を行う事業所"
"004","0000","18910","00000","2016000000","14855","事業所数","総数","901機械修理業（電気機械器具を除く）"
"004","0000","18940","00000","2016000000","6251","事業所数","総数","902電気機械器具修理業"
"004","0000","18960","00000","2016000000","2174","事業所数","総数","903表具業"
"004","0000","18980","00000","2016000000","5582","事業所数","総数","909その他の修理業"
"004","0000","19040","00000","2016000000","18483","事業所数","総数","91職業紹介・労働者派遣業"
"004","0000","19050","00000","2016000000","109","事業所数","総数","910管理，補助的経済活動を行う事業所"
"004","0000","19080","00000","2016000000","5129","事業所数","総数","911職業紹介業"
"004","0000","19100","00000","2016000000","13245","事業所数","総数","912労働者派遣業"
"004","0000","19120","00000","2016000000","79927","事業所数","総数","92その他の事業サービス業"
"004","0000","19130","00000","2016000000","480","事業所数","総数","920管理，補助的経済活動を行う事業所"
"004","0000","19160","00000","2016000000","1465","事業所数","総数","921速記・ワープロ入力・複写業"
"004","0000","19190","00000","2016000000","28478","事業所数","総数","922建物サービス業"
"004","0000","19220","00000","2016000000","9010","事業所数","総数","923警備業"
"004","0000","19240","00000","2016000000","40494","事業所数","総数","929他に分類されない事業サービス業"
"004","0000","19300","00000","2016000000","3944","事業所数","総数","95その他のサービス業"
"004","0000","19310","00000","2016000000","9","事業所数","総数","950管理，補助的経済活動を行う事業所"
"004","0000","19330","00000","2016000000","3464","事業所数","総数","951集会場"
"004","0000","19350","00000","2016000000","80","事業所数","総数","952と畜場"
"004","0000","19370","00000","2016000000","391","事業所数","総数","959他に分類されないサービス業"
"004","0010","00010","00000","2016000000","1520908","事業所数","0人","A～R全産業（Ｓ公務を除く）"
"004","0010","00020","00000","2016000000","4928","事業所数","0人","A～B農林漁業"
"004","0010","00030","00000","2016000000","4521","事業所数","0人","A農業，林業"
"004","0010","00040","00000","2016000000","4050","事業所数","0人","01農業"
"004","0010","00050","00000","2016000000","39","事業所数","0人","010管理，補助的経済活動を行う事業所"
"004","0010","00080","00000","2016000000","2260","事業所数","0人","011耕種農業"
"004","0010","00170","00000","2016000000","701","事業所数","0人","012畜産農業"
"004","0010","00250","00000","2016000000","652","事業所数","0人","013農業サービス業（園芸サービス業を除く）"
"004","0010","00300","00000","2016000000","398","事業所数","0人","014園芸サービス業"
"004","0010","00320","00000","2016000000","471","事業所数","0人","02林業"
"004","0010","00330","00000","2016000000","1","事業所数","0人","020管理，補助的経済活動を行う事業所"
"004","0010","00360","00000","2016000000","289","事業所数","0人","021育林業"
"004","0010","00380","00000","2016000000","38","事業所数","0人","022素材生産業"
"004","0010","00400","00000","2016000000","18","事業所数","0人","023特用林産物生産業（きのこ類の栽培を除く）"
"004","0010","00430","00000","2016000000","112","事業所数","0人","024林業サービス業"
"004","0010","00480","00000","2016000000","13","事業所数","0人","029その他の林業"
"004","0010","00500","00000","2016000000","402","事業所数","0人","B漁業"
"004","0010","00510","00000","2016000000","180","事業所数","0人","03漁業（水産養殖業を除く）"
"004","0010","00550","00000","2016000000","160","事業所数","0人","031海面漁業"
"004","0010","00650","00000","2016000000","20","事業所数","0人","032内水面漁業"
"004","0010","00670","00000","2016000000","222","事業所数","0人","04水産養殖業"
"004","0010","00680","00000","2016000000","3","事業所数","0人","040管理，補助的経済活動を行う事業所"
"004","0010","00710","00000","2016000000","92","事業所数","0人","041海面養殖業"
"004","0010","00780","00000","2016000000","127","事業所数","0人","042内水面養殖業"
"004","0010","00800","00000","2016000000","1515980","事業所数","0人","C～R非農林漁業（Ｓ公務を除く）"
"004","0010","00810","00000","2016000000","229","事業所数","0人","C鉱業，採石業，砂利採取業"
"004","0010","00820","00000","2016000000","229","事業所数","0人","05鉱業，採石業，砂利採取業"
"004","0010","00830","00000","2016000000","45","事業所数","0人","050管理，補助的経済活動を行う事業所"
"004","0010","00940","00000","2016000000","1","事業所数","0人","053原油・天然ガス鉱業"
"004","0010","00970","00000","2016000000","152","事業所数","0人","054採石業，砂・砂利・玉石採取業"
"004","0010","01070","00000","2016000000","24","事業所数","0人","055窯業原料用鉱物鉱業（耐火物・陶磁器・ガラス・セメント原料用に限る）"
"004","0010","01160","00000","2016000000","5","事業所数","0人","059その他の鉱業"
"004","0010","01220","00000","2016000000","126915","事業所数","0人","D建設業"
"004","0010","01230","00000","2016000000","47433","事業所数","0人","06総合工事業"
"004","0010","01240","00000","2016000000","72","事業所数","0人","060管理，補助的経済活動を行う事業所"
"004","0010","01250","00000","2016000000","616","事業所数","0人","061一般土木建築工事業"
"004","0010","01260","00000","2016000000","8685","事業所数","0人","062土木工事業（舗装工事業を除く）"
"004","0010","01270","00000","2016000000","294","事業所数","0人","063舗装工事業"
"004","0010","01280","00000","2016000000","9994","事業所数","0人","064建築工事業（木造建築工事業を除く)"
"004","0010","01290","00000","2016000000","17724","事業所数","0人","065木造建築工事業"
"004","0010","01300","00000","2016000000","10048","事業所数","0人","066建築リフォーム工事業"
"004","0010","01310","00000","2016000000","51847","事業所数","0人","07職別工事業（設備工事業を除く）"
"004","0010","01320","00000","2016000000","60","事業所数","0人","070管理，補助的経済活動を行う事業所"
"004","0010","01330","00000","2016000000","11590","事業所数","0人","071大工工事業"
"004","0010","01340","00000","2016000000","2752","事業所数","0人","072とび・土工・コンクリート工事業"
"004","0010","01350","00000","2016000000","1681","事業所数","0人","073鉄骨・鉄筋工事業"
"004","0010","01360","00000","2016000000","2529","事業所数","0人","074石工・れんが・タイル・ブロック工事業"
"004","0010","01370","00000","2016000000","5846","事業所数","0人","075左官工事業"
"004","0010","01380","00000","2016000000","5419","事業所数","0人","076板金・金物工事業"
"004","0010","01390","00000","2016000000","6936","事業所数","0人","077塗装工事業"
"004","0010","01400","00000","2016000000","8735","事業所数","0人","078床・内装工事業"
"004","0010","01410","00000","2016000000","6299","事業所数","0人","079その他の職別工事業"
"004","0010","01420","00000","2016000000","27594","事業所数","0人","08設備工事業"
"004","0010","01430","00000","2016000000","51","事業所数","0人","080管理，補助的経済活動を行う事業所"
"004","0010","01440","00000","2016000000","14354","事業所数","0人","081電気工事業"
"004","0010","01450","00000","2016000000","1307","事業所数","0人","082電気通信・信号装置工事業"
"004","0010","01460","00000","2016000000","9757","事業所数","0人","083管工事業（さく井工事業を除く）"
"004","0010","01470","00000","2016000000","1111","事業所数","0人","084機械器具設置工事業"
"004","0010","01480","00000","2016000000","1014","事業所数","0人","089その他の設備工事業"
"004","0010","01490","00000","2016000000","100989","事業所数","0人","E製造業"
"004","0010","01500","00000","2016000000","7910","事業所数","0人","09食料品製造業"
"004","0010","01510","00000","2016000000","97","事業所数","0人","090管理，補助的経済活動を行う事業所"
"004","0010","01540","00000","2016000000","239","事業所数","0人","091畜産食料品製造業"
"004","0010","01600","00000","2016000000","924","事業所数","0人","092水産食料品製造業"
"004","0010","01680","00000","2016000000","458","事業所数","0人","093野菜缶詰・果実缶詰・農産保存食料品製造業"
"004","0010","01710","00000","2016000000","604","事業所数","0人","094調味料製造業"
"004","0010","01770","00000","2016000000","28","事業所数","0人","095糖類製造業"
"004","0010","01810","00000","2016000000","505","事業所数","0人","096精穀・製粉業"
"004","0010","01850","00000","2016000000","1718","事業所数","0人","097パン・菓子製造業"
"004","0010","01910","00000","2016000000","30","事業所数","0人","098動植物油脂製造業"
"004","0010","01940","00000","2016000000","3307","事業所数","0人","099その他の食料品製造業"
"004","0010","02040","00000","2016000000","1492","事業所数","0人","10飲料・たばこ・飼料製造業"
"004","0010","02050","00000","2016000000","22","事業所数","0人","100管理，補助的経済活動を行う事業所"
"004","0010","02080","00000","2016000000","87","事業所数","0人","101清涼飲料製造業"
"004","0010","02100","00000","2016000000","208","事業所数","0人","102酒類製造業"
"004","0010","02150","00000","2016000000","942","事業所数","0人","103茶・コーヒー製造業（清涼飲料を除く）"
"004","0010","02180","00000","2016000000","27","事業所数","0人","104製氷業"
"004","0010","02240","00000","2016000000","206","事業所数","0人","106飼料・有機質肥料製造業"
"004","0010","02280","00000","2016000000","13533","事業所数","0人","11繊維工業"
"004","0010","02290","00000","2016000000","63","事業所数","0人","110管理，補助的経済活動を行う事業所"
"004","0010","02320","00000","2016000000","755","事業所数","0人","111製糸業，紡績業，化学繊維・ねん糸等製造業"
"004","0010","02420","00000","2016000000","3409","事業所数","0人","112織物業"
"004","0010","02490","00000","2016000000","346","事業所数","0人","113ニット生地製造業"
"004","0010","02530","00000","2016000000","994","事業所数","0人","114染色整理業"
"004","0010","02620","00000","2016000000","916","事業所数","0人","115綱・網・レース・繊維粗製品製造業"
"004","0010","02720","00000","2016000000","3324","事業所数","0人","116外衣・シャツ製造業（和式を除く）"
"004","0010","02820","00000","2016000000","161","事業所数","0人","117下着類製造業"
"004","0010","02870","00000","2016000000","1239","事業所数","0人","118和装製品・その他の衣服・繊維製身の回り品製造業"
"004","0010","02950","00000","2016000000","2326","事業所数","0人","119その他の繊維製品製造業"
"004","0010","03050","00000","2016000000","3706","事業所数","0人","12木材・木製品製造業（家具を除く）"
"004","0010","03060","00000","2016000000","34","事業所数","0人","120管理，補助的経済活動を行う事業所"
"004","0010","03090","00000","2016000000","1424","事業所数","0人","121製材業，木製品製造業"
"004","0010","03140","00000","2016000000","505","事業所数","0人","122造作材・合板・建築用組立材料製造業"
"004","0010","03230","00000","2016000000","472","事業所数","0人","123木製容器製造業（竹，とうを含む）"
"004","0010","03270","00000","2016000000","1271","事業所数","0人","129その他の木製品製造業（竹，とうを含む)"
"004","0010","03310","00000","2016000000","8580","事業所数","0人","13家具・装備品製造業"
"004","0010","03320","00000","2016000000","34","事業所数","0人","130管理，補助的経済活動を行う事業所"
"004","0010","03350","00000","2016000000","2756","事業所数","0人","131家具製造業"
"004","0010","03390","00000","2016000000","607","事業所数","0人","132宗教用具製造業"
"004","0010","03410","00000","2016000000","4694","事業所数","0人","133建具製造業"
"004","0010","03430","00000","2016000000","489","事業所数","0人","139その他の家具・装備品製造業"
"004","0010","03480","00000","2016000000","1801","事業所数","0人","14パルプ・紙・紙加工品製造業"
"004","0010","03490","00000","2016000000","54","事業所数","0人","140管理，補助的経済活動を行う事業所"
"004","0010","03520","00000","2016000000","3","事業所数","0人","141パルプ製造業"
"004","0010","03540","00000","2016000000","105","事業所数","0人","142紙製造業"
"004","0010","03580","00000","2016000000","101","事業所数","0人","143加工紙製造業"
"004","0010","03620","00000","2016000000","419","事業所数","0人","144紙製品製造業"
"004","0010","03660","00000","2016000000","849","事業所数","0人","145紙製容器製造業"
"004","0010","03710","00000","2016000000","270","事業所数","0人","149その他のパルプ・紙・紙加工品製造業"
"004","0010","03730","00000","2016000000","7000","事業所数","0人","15印刷・同関連業"
"004","0010","03740","00000","2016000000","77","事業所数","0人","150管理，補助的経済活動を行う事業所"
"004","0010","03770","00000","2016000000","5800","事業所数","0人","151印刷業"
"004","0010","03810","00000","2016000000","300","事業所数","0人","152製版業"
"004","0010","03830","00000","2016000000","706","事業所数","0人","153製本業，印刷物加工業"
"004","0010","03860","00000","2016000000","117","事業所数","0人","159印刷関連サービス業"
"004","0010","03880","00000","2016000000","754","事業所数","0人","16化学工業"
"004","0010","03890","00000","2016000000","56","事業所数","0人","160管理，補助的経済活動を行う事業所"
"004","0010","03920","00000","2016000000","26","事業所数","0人","161化学肥料製造業"
"004","0010","03960","00000","2016000000","137","事業所数","0人","162無機化学工業製品製造業"
"004","0010","04020","00000","2016000000","84","事業所数","0人","163有機化学工業製品製造業"
"004","0010","04100","00000","2016000000","163","事業所数","0人","164油脂加工製品・石けん・合成洗剤・界面活性剤・塗料製造業"
"004","0010","04180","00000","2016000000","49","事業所数","0人","165医薬品製造業"
"004","0010","04240","00000","2016000000","98","事業所数","0人","166化粧品・歯磨・その他の化粧用調整品製造業"
"004","0010","04280","00000","2016000000","141","事業所数","0人","169その他の化学工業"
"004","0010","04370","00000","2016000000","73","事業所数","0人","17石油製品・石炭製品製造業"
"004","0010","04380","00000","2016000000","5","事業所数","0人","170管理，補助的経済活動を行う事業所"
"004","0010","04410","00000","2016000000","3","事業所数","0人","171石油精製業"
"004","0010","04430","00000","2016000000","10","事業所数","0人","172潤滑油・グリース製造業（石油精製業によらないもの）"
"004","0010","04450","00000","2016000000","1","事業所数","0人","173コークス製造業"
"004","0010","04470","00000","2016000000","29","事業所数","0人","174舗装材料製造業"
"004","0010","04490","00000","2016000000","25","事業所数","0人","179その他の石油製品・石炭製品製造業"
"004","0010","04510","00000","2016000000","3154","事業所数","0人","18プラスチック製品製造業（別掲を除く）"
"004","0010","04520","00000","2016000000","106","事業所数","0人","180管理，補助的経済活動を行う事業所"
"004","0010","04550","00000","2016000000","345","事業所数","0人","181プラスチック板・棒・管・継手・異形押出製品製造業"
"004","0010","04610","00000","2016000000","476","事業所数","0人","182プラスチックフィルム・シート・床材・合成皮革製造業"
"004","0010","04670","00000","2016000000","828","事業所数","0人","183工業用プラスチック製品製造業"
"004","0010","04720","00000","2016000000","221","事業所数","0人","184発泡・強化プラスチック製品製造業"
"004","0010","04780","00000","2016000000","237","事業所数","0人","185プラスチック成形材料製造業（廃プラスチックを含む）"
"004","0010","04810","00000","2016000000","941","事業所数","0人","189その他のプラスチック製品製造業"
"004","0010","04860","00000","2016000000","940","事業所数","0人","19ゴム製品製造業"
"004","0010","04870","00000","2016000000","26","事業所数","0人","190管理，補助的経済活動を行う事業所"
"004","0010","04900","00000","2016000000","7","事業所数","0人","191タイヤ・チューブ製造業"
"004","0010","04930","00000","2016000000","287","事業所数","0人","192ゴム製・プラスチック製履物・同附属品製造業"
"004","0010","04960","00000","2016000000","500","事業所数","0人","193ゴムベルト・ゴムホース・工業用ゴム製品製造業"
"004","0010","05000","00000","2016000000","120","事業所数","0人","199その他のゴム製品製造業"
"004","0010","05070","00000","2016000000","1765","事業所数","0人","20なめし革・同製品・毛皮製造業"
"004","0010","05080","00000","2016000000","6","事業所数","0人","200管理，補助的経済活動を行う事業所"
"004","0010","05110","00000","2016000000","116","事業所数","0人","201なめし革製造業"
"004","0010","05130","00000","2016000000","25","事業所数","0人","202工業用革製品製造業（手袋を除く）"
"004","0010","05150","00000","2016000000","171","事業所数","0人","203革製履物用材料・同附属品製造業"
"004","0010","05170","00000","2016000000","316","事業所数","0人","204革製履物製造業"
"004","0010","05190","00000","2016000000","17","事業所数","0人","205革製手袋製造業"
"004","0010","05210","00000","2016000000","357","事業所数","0人","206かばん製造業"
"004","0010","05230","00000","2016000000","611","事業所数","0人","207袋物製造業"
"004","0010","05260","00000","2016000000","11","事業所数","0人","208毛皮製造業"
"004","0010","05280","00000","2016000000","135","事業所数","0人","209その他のなめし革製品製造業"
"004","0010","05300","00000","2016000000","5078","事業所数","0人","21窯業・土石製品製造業"
"004","0010","05310","00000","2016000000","192","事業所数","0人","210管理，補助的経済活動を行う事業所"
"004","0010","05340","00000","2016000000","465","事業所数","0人","211ガラス・同製品製造業"
"004","0010","05430","00000","2016000000","323","事業所数","0人","212セメント・同製品製造業"
"004","0010","05480","00000","2016000000","125","事業所数","0人","213建設用粘土製品製造業（陶磁器製を除く)"
"004","0010","05520","00000","2016000000","2621","事業所数","0人","214陶磁器・同関連製品製造業"
"004","0010","05620","00000","2016000000","17","事業所数","0人","215耐火物製造業"
"004","0010","05660","00000","2016000000","17","事業所数","0人","216炭素・黒鉛製品製造業"
"004","0010","05690","00000","2016000000","73","事業所数","0人","217研磨材・同製品製造業"
"004","0010","05740","00000","2016000000","985","事業所数","0人","218骨材・石工品等製造業"
"004","0010","05810","00000","2016000000","260","事業所数","0人","219その他の窯業・土石製品製造業"
"004","0010","05870","00000","2016000000","1584","事業所数","0人","22鉄鋼業"
"004","0010","05880","00000","2016000000","35","事業所数","0人","220管理，補助的経済活動を行う事業所"
"004","0010","05910","00000","2016000000","4","事業所数","0人","221製鉄業"
"004","0010","05950","00000","2016000000","1","事業所数","0人","222製鋼・製鋼圧延業"
"004","0010","05970","00000","2016000000","16","事業所数","0人","223製鋼を行わない鋼材製造業（表面処理鋼材を除く）"
"004","0010","06070","00000","2016000000","3","事業所数","0人","224表面処理鋼材製造業"
"004","0010","06100","00000","2016000000","342","事業所数","0人","225鉄素形材製造業"
"004","0010","06160","00000","2016000000","1183","事業所数","0人","229その他の鉄鋼業"
"004","0010","06210","00000","2016000000","1009","事業所数","0人","23非鉄金属製造業"
"004","0010","06220","00000","2016000000","23","事業所数","0人","230管理，補助的経済活動を行う事業所"
"004","0010","06250","00000","2016000000","4","事業所数","0人","231非鉄金属第１次製錬・精製業"
"004","0010","06290","00000","2016000000","136","事業所数","0人","232非鉄金属第２次製錬・精製業（非鉄金属合金製造業を含む）"
"004","0010","06330","00000","2016000000","204","事業所数","0人","233非鉄金属・同合金圧延業（抽伸，押出しを含む）"
"004","0010","06370","00000","2016000000","76","事業所数","0人","234電線・ケーブル製造業"
"004","0010","06400","00000","2016000000","430","事業所数","0人","235非鉄金属素形材製造業"
"004","0010","06460","00000","2016000000","136","事業所数","0人","239その他の非鉄金属製造業"
"004","0010","06490","00000","2016000000","12873","事業所数","0人","24金属製品製造業"
"004","0010","06500","00000","2016000000","227","事業所数","0人","240管理，補助的経済活動を行う事業所"
"004","0010","06530","00000","2016000000","62","事業所数","0人","241ブリキ缶・その他のめっき板等製品製造業"
"004","0010","06550","00000","2016000000","1836","事業所数","0人","242洋食器・刃物・手道具・金物類製造業"
"004","0010","06630","00000","2016000000","333","事業所数","0人","243暖房・調理等装置，配管工事用附属品製造業"
"004","0010","06680","00000","2016000000","4923","事業所数","0人","244建設用・建築用金属製品製造業（製缶板金業を含む)"
"004","0010","06750","00000","2016000000","1577","事業所数","0人","245金属素形材製品製造業"
"004","0010","06790","00000","2016000000","1771","事業所数","0人","246金属被覆・彫刻業，熱処理業（ほうろう鉄器を除く）"
"004","0010","06860","00000","2016000000","307","事業所数","0人","247金属線製品製造業（ねじ類を除く)"
"004","0010","06890","00000","2016000000","823","事業所数","0人","248ボルト・ナット・リベット・小ねじ・木ねじ等製造業"
"004","0010","06910","00000","2016000000","1014","事業所数","0人","249その他の金属製品製造業"
"004","0010","06950","00000","2016000000","2586","事業所数","0人","25はん用機械器具製造業"
"004","0010","06960","00000","2016000000","61","事業所数","0人","250管理，補助的経済活動を行う事業所"
"004","0010","06990","00000","2016000000","78","事業所数","0人","251ボイラ・原動機製造業"
"004","0010","07040","00000","2016000000","364","事業所数","0人","252ポンプ・圧縮機器製造業"
"004","0010","07080","00000","2016000000","599","事業所数","0人","253一般産業用機械・装置製造業"
"004","0010","07140","00000","2016000000","1484","事業所数","0人","259その他のはん用機械・同部分品製造業"
"004","0010","07220","00000","2016000000","8091","事業所数","0人","26生産用機械器具製造業"
"004","0010","07230","00000","2016000000","156","事業所数","0人","260管理，補助的経済活動を行う事業所"
"004","0010","07260","00000","2016000000","231","事業所数","0人","261農業用機械製造業（農業用器具を除く）"
"004","0010","07280","00000","2016000000","347","事業所数","0人","262建設機械・鉱山機械製造業"
"004","0010","07300","00000","2016000000","250","事業所数","0人","263繊維機械製造業"
"004","0010","07360","00000","2016000000","746","事業所数","0人","264生活関連産業用機械製造業"
"004","0010","07420","00000","2016000000","378","事業所数","0人","265基礎素材産業用機械製造業"
"004","0010","07460","00000","2016000000","3204","事業所数","0人","266金属加工機械製造業"
"004","0010","07510","00000","2016000000","242","事業所数","0人","267半導体・フラットパネルディスプレイ製造装置製造業"
"004","0010","07540","00000","2016000000","2537","事業所数","0人","269その他の生産用機械・同部分品製造業"
"004","0010","07600","00000","2016000000","1537","事業所数","0人","27業務用機械器具製造業"
"004","0010","07610","00000","2016000000","53","事業所数","0人","270管理，補助的経済活動を行う事業所"
"004","0010","07640","00000","2016000000","96","事業所数","0人","271事務用機械器具製造業"
"004","0010","07670","00000","2016000000","170","事業所数","0人","272サービス用・娯楽用機械器具製造業"
"004","0010","07720","00000","2016000000","550","事業所数","0人","273計量器・測定器・分析機器・試験機・測量機械器具・理化学機械器具製造業"
"004","0010","07820","00000","2016000000","454","事業所数","0人","274医療用機械器具・医療用品製造業"
"004","0010","07870","00000","2016000000","209","事業所数","0人","275光学機械器具・レンズ製造業"
"004","0010","07910","00000","2016000000","5","事業所数","0人","276武器製造業"
"004","0010","07930","00000","2016000000","1040","事業所数","0人","28電子部品・デバイス・電子回路製造業"
"004","0010","07940","00000","2016000000","43","事業所数","0人","280管理，補助的経済活動を行う事業所"
"004","0010","07970","00000","2016000000","31","事業所数","0人","281電子デバイス製造業"
"004","0010","08030","00000","2016000000","215","事業所数","0人","282電子部品製造業"
"004","0010","08070","00000","2016000000","5","事業所数","0人","283記録メディア製造業"
"004","0010","08100","00000","2016000000","247","事業所数","0人","284電子回路製造業"
"004","0010","08130","00000","2016000000","33","事業所数","0人","285ユニット部品製造業"
"004","0010","08160","00000","2016000000","466","事業所数","0人","289その他の電子部品・デバイス・電子回路製造業"
"004","0010","08180","00000","2016000000","2483","事業所数","0人","29電気機械器具製造業"
"004","0010","08190","00000","2016000000","65","事業所数","0人","290管理，補助的経済活動を行う事業所"
"004","0010","08220","00000","2016000000","1248","事業所数","0人","291発電用・送電用・配電用電気機械器具製造業"
"004","0010","08280","00000","2016000000","333","事業所数","0人","292産業用電気機械器具製造業"
"004","0010","08320","00000","2016000000","190","事業所数","0人","293民生用電気機械器具製造業"
"004","0010","08370","00000","2016000000","167","事業所数","0人","294電球・電気照明器具製造業"
"004","0010","08400","00000","2016000000","16","事業所数","0人","295電池製造業"
"004","0010","08430","00000","2016000000","146","事業所数","0人","296電子応用装置製造業"
"004","0010","08470","00000","2016000000","211","事業所数","0人","297電気計測器製造業"
"004","0010","08510","00000","2016000000","107","事業所数","0人","299その他の電気機械器具製造業"
"004","0010","08530","00000","2016000000","311","事業所数","0人","30情報通信機械器具製造業"
"004","0010","08540","00000","2016000000","10","事業所数","0人","300管理，補助的経済活動を行う事業所"
"004","0010","08570","00000","2016000000","76","事業所数","0人","301通信機械器具・同関連機械器具製造業"
"004","0010","08640","00000","2016000000","120","事業所数","0人","302映像・音響機械器具製造業"
"004","0010","08680","00000","2016000000","105","事業所数","0人","303電子計算機・同附属装置製造業"
"004","0010","08750","00000","2016000000","2850","事業所数","0人","31輸送用機械器具製造業"
"004","0010","08760","00000","2016000000","76","事業所数","0人","310管理，補助的経済活動を行う事業所"
"004","0010","08790","00000","2016000000","1699","事業所数","0人","311自動車・同附属品製造業"
"004","0010","08830","00000","2016000000","106","事業所数","0人","312鉄道車両・同部分品製造業"
"004","0010","08860","00000","2016000000","689","事業所数","0人","313船舶製造・修理業，舶用機関製造業"
"004","0010","08910","00000","2016000000","58","事業所数","0人","314航空機・同附属品製造業"
"004","0010","08950","00000","2016000000","70","事業所数","0人","315産業用運搬車両・同部分品・附属品製造業"
"004","0010","08980","00000","2016000000","152","事業所数","0人","319その他の輸送用機械器具製造業"
"004","0010","09010","00000","2016000000","10801","事業所数","0人","32その他の製造業"
"004","0010","09020","00000","2016000000","63","事業所数","0人","320管理，補助的経済活動を行う事業所"
"004","0010","09050","00000","2016000000","796","事業所数","0人","321貴金属・宝石製品製造業"
"004","0010","09090","00000","2016000000","478","事業所数","0人","322装身具・装飾品・ボタン・同関連品製造業（貴金属・宝石製を除く）"
"004","0010","09150","00000","2016000000","32","事業所数","0人","323時計・同部分品製造業"
"004","0010","09170","00000","2016000000","207","事業所数","0人","324楽器製造業"
"004","0010","09200","00000","2016000000","870","事業所数","0人","325がん具・運動用具製造業"
"004","0010","09210","00000","2016000000","559","事業所数","0人","32Aがん具製造業"
"004","0010","09240","00000","2016000000","311","事業所数","0人","32B運動用具製造業"
"004","0010","09260","00000","2016000000","320","事業所数","0人","326ペン・鉛筆・絵画用品・その他の事務用品製造業"
"004","0010","09300","00000","2016000000","884","事業所数","0人","327漆器製造業"
"004","0010","09320","00000","2016000000","2467","事業所数","0人","328畳等生活雑貨製品製造業"
"004","0010","09390","00000","2016000000","4684","事業所数","0人","329他に分類されない製造業"
"004","0010","09400","00000","2016000000","25","事業所数","0人","32C情報記録物製造業（新聞，書籍等の印刷物を除く）"
"004","0010","09420","00000","2016000000","4659","事業所数","0人","32D他に分類されないその他の製造業"
"004","0010","09500","00000","2016000000","284","事業所数","0人","F電気・ガス・熱供給・水道業"
"004","0010","09510","00000","2016000000","198","事業所数","0人","33電気業"
"004","0010","09520","00000","2016000000","5","事業所数","0人","330管理，補助的経済活動を行う事業所"
"004","0010","09530","00000","2016000000","193","事業所数","0人","331電気業"
"004","0010","09540","00000","2016000000","6","事業所数","0人","34ガス業"
"004","0010","09550","00000","2016000000","2","事業所数","0人","340管理，補助的経済活動を行う事業所"
"004","0010","09560","00000","2016000000","4","事業所数","0人","341ガス業"
"004","0010","09570","00000","2016000000","22","事業所数","0人","35熱供給業"
"004","0010","09590","00000","2016000000","22","事業所数","0人","351熱供給業"
"004","0010","09600","00000","2016000000","57","事業所数","0人","36水道業"
"004","0010","09610","00000","2016000000","1","事業所数","0人","360管理，補助的経済活動を行う事業所"
"004","0010","09620","00000","2016000000","17","事業所数","0人","361上水道業"
"004","0010","09630","00000","2016000000","2","事業所数","0人","362工業用水道業"
"004","0010","09640","00000","2016000000","37","事業所数","0人","363下水道業"
"004","0010","09650","00000","2016000000","11124","事業所数","0人","G情報通信業"
"004","0010","09660","00000","2016000000","3947","事業所数","0人","G1情報通信業（通信業，放送業，映像・音声・文字情報制作業）"
"004","0010","09670","00000","2016000000","298","事業所数","0人","37通信業"
"004","0010","09680","00000","2016000000","2","事業所数","0人","370管理，補助的経済活動を行う事業所"
"004","0010","09690","00000","2016000000","133","事業所数","0人","371固定電気通信業"
"004","0010","09700","00000","2016000000","14","事業所数","0人","372移動電気通信業"
"004","0010","09710","00000","2016000000","149","事業所数","0人","373電気通信に附帯するサービス業"
"004","0010","09720","00000","2016000000","92","事業所数","0人","38放送業"
"004","0010","09730","00000","2016000000","1","事業所数","0人","380管理，補助的経済活動を行う事業所"
"004","0010","09740","00000","2016000000","1","事業所数","0人","381公共放送業（有線放送業を除く）"
"004","0010","09750","00000","2016000000","39","事業所数","0人","382民間放送業（有線放送業を除く）"
"004","0010","09770","00000","2016000000","51","事業所数","0人","383有線放送業"
"004","0010","09780","00000","2016000000","3553","事業所数","0人","41映像・音声・文字情報制作業"
"004","0010","09790","00000","2016000000","21","事業所数","0人","410管理，補助的経済活動を行う事業所"
"004","0010","09800","00000","2016000000","1005","事業所数","0人","411映像情報制作・配給業"
"004","0010","09810","00000","2016000000","209","事業所数","0人","412音声情報制作業"
"004","0010","09820","00000","2016000000","102","事業所数","0人","413新聞業"
"004","0010","09830","00000","2016000000","823","事業所数","0人","414出版業"
"004","0010","09840","00000","2016000000","751","事業所数","0人","415広告制作業"
"004","0010","09850","00000","2016000000","642","事業所数","0人","416映像・音声・文字情報制作に附帯するサービス業"
"004","0010","09860","00000","2016000000","7177","事業所数","0人","G2情報通信業（情報サービス業，インターネット附随サービス業）"
"004","0010","09870","00000","2016000000","5799","事業所数","0人","39情報サービス業"
"004","0010","09880","00000","2016000000","67","事業所数","0人","390管理，補助的経済活動を行う事業所"
"004","0010","09910","00000","2016000000","4349","事業所数","0人","391ソフトウェア業"
"004","0010","09960","00000","2016000000","1383","事業所数","0人","392情報処理・提供サービス業"
"004","0010","09970","00000","2016000000","764","事業所数","0人","39A情報処理サービス業"
"004","0010","09990","00000","2016000000","289","事業所数","0人","39B情報提供サービス業"
"004","0010","10010","00000","2016000000","330","事業所数","0人","39Cその他の情報処理・提供サービス業"
"004","0010","10040","00000","2016000000","1365","事業所数","0人","40インターネット附随サービス業"
"004","0010","10050","00000","2016000000","4","事業所数","0人","400管理，補助的経済活動を行う事業所"
"004","0010","10080","00000","2016000000","1361","事業所数","0人","401インターネット附随サービス業"
"004","0010","10120","00000","2016000000","18527","事業所数","0人","H運輸業，郵便業"
"004","0010","10130","00000","2016000000","91","事業所数","0人","42鉄道業"
"004","0010","10140","00000","2016000000","6","事業所数","0人","420管理，補助的経済活動を行う事業所"
"004","0010","10150","00000","2016000000","85","事業所数","0人","421鉄道業"
"004","0010","10160","00000","2016000000","10477","事業所数","0人","43道路旅客運送業"
"004","0010","10170","00000","2016000000","7","事業所数","0人","430管理，補助的経済活動を行う事業所"
"004","0010","10180","00000","2016000000","55","事業所数","0人","431一般乗合旅客自動車運送業"
"004","0010","10190","00000","2016000000","10292","事業所数","0人","432一般乗用旅客自動車運送業"
"004","0010","10200","00000","2016000000","83","事業所数","0人","433一般貸切旅客自動車運送業"
"004","0010","10210","00000","2016000000","40","事業所数","0人","439その他の道路旅客運送業"
"004","0010","10220","00000","2016000000","5445","事業所数","0人","44道路貨物運送業"
"004","0010","10230","00000","2016000000","72","事業所数","0人","440管理，補助的経済活動を行う事業所"
"004","0010","10240","00000","2016000000","3011","事業所数","0人","441一般貨物自動車運送業"
"004","0010","10250","00000","2016000000","318","事業所数","0人","442特定貨物自動車運送業"
"004","0010","10260","00000","2016000000","1947","事業所数","0人","443貨物軽自動車運送業"
"004","0010","10270","00000","2016000000","72","事業所数","0人","444集配利用運送業"
"004","0010","10280","00000","2016000000","25","事業所数","0人","449その他の道路貨物運送業"
"004","0010","10290","00000","2016000000","398","事業所数","0人","45水運業"
"004","0010","10300","00000","2016000000","2","事業所数","0人","450管理，補助的経済活動を行う事業所"
"004","0010","10310","00000","2016000000","26","事業所数","0人","451外航海運業"
"004","0010","10320","00000","2016000000","185","事業所数","0人","452沿海海運業"
"004","0010","10330","00000","2016000000","71","事業所数","0人","453内陸水運業"
"004","0010","10340","00000","2016000000","114","事業所数","0人","454船舶貸渡業"
"004","0010","10350","00000","2016000000","40","事業所数","0人","46航空運輸業"
"004","0010","10360","00000","2016000000","1","事業所数","0人","460管理，補助的経済活動を行う事業所"
"004","0010","10370","00000","2016000000","33","事業所数","0人","461航空運送業"
"004","0010","10380","00000","2016000000","6","事業所数","0人","462航空機使用業（航空運送業を除く）"
"004","0010","10390","00000","2016000000","778","事業所数","0人","47倉庫業"
"004","0010","10400","00000","2016000000","10","事業所数","0人","470管理，補助的経済活動を行う事業所"
"004","0010","10410","00000","2016000000","684","事業所数","0人","471倉庫業（冷蔵倉庫業を除く）"
"004","0010","10420","00000","2016000000","84","事業所数","0人","472冷蔵倉庫業"
"004","0010","10430","00000","2016000000","1268","事業所数","0人","48運輸に附帯するサービス業"
"004","0010","10440","00000","2016000000","23","事業所数","0人","480管理，補助的経済活動を行う事業所"
"004","0010","10450","00000","2016000000","51","事業所数","0人","481港湾運送業"
"004","0010","10460","00000","2016000000","468","事業所数","0人","482貨物運送取扱業（集配利用運送業を除く）"
"004","0010","10470","00000","2016000000","98","事業所数","0人","483運送代理店"
"004","0010","10480","00000","2016000000","186","事業所数","0人","484こん包業"
"004","0010","10490","00000","2016000000","26","事業所数","0人","485運輸施設提供業"
"004","0010","10500","00000","2016000000","416","事業所数","0人","489その他の運輸に附帯するサービス業"
"004","0010","10510","00000","2016000000","22","事業所数","0人","49郵便業（信書便事業を含む）"
"004","0010","10530","00000","2016000000","22","事業所数","0人","491郵便業（信書便事業を含む）"
"004","0010","10540","00000","2016000000","339750","事業所数","0人","I卸売業，小売業"
"004","0010","10550","00000","2016000000","54176","事業所数","0人","I1卸売業"
"004","0010","10560","00000","2016000000","158","事業所数","0人","50各種商品卸売業"
"004","0010","10570","00000","2016000000","4","事業所数","0人","500管理，補助的経済活動を行う事業所"
"004","0010","10610","00000","2016000000","154","事業所数","0人","501各種商品卸売業"
"004","0010","10640","00000","2016000000","154","事業所数","0人","50Bその他の各種商品卸売業"
"004","0010","10660","00000","2016000000","4726","事業所数","0人","51繊維・衣服等卸売業"
"004","0010","10670","00000","2016000000","36","事業所数","0人","510管理，補助的経済活動を行う事業所"
"004","0010","10710","00000","2016000000","1013","事業所数","0人","511繊維品卸売業（衣服，身の回り品を除く）"
"004","0010","10750","00000","2016000000","1986","事業所数","0人","512衣服卸売業"
"004","0010","10800","00000","2016000000","1691","事業所数","0人","513身の回り品卸売業"
"004","0010","10850","00000","2016000000","11684","事業所数","0人","52飲食料品卸売業"
"004","0010","10860","00000","2016000000","428","事業所数","0人","520管理，補助的経済活動を行う事業所"
"004","0010","10900","00000","2016000000","5434","事業所数","0人","521農畜産物・水産物卸売業"
"004","0010","10910","00000","2016000000","707","事業所数","0人","52A米穀類卸売業"
"004","0010","10940","00000","2016000000","1614","事業所数","0人","52B野菜・果実卸売業"
"004","0010","10970","00000","2016000000","1020","事業所数","0人","52C食肉卸売業"
"004","0010","10990","00000","2016000000","1577","事業所数","0人","52D生鮮魚介卸売業"
"004","0010","11010","00000","2016000000","516","事業所数","0人","52Eその他の農畜産物・水産物卸売業"
"004","0010","11030","00000","2016000000","5822","事業所数","0人","522食料・飲料卸売業"
"004","0010","11120","00000","2016000000","12281","事業所数","0人","53建築材料，鉱物・金属材料等卸売業"
"004","0010","11130","00000","2016000000","176","事業所数","0人","530管理，補助的経済活動を行う事業所"
"004","0010","11170","00000","2016000000","5536","事業所数","0人","531建築材料卸売業"
"004","0010","11230","00000","2016000000","1972","事業所数","0人","532化学製品卸売業"
"004","0010","11270","00000","2016000000","605","事業所数","0人","533石油・鉱物卸売業"
"004","0010","11300","00000","2016000000","860","事業所数","0人","534鉄鋼製品卸売業"
"004","0010","11340","00000","2016000000","780","事業所数","0人","535非鉄金属卸売業"
"004","0010","11370","00000","2016000000","2352","事業所数","0人","536再生資源卸売業"
"004","0010","11430","00000","2016000000","10263","事業所数","0人","54機械器具卸売業"
"004","0010","11440","00000","2016000000","160","事業所数","0人","540管理，補助的経済活動を行う事業所"
"004","0010","11480","00000","2016000000","4214","事業所数","0人","541産業機械器具卸売業"
"004","0010","11540","00000","2016000000","2181","事業所数","0人","542自動車卸売業"
"004","0010","11580","00000","2016000000","2355","事業所数","0人","543電気機械器具卸売業"
"004","0010","11610","00000","2016000000","1353","事業所数","0人","549その他の機械器具卸売業"
"004","0010","11650","00000","2016000000","14982","事業所数","0人","55その他の卸売業"
"004","0010","11660","00000","2016000000","140","事業所数","0人","550管理，補助的経済活動を行う事業所"
"004","0010","11700","00000","2016000000","2369","事業所数","0人","551家具・建具・じゅう器等卸売業"
"004","0010","11770","00000","2016000000","3108","事業所数","0人","552医薬品・化粧品等卸売業"
"004","0010","11820","00000","2016000000","1059","事業所数","0人","553紙・紙製品卸売業"
"004","0010","11850","00000","2016000000","8306","事業所数","0人","559他に分類されない卸売業"
"004","0010","11860","00000","2016000000","583","事業所数","0人","55A代理商，仲立業"
"004","0010","11880","00000","2016000000","7723","事業所数","0人","55B他に分類されないその他の卸売業"
"004","0010","11970","00000","2016000000","285574","事業所数","0人","I2小売業"
"004","0010","11980","00000","2016000000","331","事業所数","0人","56各種商品小売業"
"004","0010","11990","00000","2016000000","8","事業所数","0人","560管理，補助的経済活動を行う事業所"
"004","0010","12050","00000","2016000000","323","事業所数","0人","569その他の各種商品小売業（従業者が常時50人未満のもの）"
"004","0010","12070","00000","2016000000","42217","事業所数","0人","57織物・衣服・身の回り品小売業"
"004","0010","12080","00000","2016000000","241","事業所数","0人","570管理，補助的経済活動を行う事業所"
"004","0010","12120","00000","2016000000","6593","事業所数","0人","571呉服・服地・寝具小売業"
"004","0010","12150","00000","2016000000","4766","事業所数","0人","572男子服小売業"
"004","0010","12170","00000","2016000000","19050","事業所数","0人","573婦人・子供服小売業"
"004","0010","12200","00000","2016000000","2683","事業所数","0人","574靴・履物小売業"
"004","0010","12230","00000","2016000000","8884","事業所数","0人","579その他の織物・衣服・身の回り品小売業"
"004","0010","12280","00000","2016000000","89425","事業所数","0人","58飲食料品小売業"
"004","0010","12290","00000","2016000000","468","事業所数","0人","580管理，補助的経済活動を行う事業所"
"004","0010","12330","00000","2016000000","4567","事業所数","0人","581各種食料品小売業"
"004","0010","12350","00000","2016000000","7393","事業所数","0人","582野菜・果実小売業"
"004","0010","12380","00000","2016000000","3192","事業所数","0人","583食肉小売業"
"004","0010","12410","00000","2016000000","5996","事業所数","0人","584鮮魚小売業"
"004","0010","12430","00000","2016000000","18515","事業所数","0人","585酒小売業"
"004","0010","12450","00000","2016000000","17836","事業所数","0人","586菓子・パン小売業"
"004","0010","12500","00000","2016000000","31458","事業所数","0人","589その他の飲食料品小売業"
"004","0010","12510","00000","2016000000","4265","事業所数","0人","58A料理品小売業"
"004","0010","12530","00000","2016000000","27193","事業所数","0人","58B他に分類されない飲食料品小売業"
"004","0010","12620","00000","2016000000","41319","事業所数","0人","59機械器具小売業"
"004","0010","12630","00000","2016000000","113","事業所数","0人","590管理，補助的経済活動を行う事業所"
"004","0010","12670","00000","2016000000","20188","事業所数","0人","591自動車小売業"
"004","0010","12720","00000","2016000000","6926","事業所数","0人","592自転車小売業"
"004","0010","12740","00000","2016000000","14092","事業所数","0人","593機械器具小売業（自動車，自転車を除く）"
"004","0010","12790","00000","2016000000","100313","事業所数","0人","60その他の小売業"
"004","0010","12800","00000","2016000000","703","事業所数","0人","600管理，補助的経済活動を行う事業所"
"004","0010","12840","00000","2016000000","9098","事業所数","0人","601家具・建具・畳小売業"
"004","0010","12890","00000","2016000000","7588","事業所数","0人","602じゅう器小売業"
"004","0010","12940","00000","2016000000","13927","事業所数","0人","603医薬品・化粧品小売業"
"004","0010","12990","00000","2016000000","3079","事業所数","0人","604農耕用品小売業"
"004","0010","13030","00000","2016000000","5658","事業所数","0人","605燃料小売業"
"004","0010","13060","00000","2016000000","6595","事業所数","0人","606書籍・文房具小売業"
"004","0010","13110","00000","2016000000","7507","事業所数","0人","607スポーツ用品・がん具・娯楽用品・楽器小売業"
"004","0010","13120","00000","2016000000","4534","事業所数","0人","60Aスポーツ用品小売業"
"004","0010","13140","00000","2016000000","2078","事業所数","0人","60Bがん具・娯楽用品小売業"
"004","0010","13160","00000","2016000000","895","事業所数","0人","60C楽器小売業"
"004","0010","13180","00000","2016000000","6204","事業所数","0人","608写真機・時計・眼鏡小売業"
"004","0010","13210","00000","2016000000","39954","事業所数","0人","609他に分類されない小売業"
"004","0010","13220","00000","2016000000","6295","事業所数","0人","60D花・植木小売業"
"004","0010","13240","00000","2016000000","1674","事業所数","0人","60Eペット・ペット用品小売業"
"004","0010","13260","00000","2016000000","4045","事業所数","0人","60F中古品小売業（他に分類されないもの）"
"004","0010","13290","00000","2016000000","27940","事業所数","0人","60G他に分類されないその他の小売業"
"004","0010","13350","00000","2016000000","11796","事業所数","0人","61無店舗小売業"
"004","0010","13360","00000","2016000000","47","事業所数","0人","610管理，補助的経済活動を行う事業所"
"004","0010","13400","00000","2016000000","8776","事業所数","0人","611通信販売・訪問販売小売業"
"004","0010","13460","00000","2016000000","1878","事業所数","0人","612自動販売機による小売業"
"004","0010","13480","00000","2016000000","1095","事業所数","0人","619その他の無店舗小売業"
"004","0010","13500","00000","2016000000","10278","事業所数","0人","J金融業，保険業"
"004","0010","13510","00000","2016000000","236","事業所数","0人","62銀行業"
"004","0010","13520","00000","2016000000","2","事業所数","0人","620管理，補助的経済活動を行う事業所"
"004","0010","13540","00000","2016000000","234","事業所数","0人","622銀行（中央銀行を除く）"
"004","0010","13560","00000","2016000000","155","事業所数","0人","63協同組織金融業"
"004","0010","13580","00000","2016000000","67","事業所数","0人","631中小企業等金融業"
"004","0010","13590","00000","2016000000","88","事業所数","0人","632農林水産金融業"
"004","0010","13600","00000","2016000000","1103","事業所数","0人","64貸金業，クレジットカード業等非預金信用機関"
"004","0010","13610","00000","2016000000","4","事業所数","0人","640管理，補助的経済活動を行う事業所"
"004","0010","13620","00000","2016000000","311","事業所数","0人","641貸金業"
"004","0010","13630","00000","2016000000","681","事業所数","0人","642質屋"
"004","0010","13640","00000","2016000000","55","事業所数","0人","643クレジットカード業，割賦金融業"
"004","0010","13650","00000","2016000000","52","事業所数","0人","649その他の非預金信用機関"
"004","0010","13660","00000","2016000000","954","事業所数","0人","65金融商品取引業，商品先物取引業"
"004","0010","13670","00000","2016000000","1","事業所数","0人","650管理，補助的経済活動を行う事業所"
"004","0010","13680","00000","2016000000","911","事業所数","0人","651金融商品取引業"
"004","0010","13690","00000","2016000000","42","事業所数","0人","652商品先物取引業，商品投資顧問業"
"004","0010","13700","00000","2016000000","160","事業所数","0人","66補助的金融業等"
"004","0010","13720","00000","2016000000","86","事業所数","0人","661補助的金融業，金融附帯業"
"004","0010","13730","00000","2016000000","16","事業所数","0人","662信託業"
"004","0010","13740","00000","2016000000","58","事業所数","0人","663金融代理業"
"004","0010","13750","00000","2016000000","7661","事業所数","0人","67保険業（保険媒介代理業，保険サービス業を含む）"
"004","0010","13760","00000","2016000000","2","事業所数","0人","670管理，補助的経済活動を行う事業所"
"004","0010","13770","00000","2016000000","14","事業所数","0人","671生命保険業"
"004","0010","13780","00000","2016000000","50","事業所数","0人","672損害保険業"
"004","0010","13790","00000","2016000000","72","事業所数","0人","673共済事業，少額短期保険業"
"004","0010","13800","00000","2016000000","7384","事業所数","0人","674保険媒介代理業"
"004","0010","13810","00000","2016000000","139","事業所数","0人","675保険サービス業"
"004","0010","13820","00000","2016000000","195567","事業所数","0人","K不動産業，物品賃貸業"
"004","0010","13830","00000","2016000000","191764","事業所数","0人","K1不動産業"
"004","0010","13840","00000","2016000000","19397","事業所数","0人","68不動産取引業"
"004","0010","13850","00000","2016000000","5","事業所数","0人","680管理，補助的経済活動を行う事業所"
"004","0010","13880","00000","2016000000","4130","事業所数","0人","681建物売買業，土地売買業"
"004","0010","13910","00000","2016000000","15262","事業所数","0人","682不動産代理業・仲介業"
"004","0010","13930","00000","2016000000","172171","事業所数","0人","69不動産賃貸業・管理業"
"004","0010","13940","00000","2016000000","30","事業所数","0人","690管理，補助的経済活動を行う事業所"
"004","0010","13970","00000","2016000000","27214","事業所数","0人","691不動産賃貸業（貸家業，貸間業を除く）"
"004","0010","14010","00000","2016000000","108574","事業所数","0人","692貸家業，貸間業"
"004","0010","14040","00000","2016000000","22703","事業所数","0人","693駐車場業"
"004","0010","14060","00000","2016000000","13650","事業所数","0人","694不動産管理業"
"004","0010","14080","00000","2016000000","3803","事業所数","0人","K2物品賃貸業"
"004","0010","14090","00000","2016000000","3803","事業所数","0人","70物品賃貸業"
"004","0010","14100","00000","2016000000","44","事業所数","0人","700管理，補助的経済活動を行う事業所"
"004","0010","14130","00000","2016000000","59","事業所数","0人","701各種物品賃貸業"
"004","0010","14160","00000","2016000000","1261","事業所数","0人","702産業用機械器具賃貸業"
"004","0010","14190","00000","2016000000","115","事業所数","0人","703事務用機械器具賃貸業"
"004","0010","14220","00000","2016000000","739","事業所数","0人","704自動車賃貸業"
"004","0010","14240","00000","2016000000","215","事業所数","0人","705スポーツ・娯楽用品賃貸業"
"004","0010","14260","00000","2016000000","1360","事業所数","0人","709その他の物品賃貸業"
"004","0010","14270","00000","2016000000","152","事業所数","0人","70A音楽・映像記録物賃貸業（別掲を除く）"
"004","0010","14290","00000","2016000000","1208","事業所数","0人","70B他に分類されない物品賃貸業"
"004","0010","14330","00000","2016000000","66193","事業所数","0人","L学術研究，専門・技術サービス業"
"004","0010","14340","00000","2016000000","613","事業所数","0人","71学術・開発研究機関"
"004","0010","14350","00000","2016000000","10","事業所数","0人","710管理，補助的経済活動を行う事業所"
"004","0010","14370","00000","2016000000","485","事業所数","0人","711自然科学研究所"
"004","0010","14420","00000","2016000000","118","事業所数","0人","712人文・社会科学研究所"
"004","0010","14440","00000","2016000000","36374","事業所数","0人","72専門サービス業（他に分類されないもの）"
"004","0010","14450","00000","2016000000","27","事業所数","0人","720管理，補助的経済活動を行う事業所"
"004","0010","14470","00000","2016000000","2526","事業所数","0人","721法律事務所，特許事務所"
"004","0010","14480","00000","2016000000","2251","事業所数","0人","72A法律事務所"
"004","0010","14500","00000","2016000000","275","事業所数","0人","72B特許事務所"
"004","0010","14520","00000","2016000000","6513","事業所数","0人","722公証人役場，司法書士事務所，土地家屋調査士事務所"
"004","0010","14550","00000","2016000000","4404","事業所数","0人","723行政書士事務所"
"004","0010","14570","00000","2016000000","6494","事業所数","0人","724公認会計士事務所，税理士事務所"
"004","0010","14580","00000","2016000000","687","事業所数","0人","72C公認会計士事務所"
"004","0010","14600","00000","2016000000","5807","事業所数","0人","72D税理士事務所"
"004","0010","14620","00000","2016000000","2334","事業所数","0人","725社会保険労務士事務所"
"004","0010","14640","00000","2016000000","3301","事業所数","0人","726デザイン業"
"004","0010","14660","00000","2016000000","716","事業所数","0人","727著述・芸術家業"
"004","0010","14690","00000","2016000000","4798","事業所数","0人","728経営コンサルタント業，純粋持株会社"
"004","0010","14700","00000","2016000000","4508","事業所数","0人","72E経営コンサルタント業"
"004","0010","14720","00000","2016000000","290","事業所数","0人","72F純粋持株会社"
"004","0010","14740","00000","2016000000","5261","事業所数","0人","729その他の専門サービス業"
"004","0010","14750","00000","2016000000","101","事業所数","0人","72G興信所"
"004","0010","14770","00000","2016000000","5160","事業所数","0人","72H他に分類されない専門サービス業"
"004","0010","14820","00000","2016000000","1563","事業所数","0人","73広告業"
"004","0010","14830","00000","2016000000","5","事業所数","0人","730管理，補助的経済活動を行う事業所"
"004","0010","14860","00000","2016000000","1558","事業所数","0人","731広告業"
"004","0010","14880","00000","2016000000","27603","事業所数","0人","74技術サービス業（他に分類されないもの）"
"004","0010","14890","00000","2016000000","72","事業所数","0人","740管理，補助的経済活動を行う事業所"
"004","0010","14910","00000","2016000000","1753","事業所数","0人","741獣医業"
"004","0010","14930","00000","2016000000","17608","事業所数","0人","742土木建築サービス業"
"004","0010","14940","00000","2016000000","15588","事業所数","0人","74A建築設計業"
"004","0010","14960","00000","2016000000","1470","事業所数","0人","74B測量業"
"004","0010","14980","00000","2016000000","550","事業所数","0人","74Cその他の土木建築サービス業"
"004","0010","15000","00000","2016000000","2262","事業所数","0人","743機械設計業"
"004","0010","15020","00000","2016000000","222","事業所数","0人","744商品・非破壊検査業"
"004","0010","15050","00000","2016000000","169","事業所数","0人","745計量証明業"
"004","0010","15090","00000","2016000000","4068","事業所数","0人","746写真業"
"004","0010","15120","00000","2016000000","1449","事業所数","0人","749その他の技術サービス業"
"004","0010","15140","00000","2016000000","215487","事業所数","0人","M宿泊業，飲食サービス業"
"004","0010","15150","00000","2016000000","13334","事業所数","0人","M1宿泊業"
"004","0010","15160","00000","2016000000","13334","事業所数","0人","75宿泊業"
"004","0010","15170","00000","2016000000","58","事業所数","0人","750管理，補助的経済活動を行う事業所"
"004","0010","15200","00000","2016000000","10453","事業所数","0人","751旅館，ホテル"
"004","0010","15220","00000","2016000000","963","事業所数","0人","752簡易宿所"
"004","0010","15240","00000","2016000000","571","事業所数","0人","753下宿業"
"004","0010","15260","00000","2016000000","1285","事業所数","0人","759その他の宿泊業"
"004","0010","15270","00000","2016000000","244","事業所数","0人","75A会社・団体の宿泊所"
"004","0010","15290","00000","2016000000","1041","事業所数","0人","75B他に分類されない宿泊業"
"004","0010","15320","00000","2016000000","202153","事業所数","0人","M2飲食店，持ち帰り・配達飲食サービス業"
"004","0010","15330","00000","2016000000","197053","事業所数","0人","76飲食店"
"004","0010","15340","00000","2016000000","736","事業所数","0人","760管理，補助的経済活動を行う事業所"
"004","0010","15370","00000","2016000000","14185","事業所数","0人","761食堂，レストラン（専門料理店を除く）"
"004","0010","15390","00000","2016000000","34822","事業所数","0人","762専門料理店"
"004","0010","15400","00000","2016000000","9441","事業所数","0人","76A日本料理店"
"004","0010","15420","00000","2016000000","12397","事業所数","0人","76B中華料理店"
"004","0010","15450","00000","2016000000","3685","事業所数","0人","76C焼肉店"
"004","0010","15470","00000","2016000000","9299","事業所数","0人","76Dその他の専門料理店"
"004","0010","15500","00000","2016000000","6471","事業所数","0人","763そば・うどん店"
"004","0010","15520","00000","2016000000","6857","事業所数","0人","764すし店"
"004","0010","15540","00000","2016000000","48459","事業所数","0人","765酒場，ビヤホール"
"004","0010","15560","00000","2016000000","43702","事業所数","0人","766バー，キャバレー，ナイトクラブ"
"004","0010","15580","00000","2016000000","33089","事業所数","0人","767喫茶店"
"004","0010","15600","00000","2016000000","8732","事業所数","0人","769その他の飲食店"
"004","0010","15610","00000","2016000000","178","事業所数","0人","76Eハンバーガー店"
"004","0010","15630","00000","2016000000","7966","事業所数","0人","76Fお好み焼・焼きそば・たこ焼店"
"004","0010","15650","00000","2016000000","588","事業所数","0人","76G他に分類されない飲食店"
"004","0010","15670","00000","2016000000","4943","事業所数","0人","77持ち帰り・配達飲食サービス業"
"004","0010","15680","00000","2016000000","65","事業所数","0人","770管理，補助的経済活動を行う事業所"
"004","0010","15710","00000","2016000000","2913","事業所数","0人","771持ち帰り飲食サービス業"
"004","0010","15730","00000","2016000000","1965","事業所数","0人","772配達飲食サービス業"
"004","0010","15750","00000","2016000000","218890","事業所数","0人","N生活関連サービス業，娯楽業"
"004","0010","15760","00000","2016000000","192826","事業所数","0人","78洗濯・理容・美容・浴場業"
"004","0010","15770","00000","2016000000","200","事業所数","0人","780管理，補助的経済活動を行う事業所"
"004","0010","15800","00000","2016000000","20861","事業所数","0人","781洗濯業"
"004","0010","15810","00000","2016000000","20480","事業所数","0人","78A普通洗濯業"
"004","0010","15840","00000","2016000000","381","事業所数","0人","78Bリネンサプライ業"
"004","0010","15860","00000","2016000000","65131","事業所数","0人","782理容業"
"004","0010","15880","00000","2016000000","96037","事業所数","0人","783美容業"
"004","0010","15900","00000","2016000000","819","事業所数","0人","784一般公衆浴場業"
"004","0010","15920","00000","2016000000","356","事業所数","0人","785その他の公衆浴場業"
"004","0010","15940","00000","2016000000","9422","事業所数","0人","789その他の洗濯・理容・美容・浴場業"
"004","0010","16000","00000","2016000000","15856","事業所数","0人","79その他の生活関連サービス業"
"004","0010","16010","00000","2016000000","36","事業所数","0人","790管理，補助的経済活動を行う事業所"
"004","0010","16040","00000","2016000000","1179","事業所数","0人","791旅行業"
"004","0010","16070","00000","2016000000","3422","事業所数","0人","793衣服裁縫修理業"
"004","0010","16090","00000","2016000000","1304","事業所数","0人","794物品預り業"
"004","0010","16110","00000","2016000000","225","事業所数","0人","795火葬・墓地管理業"
"004","0010","16140","00000","2016000000","1178","事業所数","0人","796冠婚葬祭業"
"004","0010","16150","00000","2016000000","1081","事業所数","0人","79A葬儀業"
"004","0010","16170","00000","2016000000","49","事業所数","0人","79B結婚式場業"
"004","0010","16190","00000","2016000000","48","事業所数","0人","79C冠婚葬祭互助会"
"004","0010","16210","00000","2016000000","8512","事業所数","0人","799他に分類されない生活関連サービス業"
"004","0010","16220","00000","2016000000","1325","事業所数","0人","79D写真プリント，現像・焼付業"
"004","0010","16240","00000","2016000000","7187","事業所数","0人","79E他に分類されないその他の生活関連サービス業"
"004","0010","16280","00000","2016000000","10188","事業所数","0人","80娯楽業"
"004","0010","16290","00000","2016000000","120","事業所数","0人","800管理，補助的経済活動を行う事業所"
"004","0010","16320","00000","2016000000","33","事業所数","0人","801映画館"
"004","0010","16340","00000","2016000000","807","事業所数","0人","802興行場（別掲を除く），興行団"
"004","0010","16400","00000","2016000000","39","事業所数","0人","803競輪・競馬等の競走場，競技団"
"004","0010","16470","00000","2016000000","1824","事業所数","0人","804スポーツ施設提供業"
"004","0010","16480","00000","2016000000","534","事業所数","0人","80Aスポーツ施設提供業（別掲を除く）"
"004","0010","16500","00000","2016000000","47","事業所数","0人","80B体育館"
"004","0010","16520","00000","2016000000","81","事業所数","0人","80Cゴルフ場"
"004","0010","16540","00000","2016000000","326","事業所数","0人","80Dゴルフ練習場"
"004","0010","16560","00000","2016000000","10","事業所数","0人","80Eボウリング場"
"004","0010","16580","00000","2016000000","135","事業所数","0人","80Fテニス場"
"004","0010","16600","00000","2016000000","95","事業所数","0人","80Gバッティング・テニス練習場"
"004","0010","16620","00000","2016000000","596","事業所数","0人","80Hフィットネスクラブ"
"004","0010","16640","00000","2016000000","137","事業所数","0人","805公園，遊園地"
"004","0010","16680","00000","2016000000","3205","事業所数","0人","806遊戯場"
"004","0010","16690","00000","2016000000","2001","事業所数","0人","80Jマージャンクラブ"
"004","0010","16710","00000","2016000000","326","事業所数","0人","80Kパチンコホール"
"004","0010","16730","00000","2016000000","124","事業所数","0人","80Lゲームセンター"
"004","0010","16750","00000","2016000000","754","事業所数","0人","80Mその他の遊戯場"
"004","0010","16790","00000","2016000000","4023","事業所数","0人","809その他の娯楽業"
"004","0010","16800","00000","2016000000","1839","事業所数","0人","80Nカラオケボックス業"
"004","0010","16820","00000","2016000000","2184","事業所数","0人","80P他に分類されない娯楽業"
"004","0010","16890","00000","2016000000","68330","事業所数","0人","O教育，学習支援業"
"004","0010","16900","00000","2016000000","288","事業所数","0人","O1教育，学習支援業（学校教育）"
"004","0010","16910","00000","2016000000","288","事業所数","0人","81学校教育"
"004","0010","16920","00000","2016000000","25","事業所数","0人","810管理，補助的経済活動を行う事業所"
"004","0010","16940","00000","2016000000","24","事業所数","0人","811幼稚園"
"004","0010","16960","00000","2016000000","10","事業所数","0人","819幼保連携型認定こども園"
"004","0010","16980","00000","2016000000","2","事業所数","0人","812小学校"
"004","0010","17000","00000","2016000000","3","事業所数","0人","813中学校"
"004","0010","17020","00000","2016000000","27","事業所数","0人","814高等学校，中等教育学校"
"004","0010","17050","00000","2016000000","1","事業所数","0人","815特別支援学校"
"004","0010","17070","00000","2016000000","65","事業所数","0人","816高等教育機関"
"004","0010","17110","00000","2016000000","131","事業所数","0人","817専修学校，各種学校"
"004","0010","17160","00000","2016000000","68042","事業所数","0人","O2教育，学習支援業（その他の教育，学習支援業）"
"004","0010","17170","00000","2016000000","68042","事業所数","0人","82その他の教育，学習支援業"
"004","0010","17180","00000","2016000000","87","事業所数","0人","820管理，補助的経済活動を行う事業所"
"004","0010","17210","00000","2016000000","421","事業所数","0人","821社会教育"
"004","0010","17220","00000","2016000000","30","事業所数","0人","82A公民館"
"004","0010","17240","00000","2016000000","18","事業所数","0人","82B図書館"
"004","0010","17260","00000","2016000000","306","事業所数","0人","82C博物館，美術館"
"004","0010","17280","00000","2016000000","32","事業所数","0人","82D動物園，植物園，水族館"
"004","0010","17300","00000","2016000000","35","事業所数","0人","82Eその他の社会教育"
"004","0010","17340","00000","2016000000","480","事業所数","0人","822職業・教育支援施設"
"004","0010","17380","00000","2016000000","14610","事業所数","0人","823学習塾"
"004","0010","17400","00000","2016000000","51704","事業所数","0人","824教養・技能教授業"
"004","0010","17410","00000","2016000000","16373","事業所数","0人","82F音楽教授業"
"004","0010","17430","00000","2016000000","8342","事業所数","0人","82G書道教授業"
"004","0010","17450","00000","2016000000","3362","事業所数","0人","82H生花・茶道教授業"
"004","0010","17470","00000","2016000000","3838","事業所数","0人","82Jそろばん教授業"
"004","0010","17490","00000","2016000000","4871","事業所数","0人","82K外国語会話教授業"
"004","0010","17510","00000","2016000000","3237","事業所数","0人","82Lスポーツ・健康教授業"
"004","0010","17530","00000","2016000000","11681","事業所数","0人","82Mその他の教養・技能教授業"
"004","0010","17550","00000","2016000000","720","事業所数","0人","829他に分類されない教育，学習支援業"
"004","0010","17570","00000","2016000000","57742","事業所数","0人","P医療，福祉"
"004","0010","17580","00000","2016000000","53489","事業所数","0人","83医療業"
"004","0010","17590","00000","2016000000","74","事業所数","0人","830管理，補助的経済活動を行う事業所"
"004","0010","17620","00000","2016000000","52","事業所数","0人","831病院"
"004","0010","17650","00000","2016000000","2430","事業所数","0人","832一般診療所"
"004","0010","17680","00000","2016000000","3932","事業所数","0人","833歯科診療所"
"004","0010","17700","00000","2016000000","306","事業所数","0人","834助産・看護業"
"004","0010","17710","00000","2016000000","254","事業所数","0人","83A助産所"
"004","0010","17730","00000","2016000000","52","事業所数","0人","83B看護業"
"004","0010","17750","00000","2016000000","44026","事業所数","0人","835療術業"
"004","0010","17780","00000","2016000000","2669","事業所数","0人","836医療に附帯するサービス業"
"004","0010","17790","00000","2016000000","2578","事業所数","0人","83C歯科技工所"
"004","0010","17810","00000","2016000000","91","事業所数","0人","83Dその他の医療に附帯するサービス業"
"004","0010","17830","00000","2016000000","389","事業所数","0人","84保健衛生"
"004","0010","17870","00000","2016000000","359","事業所数","0人","842健康相談施設"
"004","0010","17920","00000","2016000000","30","事業所数","0人","849その他の保健衛生"
"004","0010","17960","00000","2016000000","3853","事業所数","0人","85社会保険・社会福祉・介護事業"
"004","0010","17970","00000","2016000000","136","事業所数","0人","850管理，補助的経済活動を行う事業所"
"004","0010","18000","00000","2016000000","71","事業所数","0人","851社会保険事業団体"
"004","0010","18020","00000","2016000000","742","事業所数","0人","853児童福祉事業"
"004","0010","18030","00000","2016000000","389","事業所数","0人","85A保育所"
"004","0010","18050","00000","2016000000","353","事業所数","0人","85Bその他の児童福祉事業"
"004","0010","18070","00000","2016000000","2149","事業所数","0人","854老人福祉・介護事業"
"004","0010","18080","00000","2016000000","162","事業所数","0人","85C特別養護老人ホーム"
"004","0010","18100","00000","2016000000","18","事業所数","0人","85D介護老人保健施設"
"004","0010","18120","00000","2016000000","471","事業所数","0人","85E通所・短期入所介護事業"
"004","0010","18140","00000","2016000000","372","事業所数","0人","85F訪問介護事業"
"004","0010","18160","00000","2016000000","139","事業所数","0人","85G認知症老人グループホーム"
"004","0010","18180","00000","2016000000","174","事業所数","0人","85H有料老人ホーム"
"004","0010","18200","00000","2016000000","813","事業所数","0人","85Jその他の老人福祉・介護事業"
"004","0010","18220","00000","2016000000","531","事業所数","0人","855障害者福祉事業"
"004","0010","18250","00000","2016000000","224","事業所数","0人","859その他の社会保険・社会福祉・介護事業"
"004","0010","18260","00000","2016000000","8","事業所数","0人","85K更生保護事業"
"004","0010","18280","00000","2016000000","216","事業所数","0人","85L他に分類されない社会保険・社会福祉・介護事業"
"004","0010","18300","00000","2016000000","1272","事業所数","0人","Q複合サービス事業"
"004","0010","18310","00000","2016000000","1134","事業所数","0人","Q1複合サービス事業（郵便局）"
"004","0010","18320","00000","2016000000","1134","事業所数","0人","86郵便局"
"004","0010","18350","00000","2016000000","1134","事業所数","0人","862郵便局受託業"
"004","0010","18370","00000","2016000000","138","事業所数","0人","Q2複合サービス事業（協同組合）"
"004","0010","18380","00000","2016000000","138","事業所数","0人","87協同組合（他に分類されないもの）"
"004","0010","18390","00000","2016000000","3","事業所数","0人","870管理，補助的経済活動を行う事業所"
"004","0010","18410","00000","2016000000","51","事業所数","0人","871農林水産業協同組合（他に分類されないもの）"
"004","0010","18460","00000","2016000000","84","事業所数","0人","872事業協同組合（他に分類されないもの）"
"004","0010","18480","00000","2016000000","84403","事業所数","0人","Rサービス業（他に分類されないもの）"
"004","0010","18490","00000","2016000000","43618","事業所数","0人","R1サービス業（政治・経済・文化団体，宗教）"
"004","0010","18500","00000","2016000000","5978","事業所数","0人","93政治・経済・文化団体"
"004","0010","18510","00000","2016000000","2113","事業所数","0人","931経済団体"
"004","0010","18520","00000","2016000000","550","事業所数","0人","932労働団体"
"004","0010","18530","00000","2016000000","176","事業所数","0人","933学術・文化団体"
"004","0010","18540","00000","2016000000","165","事業所数","0人","934政治団体"
"004","0010","18550","00000","2016000000","2974","事業所数","0人","939他に分類されない非営利的団体"
"004","0010","18560","00000","2016000000","37632","事業所数","0人","94宗教"
"004","0010","18570","00000","2016000000","5263","事業所数","0人","941神道系宗教"
"004","0010","18580","00000","2016000000","23127","事業所数","0人","942仏教系宗教"
"004","0010","18590","00000","2016000000","2606","事業所数","0人","943キリスト教系宗教"
"004","0010","18600","00000","2016000000","6636","事業所数","0人","949その他の宗教"
"004","0010","18610","00000","2016000000","40785","事業所数","0人","R2サービス業（政治・経済・文化団体，宗教を除く）"
"004","0010","18620","00000","2016000000","1791","事業所数","0人","88廃棄物処理業"
"004","0010","18630","00000","2016000000","61","事業所数","0人","880管理，補助的経済活動を行う事業所"
"004","0010","18660","00000","2016000000","874","事業所数","0人","881一般廃棄物処理業"
"004","0010","18730","00000","2016000000","852","事業所数","0人","882産業廃棄物処理業"
"004","0010","18780","00000","2016000000","4","事業所数","0人","889その他の廃棄物処理業"
"004","0010","18810","00000","2016000000","19140","事業所数","0人","89自動車整備業"
"004","0010","18820","00000","2016000000","40","事業所数","0人","890管理，補助的経済活動を行う事業所"
"004","0010","18840","00000","2016000000","19100","事業所数","0人","891自動車整備業"
"004","0010","18870","00000","2016000000","8889","事業所数","0人","90機械等修理業（別掲を除く）"
"004","0010","18880","00000","2016000000","39","事業所数","0人","900管理，補助的経済活動を行う事業所"
"004","0010","18910","00000","2016000000","3150","事業所数","0人","901機械修理業（電気機械器具を除く）"
"004","0010","18940","00000","2016000000","1382","事業所数","0人","902電気機械器具修理業"
"004","0010","18960","00000","2016000000","1596","事業所数","0人","903表具業"
"004","0010","18980","00000","2016000000","2722","事業所数","0人","909その他の修理業"
"004","0010","19040","00000","2016000000","1332","事業所数","0人","91職業紹介・労働者派遣業"
"004","0010","19050","00000","2016000000","9","事業所数","0人","910管理，補助的経済活動を行う事業所"
"004","0010","19080","00000","2016000000","728","事業所数","0人","911職業紹介業"
"004","0010","19100","00000","2016000000","595","事業所数","0人","912労働者派遣業"
"004","0010","19120","00000","2016000000","9051","事業所数","0人","92その他の事業サービス業"
"004","0010","19130","00000","2016000000","66","事業所数","0人","920管理，補助的経済活動を行う事業所"
"004","0010","19160","00000","2016000000","335","事業所数","0人","921速記・ワープロ入力・複写業"
"004","0010","19190","00000","2016000000","2570","事業所数","0人","922建物サービス業"
"004","0010","19220","00000","2016000000","163","事業所数","0人","923警備業"
"004","0010","19240","00000","2016000000","5917","事業所数","0人","929他に分類されない事業サービス業"
"004","0010","19300","00000","2016000000","338","事業所数","0人","95その他のサービス業"
"004","0010","19310","00000","2016000000","1","事業所数","0人","950管理，補助的経済活動を行う事業所"
"004","0010","19330","00000","2016000000","299","事業所数","0人","951集会場"
"004","0010","19350","00000","2016000000","7","事業所数","0人","952と畜場"
"004","0010","19370","00000","2016000000","31","事業所数","0人","959他に分類されないサービス業"
"004","0020","00010","00000","2016000000","726022","事業所数","1人","A～R全産業（Ｓ公務を除く）"
"004","0020","00020","00000","2016000000","4271","事業所数","1人","A～B農林漁業"
"004","0020","00030","00000","2016000000","3819","事業所数","1人","A農業，林業"
"004","0020","00040","00000","2016000000","3487","事業所数","1人","01農業"
"004","0020","00050","00000","2016000000","20","事業所数","1人","010管理，補助的経済活動を行う事業所"
"004","0020","00080","00000","2016000000","1185","事業所数","1人","011耕種農業"
"004","0020","00170","00000","2016000000","871","事業所数","1人","012畜産農業"
"004","0020","00250","00000","2016000000","1076","事業所数","1人","013農業サービス業（園芸サービス業を除く）"
"004","0020","00300","00000","2016000000","335","事業所数","1人","014園芸サービス業"
"004","0020","00320","00000","2016000000","332","事業所数","1人","02林業"
"004","0020","00330","00000","2016000000","1","事業所数","1人","020管理，補助的経済活動を行う事業所"
"004","0020","00360","00000","2016000000","176","事業所数","1人","021育林業"
"004","0020","00380","00000","2016000000","29","事業所数","1人","022素材生産業"
"004","0020","00400","00000","2016000000","14","事業所数","1人","023特用林産物生産業（きのこ類の栽培を除く）"
"004","0020","00430","00000","2016000000","105","事業所数","1人","024林業サービス業"
"004","0020","00480","00000","2016000000","7","事業所数","1人","029その他の林業"
"004","0020","00500","00000","2016000000","438","事業所数","1人","B漁業"
"004","0020","00510","00000","2016000000","152","事業所数","1人","03漁業（水産養殖業を除く）"
"004","0020","00520","00000","2016000000","3","事業所数","1人","030管理，補助的経済活動を行う事業所"
"004","0020","00550","00000","2016000000","115","事業所数","1人","031海面漁業"
"004","0020","00650","00000","2016000000","34","事業所数","1人","032内水面漁業"
"004","0020","00670","00000","2016000000","286","事業所数","1人","04水産養殖業"
"004","0020","00680","00000","2016000000","1","事業所数","1人","040管理，補助的経済活動を行う事業所"
"004","0020","00710","00000","2016000000","115","事業所数","1人","041海面養殖業"
"004","0020","00780","00000","2016000000","170","事業所数","1人","042内水面養殖業"
"004","0020","00800","00000","2016000000","721751","事業所数","1人","C～R非農林漁業（Ｓ公務を除く）"
"004","0020","00810","00000","2016000000","216","事業所数","1人","C鉱業，採石業，砂利採取業"
"004","0020","00820","00000","2016000000","216","事業所数","1人","05鉱業，採石業，砂利採取業"
"004","0020","00830","00000","2016000000","55","事業所数","1人","050管理，補助的経済活動を行う事業所"
"004","0020","00860","00000","2016000000","1","事業所数","1人","051金属鉱業"
"004","0020","00940","00000","2016000000","1","事業所数","1人","053原油・天然ガス鉱業"
"004","0020","00970","00000","2016000000","142","事業所数","1人","054採石業，砂・砂利・玉石採取業"
"004","0020","01070","00000","2016000000","12","事業所数","1人","055窯業原料用鉱物鉱業（耐火物・陶磁器・ガラス・セメント原料用に限る）"
"004","0020","01160","00000","2016000000","5","事業所数","1人","059その他の鉱業"
"004","0020","01220","00000","2016000000","78683","事業所数","1人","D建設業"
"004","0020","01230","00000","2016000000","32745","事業所数","1人","06総合工事業"
"004","0020","01240","00000","2016000000","156","事業所数","1人","060管理，補助的経済活動を行う事業所"
"004","0020","01250","00000","2016000000","1190","事業所数","1人","061一般土木建築工事業"
"004","0020","01260","00000","2016000000","8180","事業所数","1人","062土木工事業（舗装工事業を除く）"
"004","0020","01270","00000","2016000000","692","事業所数","1人","063舗装工事業"
"004","0020","01280","00000","2016000000","8151","事業所数","1人","064建築工事業（木造建築工事業を除く)"
"004","0020","01290","00000","2016000000","9008","事業所数","1人","065木造建築工事業"
"004","0020","01300","00000","2016000000","5368","事業所数","1人","066建築リフォーム工事業"
"004","0020","01310","00000","2016000000","26175","事業所数","1人","07職別工事業（設備工事業を除く）"
"004","0020","01320","00000","2016000000","109","事業所数","1人","070管理，補助的経済活動を行う事業所"
"004","0020","01330","00000","2016000000","3461","事業所数","1人","071大工工事業"
"004","0020","01340","00000","2016000000","2628","事業所数","1人","072とび・土工・コンクリート工事業"
"004","0020","01350","00000","2016000000","1192","事業所数","1人","073鉄骨・鉄筋工事業"
"004","0020","01360","00000","2016000000","1341","事業所数","1人","074石工・れんが・タイル・ブロック工事業"
"004","0020","01370","00000","2016000000","1974","事業所数","1人","075左官工事業"
"004","0020","01380","00000","2016000000","2623","事業所数","1人","076板金・金物工事業"
"004","0020","01390","00000","2016000000","4065","事業所数","1人","077塗装工事業"
"004","0020","01400","00000","2016000000","4681","事業所数","1人","078床・内装工事業"
"004","0020","01410","00000","2016000000","4101","事業所数","1人","079その他の職別工事業"
"004","0020","01420","00000","2016000000","19741","事業所数","1人","08設備工事業"
"004","0020","01430","00000","2016000000","105","事業所数","1人","080管理，補助的経済活動を行う事業所"
"004","0020","01440","00000","2016000000","8743","事業所数","1人","081電気工事業"
"004","0020","01450","00000","2016000000","1180","事業所数","1人","082電気通信・信号装置工事業"
"004","0020","01460","00000","2016000000","7588","事業所数","1人","083管工事業（さく井工事業を除く）"
"004","0020","01470","00000","2016000000","1214","事業所数","1人","084機械器具設置工事業"
"004","0020","01480","00000","2016000000","911","事業所数","1人","089その他の設備工事業"
"004","0020","01490","00000","2016000000","56490","事業所数","1人","E製造業"
"004","0020","01500","00000","2016000000","4129","事業所数","1人","09食料品製造業"
"004","0020","01510","00000","2016000000","113","事業所数","1人","090管理，補助的経済活動を行う事業所"
"004","0020","01540","00000","2016000000","152","事業所数","1人","091畜産食料品製造業"
"004","0020","01600","00000","2016000000","564","事業所数","1人","092水産食料品製造業"
"004","0020","01680","00000","2016000000","218","事業所数","1人","093野菜缶詰・果実缶詰・農産保存食料品製造業"
"004","0020","01710","00000","2016000000","301","事業所数","1人","094調味料製造業"
"004","0020","01770","00000","2016000000","7","事業所数","1人","095糖類製造業"
"004","0020","01810","00000","2016000000","153","事業所数","1人","096精穀・製粉業"
"004","0020","01850","00000","2016000000","885","事業所数","1人","097パン・菓子製造業"
"004","0020","01910","00000","2016000000","24","事業所数","1人","098動植物油脂製造業"
"004","0020","01940","00000","2016000000","1712","事業所数","1人","099その他の食料品製造業"
"004","0020","02040","00000","2016000000","915","事業所数","1人","10飲料・たばこ・飼料製造業"
"004","0020","02050","00000","2016000000","38","事業所数","1人","100管理，補助的経済活動を行う事業所"
"004","0020","02080","00000","2016000000","68","事業所数","1人","101清涼飲料製造業"
"004","0020","02100","00000","2016000000","157","事業所数","1人","102酒類製造業"
"004","0020","02150","00000","2016000000","405","事業所数","1人","103茶・コーヒー製造業（清涼飲料を除く）"
"004","0020","02180","00000","2016000000","48","事業所数","1人","104製氷業"
"004","0020","02240","00000","2016000000","199","事業所数","1人","106飼料・有機質肥料製造業"
"004","0020","02280","00000","2016000000","5854","事業所数","1人","11繊維工業"
"004","0020","02290","00000","2016000000","63","事業所数","1人","110管理，補助的経済活動を行う事業所"
"004","0020","02320","00000","2016000000","350","事業所数","1人","111製糸業，紡績業，化学繊維・ねん糸等製造業"
"004","0020","02420","00000","2016000000","905","事業所数","1人","112織物業"
"004","0020","02490","00000","2016000000","140","事業所数","1人","113ニット生地製造業"
"004","0020","02530","00000","2016000000","414","事業所数","1人","114染色整理業"
"004","0020","02620","00000","2016000000","355","事業所数","1人","115綱・網・レース・繊維粗製品製造業"
"004","0020","02720","00000","2016000000","1654","事業所数","1人","116外衣・シャツ製造業（和式を除く）"
"004","0020","02820","00000","2016000000","81","事業所数","1人","117下着類製造業"
"004","0020","02870","00000","2016000000","607","事業所数","1人","118和装製品・その他の衣服・繊維製身の回り品製造業"
"004","0020","02950","00000","2016000000","1285","事業所数","1人","119その他の繊維製品製造業"
"004","0020","03050","00000","2016000000","1917","事業所数","1人","12木材・木製品製造業（家具を除く）"
"004","0020","03060","00000","2016000000","36","事業所数","1人","120管理，補助的経済活動を行う事業所"
"004","0020","03090","00000","2016000000","935","事業所数","1人","121製材業，木製品製造業"
"004","0020","03140","00000","2016000000","303","事業所数","1人","122造作材・合板・建築用組立材料製造業"
"004","0020","03230","00000","2016000000","207","事業所数","1人","123木製容器製造業（竹，とうを含む）"
"004","0020","03270","00000","2016000000","436","事業所数","1人","129その他の木製品製造業（竹，とうを含む)"
"004","0020","03310","00000","2016000000","3678","事業所数","1人","13家具・装備品製造業"
"004","0020","03320","00000","2016000000","42","事業所数","1人","130管理，補助的経済活動を行う事業所"
"004","0020","03350","00000","2016000000","1389","事業所数","1人","131家具製造業"
"004","0020","03390","00000","2016000000","252","事業所数","1人","132宗教用具製造業"
"004","0020","03410","00000","2016000000","1668","事業所数","1人","133建具製造業"
"004","0020","03430","00000","2016000000","327","事業所数","1人","139その他の家具・装備品製造業"
"004","0020","03480","00000","2016000000","1141","事業所数","1人","14パルプ・紙・紙加工品製造業"
"004","0020","03490","00000","2016000000","42","事業所数","1人","140管理，補助的経済活動を行う事業所"
"004","0020","03520","00000","2016000000","1","事業所数","1人","141パルプ製造業"
"004","0020","03540","00000","2016000000","50","事業所数","1人","142紙製造業"
"004","0020","03580","00000","2016000000","47","事業所数","1人","143加工紙製造業"
"004","0020","03620","00000","2016000000","243","事業所数","1人","144紙製品製造業"
"004","0020","03660","00000","2016000000","582","事業所数","1人","145紙製容器製造業"
"004","0020","03710","00000","2016000000","176","事業所数","1人","149その他のパルプ・紙・紙加工品製造業"
"004","0020","03730","00000","2016000000","4425","事業所数","1人","15印刷・同関連業"
"004","0020","03740","00000","2016000000","66","事業所数","1人","150管理，補助的経済活動を行う事業所"
"004","0020","03770","00000","2016000000","3585","事業所数","1人","151印刷業"
"004","0020","03810","00000","2016000000","195","事業所数","1人","152製版業"
"004","0020","03830","00000","2016000000","515","事業所数","1人","153製本業，印刷物加工業"
"004","0020","03860","00000","2016000000","64","事業所数","1人","159印刷関連サービス業"
"004","0020","03880","00000","2016000000","637","事業所数","1人","16化学工業"
"004","0020","03890","00000","2016000000","98","事業所数","1人","160管理，補助的経済活動を行う事業所"
"004","0020","03920","00000","2016000000","16","事業所数","1人","161化学肥料製造業"
"004","0020","03960","00000","2016000000","110","事業所数","1人","162無機化学工業製品製造業"
"004","0020","04020","00000","2016000000","37","事業所数","1人","163有機化学工業製品製造業"
"004","0020","04100","00000","2016000000","135","事業所数","1人","164油脂加工製品・石けん・合成洗剤・界面活性剤・塗料製造業"
"004","0020","04180","00000","2016000000","39","事業所数","1人","165医薬品製造業"
"004","0020","04240","00000","2016000000","85","事業所数","1人","166化粧品・歯磨・その他の化粧用調整品製造業"
"004","0020","04280","00000","2016000000","117","事業所数","1人","169その他の化学工業"
"004","0020","04370","00000","2016000000","220","事業所数","1人","17石油製品・石炭製品製造業"
"004","0020","04380","00000","2016000000","5","事業所数","1人","170管理，補助的経済活動を行う事業所"
"004","0020","04410","00000","2016000000","6","事業所数","1人","171石油精製業"
"004","0020","04430","00000","2016000000","6","事業所数","1人","172潤滑油・グリース製造業（石油精製業によらないもの）"
"004","0020","04450","00000","2016000000","1","事業所数","1人","173コークス製造業"
"004","0020","04470","00000","2016000000","177","事業所数","1人","174舗装材料製造業"
"004","0020","04490","00000","2016000000","25","事業所数","1人","179その他の石油製品・石炭製品製造業"
"004","0020","04510","00000","2016000000","2344","事業所数","1人","18プラスチック製品製造業（別掲を除く）"
"004","0020","04520","00000","2016000000","112","事業所数","1人","180管理，補助的経済活動を行う事業所"
"004","0020","04550","00000","2016000000","246","事業所数","1人","181プラスチック板・棒・管・継手・異形押出製品製造業"
"004","0020","04610","00000","2016000000","356","事業所数","1人","182プラスチックフィルム・シート・床材・合成皮革製造業"
"004","0020","04670","00000","2016000000","700","事業所数","1人","183工業用プラスチック製品製造業"
"004","0020","04720","00000","2016000000","173","事業所数","1人","184発泡・強化プラスチック製品製造業"
"004","0020","04780","00000","2016000000","167","事業所数","1人","185プラスチック成形材料製造業（廃プラスチックを含む）"
"004","0020","04810","00000","2016000000","590","事業所数","1人","189その他のプラスチック製品製造業"
"004","0020","04860","00000","2016000000","584","事業所数","1人","19ゴム製品製造業"
"004","0020","04870","00000","2016000000","18","事業所数","1人","190管理，補助的経済活動を行う事業所"
"004","0020","04900","00000","2016000000","1","事業所数","1人","191タイヤ・チューブ製造業"
"004","0020","04930","00000","2016000000","107","事業所数","1人","192ゴム製・プラスチック製履物・同附属品製造業"
"004","0020","04960","00000","2016000000","388","事業所数","1人","193ゴムベルト・ゴムホース・工業用ゴム製品製造業"
"004","0020","05000","00000","2016000000","70","事業所数","1人","199その他のゴム製品製造業"
"004","0020","05070","00000","2016000000","800","事業所数","1人","20なめし革・同製品・毛皮製造業"
"004","0020","05080","00000","2016000000","6","事業所数","1人","200管理，補助的経済活動を行う事業所"
"004","0020","05110","00000","2016000000","62","事業所数","1人","201なめし革製造業"
"004","0020","05130","00000","2016000000","12","事業所数","1人","202工業用革製品製造業（手袋を除く）"
"004","0020","05150","00000","2016000000","58","事業所数","1人","203革製履物用材料・同附属品製造業"
"004","0020","05170","00000","2016000000","108","事業所数","1人","204革製履物製造業"
"004","0020","05190","00000","2016000000","10","事業所数","1人","205革製手袋製造業"
"004","0020","05210","00000","2016000000","153","事業所数","1人","206かばん製造業"
"004","0020","05230","00000","2016000000","314","事業所数","1人","207袋物製造業"
"004","0020","05260","00000","2016000000","1","事業所数","1人","208毛皮製造業"
"004","0020","05280","00000","2016000000","76","事業所数","1人","209その他のなめし革製品製造業"
"004","0020","05300","00000","2016000000","2409","事業所数","1人","21窯業・土石製品製造業"
"004","0020","05310","00000","2016000000","107","事業所数","1人","210管理，補助的経済活動を行う事業所"
"004","0020","05340","00000","2016000000","224","事業所数","1人","211ガラス・同製品製造業"
"004","0020","05430","00000","2016000000","293","事業所数","1人","212セメント・同製品製造業"
"004","0020","05480","00000","2016000000","77","事業所数","1人","213建設用粘土製品製造業（陶磁器製を除く)"
"004","0020","05520","00000","2016000000","793","事業所数","1人","214陶磁器・同関連製品製造業"
"004","0020","05620","00000","2016000000","20","事業所数","1人","215耐火物製造業"
"004","0020","05660","00000","2016000000","18","事業所数","1人","216炭素・黒鉛製品製造業"
"004","0020","05690","00000","2016000000","47","事業所数","1人","217研磨材・同製品製造業"
"004","0020","05740","00000","2016000000","643","事業所数","1人","218骨材・石工品等製造業"
"004","0020","05810","00000","2016000000","187","事業所数","1人","219その他の窯業・土石製品製造業"
"004","0020","05870","00000","2016000000","1046","事業所数","1人","22鉄鋼業"
"004","0020","05880","00000","2016000000","42","事業所数","1人","220管理，補助的経済活動を行う事業所"
"004","0020","05950","00000","2016000000","1","事業所数","1人","222製鋼・製鋼圧延業"
"004","0020","05970","00000","2016000000","22","事業所数","1人","223製鋼を行わない鋼材製造業（表面処理鋼材を除く）"
"004","0020","06070","00000","2016000000","2","事業所数","1人","224表面処理鋼材製造業"
"004","0020","06100","00000","2016000000","199","事業所数","1人","225鉄素形材製造業"
"004","0020","06160","00000","2016000000","780","事業所数","1人","229その他の鉄鋼業"
"004","0020","06210","00000","2016000000","631","事業所数","1人","23非鉄金属製造業"
"004","0020","06220","00000","2016000000","27","事業所数","1人","230管理，補助的経済活動を行う事業所"
"004","0020","06290","00000","2016000000","80","事業所数","1人","232非鉄金属第２次製錬・精製業（非鉄金属合金製造業を含む）"
"004","0020","06330","00000","2016000000","136","事業所数","1人","233非鉄金属・同合金圧延業（抽伸，押出しを含む）"
"004","0020","06370","00000","2016000000","62","事業所数","1人","234電線・ケーブル製造業"
"004","0020","06400","00000","2016000000","247","事業所数","1人","235非鉄金属素形材製造業"
"004","0020","06460","00000","2016000000","79","事業所数","1人","239その他の非鉄金属製造業"
"004","0020","06490","00000","2016000000","7881","事業所数","1人","24金属製品製造業"
"004","0020","06500","00000","2016000000","207","事業所数","1人","240管理，補助的経済活動を行う事業所"
"004","0020","06530","00000","2016000000","41","事業所数","1人","241ブリキ缶・その他のめっき板等製品製造業"
"004","0020","06550","00000","2016000000","874","事業所数","1人","242洋食器・刃物・手道具・金物類製造業"
"004","0020","06630","00000","2016000000","236","事業所数","1人","243暖房・調理等装置，配管工事用附属品製造業"
"004","0020","06680","00000","2016000000","3299","事業所数","1人","244建設用・建築用金属製品製造業（製缶板金業を含む)"
"004","0020","06750","00000","2016000000","920","事業所数","1人","245金属素形材製品製造業"
"004","0020","06790","00000","2016000000","1030","事業所数","1人","246金属被覆・彫刻業，熱処理業（ほうろう鉄器を除く）"
"004","0020","06860","00000","2016000000","179","事業所数","1人","247金属線製品製造業（ねじ類を除く)"
"004","0020","06890","00000","2016000000","459","事業所数","1人","248ボルト・ナット・リベット・小ねじ・木ねじ等製造業"
"004","0020","06910","00000","2016000000","636","事業所数","1人","249その他の金属製品製造業"
"004","0020","06950","00000","2016000000","1808","事業所数","1人","25はん用機械器具製造業"
"004","0020","06960","00000","2016000000","66","事業所数","1人","250管理，補助的経済活動を行う事業所"
"004","0020","06990","00000","2016000000","69","事業所数","1人","251ボイラ・原動機製造業"
"004","0020","07040","00000","2016000000","294","事業所数","1人","252ポンプ・圧縮機器製造業"
"004","0020","07080","00000","2016000000","461","事業所数","1人","253一般産業用機械・装置製造業"
"004","0020","07140","00000","2016000000","918","事業所数","1人","259その他のはん用機械・同部分品製造業"
"004","0020","07220","00000","2016000000","5464","事業所数","1人","26生産用機械器具製造業"
"004","0020","07230","00000","2016000000","139","事業所数","1人","260管理，補助的経済活動を行う事業所"
"004","0020","07260","00000","2016000000","138","事業所数","1人","261農業用機械製造業（農業用器具を除く）"
"004","0020","07280","00000","2016000000","212","事業所数","1人","262建設機械・鉱山機械製造業"
"004","0020","07300","00000","2016000000","139","事業所数","1人","263繊維機械製造業"
"004","0020","07360","00000","2016000000","588","事業所数","1人","264生活関連産業用機械製造業"
"004","0020","07420","00000","2016000000","298","事業所数","1人","265基礎素材産業用機械製造業"
"004","0020","07460","00000","2016000000","2013","事業所数","1人","266金属加工機械製造業"
"004","0020","07510","00000","2016000000","182","事業所数","1人","267半導体・フラットパネルディスプレイ製造装置製造業"
"004","0020","07540","00000","2016000000","1755","事業所数","1人","269その他の生産用機械・同部分品製造業"
"004","0020","07600","00000","2016000000","1110","事業所数","1人","27業務用機械器具製造業"
"004","0020","07610","00000","2016000000","45","事業所数","1人","270管理，補助的経済活動を行う事業所"
"004","0020","07640","00000","2016000000","64","事業所数","1人","271事務用機械器具製造業"
"004","0020","07670","00000","2016000000","139","事業所数","1人","272サービス用・娯楽用機械器具製造業"
"004","0020","07720","00000","2016000000","402","事業所数","1人","273計量器・測定器・分析機器・試験機・測量機械器具・理化学機械器具製造業"
"004","0020","07820","00000","2016000000","322","事業所数","1人","274医療用機械器具・医療用品製造業"
"004","0020","07870","00000","2016000000","136","事業所数","1人","275光学機械器具・レンズ製造業"
"004","0020","07910","00000","2016000000","2","事業所数","1人","276武器製造業"
"004","0020","07930","00000","2016000000","656","事業所数","1人","28電子部品・デバイス・電子回路製造業"
"004","0020","07940","00000","2016000000","29","事業所数","1人","280管理，補助的経済活動を行う事業所"
"004","0020","07970","00000","2016000000","20","事業所数","1人","281電子デバイス製造業"
"004","0020","08030","00000","2016000000","131","事業所数","1人","282電子部品製造業"
"004","0020","08070","00000","2016000000","2","事業所数","1人","283記録メディア製造業"
"004","0020","08100","00000","2016000000","153","事業所数","1人","284電子回路製造業"
"004","0020","08130","00000","2016000000","26","事業所数","1人","285ユニット部品製造業"
"004","0020","08160","00000","2016000000","295","事業所数","1人","289その他の電子部品・デバイス・電子回路製造業"
"004","0020","08180","00000","2016000000","1781","事業所数","1人","29電気機械器具製造業"
"004","0020","08190","00000","2016000000","67","事業所数","1人","290管理，補助的経済活動を行う事業所"
"004","0020","08220","00000","2016000000","846","事業所数","1人","291発電用・送電用・配電用電気機械器具製造業"
"004","0020","08280","00000","2016000000","216","事業所数","1人","292産業用電気機械器具製造業"
"004","0020","08320","00000","2016000000","160","事業所数","1人","293民生用電気機械器具製造業"
"004","0020","08370","00000","2016000000","147","事業所数","1人","294電球・電気照明器具製造業"
"004","0020","08400","00000","2016000000","14","事業所数","1人","295電池製造業"
"004","0020","08430","00000","2016000000","112","事業所数","1人","296電子応用装置製造業"
"004","0020","08470","00000","2016000000","155","事業所数","1人","297電気計測器製造業"
"004","0020","08510","00000","2016000000","64","事業所数","1人","299その他の電気機械器具製造業"
"004","0020","08530","00000","2016000000","220","事業所数","1人","30情報通信機械器具製造業"
"004","0020","08540","00000","2016000000","16","事業所数","1人","300管理，補助的経済活動を行う事業所"
"004","0020","08570","00000","2016000000","43","事業所数","1人","301通信機械器具・同関連機械器具製造業"
"004","0020","08640","00000","2016000000","93","事業所数","1人","302映像・音響機械器具製造業"
"004","0020","08680","00000","2016000000","68","事業所数","1人","303電子計算機・同附属装置製造業"
"004","0020","08750","00000","2016000000","1886","事業所数","1人","31輸送用機械器具製造業"
"004","0020","08760","00000","2016000000","85","事業所数","1人","310管理，補助的経済活動を行う事業所"
"004","0020","08790","00000","2016000000","1104","事業所数","1人","311自動車・同附属品製造業"
"004","0020","08830","00000","2016000000","74","事業所数","1人","312鉄道車両・同部分品製造業"
"004","0020","08860","00000","2016000000","438","事業所数","1人","313船舶製造・修理業，舶用機関製造業"
"004","0020","08910","00000","2016000000","38","事業所数","1人","314航空機・同附属品製造業"
"004","0020","08950","00000","2016000000","47","事業所数","1人","315産業用運搬車両・同部分品・附属品製造業"
"004","0020","08980","00000","2016000000","100","事業所数","1人","319その他の輸送用機械器具製造業"
"004","0020","09010","00000","2016000000","4923","事業所数","1人","32その他の製造業"
"004","0020","09020","00000","2016000000","55","事業所数","1人","320管理，補助的経済活動を行う事業所"
"004","0020","09050","00000","2016000000","324","事業所数","1人","321貴金属・宝石製品製造業"
"004","0020","09090","00000","2016000000","269","事業所数","1人","322装身具・装飾品・ボタン・同関連品製造業（貴金属・宝石製を除く）"
"004","0020","09150","00000","2016000000","17","事業所数","1人","323時計・同部分品製造業"
"004","0020","09170","00000","2016000000","70","事業所数","1人","324楽器製造業"
"004","0020","09200","00000","2016000000","429","事業所数","1人","325がん具・運動用具製造業"
"004","0020","09210","00000","2016000000","258","事業所数","1人","32Aがん具製造業"
"004","0020","09240","00000","2016000000","171","事業所数","1人","32B運動用具製造業"
"004","0020","09260","00000","2016000000","160","事業所数","1人","326ペン・鉛筆・絵画用品・その他の事務用品製造業"
"004","0020","09300","00000","2016000000","237","事業所数","1人","327漆器製造業"
"004","0020","09320","00000","2016000000","935","事業所数","1人","328畳等生活雑貨製品製造業"
"004","0020","09390","00000","2016000000","2427","事業所数","1人","329他に分類されない製造業"
"004","0020","09400","00000","2016000000","34","事業所数","1人","32C情報記録物製造業（新聞，書籍等の印刷物を除く）"
"004","0020","09420","00000","2016000000","2393","事業所数","1人","32D他に分類されないその他の製造業"
"004","0020","09500","00000","2016000000","387","事業所数","1人","F電気・ガス・熱供給・水道業"
"004","0020","09510","00000","2016000000","154","事業所数","1人","33電気業"
"004","0020","09520","00000","2016000000","19","事業所数","1人","330管理，補助的経済活動を行う事業所"
"004","0020","09530","00000","2016000000","135","事業所数","1人","331電気業"
"004","0020","09540","00000","2016000000","37","事業所数","1人","34ガス業"
"004","0020","09550","00000","2016000000","11","事業所数","1人","340管理，補助的経済活動を行う事業所"
"004","0020","09560","00000","2016000000","26","事業所数","1人","341ガス業"
"004","0020","09570","00000","2016000000","39","事業所数","1人","35熱供給業"
"004","0020","09580","00000","2016000000","2","事業所数","1人","350管理，補助的経済活動を行う事業所"
"004","0020","09590","00000","2016000000","37","事業所数","1人","351熱供給業"
"004","0020","09600","00000","2016000000","156","事業所数","1人","36水道業"
"004","0020","09610","00000","2016000000","21","事業所数","1人","360管理，補助的経済活動を行う事業所"
"004","0020","09620","00000","2016000000","46","事業所数","1人","361上水道業"
"004","0020","09630","00000","2016000000","1","事業所数","1人","362工業用水道業"
"004","0020","09640","00000","2016000000","88","事業所数","1人","363下水道業"
"004","0020","09650","00000","2016000000","8741","事業所数","1人","G情報通信業"
"004","0020","09660","00000","2016000000","3884","事業所数","1人","G1情報通信業（通信業，放送業，映像・音声・文字情報制作業）"
"004","0020","09670","00000","2016000000","238","事業所数","1人","37通信業"
"004","0020","09690","00000","2016000000","111","事業所数","1人","371固定電気通信業"
"004","0020","09700","00000","2016000000","28","事業所数","1人","372移動電気通信業"
"004","0020","09710","00000","2016000000","99","事業所数","1人","373電気通信に附帯するサービス業"
"004","0020","09720","00000","2016000000","164","事業所数","1人","38放送業"
"004","0020","09730","00000","2016000000","3","事業所数","1人","380管理，補助的経済活動を行う事業所"
"004","0020","09740","00000","2016000000","8","事業所数","1人","381公共放送業（有線放送業を除く）"
"004","0020","09750","00000","2016000000","102","事業所数","1人","382民間放送業（有線放送業を除く）"
"004","0020","09770","00000","2016000000","51","事業所数","1人","383有線放送業"
"004","0020","09780","00000","2016000000","3477","事業所数","1人","41映像・音声・文字情報制作業"
"004","0020","09790","00000","2016000000","11","事業所数","1人","410管理，補助的経済活動を行う事業所"
"004","0020","09800","00000","2016000000","581","事業所数","1人","411映像情報制作・配給業"
"004","0020","09810","00000","2016000000","131","事業所数","1人","412音声情報制作業"
"004","0020","09820","00000","2016000000","211","事業所数","1人","413新聞業"
"004","0020","09830","00000","2016000000","631","事業所数","1人","414出版業"
"004","0020","09840","00000","2016000000","467","事業所数","1人","415広告制作業"
"004","0020","09850","00000","2016000000","1445","事業所数","1人","416映像・音声・文字情報制作に附帯するサービス業"
"004","0020","09860","00000","2016000000","4857","事業所数","1人","G2情報通信業（情報サービス業，インターネット附随サービス業）"
"004","0020","09870","00000","2016000000","4068","事業所数","1人","39情報サービス業"
"004","0020","09880","00000","2016000000","55","事業所数","1人","390管理，補助的経済活動を行う事業所"
"004","0020","09910","00000","2016000000","3123","事業所数","1人","391ソフトウェア業"
"004","0020","09960","00000","2016000000","890","事業所数","1人","392情報処理・提供サービス業"
"004","0020","09970","00000","2016000000","462","事業所数","1人","39A情報処理サービス業"
"004","0020","09990","00000","2016000000","205","事業所数","1人","39B情報提供サービス業"
"004","0020","10010","00000","2016000000","223","事業所数","1人","39Cその他の情報処理・提供サービス業"
"004","0020","10040","00000","2016000000","780","事業所数","1人","40インターネット附随サービス業"
"004","0020","10050","00000","2016000000","13","事業所数","1人","400管理，補助的経済活動を行う事業所"
"004","0020","10080","00000","2016000000","767","事業所数","1人","401インターネット附随サービス業"
"004","0020","10120","00000","2016000000","8090","事業所数","1人","H運輸業，郵便業"
"004","0020","10130","00000","2016000000","123","事業所数","1人","42鉄道業"
"004","0020","10140","00000","2016000000","2","事業所数","1人","420管理，補助的経済活動を行う事業所"
"004","0020","10150","00000","2016000000","121","事業所数","1人","421鉄道業"
"004","0020","10160","00000","2016000000","927","事業所数","1人","43道路旅客運送業"
"004","0020","10170","00000","2016000000","13","事業所数","1人","430管理，補助的経済活動を行う事業所"
"004","0020","10180","00000","2016000000","86","事業所数","1人","431一般乗合旅客自動車運送業"
"004","0020","10190","00000","2016000000","708","事業所数","1人","432一般乗用旅客自動車運送業"
"004","0020","10200","00000","2016000000","96","事業所数","1人","433一般貸切旅客自動車運送業"
"004","0020","10210","00000","2016000000","24","事業所数","1人","439その他の道路旅客運送業"
"004","0020","10220","00000","2016000000","3898","事業所数","1人","44道路貨物運送業"
"004","0020","10230","00000","2016000000","89","事業所数","1人","440管理，補助的経済活動を行う事業所"
"004","0020","10240","00000","2016000000","2928","事業所数","1人","441一般貨物自動車運送業"
"004","0020","10250","00000","2016000000","149","事業所数","1人","442特定貨物自動車運送業"
"004","0020","10260","00000","2016000000","592","事業所数","1人","443貨物軽自動車運送業"
"004","0020","10270","00000","2016000000","123","事業所数","1人","444集配利用運送業"
"004","0020","10280","00000","2016000000","17","事業所数","1人","449その他の道路貨物運送業"
"004","0020","10290","00000","2016000000","305","事業所数","1人","45水運業"
"004","0020","10300","00000","2016000000","3","事業所数","1人","450管理，補助的経済活動を行う事業所"
"004","0020","10310","00000","2016000000","28","事業所数","1人","451外航海運業"
"004","0020","10320","00000","2016000000","154","事業所数","1人","452沿海海運業"
"004","0020","10330","00000","2016000000","45","事業所数","1人","453内陸水運業"
"004","0020","10340","00000","2016000000","75","事業所数","1人","454船舶貸渡業"
"004","0020","10350","00000","2016000000","71","事業所数","1人","46航空運輸業"
"004","0020","10360","00000","2016000000","3","事業所数","1人","460管理，補助的経済活動を行う事業所"
"004","0020","10370","00000","2016000000","64","事業所数","1人","461航空運送業"
"004","0020","10380","00000","2016000000","4","事業所数","1人","462航空機使用業（航空運送業を除く）"
"004","0020","10390","00000","2016000000","1188","事業所数","1人","47倉庫業"
"004","0020","10400","00000","2016000000","9","事業所数","1人","470管理，補助的経済活動を行う事業所"
"004","0020","10410","00000","2016000000","1074","事業所数","1人","471倉庫業（冷蔵倉庫業を除く）"
"004","0020","10420","00000","2016000000","105","事業所数","1人","472冷蔵倉庫業"
"004","0020","10430","00000","2016000000","1565","事業所数","1人","48運輸に附帯するサービス業"
"004","0020","10440","00000","2016000000","30","事業所数","1人","480管理，補助的経済活動を行う事業所"
"004","0020","10450","00000","2016000000","145","事業所数","1人","481港湾運送業"
"004","0020","10460","00000","2016000000","479","事業所数","1人","482貨物運送取扱業（集配利用運送業を除く）"
"004","0020","10470","00000","2016000000","90","事業所数","1人","483運送代理店"
"004","0020","10480","00000","2016000000","173","事業所数","1人","484こん包業"
"004","0020","10490","00000","2016000000","44","事業所数","1人","485運輸施設提供業"
"004","0020","10500","00000","2016000000","604","事業所数","1人","489その他の運輸に附帯するサービス業"
"004","0020","10510","00000","2016000000","7","事業所数","1人","49郵便業（信書便事業を含む）"
"004","0020","10520","00000","2016000000","1","事業所数","1人","490管理，補助的経済活動を行う事業所"
"004","0020","10530","00000","2016000000","6","事業所数","1人","491郵便業（信書便事業を含む）"
"004","0020","10540","00000","2016000000","177227","事業所数","1人","I卸売業，小売業"
"004","0020","10550","00000","2016000000","49041","事業所数","1人","I1卸売業"
"004","0020","10560","00000","2016000000","187","事業所数","1人","50各種商品卸売業"
"004","0020","10570","00000","2016000000","24","事業所数","1人","500管理，補助的経済活動を行う事業所"
"004","0020","10610","00000","2016000000","163","事業所数","1人","501各種商品卸売業"
"004","0020","10640","00000","2016000000","163","事業所数","1人","50Bその他の各種商品卸売業"
"004","0020","10660","00000","2016000000","3705","事業所数","1人","51繊維・衣服等卸売業"
"004","0020","10670","00000","2016000000","72","事業所数","1人","510管理，補助的経済活動を行う事業所"
"004","0020","10710","00000","2016000000","744","事業所数","1人","511繊維品卸売業（衣服，身の回り品を除く）"
"004","0020","10750","00000","2016000000","1594","事業所数","1人","512衣服卸売業"
"004","0020","10800","00000","2016000000","1295","事業所数","1人","513身の回り品卸売業"
"004","0020","10850","00000","2016000000","9512","事業所数","1人","52飲食料品卸売業"
"004","0020","10860","00000","2016000000","274","事業所数","1人","520管理，補助的経済活動を行う事業所"
"004","0020","10900","00000","2016000000","4414","事業所数","1人","521農畜産物・水産物卸売業"
"004","0020","10910","00000","2016000000","648","事業所数","1人","52A米穀類卸売業"
"004","0020","10940","00000","2016000000","1226","事業所数","1人","52B野菜・果実卸売業"
"004","0020","10970","00000","2016000000","745","事業所数","1人","52C食肉卸売業"
"004","0020","10990","00000","2016000000","1388","事業所数","1人","52D生鮮魚介卸売業"
"004","0020","11010","00000","2016000000","407","事業所数","1人","52Eその他の農畜産物・水産物卸売業"
"004","0020","11030","00000","2016000000","4824","事業所数","1人","522食料・飲料卸売業"
"004","0020","11120","00000","2016000000","11426","事業所数","1人","53建築材料，鉱物・金属材料等卸売業"
"004","0020","11130","00000","2016000000","271","事業所数","1人","530管理，補助的経済活動を行う事業所"
"004","0020","11170","00000","2016000000","4997","事業所数","1人","531建築材料卸売業"
"004","0020","11230","00000","2016000000","2323","事業所数","1人","532化学製品卸売業"
"004","0020","11270","00000","2016000000","634","事業所数","1人","533石油・鉱物卸売業"
"004","0020","11300","00000","2016000000","1064","事業所数","1人","534鉄鋼製品卸売業"
"004","0020","11340","00000","2016000000","608","事業所数","1人","535非鉄金属卸売業"
"004","0020","11370","00000","2016000000","1529","事業所数","1人","536再生資源卸売業"
"004","0020","11430","00000","2016000000","11919","事業所数","1人","54機械器具卸売業"
"004","0020","11440","00000","2016000000","302","事業所数","1人","540管理，補助的経済活動を行う事業所"
"004","0020","11480","00000","2016000000","4871","事業所数","1人","541産業機械器具卸売業"
"004","0020","11540","00000","2016000000","2200","事業所数","1人","542自動車卸売業"
"004","0020","11580","00000","2016000000","3015","事業所数","1人","543電気機械器具卸売業"
"004","0020","11610","00000","2016000000","1531","事業所数","1人","549その他の機械器具卸売業"
"004","0020","11650","00000","2016000000","12238","事業所数","1人","55その他の卸売業"
"004","0020","11660","00000","2016000000","188","事業所数","1人","550管理，補助的経済活動を行う事業所"
"004","0020","11700","00000","2016000000","1878","事業所数","1人","551家具・建具・じゅう器等卸売業"
"004","0020","11770","00000","2016000000","2111","事業所数","1人","552医薬品・化粧品等卸売業"
"004","0020","11820","00000","2016000000","1045","事業所数","1人","553紙・紙製品卸売業"
"004","0020","11850","00000","2016000000","7016","事業所数","1人","559他に分類されない卸売業"
"004","0020","11860","00000","2016000000","393","事業所数","1人","55A代理商，仲立業"
"004","0020","11880","00000","2016000000","6623","事業所数","1人","55B他に分類されないその他の卸売業"
"004","0020","11970","00000","2016000000","128186","事業所数","1人","I2小売業"
"004","0020","11980","00000","2016000000","217","事業所数","1人","56各種商品小売業"
"004","0020","11990","00000","2016000000","18","事業所数","1人","560管理，補助的経済活動を行う事業所"
"004","0020","12050","00000","2016000000","199","事業所数","1人","569その他の各種商品小売業（従業者が常時50人未満のもの）"
"004","0020","12070","00000","2016000000","17729","事業所数","1人","57織物・衣服・身の回り品小売業"
"004","0020","12080","00000","2016000000","158","事業所数","1人","570管理，補助的経済活動を行う事業所"
"004","0020","12120","00000","2016000000","2623","事業所数","1人","571呉服・服地・寝具小売業"
"004","0020","12150","00000","2016000000","2118","事業所数","1人","572男子服小売業"
"004","0020","12170","00000","2016000000","8450","事業所数","1人","573婦人・子供服小売業"
"004","0020","12200","00000","2016000000","1202","事業所数","1人","574靴・履物小売業"
"004","0020","12230","00000","2016000000","3178","事業所数","1人","579その他の織物・衣服・身の回り品小売業"
"004","0020","12280","00000","2016000000","34465","事業所数","1人","58飲食料品小売業"
"004","0020","12290","00000","2016000000","263","事業所数","1人","580管理，補助的経済活動を行う事業所"
"004","0020","12330","00000","2016000000","1669","事業所数","1人","581各種食料品小売業"
"004","0020","12350","00000","2016000000","2981","事業所数","1人","582野菜・果実小売業"
"004","0020","12380","00000","2016000000","1731","事業所数","1人","583食肉小売業"
"004","0020","12410","00000","2016000000","2247","事業所数","1人","584鮮魚小売業"
"004","0020","12430","00000","2016000000","5891","事業所数","1人","585酒小売業"
"004","0020","12450","00000","2016000000","7494","事業所数","1人","586菓子・パン小売業"
"004","0020","12500","00000","2016000000","12189","事業所数","1人","589その他の飲食料品小売業"
"004","0020","12510","00000","2016000000","2254","事業所数","1人","58A料理品小売業"
"004","0020","12530","00000","2016000000","9935","事業所数","1人","58B他に分類されない飲食料品小売業"
"004","0020","12620","00000","2016000000","23243","事業所数","1人","59機械器具小売業"
"004","0020","12630","00000","2016000000","98","事業所数","1人","590管理，補助的経済活動を行う事業所"
"004","0020","12670","00000","2016000000","12665","事業所数","1人","591自動車小売業"
"004","0020","12720","00000","2016000000","1654","事業所数","1人","592自転車小売業"
"004","0020","12740","00000","2016000000","8826","事業所数","1人","593機械器具小売業（自動車，自転車を除く）"
"004","0020","12790","00000","2016000000","46519","事業所数","1人","60その他の小売業"
"004","0020","12800","00000","2016000000","490","事業所数","1人","600管理，補助的経済活動を行う事業所"
"004","0020","12840","00000","2016000000","3636","事業所数","1人","601家具・建具・畳小売業"
"004","0020","12890","00000","2016000000","2523","事業所数","1人","602じゅう器小売業"
"004","0020","12940","00000","2016000000","7870","事業所数","1人","603医薬品・化粧品小売業"
"004","0020","12990","00000","2016000000","1723","事業所数","1人","604農耕用品小売業"
"004","0020","13030","00000","2016000000","5220","事業所数","1人","605燃料小売業"
"004","0020","13060","00000","2016000000","3603","事業所数","1人","606書籍・文房具小売業"
"004","0020","13110","00000","2016000000","3413","事業所数","1人","607スポーツ用品・がん具・娯楽用品・楽器小売業"
"004","0020","13120","00000","2016000000","2123","事業所数","1人","60Aスポーツ用品小売業"
"004","0020","13140","00000","2016000000","809","事業所数","1人","60Bがん具・娯楽用品小売業"
"004","0020","13160","00000","2016000000","481","事業所数","1人","60C楽器小売業"
"004","0020","13180","00000","2016000000","2941","事業所数","1人","608写真機・時計・眼鏡小売業"
"004","0020","13210","00000","2016000000","15100","事業所数","1人","609他に分類されない小売業"
"004","0020","13220","00000","2016000000","3752","事業所数","1人","60D花・植木小売業"
"004","0020","13240","00000","2016000000","606","事業所数","1人","60Eペット・ペット用品小売業"
"004","0020","13260","00000","2016000000","1439","事業所数","1人","60F中古品小売業（他に分類されないもの）"
"004","0020","13290","00000","2016000000","9303","事業所数","1人","60G他に分類されないその他の小売業"
"004","0020","13350","00000","2016000000","5927","事業所数","1人","61無店舗小売業"
"004","0020","13360","00000","2016000000","38","事業所数","1人","610管理，補助的経済活動を行う事業所"
"004","0020","13400","00000","2016000000","4796","事業所数","1人","611通信販売・訪問販売小売業"
"004","0020","13460","00000","2016000000","237","事業所数","1人","612自動販売機による小売業"
"004","0020","13480","00000","2016000000","856","事業所数","1人","619その他の無店舗小売業"
"004","0020","13500","00000","2016000000","7898","事業所数","1人","J金融業，保険業"
"004","0020","13510","00000","2016000000","541","事業所数","1人","62銀行業"
"004","0020","13520","00000","2016000000","1","事業所数","1人","620管理，補助的経済活動を行う事業所"
"004","0020","13540","00000","2016000000","540","事業所数","1人","622銀行（中央銀行を除く）"
"004","0020","13560","00000","2016000000","289","事業所数","1人","63協同組織金融業"
"004","0020","13580","00000","2016000000","159","事業所数","1人","631中小企業等金融業"
"004","0020","13590","00000","2016000000","130","事業所数","1人","632農林水産金融業"
"004","0020","13600","00000","2016000000","813","事業所数","1人","64貸金業，クレジットカード業等非預金信用機関"
"004","0020","13610","00000","2016000000","7","事業所数","1人","640管理，補助的経済活動を行う事業所"
"004","0020","13620","00000","2016000000","239","事業所数","1人","641貸金業"
"004","0020","13630","00000","2016000000","414","事業所数","1人","642質屋"
"004","0020","13640","00000","2016000000","72","事業所数","1人","643クレジットカード業，割賦金融業"
"004","0020","13650","00000","2016000000","81","事業所数","1人","649その他の非預金信用機関"
"004","0020","13660","00000","2016000000","330","事業所数","1人","65金融商品取引業，商品先物取引業"
"004","0020","13680","00000","2016000000","318","事業所数","1人","651金融商品取引業"
"004","0020","13690","00000","2016000000","12","事業所数","1人","652商品先物取引業，商品投資顧問業"
"004","0020","13700","00000","2016000000","143","事業所数","1人","66補助的金融業等"
"004","0020","13710","00000","2016000000","1","事業所数","1人","660管理，補助的経済活動を行う事業所"
"004","0020","13720","00000","2016000000","101","事業所数","1人","661補助的金融業，金融附帯業"
"004","0020","13730","00000","2016000000","9","事業所数","1人","662信託業"
"004","0020","13740","00000","2016000000","32","事業所数","1人","663金融代理業"
"004","0020","13750","00000","2016000000","5767","事業所数","1人","67保険業（保険媒介代理業，保険サービス業を含む）"
"004","0020","13760","00000","2016000000","3","事業所数","1人","670管理，補助的経済活動を行う事業所"
"004","0020","13770","00000","2016000000","240","事業所数","1人","671生命保険業"
"004","0020","13780","00000","2016000000","57","事業所数","1人","672損害保険業"
"004","0020","13790","00000","2016000000","211","事業所数","1人","673共済事業，少額短期保険業"
"004","0020","13800","00000","2016000000","5129","事業所数","1人","674保険媒介代理業"
"004","0020","13810","00000","2016000000","127","事業所数","1人","675保険サービス業"
"004","0020","13820","00000","2016000000","60194","事業所数","1人","K不動産業，物品賃貸業"
"004","0020","13830","00000","2016000000","57178","事業所数","1人","K1不動産業"
"004","0020","13840","00000","2016000000","12750","事業所数","1人","68不動産取引業"
"004","0020","13850","00000","2016000000","14","事業所数","1人","680管理，補助的経済活動を行う事業所"
"004","0020","13880","00000","2016000000","3448","事業所数","1人","681建物売買業，土地売買業"
"004","0020","13910","00000","2016000000","9288","事業所数","1人","682不動産代理業・仲介業"
"004","0020","13930","00000","2016000000","44333","事業所数","1人","69不動産賃貸業・管理業"
"004","0020","13940","00000","2016000000","33","事業所数","1人","690管理，補助的経済活動を行う事業所"
"004","0020","13970","00000","2016000000","9003","事業所数","1人","691不動産賃貸業（貸家業，貸間業を除く）"
"004","0020","14010","00000","2016000000","19930","事業所数","1人","692貸家業，貸間業"
"004","0020","14040","00000","2016000000","3155","事業所数","1人","693駐車場業"
"004","0020","14060","00000","2016000000","12212","事業所数","1人","694不動産管理業"
"004","0020","14080","00000","2016000000","3016","事業所数","1人","K2物品賃貸業"
"004","0020","14090","00000","2016000000","3016","事業所数","1人","70物品賃貸業"
"004","0020","14100","00000","2016000000","69","事業所数","1人","700管理，補助的経済活動を行う事業所"
"004","0020","14130","00000","2016000000","79","事業所数","1人","701各種物品賃貸業"
"004","0020","14160","00000","2016000000","1040","事業所数","1人","702産業用機械器具賃貸業"
"004","0020","14190","00000","2016000000","55","事業所数","1人","703事務用機械器具賃貸業"
"004","0020","14220","00000","2016000000","598","事業所数","1人","704自動車賃貸業"
"004","0020","14240","00000","2016000000","110","事業所数","1人","705スポーツ・娯楽用品賃貸業"
"004","0020","14260","00000","2016000000","1062","事業所数","1人","709その他の物品賃貸業"
"004","0020","14270","00000","2016000000","65","事業所数","1人","70A音楽・映像記録物賃貸業（別掲を除く）"
"004","0020","14290","00000","2016000000","997","事業所数","1人","70B他に分類されない物品賃貸業"
"004","0020","14330","00000","2016000000","43080","事業所数","1人","L学術研究，専門・技術サービス業"
"004","0020","14340","00000","2016000000","587","事業所数","1人","71学術・開発研究機関"
"004","0020","14350","00000","2016000000","7","事業所数","1人","710管理，補助的経済活動を行う事業所"
"004","0020","14370","00000","2016000000","477","事業所数","1人","711自然科学研究所"
"004","0020","14420","00000","2016000000","102","事業所数","1人","712人文・社会科学研究所"
"004","0020","14440","00000","2016000000","22780","事業所数","1人","72専門サービス業（他に分類されないもの）"
"004","0020","14450","00000","2016000000","40","事業所数","1人","720管理，補助的経済活動を行う事業所"
"004","0020","14470","00000","2016000000","3320","事業所数","1人","721法律事務所，特許事務所"
"004","0020","14480","00000","2016000000","3055","事業所数","1人","72A法律事務所"
"004","0020","14500","00000","2016000000","265","事業所数","1人","72B特許事務所"
"004","0020","14520","00000","2016000000","4659","事業所数","1人","722公証人役場，司法書士事務所，土地家屋調査士事務所"
"004","0020","14550","00000","2016000000","907","事業所数","1人","723行政書士事務所"
"004","0020","14570","00000","2016000000","5168","事業所数","1人","724公認会計士事務所，税理士事務所"
"004","0020","14580","00000","2016000000","436","事業所数","1人","72C公認会計士事務所"
"004","0020","14600","00000","2016000000","4732","事業所数","1人","72D税理士事務所"
"004","0020","14620","00000","2016000000","1134","事業所数","1人","725社会保険労務士事務所"
"004","0020","14640","00000","2016000000","1641","事業所数","1人","726デザイン業"
"004","0020","14660","00000","2016000000","88","事業所数","1人","727著述・芸術家業"
"004","0020","14690","00000","2016000000","2340","事業所数","1人","728経営コンサルタント業，純粋持株会社"
"004","0020","14700","00000","2016000000","2249","事業所数","1人","72E経営コンサルタント業"
"004","0020","14720","00000","2016000000","91","事業所数","1人","72F純粋持株会社"
"004","0020","14740","00000","2016000000","3483","事業所数","1人","729その他の専門サービス業"
"004","0020","14750","00000","2016000000","86","事業所数","1人","72G興信所"
"004","0020","14770","00000","2016000000","3397","事業所数","1人","72H他に分類されない専門サービス業"
"004","0020","14820","00000","2016000000","1309","事業所数","1人","73広告業"
"004","0020","14830","00000","2016000000","6","事業所数","1人","730管理，補助的経済活動を行う事業所"
"004","0020","14860","00000","2016000000","1303","事業所数","1人","731広告業"
"004","0020","14880","00000","2016000000","18383","事業所数","1人","74技術サービス業（他に分類されないもの）"
"004","0020","14890","00000","2016000000","95","事業所数","1人","740管理，補助的経済活動を行う事業所"
"004","0020","14910","00000","2016000000","1707","事業所数","1人","741獣医業"
"004","0020","14930","00000","2016000000","11807","事業所数","1人","742土木建築サービス業"
"004","0020","14940","00000","2016000000","9203","事業所数","1人","74A建築設計業"
"004","0020","14960","00000","2016000000","1961","事業所数","1人","74B測量業"
"004","0020","14980","00000","2016000000","643","事業所数","1人","74Cその他の土木建築サービス業"
"004","0020","15000","00000","2016000000","1195","事業所数","1人","743機械設計業"
"004","0020","15020","00000","2016000000","268","事業所数","1人","744商品・非破壊検査業"
"004","0020","15050","00000","2016000000","205","事業所数","1人","745計量証明業"
"004","0020","15090","00000","2016000000","1972","事業所数","1人","746写真業"
"004","0020","15120","00000","2016000000","1134","事業所数","1人","749その他の技術サービス業"
"004","0020","15140","00000","2016000000","91804","事業所数","1人","M宿泊業，飲食サービス業"
"004","0020","15150","00000","2016000000","6125","事業所数","1人","M1宿泊業"
"004","0020","15160","00000","2016000000","6125","事業所数","1人","75宿泊業"
"004","0020","15170","00000","2016000000","57","事業所数","1人","750管理，補助的経済活動を行う事業所"
"004","0020","15200","00000","2016000000","3976","事業所数","1人","751旅館，ホテル"
"004","0020","15220","00000","2016000000","393","事業所数","1人","752簡易宿所"
"004","0020","15240","00000","2016000000","198","事業所数","1人","753下宿業"
"004","0020","15260","00000","2016000000","1498","事業所数","1人","759その他の宿泊業"
"004","0020","15270","00000","2016000000","259","事業所数","1人","75A会社・団体の宿泊所"
"004","0020","15290","00000","2016000000","1239","事業所数","1人","75B他に分類されない宿泊業"
"004","0020","15320","00000","2016000000","85679","事業所数","1人","M2飲食店，持ち帰り・配達飲食サービス業"
"004","0020","15330","00000","2016000000","81816","事業所数","1人","76飲食店"
"004","0020","15340","00000","2016000000","489","事業所数","1人","760管理，補助的経済活動を行う事業所"
"004","0020","15370","00000","2016000000","6733","事業所数","1人","761食堂，レストラン（専門料理店を除く）"
"004","0020","15390","00000","2016000000","21265","事業所数","1人","762専門料理店"
"004","0020","15400","00000","2016000000","5967","事業所数","1人","76A日本料理店"
"004","0020","15420","00000","2016000000","7205","事業所数","1人","76B中華料理店"
"004","0020","15450","00000","2016000000","1850","事業所数","1人","76C焼肉店"
"004","0020","15470","00000","2016000000","6243","事業所数","1人","76Dその他の専門料理店"
"004","0020","15500","00000","2016000000","4214","事業所数","1人","763そば・うどん店"
"004","0020","15520","00000","2016000000","3796","事業所数","1人","764すし店"
"004","0020","15540","00000","2016000000","17722","事業所数","1人","765酒場，ビヤホール"
"004","0020","15560","00000","2016000000","15030","事業所数","1人","766バー，キャバレー，ナイトクラブ"
"004","0020","15580","00000","2016000000","10033","事業所数","1人","767喫茶店"
"004","0020","15600","00000","2016000000","2533","事業所数","1人","769その他の飲食店"
"004","0020","15610","00000","2016000000","89","事業所数","1人","76Eハンバーガー店"
"004","0020","15630","00000","2016000000","2090","事業所数","1人","76Fお好み焼・焼きそば・たこ焼店"
"004","0020","15650","00000","2016000000","354","事業所数","1人","76G他に分類されない飲食店"
"004","0020","15670","00000","2016000000","3826","事業所数","1人","77持ち帰り・配達飲食サービス業"
"004","0020","15680","00000","2016000000","44","事業所数","1人","770管理，補助的経済活動を行う事業所"
"004","0020","15710","00000","2016000000","1138","事業所数","1人","771持ち帰り飲食サービス業"
"004","0020","15730","00000","2016000000","2644","事業所数","1人","772配達飲食サービス業"
"004","0020","15750","00000","2016000000","72602","事業所数","1人","N生活関連サービス業，娯楽業"
"004","0020","15760","00000","2016000000","60639","事業所数","1人","78洗濯・理容・美容・浴場業"
"004","0020","15770","00000","2016000000","98","事業所数","1人","780管理，補助的経済活動を行う事業所"
"004","0020","15800","00000","2016000000","7128","事業所数","1人","781洗濯業"
"004","0020","15810","00000","2016000000","6828","事業所数","1人","78A普通洗濯業"
"004","0020","15840","00000","2016000000","300","事業所数","1人","78Bリネンサプライ業"
"004","0020","15860","00000","2016000000","19000","事業所数","1人","782理容業"
"004","0020","15880","00000","2016000000","30344","事業所数","1人","783美容業"
"004","0020","15900","00000","2016000000","579","事業所数","1人","784一般公衆浴場業"
"004","0020","15920","00000","2016000000","175","事業所数","1人","785その他の公衆浴場業"
"004","0020","15940","00000","2016000000","3315","事業所数","1人","789その他の洗濯・理容・美容・浴場業"
"004","0020","16000","00000","2016000000","7460","事業所数","1人","79その他の生活関連サービス業"
"004","0020","16010","00000","2016000000","29","事業所数","1人","790管理，補助的経済活動を行う事業所"
"004","0020","16040","00000","2016000000","1097","事業所数","1人","791旅行業"
"004","0020","16070","00000","2016000000","734","事業所数","1人","793衣服裁縫修理業"
"004","0020","16090","00000","2016000000","416","事業所数","1人","794物品預り業"
"004","0020","16110","00000","2016000000","173","事業所数","1人","795火葬・墓地管理業"
"004","0020","16140","00000","2016000000","1487","事業所数","1人","796冠婚葬祭業"
"004","0020","16150","00000","2016000000","1376","事業所数","1人","79A葬儀業"
"004","0020","16170","00000","2016000000","50","事業所数","1人","79B結婚式場業"
"004","0020","16190","00000","2016000000","61","事業所数","1人","79C冠婚葬祭互助会"
"004","0020","16210","00000","2016000000","3524","事業所数","1人","799他に分類されない生活関連サービス業"
"004","0020","16220","00000","2016000000","607","事業所数","1人","79D写真プリント，現像・焼付業"
"004","0020","16240","00000","2016000000","2917","事業所数","1人","79E他に分類されないその他の生活関連サービス業"
"004","0020","16280","00000","2016000000","4489","事業所数","1人","80娯楽業"
"004","0020","16290","00000","2016000000","85","事業所数","1人","800管理，補助的経済活動を行う事業所"
"004","0020","16320","00000","2016000000","17","事業所数","1人","801映画館"
"004","0020","16340","00000","2016000000","496","事業所数","1人","802興行場（別掲を除く），興行団"
"004","0020","16400","00000","2016000000","69","事業所数","1人","803競輪・競馬等の競走場，競技団"
"004","0020","16470","00000","2016000000","1045","事業所数","1人","804スポーツ施設提供業"
"004","0020","16480","00000","2016000000","322","事業所数","1人","80Aスポーツ施設提供業（別掲を除く）"
"004","0020","16500","00000","2016000000","71","事業所数","1人","80B体育館"
"004","0020","16520","00000","2016000000","50","事業所数","1人","80Cゴルフ場"
"004","0020","16540","00000","2016000000","201","事業所数","1人","80Dゴルフ練習場"
"004","0020","16560","00000","2016000000","15","事業所数","1人","80Eボウリング場"
"004","0020","16580","00000","2016000000","76","事業所数","1人","80Fテニス場"
"004","0020","16600","00000","2016000000","70","事業所数","1人","80Gバッティング・テニス練習場"
"004","0020","16620","00000","2016000000","240","事業所数","1人","80Hフィットネスクラブ"
"004","0020","16640","00000","2016000000","102","事業所数","1人","805公園，遊園地"
"004","0020","16680","00000","2016000000","1139","事業所数","1人","806遊戯場"
"004","0020","16690","00000","2016000000","652","事業所数","1人","80Jマージャンクラブ"
"004","0020","16710","00000","2016000000","153","事業所数","1人","80Kパチンコホール"
"004","0020","16730","00000","2016000000","122","事業所数","1人","80Lゲームセンター"
"004","0020","16750","00000","2016000000","212","事業所数","1人","80Mその他の遊戯場"
"004","0020","16790","00000","2016000000","1536","事業所数","1人","809その他の娯楽業"
"004","0020","16800","00000","2016000000","474","事業所数","1人","80Nカラオケボックス業"
"004","0020","16820","00000","2016000000","1062","事業所数","1人","80P他に分類されない娯楽業"
"004","0020","16890","00000","2016000000","18147","事業所数","1人","O教育，学習支援業"
"004","0020","16900","00000","2016000000","403","事業所数","1人","O1教育，学習支援業（学校教育）"
"004","0020","16910","00000","2016000000","403","事業所数","1人","81学校教育"
"004","0020","16920","00000","2016000000","41","事業所数","1人","810管理，補助的経済活動を行う事業所"
"004","0020","16940","00000","2016000000","39","事業所数","1人","811幼稚園"
"004","0020","16960","00000","2016000000","4","事業所数","1人","819幼保連携型認定こども園"
"004","0020","16980","00000","2016000000","1","事業所数","1人","812小学校"
"004","0020","17000","00000","2016000000","5","事業所数","1人","813中学校"
"004","0020","17020","00000","2016000000","43","事業所数","1人","814高等学校，中等教育学校"
"004","0020","17070","00000","2016000000","140","事業所数","1人","816高等教育機関"
"004","0020","17110","00000","2016000000","128","事業所数","1人","817専修学校，各種学校"
"004","0020","17160","00000","2016000000","17744","事業所数","1人","O2教育，学習支援業（その他の教育，学習支援業）"
"004","0020","17170","00000","2016000000","17744","事業所数","1人","82その他の教育，学習支援業"
"004","0020","17180","00000","2016000000","61","事業所数","1人","820管理，補助的経済活動を行う事業所"
"004","0020","17210","00000","2016000000","467","事業所数","1人","821社会教育"
"004","0020","17220","00000","2016000000","120","事業所数","1人","82A公民館"
"004","0020","17240","00000","2016000000","42","事業所数","1人","82B図書館"
"004","0020","17260","00000","2016000000","234","事業所数","1人","82C博物館，美術館"
"004","0020","17280","00000","2016000000","22","事業所数","1人","82D動物園，植物園，水族館"
"004","0020","17300","00000","2016000000","49","事業所数","1人","82Eその他の社会教育"
"004","0020","17340","00000","2016000000","477","事業所数","1人","822職業・教育支援施設"
"004","0020","17380","00000","2016000000","7582","事業所数","1人","823学習塾"
"004","0020","17400","00000","2016000000","8615","事業所数","1人","824教養・技能教授業"
"004","0020","17410","00000","2016000000","1235","事業所数","1人","82F音楽教授業"
"004","0020","17430","00000","2016000000","707","事業所数","1人","82G書道教授業"
"004","0020","17450","00000","2016000000","109","事業所数","1人","82H生花・茶道教授業"
"004","0020","17470","00000","2016000000","1324","事業所数","1人","82Jそろばん教授業"
"004","0020","17490","00000","2016000000","1444","事業所数","1人","82K外国語会話教授業"
"004","0020","17510","00000","2016000000","1128","事業所数","1人","82Lスポーツ・健康教授業"
"004","0020","17530","00000","2016000000","2668","事業所数","1人","82Mその他の教養・技能教授業"
"004","0020","17550","00000","2016000000","534","事業所数","1人","829他に分類されない教育，学習支援業"
"004","0020","17570","00000","2016000000","29734","事業所数","1人","P医療，福祉"
"004","0020","17580","00000","2016000000","23028","事業所数","1人","83医療業"
"004","0020","17590","00000","2016000000","52","事業所数","1人","830管理，補助的経済活動を行う事業所"
"004","0020","17620","00000","2016000000","26","事業所数","1人","831病院"
"004","0020","17650","00000","2016000000","2591","事業所数","1人","832一般診療所"
"004","0020","17680","00000","2016000000","5517","事業所数","1人","833歯科診療所"
"004","0020","17700","00000","2016000000","134","事業所数","1人","834助産・看護業"
"004","0020","17710","00000","2016000000","45","事業所数","1人","83A助産所"
"004","0020","17730","00000","2016000000","89","事業所数","1人","83B看護業"
"004","0020","17750","00000","2016000000","13296","事業所数","1人","835療術業"
"004","0020","17780","00000","2016000000","1412","事業所数","1人","836医療に附帯するサービス業"
"004","0020","17790","00000","2016000000","1280","事業所数","1人","83C歯科技工所"
"004","0020","17810","00000","2016000000","132","事業所数","1人","83Dその他の医療に附帯するサービス業"
"004","0020","17830","00000","2016000000","236","事業所数","1人","84保健衛生"
"004","0020","17870","00000","2016000000","173","事業所数","1人","842健康相談施設"
"004","0020","17920","00000","2016000000","63","事業所数","1人","849その他の保健衛生"
"004","0020","17960","00000","2016000000","6466","事業所数","1人","85社会保険・社会福祉・介護事業"
"004","0020","17970","00000","2016000000","141","事業所数","1人","850管理，補助的経済活動を行う事業所"
"004","0020","18000","00000","2016000000","171","事業所数","1人","851社会保険事業団体"
"004","0020","18020","00000","2016000000","776","事業所数","1人","853児童福祉事業"
"004","0020","18030","00000","2016000000","345","事業所数","1人","85A保育所"
"004","0020","18050","00000","2016000000","431","事業所数","1人","85Bその他の児童福祉事業"
"004","0020","18070","00000","2016000000","3222","事業所数","1人","854老人福祉・介護事業"
"004","0020","18080","00000","2016000000","129","事業所数","1人","85C特別養護老人ホーム"
"004","0020","18100","00000","2016000000","23","事業所数","1人","85D介護老人保健施設"
"004","0020","18120","00000","2016000000","507","事業所数","1人","85E通所・短期入所介護事業"
"004","0020","18140","00000","2016000000","486","事業所数","1人","85F訪問介護事業"
"004","0020","18160","00000","2016000000","107","事業所数","1人","85G認知症老人グループホーム"
"004","0020","18180","00000","2016000000","184","事業所数","1人","85H有料老人ホーム"
"004","0020","18200","00000","2016000000","1786","事業所数","1人","85Jその他の老人福祉・介護事業"
"004","0020","18220","00000","2016000000","1642","事業所数","1人","855障害者福祉事業"
"004","0020","18250","00000","2016000000","514","事業所数","1人","859その他の社会保険・社会福祉・介護事業"
"004","0020","18260","00000","2016000000","29","事業所数","1人","85K更生保護事業"
"004","0020","18280","00000","2016000000","485","事業所数","1人","85L他に分類されない社会保険・社会福祉・介護事業"
"004","0020","18300","00000","2016000000","1771","事業所数","1人","Q複合サービス事業"
"004","0020","18310","00000","2016000000","1101","事業所数","1人","Q1複合サービス事業（郵便局）"
"004","0020","18320","00000","2016000000","1101","事業所数","1人","86郵便局"
"004","0020","18340","00000","2016000000","25","事業所数","1人","861郵便局"
"004","0020","18350","00000","2016000000","1076","事業所数","1人","862郵便局受託業"
"004","0020","18370","00000","2016000000","670","事業所数","1人","Q2複合サービス事業（協同組合）"
"004","0020","18380","00000","2016000000","670","事業所数","1人","87協同組合（他に分類されないもの）"
"004","0020","18390","00000","2016000000","19","事業所数","1人","870管理，補助的経済活動を行う事業所"
"004","0020","18410","00000","2016000000","320","事業所数","1人","871農林水産業協同組合（他に分類されないもの）"
"004","0020","18460","00000","2016000000","331","事業所数","1人","872事業協同組合（他に分類されないもの）"
"004","0020","18480","00000","2016000000","66687","事業所数","1人","Rサービス業（他に分類されないもの）"
"004","0020","18490","00000","2016000000","38588","事業所数","1人","R1サービス業（政治・経済・文化団体，宗教）"
"004","0020","18500","00000","2016000000","15339","事業所数","1人","93政治・経済・文化団体"
"004","0020","18510","00000","2016000000","6178","事業所数","1人","931経済団体"
"004","0020","18520","00000","2016000000","2103","事業所数","1人","932労働団体"
"004","0020","18530","00000","2016000000","298","事業所数","1人","933学術・文化団体"
"004","0020","18540","00000","2016000000","509","事業所数","1人","934政治団体"
"004","0020","18550","00000","2016000000","6251","事業所数","1人","939他に分類されない非営利的団体"
"004","0020","18560","00000","2016000000","23215","事業所数","1人","94宗教"
"004","0020","18570","00000","2016000000","2584","事業所数","1人","941神道系宗教"
"004","0020","18580","00000","2016000000","14492","事業所数","1人","942仏教系宗教"
"004","0020","18590","00000","2016000000","2794","事業所数","1人","943キリスト教系宗教"
"004","0020","18600","00000","2016000000","3345","事業所数","1人","949その他の宗教"
"004","0020","18610","00000","2016000000","28099","事業所数","1人","R2サービス業（政治・経済・文化団体，宗教を除く）"
"004","0020","18620","00000","2016000000","1928","事業所数","1人","88廃棄物処理業"
"004","0020","18630","00000","2016000000","53","事業所数","1人","880管理，補助的経済活動を行う事業所"
"004","0020","18660","00000","2016000000","981","事業所数","1人","881一般廃棄物処理業"
"004","0020","18730","00000","2016000000","891","事業所数","1人","882産業廃棄物処理業"
"004","0020","18780","00000","2016000000","3","事業所数","1人","889その他の廃棄物処理業"
"004","0020","18810","00000","2016000000","9992","事業所数","1人","89自動車整備業"
"004","0020","18820","00000","2016000000","23","事業所数","1人","890管理，補助的経済活動を行う事業所"
"004","0020","18840","00000","2016000000","9969","事業所数","1人","891自動車整備業"
"004","0020","18870","00000","2016000000","4600","事業所数","1人","90機械等修理業（別掲を除く）"
"004","0020","18880","00000","2016000000","28","事業所数","1人","900管理，補助的経済活動を行う事業所"
"004","0020","18910","00000","2016000000","2178","事業所数","1人","901機械修理業（電気機械器具を除く）"
"004","0020","18940","00000","2016000000","960","事業所数","1人","902電気機械器具修理業"
"004","0020","18960","00000","2016000000","365","事業所数","1人","903表具業"
"004","0020","18980","00000","2016000000","1069","事業所数","1人","909その他の修理業"
"004","0020","19040","00000","2016000000","1602","事業所数","1人","91職業紹介・労働者派遣業"
"004","0020","19050","00000","2016000000","30","事業所数","1人","910管理，補助的経済活動を行う事業所"
"004","0020","19080","00000","2016000000","725","事業所数","1人","911職業紹介業"
"004","0020","19100","00000","2016000000","847","事業所数","1人","912労働者派遣業"
"004","0020","19120","00000","2016000000","9249","事業所数","1人","92その他の事業サービス業"
"004","0020","19130","00000","2016000000","94","事業所数","1人","920管理，補助的経済活動を行う事業所"
"004","0020","19160","00000","2016000000","206","事業所数","1人","921速記・ワープロ入力・複写業"
"004","0020","19190","00000","2016000000","3328","事業所数","1人","922建物サービス業"
"004","0020","19220","00000","2016000000","298","事業所数","1人","923警備業"
"004","0020","19240","00000","2016000000","5323","事業所数","1人","929他に分類されない事業サービス業"
"004","0020","19300","00000","2016000000","585","事業所数","1人","95その他のサービス業"
"004","0020","19310","00000","2016000000","2","事業所数","1人","950管理，補助的経済活動を行う事業所"
"004","0020","19330","00000","2016000000","528","事業所数","1人","951集会場"
"004","0020","19350","00000","2016000000","2","事業所数","1人","952と畜場"
"004","0020","19370","00000","2016000000","53","事業所数","1人","959他に分類されないサービス業"
"004","0030","00010","00000","2016000000","514074","事業所数","2人","A～R全産業（Ｓ公務を除く）"
"004","0030","00020","00000","2016000000","3800","事業所数","2人","A～B農林漁業"
"004","0030","00030","00000","2016000000","3440","事業所数","2人","A農業，林業"
"004","0030","00040","00000","2016000000","3184","事業所数","2人","01農業"
"004","0030","00050","00000","2016000000","19","事業所数","2人","010管理，補助的経済活動を行う事業所"
"004","0030","00080","00000","2016000000","1130","事業所数","2人","011耕種農業"
"004","0030","00170","00000","2016000000","880","事業所数","2人","012畜産農業"
"004","0030","00250","00000","2016000000","825","事業所数","2人","013農業サービス業（園芸サービス業を除く）"
"004","0030","00300","00000","2016000000","330","事業所数","2人","014園芸サービス業"
"004","0030","00320","00000","2016000000","256","事業所数","2人","02林業"
"004","0030","00360","00000","2016000000","105","事業所数","2人","021育林業"
"004","0030","00380","00000","2016000000","42","事業所数","2人","022素材生産業"
"004","0030","00400","00000","2016000000","7","事業所数","2人","023特用林産物生産業（きのこ類の栽培を除く）"
"004","0030","00430","00000","2016000000","98","事業所数","2人","024林業サービス業"
"004","0030","00480","00000","2016000000","4","事業所数","2人","029その他の林業"
"004","0030","00500","00000","2016000000","352","事業所数","2人","B漁業"
"004","0030","00510","00000","2016000000","97","事業所数","2人","03漁業（水産養殖業を除く）"
"004","0030","00520","00000","2016000000","1","事業所数","2人","030管理，補助的経済活動を行う事業所"
"004","0030","00550","00000","2016000000","83","事業所数","2人","031海面漁業"
"004","0030","00650","00000","2016000000","13","事業所数","2人","032内水面漁業"
"004","0030","00670","00000","2016000000","255","事業所数","2人","04水産養殖業"
"004","0030","00710","00000","2016000000","124","事業所数","2人","041海面養殖業"
"004","0030","00780","00000","2016000000","131","事業所数","2人","042内水面養殖業"
"004","0030","00800","00000","2016000000","510274","事業所数","2人","C～R非農林漁業（Ｓ公務を除く）"
"004","0030","00810","00000","2016000000","196","事業所数","2人","C鉱業，採石業，砂利採取業"
"004","0030","00820","00000","2016000000","196","事業所数","2人","05鉱業，採石業，砂利採取業"
"004","0030","00830","00000","2016000000","20","事業所数","2人","050管理，補助的経済活動を行う事業所"
"004","0030","00860","00000","2016000000","1","事業所数","2人","051金属鉱業"
"004","0030","00940","00000","2016000000","2","事業所数","2人","053原油・天然ガス鉱業"
"004","0030","00970","00000","2016000000","152","事業所数","2人","054採石業，砂・砂利・玉石採取業"
"004","0030","01070","00000","2016000000","16","事業所数","2人","055窯業原料用鉱物鉱業（耐火物・陶磁器・ガラス・セメント原料用に限る）"
"004","0030","01160","00000","2016000000","5","事業所数","2人","059その他の鉱業"
"004","0030","01220","00000","2016000000","59599","事業所数","2人","D建設業"
"004","0030","01230","00000","2016000000","25743","事業所数","2人","06総合工事業"
"004","0030","01240","00000","2016000000","97","事業所数","2人","060管理，補助的経済活動を行う事業所"
"004","0030","01250","00000","2016000000","950","事業所数","2人","061一般土木建築工事業"
"004","0030","01260","00000","2016000000","7727","事業所数","2人","062土木工事業（舗装工事業を除く）"
"004","0030","01270","00000","2016000000","438","事業所数","2人","063舗装工事業"
"004","0030","01280","00000","2016000000","6630","事業所数","2人","064建築工事業（木造建築工事業を除く)"
"004","0030","01290","00000","2016000000","6587","事業所数","2人","065木造建築工事業"
"004","0030","01300","00000","2016000000","3314","事業所数","2人","066建築リフォーム工事業"
"004","0030","01310","00000","2016000000","18522","事業所数","2人","07職別工事業（設備工事業を除く）"
"004","0030","01320","00000","2016000000","62","事業所数","2人","070管理，補助的経済活動を行う事業所"
"004","0030","01330","00000","2016000000","1819","事業所数","2人","071大工工事業"
"004","0030","01340","00000","2016000000","2367","事業所数","2人","072とび・土工・コンクリート工事業"
"004","0030","01350","00000","2016000000","926","事業所数","2人","073鉄骨・鉄筋工事業"
"004","0030","01360","00000","2016000000","871","事業所数","2人","074石工・れんが・タイル・ブロック工事業"
"004","0030","01370","00000","2016000000","1258","事業所数","2人","075左官工事業"
"004","0030","01380","00000","2016000000","1973","事業所数","2人","076板金・金物工事業"
"004","0030","01390","00000","2016000000","3116","事業所数","2人","077塗装工事業"
"004","0030","01400","00000","2016000000","2967","事業所数","2人","078床・内装工事業"
"004","0030","01410","00000","2016000000","3163","事業所数","2人","079その他の職別工事業"
"004","0030","01420","00000","2016000000","15307","事業所数","2人","08設備工事業"
"004","0030","01430","00000","2016000000","46","事業所数","2人","080管理，補助的経済活動を行う事業所"
"004","0030","01440","00000","2016000000","6409","事業所数","2人","081電気工事業"
"004","0030","01450","00000","2016000000","948","事業所数","2人","082電気通信・信号装置工事業"
"004","0030","01460","00000","2016000000","6037","事業所数","2人","083管工事業（さく井工事業を除く）"
"004","0030","01470","00000","2016000000","1045","事業所数","2人","084機械器具設置工事業"
"004","0030","01480","00000","2016000000","822","事業所数","2人","089その他の設備工事業"
"004","0030","01490","00000","2016000000","43327","事業所数","2人","E製造業"
"004","0030","01500","00000","2016000000","3783","事業所数","2人","09食料品製造業"
"004","0030","01510","00000","2016000000","60","事業所数","2人","090管理，補助的経済活動を行う事業所"
"004","0030","01540","00000","2016000000","169","事業所数","2人","091畜産食料品製造業"
"004","0030","01600","00000","2016000000","589","事業所数","2人","092水産食料品製造業"
"004","0030","01680","00000","2016000000","221","事業所数","2人","093野菜缶詰・果実缶詰・農産保存食料品製造業"
"004","0030","01710","00000","2016000000","275","事業所数","2人","094調味料製造業"
"004","0030","01770","00000","2016000000","12","事業所数","2人","095糖類製造業"
"004","0030","01810","00000","2016000000","120","事業所数","2人","096精穀・製粉業"
"004","0030","01850","00000","2016000000","772","事業所数","2人","097パン・菓子製造業"
"004","0030","01910","00000","2016000000","23","事業所数","2人","098動植物油脂製造業"
"004","0030","01940","00000","2016000000","1542","事業所数","2人","099その他の食料品製造業"
"004","0030","02040","00000","2016000000","831","事業所数","2人","10飲料・たばこ・飼料製造業"
"004","0030","02050","00000","2016000000","12","事業所数","2人","100管理，補助的経済活動を行う事業所"
"004","0030","02080","00000","2016000000","62","事業所数","2人","101清涼飲料製造業"
"004","0030","02100","00000","2016000000","193","事業所数","2人","102酒類製造業"
"004","0030","02150","00000","2016000000","339","事業所数","2人","103茶・コーヒー製造業（清涼飲料を除く）"
"004","0030","02180","00000","2016000000","43","事業所数","2人","104製氷業"
"004","0030","02240","00000","2016000000","182","事業所数","2人","106飼料・有機質肥料製造業"
"004","0030","02280","00000","2016000000","3840","事業所数","2人","11繊維工業"
"004","0030","02290","00000","2016000000","25","事業所数","2人","110管理，補助的経済活動を行う事業所"
"004","0030","02320","00000","2016000000","199","事業所数","2人","111製糸業，紡績業，化学繊維・ねん糸等製造業"
"004","0030","02420","00000","2016000000","495","事業所数","2人","112織物業"
"004","0030","02490","00000","2016000000","110","事業所数","2人","113ニット生地製造業"
"004","0030","02530","00000","2016000000","296","事業所数","2人","114染色整理業"
"004","0030","02620","00000","2016000000","276","事業所数","2人","115綱・網・レース・繊維粗製品製造業"
"004","0030","02720","00000","2016000000","1040","事業所数","2人","116外衣・シャツ製造業（和式を除く）"
"004","0030","02820","00000","2016000000","52","事業所数","2人","117下着類製造業"
"004","0030","02870","00000","2016000000","403","事業所数","2人","118和装製品・その他の衣服・繊維製身の回り品製造業"
"004","0030","02950","00000","2016000000","944","事業所数","2人","119その他の繊維製品製造業"
"004","0030","03050","00000","2016000000","1407","事業所数","2人","12木材・木製品製造業（家具を除く）"
"004","0030","03060","00000","2016000000","23","事業所数","2人","120管理，補助的経済活動を行う事業所"
"004","0030","03090","00000","2016000000","702","事業所数","2人","121製材業，木製品製造業"
"004","0030","03140","00000","2016000000","259","事業所数","2人","122造作材・合板・建築用組立材料製造業"
"004","0030","03230","00000","2016000000","136","事業所数","2人","123木製容器製造業（竹，とうを含む）"
"004","0030","03270","00000","2016000000","287","事業所数","2人","129その他の木製品製造業（竹，とうを含む)"
"004","0030","03310","00000","2016000000","2497","事業所数","2人","13家具・装備品製造業"
"004","0030","03320","00000","2016000000","14","事業所数","2人","130管理，補助的経済活動を行う事業所"
"004","0030","03350","00000","2016000000","1068","事業所数","2人","131家具製造業"
"004","0030","03390","00000","2016000000","176","事業所数","2人","132宗教用具製造業"
"004","0030","03410","00000","2016000000","981","事業所数","2人","133建具製造業"
"004","0030","03430","00000","2016000000","258","事業所数","2人","139その他の家具・装備品製造業"
"004","0030","03480","00000","2016000000","983","事業所数","2人","14パルプ・紙・紙加工品製造業"
"004","0030","03490","00000","2016000000","19","事業所数","2人","140管理，補助的経済活動を行う事業所"
"004","0030","03520","00000","2016000000","3","事業所数","2人","141パルプ製造業"
"004","0030","03540","00000","2016000000","43","事業所数","2人","142紙製造業"
"004","0030","03580","00000","2016000000","40","事業所数","2人","143加工紙製造業"
"004","0030","03620","00000","2016000000","193","事業所数","2人","144紙製品製造業"
"004","0030","03660","00000","2016000000","539","事業所数","2人","145紙製容器製造業"
"004","0030","03710","00000","2016000000","146","事業所数","2人","149その他のパルプ・紙・紙加工品製造業"
"004","0030","03730","00000","2016000000","3373","事業所数","2人","15印刷・同関連業"
"004","0030","03740","00000","2016000000","25","事業所数","2人","150管理，補助的経済活動を行う事業所"
"004","0030","03770","00000","2016000000","2673","事業所数","2人","151印刷業"
"004","0030","03810","00000","2016000000","134","事業所数","2人","152製版業"
"004","0030","03830","00000","2016000000","501","事業所数","2人","153製本業，印刷物加工業"
"004","0030","03860","00000","2016000000","40","事業所数","2人","159印刷関連サービス業"
"004","0030","03880","00000","2016000000","563","事業所数","2人","16化学工業"
"004","0030","03890","00000","2016000000","43","事業所数","2人","160管理，補助的経済活動を行う事業所"
"004","0030","03920","00000","2016000000","14","事業所数","2人","161化学肥料製造業"
"004","0030","03960","00000","2016000000","79","事業所数","2人","162無機化学工業製品製造業"
"004","0030","04020","00000","2016000000","43","事業所数","2人","163有機化学工業製品製造業"
"004","0030","04100","00000","2016000000","111","事業所数","2人","164油脂加工製品・石けん・合成洗剤・界面活性剤・塗料製造業"
"004","0030","04180","00000","2016000000","42","事業所数","2人","165医薬品製造業"
"004","0030","04240","00000","2016000000","80","事業所数","2人","166化粧品・歯磨・その他の化粧用調整品製造業"
"004","0030","04280","00000","2016000000","151","事業所数","2人","169その他の化学工業"
"004","0030","04370","00000","2016000000","140","事業所数","2人","17石油製品・石炭製品製造業"
"004","0030","04380","00000","2016000000","2","事業所数","2人","170管理，補助的経済活動を行う事業所"
"004","0030","04410","00000","2016000000","3","事業所数","2人","171石油精製業"
"004","0030","04430","00000","2016000000","9","事業所数","2人","172潤滑油・グリース製造業（石油精製業によらないもの）"
"004","0030","04470","00000","2016000000","108","事業所数","2人","174舗装材料製造業"
"004","0030","04490","00000","2016000000","18","事業所数","2人","179その他の石油製品・石炭製品製造業"
"004","0030","04510","00000","2016000000","1963","事業所数","2人","18プラスチック製品製造業（別掲を除く）"
"004","0030","04520","00000","2016000000","61","事業所数","2人","180管理，補助的経済活動を行う事業所"
"004","0030","04550","00000","2016000000","212","事業所数","2人","181プラスチック板・棒・管・継手・異形押出製品製造業"
"004","0030","04610","00000","2016000000","284","事業所数","2人","182プラスチックフィルム・シート・床材・合成皮革製造業"
"004","0030","04670","00000","2016000000","557","事業所数","2人","183工業用プラスチック製品製造業"
"004","0030","04720","00000","2016000000","139","事業所数","2人","184発泡・強化プラスチック製品製造業"
"004","0030","04780","00000","2016000000","158","事業所数","2人","185プラスチック成形材料製造業（廃プラスチックを含む）"
"004","0030","04810","00000","2016000000","552","事業所数","2人","189その他のプラスチック製品製造業"
"004","0030","04860","00000","2016000000","454","事業所数","2人","19ゴム製品製造業"
"004","0030","04870","00000","2016000000","19","事業所数","2人","190管理，補助的経済活動を行う事業所"
"004","0030","04900","00000","2016000000","3","事業所数","2人","191タイヤ・チューブ製造業"
"004","0030","04930","00000","2016000000","68","事業所数","2人","192ゴム製・プラスチック製履物・同附属品製造業"
"004","0030","04960","00000","2016000000","286","事業所数","2人","193ゴムベルト・ゴムホース・工業用ゴム製品製造業"
"004","0030","05000","00000","2016000000","78","事業所数","2人","199その他のゴム製品製造業"
"004","0030","05070","00000","2016000000","509","事業所数","2人","20なめし革・同製品・毛皮製造業"
"004","0030","05080","00000","2016000000","2","事業所数","2人","200管理，補助的経済活動を行う事業所"
"004","0030","05110","00000","2016000000","45","事業所数","2人","201なめし革製造業"
"004","0030","05130","00000","2016000000","11","事業所数","2人","202工業用革製品製造業（手袋を除く）"
"004","0030","05150","00000","2016000000","44","事業所数","2人","203革製履物用材料・同附属品製造業"
"004","0030","05170","00000","2016000000","86","事業所数","2人","204革製履物製造業"
"004","0030","05190","00000","2016000000","2","事業所数","2人","205革製手袋製造業"
"004","0030","05210","00000","2016000000","110","事業所数","2人","206かばん製造業"
"004","0030","05230","00000","2016000000","181","事業所数","2人","207袋物製造業"
"004","0030","05280","00000","2016000000","28","事業所数","2人","209その他のなめし革製品製造業"
"004","0030","05300","00000","2016000000","1790","事業所数","2人","21窯業・土石製品製造業"
"004","0030","05310","00000","2016000000","53","事業所数","2人","210管理，補助的経済活動を行う事業所"
"004","0030","05340","00000","2016000000","151","事業所数","2人","211ガラス・同製品製造業"
"004","0030","05430","00000","2016000000","282","事業所数","2人","212セメント・同製品製造業"
"004","0030","05480","00000","2016000000","49","事業所数","2人","213建設用粘土製品製造業（陶磁器製を除く)"
"004","0030","05520","00000","2016000000","499","事業所数","2人","214陶磁器・同関連製品製造業"
"004","0030","05620","00000","2016000000","15","事業所数","2人","215耐火物製造業"
"004","0030","05660","00000","2016000000","17","事業所数","2人","216炭素・黒鉛製品製造業"
"004","0030","05690","00000","2016000000","34","事業所数","2人","217研磨材・同製品製造業"
"004","0030","05740","00000","2016000000","539","事業所数","2人","218骨材・石工品等製造業"
"004","0030","05810","00000","2016000000","151","事業所数","2人","219その他の窯業・土石製品製造業"
"004","0030","05870","00000","2016000000","791","事業所数","2人","22鉄鋼業"
"004","0030","05880","00000","2016000000","15","事業所数","2人","220管理，補助的経済活動を行う事業所"
"004","0030","05910","00000","2016000000","9","事業所数","2人","221製鉄業"
"004","0030","05950","00000","2016000000","1","事業所数","2人","222製鋼・製鋼圧延業"
"004","0030","05970","00000","2016000000","12","事業所数","2人","223製鋼を行わない鋼材製造業（表面処理鋼材を除く）"
"004","0030","06070","00000","2016000000","5","事業所数","2人","224表面処理鋼材製造業"
"004","0030","06100","00000","2016000000","168","事業所数","2人","225鉄素形材製造業"
"004","0030","06160","00000","2016000000","581","事業所数","2人","229その他の鉄鋼業"
"004","0030","06210","00000","2016000000","482","事業所数","2人","23非鉄金属製造業"
"004","0030","06220","00000","2016000000","11","事業所数","2人","230管理，補助的経済活動を行う事業所"
"004","0030","06250","00000","2016000000","3","事業所数","2人","231非鉄金属第１次製錬・精製業"
"004","0030","06290","00000","2016000000","70","事業所数","2人","232非鉄金属第２次製錬・精製業（非鉄金属合金製造業を含む）"
"004","0030","06330","00000","2016000000","60","事業所数","2人","233非鉄金属・同合金圧延業（抽伸，押出しを含む）"
"004","0030","06370","00000","2016000000","45","事業所数","2人","234電線・ケーブル製造業"
"004","0030","06400","00000","2016000000","233","事業所数","2人","235非鉄金属素形材製造業"
"004","0030","06460","00000","2016000000","60","事業所数","2人","239その他の非鉄金属製造業"
"004","0030","06490","00000","2016000000","6340","事業所数","2人","24金属製品製造業"
"004","0030","06500","00000","2016000000","99","事業所数","2人","240管理，補助的経済活動を行う事業所"
"004","0030","06530","00000","2016000000","29","事業所数","2人","241ブリキ缶・その他のめっき板等製品製造業"
"004","0030","06550","00000","2016000000","636","事業所数","2人","242洋食器・刃物・手道具・金物類製造業"
"004","0030","06630","00000","2016000000","208","事業所数","2人","243暖房・調理等装置，配管工事用附属品製造業"
"004","0030","06680","00000","2016000000","2828","事業所数","2人","244建設用・建築用金属製品製造業（製缶板金業を含む)"
"004","0030","06750","00000","2016000000","746","事業所数","2人","245金属素形材製品製造業"
"004","0030","06790","00000","2016000000","867","事業所数","2人","246金属被覆・彫刻業，熱処理業（ほうろう鉄器を除く）"
"004","0030","06860","00000","2016000000","137","事業所数","2人","247金属線製品製造業（ねじ類を除く)"
"004","0030","06890","00000","2016000000","345","事業所数","2人","248ボルト・ナット・リベット・小ねじ・木ねじ等製造業"
"004","0030","06910","00000","2016000000","445","事業所数","2人","249その他の金属製品製造業"
"004","0030","06950","00000","2016000000","1520","事業所数","2人","25はん用機械器具製造業"
"004","0030","06960","00000","2016000000","27","事業所数","2人","250管理，補助的経済活動を行う事業所"
"004","0030","06990","00000","2016000000","53","事業所数","2人","251ボイラ・原動機製造業"
"004","0030","07040","00000","2016000000","238","事業所数","2人","252ポンプ・圧縮機器製造業"
"004","0030","07080","00000","2016000000","451","事業所数","2人","253一般産業用機械・装置製造業"
"004","0030","07140","00000","2016000000","751","事業所数","2人","259その他のはん用機械・同部分品製造業"
"004","0030","07220","00000","2016000000","4161","事業所数","2人","26生産用機械器具製造業"
"004","0030","07230","00000","2016000000","63","事業所数","2人","260管理，補助的経済活動を行う事業所"
"004","0030","07260","00000","2016000000","115","事業所数","2人","261農業用機械製造業（農業用器具を除く）"
"004","0030","07280","00000","2016000000","192","事業所数","2人","262建設機械・鉱山機械製造業"
"004","0030","07300","00000","2016000000","100","事業所数","2人","263繊維機械製造業"
"004","0030","07360","00000","2016000000","456","事業所数","2人","264生活関連産業用機械製造業"
"004","0030","07420","00000","2016000000","245","事業所数","2人","265基礎素材産業用機械製造業"
"004","0030","07460","00000","2016000000","1487","事業所数","2人","266金属加工機械製造業"
"004","0030","07510","00000","2016000000","168","事業所数","2人","267半導体・フラットパネルディスプレイ製造装置製造業"
"004","0030","07540","00000","2016000000","1335","事業所数","2人","269その他の生産用機械・同部分品製造業"
"004","0030","07600","00000","2016000000","865","事業所数","2人","27業務用機械器具製造業"
"004","0030","07610","00000","2016000000","29","事業所数","2人","270管理，補助的経済活動を行う事業所"
"004","0030","07640","00000","2016000000","49","事業所数","2人","271事務用機械器具製造業"
"004","0030","07670","00000","2016000000","131","事業所数","2人","272サービス用・娯楽用機械器具製造業"
"004","0030","07720","00000","2016000000","331","事業所数","2人","273計量器・測定器・分析機器・試験機・測量機械器具・理化学機械器具製造業"
"004","0030","07820","00000","2016000000","228","事業所数","2人","274医療用機械器具・医療用品製造業"
"004","0030","07870","00000","2016000000","93","事業所数","2人","275光学機械器具・レンズ製造業"
"004","0030","07910","00000","2016000000","4","事業所数","2人","276武器製造業"
"004","0030","07930","00000","2016000000","530","事業所数","2人","28電子部品・デバイス・電子回路製造業"
"004","0030","07940","00000","2016000000","19","事業所数","2人","280管理，補助的経済活動を行う事業所"
"004","0030","07970","00000","2016000000","17","事業所数","2人","281電子デバイス製造業"
"004","0030","08030","00000","2016000000","116","事業所数","2人","282電子部品製造業"
"004","0030","08070","00000","2016000000","3","事業所数","2人","283記録メディア製造業"
"004","0030","08100","00000","2016000000","135","事業所数","2人","284電子回路製造業"
"004","0030","08130","00000","2016000000","19","事業所数","2人","285ユニット部品製造業"
"004","0030","08160","00000","2016000000","221","事業所数","2人","289その他の電子部品・デバイス・電子回路製造業"
"004","0030","08180","00000","2016000000","1399","事業所数","2人","29電気機械器具製造業"
"004","0030","08190","00000","2016000000","35","事業所数","2人","290管理，補助的経済活動を行う事業所"
"004","0030","08220","00000","2016000000","712","事業所数","2人","291発電用・送電用・配電用電気機械器具製造業"
"004","0030","08280","00000","2016000000","166","事業所数","2人","292産業用電気機械器具製造業"
"004","0030","08320","00000","2016000000","126","事業所数","2人","293民生用電気機械器具製造業"
"004","0030","08370","00000","2016000000","94","事業所数","2人","294電球・電気照明器具製造業"
"004","0030","08400","00000","2016000000","12","事業所数","2人","295電池製造業"
"004","0030","08430","00000","2016000000","85","事業所数","2人","296電子応用装置製造業"
"004","0030","08470","00000","2016000000","117","事業所数","2人","297電気計測器製造業"
"004","0030","08510","00000","2016000000","52","事業所数","2人","299その他の電気機械器具製造業"
"004","0030","08530","00000","2016000000","179","事業所数","2人","30情報通信機械器具製造業"
"004","0030","08540","00000","2016000000","9","事業所数","2人","300管理，補助的経済活動を行う事業所"
"004","0030","08570","00000","2016000000","50","事業所数","2人","301通信機械器具・同関連機械器具製造業"
"004","0030","08640","00000","2016000000","58","事業所数","2人","302映像・音響機械器具製造業"
"004","0030","08680","00000","2016000000","62","事業所数","2人","303電子計算機・同附属装置製造業"
"004","0030","08750","00000","2016000000","1533","事業所数","2人","31輸送用機械器具製造業"
"004","0030","08760","00000","2016000000","54","事業所数","2人","310管理，補助的経済活動を行う事業所"
"004","0030","08790","00000","2016000000","897","事業所数","2人","311自動車・同附属品製造業"
"004","0030","08830","00000","2016000000","58","事業所数","2人","312鉄道車両・同部分品製造業"
"004","0030","08860","00000","2016000000","352","事業所数","2人","313船舶製造・修理業，舶用機関製造業"
"004","0030","08910","00000","2016000000","33","事業所数","2人","314航空機・同附属品製造業"
"004","0030","08950","00000","2016000000","47","事業所数","2人","315産業用運搬車両・同部分品・附属品製造業"
"004","0030","08980","00000","2016000000","92","事業所数","2人","319その他の輸送用機械器具製造業"
"004","0030","09010","00000","2016000000","3368","事業所数","2人","32その他の製造業"
"004","0030","09020","00000","2016000000","30","事業所数","2人","320管理，補助的経済活動を行う事業所"
"004","0030","09050","00000","2016000000","197","事業所数","2人","321貴金属・宝石製品製造業"
"004","0030","09090","00000","2016000000","159","事業所数","2人","322装身具・装飾品・ボタン・同関連品製造業（貴金属・宝石製を除く）"
"004","0030","09150","00000","2016000000","21","事業所数","2人","323時計・同部分品製造業"
"004","0030","09170","00000","2016000000","58","事業所数","2人","324楽器製造業"
"004","0030","09200","00000","2016000000","323","事業所数","2人","325がん具・運動用具製造業"
"004","0030","09210","00000","2016000000","194","事業所数","2人","32Aがん具製造業"
"004","0030","09240","00000","2016000000","129","事業所数","2人","32B運動用具製造業"
"004","0030","09260","00000","2016000000","130","事業所数","2人","326ペン・鉛筆・絵画用品・その他の事務用品製造業"
"004","0030","09300","00000","2016000000","120","事業所数","2人","327漆器製造業"
"004","0030","09320","00000","2016000000","608","事業所数","2人","328畳等生活雑貨製品製造業"
"004","0030","09390","00000","2016000000","1722","事業所数","2人","329他に分類されない製造業"
"004","0030","09400","00000","2016000000","17","事業所数","2人","32C情報記録物製造業（新聞，書籍等の印刷物を除く）"
"004","0030","09420","00000","2016000000","1705","事業所数","2人","32D他に分類されないその他の製造業"
"004","0030","09500","00000","2016000000","246","事業所数","2人","F電気・ガス・熱供給・水道業"
"004","0030","09510","00000","2016000000","89","事業所数","2人","33電気業"
"004","0030","09520","00000","2016000000","19","事業所数","2人","330管理，補助的経済活動を行う事業所"
"004","0030","09530","00000","2016000000","70","事業所数","2人","331電気業"
"004","0030","09540","00000","2016000000","22","事業所数","2人","34ガス業"
"004","0030","09550","00000","2016000000","6","事業所数","2人","340管理，補助的経済活動を行う事業所"
"004","0030","09560","00000","2016000000","16","事業所数","2人","341ガス業"
"004","0030","09570","00000","2016000000","18","事業所数","2人","35熱供給業"
"004","0030","09590","00000","2016000000","18","事業所数","2人","351熱供給業"
"004","0030","09600","00000","2016000000","116","事業所数","2人","36水道業"
"004","0030","09610","00000","2016000000","10","事業所数","2人","360管理，補助的経済活動を行う事業所"
"004","0030","09620","00000","2016000000","26","事業所数","2人","361上水道業"
"004","0030","09630","00000","2016000000","2","事業所数","2人","362工業用水道業"
"004","0030","09640","00000","2016000000","78","事業所数","2人","363下水道業"
"004","0030","09650","00000","2016000000","5586","事業所数","2人","G情報通信業"
"004","0030","09660","00000","2016000000","2331","事業所数","2人","G1情報通信業（通信業，放送業，映像・音声・文字情報制作業）"
"004","0030","09670","00000","2016000000","188","事業所数","2人","37通信業"
"004","0030","09690","00000","2016000000","63","事業所数","2人","371固定電気通信業"
"004","0030","09700","00000","2016000000","17","事業所数","2人","372移動電気通信業"
"004","0030","09710","00000","2016000000","108","事業所数","2人","373電気通信に附帯するサービス業"
"004","0030","09720","00000","2016000000","155","事業所数","2人","38放送業"
"004","0030","09730","00000","2016000000","1","事業所数","2人","380管理，補助的経済活動を行う事業所"
"004","0030","09740","00000","2016000000","2","事業所数","2人","381公共放送業（有線放送業を除く）"
"004","0030","09750","00000","2016000000","105","事業所数","2人","382民間放送業（有線放送業を除く）"
"004","0030","09770","00000","2016000000","47","事業所数","2人","383有線放送業"
"004","0030","09780","00000","2016000000","1982","事業所数","2人","41映像・音声・文字情報制作業"
"004","0030","09790","00000","2016000000","6","事業所数","2人","410管理，補助的経済活動を行う事業所"
"004","0030","09800","00000","2016000000","403","事業所数","2人","411映像情報制作・配給業"
"004","0030","09810","00000","2016000000","77","事業所数","2人","412音声情報制作業"
"004","0030","09820","00000","2016000000","144","事業所数","2人","413新聞業"
"004","0030","09830","00000","2016000000","451","事業所数","2人","414出版業"
"004","0030","09840","00000","2016000000","304","事業所数","2人","415広告制作業"
"004","0030","09850","00000","2016000000","597","事業所数","2人","416映像・音声・文字情報制作に附帯するサービス業"
"004","0030","09860","00000","2016000000","3255","事業所数","2人","G2情報通信業（情報サービス業，インターネット附随サービス業）"
"004","0030","09870","00000","2016000000","2692","事業所数","2人","39情報サービス業"
"004","0030","09880","00000","2016000000","19","事業所数","2人","390管理，補助的経済活動を行う事業所"
"004","0030","09910","00000","2016000000","2086","事業所数","2人","391ソフトウェア業"
"004","0030","09960","00000","2016000000","587","事業所数","2人","392情報処理・提供サービス業"
"004","0030","09970","00000","2016000000","370","事業所数","2人","39A情報処理サービス業"
"004","0030","09990","00000","2016000000","82","事業所数","2人","39B情報提供サービス業"
"004","0030","10010","00000","2016000000","135","事業所数","2人","39Cその他の情報処理・提供サービス業"
"004","0030","10040","00000","2016000000","562","事業所数","2人","40インターネット附随サービス業"
"004","0030","10080","00000","2016000000","562","事業所数","2人","401インターネット附随サービス業"
"004","0030","10120","00000","2016000000","6545","事業所数","2人","H運輸業，郵便業"
"004","0030","10130","00000","2016000000","164","事業所数","2人","42鉄道業"
"004","0030","10140","00000","2016000000","1","事業所数","2人","420管理，補助的経済活動を行う事業所"
"004","0030","10150","00000","2016000000","163","事業所数","2人","421鉄道業"
"004","0030","10160","00000","2016000000","645","事業所数","2人","43道路旅客運送業"
"004","0030","10170","00000","2016000000","9","事業所数","2人","430管理，補助的経済活動を行う事業所"
"004","0030","10180","00000","2016000000","84","事業所数","2人","431一般乗合旅客自動車運送業"
"004","0030","10190","00000","2016000000","417","事業所数","2人","432一般乗用旅客自動車運送業"
"004","0030","10200","00000","2016000000","112","事業所数","2人","433一般貸切旅客自動車運送業"
"004","0030","10210","00000","2016000000","23","事業所数","2人","439その他の道路旅客運送業"
"004","0030","10220","00000","2016000000","2881","事業所数","2人","44道路貨物運送業"
"004","0030","10230","00000","2016000000","69","事業所数","2人","440管理，補助的経済活動を行う事業所"
"004","0030","10240","00000","2016000000","2254","事業所数","2人","441一般貨物自動車運送業"
"004","0030","10250","00000","2016000000","153","事業所数","2人","442特定貨物自動車運送業"
"004","0030","10260","00000","2016000000","304","事業所数","2人","443貨物軽自動車運送業"
"004","0030","10270","00000","2016000000","92","事業所数","2人","444集配利用運送業"
"004","0030","10280","00000","2016000000","9","事業所数","2人","449その他の道路貨物運送業"
"004","0030","10290","00000","2016000000","294","事業所数","2人","45水運業"
"004","0030","10300","00000","2016000000","3","事業所数","2人","450管理，補助的経済活動を行う事業所"
"004","0030","10310","00000","2016000000","27","事業所数","2人","451外航海運業"
"004","0030","10320","00000","2016000000","155","事業所数","2人","452沿海海運業"
"004","0030","10330","00000","2016000000","37","事業所数","2人","453内陸水運業"
"004","0030","10340","00000","2016000000","72","事業所数","2人","454船舶貸渡業"
"004","0030","10350","00000","2016000000","98","事業所数","2人","46航空運輸業"
"004","0030","10360","00000","2016000000","3","事業所数","2人","460管理，補助的経済活動を行う事業所"
"004","0030","10370","00000","2016000000","78","事業所数","2人","461航空運送業"
"004","0030","10380","00000","2016000000","17","事業所数","2人","462航空機使用業（航空運送業を除く）"
"004","0030","10390","00000","2016000000","933","事業所数","2人","47倉庫業"
"004","0030","10400","00000","2016000000","8","事業所数","2人","470管理，補助的経済活動を行う事業所"
"004","0030","10410","00000","2016000000","817","事業所数","2人","471倉庫業（冷蔵倉庫業を除く）"
"004","0030","10420","00000","2016000000","108","事業所数","2人","472冷蔵倉庫業"
"004","0030","10430","00000","2016000000","1523","事業所数","2人","48運輸に附帯するサービス業"
"004","0030","10440","00000","2016000000","12","事業所数","2人","480管理，補助的経済活動を行う事業所"
"004","0030","10450","00000","2016000000","149","事業所数","2人","481港湾運送業"
"004","0030","10460","00000","2016000000","393","事業所数","2人","482貨物運送取扱業（集配利用運送業を除く）"
"004","0030","10470","00000","2016000000","67","事業所数","2人","483運送代理店"
"004","0030","10480","00000","2016000000","169","事業所数","2人","484こん包業"
"004","0030","10490","00000","2016000000","38","事業所数","2人","485運輸施設提供業"
"004","0030","10500","00000","2016000000","695","事業所数","2人","489その他の運輸に附帯するサービス業"
"004","0030","10510","00000","2016000000","7","事業所数","2人","49郵便業（信書便事業を含む）"
"004","0030","10530","00000","2016000000","7","事業所数","2人","491郵便業（信書便事業を含む）"
"004","0030","10540","00000","2016000000","135821","事業所数","2人","I卸売業，小売業"
"004","0030","10550","00000","2016000000","42636","事業所数","2人","I1卸売業"
"004","0030","10560","00000","2016000000","143","事業所数","2人","50各種商品卸売業"
"004","0030","10570","00000","2016000000","7","事業所数","2人","500管理，補助的経済活動を行う事業所"
"004","0030","10610","00000","2016000000","136","事業所数","2人","501各種商品卸売業"
"004","0030","10640","00000","2016000000","136","事業所数","2人","50Bその他の各種商品卸売業"
"004","0030","10660","00000","2016000000","2739","事業所数","2人","51繊維・衣服等卸売業"
"004","0030","10670","00000","2016000000","48","事業所数","2人","510管理，補助的経済活動を行う事業所"
"004","0030","10710","00000","2016000000","456","事業所数","2人","511繊維品卸売業（衣服，身の回り品を除く）"
"004","0030","10750","00000","2016000000","1199","事業所数","2人","512衣服卸売業"
"004","0030","10800","00000","2016000000","1036","事業所数","2人","513身の回り品卸売業"
"004","0030","10850","00000","2016000000","7939","事業所数","2人","52飲食料品卸売業"
"004","0030","10860","00000","2016000000","156","事業所数","2人","520管理，補助的経済活動を行う事業所"
"004","0030","10900","00000","2016000000","3868","事業所数","2人","521農畜産物・水産物卸売業"
"004","0030","10910","00000","2016000000","515","事業所数","2人","52A米穀類卸売業"
"004","0030","10940","00000","2016000000","1063","事業所数","2人","52B野菜・果実卸売業"
"004","0030","10970","00000","2016000000","732","事業所数","2人","52C食肉卸売業"
"004","0030","10990","00000","2016000000","1241","事業所数","2人","52D生鮮魚介卸売業"
"004","0030","11010","00000","2016000000","317","事業所数","2人","52Eその他の農畜産物・水産物卸売業"
"004","0030","11030","00000","2016000000","3915","事業所数","2人","522食料・飲料卸売業"
"004","0030","11120","00000","2016000000","10300","事業所数","2人","53建築材料，鉱物・金属材料等卸売業"
"004","0030","11130","00000","2016000000","196","事業所数","2人","530管理，補助的経済活動を行う事業所"
"004","0030","11170","00000","2016000000","4422","事業所数","2人","531建築材料卸売業"
"004","0030","11230","00000","2016000000","2136","事業所数","2人","532化学製品卸売業"
"004","0030","11270","00000","2016000000","596","事業所数","2人","533石油・鉱物卸売業"
"004","0030","11300","00000","2016000000","1039","事業所数","2人","534鉄鋼製品卸売業"
"004","0030","11340","00000","2016000000","679","事業所数","2人","535非鉄金属卸売業"
"004","0030","11370","00000","2016000000","1232","事業所数","2人","536再生資源卸売業"
"004","0030","11430","00000","2016000000","10526","事業所数","2人","54機械器具卸売業"
"004","0030","11440","00000","2016000000","166","事業所数","2人","540管理，補助的経済活動を行う事業所"
"004","0030","11480","00000","2016000000","4237","事業所数","2人","541産業機械器具卸売業"
"004","0030","11540","00000","2016000000","1914","事業所数","2人","542自動車卸売業"
"004","0030","11580","00000","2016000000","2694","事業所数","2人","543電気機械器具卸売業"
"004","0030","11610","00000","2016000000","1515","事業所数","2人","549その他の機械器具卸売業"
"004","0030","11650","00000","2016000000","10934","事業所数","2人","55その他の卸売業"
"004","0030","11660","00000","2016000000","132","事業所数","2人","550管理，補助的経済活動を行う事業所"
"004","0030","11700","00000","2016000000","1529","事業所数","2人","551家具・建具・じゅう器等卸売業"
"004","0030","11770","00000","2016000000","1660","事業所数","2人","552医薬品・化粧品等卸売業"
"004","0030","11820","00000","2016000000","896","事業所数","2人","553紙・紙製品卸売業"
"004","0030","11850","00000","2016000000","6717","事業所数","2人","559他に分類されない卸売業"
"004","0030","11860","00000","2016000000","266","事業所数","2人","55A代理商，仲立業"
"004","0030","11880","00000","2016000000","6451","事業所数","2人","55B他に分類されないその他の卸売業"
"004","0030","11970","00000","2016000000","93185","事業所数","2人","I2小売業"
"004","0030","11980","00000","2016000000","164","事業所数","2人","56各種商品小売業"
"004","0030","11990","00000","2016000000","8","事業所数","2人","560管理，補助的経済活動を行う事業所"
"004","0030","12050","00000","2016000000","156","事業所数","2人","569その他の各種商品小売業（従業者が常時50人未満のもの）"
"004","0030","12070","00000","2016000000","13107","事業所数","2人","57織物・衣服・身の回り品小売業"
"004","0030","12080","00000","2016000000","94","事業所数","2人","570管理，補助的経済活動を行う事業所"
"004","0030","12120","00000","2016000000","1453","事業所数","2人","571呉服・服地・寝具小売業"
"004","0030","12150","00000","2016000000","1651","事業所数","2人","572男子服小売業"
"004","0030","12170","00000","2016000000","6537","事業所数","2人","573婦人・子供服小売業"
"004","0030","12200","00000","2016000000","805","事業所数","2人","574靴・履物小売業"
"004","0030","12230","00000","2016000000","2567","事業所数","2人","579その他の織物・衣服・身の回り品小売業"
"004","0030","12280","00000","2016000000","23213","事業所数","2人","58飲食料品小売業"
"004","0030","12290","00000","2016000000","133","事業所数","2人","580管理，補助的経済活動を行う事業所"
"004","0030","12330","00000","2016000000","1211","事業所数","2人","581各種食料品小売業"
"004","0030","12350","00000","2016000000","1977","事業所数","2人","582野菜・果実小売業"
"004","0030","12380","00000","2016000000","1402","事業所数","2人","583食肉小売業"
"004","0030","12410","00000","2016000000","1398","事業所数","2人","584鮮魚小売業"
"004","0030","12430","00000","2016000000","2830","事業所数","2人","585酒小売業"
"004","0030","12450","00000","2016000000","6232","事業所数","2人","586菓子・パン小売業"
"004","0030","12500","00000","2016000000","8030","事業所数","2人","589その他の飲食料品小売業"
"004","0030","12510","00000","2016000000","1797","事業所数","2人","58A料理品小売業"
"004","0030","12530","00000","2016000000","6233","事業所数","2人","58B他に分類されない飲食料品小売業"
"004","0030","12620","00000","2016000000","16488","事業所数","2人","59機械器具小売業"
"004","0030","12630","00000","2016000000","68","事業所数","2人","590管理，補助的経済活動を行う事業所"
"004","0030","12670","00000","2016000000","9958","事業所数","2人","591自動車小売業"
"004","0030","12720","00000","2016000000","871","事業所数","2人","592自転車小売業"
"004","0030","12740","00000","2016000000","5591","事業所数","2人","593機械器具小売業（自動車，自転車を除く）"
"004","0030","12790","00000","2016000000","36975","事業所数","2人","60その他の小売業"
"004","0030","12800","00000","2016000000","303","事業所数","2人","600管理，補助的経済活動を行う事業所"
"004","0030","12840","00000","2016000000","2152","事業所数","2人","601家具・建具・畳小売業"
"004","0030","12890","00000","2016000000","1570","事業所数","2人","602じゅう器小売業"
"004","0030","12940","00000","2016000000","8240","事業所数","2人","603医薬品・化粧品小売業"
"004","0030","12990","00000","2016000000","1328","事業所数","2人","604農耕用品小売業"
"004","0030","13030","00000","2016000000","5677","事業所数","2人","605燃料小売業"
"004","0030","13060","00000","2016000000","2495","事業所数","2人","606書籍・文房具小売業"
"004","0030","13110","00000","2016000000","2193","事業所数","2人","607スポーツ用品・がん具・娯楽用品・楽器小売業"
"004","0030","13120","00000","2016000000","1367","事業所数","2人","60Aスポーツ用品小売業"
"004","0030","13140","00000","2016000000","544","事業所数","2人","60Bがん具・娯楽用品小売業"
"004","0030","13160","00000","2016000000","282","事業所数","2人","60C楽器小売業"
"004","0030","13180","00000","2016000000","2160","事業所数","2人","608写真機・時計・眼鏡小売業"
"004","0030","13210","00000","2016000000","10857","事業所数","2人","609他に分類されない小売業"
"004","0030","13220","00000","2016000000","3243","事業所数","2人","60D花・植木小売業"
"004","0030","13240","00000","2016000000","466","事業所数","2人","60Eペット・ペット用品小売業"
"004","0030","13260","00000","2016000000","939","事業所数","2人","60F中古品小売業（他に分類されないもの）"
"004","0030","13290","00000","2016000000","6209","事業所数","2人","60G他に分類されないその他の小売業"
"004","0030","13350","00000","2016000000","3182","事業所数","2人","61無店舗小売業"
"004","0030","13360","00000","2016000000","22","事業所数","2人","610管理，補助的経済活動を行う事業所"
"004","0030","13400","00000","2016000000","2486","事業所数","2人","611通信販売・訪問販売小売業"
"004","0030","13460","00000","2016000000","112","事業所数","2人","612自動販売機による小売業"
"004","0030","13480","00000","2016000000","562","事業所数","2人","619その他の無店舗小売業"
"004","0030","13500","00000","2016000000","6096","事業所数","2人","J金融業，保険業"
"004","0030","13510","00000","2016000000","249","事業所数","2人","62銀行業"
"004","0030","13520","00000","2016000000","2","事業所数","2人","620管理，補助的経済活動を行う事業所"
"004","0030","13540","00000","2016000000","247","事業所数","2人","622銀行（中央銀行を除く）"
"004","0030","13560","00000","2016000000","140","事業所数","2人","63協同組織金融業"
"004","0030","13580","00000","2016000000","91","事業所数","2人","631中小企業等金融業"
"004","0030","13590","00000","2016000000","49","事業所数","2人","632農林水産金融業"
"004","0030","13600","00000","2016000000","622","事業所数","2人","64貸金業，クレジットカード業等非預金信用機関"
"004","0030","13610","00000","2016000000","6","事業所数","2人","640管理，補助的経済活動を行う事業所"
"004","0030","13620","00000","2016000000","175","事業所数","2人","641貸金業"
"004","0030","13630","00000","2016000000","250","事業所数","2人","642質屋"
"004","0030","13640","00000","2016000000","100","事業所数","2人","643クレジットカード業，割賦金融業"
"004","0030","13650","00000","2016000000","91","事業所数","2人","649その他の非預金信用機関"
"004","0030","13660","00000","2016000000","183","事業所数","2人","65金融商品取引業，商品先物取引業"
"004","0030","13680","00000","2016000000","180","事業所数","2人","651金融商品取引業"
"004","0030","13690","00000","2016000000","3","事業所数","2人","652商品先物取引業，商品投資顧問業"
"004","0030","13700","00000","2016000000","155","事業所数","2人","66補助的金融業等"
"004","0030","13720","00000","2016000000","117","事業所数","2人","661補助的金融業，金融附帯業"
"004","0030","13730","00000","2016000000","1","事業所数","2人","662信託業"
"004","0030","13740","00000","2016000000","37","事業所数","2人","663金融代理業"
"004","0030","13750","00000","2016000000","4734","事業所数","2人","67保険業（保険媒介代理業，保険サービス業を含む）"
"004","0030","13760","00000","2016000000","1","事業所数","2人","670管理，補助的経済活動を行う事業所"
"004","0030","13770","00000","2016000000","284","事業所数","2人","671生命保険業"
"004","0030","13780","00000","2016000000","87","事業所数","2人","672損害保険業"
"004","0030","13790","00000","2016000000","176","事業所数","2人","673共済事業，少額短期保険業"
"004","0030","13800","00000","2016000000","4049","事業所数","2人","674保険媒介代理業"
"004","0030","13810","00000","2016000000","137","事業所数","2人","675保険サービス業"
"004","0030","13820","00000","2016000000","27926","事業所数","2人","K不動産業，物品賃貸業"
"004","0030","13830","00000","2016000000","25330","事業所数","2人","K1不動産業"
"004","0030","13840","00000","2016000000","8673","事業所数","2人","68不動産取引業"
"004","0030","13850","00000","2016000000","12","事業所数","2人","680管理，補助的経済活動を行う事業所"
"004","0030","13880","00000","2016000000","2605","事業所数","2人","681建物売買業，土地売買業"
"004","0030","13910","00000","2016000000","6056","事業所数","2人","682不動産代理業・仲介業"
"004","0030","13930","00000","2016000000","16597","事業所数","2人","69不動産賃貸業・管理業"
"004","0030","13940","00000","2016000000","17","事業所数","2人","690管理，補助的経済活動を行う事業所"
"004","0030","13970","00000","2016000000","4172","事業所数","2人","691不動産賃貸業（貸家業，貸間業を除く）"
"004","0030","14010","00000","2016000000","6718","事業所数","2人","692貸家業，貸間業"
"004","0030","14040","00000","2016000000","1265","事業所数","2人","693駐車場業"
"004","0030","14060","00000","2016000000","4425","事業所数","2人","694不動産管理業"
"004","0030","14080","00000","2016000000","2596","事業所数","2人","K2物品賃貸業"
"004","0030","14090","00000","2016000000","2596","事業所数","2人","70物品賃貸業"
"004","0030","14100","00000","2016000000","50","事業所数","2人","700管理，補助的経済活動を行う事業所"
"004","0030","14130","00000","2016000000","103","事業所数","2人","701各種物品賃貸業"
"004","0030","14160","00000","2016000000","871","事業所数","2人","702産業用機械器具賃貸業"
"004","0030","14190","00000","2016000000","51","事業所数","2人","703事務用機械器具賃貸業"
"004","0030","14220","00000","2016000000","447","事業所数","2人","704自動車賃貸業"
"004","0030","14240","00000","2016000000","70","事業所数","2人","705スポーツ・娯楽用品賃貸業"
"004","0030","14260","00000","2016000000","1001","事業所数","2人","709その他の物品賃貸業"
"004","0030","14270","00000","2016000000","48","事業所数","2人","70A音楽・映像記録物賃貸業（別掲を除く）"
"004","0030","14290","00000","2016000000","953","事業所数","2人","70B他に分類されない物品賃貸業"
"004","0030","14330","00000","2016000000","27713","事業所数","2人","L学術研究，専門・技術サービス業"
"004","0030","14340","00000","2016000000","373","事業所数","2人","71学術・開発研究機関"
"004","0030","14350","00000","2016000000","5","事業所数","2人","710管理，補助的経済活動を行う事業所"
"004","0030","14370","00000","2016000000","310","事業所数","2人","711自然科学研究所"
"004","0030","14420","00000","2016000000","58","事業所数","2人","712人文・社会科学研究所"
"004","0030","14440","00000","2016000000","15865","事業所数","2人","72専門サービス業（他に分類されないもの）"
"004","0030","14450","00000","2016000000","13","事業所数","2人","720管理，補助的経済活動を行う事業所"
"004","0030","14470","00000","2016000000","2367","事業所数","2人","721法律事務所，特許事務所"
"004","0030","14480","00000","2016000000","2207","事業所数","2人","72A法律事務所"
"004","0030","14500","00000","2016000000","160","事業所数","2人","72B特許事務所"
"004","0030","14520","00000","2016000000","3118","事業所数","2人","722公証人役場，司法書士事務所，土地家屋調査士事務所"
"004","0030","14550","00000","2016000000","463","事業所数","2人","723行政書士事務所"
"004","0030","14570","00000","2016000000","4638","事業所数","2人","724公認会計士事務所，税理士事務所"
"004","0030","14580","00000","2016000000","376","事業所数","2人","72C公認会計士事務所"
"004","0030","14600","00000","2016000000","4262","事業所数","2人","72D税理士事務所"
"004","0030","14620","00000","2016000000","790","事業所数","2人","725社会保険労務士事務所"
"004","0030","14640","00000","2016000000","997","事業所数","2人","726デザイン業"
"004","0030","14660","00000","2016000000","27","事業所数","2人","727著述・芸術家業"
"004","0030","14690","00000","2016000000","1200","事業所数","2人","728経営コンサルタント業，純粋持株会社"
"004","0030","14700","00000","2016000000","1163","事業所数","2人","72E経営コンサルタント業"
"004","0030","14720","00000","2016000000","37","事業所数","2人","72F純粋持株会社"
"004","0030","14740","00000","2016000000","2252","事業所数","2人","729その他の専門サービス業"
"004","0030","14750","00000","2016000000","66","事業所数","2人","72G興信所"
"004","0030","14770","00000","2016000000","2186","事業所数","2人","72H他に分類されない専門サービス業"
"004","0030","14820","00000","2016000000","1005","事業所数","2人","73広告業"
"004","0030","14830","00000","2016000000","4","事業所数","2人","730管理，補助的経済活動を行う事業所"
"004","0030","14860","00000","2016000000","1001","事業所数","2人","731広告業"
"004","0030","14880","00000","2016000000","10458","事業所数","2人","74技術サービス業（他に分類されないもの）"
"004","0030","14890","00000","2016000000","43","事業所数","2人","740管理，補助的経済活動を行う事業所"
"004","0030","14910","00000","2016000000","1445","事業所数","2人","741獣医業"
"004","0030","14930","00000","2016000000","6017","事業所数","2人","742土木建築サービス業"
"004","0030","14940","00000","2016000000","4384","事業所数","2人","74A建築設計業"
"004","0030","14960","00000","2016000000","1246","事業所数","2人","74B測量業"
"004","0030","14980","00000","2016000000","387","事業所数","2人","74Cその他の土木建築サービス業"
"004","0030","15000","00000","2016000000","665","事業所数","2人","743機械設計業"
"004","0030","15020","00000","2016000000","234","事業所数","2人","744商品・非破壊検査業"
"004","0030","15050","00000","2016000000","115","事業所数","2人","745計量証明業"
"004","0030","15090","00000","2016000000","1238","事業所数","2人","746写真業"
"004","0030","15120","00000","2016000000","701","事業所数","2人","749その他の技術サービス業"
"004","0030","15140","00000","2016000000","66170","事業所数","2人","M宿泊業，飲食サービス業"
"004","0030","15150","00000","2016000000","4611","事業所数","2人","M1宿泊業"
"004","0030","15160","00000","2016000000","4611","事業所数","2人","75宿泊業"
"004","0030","15170","00000","2016000000","21","事業所数","2人","750管理，補助的経済活動を行う事業所"
"004","0030","15200","00000","2016000000","2987","事業所数","2人","751旅館，ホテル"
"004","0030","15220","00000","2016000000","232","事業所数","2人","752簡易宿所"
"004","0030","15240","00000","2016000000","106","事業所数","2人","753下宿業"
"004","0030","15260","00000","2016000000","1263","事業所数","2人","759その他の宿泊業"
"004","0030","15270","00000","2016000000","349","事業所数","2人","75A会社・団体の宿泊所"
"004","0030","15290","00000","2016000000","914","事業所数","2人","75B他に分類されない宿泊業"
"004","0030","15320","00000","2016000000","61559","事業所数","2人","M2飲食店，持ち帰り・配達飲食サービス業"
"004","0030","15330","00000","2016000000","56680","事業所数","2人","76飲食店"
"004","0030","15340","00000","2016000000","285","事業所数","2人","760管理，補助的経済活動を行う事業所"
"004","0030","15370","00000","2016000000","4817","事業所数","2人","761食堂，レストラン（専門料理店を除く）"
"004","0030","15390","00000","2016000000","16540","事業所数","2人","762専門料理店"
"004","0030","15400","00000","2016000000","4463","事業所数","2人","76A日本料理店"
"004","0030","15420","00000","2016000000","5522","事業所数","2人","76B中華料理店"
"004","0030","15450","00000","2016000000","1510","事業所数","2人","76C焼肉店"
"004","0030","15470","00000","2016000000","5045","事業所数","2人","76Dその他の専門料理店"
"004","0030","15500","00000","2016000000","3422","事業所数","2人","763そば・うどん店"
"004","0030","15520","00000","2016000000","2271","事業所数","2人","764すし店"
"004","0030","15540","00000","2016000000","11228","事業所数","2人","765酒場，ビヤホール"
"004","0030","15560","00000","2016000000","10988","事業所数","2人","766バー，キャバレー，ナイトクラブ"
"004","0030","15580","00000","2016000000","5625","事業所数","2人","767喫茶店"
"004","0030","15600","00000","2016000000","1504","事業所数","2人","769その他の飲食店"
"004","0030","15610","00000","2016000000","91","事業所数","2人","76Eハンバーガー店"
"004","0030","15630","00000","2016000000","1168","事業所数","2人","76Fお好み焼・焼きそば・たこ焼店"
"004","0030","15650","00000","2016000000","245","事業所数","2人","76G他に分類されない飲食店"
"004","0030","15670","00000","2016000000","4821","事業所数","2人","77持ち帰り・配達飲食サービス業"
"004","0030","15680","00000","2016000000","26","事業所数","2人","770管理，補助的経済活動を行う事業所"
"004","0030","15710","00000","2016000000","832","事業所数","2人","771持ち帰り飲食サービス業"
"004","0030","15730","00000","2016000000","3963","事業所数","2人","772配達飲食サービス業"
"004","0030","15750","00000","2016000000","42234","事業所数","2人","N生活関連サービス業，娯楽業"
"004","0030","15760","00000","2016000000","32914","事業所数","2人","78洗濯・理容・美容・浴場業"
"004","0030","15770","00000","2016000000","69","事業所数","2人","780管理，補助的経済活動を行う事業所"
"004","0030","15800","00000","2016000000","6859","事業所数","2人","781洗濯業"
"004","0030","15810","00000","2016000000","6566","事業所数","2人","78A普通洗濯業"
"004","0030","15840","00000","2016000000","293","事業所数","2人","78Bリネンサプライ業"
"004","0030","15860","00000","2016000000","8018","事業所数","2人","782理容業"
"004","0030","15880","00000","2016000000","14803","事業所数","2人","783美容業"
"004","0030","15900","00000","2016000000","527","事業所数","2人","784一般公衆浴場業"
"004","0030","15920","00000","2016000000","140","事業所数","2人","785その他の公衆浴場業"
"004","0030","15940","00000","2016000000","2498","事業所数","2人","789その他の洗濯・理容・美容・浴場業"
"004","0030","16000","00000","2016000000","5828","事業所数","2人","79その他の生活関連サービス業"
"004","0030","16010","00000","2016000000","18","事業所数","2人","790管理，補助的経済活動を行う事業所"
"004","0030","16040","00000","2016000000","956","事業所数","2人","791旅行業"
"004","0030","16070","00000","2016000000","604","事業所数","2人","793衣服裁縫修理業"
"004","0030","16090","00000","2016000000","185","事業所数","2人","794物品預り業"
"004","0030","16110","00000","2016000000","178","事業所数","2人","795火葬・墓地管理業"
"004","0030","16140","00000","2016000000","1259","事業所数","2人","796冠婚葬祭業"
"004","0030","16150","00000","2016000000","1141","事業所数","2人","79A葬儀業"
"004","0030","16170","00000","2016000000","35","事業所数","2人","79B結婚式場業"
"004","0030","16190","00000","2016000000","83","事業所数","2人","79C冠婚葬祭互助会"
"004","0030","16210","00000","2016000000","2628","事業所数","2人","799他に分類されない生活関連サービス業"
"004","0030","16220","00000","2016000000","386","事業所数","2人","79D写真プリント，現像・焼付業"
"004","0030","16240","00000","2016000000","2242","事業所数","2人","79E他に分類されないその他の生活関連サービス業"
"004","0030","16280","00000","2016000000","3482","事業所数","2人","80娯楽業"
"004","0030","16290","00000","2016000000","65","事業所数","2人","800管理，補助的経済活動を行う事業所"
"004","0030","16320","00000","2016000000","23","事業所数","2人","801映画館"
"004","0030","16340","00000","2016000000","401","事業所数","2人","802興行場（別掲を除く），興行団"
"004","0030","16400","00000","2016000000","75","事業所数","2人","803競輪・競馬等の競走場，競技団"
"004","0030","16470","00000","2016000000","1007","事業所数","2人","804スポーツ施設提供業"
"004","0030","16480","00000","2016000000","296","事業所数","2人","80Aスポーツ施設提供業（別掲を除く）"
"004","0030","16500","00000","2016000000","66","事業所数","2人","80B体育館"
"004","0030","16520","00000","2016000000","52","事業所数","2人","80Cゴルフ場"
"004","0030","16540","00000","2016000000","207","事業所数","2人","80Dゴルフ練習場"
"004","0030","16560","00000","2016000000","15","事業所数","2人","80Eボウリング場"
"004","0030","16580","00000","2016000000","50","事業所数","2人","80Fテニス場"
"004","0030","16600","00000","2016000000","59","事業所数","2人","80Gバッティング・テニス練習場"
"004","0030","16620","00000","2016000000","262","事業所数","2人","80Hフィットネスクラブ"
"004","0030","16640","00000","2016000000","116","事業所数","2人","805公園，遊園地"
"004","0030","16680","00000","2016000000","753","事業所数","2人","806遊戯場"
"004","0030","16690","00000","2016000000","324","事業所数","2人","80Jマージャンクラブ"
"004","0030","16710","00000","2016000000","135","事業所数","2人","80Kパチンコホール"
"004","0030","16730","00000","2016000000","179","事業所数","2人","80Lゲームセンター"
"004","0030","16750","00000","2016000000","115","事業所数","2人","80Mその他の遊戯場"
"004","0030","16790","00000","2016000000","1042","事業所数","2人","809その他の娯楽業"
"004","0030","16800","00000","2016000000","306","事業所数","2人","80Nカラオケボックス業"
"004","0030","16820","00000","2016000000","736","事業所数","2人","80P他に分類されない娯楽業"
"004","0030","16890","00000","2016000000","13251","事業所数","2人","O教育，学習支援業"
"004","0030","16900","00000","2016000000","329","事業所数","2人","O1教育，学習支援業（学校教育）"
"004","0030","16910","00000","2016000000","329","事業所数","2人","81学校教育"
"004","0030","16920","00000","2016000000","26","事業所数","2人","810管理，補助的経済活動を行う事業所"
"004","0030","16940","00000","2016000000","45","事業所数","2人","811幼稚園"
"004","0030","16960","00000","2016000000","4","事業所数","2人","819幼保連携型認定こども園"
"004","0030","16980","00000","2016000000","1","事業所数","2人","812小学校"
"004","0030","17020","00000","2016000000","40","事業所数","2人","814高等学校，中等教育学校"
"004","0030","17070","00000","2016000000","77","事業所数","2人","816高等教育機関"
"004","0030","17110","00000","2016000000","132","事業所数","2人","817専修学校，各種学校"
"004","0030","17160","00000","2016000000","12922","事業所数","2人","O2教育，学習支援業（その他の教育，学習支援業）"
"004","0030","17170","00000","2016000000","12922","事業所数","2人","82その他の教育，学習支援業"
"004","0030","17180","00000","2016000000","30","事業所数","2人","820管理，補助的経済活動を行う事業所"
"004","0030","17210","00000","2016000000","520","事業所数","2人","821社会教育"
"004","0030","17220","00000","2016000000","198","事業所数","2人","82A公民館"
"004","0030","17240","00000","2016000000","36","事業所数","2人","82B図書館"
"004","0030","17260","00000","2016000000","236","事業所数","2人","82C博物館，美術館"
"004","0030","17280","00000","2016000000","11","事業所数","2人","82D動物園，植物園，水族館"
"004","0030","17300","00000","2016000000","39","事業所数","2人","82Eその他の社会教育"
"004","0030","17340","00000","2016000000","385","事業所数","2人","822職業・教育支援施設"
"004","0030","17380","00000","2016000000","5821","事業所数","2人","823学習塾"
"004","0030","17400","00000","2016000000","5672","事業所数","2人","824教養・技能教授業"
"004","0030","17410","00000","2016000000","660","事業所数","2人","82F音楽教授業"
"004","0030","17430","00000","2016000000","231","事業所数","2人","82G書道教授業"
"004","0030","17450","00000","2016000000","51","事業所数","2人","82H生花・茶道教授業"
"004","0030","17470","00000","2016000000","658","事業所数","2人","82Jそろばん教授業"
"004","0030","17490","00000","2016000000","1100","事業所数","2人","82K外国語会話教授業"
"004","0030","17510","00000","2016000000","733","事業所数","2人","82Lスポーツ・健康教授業"
"004","0030","17530","00000","2016000000","2239","事業所数","2人","82Mその他の教養・技能教授業"
"004","0030","17550","00000","2016000000","487","事業所数","2人","829他に分類されない教育，学習支援業"
"004","0030","17570","00000","2016000000","29015","事業所数","2人","P医療，福祉"
"004","0030","17580","00000","2016000000","21138","事業所数","2人","83医療業"
"004","0030","17590","00000","2016000000","35","事業所数","2人","830管理，補助的経済活動を行う事業所"
"004","0030","17620","00000","2016000000","26","事業所数","2人","831病院"
"004","0030","17650","00000","2016000000","3787","事業所数","2人","832一般診療所"
"004","0030","17680","00000","2016000000","8335","事業所数","2人","833歯科診療所"
"004","0030","17700","00000","2016000000","168","事業所数","2人","834助産・看護業"
"004","0030","17710","00000","2016000000","37","事業所数","2人","83A助産所"
"004","0030","17730","00000","2016000000","131","事業所数","2人","83B看護業"
"004","0030","17750","00000","2016000000","8017","事業所数","2人","835療術業"
"004","0030","17780","00000","2016000000","770","事業所数","2人","836医療に附帯するサービス業"
"004","0030","17790","00000","2016000000","653","事業所数","2人","83C歯科技工所"
"004","0030","17810","00000","2016000000","117","事業所数","2人","83Dその他の医療に附帯するサービス業"
"004","0030","17830","00000","2016000000","159","事業所数","2人","84保健衛生"
"004","0030","17870","00000","2016000000","112","事業所数","2人","842健康相談施設"
"004","0030","17920","00000","2016000000","47","事業所数","2人","849その他の保健衛生"
"004","0030","17960","00000","2016000000","7711","事業所数","2人","85社会保険・社会福祉・介護事業"
"004","0030","17970","00000","2016000000","88","事業所数","2人","850管理，補助的経済活動を行う事業所"
"004","0030","18000","00000","2016000000","435","事業所数","2人","851社会保険事業団体"
"004","0030","18020","00000","2016000000","1299","事業所数","2人","853児童福祉事業"
"004","0030","18030","00000","2016000000","490","事業所数","2人","85A保育所"
"004","0030","18050","00000","2016000000","809","事業所数","2人","85Bその他の児童福祉事業"
"004","0030","18070","00000","2016000000","3437","事業所数","2人","854老人福祉・介護事業"
"004","0030","18080","00000","2016000000","73","事業所数","2人","85C特別養護老人ホーム"
"004","0030","18100","00000","2016000000","19","事業所数","2人","85D介護老人保健施設"
"004","0030","18120","00000","2016000000","595","事業所数","2人","85E通所・短期入所介護事業"
"004","0030","18140","00000","2016000000","691","事業所数","2人","85F訪問介護事業"
"004","0030","18160","00000","2016000000","96","事業所数","2人","85G認知症老人グループホーム"
"004","0030","18180","00000","2016000000","170","事業所数","2人","85H有料老人ホーム"
"004","0030","18200","00000","2016000000","1793","事業所数","2人","85Jその他の老人福祉・介護事業"
"004","0030","18220","00000","2016000000","1952","事業所数","2人","855障害者福祉事業"
"004","0030","18250","00000","2016000000","500","事業所数","2人","859その他の社会保険・社会福祉・介護事業"
"004","0030","18260","00000","2016000000","41","事業所数","2人","85K更生保護事業"
"004","0030","18280","00000","2016000000","459","事業所数","2人","85L他に分類されない社会保険・社会福祉・介護事業"
"004","0030","18300","00000","2016000000","2620","事業所数","2人","Q複合サービス事業"
"004","0030","18310","00000","2016000000","2097","事業所数","2人","Q1複合サービス事業（郵便局）"
"004","0030","18320","00000","2016000000","2097","事業所数","2人","86郵便局"
"004","0030","18330","00000","2016000000","1","事業所数","2人","860管理，補助的経済活動を行う事業所"
"004","0030","18340","00000","2016000000","1218","事業所数","2人","861郵便局"
"004","0030","18350","00000","2016000000","878","事業所数","2人","862郵便局受託業"
"004","0030","18370","00000","2016000000","523","事業所数","2人","Q2複合サービス事業（協同組合）"
"004","0030","18380","00000","2016000000","523","事業所数","2人","87協同組合（他に分類されないもの）"
"004","0030","18390","00000","2016000000","15","事業所数","2人","870管理，補助的経済活動を行う事業所"
"004","0030","18410","00000","2016000000","255","事業所数","2人","871農林水産業協同組合（他に分類されないもの）"
"004","0030","18460","00000","2016000000","253","事業所数","2人","872事業協同組合（他に分類されないもの）"
"004","0030","18480","00000","2016000000","43929","事業所数","2人","Rサービス業（他に分類されないもの）"
"004","0030","18490","00000","2016000000","22863","事業所数","2人","R1サービス業（政治・経済・文化団体，宗教）"
"004","0030","18500","00000","2016000000","9079","事業所数","2人","93政治・経済・文化団体"
"004","0030","18510","00000","2016000000","4262","事業所数","2人","931経済団体"
"004","0030","18520","00000","2016000000","1094","事業所数","2人","932労働団体"
"004","0030","18530","00000","2016000000","175","事業所数","2人","933学術・文化団体"
"004","0030","18540","00000","2016000000","355","事業所数","2人","934政治団体"
"004","0030","18550","00000","2016000000","3193","事業所数","2人","939他に分類されない非営利的団体"
"004","0030","18560","00000","2016000000","13776","事業所数","2人","94宗教"
"004","0030","18570","00000","2016000000","1390","事業所数","2人","941神道系宗教"
"004","0030","18580","00000","2016000000","10149","事業所数","2人","942仏教系宗教"
"004","0030","18590","00000","2016000000","892","事業所数","2人","943キリスト教系宗教"
"004","0030","18600","00000","2016000000","1345","事業所数","2人","949その他の宗教"
"004","0030","18610","00000","2016000000","21066","事業所数","2人","R2サービス業（政治・経済・文化団体，宗教を除く）"
"004","0030","18620","00000","2016000000","1819","事業所数","2人","88廃棄物処理業"
"004","0030","18630","00000","2016000000","26","事業所数","2人","880管理，補助的経済活動を行う事業所"
"004","0030","18660","00000","2016000000","906","事業所数","2人","881一般廃棄物処理業"
"004","0030","18730","00000","2016000000","877","事業所数","2人","882産業廃棄物処理業"
"004","0030","18780","00000","2016000000","10","事業所数","2人","889その他の廃棄物処理業"
"004","0030","18810","00000","2016000000","7372","事業所数","2人","89自動車整備業"
"004","0030","18820","00000","2016000000","11","事業所数","2人","890管理，補助的経済活動を行う事業所"
"004","0030","18840","00000","2016000000","7361","事業所数","2人","891自動車整備業"
"004","0030","18870","00000","2016000000","3209","事業所数","2人","90機械等修理業（別掲を除く）"
"004","0030","18880","00000","2016000000","14","事業所数","2人","900管理，補助的経済活動を行う事業所"
"004","0030","18910","00000","2016000000","1689","事業所数","2人","901機械修理業（電気機械器具を除く）"
"004","0030","18940","00000","2016000000","743","事業所数","2人","902電気機械器具修理業"
"004","0030","18960","00000","2016000000","121","事業所数","2人","903表具業"
"004","0030","18980","00000","2016000000","642","事業所数","2人","909その他の修理業"
"004","0030","19040","00000","2016000000","1530","事業所数","2人","91職業紹介・労働者派遣業"
"004","0030","19050","00000","2016000000","8","事業所数","2人","910管理，補助的経済活動を行う事業所"
"004","0030","19080","00000","2016000000","676","事業所数","2人","911職業紹介業"
"004","0030","19100","00000","2016000000","846","事業所数","2人","912労働者派遣業"
"004","0030","19120","00000","2016000000","6635","事業所数","2人","92その他の事業サービス業"
"004","0030","19130","00000","2016000000","46","事業所数","2人","920管理，補助的経済活動を行う事業所"
"004","0030","19160","00000","2016000000","184","事業所数","2人","921速記・ワープロ入力・複写業"
"004","0030","19190","00000","2016000000","2288","事業所数","2人","922建物サービス業"
"004","0030","19220","00000","2016000000","297","事業所数","2人","923警備業"
"004","0030","19240","00000","2016000000","3820","事業所数","2人","929他に分類されない事業サービス業"
"004","0030","19300","00000","2016000000","382","事業所数","2人","95その他のサービス業"
"004","0030","19310","00000","2016000000","2","事業所数","2人","950管理，補助的経済活動を行う事業所"
"004","0030","19330","00000","2016000000","344","事業所数","2人","951集会場"
"004","0030","19350","00000","2016000000","2","事業所数","2人","952と畜場"
"004","0030","19370","00000","2016000000","34","事業所数","2人","959他に分類されないサービス業"
"004","0040","00010","00000","2016000000","392937","事業所数","3人","A～R全産業（Ｓ公務を除く）"
"004","0040","00020","00000","2016000000","2952","事業所数","3人","A～B農林漁業"
"004","0040","00030","00000","2016000000","2679","事業所数","3人","A農業，林業"
"004","0040","00040","00000","2016000000","2456","事業所数","3人","01農業"
"004","0040","00050","00000","2016000000","8","事業所数","3人","010管理，補助的経済活動を行う事業所"
"004","0040","00080","00000","2016000000","920","事業所数","3人","011耕種農業"
"004","0040","00170","00000","2016000000","702","事業所数","3人","012畜産農業"
"004","0040","00250","00000","2016000000","531","事業所数","3人","013農業サービス業（園芸サービス業を除く）"
"004","0040","00300","00000","2016000000","295","事業所数","3人","014園芸サービス業"
"004","0040","00320","00000","2016000000","223","事業所数","3人","02林業"
"004","0040","00330","00000","2016000000","1","事業所数","3人","020管理，補助的経済活動を行う事業所"
"004","0040","00360","00000","2016000000","75","事業所数","3人","021育林業"
"004","0040","00380","00000","2016000000","41","事業所数","3人","022素材生産業"
"004","0040","00400","00000","2016000000","6","事業所数","3人","023特用林産物生産業（きのこ類の栽培を除く）"
"004","0040","00430","00000","2016000000","97","事業所数","3人","024林業サービス業"
"004","0040","00480","00000","2016000000","3","事業所数","3人","029その他の林業"
"004","0040","00500","00000","2016000000","264","事業所数","3人","B漁業"
"004","0040","00510","00000","2016000000","88","事業所数","3人","03漁業（水産養殖業を除く）"
"004","0040","00520","00000","2016000000","1","事業所数","3人","030管理，補助的経済活動を行う事業所"
"004","0040","00550","00000","2016000000","81","事業所数","3人","031海面漁業"
"004","0040","00650","00000","2016000000","6","事業所数","3人","032内水面漁業"
"004","0040","00670","00000","2016000000","176","事業所数","3人","04水産養殖業"
"004","0040","00680","00000","2016000000","3","事業所数","3人","040管理，補助的経済活動を行う事業所"
"004","0040","00710","00000","2016000000","102","事業所数","3人","041海面養殖業"
"004","0040","00780","00000","2016000000","71","事業所数","3人","042内水面養殖業"
"004","0040","00800","00000","2016000000","389985","事業所数","3人","C～R非農林漁業（Ｓ公務を除く）"
"004","0040","00810","00000","2016000000","162","事業所数","3人","C鉱業，採石業，砂利採取業"
"004","0040","00820","00000","2016000000","162","事業所数","3人","05鉱業，採石業，砂利採取業"
"004","0040","00830","00000","2016000000","13","事業所数","3人","050管理，補助的経済活動を行う事業所"
"004","0040","00940","00000","2016000000","3","事業所数","3人","053原油・天然ガス鉱業"
"004","0040","00970","00000","2016000000","125","事業所数","3人","054採石業，砂・砂利・玉石採取業"
"004","0040","01070","00000","2016000000","15","事業所数","3人","055窯業原料用鉱物鉱業（耐火物・陶磁器・ガラス・セメント原料用に限る）"
"004","0040","01160","00000","2016000000","5","事業所数","3人","059その他の鉱業"
"004","0040","01220","00000","2016000000","43170","事業所数","3人","D建設業"
"004","0040","01230","00000","2016000000","19027","事業所数","3人","06総合工事業"
"004","0040","01240","00000","2016000000","59","事業所数","3人","060管理，補助的経済活動を行う事業所"
"004","0040","01250","00000","2016000000","692","事業所数","3人","061一般土木建築工事業"
"004","0040","01260","00000","2016000000","6917","事業所数","3人","062土木工事業（舗装工事業を除く）"
"004","0040","01270","00000","2016000000","426","事業所数","3人","063舗装工事業"
"004","0040","01280","00000","2016000000","4814","事業所数","3人","064建築工事業（木造建築工事業を除く)"
"004","0040","01290","00000","2016000000","4072","事業所数","3人","065木造建築工事業"
"004","0040","01300","00000","2016000000","2047","事業所数","3人","066建築リフォーム工事業"
"004","0040","01310","00000","2016000000","12740","事業所数","3人","07職別工事業（設備工事業を除く）"
"004","0040","01320","00000","2016000000","27","事業所数","3人","070管理，補助的経済活動を行う事業所"
"004","0040","01330","00000","2016000000","988","事業所数","3人","071大工工事業"
"004","0040","01340","00000","2016000000","1875","事業所数","3人","072とび・土工・コンクリート工事業"
"004","0040","01350","00000","2016000000","728","事業所数","3人","073鉄骨・鉄筋工事業"
"004","0040","01360","00000","2016000000","594","事業所数","3人","074石工・れんが・タイル・ブロック工事業"
"004","0040","01370","00000","2016000000","751","事業所数","3人","075左官工事業"
"004","0040","01380","00000","2016000000","1094","事業所数","3人","076板金・金物工事業"
"004","0040","01390","00000","2016000000","2268","事業所数","3人","077塗装工事業"
"004","0040","01400","00000","2016000000","1958","事業所数","3人","078床・内装工事業"
"004","0040","01410","00000","2016000000","2457","事業所数","3人","079その他の職別工事業"
"004","0040","01420","00000","2016000000","11386","事業所数","3人","08設備工事業"
"004","0040","01430","00000","2016000000","27","事業所数","3人","080管理，補助的経済活動を行う事業所"
"004","0040","01440","00000","2016000000","4567","事業所数","3人","081電気工事業"
"004","0040","01450","00000","2016000000","873","事業所数","3人","082電気通信・信号装置工事業"
"004","0040","01460","00000","2016000000","4357","事業所数","3人","083管工事業（さく井工事業を除く）"
"004","0040","01470","00000","2016000000","927","事業所数","3人","084機械器具設置工事業"
"004","0040","01480","00000","2016000000","635","事業所数","3人","089その他の設備工事業"
"004","0040","01490","00000","2016000000","31845","事業所数","3人","E製造業"
"004","0040","01500","00000","2016000000","3126","事業所数","3人","09食料品製造業"
"004","0040","01510","00000","2016000000","46","事業所数","3人","090管理，補助的経済活動を行う事業所"
"004","0040","01540","00000","2016000000","178","事業所数","3人","091畜産食料品製造業"
"004","0040","01600","00000","2016000000","574","事業所数","3人","092水産食料品製造業"
"004","0040","01680","00000","2016000000","210","事業所数","3人","093野菜缶詰・果実缶詰・農産保存食料品製造業"
"004","0040","01710","00000","2016000000","179","事業所数","3人","094調味料製造業"
"004","0040","01770","00000","2016000000","19","事業所数","3人","095糖類製造業"
"004","0040","01810","00000","2016000000","106","事業所数","3人","096精穀・製粉業"
"004","0040","01850","00000","2016000000","575","事業所数","3人","097パン・菓子製造業"
"004","0040","01910","00000","2016000000","20","事業所数","3人","098動植物油脂製造業"
"004","0040","01940","00000","2016000000","1219","事業所数","3人","099その他の食料品製造業"
"004","0040","02040","00000","2016000000","683","事業所数","3人","10飲料・たばこ・飼料製造業"
"004","0040","02050","00000","2016000000","9","事業所数","3人","100管理，補助的経済活動を行う事業所"
"004","0040","02080","00000","2016000000","60","事業所数","3人","101清涼飲料製造業"
"004","0040","02100","00000","2016000000","153","事業所数","3人","102酒類製造業"
"004","0040","02150","00000","2016000000","271","事業所数","3人","103茶・コーヒー製造業（清涼飲料を除く）"
"004","0040","02180","00000","2016000000","36","事業所数","3人","104製氷業"
"004","0040","02240","00000","2016000000","154","事業所数","3人","106飼料・有機質肥料製造業"
"004","0040","02280","00000","2016000000","2535","事業所数","3人","11繊維工業"
"004","0040","02290","00000","2016000000","18","事業所数","3人","110管理，補助的経済活動を行う事業所"
"004","0040","02320","00000","2016000000","123","事業所数","3人","111製糸業，紡績業，化学繊維・ねん糸等製造業"
"004","0040","02420","00000","2016000000","291","事業所数","3人","112織物業"
"004","0040","02490","00000","2016000000","66","事業所数","3人","113ニット生地製造業"
"004","0040","02530","00000","2016000000","205","事業所数","3人","114染色整理業"
"004","0040","02620","00000","2016000000","225","事業所数","3人","115綱・網・レース・繊維粗製品製造業"
"004","0040","02720","00000","2016000000","686","事業所数","3人","116外衣・シャツ製造業（和式を除く）"
"004","0040","02820","00000","2016000000","43","事業所数","3人","117下着類製造業"
"004","0040","02870","00000","2016000000","258","事業所数","3人","118和装製品・その他の衣服・繊維製身の回り品製造業"
"004","0040","02950","00000","2016000000","620","事業所数","3人","119その他の繊維製品製造業"
"004","0040","03050","00000","2016000000","1031","事業所数","3人","12木材・木製品製造業（家具を除く）"
"004","0040","03060","00000","2016000000","6","事業所数","3人","120管理，補助的経済活動を行う事業所"
"004","0040","03090","00000","2016000000","558","事業所数","3人","121製材業，木製品製造業"
"004","0040","03140","00000","2016000000","193","事業所数","3人","122造作材・合板・建築用組立材料製造業"
"004","0040","03230","00000","2016000000","106","事業所数","3人","123木製容器製造業（竹，とうを含む）"
"004","0040","03270","00000","2016000000","168","事業所数","3人","129その他の木製品製造業（竹，とうを含む)"
"004","0040","03310","00000","2016000000","1531","事業所数","3人","13家具・装備品製造業"
"004","0040","03320","00000","2016000000","6","事業所数","3人","130管理，補助的経済活動を行う事業所"
"004","0040","03350","00000","2016000000","684","事業所数","3人","131家具製造業"
"004","0040","03390","00000","2016000000","105","事業所数","3人","132宗教用具製造業"
"004","0040","03410","00000","2016000000","543","事業所数","3人","133建具製造業"
"004","0040","03430","00000","2016000000","193","事業所数","3人","139その他の家具・装備品製造業"
"004","0040","03480","00000","2016000000","741","事業所数","3人","14パルプ・紙・紙加工品製造業"
"004","0040","03490","00000","2016000000","12","事業所数","3人","140管理，補助的経済活動を行う事業所"
"004","0040","03520","00000","2016000000","1","事業所数","3人","141パルプ製造業"
"004","0040","03540","00000","2016000000","24","事業所数","3人","142紙製造業"
"004","0040","03580","00000","2016000000","20","事業所数","3人","143加工紙製造業"
"004","0040","03620","00000","2016000000","133","事業所数","3人","144紙製品製造業"
"004","0040","03660","00000","2016000000","407","事業所数","3人","145紙製容器製造業"
"004","0040","03710","00000","2016000000","144","事業所数","3人","149その他のパルプ・紙・紙加工品製造業"
"004","0040","03730","00000","2016000000","2385","事業所数","3人","15印刷・同関連業"
"004","0040","03740","00000","2016000000","12","事業所数","3人","150管理，補助的経済活動を行う事業所"
"004","0040","03770","00000","2016000000","1917","事業所数","3人","151印刷業"
"004","0040","03810","00000","2016000000","104","事業所数","3人","152製版業"
"004","0040","03830","00000","2016000000","337","事業所数","3人","153製本業，印刷物加工業"
"004","0040","03860","00000","2016000000","15","事業所数","3人","159印刷関連サービス業"
"004","0040","03880","00000","2016000000","458","事業所数","3人","16化学工業"
"004","0040","03890","00000","2016000000","32","事業所数","3人","160管理，補助的経済活動を行う事業所"
"004","0040","03920","00000","2016000000","15","事業所数","3人","161化学肥料製造業"
"004","0040","03960","00000","2016000000","71","事業所数","3人","162無機化学工業製品製造業"
"004","0040","04020","00000","2016000000","32","事業所数","3人","163有機化学工業製品製造業"
"004","0040","04100","00000","2016000000","87","事業所数","3人","164油脂加工製品・石けん・合成洗剤・界面活性剤・塗料製造業"
"004","0040","04180","00000","2016000000","54","事業所数","3人","165医薬品製造業"
"004","0040","04240","00000","2016000000","61","事業所数","3人","166化粧品・歯磨・その他の化粧用調整品製造業"
"004","0040","04280","00000","2016000000","106","事業所数","3人","169その他の化学工業"
"004","0040","04370","00000","2016000000","119","事業所数","3人","17石油製品・石炭製品製造業"
"004","0040","04380","00000","2016000000","3","事業所数","3人","170管理，補助的経済活動を行う事業所"
"004","0040","04430","00000","2016000000","8","事業所数","3人","172潤滑油・グリース製造業（石油精製業によらないもの）"
"004","0040","04450","00000","2016000000","2","事業所数","3人","173コークス製造業"
"004","0040","04470","00000","2016000000","92","事業所数","3人","174舗装材料製造業"
"004","0040","04490","00000","2016000000","14","事業所数","3人","179その他の石油製品・石炭製品製造業"
"004","0040","04510","00000","2016000000","1630","事業所数","3人","18プラスチック製品製造業（別掲を除く）"
"004","0040","04520","00000","2016000000","40","事業所数","3人","180管理，補助的経済活動を行う事業所"
"004","0040","04550","00000","2016000000","148","事業所数","3人","181プラスチック板・棒・管・継手・異形押出製品製造業"
"004","0040","04610","00000","2016000000","225","事業所数","3人","182プラスチックフィルム・シート・床材・合成皮革製造業"
"004","0040","04670","00000","2016000000","485","事業所数","3人","183工業用プラスチック製品製造業"
"004","0040","04720","00000","2016000000","155","事業所数","3人","184発泡・強化プラスチック製品製造業"
"004","0040","04780","00000","2016000000","125","事業所数","3人","185プラスチック成形材料製造業（廃プラスチックを含む）"
"004","0040","04810","00000","2016000000","452","事業所数","3人","189その他のプラスチック製品製造業"
"004","0040","04860","00000","2016000000","374","事業所数","3人","19ゴム製品製造業"
"004","0040","04870","00000","2016000000","5","事業所数","3人","190管理，補助的経済活動を行う事業所"
"004","0040","04900","00000","2016000000","4","事業所数","3人","191タイヤ・チューブ製造業"
"004","0040","04930","00000","2016000000","48","事業所数","3人","192ゴム製・プラスチック製履物・同附属品製造業"
"004","0040","04960","00000","2016000000","259","事業所数","3人","193ゴムベルト・ゴムホース・工業用ゴム製品製造業"
"004","0040","05000","00000","2016000000","58","事業所数","3人","199その他のゴム製品製造業"
"004","0040","05070","00000","2016000000","390","事業所数","3人","20なめし革・同製品・毛皮製造業"
"004","0040","05080","00000","2016000000","2","事業所数","3人","200管理，補助的経済活動を行う事業所"
"004","0040","05110","00000","2016000000","40","事業所数","3人","201なめし革製造業"
"004","0040","05130","00000","2016000000","3","事業所数","3人","202工業用革製品製造業（手袋を除く）"
"004","0040","05150","00000","2016000000","28","事業所数","3人","203革製履物用材料・同附属品製造業"
"004","0040","05170","00000","2016000000","75","事業所数","3人","204革製履物製造業"
"004","0040","05190","00000","2016000000","6","事業所数","3人","205革製手袋製造業"
"004","0040","05210","00000","2016000000","85","事業所数","3人","206かばん製造業"
"004","0040","05230","00000","2016000000","129","事業所数","3人","207袋物製造業"
"004","0040","05260","00000","2016000000","2","事業所数","3人","208毛皮製造業"
"004","0040","05280","00000","2016000000","20","事業所数","3人","209その他のなめし革製品製造業"
"004","0040","05300","00000","2016000000","1305","事業所数","3人","21窯業・土石製品製造業"
"004","0040","05310","00000","2016000000","45","事業所数","3人","210管理，補助的経済活動を行う事業所"
"004","0040","05340","00000","2016000000","111","事業所数","3人","211ガラス・同製品製造業"
"004","0040","05430","00000","2016000000","293","事業所数","3人","212セメント・同製品製造業"
"004","0040","05480","00000","2016000000","33","事業所数","3人","213建設用粘土製品製造業（陶磁器製を除く)"
"004","0040","05520","00000","2016000000","279","事業所数","3人","214陶磁器・同関連製品製造業"
"004","0040","05620","00000","2016000000","18","事業所数","3人","215耐火物製造業"
"004","0040","05660","00000","2016000000","14","事業所数","3人","216炭素・黒鉛製品製造業"
"004","0040","05690","00000","2016000000","30","事業所数","3人","217研磨材・同製品製造業"
"004","0040","05740","00000","2016000000","384","事業所数","3人","218骨材・石工品等製造業"
"004","0040","05810","00000","2016000000","98","事業所数","3人","219その他の窯業・土石製品製造業"
"004","0040","05870","00000","2016000000","553","事業所数","3人","22鉄鋼業"
"004","0040","05880","00000","2016000000","12","事業所数","3人","220管理，補助的経済活動を行う事業所"
"004","0040","05910","00000","2016000000","1","事業所数","3人","221製鉄業"
"004","0040","05950","00000","2016000000","1","事業所数","3人","222製鋼・製鋼圧延業"
"004","0040","05970","00000","2016000000","12","事業所数","3人","223製鋼を行わない鋼材製造業（表面処理鋼材を除く）"
"004","0040","06070","00000","2016000000","4","事業所数","3人","224表面処理鋼材製造業"
"004","0040","06100","00000","2016000000","137","事業所数","3人","225鉄素形材製造業"
"004","0040","06160","00000","2016000000","386","事業所数","3人","229その他の鉄鋼業"
"004","0040","06210","00000","2016000000","345","事業所数","3人","23非鉄金属製造業"
"004","0040","06220","00000","2016000000","14","事業所数","3人","230管理，補助的経済活動を行う事業所"
"004","0040","06250","00000","2016000000","1","事業所数","3人","231非鉄金属第１次製錬・精製業"
"004","0040","06290","00000","2016000000","44","事業所数","3人","232非鉄金属第２次製錬・精製業（非鉄金属合金製造業を含む）"
"004","0040","06330","00000","2016000000","54","事業所数","3人","233非鉄金属・同合金圧延業（抽伸，押出しを含む）"
"004","0040","06370","00000","2016000000","34","事業所数","3人","234電線・ケーブル製造業"
"004","0040","06400","00000","2016000000","148","事業所数","3人","235非鉄金属素形材製造業"
"004","0040","06460","00000","2016000000","50","事業所数","3人","239その他の非鉄金属製造業"
"004","0040","06490","00000","2016000000","4608","事業所数","3人","24金属製品製造業"
"004","0040","06500","00000","2016000000","50","事業所数","3人","240管理，補助的経済活動を行う事業所"
"004","0040","06530","00000","2016000000","18","事業所数","3人","241ブリキ缶・その他のめっき板等製品製造業"
"004","0040","06550","00000","2016000000","403","事業所数","3人","242洋食器・刃物・手道具・金物類製造業"
"004","0040","06630","00000","2016000000","154","事業所数","3人","243暖房・調理等装置，配管工事用附属品製造業"
"004","0040","06680","00000","2016000000","2112","事業所数","3人","244建設用・建築用金属製品製造業（製缶板金業を含む)"
"004","0040","06750","00000","2016000000","546","事業所数","3人","245金属素形材製品製造業"
"004","0040","06790","00000","2016000000","658","事業所数","3人","246金属被覆・彫刻業，熱処理業（ほうろう鉄器を除く）"
"004","0040","06860","00000","2016000000","110","事業所数","3人","247金属線製品製造業（ねじ類を除く)"
"004","0040","06890","00000","2016000000","236","事業所数","3人","248ボルト・ナット・リベット・小ねじ・木ねじ等製造業"
"004","0040","06910","00000","2016000000","321","事業所数","3人","249その他の金属製品製造業"
"004","0040","06950","00000","2016000000","1064","事業所数","3人","25はん用機械器具製造業"
"004","0040","06960","00000","2016000000","18","事業所数","3人","250管理，補助的経済活動を行う事業所"
"004","0040","06990","00000","2016000000","37","事業所数","3人","251ボイラ・原動機製造業"
"004","0040","07040","00000","2016000000","156","事業所数","3人","252ポンプ・圧縮機器製造業"
"004","0040","07080","00000","2016000000","336","事業所数","3人","253一般産業用機械・装置製造業"
"004","0040","07140","00000","2016000000","517","事業所数","3人","259その他のはん用機械・同部分品製造業"
"004","0040","07220","00000","2016000000","3221","事業所数","3人","26生産用機械器具製造業"
"004","0040","07230","00000","2016000000","40","事業所数","3人","260管理，補助的経済活動を行う事業所"
"004","0040","07260","00000","2016000000","97","事業所数","3人","261農業用機械製造業（農業用器具を除く）"
"004","0040","07280","00000","2016000000","170","事業所数","3人","262建設機械・鉱山機械製造業"
"004","0040","07300","00000","2016000000","66","事業所数","3人","263繊維機械製造業"
"004","0040","07360","00000","2016000000","356","事業所数","3人","264生活関連産業用機械製造業"
"004","0040","07420","00000","2016000000","220","事業所数","3人","265基礎素材産業用機械製造業"
"004","0040","07460","00000","2016000000","1088","事業所数","3人","266金属加工機械製造業"
"004","0040","07510","00000","2016000000","134","事業所数","3人","267半導体・フラットパネルディスプレイ製造装置製造業"
"004","0040","07540","00000","2016000000","1050","事業所数","3人","269その他の生産用機械・同部分品製造業"
"004","0040","07600","00000","2016000000","686","事業所数","3人","27業務用機械器具製造業"
"004","0040","07610","00000","2016000000","19","事業所数","3人","270管理，補助的経済活動を行う事業所"
"004","0040","07640","00000","2016000000","48","事業所数","3人","271事務用機械器具製造業"
"004","0040","07670","00000","2016000000","97","事業所数","3人","272サービス用・娯楽用機械器具製造業"
"004","0040","07720","00000","2016000000","249","事業所数","3人","273計量器・測定器・分析機器・試験機・測量機械器具・理化学機械器具製造業"
"004","0040","07820","00000","2016000000","196","事業所数","3人","274医療用機械器具・医療用品製造業"
"004","0040","07870","00000","2016000000","74","事業所数","3人","275光学機械器具・レンズ製造業"
"004","0040","07910","00000","2016000000","3","事業所数","3人","276武器製造業"
"004","0040","07930","00000","2016000000","441","事業所数","3人","28電子部品・デバイス・電子回路製造業"
"004","0040","07940","00000","2016000000","12","事業所数","3人","280管理，補助的経済活動を行う事業所"
"004","0040","07970","00000","2016000000","20","事業所数","3人","281電子デバイス製造業"
"004","0040","08030","00000","2016000000","104","事業所数","3人","282電子部品製造業"
"004","0040","08100","00000","2016000000","98","事業所数","3人","284電子回路製造業"
"004","0040","08130","00000","2016000000","16","事業所数","3人","285ユニット部品製造業"
"004","0040","08160","00000","2016000000","191","事業所数","3人","289その他の電子部品・デバイス・電子回路製造業"
"004","0040","08180","00000","2016000000","1110","事業所数","3人","29電気機械器具製造業"
"004","0040","08190","00000","2016000000","26","事業所数","3人","290管理，補助的経済活動を行う事業所"
"004","0040","08220","00000","2016000000","529","事業所数","3人","291発電用・送電用・配電用電気機械器具製造業"
"004","0040","08280","00000","2016000000","165","事業所数","3人","292産業用電気機械器具製造業"
"004","0040","08320","00000","2016000000","115","事業所数","3人","293民生用電気機械器具製造業"
"004","0040","08370","00000","2016000000","80","事業所数","3人","294電球・電気照明器具製造業"
"004","0040","08400","00000","2016000000","8","事業所数","3人","295電池製造業"
"004","0040","08430","00000","2016000000","70","事業所数","3人","296電子応用装置製造業"
"004","0040","08470","00000","2016000000","71","事業所数","3人","297電気計測器製造業"
"004","0040","08510","00000","2016000000","46","事業所数","3人","299その他の電気機械器具製造業"
"004","0040","08530","00000","2016000000","155","事業所数","3人","30情報通信機械器具製造業"
"004","0040","08540","00000","2016000000","10","事業所数","3人","300管理，補助的経済活動を行う事業所"
"004","0040","08570","00000","2016000000","27","事業所数","3人","301通信機械器具・同関連機械器具製造業"
"004","0040","08640","00000","2016000000","66","事業所数","3人","302映像・音響機械器具製造業"
"004","0040","08680","00000","2016000000","52","事業所数","3人","303電子計算機・同附属装置製造業"
"004","0040","08750","00000","2016000000","1212","事業所数","3人","31輸送用機械器具製造業"
"004","0040","08760","00000","2016000000","26","事業所数","3人","310管理，補助的経済活動を行う事業所"
"004","0040","08790","00000","2016000000","720","事業所数","3人","311自動車・同附属品製造業"
"004","0040","08830","00000","2016000000","58","事業所数","3人","312鉄道車両・同部分品製造業"
"004","0040","08860","00000","2016000000","263","事業所数","3人","313船舶製造・修理業，舶用機関製造業"
"004","0040","08910","00000","2016000000","35","事業所数","3人","314航空機・同附属品製造業"
"004","0040","08950","00000","2016000000","38","事業所数","3人","315産業用運搬車両・同部分品・附属品製造業"
"004","0040","08980","00000","2016000000","72","事業所数","3人","319その他の輸送用機械器具製造業"
"004","0040","09010","00000","2016000000","2117","事業所数","3人","32その他の製造業"
"004","0040","09020","00000","2016000000","11","事業所数","3人","320管理，補助的経済活動を行う事業所"
"004","0040","09050","00000","2016000000","113","事業所数","3人","321貴金属・宝石製品製造業"
"004","0040","09090","00000","2016000000","109","事業所数","3人","322装身具・装飾品・ボタン・同関連品製造業（貴金属・宝石製を除く）"
"004","0040","09150","00000","2016000000","10","事業所数","3人","323時計・同部分品製造業"
"004","0040","09170","00000","2016000000","35","事業所数","3人","324楽器製造業"
"004","0040","09200","00000","2016000000","220","事業所数","3人","325がん具・運動用具製造業"
"004","0040","09210","00000","2016000000","134","事業所数","3人","32Aがん具製造業"
"004","0040","09240","00000","2016000000","86","事業所数","3人","32B運動用具製造業"
"004","0040","09260","00000","2016000000","100","事業所数","3人","326ペン・鉛筆・絵画用品・その他の事務用品製造業"
"004","0040","09300","00000","2016000000","78","事業所数","3人","327漆器製造業"
"004","0040","09320","00000","2016000000","314","事業所数","3人","328畳等生活雑貨製品製造業"
"004","0040","09390","00000","2016000000","1127","事業所数","3人","329他に分類されない製造業"
"004","0040","09400","00000","2016000000","19","事業所数","3人","32C情報記録物製造業（新聞，書籍等の印刷物を除く）"
"004","0040","09420","00000","2016000000","1108","事業所数","3人","32D他に分類されないその他の製造業"
"004","0040","09500","00000","2016000000","247","事業所数","3人","F電気・ガス・熱供給・水道業"
"004","0040","09510","00000","2016000000","93","事業所数","3人","33電気業"
"004","0040","09520","00000","2016000000","18","事業所数","3人","330管理，補助的経済活動を行う事業所"
"004","0040","09530","00000","2016000000","75","事業所数","3人","331電気業"
"004","0040","09540","00000","2016000000","16","事業所数","3人","34ガス業"
"004","0040","09550","00000","2016000000","3","事業所数","3人","340管理，補助的経済活動を行う事業所"
"004","0040","09560","00000","2016000000","13","事業所数","3人","341ガス業"
"004","0040","09570","00000","2016000000","12","事業所数","3人","35熱供給業"
"004","0040","09580","00000","2016000000","2","事業所数","3人","350管理，補助的経済活動を行う事業所"
"004","0040","09590","00000","2016000000","10","事業所数","3人","351熱供給業"
"004","0040","09600","00000","2016000000","125","事業所数","3人","36水道業"
"004","0040","09610","00000","2016000000","5","事業所数","3人","360管理，補助的経済活動を行う事業所"
"004","0040","09620","00000","2016000000","36","事業所数","3人","361上水道業"
"004","0040","09630","00000","2016000000","1","事業所数","3人","362工業用水道業"
"004","0040","09640","00000","2016000000","83","事業所数","3人","363下水道業"
"004","0040","09650","00000","2016000000","4382","事業所数","3人","G情報通信業"
"004","0040","09660","00000","2016000000","1872","事業所数","3人","G1情報通信業（通信業，放送業，映像・音声・文字情報制作業）"
"004","0040","09670","00000","2016000000","220","事業所数","3人","37通信業"
"004","0040","09690","00000","2016000000","61","事業所数","3人","371固定電気通信業"
"004","0040","09700","00000","2016000000","34","事業所数","3人","372移動電気通信業"
"004","0040","09710","00000","2016000000","125","事業所数","3人","373電気通信に附帯するサービス業"
"004","0040","09720","00000","2016000000","156","事業所数","3人","38放送業"
"004","0040","09740","00000","2016000000","2","事業所数","3人","381公共放送業（有線放送業を除く）"
"004","0040","09750","00000","2016000000","100","事業所数","3人","382民間放送業（有線放送業を除く）"
"004","0040","09770","00000","2016000000","54","事業所数","3人","383有線放送業"
"004","0040","09780","00000","2016000000","1491","事業所数","3人","41映像・音声・文字情報制作業"
"004","0040","09790","00000","2016000000","5","事業所数","3人","410管理，補助的経済活動を行う事業所"
"004","0040","09800","00000","2016000000","311","事業所数","3人","411映像情報制作・配給業"
"004","0040","09810","00000","2016000000","51","事業所数","3人","412音声情報制作業"
"004","0040","09820","00000","2016000000","102","事業所数","3人","413新聞業"
"004","0040","09830","00000","2016000000","371","事業所数","3人","414出版業"
"004","0040","09840","00000","2016000000","245","事業所数","3人","415広告制作業"
"004","0040","09850","00000","2016000000","406","事業所数","3人","416映像・音声・文字情報制作に附帯するサービス業"
"004","0040","09860","00000","2016000000","2510","事業所数","3人","G2情報通信業（情報サービス業，インターネット附随サービス業）"
"004","0040","09870","00000","2016000000","2078","事業所数","3人","39情報サービス業"
"004","0040","09880","00000","2016000000","17","事業所数","3人","390管理，補助的経済活動を行う事業所"
"004","0040","09910","00000","2016000000","1632","事業所数","3人","391ソフトウェア業"
"004","0040","09960","00000","2016000000","429","事業所数","3人","392情報処理・提供サービス業"
"004","0040","09970","00000","2016000000","262","事業所数","3人","39A情報処理サービス業"
"004","0040","09990","00000","2016000000","80","事業所数","3人","39B情報提供サービス業"
"004","0040","10010","00000","2016000000","87","事業所数","3人","39Cその他の情報処理・提供サービス業"
"004","0040","10040","00000","2016000000","428","事業所数","3人","40インターネット附随サービス業"
"004","0040","10050","00000","2016000000","3","事業所数","3人","400管理，補助的経済活動を行う事業所"
"004","0040","10080","00000","2016000000","425","事業所数","3人","401インターネット附随サービス業"
"004","0040","10120","00000","2016000000","5864","事業所数","3人","H運輸業，郵便業"
"004","0040","10130","00000","2016000000","220","事業所数","3人","42鉄道業"
"004","0040","10140","00000","2016000000","5","事業所数","3人","420管理，補助的経済活動を行う事業所"
"004","0040","10150","00000","2016000000","215","事業所数","3人","421鉄道業"
"004","0040","10160","00000","2016000000","546","事業所数","3人","43道路旅客運送業"
"004","0040","10170","00000","2016000000","8","事業所数","3人","430管理，補助的経済活動を行う事業所"
"004","0040","10180","00000","2016000000","62","事業所数","3人","431一般乗合旅客自動車運送業"
"004","0040","10190","00000","2016000000","316","事業所数","3人","432一般乗用旅客自動車運送業"
"004","0040","10200","00000","2016000000","148","事業所数","3人","433一般貸切旅客自動車運送業"
"004","0040","10210","00000","2016000000","12","事業所数","3人","439その他の道路旅客運送業"
"004","0040","10220","00000","2016000000","2713","事業所数","3人","44道路貨物運送業"
"004","0040","10230","00000","2016000000","42","事業所数","3人","440管理，補助的経済活動を行う事業所"
"004","0040","10240","00000","2016000000","2224","事業所数","3人","441一般貨物自動車運送業"
"004","0040","10250","00000","2016000000","130","事業所数","3人","442特定貨物自動車運送業"
"004","0040","10260","00000","2016000000","225","事業所数","3人","443貨物軽自動車運送業"
"004","0040","10270","00000","2016000000","82","事業所数","3人","444集配利用運送業"
"004","0040","10280","00000","2016000000","10","事業所数","3人","449その他の道路貨物運送業"
"004","0040","10290","00000","2016000000","256","事業所数","3人","45水運業"
"004","0040","10300","00000","2016000000","2","事業所数","3人","450管理，補助的経済活動を行う事業所"
"004","0040","10310","00000","2016000000","14","事業所数","3人","451外航海運業"
"004","0040","10320","00000","2016000000","153","事業所数","3人","452沿海海運業"
"004","0040","10330","00000","2016000000","26","事業所数","3人","453内陸水運業"
"004","0040","10340","00000","2016000000","61","事業所数","3人","454船舶貸渡業"
"004","0040","10350","00000","2016000000","71","事業所数","3人","46航空運輸業"
"004","0040","10360","00000","2016000000","1","事業所数","3人","460管理，補助的経済活動を行う事業所"
"004","0040","10370","00000","2016000000","57","事業所数","3人","461航空運送業"
"004","0040","10380","00000","2016000000","13","事業所数","3人","462航空機使用業（航空運送業を除く）"
"004","0040","10390","00000","2016000000","771","事業所数","3人","47倉庫業"
"004","0040","10400","00000","2016000000","8","事業所数","3人","470管理，補助的経済活動を行う事業所"
"004","0040","10410","00000","2016000000","662","事業所数","3人","471倉庫業（冷蔵倉庫業を除く）"
"004","0040","10420","00000","2016000000","101","事業所数","3人","472冷蔵倉庫業"
"004","0040","10430","00000","2016000000","1274","事業所数","3人","48運輸に附帯するサービス業"
"004","0040","10440","00000","2016000000","19","事業所数","3人","480管理，補助的経済活動を行う事業所"
"004","0040","10450","00000","2016000000","135","事業所数","3人","481港湾運送業"
"004","0040","10460","00000","2016000000","295","事業所数","3人","482貨物運送取扱業（集配利用運送業を除く）"
"004","0040","10470","00000","2016000000","44","事業所数","3人","483運送代理店"
"004","0040","10480","00000","2016000000","166","事業所数","3人","484こん包業"
"004","0040","10490","00000","2016000000","54","事業所数","3人","485運輸施設提供業"
"004","0040","10500","00000","2016000000","561","事業所数","3人","489その他の運輸に附帯するサービス業"
"004","0040","10510","00000","2016000000","6","事業所数","3人","49郵便業（信書便事業を含む）"
"004","0040","10530","00000","2016000000","6","事業所数","3人","491郵便業（信書便事業を含む）"
"004","0040","10540","00000","2016000000","111454","事業所数","3人","I卸売業，小売業"
"004","0040","10550","00000","2016000000","34867","事業所数","3人","I1卸売業"
"004","0040","10560","00000","2016000000","139","事業所数","3人","50各種商品卸売業"
"004","0040","10570","00000","2016000000","4","事業所数","3人","500管理，補助的経済活動を行う事業所"
"004","0040","10610","00000","2016000000","135","事業所数","3人","501各種商品卸売業"
"004","0040","10640","00000","2016000000","135","事業所数","3人","50Bその他の各種商品卸売業"
"004","0040","10660","00000","2016000000","2030","事業所数","3人","51繊維・衣服等卸売業"
"004","0040","10670","00000","2016000000","36","事業所数","3人","510管理，補助的経済活動を行う事業所"
"004","0040","10710","00000","2016000000","366","事業所数","3人","511繊維品卸売業（衣服，身の回り品を除く）"
"004","0040","10750","00000","2016000000","923","事業所数","3人","512衣服卸売業"
"004","0040","10800","00000","2016000000","705","事業所数","3人","513身の回り品卸売業"
"004","0040","10850","00000","2016000000","6036","事業所数","3人","52飲食料品卸売業"
"004","0040","10860","00000","2016000000","99","事業所数","3人","520管理，補助的経済活動を行う事業所"
"004","0040","10900","00000","2016000000","3071","事業所数","3人","521農畜産物・水産物卸売業"
"004","0040","10910","00000","2016000000","346","事業所数","3人","52A米穀類卸売業"
"004","0040","10940","00000","2016000000","901","事業所数","3人","52B野菜・果実卸売業"
"004","0040","10970","00000","2016000000","559","事業所数","3人","52C食肉卸売業"
"004","0040","10990","00000","2016000000","1029","事業所数","3人","52D生鮮魚介卸売業"
"004","0040","11010","00000","2016000000","236","事業所数","3人","52Eその他の農畜産物・水産物卸売業"
"004","0040","11030","00000","2016000000","2866","事業所数","3人","522食料・飲料卸売業"
"004","0040","11120","00000","2016000000","8983","事業所数","3人","53建築材料，鉱物・金属材料等卸売業"
"004","0040","11130","00000","2016000000","144","事業所数","3人","530管理，補助的経済活動を行う事業所"
"004","0040","11170","00000","2016000000","3481","事業所数","3人","531建築材料卸売業"
"004","0040","11230","00000","2016000000","2028","事業所数","3人","532化学製品卸売業"
"004","0040","11270","00000","2016000000","526","事業所数","3人","533石油・鉱物卸売業"
"004","0040","11300","00000","2016000000","902","事業所数","3人","534鉄鋼製品卸売業"
"004","0040","11340","00000","2016000000","926","事業所数","3人","535非鉄金属卸売業"
"004","0040","11370","00000","2016000000","976","事業所数","3人","536再生資源卸売業"
"004","0040","11430","00000","2016000000","9795","事業所数","3人","54機械器具卸売業"
"004","0040","11440","00000","2016000000","137","事業所数","3人","540管理，補助的経済活動を行う事業所"
"004","0040","11480","00000","2016000000","4025","事業所数","3人","541産業機械器具卸売業"
"004","0040","11540","00000","2016000000","1794","事業所数","3人","542自動車卸売業"
"004","0040","11580","00000","2016000000","2455","事業所数","3人","543電気機械器具卸売業"
"004","0040","11610","00000","2016000000","1384","事業所数","3人","549その他の機械器具卸売業"
"004","0040","11650","00000","2016000000","7836","事業所数","3人","55その他の卸売業"
"004","0040","11660","00000","2016000000","104","事業所数","3人","550管理，補助的経済活動を行う事業所"
"004","0040","11700","00000","2016000000","1126","事業所数","3人","551家具・建具・じゅう器等卸売業"
"004","0040","11770","00000","2016000000","1192","事業所数","3人","552医薬品・化粧品等卸売業"
"004","0040","11820","00000","2016000000","652","事業所数","3人","553紙・紙製品卸売業"
"004","0040","11850","00000","2016000000","4762","事業所数","3人","559他に分類されない卸売業"
"004","0040","11860","00000","2016000000","147","事業所数","3人","55A代理商，仲立業"
"004","0040","11880","00000","2016000000","4615","事業所数","3人","55B他に分類されないその他の卸売業"
"004","0040","11970","00000","2016000000","76587","事業所数","3人","I2小売業"
"004","0040","11980","00000","2016000000","104","事業所数","3人","56各種商品小売業"
"004","0040","11990","00000","2016000000","4","事業所数","3人","560管理，補助的経済活動を行う事業所"
"004","0040","12050","00000","2016000000","100","事業所数","3人","569その他の各種商品小売業（従業者が常時50人未満のもの）"
"004","0040","12070","00000","2016000000","14254","事業所数","3人","57織物・衣服・身の回り品小売業"
"004","0040","12080","00000","2016000000","77","事業所数","3人","570管理，補助的経済活動を行う事業所"
"004","0040","12120","00000","2016000000","883","事業所数","3人","571呉服・服地・寝具小売業"
"004","0040","12150","00000","2016000000","1481","事業所数","3人","572男子服小売業"
"004","0040","12170","00000","2016000000","7100","事業所数","3人","573婦人・子供服小売業"
"004","0040","12200","00000","2016000000","1019","事業所数","3人","574靴・履物小売業"
"004","0040","12230","00000","2016000000","3694","事業所数","3人","579その他の織物・衣服・身の回り品小売業"
"004","0040","12280","00000","2016000000","17209","事業所数","3人","58飲食料品小売業"
"004","0040","12290","00000","2016000000","110","事業所数","3人","580管理，補助的経済活動を行う事業所"
"004","0040","12330","00000","2016000000","763","事業所数","3人","581各種食料品小売業"
"004","0040","12350","00000","2016000000","1409","事業所数","3人","582野菜・果実小売業"
"004","0040","12380","00000","2016000000","993","事業所数","3人","583食肉小売業"
"004","0040","12410","00000","2016000000","934","事業所数","3人","584鮮魚小売業"
"004","0040","12430","00000","2016000000","1315","事業所数","3人","585酒小売業"
"004","0040","12450","00000","2016000000","5617","事業所数","3人","586菓子・パン小売業"
"004","0040","12500","00000","2016000000","6068","事業所数","3人","589その他の飲食料品小売業"
"004","0040","12510","00000","2016000000","1493","事業所数","3人","58A料理品小売業"
"004","0040","12530","00000","2016000000","4575","事業所数","3人","58B他に分類されない飲食料品小売業"
"004","0040","12620","00000","2016000000","11043","事業所数","3人","59機械器具小売業"
"004","0040","12630","00000","2016000000","50","事業所数","3人","590管理，補助的経済活動を行う事業所"
"004","0040","12670","00000","2016000000","7071","事業所数","3人","591自動車小売業"
"004","0040","12720","00000","2016000000","411","事業所数","3人","592自転車小売業"
"004","0040","12740","00000","2016000000","3511","事業所数","3人","593機械器具小売業（自動車，自転車を除く）"
"004","0040","12790","00000","2016000000","31576","事業所数","3人","60その他の小売業"
"004","0040","12800","00000","2016000000","218","事業所数","3人","600管理，補助的経済活動を行う事業所"
"004","0040","12840","00000","2016000000","1276","事業所数","3人","601家具・建具・畳小売業"
"004","0040","12890","00000","2016000000","868","事業所数","3人","602じゅう器小売業"
"004","0040","12940","00000","2016000000","9330","事業所数","3人","603医薬品・化粧品小売業"
"004","0040","12990","00000","2016000000","1077","事業所数","3人","604農耕用品小売業"
"004","0040","13030","00000","2016000000","5205","事業所数","3人","605燃料小売業"
"004","0040","13060","00000","2016000000","1733","事業所数","3人","606書籍・文房具小売業"
"004","0040","13110","00000","2016000000","1558","事業所数","3人","607スポーツ用品・がん具・娯楽用品・楽器小売業"
"004","0040","13120","00000","2016000000","922","事業所数","3人","60Aスポーツ用品小売業"
"004","0040","13140","00000","2016000000","418","事業所数","3人","60Bがん具・娯楽用品小売業"
"004","0040","13160","00000","2016000000","218","事業所数","3人","60C楽器小売業"
"004","0040","13180","00000","2016000000","2405","事業所数","3人","608写真機・時計・眼鏡小売業"
"004","0040","13210","00000","2016000000","7906","事業所数","3人","609他に分類されない小売業"
"004","0040","13220","00000","2016000000","2241","事業所数","3人","60D花・植木小売業"
"004","0040","13240","00000","2016000000","416","事業所数","3人","60Eペット・ペット用品小売業"
"004","0040","13260","00000","2016000000","716","事業所数","3人","60F中古品小売業（他に分類されないもの）"
"004","0040","13290","00000","2016000000","4533","事業所数","3人","60G他に分類されないその他の小売業"
"004","0040","13350","00000","2016000000","2349","事業所数","3人","61無店舗小売業"
"004","0040","13360","00000","2016000000","15","事業所数","3人","610管理，補助的経済活動を行う事業所"
"004","0040","13400","00000","2016000000","1813","事業所数","3人","611通信販売・訪問販売小売業"
"004","0040","13460","00000","2016000000","73","事業所数","3人","612自動販売機による小売業"
"004","0040","13480","00000","2016000000","448","事業所数","3人","619その他の無店舗小売業"
"004","0040","13500","00000","2016000000","4918","事業所数","3人","J金融業，保険業"
"004","0040","13510","00000","2016000000","178","事業所数","3人","62銀行業"
"004","0040","13520","00000","2016000000","2","事業所数","3人","620管理，補助的経済活動を行う事業所"
"004","0040","13540","00000","2016000000","176","事業所数","3人","622銀行（中央銀行を除く）"
"004","0040","13560","00000","2016000000","306","事業所数","3人","63協同組織金融業"
"004","0040","13580","00000","2016000000","226","事業所数","3人","631中小企業等金融業"
"004","0040","13590","00000","2016000000","80","事業所数","3人","632農林水産金融業"
"004","0040","13600","00000","2016000000","415","事業所数","3人","64貸金業，クレジットカード業等非預金信用機関"
"004","0040","13620","00000","2016000000","125","事業所数","3人","641貸金業"
"004","0040","13630","00000","2016000000","113","事業所数","3人","642質屋"
"004","0040","13640","00000","2016000000","117","事業所数","3人","643クレジットカード業，割賦金融業"
"004","0040","13650","00000","2016000000","60","事業所数","3人","649その他の非預金信用機関"
"004","0040","13660","00000","2016000000","123","事業所数","3人","65金融商品取引業，商品先物取引業"
"004","0040","13680","00000","2016000000","116","事業所数","3人","651金融商品取引業"
"004","0040","13690","00000","2016000000","7","事業所数","3人","652商品先物取引業，商品投資顧問業"
"004","0040","13700","00000","2016000000","153","事業所数","3人","66補助的金融業等"
"004","0040","13710","00000","2016000000","1","事業所数","3人","660管理，補助的経済活動を行う事業所"
"004","0040","13720","00000","2016000000","84","事業所数","3人","661補助的金融業，金融附帯業"
"004","0040","13730","00000","2016000000","1","事業所数","3人","662信託業"
"004","0040","13740","00000","2016000000","67","事業所数","3人","663金融代理業"
"004","0040","13750","00000","2016000000","3731","事業所数","3人","67保険業（保険媒介代理業，保険サービス業を含む）"
"004","0040","13760","00000","2016000000","1","事業所数","3人","670管理，補助的経済活動を行う事業所"
"004","0040","13770","00000","2016000000","225","事業所数","3人","671生命保険業"
"004","0040","13780","00000","2016000000","99","事業所数","3人","672損害保険業"
"004","0040","13790","00000","2016000000","142","事業所数","3人","673共済事業，少額短期保険業"
"004","0040","13800","00000","2016000000","3147","事業所数","3人","674保険媒介代理業"
"004","0040","13810","00000","2016000000","117","事業所数","3人","675保険サービス業"
"004","0040","13820","00000","2016000000","16107","事業所数","3人","K不動産業，物品賃貸業"
"004","0040","13830","00000","2016000000","13520","事業所数","3人","K1不動産業"
"004","0040","13840","00000","2016000000","5817","事業所数","3人","68不動産取引業"
"004","0040","13850","00000","2016000000","7","事業所数","3人","680管理，補助的経済活動を行う事業所"
"004","0040","13880","00000","2016000000","1704","事業所数","3人","681建物売買業，土地売買業"
"004","0040","13910","00000","2016000000","4106","事業所数","3人","682不動産代理業・仲介業"
"004","0040","13930","00000","2016000000","7663","事業所数","3人","69不動産賃貸業・管理業"
"004","0040","13940","00000","2016000000","6","事業所数","3人","690管理，補助的経済活動を行う事業所"
"004","0040","13970","00000","2016000000","2047","事業所数","3人","691不動産賃貸業（貸家業，貸間業を除く）"
"004","0040","14010","00000","2016000000","2870","事業所数","3人","692貸家業，貸間業"
"004","0040","14040","00000","2016000000","661","事業所数","3人","693駐車場業"
"004","0040","14060","00000","2016000000","2079","事業所数","3人","694不動産管理業"
"004","0040","14080","00000","2016000000","2587","事業所数","3人","K2物品賃貸業"
"004","0040","14090","00000","2016000000","2587","事業所数","3人","70物品賃貸業"
"004","0040","14100","00000","2016000000","48","事業所数","3人","700管理，補助的経済活動を行う事業所"
"004","0040","14130","00000","2016000000","117","事業所数","3人","701各種物品賃貸業"
"004","0040","14160","00000","2016000000","920","事業所数","3人","702産業用機械器具賃貸業"
"004","0040","14190","00000","2016000000","37","事業所数","3人","703事務用機械器具賃貸業"
"004","0040","14220","00000","2016000000","451","事業所数","3人","704自動車賃貸業"
"004","0040","14240","00000","2016000000","46","事業所数","3人","705スポーツ・娯楽用品賃貸業"
"004","0040","14260","00000","2016000000","965","事業所数","3人","709その他の物品賃貸業"
"004","0040","14270","00000","2016000000","51","事業所数","3人","70A音楽・映像記録物賃貸業（別掲を除く）"
"004","0040","14290","00000","2016000000","914","事業所数","3人","70B他に分類されない物品賃貸業"
"004","0040","14330","00000","2016000000","18909","事業所数","3人","L学術研究，専門・技術サービス業"
"004","0040","14340","00000","2016000000","301","事業所数","3人","71学術・開発研究機関"
"004","0040","14350","00000","2016000000","4","事業所数","3人","710管理，補助的経済活動を行う事業所"
"004","0040","14370","00000","2016000000","260","事業所数","3人","711自然科学研究所"
"004","0040","14420","00000","2016000000","36","事業所数","3人","712人文・社会科学研究所"
"004","0040","14440","00000","2016000000","10639","事業所数","3人","72専門サービス業（他に分類されないもの）"
"004","0040","14450","00000","2016000000","4","事業所数","3人","720管理，補助的経済活動を行う事業所"
"004","0040","14470","00000","2016000000","1502","事業所数","3人","721法律事務所，特許事務所"
"004","0040","14480","00000","2016000000","1375","事業所数","3人","72A法律事務所"
"004","0040","14500","00000","2016000000","127","事業所数","3人","72B特許事務所"
"004","0040","14520","00000","2016000000","1650","事業所数","3人","722公証人役場，司法書士事務所，土地家屋調査士事務所"
"004","0040","14550","00000","2016000000","218","事業所数","3人","723行政書士事務所"
"004","0040","14570","00000","2016000000","3778","事業所数","3人","724公認会計士事務所，税理士事務所"
"004","0040","14580","00000","2016000000","284","事業所数","3人","72C公認会計士事務所"
"004","0040","14600","00000","2016000000","3494","事業所数","3人","72D税理士事務所"
"004","0040","14620","00000","2016000000","532","事業所数","3人","725社会保険労務士事務所"
"004","0040","14640","00000","2016000000","632","事業所数","3人","726デザイン業"
"004","0040","14660","00000","2016000000","8","事業所数","3人","727著述・芸術家業"
"004","0040","14690","00000","2016000000","733","事業所数","3人","728経営コンサルタント業，純粋持株会社"
"004","0040","14700","00000","2016000000","693","事業所数","3人","72E経営コンサルタント業"
"004","0040","14720","00000","2016000000","40","事業所数","3人","72F純粋持株会社"
"004","0040","14740","00000","2016000000","1582","事業所数","3人","729その他の専門サービス業"
"004","0040","14750","00000","2016000000","51","事業所数","3人","72G興信所"
"004","0040","14770","00000","2016000000","1531","事業所数","3人","72H他に分類されない専門サービス業"
"004","0040","14820","00000","2016000000","861","事業所数","3人","73広告業"
"004","0040","14830","00000","2016000000","3","事業所数","3人","730管理，補助的経済活動を行う事業所"
"004","0040","14860","00000","2016000000","858","事業所数","3人","731広告業"
"004","0040","14880","00000","2016000000","7101","事業所数","3人","74技術サービス業（他に分類されないもの）"
"004","0040","14890","00000","2016000000","18","事業所数","3人","740管理，補助的経済活動を行う事業所"
"004","0040","14910","00000","2016000000","1295","事業所数","3人","741獣医業"
"004","0040","14930","00000","2016000000","3669","事業所数","3人","742土木建築サービス業"
"004","0040","14940","00000","2016000000","2490","事業所数","3人","74A建築設計業"
"004","0040","14960","00000","2016000000","912","事業所数","3人","74B測量業"
"004","0040","14980","00000","2016000000","267","事業所数","3人","74Cその他の土木建築サービス業"
"004","0040","15000","00000","2016000000","425","事業所数","3人","743機械設計業"
"004","0040","15020","00000","2016000000","198","事業所数","3人","744商品・非破壊検査業"
"004","0040","15050","00000","2016000000","119","事業所数","3人","745計量証明業"
"004","0040","15090","00000","2016000000","803","事業所数","3人","746写真業"
"004","0040","15120","00000","2016000000","574","事業所数","3人","749その他の技術サービス業"
"004","0040","15140","00000","2016000000","49160","事業所数","3人","M宿泊業，飲食サービス業"
"004","0040","15150","00000","2016000000","2968","事業所数","3人","M1宿泊業"
"004","0040","15160","00000","2016000000","2968","事業所数","3人","75宿泊業"
"004","0040","15170","00000","2016000000","16","事業所数","3人","750管理，補助的経済活動を行う事業所"
"004","0040","15200","00000","2016000000","2123","事業所数","3人","751旅館，ホテル"
"004","0040","15220","00000","2016000000","161","事業所数","3人","752簡易宿所"
"004","0040","15240","00000","2016000000","57","事業所数","3人","753下宿業"
"004","0040","15260","00000","2016000000","610","事業所数","3人","759その他の宿泊業"
"004","0040","15270","00000","2016000000","109","事業所数","3人","75A会社・団体の宿泊所"
"004","0040","15290","00000","2016000000","501","事業所数","3人","75B他に分類されない宿泊業"
"004","0040","15320","00000","2016000000","46192","事業所数","3人","M2飲食店，持ち帰り・配達飲食サービス業"
"004","0040","15330","00000","2016000000","41297","事業所数","3人","76飲食店"
"004","0040","15340","00000","2016000000","178","事業所数","3人","760管理，補助的経済活動を行う事業所"
"004","0040","15370","00000","2016000000","3669","事業所数","3人","761食堂，レストラン（専門料理店を除く）"
"004","0040","15390","00000","2016000000","13141","事業所数","3人","762専門料理店"
"004","0040","15400","00000","2016000000","3491","事業所数","3人","76A日本料理店"
"004","0040","15420","00000","2016000000","4237","事業所数","3人","76B中華料理店"
"004","0040","15450","00000","2016000000","1278","事業所数","3人","76C焼肉店"
"004","0040","15470","00000","2016000000","4135","事業所数","3人","76Dその他の専門料理店"
"004","0040","15500","00000","2016000000","2690","事業所数","3人","763そば・うどん店"
"004","0040","15520","00000","2016000000","1454","事業所数","3人","764すし店"
"004","0040","15540","00000","2016000000","8056","事業所数","3人","765酒場，ビヤホール"
"004","0040","15560","00000","2016000000","7628","事業所数","3人","766バー，キャバレー，ナイトクラブ"
"004","0040","15580","00000","2016000000","3389","事業所数","3人","767喫茶店"
"004","0040","15600","00000","2016000000","1092","事業所数","3人","769その他の飲食店"
"004","0040","15610","00000","2016000000","67","事業所数","3人","76Eハンバーガー店"
"004","0040","15630","00000","2016000000","789","事業所数","3人","76Fお好み焼・焼きそば・たこ焼店"
"004","0040","15650","00000","2016000000","236","事業所数","3人","76G他に分類されない飲食店"
"004","0040","15670","00000","2016000000","4871","事業所数","3人","77持ち帰り・配達飲食サービス業"
"004","0040","15680","00000","2016000000","24","事業所数","3人","770管理，補助的経済活動を行う事業所"
"004","0040","15710","00000","2016000000","716","事業所数","3人","771持ち帰り飲食サービス業"
"004","0040","15730","00000","2016000000","4131","事業所数","3人","772配達飲食サービス業"
"004","0040","15750","00000","2016000000","31600","事業所数","3人","N生活関連サービス業，娯楽業"
"004","0040","15760","00000","2016000000","22853","事業所数","3人","78洗濯・理容・美容・浴場業"
"004","0040","15770","00000","2016000000","44","事業所数","3人","780管理，補助的経済活動を行う事業所"
"004","0040","15800","00000","2016000000","8283","事業所数","3人","781洗濯業"
"004","0040","15810","00000","2016000000","7978","事業所数","3人","78A普通洗濯業"
"004","0040","15840","00000","2016000000","305","事業所数","3人","78Bリネンサプライ業"
"004","0040","15860","00000","2016000000","3252","事業所数","3人","782理容業"
"004","0040","15880","00000","2016000000","8747","事業所数","3人","783美容業"
"004","0040","15900","00000","2016000000","330","事業所数","3人","784一般公衆浴場業"
"004","0040","15920","00000","2016000000","144","事業所数","3人","785その他の公衆浴場業"
"004","0040","15940","00000","2016000000","2053","事業所数","3人","789その他の洗濯・理容・美容・浴場業"
"004","0040","16000","00000","2016000000","5453","事業所数","3人","79その他の生活関連サービス業"
"004","0040","16010","00000","2016000000","14","事業所数","3人","790管理，補助的経済活動を行う事業所"
"004","0040","16040","00000","2016000000","885","事業所数","3人","791旅行業"
"004","0040","16070","00000","2016000000","613","事業所数","3人","793衣服裁縫修理業"
"004","0040","16090","00000","2016000000","175","事業所数","3人","794物品預り業"
"004","0040","16110","00000","2016000000","146","事業所数","3人","795火葬・墓地管理業"
"004","0040","16140","00000","2016000000","1092","事業所数","3人","796冠婚葬祭業"
"004","0040","16150","00000","2016000000","954","事業所数","3人","79A葬儀業"
"004","0040","16170","00000","2016000000","43","事業所数","3人","79B結婚式場業"
"004","0040","16190","00000","2016000000","95","事業所数","3人","79C冠婚葬祭互助会"
"004","0040","16210","00000","2016000000","2528","事業所数","3人","799他に分類されない生活関連サービス業"
"004","0040","16220","00000","2016000000","329","事業所数","3人","79D写真プリント，現像・焼付業"
"004","0040","16240","00000","2016000000","2199","事業所数","3人","79E他に分類されないその他の生活関連サービス業"
"004","0040","16280","00000","2016000000","3286","事業所数","3人","80娯楽業"
"004","0040","16290","00000","2016000000","53","事業所数","3人","800管理，補助的経済活動を行う事業所"
"004","0040","16320","00000","2016000000","21","事業所数","3人","801映画館"
"004","0040","16340","00000","2016000000","243","事業所数","3人","802興行場（別掲を除く），興行団"
"004","0040","16400","00000","2016000000","67","事業所数","3人","803競輪・競馬等の競走場，競技団"
"004","0040","16470","00000","2016000000","1292","事業所数","3人","804スポーツ施設提供業"
"004","0040","16480","00000","2016000000","256","事業所数","3人","80Aスポーツ施設提供業（別掲を除く）"
"004","0040","16500","00000","2016000000","81","事業所数","3人","80B体育館"
"004","0040","16520","00000","2016000000","42","事業所数","3人","80Cゴルフ場"
"004","0040","16540","00000","2016000000","155","事業所数","3人","80Dゴルフ練習場"
"004","0040","16560","00000","2016000000","24","事業所数","3人","80Eボウリング場"
"004","0040","16580","00000","2016000000","47","事業所数","3人","80Fテニス場"
"004","0040","16600","00000","2016000000","52","事業所数","3人","80Gバッティング・テニス練習場"
"004","0040","16620","00000","2016000000","635","事業所数","3人","80Hフィットネスクラブ"
"004","0040","16640","00000","2016000000","120","事業所数","3人","805公園，遊園地"
"004","0040","16680","00000","2016000000","693","事業所数","3人","806遊戯場"
"004","0040","16690","00000","2016000000","242","事業所数","3人","80Jマージャンクラブ"
"004","0040","16710","00000","2016000000","158","事業所数","3人","80Kパチンコホール"
"004","0040","16730","00000","2016000000","208","事業所数","3人","80Lゲームセンター"
"004","0040","16750","00000","2016000000","85","事業所数","3人","80Mその他の遊戯場"
"004","0040","16790","00000","2016000000","797","事業所数","3人","809その他の娯楽業"
"004","0040","16800","00000","2016000000","266","事業所数","3人","80Nカラオケボックス業"
"004","0040","16820","00000","2016000000","531","事業所数","3人","80P他に分類されない娯楽業"
"004","0040","16890","00000","2016000000","9107","事業所数","3人","O教育，学習支援業"
"004","0040","16900","00000","2016000000","306","事業所数","3人","O1教育，学習支援業（学校教育）"
"004","0040","16910","00000","2016000000","306","事業所数","3人","81学校教育"
"004","0040","16920","00000","2016000000","22","事業所数","3人","810管理，補助的経済活動を行う事業所"
"004","0040","16940","00000","2016000000","70","事業所数","3人","811幼稚園"
"004","0040","16960","00000","2016000000","2","事業所数","3人","819幼保連携型認定こども園"
"004","0040","16980","00000","2016000000","2","事業所数","3人","812小学校"
"004","0040","17020","00000","2016000000","38","事業所数","3人","814高等学校，中等教育学校"
"004","0040","17070","00000","2016000000","69","事業所数","3人","816高等教育機関"
"004","0040","17110","00000","2016000000","100","事業所数","3人","817専修学校，各種学校"
"004","0040","17160","00000","2016000000","8801","事業所数","3人","O2教育，学習支援業（その他の教育，学習支援業）"
"004","0040","17170","00000","2016000000","8801","事業所数","3人","82その他の教育，学習支援業"
"004","0040","17180","00000","2016000000","27","事業所数","3人","820管理，補助的経済活動を行う事業所"
"004","0040","17210","00000","2016000000","417","事業所数","3人","821社会教育"
"004","0040","17220","00000","2016000000","110","事業所数","3人","82A公民館"
"004","0040","17240","00000","2016000000","42","事業所数","3人","82B図書館"
"004","0040","17260","00000","2016000000","204","事業所数","3人","82C博物館，美術館"
"004","0040","17280","00000","2016000000","12","事業所数","3人","82D動物園，植物園，水族館"
"004","0040","17300","00000","2016000000","49","事業所数","3人","82Eその他の社会教育"
"004","0040","17340","00000","2016000000","264","事業所数","3人","822職業・教育支援施設"
"004","0040","17380","00000","2016000000","4421","事業所数","3人","823学習塾"
"004","0040","17400","00000","2016000000","3358","事業所数","3人","824教養・技能教授業"
"004","0040","17410","00000","2016000000","503","事業所数","3人","82F音楽教授業"
"004","0040","17430","00000","2016000000","114","事業所数","3人","82G書道教授業"
"004","0040","17450","00000","2016000000","27","事業所数","3人","82H生花・茶道教授業"
"004","0040","17470","00000","2016000000","285","事業所数","3人","82Jそろばん教授業"
"004","0040","17490","00000","2016000000","622","事業所数","3人","82K外国語会話教授業"
"004","0040","17510","00000","2016000000","540","事業所数","3人","82Lスポーツ・健康教授業"
"004","0040","17530","00000","2016000000","1267","事業所数","3人","82Mその他の教養・技能教授業"
"004","0040","17550","00000","2016000000","301","事業所数","3人","829他に分類されない教育，学習支援業"
"004","0040","17570","00000","2016000000","30325","事業所数","3人","P医療，福祉"
"004","0040","17580","00000","2016000000","21354","事業所数","3人","83医療業"
"004","0040","17590","00000","2016000000","22","事業所数","3人","830管理，補助的経済活動を行う事業所"
"004","0040","17620","00000","2016000000","29","事業所数","3人","831病院"
"004","0040","17650","00000","2016000000","5410","事業所数","3人","832一般診療所"
"004","0040","17680","00000","2016000000","9556","事業所数","3人","833歯科診療所"
"004","0040","17700","00000","2016000000","379","事業所数","3人","834助産・看護業"
"004","0040","17710","00000","2016000000","28","事業所数","3人","83A助産所"
"004","0040","17730","00000","2016000000","351","事業所数","3人","83B看護業"
"004","0040","17750","00000","2016000000","5483","事業所数","3人","835療術業"
"004","0040","17780","00000","2016000000","475","事業所数","3人","836医療に附帯するサービス業"
"004","0040","17790","00000","2016000000","381","事業所数","3人","83C歯科技工所"
"004","0040","17810","00000","2016000000","94","事業所数","3人","83Dその他の医療に附帯するサービス業"
"004","0040","17830","00000","2016000000","146","事業所数","3人","84保健衛生"
"004","0040","17870","00000","2016000000","102","事業所数","3人","842健康相談施設"
"004","0040","17920","00000","2016000000","44","事業所数","3人","849その他の保健衛生"
"004","0040","17960","00000","2016000000","8803","事業所数","3人","85社会保険・社会福祉・介護事業"
"004","0040","17970","00000","2016000000","80","事業所数","3人","850管理，補助的経済活動を行う事業所"
"004","0040","18000","00000","2016000000","279","事業所数","3人","851社会保険事業団体"
"004","0040","18020","00000","2016000000","1855","事業所数","3人","853児童福祉事業"
"004","0040","18030","00000","2016000000","633","事業所数","3人","85A保育所"
"004","0040","18050","00000","2016000000","1222","事業所数","3人","85Bその他の児童福祉事業"
"004","0040","18070","00000","2016000000","4167","事業所数","3人","854老人福祉・介護事業"
"004","0040","18080","00000","2016000000","62","事業所数","3人","85C特別養護老人ホーム"
"004","0040","18100","00000","2016000000","22","事業所数","3人","85D介護老人保健施設"
"004","0040","18120","00000","2016000000","1044","事業所数","3人","85E通所・短期入所介護事業"
"004","0040","18140","00000","2016000000","1022","事業所数","3人","85F訪問介護事業"
"004","0040","18160","00000","2016000000","84","事業所数","3人","85G認知症老人グループホーム"
"004","0040","18180","00000","2016000000","186","事業所数","3人","85H有料老人ホーム"
"004","0040","18200","00000","2016000000","1747","事業所数","3人","85Jその他の老人福祉・介護事業"
"004","0040","18220","00000","2016000000","2079","事業所数","3人","855障害者福祉事業"
"004","0040","18250","00000","2016000000","343","事業所数","3人","859その他の社会保険・社会福祉・介護事業"
"004","0040","18260","00000","2016000000","11","事業所数","3人","85K更生保護事業"
"004","0040","18280","00000","2016000000","332","事業所数","3人","85L他に分類されない社会保険・社会福祉・介護事業"
"004","0040","18300","00000","2016000000","4721","事業所数","3人","Q複合サービス事業"
"004","0040","18310","00000","2016000000","4348","事業所数","3人","Q1複合サービス事業（郵便局）"
"004","0040","18320","00000","2016000000","4348","事業所数","3人","86郵便局"
"004","0040","18340","00000","2016000000","4006","事業所数","3人","861郵便局"
"004","0040","18350","00000","2016000000","342","事業所数","3人","862郵便局受託業"
"004","0040","18370","00000","2016000000","373","事業所数","3人","Q2複合サービス事業（協同組合）"
"004","0040","18380","00000","2016000000","373","事業所数","3人","87協同組合（他に分類されないもの）"
"004","0040","18390","00000","2016000000","5","事業所数","3人","870管理，補助的経済活動を行う事業所"
"004","0040","18410","00000","2016000000","261","事業所数","3人","871農林水産業協同組合（他に分類されないもの）"
"004","0040","18460","00000","2016000000","107","事業所数","3人","872事業協同組合（他に分類されないもの）"
"004","0040","18480","00000","2016000000","28014","事業所数","3人","Rサービス業（他に分類されないもの）"
"004","0040","18490","00000","2016000000","12429","事業所数","3人","R1サービス業（政治・経済・文化団体，宗教）"
"004","0040","18500","00000","2016000000","4916","事業所数","3人","93政治・経済・文化団体"
"004","0040","18510","00000","2016000000","2152","事業所数","3人","931経済団体"
"004","0040","18520","00000","2016000000","536","事業所数","3人","932労働団体"
"004","0040","18530","00000","2016000000","137","事業所数","3人","933学術・文化団体"
"004","0040","18540","00000","2016000000","201","事業所数","3人","934政治団体"
"004","0040","18550","00000","2016000000","1890","事業所数","3人","939他に分類されない非営利的団体"
"004","0040","18560","00000","2016000000","7508","事業所数","3人","94宗教"
"004","0040","18570","00000","2016000000","651","事業所数","3人","941神道系宗教"
"004","0040","18580","00000","2016000000","5950","事業所数","3人","942仏教系宗教"
"004","0040","18590","00000","2016000000","273","事業所数","3人","943キリスト教系宗教"
"004","0040","18600","00000","2016000000","634","事業所数","3人","949その他の宗教"
"004","0040","18610","00000","2016000000","15585","事業所数","3人","R2サービス業（政治・経済・文化団体，宗教を除く）"
"004","0040","18620","00000","2016000000","1591","事業所数","3人","88廃棄物処理業"
"004","0040","18630","00000","2016000000","18","事業所数","3人","880管理，補助的経済活動を行う事業所"
"004","0040","18660","00000","2016000000","840","事業所数","3人","881一般廃棄物処理業"
"004","0040","18730","00000","2016000000","730","事業所数","3人","882産業廃棄物処理業"
"004","0040","18780","00000","2016000000","3","事業所数","3人","889その他の廃棄物処理業"
"004","0040","18810","00000","2016000000","4720","事業所数","3人","89自動車整備業"
"004","0040","18820","00000","2016000000","3","事業所数","3人","890管理，補助的経済活動を行う事業所"
"004","0040","18840","00000","2016000000","4717","事業所数","3人","891自動車整備業"
"004","0040","18870","00000","2016000000","2147","事業所数","3人","90機械等修理業（別掲を除く）"
"004","0040","18880","00000","2016000000","11","事業所数","3人","900管理，補助的経済活動を行う事業所"
"004","0040","18910","00000","2016000000","1282","事業所数","3人","901機械修理業（電気機械器具を除く）"
"004","0040","18940","00000","2016000000","506","事業所数","3人","902電気機械器具修理業"
"004","0040","18960","00000","2016000000","43","事業所数","3人","903表具業"
"004","0040","18980","00000","2016000000","305","事業所数","3人","909その他の修理業"
"004","0040","19040","00000","2016000000","1360","事業所数","3人","91職業紹介・労働者派遣業"
"004","0040","19050","00000","2016000000","12","事業所数","3人","910管理，補助的経済活動を行う事業所"
"004","0040","19080","00000","2016000000","545","事業所数","3人","911職業紹介業"
"004","0040","19100","00000","2016000000","803","事業所数","3人","912労働者派遣業"
"004","0040","19120","00000","2016000000","5298","事業所数","3人","92その他の事業サービス業"
"004","0040","19130","00000","2016000000","44","事業所数","3人","920管理，補助的経済活動を行う事業所"
"004","0040","19160","00000","2016000000","130","事業所数","3人","921速記・ワープロ入力・複写業"
"004","0040","19190","00000","2016000000","1896","事業所数","3人","922建物サービス業"
"004","0040","19220","00000","2016000000","347","事業所数","3人","923警備業"
"004","0040","19240","00000","2016000000","2881","事業所数","3人","929他に分類されない事業サービス業"
"004","0040","19300","00000","2016000000","353","事業所数","3人","95その他のサービス業"
"004","0040","19330","00000","2016000000","297","事業所数","3人","951集会場"
"004","0040","19350","00000","2016000000","3","事業所数","3人","952と畜場"
"004","0040","19370","00000","2016000000","53","事業所数","3人","959他に分類されないサービス業"
"004","0050","00010","00000","2016000000","307874","事業所数","4人","A～R全産業（Ｓ公務を除く）"
"004","0050","00020","00000","2016000000","2505","事業所数","4人","A～B農林漁業"
"004","0050","00030","00000","2016000000","2265","事業所数","4人","A農業，林業"
"004","0050","00040","00000","2016000000","2087","事業所数","4人","01農業"
"004","0050","00050","00000","2016000000","4","事業所数","4人","010管理，補助的経済活動を行う事業所"
"004","0050","00080","00000","2016000000","889","事業所数","4人","011耕種農業"
"004","0050","00170","00000","2016000000","608","事業所数","4人","012畜産農業"
"004","0050","00250","00000","2016000000","361","事業所数","4人","013農業サービス業（園芸サービス業を除く）"
"004","0050","00300","00000","2016000000","225","事業所数","4人","014園芸サービス業"
"004","0050","00320","00000","2016000000","178","事業所数","4人","02林業"
"004","0050","00360","00000","2016000000","66","事業所数","4人","021育林業"
"004","0050","00380","00000","2016000000","39","事業所数","4人","022素材生産業"
"004","0050","00400","00000","2016000000","4","事業所数","4人","023特用林産物生産業（きのこ類の栽培を除く）"
"004","0050","00430","00000","2016000000","67","事業所数","4人","024林業サービス業"
"004","0050","00480","00000","2016000000","2","事業所数","4人","029その他の林業"
"004","0050","00500","00000","2016000000","234","事業所数","4人","B漁業"
"004","0050","00510","00000","2016000000","89","事業所数","4人","03漁業（水産養殖業を除く）"
"004","0050","00520","00000","2016000000","2","事業所数","4人","030管理，補助的経済活動を行う事業所"
"004","0050","00550","00000","2016000000","85","事業所数","4人","031海面漁業"
"004","0050","00650","00000","2016000000","2","事業所数","4人","032内水面漁業"
"004","0050","00670","00000","2016000000","145","事業所数","4人","04水産養殖業"
"004","0050","00710","00000","2016000000","84","事業所数","4人","041海面養殖業"
"004","0050","00780","00000","2016000000","61","事業所数","4人","042内水面養殖業"
"004","0050","00800","00000","2016000000","305369","事業所数","4人","C～R非農林漁業（Ｓ公務を除く）"
"004","0050","00810","00000","2016000000","150","事業所数","4人","C鉱業，採石業，砂利採取業"
"004","0050","00820","00000","2016000000","150","事業所数","4人","05鉱業，採石業，砂利採取業"
"004","0050","00830","00000","2016000000","8","事業所数","4人","050管理，補助的経済活動を行う事業所"
"004","0050","00910","00000","2016000000","1","事業所数","4人","052石炭・亜炭鉱業"
"004","0050","00970","00000","2016000000","124","事業所数","4人","054採石業，砂・砂利・玉石採取業"
"004","0050","01070","00000","2016000000","12","事業所数","4人","055窯業原料用鉱物鉱業（耐火物・陶磁器・ガラス・セメント原料用に限る）"
"004","0050","01160","00000","2016000000","3","事業所数","4人","059その他の鉱業"
"004","0050","01220","00000","2016000000","32903","事業所数","4人","D建設業"
"004","0050","01230","00000","2016000000","14927","事業所数","4人","06総合工事業"
"004","0050","01240","00000","2016000000","29","事業所数","4人","060管理，補助的経済活動を行う事業所"
"004","0050","01250","00000","2016000000","581","事業所数","4人","061一般土木建築工事業"
"004","0050","01260","00000","2016000000","6080","事業所数","4人","062土木工事業（舗装工事業を除く）"
"004","0050","01270","00000","2016000000","406","事業所数","4人","063舗装工事業"
"004","0050","01280","00000","2016000000","3749","事業所数","4人","064建築工事業（木造建築工事業を除く)"
"004","0050","01290","00000","2016000000","2715","事業所数","4人","065木造建築工事業"
"004","0050","01300","00000","2016000000","1367","事業所数","4人","066建築リフォーム工事業"
"004","0050","01310","00000","2016000000","9147","事業所数","4人","07職別工事業（設備工事業を除く）"
"004","0050","01320","00000","2016000000","18","事業所数","4人","070管理，補助的経済活動を行う事業所"
"004","0050","01330","00000","2016000000","634","事業所数","4人","071大工工事業"
"004","0050","01340","00000","2016000000","1587","事業所数","4人","072とび・土工・コンクリート工事業"
"004","0050","01350","00000","2016000000","610","事業所数","4人","073鉄骨・鉄筋工事業"
"004","0050","01360","00000","2016000000","362","事業所数","4人","074石工・れんが・タイル・ブロック工事業"
"004","0050","01370","00000","2016000000","511","事業所数","4人","075左官工事業"
"004","0050","01380","00000","2016000000","765","事業所数","4人","076板金・金物工事業"
"004","0050","01390","00000","2016000000","1655","事業所数","4人","077塗装工事業"
"004","0050","01400","00000","2016000000","1230","事業所数","4人","078床・内装工事業"
"004","0050","01410","00000","2016000000","1775","事業所数","4人","079その他の職別工事業"
"004","0050","01420","00000","2016000000","8818","事業所数","4人","08設備工事業"
"004","0050","01430","00000","2016000000","14","事業所数","4人","080管理，補助的経済活動を行う事業所"
"004","0050","01440","00000","2016000000","3374","事業所数","4人","081電気工事業"
"004","0050","01450","00000","2016000000","777","事業所数","4人","082電気通信・信号装置工事業"
"004","0050","01460","00000","2016000000","3369","事業所数","4人","083管工事業（さく井工事業を除く）"
"004","0050","01470","00000","2016000000","761","事業所数","4人","084機械器具設置工事業"
"004","0050","01480","00000","2016000000","523","事業所数","4人","089その他の設備工事業"
"004","0050","01490","00000","2016000000","24467","事業所数","4人","E製造業"
"004","0050","01500","00000","2016000000","2728","事業所数","4人","09食料品製造業"
"004","0050","01510","00000","2016000000","28","事業所数","4人","090管理，補助的経済活動を行う事業所"
"004","0050","01540","00000","2016000000","128","事業所数","4人","091畜産食料品製造業"
"004","0050","01600","00000","2016000000","522","事業所数","4人","092水産食料品製造業"
"004","0050","01680","00000","2016000000","175","事業所数","4人","093野菜缶詰・果実缶詰・農産保存食料品製造業"
"004","0050","01710","00000","2016000000","169","事業所数","4人","094調味料製造業"
"004","0050","01770","00000","2016000000","4","事業所数","4人","095糖類製造業"
"004","0050","01810","00000","2016000000","70","事業所数","4人","096精穀・製粉業"
"004","0050","01850","00000","2016000000","586","事業所数","4人","097パン・菓子製造業"
"004","0050","01910","00000","2016000000","16","事業所数","4人","098動植物油脂製造業"
"004","0050","01940","00000","2016000000","1030","事業所数","4人","099その他の食料品製造業"
"004","0050","02040","00000","2016000000","524","事業所数","4人","10飲料・たばこ・飼料製造業"
"004","0050","02050","00000","2016000000","3","事業所数","4人","100管理，補助的経済活動を行う事業所"
"004","0050","02080","00000","2016000000","62","事業所数","4人","101清涼飲料製造業"
"004","0050","02100","00000","2016000000","139","事業所数","4人","102酒類製造業"
"004","0050","02150","00000","2016000000","172","事業所数","4人","103茶・コーヒー製造業（清涼飲料を除く）"
"004","0050","02180","00000","2016000000","30","事業所数","4人","104製氷業"
"004","0050","02240","00000","2016000000","118","事業所数","4人","106飼料・有機質肥料製造業"
"004","0050","02280","00000","2016000000","1893","事業所数","4人","11繊維工業"
"004","0050","02290","00000","2016000000","14","事業所数","4人","110管理，補助的経済活動を行う事業所"
"004","0050","02320","00000","2016000000","91","事業所数","4人","111製糸業，紡績業，化学繊維・ねん糸等製造業"
"004","0050","02420","00000","2016000000","214","事業所数","4人","112織物業"
"004","0050","02490","00000","2016000000","41","事業所数","4人","113ニット生地製造業"
"004","0050","02530","00000","2016000000","136","事業所数","4人","114染色整理業"
"004","0050","02620","00000","2016000000","130","事業所数","4人","115綱・網・レース・繊維粗製品製造業"
"004","0050","02720","00000","2016000000","567","事業所数","4人","116外衣・シャツ製造業（和式を除く）"
"004","0050","02820","00000","2016000000","50","事業所数","4人","117下着類製造業"
"004","0050","02870","00000","2016000000","195","事業所数","4人","118和装製品・その他の衣服・繊維製身の回り品製造業"
"004","0050","02950","00000","2016000000","455","事業所数","4人","119その他の繊維製品製造業"
"004","0050","03050","00000","2016000000","856","事業所数","4人","12木材・木製品製造業（家具を除く）"
"004","0050","03060","00000","2016000000","11","事業所数","4人","120管理，補助的経済活動を行う事業所"
"004","0050","03090","00000","2016000000","475","事業所数","4人","121製材業，木製品製造業"
"004","0050","03140","00000","2016000000","168","事業所数","4人","122造作材・合板・建築用組立材料製造業"
"004","0050","03230","00000","2016000000","83","事業所数","4人","123木製容器製造業（竹，とうを含む）"
"004","0050","03270","00000","2016000000","119","事業所数","4人","129その他の木製品製造業（竹，とうを含む)"
"004","0050","03310","00000","2016000000","1008","事業所数","4人","13家具・装備品製造業"
"004","0050","03320","00000","2016000000","9","事業所数","4人","130管理，補助的経済活動を行う事業所"
"004","0050","03350","00000","2016000000","542","事業所数","4人","131家具製造業"
"004","0050","03390","00000","2016000000","66","事業所数","4人","132宗教用具製造業"
"004","0050","03410","00000","2016000000","274","事業所数","4人","133建具製造業"
"004","0050","03430","00000","2016000000","117","事業所数","4人","139その他の家具・装備品製造業"
"004","0050","03480","00000","2016000000","585","事業所数","4人","14パルプ・紙・紙加工品製造業"
"004","0050","03490","00000","2016000000","9","事業所数","4人","140管理，補助的経済活動を行う事業所"
"004","0050","03540","00000","2016000000","21","事業所数","4人","142紙製造業"
"004","0050","03580","00000","2016000000","21","事業所数","4人","143加工紙製造業"
"004","0050","03620","00000","2016000000","87","事業所数","4人","144紙製品製造業"
"004","0050","03660","00000","2016000000","339","事業所数","4人","145紙製容器製造業"
"004","0050","03710","00000","2016000000","108","事業所数","4人","149その他のパルプ・紙・紙加工品製造業"
"004","0050","03730","00000","2016000000","1693","事業所数","4人","15印刷・同関連業"
"004","0050","03740","00000","2016000000","26","事業所数","4人","150管理，補助的経済活動を行う事業所"
"004","0050","03770","00000","2016000000","1320","事業所数","4人","151印刷業"
"004","0050","03810","00000","2016000000","97","事業所数","4人","152製版業"
"004","0050","03830","00000","2016000000","233","事業所数","4人","153製本業，印刷物加工業"
"004","0050","03860","00000","2016000000","17","事業所数","4人","159印刷関連サービス業"
"004","0050","03880","00000","2016000000","380","事業所数","4人","16化学工業"
"004","0050","03890","00000","2016000000","32","事業所数","4人","160管理，補助的経済活動を行う事業所"
"004","0050","03920","00000","2016000000","11","事業所数","4人","161化学肥料製造業"
"004","0050","03960","00000","2016000000","70","事業所数","4人","162無機化学工業製品製造業"
"004","0050","04020","00000","2016000000","30","事業所数","4人","163有機化学工業製品製造業"
"004","0050","04100","00000","2016000000","79","事業所数","4人","164油脂加工製品・石けん・合成洗剤・界面活性剤・塗料製造業"
"004","0050","04180","00000","2016000000","39","事業所数","4人","165医薬品製造業"
"004","0050","04240","00000","2016000000","34","事業所数","4人","166化粧品・歯磨・その他の化粧用調整品製造業"
"004","0050","04280","00000","2016000000","85","事業所数","4人","169その他の化学工業"
"004","0050","04370","00000","2016000000","131","事業所数","4人","17石油製品・石炭製品製造業"
"004","0050","04410","00000","2016000000","3","事業所数","4人","171石油精製業"
"004","0050","04430","00000","2016000000","5","事業所数","4人","172潤滑油・グリース製造業（石油精製業によらないもの）"
"004","0050","04450","00000","2016000000","1","事業所数","4人","173コークス製造業"
"004","0050","04470","00000","2016000000","108","事業所数","4人","174舗装材料製造業"
"004","0050","04490","00000","2016000000","14","事業所数","4人","179その他の石油製品・石炭製品製造業"
"004","0050","04510","00000","2016000000","1330","事業所数","4人","18プラスチック製品製造業（別掲を除く）"
"004","0050","04520","00000","2016000000","25","事業所数","4人","180管理，補助的経済活動を行う事業所"
"004","0050","04550","00000","2016000000","95","事業所数","4人","181プラスチック板・棒・管・継手・異形押出製品製造業"
"004","0050","04610","00000","2016000000","190","事業所数","4人","182プラスチックフィルム・シート・床材・合成皮革製造業"
"004","0050","04670","00000","2016000000","404","事業所数","4人","183工業用プラスチック製品製造業"
"004","0050","04720","00000","2016000000","159","事業所数","4人","184発泡・強化プラスチック製品製造業"
"004","0050","04780","00000","2016000000","108","事業所数","4人","185プラスチック成形材料製造業（廃プラスチックを含む）"
"004","0050","04810","00000","2016000000","349","事業所数","4人","189その他のプラスチック製品製造業"
"004","0050","04860","00000","2016000000","315","事業所数","4人","19ゴム製品製造業"
"004","0050","04870","00000","2016000000","4","事業所数","4人","190管理，補助的経済活動を行う事業所"
"004","0050","04900","00000","2016000000","3","事業所数","4人","191タイヤ・チューブ製造業"
"004","0050","04930","00000","2016000000","47","事業所数","4人","192ゴム製・プラスチック製履物・同附属品製造業"
"004","0050","04960","00000","2016000000","225","事業所数","4人","193ゴムベルト・ゴムホース・工業用ゴム製品製造業"
"004","0050","05000","00000","2016000000","36","事業所数","4人","199その他のゴム製品製造業"
"004","0050","05070","00000","2016000000","261","事業所数","4人","20なめし革・同製品・毛皮製造業"
"004","0050","05080","00000","2016000000","2","事業所数","4人","200管理，補助的経済活動を行う事業所"
"004","0050","05110","00000","2016000000","37","事業所数","4人","201なめし革製造業"
"004","0050","05130","00000","2016000000","2","事業所数","4人","202工業用革製品製造業（手袋を除く）"
"004","0050","05150","00000","2016000000","20","事業所数","4人","203革製履物用材料・同附属品製造業"
"004","0050","05170","00000","2016000000","46","事業所数","4人","204革製履物製造業"
"004","0050","05190","00000","2016000000","3","事業所数","4人","205革製手袋製造業"
"004","0050","05210","00000","2016000000","54","事業所数","4人","206かばん製造業"
"004","0050","05230","00000","2016000000","76","事業所数","4人","207袋物製造業"
"004","0050","05260","00000","2016000000","1","事業所数","4人","208毛皮製造業"
"004","0050","05280","00000","2016000000","20","事業所数","4人","209その他のなめし革製品製造業"
"004","0050","05300","00000","2016000000","1027","事業所数","4人","21窯業・土石製品製造業"
"004","0050","05310","00000","2016000000","36","事業所数","4人","210管理，補助的経済活動を行う事業所"
"004","0050","05340","00000","2016000000","86","事業所数","4人","211ガラス・同製品製造業"
"004","0050","05430","00000","2016000000","296","事業所数","4人","212セメント・同製品製造業"
"004","0050","05480","00000","2016000000","22","事業所数","4人","213建設用粘土製品製造業（陶磁器製を除く)"
"004","0050","05520","00000","2016000000","194","事業所数","4人","214陶磁器・同関連製品製造業"
"004","0050","05620","00000","2016000000","8","事業所数","4人","215耐火物製造業"
"004","0050","05660","00000","2016000000","11","事業所数","4人","216炭素・黒鉛製品製造業"
"004","0050","05690","00000","2016000000","18","事業所数","4人","217研磨材・同製品製造業"
"004","0050","05740","00000","2016000000","262","事業所数","4人","218骨材・石工品等製造業"
"004","0050","05810","00000","2016000000","94","事業所数","4人","219その他の窯業・土石製品製造業"
"004","0050","05870","00000","2016000000","392","事業所数","4人","22鉄鋼業"
"004","0050","05880","00000","2016000000","7","事業所数","4人","220管理，補助的経済活動を行う事業所"
"004","0050","05910","00000","2016000000","1","事業所数","4人","221製鉄業"
"004","0050","05950","00000","2016000000","2","事業所数","4人","222製鋼・製鋼圧延業"
"004","0050","05970","00000","2016000000","16","事業所数","4人","223製鋼を行わない鋼材製造業（表面処理鋼材を除く）"
"004","0050","06070","00000","2016000000","1","事業所数","4人","224表面処理鋼材製造業"
"004","0050","06100","00000","2016000000","75","事業所数","4人","225鉄素形材製造業"
"004","0050","06160","00000","2016000000","290","事業所数","4人","229その他の鉄鋼業"
"004","0050","06210","00000","2016000000","299","事業所数","4人","23非鉄金属製造業"
"004","0050","06220","00000","2016000000","10","事業所数","4人","230管理，補助的経済活動を行う事業所"
"004","0050","06250","00000","2016000000","3","事業所数","4人","231非鉄金属第１次製錬・精製業"
"004","0050","06290","00000","2016000000","32","事業所数","4人","232非鉄金属第２次製錬・精製業（非鉄金属合金製造業を含む）"
"004","0050","06330","00000","2016000000","28","事業所数","4人","233非鉄金属・同合金圧延業（抽伸，押出しを含む）"
"004","0050","06370","00000","2016000000","27","事業所数","4人","234電線・ケーブル製造業"
"004","0050","06400","00000","2016000000","165","事業所数","4人","235非鉄金属素形材製造業"
"004","0050","06460","00000","2016000000","34","事業所数","4人","239その他の非鉄金属製造業"
"004","0050","06490","00000","2016000000","3580","事業所数","4人","24金属製品製造業"
"004","0050","06500","00000","2016000000","40","事業所数","4人","240管理，補助的経済活動を行う事業所"
"004","0050","06530","00000","2016000000","15","事業所数","4人","241ブリキ缶・その他のめっき板等製品製造業"
"004","0050","06550","00000","2016000000","311","事業所数","4人","242洋食器・刃物・手道具・金物類製造業"
"004","0050","06630","00000","2016000000","129","事業所数","4人","243暖房・調理等装置，配管工事用附属品製造業"
"004","0050","06680","00000","2016000000","1672","事業所数","4人","244建設用・建築用金属製品製造業（製缶板金業を含む)"
"004","0050","06750","00000","2016000000","381","事業所数","4人","245金属素形材製品製造業"
"004","0050","06790","00000","2016000000","535","事業所数","4人","246金属被覆・彫刻業，熱処理業（ほうろう鉄器を除く）"
"004","0050","06860","00000","2016000000","100","事業所数","4人","247金属線製品製造業（ねじ類を除く)"
"004","0050","06890","00000","2016000000","176","事業所数","4人","248ボルト・ナット・リベット・小ねじ・木ねじ等製造業"
"004","0050","06910","00000","2016000000","221","事業所数","4人","249その他の金属製品製造業"
"004","0050","06950","00000","2016000000","832","事業所数","4人","25はん用機械器具製造業"
"004","0050","06960","00000","2016000000","7","事業所数","4人","250管理，補助的経済活動を行う事業所"
"004","0050","06990","00000","2016000000","21","事業所数","4人","251ボイラ・原動機製造業"
"004","0050","07040","00000","2016000000","144","事業所数","4人","252ポンプ・圧縮機器製造業"
"004","0050","07080","00000","2016000000","274","事業所数","4人","253一般産業用機械・装置製造業"
"004","0050","07140","00000","2016000000","386","事業所数","4人","259その他のはん用機械・同部分品製造業"
"004","0050","07220","00000","2016000000","2380","事業所数","4人","26生産用機械器具製造業"
"004","0050","07230","00000","2016000000","26","事業所数","4人","260管理，補助的経済活動を行う事業所"
"004","0050","07260","00000","2016000000","84","事業所数","4人","261農業用機械製造業（農業用器具を除く）"
"004","0050","07280","00000","2016000000","121","事業所数","4人","262建設機械・鉱山機械製造業"
"004","0050","07300","00000","2016000000","59","事業所数","4人","263繊維機械製造業"
"004","0050","07360","00000","2016000000","240","事業所数","4人","264生活関連産業用機械製造業"
"004","0050","07420","00000","2016000000","158","事業所数","4人","265基礎素材産業用機械製造業"
"004","0050","07460","00000","2016000000","802","事業所数","4人","266金属加工機械製造業"
"004","0050","07510","00000","2016000000","110","事業所数","4人","267半導体・フラットパネルディスプレイ製造装置製造業"
"004","0050","07540","00000","2016000000","780","事業所数","4人","269その他の生産用機械・同部分品製造業"
"004","0050","07600","00000","2016000000","501","事業所数","4人","27業務用機械器具製造業"
"004","0050","07610","00000","2016000000","11","事業所数","4人","270管理，補助的経済活動を行う事業所"
"004","0050","07640","00000","2016000000","22","事業所数","4人","271事務用機械器具製造業"
"004","0050","07670","00000","2016000000","86","事業所数","4人","272サービス用・娯楽用機械器具製造業"
"004","0050","07720","00000","2016000000","175","事業所数","4人","273計量器・測定器・分析機器・試験機・測量機械器具・理化学機械器具製造業"
"004","0050","07820","00000","2016000000","149","事業所数","4人","274医療用機械器具・医療用品製造業"
"004","0050","07870","00000","2016000000","57","事業所数","4人","275光学機械器具・レンズ製造業"
"004","0050","07910","00000","2016000000","1","事業所数","4人","276武器製造業"
"004","0050","07930","00000","2016000000","351","事業所数","4人","28電子部品・デバイス・電子回路製造業"
"004","0050","07940","00000","2016000000","9","事業所数","4人","280管理，補助的経済活動を行う事業所"
"004","0050","07970","00000","2016000000","20","事業所数","4人","281電子デバイス製造業"
"004","0050","08030","00000","2016000000","58","事業所数","4人","282電子部品製造業"
"004","0050","08070","00000","2016000000","2","事業所数","4人","283記録メディア製造業"
"004","0050","08100","00000","2016000000","84","事業所数","4人","284電子回路製造業"
"004","0050","08130","00000","2016000000","17","事業所数","4人","285ユニット部品製造業"
"004","0050","08160","00000","2016000000","161","事業所数","4人","289その他の電子部品・デバイス・電子回路製造業"
"004","0050","08180","00000","2016000000","908","事業所数","4人","29電気機械器具製造業"
"004","0050","08190","00000","2016000000","14","事業所数","4人","290管理，補助的経済活動を行う事業所"
"004","0050","08220","00000","2016000000","453","事業所数","4人","291発電用・送電用・配電用電気機械器具製造業"
"004","0050","08280","00000","2016000000","131","事業所数","4人","292産業用電気機械器具製造業"
"004","0050","08320","00000","2016000000","99","事業所数","4人","293民生用電気機械器具製造業"
"004","0050","08370","00000","2016000000","52","事業所数","4人","294電球・電気照明器具製造業"
"004","0050","08400","00000","2016000000","8","事業所数","4人","295電池製造業"
"004","0050","08430","00000","2016000000","63","事業所数","4人","296電子応用装置製造業"
"004","0050","08470","00000","2016000000","65","事業所数","4人","297電気計測器製造業"
"004","0050","08510","00000","2016000000","23","事業所数","4人","299その他の電気機械器具製造業"
"004","0050","08530","00000","2016000000","102","事業所数","4人","30情報通信機械器具製造業"
"004","0050","08540","00000","2016000000","3","事業所数","4人","300管理，補助的経済活動を行う事業所"
"004","0050","08570","00000","2016000000","32","事業所数","4人","301通信機械器具・同関連機械器具製造業"
"004","0050","08640","00000","2016000000","31","事業所数","4人","302映像・音響機械器具製造業"
"004","0050","08680","00000","2016000000","36","事業所数","4人","303電子計算機・同附属装置製造業"
"004","0050","08750","00000","2016000000","873","事業所数","4人","31輸送用機械器具製造業"
"004","0050","08760","00000","2016000000","16","事業所数","4人","310管理，補助的経済活動を行う事業所"
"004","0050","08790","00000","2016000000","534","事業所数","4人","311自動車・同附属品製造業"
"004","0050","08830","00000","2016000000","41","事業所数","4人","312鉄道車両・同部分品製造業"
"004","0050","08860","00000","2016000000","188","事業所数","4人","313船舶製造・修理業，舶用機関製造業"
"004","0050","08910","00000","2016000000","14","事業所数","4人","314航空機・同附属品製造業"
"004","0050","08950","00000","2016000000","30","事業所数","4人","315産業用運搬車両・同部分品・附属品製造業"
"004","0050","08980","00000","2016000000","50","事業所数","4人","319その他の輸送用機械器具製造業"
"004","0050","09010","00000","2016000000","1498","事業所数","4人","32その他の製造業"
"004","0050","09020","00000","2016000000","8","事業所数","4人","320管理，補助的経済活動を行う事業所"
"004","0050","09050","00000","2016000000","91","事業所数","4人","321貴金属・宝石製品製造業"
"004","0050","09090","00000","2016000000","82","事業所数","4人","322装身具・装飾品・ボタン・同関連品製造業（貴金属・宝石製を除く）"
"004","0050","09150","00000","2016000000","4","事業所数","4人","323時計・同部分品製造業"
"004","0050","09170","00000","2016000000","35","事業所数","4人","324楽器製造業"
"004","0050","09200","00000","2016000000","168","事業所数","4人","325がん具・運動用具製造業"
"004","0050","09210","00000","2016000000","103","事業所数","4人","32Aがん具製造業"
"004","0050","09240","00000","2016000000","65","事業所数","4人","32B運動用具製造業"
"004","0050","09260","00000","2016000000","75","事業所数","4人","326ペン・鉛筆・絵画用品・その他の事務用品製造業"
"004","0050","09300","00000","2016000000","57","事業所数","4人","327漆器製造業"
"004","0050","09320","00000","2016000000","198","事業所数","4人","328畳等生活雑貨製品製造業"
"004","0050","09390","00000","2016000000","780","事業所数","4人","329他に分類されない製造業"
"004","0050","09400","00000","2016000000","10","事業所数","4人","32C情報記録物製造業（新聞，書籍等の印刷物を除く）"
"004","0050","09420","00000","2016000000","770","事業所数","4人","32D他に分類されないその他の製造業"
"004","0050","09500","00000","2016000000","188","事業所数","4人","F電気・ガス・熱供給・水道業"
"004","0050","09510","00000","2016000000","63","事業所数","4人","33電気業"
"004","0050","09520","00000","2016000000","14","事業所数","4人","330管理，補助的経済活動を行う事業所"
"004","0050","09530","00000","2016000000","49","事業所数","4人","331電気業"
"004","0050","09540","00000","2016000000","14","事業所数","4人","34ガス業"
"004","0050","09550","00000","2016000000","6","事業所数","4人","340管理，補助的経済活動を行う事業所"
"004","0050","09560","00000","2016000000","8","事業所数","4人","341ガス業"
"004","0050","09570","00000","2016000000","12","事業所数","4人","35熱供給業"
"004","0050","09590","00000","2016000000","12","事業所数","4人","351熱供給業"
"004","0050","09600","00000","2016000000","99","事業所数","4人","36水道業"
"004","0050","09610","00000","2016000000","3","事業所数","4人","360管理，補助的経済活動を行う事業所"
"004","0050","09620","00000","2016000000","24","事業所数","4人","361上水道業"
"004","0050","09630","00000","2016000000","1","事業所数","4人","362工業用水道業"
"004","0050","09640","00000","2016000000","71","事業所数","4人","363下水道業"
"004","0050","09650","00000","2016000000","3492","事業所数","4人","G情報通信業"
"004","0050","09660","00000","2016000000","1482","事業所数","4人","G1情報通信業（通信業，放送業，映像・音声・文字情報制作業）"
"004","0050","09670","00000","2016000000","196","事業所数","4人","37通信業"
"004","0050","09690","00000","2016000000","61","事業所数","4人","371固定電気通信業"
"004","0050","09700","00000","2016000000","23","事業所数","4人","372移動電気通信業"
"004","0050","09710","00000","2016000000","112","事業所数","4人","373電気通信に附帯するサービス業"
"004","0050","09720","00000","2016000000","130","事業所数","4人","38放送業"
"004","0050","09740","00000","2016000000","2","事業所数","4人","381公共放送業（有線放送業を除く）"
"004","0050","09750","00000","2016000000","67","事業所数","4人","382民間放送業（有線放送業を除く）"
"004","0050","09770","00000","2016000000","61","事業所数","4人","383有線放送業"
"004","0050","09780","00000","2016000000","1151","事業所数","4人","41映像・音声・文字情報制作業"
"004","0050","09790","00000","2016000000","2","事業所数","4人","410管理，補助的経済活動を行う事業所"
"004","0050","09800","00000","2016000000","274","事業所数","4人","411映像情報制作・配給業"
"004","0050","09810","00000","2016000000","27","事業所数","4人","412音声情報制作業"
"004","0050","09820","00000","2016000000","76","事業所数","4人","413新聞業"
"004","0050","09830","00000","2016000000","315","事業所数","4人","414出版業"
"004","0050","09840","00000","2016000000","190","事業所数","4人","415広告制作業"
"004","0050","09850","00000","2016000000","267","事業所数","4人","416映像・音声・文字情報制作に附帯するサービス業"
"004","0050","09860","00000","2016000000","2010","事業所数","4人","G2情報通信業（情報サービス業，インターネット附随サービス業）"
"004","0050","09870","00000","2016000000","1647","事業所数","4人","39情報サービス業"
"004","0050","09880","00000","2016000000","15","事業所数","4人","390管理，補助的経済活動を行う事業所"
"004","0050","09910","00000","2016000000","1274","事業所数","4人","391ソフトウェア業"
"004","0050","09960","00000","2016000000","358","事業所数","4人","392情報処理・提供サービス業"
"004","0050","09970","00000","2016000000","214","事業所数","4人","39A情報処理サービス業"
"004","0050","09990","00000","2016000000","62","事業所数","4人","39B情報提供サービス業"
"004","0050","10010","00000","2016000000","82","事業所数","4人","39Cその他の情報処理・提供サービス業"
"004","0050","10040","00000","2016000000","361","事業所数","4人","40インターネット附随サービス業"
"004","0050","10080","00000","2016000000","361","事業所数","4人","401インターネット附随サービス業"
"004","0050","10120","00000","2016000000","5398","事業所数","4人","H運輸業，郵便業"
"004","0050","10130","00000","2016000000","125","事業所数","4人","42鉄道業"
"004","0050","10140","00000","2016000000","3","事業所数","4人","420管理，補助的経済活動を行う事業所"
"004","0050","10150","00000","2016000000","122","事業所数","4人","421鉄道業"
"004","0050","10160","00000","2016000000","511","事業所数","4人","43道路旅客運送業"
"004","0050","10170","00000","2016000000","9","事業所数","4人","430管理，補助的経済活動を行う事業所"
"004","0050","10180","00000","2016000000","62","事業所数","4人","431一般乗合旅客自動車運送業"
"004","0050","10190","00000","2016000000","299","事業所数","4人","432一般乗用旅客自動車運送業"
"004","0050","10200","00000","2016000000","133","事業所数","4人","433一般貸切旅客自動車運送業"
"004","0050","10210","00000","2016000000","8","事業所数","4人","439その他の道路旅客運送業"
"004","0050","10220","00000","2016000000","2667","事業所数","4人","44道路貨物運送業"
"004","0050","10230","00000","2016000000","33","事業所数","4人","440管理，補助的経済活動を行う事業所"
"004","0050","10240","00000","2016000000","2286","事業所数","4人","441一般貨物自動車運送業"
"004","0050","10250","00000","2016000000","107","事業所数","4人","442特定貨物自動車運送業"
"004","0050","10260","00000","2016000000","161","事業所数","4人","443貨物軽自動車運送業"
"004","0050","10270","00000","2016000000","70","事業所数","4人","444集配利用運送業"
"004","0050","10280","00000","2016000000","10","事業所数","4人","449その他の道路貨物運送業"
"004","0050","10290","00000","2016000000","222","事業所数","4人","45水運業"
"004","0050","10310","00000","2016000000","18","事業所数","4人","451外航海運業"
"004","0050","10320","00000","2016000000","133","事業所数","4人","452沿海海運業"
"004","0050","10330","00000","2016000000","30","事業所数","4人","453内陸水運業"
"004","0050","10340","00000","2016000000","41","事業所数","4人","454船舶貸渡業"
"004","0050","10350","00000","2016000000","86","事業所数","4人","46航空運輸業"
"004","0050","10370","00000","2016000000","81","事業所数","4人","461航空運送業"
"004","0050","10380","00000","2016000000","5","事業所数","4人","462航空機使用業（航空運送業を除く）"
"004","0050","10390","00000","2016000000","649","事業所数","4人","47倉庫業"
"004","0050","10400","00000","2016000000","9","事業所数","4人","470管理，補助的経済活動を行う事業所"
"004","0050","10410","00000","2016000000","554","事業所数","4人","471倉庫業（冷蔵倉庫業を除く）"
"004","0050","10420","00000","2016000000","86","事業所数","4人","472冷蔵倉庫業"
"004","0050","10430","00000","2016000000","1130","事業所数","4人","48運輸に附帯するサービス業"
"004","0050","10440","00000","2016000000","10","事業所数","4人","480管理，補助的経済活動を行う事業所"
"004","0050","10450","00000","2016000000","126","事業所数","4人","481港湾運送業"
"004","0050","10460","00000","2016000000","251","事業所数","4人","482貨物運送取扱業（集配利用運送業を除く）"
"004","0050","10470","00000","2016000000","63","事業所数","4人","483運送代理店"
"004","0050","10480","00000","2016000000","144","事業所数","4人","484こん包業"
"004","0050","10490","00000","2016000000","36","事業所数","4人","485運輸施設提供業"
"004","0050","10500","00000","2016000000","500","事業所数","4人","489その他の運輸に附帯するサービス業"
"004","0050","10510","00000","2016000000","4","事業所数","4人","49郵便業（信書便事業を含む）"
"004","0050","10530","00000","2016000000","4","事業所数","4人","491郵便業（信書便事業を含む）"
"004","0050","10540","00000","2016000000","89862","事業所数","4人","I卸売業，小売業"
"004","0050","10550","00000","2016000000","27909","事業所数","4人","I1卸売業"
"004","0050","10560","00000","2016000000","97","事業所数","4人","50各種商品卸売業"
"004","0050","10570","00000","2016000000","4","事業所数","4人","500管理，補助的経済活動を行う事業所"
"004","0050","10610","00000","2016000000","93","事業所数","4人","501各種商品卸売業"
"004","0050","10640","00000","2016000000","93","事業所数","4人","50Bその他の各種商品卸売業"
"004","0050","10660","00000","2016000000","1539","事業所数","4人","51繊維・衣服等卸売業"
"004","0050","10670","00000","2016000000","47","事業所数","4人","510管理，補助的経済活動を行う事業所"
"004","0050","10710","00000","2016000000","254","事業所数","4人","511繊維品卸売業（衣服，身の回り品を除く）"
"004","0050","10750","00000","2016000000","689","事業所数","4人","512衣服卸売業"
"004","0050","10800","00000","2016000000","549","事業所数","4人","513身の回り品卸売業"
"004","0050","10850","00000","2016000000","4726","事業所数","4人","52飲食料品卸売業"
"004","0050","10860","00000","2016000000","79","事業所数","4人","520管理，補助的経済活動を行う事業所"
"004","0050","10900","00000","2016000000","2348","事業所数","4人","521農畜産物・水産物卸売業"
"004","0050","10910","00000","2016000000","239","事業所数","4人","52A米穀類卸売業"
"004","0050","10940","00000","2016000000","697","事業所数","4人","52B野菜・果実卸売業"
"004","0050","10970","00000","2016000000","439","事業所数","4人","52C食肉卸売業"
"004","0050","10990","00000","2016000000","800","事業所数","4人","52D生鮮魚介卸売業"
"004","0050","11010","00000","2016000000","173","事業所数","4人","52Eその他の農畜産物・水産物卸売業"
"004","0050","11030","00000","2016000000","2299","事業所数","4人","522食料・飲料卸売業"
"004","0050","11120","00000","2016000000","7090","事業所数","4人","53建築材料，鉱物・金属材料等卸売業"
"004","0050","11130","00000","2016000000","114","事業所数","4人","530管理，補助的経済活動を行う事業所"
"004","0050","11170","00000","2016000000","2750","事業所数","4人","531建築材料卸売業"
"004","0050","11230","00000","2016000000","1678","事業所数","4人","532化学製品卸売業"
"004","0050","11270","00000","2016000000","520","事業所数","4人","533石油・鉱物卸売業"
"004","0050","11300","00000","2016000000","760","事業所数","4人","534鉄鋼製品卸売業"
"004","0050","11340","00000","2016000000","444","事業所数","4人","535非鉄金属卸売業"
"004","0050","11370","00000","2016000000","824","事業所数","4人","536再生資源卸売業"
"004","0050","11430","00000","2016000000","8347","事業所数","4人","54機械器具卸売業"
"004","0050","11440","00000","2016000000","99","事業所数","4人","540管理，補助的経済活動を行う事業所"
"004","0050","11480","00000","2016000000","3350","事業所数","4人","541産業機械器具卸売業"
"004","0050","11540","00000","2016000000","1572","事業所数","4人","542自動車卸売業"
"004","0050","11580","00000","2016000000","2134","事業所数","4人","543電気機械器具卸売業"
"004","0050","11610","00000","2016000000","1192","事業所数","4人","549その他の機械器具卸売業"
"004","0050","11650","00000","2016000000","6075","事業所数","4人","55その他の卸売業"
"004","0050","11660","00000","2016000000","88","事業所数","4人","550管理，補助的経済活動を行う事業所"
"004","0050","11700","00000","2016000000","961","事業所数","4人","551家具・建具・じゅう器等卸売業"
"004","0050","11770","00000","2016000000","963","事業所数","4人","552医薬品・化粧品等卸売業"
"004","0050","11820","00000","2016000000","487","事業所数","4人","553紙・紙製品卸売業"
"004","0050","11850","00000","2016000000","3576","事業所数","4人","559他に分類されない卸売業"
"004","0050","11860","00000","2016000000","117","事業所数","4人","55A代理商，仲立業"
"004","0050","11880","00000","2016000000","3459","事業所数","4人","55B他に分類されないその他の卸売業"
"004","0050","11970","00000","2016000000","61953","事業所数","4人","I2小売業"
"004","0050","11980","00000","2016000000","72","事業所数","4人","56各種商品小売業"
"004","0050","11990","00000","2016000000","7","事業所数","4人","560管理，補助的経済活動を行う事業所"
"004","0050","12050","00000","2016000000","65","事業所数","4人","569その他の各種商品小売業（従業者が常時50人未満のもの）"
"004","0050","12070","00000","2016000000","12094","事業所数","4人","57織物・衣服・身の回り品小売業"
"004","0050","12080","00000","2016000000","59","事業所数","4人","570管理，補助的経済活動を行う事業所"
"004","0050","12120","00000","2016000000","657","事業所数","4人","571呉服・服地・寝具小売業"
"004","0050","12150","00000","2016000000","1369","事業所数","4人","572男子服小売業"
"004","0050","12170","00000","2016000000","5872","事業所数","4人","573婦人・子供服小売業"
"004","0050","12200","00000","2016000000","947","事業所数","4人","574靴・履物小売業"
"004","0050","12230","00000","2016000000","3190","事業所数","4人","579その他の織物・衣服・身の回り品小売業"
"004","0050","12280","00000","2016000000","12780","事業所数","4人","58飲食料品小売業"
"004","0050","12290","00000","2016000000","94","事業所数","4人","580管理，補助的経済活動を行う事業所"
"004","0050","12330","00000","2016000000","516","事業所数","4人","581各種食料品小売業"
"004","0050","12350","00000","2016000000","949","事業所数","4人","582野菜・果実小売業"
"004","0050","12380","00000","2016000000","772","事業所数","4人","583食肉小売業"
"004","0050","12410","00000","2016000000","640","事業所数","4人","584鮮魚小売業"
"004","0050","12430","00000","2016000000","713","事業所数","4人","585酒小売業"
"004","0050","12450","00000","2016000000","4487","事業所数","4人","586菓子・パン小売業"
"004","0050","12500","00000","2016000000","4609","事業所数","4人","589その他の飲食料品小売業"
"004","0050","12510","00000","2016000000","1295","事業所数","4人","58A料理品小売業"
"004","0050","12530","00000","2016000000","3314","事業所数","4人","58B他に分類されない飲食料品小売業"
"004","0050","12620","00000","2016000000","7736","事業所数","4人","59機械器具小売業"
"004","0050","12630","00000","2016000000","41","事業所数","4人","590管理，補助的経済活動を行う事業所"
"004","0050","12670","00000","2016000000","5029","事業所数","4人","591自動車小売業"
"004","0050","12720","00000","2016000000","271","事業所数","4人","592自転車小売業"
"004","0050","12740","00000","2016000000","2395","事業所数","4人","593機械器具小売業（自動車，自転車を除く）"
"004","0050","12790","00000","2016000000","27357","事業所数","4人","60その他の小売業"
"004","0050","12800","00000","2016000000","166","事業所数","4人","600管理，補助的経済活動を行う事業所"
"004","0050","12840","00000","2016000000","888","事業所数","4人","601家具・建具・畳小売業"
"004","0050","12890","00000","2016000000","711","事業所数","4人","602じゅう器小売業"
"004","0050","12940","00000","2016000000","9172","事業所数","4人","603医薬品・化粧品小売業"
"004","0050","12990","00000","2016000000","947","事業所数","4人","604農耕用品小売業"
"004","0050","13030","00000","2016000000","5136","事業所数","4人","605燃料小売業"
"004","0050","13060","00000","2016000000","1430","事業所数","4人","606書籍・文房具小売業"
"004","0050","13110","00000","2016000000","1401","事業所数","4人","607スポーツ用品・がん具・娯楽用品・楽器小売業"
"004","0050","13120","00000","2016000000","844","事業所数","4人","60Aスポーツ用品小売業"
"004","0050","13140","00000","2016000000","392","事業所数","4人","60Bがん具・娯楽用品小売業"
"004","0050","13160","00000","2016000000","165","事業所数","4人","60C楽器小売業"
"004","0050","13180","00000","2016000000","1970","事業所数","4人","608写真機・時計・眼鏡小売業"
"004","0050","13210","00000","2016000000","5536","事業所数","4人","609他に分類されない小売業"
"004","0050","13220","00000","2016000000","1395","事業所数","4人","60D花・植木小売業"
"004","0050","13240","00000","2016000000","374","事業所数","4人","60Eペット・ペット用品小売業"
"004","0050","13260","00000","2016000000","469","事業所数","4人","60F中古品小売業（他に分類されないもの）"
"004","0050","13290","00000","2016000000","3298","事業所数","4人","60G他に分類されないその他の小売業"
"004","0050","13350","00000","2016000000","1869","事業所数","4人","61無店舗小売業"
"004","0050","13360","00000","2016000000","20","事業所数","4人","610管理，補助的経済活動を行う事業所"
"004","0050","13400","00000","2016000000","1454","事業所数","4人","611通信販売・訪問販売小売業"
"004","0050","13460","00000","2016000000","76","事業所数","4人","612自動販売機による小売業"
"004","0050","13480","00000","2016000000","319","事業所数","4人","619その他の無店舗小売業"
"004","0050","13500","00000","2016000000","4207","事業所数","4人","J金融業，保険業"
"004","0050","13510","00000","2016000000","283","事業所数","4人","62銀行業"
"004","0050","13520","00000","2016000000","3","事業所数","4人","620管理，補助的経済活動を行う事業所"
"004","0050","13530","00000","2016000000","9","事業所数","4人","621中央銀行"
"004","0050","13540","00000","2016000000","271","事業所数","4人","622銀行（中央銀行を除く）"
"004","0050","13560","00000","2016000000","410","事業所数","4人","63協同組織金融業"
"004","0050","13570","00000","2016000000","1","事業所数","4人","630管理，補助的経済活動を行う事業所"
"004","0050","13580","00000","2016000000","309","事業所数","4人","631中小企業等金融業"
"004","0050","13590","00000","2016000000","100","事業所数","4人","632農林水産金融業"
"004","0050","13600","00000","2016000000","277","事業所数","4人","64貸金業，クレジットカード業等非預金信用機関"
"004","0050","13610","00000","2016000000","5","事業所数","4人","640管理，補助的経済活動を行う事業所"
"004","0050","13620","00000","2016000000","83","事業所数","4人","641貸金業"
"004","0050","13630","00000","2016000000","68","事業所数","4人","642質屋"
"004","0050","13640","00000","2016000000","82","事業所数","4人","643クレジットカード業，割賦金融業"
"004","0050","13650","00000","2016000000","39","事業所数","4人","649その他の非預金信用機関"
"004","0050","13660","00000","2016000000","220","事業所数","4人","65金融商品取引業，商品先物取引業"
"004","0050","13680","00000","2016000000","213","事業所数","4人","651金融商品取引業"
"004","0050","13690","00000","2016000000","7","事業所数","4人","652商品先物取引業，商品投資顧問業"
"004","0050","13700","00000","2016000000","156","事業所数","4人","66補助的金融業等"
"004","0050","13720","00000","2016000000","76","事業所数","4人","661補助的金融業，金融附帯業"
"004","0050","13730","00000","2016000000","1","事業所数","4人","662信託業"
"004","0050","13740","00000","2016000000","79","事業所数","4人","663金融代理業"
"004","0050","13750","00000","2016000000","2843","事業所数","4人","67保険業（保険媒介代理業，保険サービス業を含む）"
"004","0050","13760","00000","2016000000","5","事業所数","4人","670管理，補助的経済活動を行う事業所"
"004","0050","13770","00000","2016000000","261","事業所数","4人","671生命保険業"
"004","0050","13780","00000","2016000000","94","事業所数","4人","672損害保険業"
"004","0050","13790","00000","2016000000","128","事業所数","4人","673共済事業，少額短期保険業"
"004","0050","13800","00000","2016000000","2263","事業所数","4人","674保険媒介代理業"
"004","0050","13810","00000","2016000000","92","事業所数","4人","675保険サービス業"
"004","0050","13820","00000","2016000000","10728","事業所数","4人","K不動産業，物品賃貸業"
"004","0050","13830","00000","2016000000","8264","事業所数","4人","K1不動産業"
"004","0050","13840","00000","2016000000","3956","事業所数","4人","68不動産取引業"
"004","0050","13850","00000","2016000000","8","事業所数","4人","680管理，補助的経済活動を行う事業所"
"004","0050","13880","00000","2016000000","1140","事業所数","4人","681建物売買業，土地売買業"
"004","0050","13910","00000","2016000000","2808","事業所数","4人","682不動産代理業・仲介業"
"004","0050","13930","00000","2016000000","4274","事業所数","4人","69不動産賃貸業・管理業"
"004","0050","13940","00000","2016000000","2","事業所数","4人","690管理，補助的経済活動を行う事業所"
"004","0050","13970","00000","2016000000","1170","事業所数","4人","691不動産賃貸業（貸家業，貸間業を除く）"
"004","0050","14010","00000","2016000000","1466","事業所数","4人","692貸家業，貸間業"
"004","0050","14040","00000","2016000000","424","事業所数","4人","693駐車場業"
"004","0050","14060","00000","2016000000","1212","事業所数","4人","694不動産管理業"
"004","0050","14080","00000","2016000000","2464","事業所数","4人","K2物品賃貸業"
"004","0050","14090","00000","2016000000","2464","事業所数","4人","70物品賃貸業"
"004","0050","14100","00000","2016000000","30","事業所数","4人","700管理，補助的経済活動を行う事業所"
"004","0050","14130","00000","2016000000","128","事業所数","4人","701各種物品賃貸業"
"004","0050","14160","00000","2016000000","906","事業所数","4人","702産業用機械器具賃貸業"
"004","0050","14190","00000","2016000000","29","事業所数","4人","703事務用機械器具賃貸業"
"004","0050","14220","00000","2016000000","531","事業所数","4人","704自動車賃貸業"
"004","0050","14240","00000","2016000000","38","事業所数","4人","705スポーツ・娯楽用品賃貸業"
"004","0050","14260","00000","2016000000","800","事業所数","4人","709その他の物品賃貸業"
"004","0050","14270","00000","2016000000","39","事業所数","4人","70A音楽・映像記録物賃貸業（別掲を除く）"
"004","0050","14290","00000","2016000000","761","事業所数","4人","70B他に分類されない物品賃貸業"
"004","0050","14330","00000","2016000000","13270","事業所数","4人","L学術研究，専門・技術サービス業"
"004","0050","14340","00000","2016000000","247","事業所数","4人","71学術・開発研究機関"
"004","0050","14350","00000","2016000000","1","事業所数","4人","710管理，補助的経済活動を行う事業所"
"004","0050","14370","00000","2016000000","218","事業所数","4人","711自然科学研究所"
"004","0050","14420","00000","2016000000","28","事業所数","4人","712人文・社会科学研究所"
"004","0050","14440","00000","2016000000","7316","事業所数","4人","72専門サービス業（他に分類されないもの）"
"004","0050","14450","00000","2016000000","3","事業所数","4人","720管理，補助的経済活動を行う事業所"
"004","0050","14470","00000","2016000000","945","事業所数","4人","721法律事務所，特許事務所"
"004","0050","14480","00000","2016000000","850","事業所数","4人","72A法律事務所"
"004","0050","14500","00000","2016000000","95","事業所数","4人","72B特許事務所"
"004","0050","14520","00000","2016000000","874","事業所数","4人","722公証人役場，司法書士事務所，土地家屋調査士事務所"
"004","0050","14550","00000","2016000000","143","事業所数","4人","723行政書士事務所"
"004","0050","14570","00000","2016000000","2890","事業所数","4人","724公認会計士事務所，税理士事務所"
"004","0050","14580","00000","2016000000","242","事業所数","4人","72C公認会計士事務所"
"004","0050","14600","00000","2016000000","2648","事業所数","4人","72D税理士事務所"
"004","0050","14620","00000","2016000000","356","事業所数","4人","725社会保険労務士事務所"
"004","0050","14640","00000","2016000000","434","事業所数","4人","726デザイン業"
"004","0050","14660","00000","2016000000","7","事業所数","4人","727著述・芸術家業"
"004","0050","14690","00000","2016000000","511","事業所数","4人","728経営コンサルタント業，純粋持株会社"
"004","0050","14700","00000","2016000000","477","事業所数","4人","72E経営コンサルタント業"
"004","0050","14720","00000","2016000000","34","事業所数","4人","72F純粋持株会社"
"004","0050","14740","00000","2016000000","1153","事業所数","4人","729その他の専門サービス業"
"004","0050","14750","00000","2016000000","25","事業所数","4人","72G興信所"
"004","0050","14770","00000","2016000000","1128","事業所数","4人","72H他に分類されない専門サービス業"
"004","0050","14820","00000","2016000000","649","事業所数","4人","73広告業"
"004","0050","14830","00000","2016000000","2","事業所数","4人","730管理，補助的経済活動を行う事業所"
"004","0050","14860","00000","2016000000","647","事業所数","4人","731広告業"
"004","0050","14880","00000","2016000000","5051","事業所数","4人","74技術サービス業（他に分類されないもの）"
"004","0050","14890","00000","2016000000","8","事業所数","4人","740管理，補助的経済活動を行う事業所"
"004","0050","14910","00000","2016000000","978","事業所数","4人","741獣医業"
"004","0050","14930","00000","2016000000","2551","事業所数","4人","742土木建築サービス業"
"004","0050","14940","00000","2016000000","1707","事業所数","4人","74A建築設計業"
"004","0050","14960","00000","2016000000","635","事業所数","4人","74B測量業"
"004","0050","14980","00000","2016000000","209","事業所数","4人","74Cその他の土木建築サービス業"
"004","0050","15000","00000","2016000000","254","事業所数","4人","743機械設計業"
"004","0050","15020","00000","2016000000","156","事業所数","4人","744商品・非破壊検査業"
"004","0050","15050","00000","2016000000","84","事業所数","4人","745計量証明業"
"004","0050","15090","00000","2016000000","555","事業所数","4人","746写真業"
"004","0050","15120","00000","2016000000","465","事業所数","4人","749その他の技術サービス業"
"004","0050","15140","00000","2016000000","37827","事業所数","4人","M宿泊業，飲食サービス業"
"004","0050","15150","00000","2016000000","2257","事業所数","4人","M1宿泊業"
"004","0050","15160","00000","2016000000","2257","事業所数","4人","75宿泊業"
"004","0050","15170","00000","2016000000","16","事業所数","4人","750管理，補助的経済活動を行う事業所"
"004","0050","15200","00000","2016000000","1676","事業所数","4人","751旅館，ホテル"
"004","0050","15220","00000","2016000000","87","事業所数","4人","752簡易宿所"
"004","0050","15240","00000","2016000000","32","事業所数","4人","753下宿業"
"004","0050","15260","00000","2016000000","445","事業所数","4人","759その他の宿泊業"
"004","0050","15270","00000","2016000000","84","事業所数","4人","75A会社・団体の宿泊所"
"004","0050","15290","00000","2016000000","361","事業所数","4人","75B他に分類されない宿泊業"
"004","0050","15320","00000","2016000000","35570","事業所数","4人","M2飲食店，持ち帰り・配達飲食サービス業"
"004","0050","15330","00000","2016000000","31111","事業所数","4人","76飲食店"
"004","0050","15340","00000","2016000000","160","事業所数","4人","760管理，補助的経済活動を行う事業所"
"004","0050","15370","00000","2016000000","2675","事業所数","4人","761食堂，レストラン（専門料理店を除く）"
"004","0050","15390","00000","2016000000","10688","事業所数","4人","762専門料理店"
"004","0050","15400","00000","2016000000","2781","事業所数","4人","76A日本料理店"
"004","0050","15420","00000","2016000000","3424","事業所数","4人","76B中華料理店"
"004","0050","15450","00000","2016000000","1142","事業所数","4人","76C焼肉店"
"004","0050","15470","00000","2016000000","3341","事業所数","4人","76Dその他の専門料理店"
"004","0050","15500","00000","2016000000","2039","事業所数","4人","763そば・うどん店"
"004","0050","15520","00000","2016000000","1039","事業所数","4人","764すし店"
"004","0050","15540","00000","2016000000","6173","事業所数","4人","765酒場，ビヤホール"
"004","0050","15560","00000","2016000000","5163","事業所数","4人","766バー，キャバレー，ナイトクラブ"
"004","0050","15580","00000","2016000000","2254","事業所数","4人","767喫茶店"
"004","0050","15600","00000","2016000000","919","事業所数","4人","769その他の飲食店"
"004","0050","15610","00000","2016000000","81","事業所数","4人","76Eハンバーガー店"
"004","0050","15630","00000","2016000000","597","事業所数","4人","76Fお好み焼・焼きそば・たこ焼店"
"004","0050","15650","00000","2016000000","241","事業所数","4人","76G他に分類されない飲食店"
"004","0050","15670","00000","2016000000","4419","事業所数","4人","77持ち帰り・配達飲食サービス業"
"004","0050","15680","00000","2016000000","27","事業所数","4人","770管理，補助的経済活動を行う事業所"
"004","0050","15710","00000","2016000000","658","事業所数","4人","771持ち帰り飲食サービス業"
"004","0050","15730","00000","2016000000","3734","事業所数","4人","772配達飲食サービス業"
"004","0050","15750","00000","2016000000","21964","事業所数","4人","N生活関連サービス業，娯楽業"
"004","0050","15760","00000","2016000000","13421","事業所数","4人","78洗濯・理容・美容・浴場業"
"004","0050","15770","00000","2016000000","22","事業所数","4人","780管理，補助的経済活動を行う事業所"
"004","0050","15800","00000","2016000000","3597","事業所数","4人","781洗濯業"
"004","0050","15810","00000","2016000000","3376","事業所数","4人","78A普通洗濯業"
"004","0050","15840","00000","2016000000","221","事業所数","4人","78Bリネンサプライ業"
"004","0050","15860","00000","2016000000","1546","事業所数","4人","782理容業"
"004","0050","15880","00000","2016000000","6245","事業所数","4人","783美容業"
"004","0050","15900","00000","2016000000","188","事業所数","4人","784一般公衆浴場業"
"004","0050","15920","00000","2016000000","128","事業所数","4人","785その他の公衆浴場業"
"004","0050","15940","00000","2016000000","1695","事業所数","4人","789その他の洗濯・理容・美容・浴場業"
"004","0050","16000","00000","2016000000","5702","事業所数","4人","79その他の生活関連サービス業"
"004","0050","16010","00000","2016000000","7","事業所数","4人","790管理，補助的経済活動を行う事業所"
"004","0050","16040","00000","2016000000","740","事業所数","4人","791旅行業"
"004","0050","16070","00000","2016000000","440","事業所数","4人","793衣服裁縫修理業"
"004","0050","16090","00000","2016000000","164","事業所数","4人","794物品預り業"
"004","0050","16110","00000","2016000000","90","事業所数","4人","795火葬・墓地管理業"
"004","0050","16140","00000","2016000000","915","事業所数","4人","796冠婚葬祭業"
"004","0050","16150","00000","2016000000","782","事業所数","4人","79A葬儀業"
"004","0050","16170","00000","2016000000","41","事業所数","4人","79B結婚式場業"
"004","0050","16190","00000","2016000000","92","事業所数","4人","79C冠婚葬祭互助会"
"004","0050","16210","00000","2016000000","3346","事業所数","4人","799他に分類されない生活関連サービス業"
"004","0050","16220","00000","2016000000","267","事業所数","4人","79D写真プリント，現像・焼付業"
"004","0050","16240","00000","2016000000","3079","事業所数","4人","79E他に分類されないその他の生活関連サービス業"
"004","0050","16280","00000","2016000000","2833","事業所数","4人","80娯楽業"
"004","0050","16290","00000","2016000000","45","事業所数","4人","800管理，補助的経済活動を行う事業所"
"004","0050","16320","00000","2016000000","20","事業所数","4人","801映画館"
"004","0050","16340","00000","2016000000","189","事業所数","4人","802興行場（別掲を除く），興行団"
"004","0050","16400","00000","2016000000","48","事業所数","4人","803競輪・競馬等の競走場，競技団"
"004","0050","16470","00000","2016000000","1211","事業所数","4人","804スポーツ施設提供業"
"004","0050","16480","00000","2016000000","195","事業所数","4人","80Aスポーツ施設提供業（別掲を除く）"
"004","0050","16500","00000","2016000000","85","事業所数","4人","80B体育館"
"004","0050","16520","00000","2016000000","34","事業所数","4人","80Cゴルフ場"
"004","0050","16540","00000","2016000000","157","事業所数","4人","80Dゴルフ練習場"
"004","0050","16560","00000","2016000000","22","事業所数","4人","80Eボウリング場"
"004","0050","16580","00000","2016000000","32","事業所数","4人","80Fテニス場"
"004","0050","16600","00000","2016000000","50","事業所数","4人","80Gバッティング・テニス練習場"
"004","0050","16620","00000","2016000000","636","事業所数","4人","80Hフィットネスクラブ"
"004","0050","16640","00000","2016000000","133","事業所数","4人","805公園，遊園地"
"004","0050","16680","00000","2016000000","625","事業所数","4人","806遊戯場"
"004","0050","16690","00000","2016000000","141","事業所数","4人","80Jマージャンクラブ"
"004","0050","16710","00000","2016000000","185","事業所数","4人","80Kパチンコホール"
"004","0050","16730","00000","2016000000","245","事業所数","4人","80Lゲームセンター"
"004","0050","16750","00000","2016000000","54","事業所数","4人","80Mその他の遊戯場"
"004","0050","16790","00000","2016000000","562","事業所数","4人","809その他の娯楽業"
"004","0050","16800","00000","2016000000","203","事業所数","4人","80Nカラオケボックス業"
"004","0050","16820","00000","2016000000","359","事業所数","4人","80P他に分類されない娯楽業"
"004","0050","16890","00000","2016000000","7304","事業所数","4人","O教育，学習支援業"
"004","0050","16900","00000","2016000000","322","事業所数","4人","O1教育，学習支援業（学校教育）"
"004","0050","16910","00000","2016000000","322","事業所数","4人","81学校教育"
"004","0050","16920","00000","2016000000","15","事業所数","4人","810管理，補助的経済活動を行う事業所"
"004","0050","16940","00000","2016000000","101","事業所数","4人","811幼稚園"
"004","0050","16960","00000","2016000000","4","事業所数","4人","819幼保連携型認定こども園"
"004","0050","16980","00000","2016000000","1","事業所数","4人","812小学校"
"004","0050","17000","00000","2016000000","1","事業所数","4人","813中学校"
"004","0050","17020","00000","2016000000","25","事業所数","4人","814高等学校，中等教育学校"
"004","0050","17070","00000","2016000000","54","事業所数","4人","816高等教育機関"
"004","0050","17110","00000","2016000000","119","事業所数","4人","817専修学校，各種学校"
"004","0050","17140","00000","2016000000","1","事業所数","4人","818学校教育支援機関"
"004","0050","17160","00000","2016000000","6982","事業所数","4人","O2教育，学習支援業（その他の教育，学習支援業）"
"004","0050","17170","00000","2016000000","6982","事業所数","4人","82その他の教育，学習支援業"
"004","0050","17180","00000","2016000000","19","事業所数","4人","820管理，補助的経済活動を行う事業所"
"004","0050","17210","00000","2016000000","386","事業所数","4人","821社会教育"
"004","0050","17220","00000","2016000000","136","事業所数","4人","82A公民館"
"004","0050","17240","00000","2016000000","39","事業所数","4人","82B図書館"
"004","0050","17260","00000","2016000000","167","事業所数","4人","82C博物館，美術館"
"004","0050","17280","00000","2016000000","11","事業所数","4人","82D動物園，植物園，水族館"
"004","0050","17300","00000","2016000000","33","事業所数","4人","82Eその他の社会教育"
"004","0050","17340","00000","2016000000","191","事業所数","4人","822職業・教育支援施設"
"004","0050","17380","00000","2016000000","3660","事業所数","4人","823学習塾"
"004","0050","17400","00000","2016000000","2461","事業所数","4人","824教養・技能教授業"
"004","0050","17410","00000","2016000000","429","事業所数","4人","82F音楽教授業"
"004","0050","17430","00000","2016000000","58","事業所数","4人","82G書道教授業"
"004","0050","17450","00000","2016000000","9","事業所数","4人","82H生花・茶道教授業"
"004","0050","17470","00000","2016000000","149","事業所数","4人","82Jそろばん教授業"
"004","0050","17490","00000","2016000000","439","事業所数","4人","82K外国語会話教授業"
"004","0050","17510","00000","2016000000","443","事業所数","4人","82Lスポーツ・健康教授業"
"004","0050","17530","00000","2016000000","934","事業所数","4人","82Mその他の教養・技能教授業"
"004","0050","17550","00000","2016000000","260","事業所数","4人","829他に分類されない教育，学習支援業"
"004","0050","17570","00000","2016000000","31514","事業所数","4人","P医療，福祉"
"004","0050","17580","00000","2016000000","21959","事業所数","4人","83医療業"
"004","0050","17590","00000","2016000000","10","事業所数","4人","830管理，補助的経済活動を行う事業所"
"004","0050","17620","00000","2016000000","13","事業所数","4人","831病院"
"004","0050","17650","00000","2016000000","7848","事業所数","4人","832一般診療所"
"004","0050","17680","00000","2016000000","9377","事業所数","4人","833歯科診療所"
"004","0050","17700","00000","2016000000","495","事業所数","4人","834助産・看護業"
"004","0050","17710","00000","2016000000","29","事業所数","4人","83A助産所"
"004","0050","17730","00000","2016000000","466","事業所数","4人","83B看護業"
"004","0050","17750","00000","2016000000","3848","事業所数","4人","835療術業"
"004","0050","17780","00000","2016000000","368","事業所数","4人","836医療に附帯するサービス業"
"004","0050","17790","00000","2016000000","254","事業所数","4人","83C歯科技工所"
"004","0050","17810","00000","2016000000","114","事業所数","4人","83Dその他の医療に附帯するサービス業"
"004","0050","17830","00000","2016000000","101","事業所数","4人","84保健衛生"
"004","0050","17870","00000","2016000000","68","事業所数","4人","842健康相談施設"
"004","0050","17920","00000","2016000000","33","事業所数","4人","849その他の保健衛生"
"004","0050","17960","00000","2016000000","9439","事業所数","4人","85社会保険・社会福祉・介護事業"
"004","0050","17970","00000","2016000000","43","事業所数","4人","850管理，補助的経済活動を行う事業所"
"004","0050","18000","00000","2016000000","198","事業所数","4人","851社会保険事業団体"
"004","0050","18020","00000","2016000000","2124","事業所数","4人","853児童福祉事業"
"004","0050","18030","00000","2016000000","673","事業所数","4人","85A保育所"
"004","0050","18050","00000","2016000000","1451","事業所数","4人","85Bその他の児童福祉事業"
"004","0050","18070","00000","2016000000","4612","事業所数","4人","854老人福祉・介護事業"
"004","0050","18080","00000","2016000000","60","事業所数","4人","85C特別養護老人ホーム"
"004","0050","18100","00000","2016000000","22","事業所数","4人","85D介護老人保健施設"
"004","0050","18120","00000","2016000000","1601","事業所数","4人","85E通所・短期入所介護事業"
"004","0050","18140","00000","2016000000","1087","事業所数","4人","85F訪問介護事業"
"004","0050","18160","00000","2016000000","63","事業所数","4人","85G認知症老人グループホーム"
"004","0050","18180","00000","2016000000","167","事業所数","4人","85H有料老人ホーム"
"004","0050","18200","00000","2016000000","1612","事業所数","4人","85Jその他の老人福祉・介護事業"
"004","0050","18220","00000","2016000000","2159","事業所数","4人","855障害者福祉事業"
"004","0050","18250","00000","2016000000","303","事業所数","4人","859その他の社会保険・社会福祉・介護事業"
"004","0050","18260","00000","2016000000","12","事業所数","4人","85K更生保護事業"
"004","0050","18280","00000","2016000000","291","事業所数","4人","85L他に分類されない社会保険・社会福祉・介護事業"
"004","0050","18300","00000","2016000000","4026","事業所数","4人","Q複合サービス事業"
"004","0050","18310","00000","2016000000","3558","事業所数","4人","Q1複合サービス事業（郵便局）"
"004","0050","18320","00000","2016000000","3558","事業所数","4人","86郵便局"
"004","0050","18340","00000","2016000000","3445","事業所数","4人","861郵便局"
"004","0050","18350","00000","2016000000","113","事業所数","4人","862郵便局受託業"
"004","0050","18370","00000","2016000000","468","事業所数","4人","Q2複合サービス事業（協同組合）"
"004","0050","18380","00000","2016000000","468","事業所数","4人","87協同組合（他に分類されないもの）"
"004","0050","18390","00000","2016000000","5","事業所数","4人","870管理，補助的経済活動を行う事業所"
"004","0050","18410","00000","2016000000","412","事業所数","4人","871農林水産業協同組合（他に分類されないもの）"
"004","0050","18460","00000","2016000000","51","事業所数","4人","872事業協同組合（他に分類されないもの）"
"004","0050","18480","00000","2016000000","18069","事業所数","4人","Rサービス業（他に分類されないもの）"
"004","0050","18490","00000","2016000000","6396","事業所数","4人","R1サービス業（政治・経済・文化団体，宗教）"
"004","0050","18500","00000","2016000000","2963","事業所数","4人","93政治・経済・文化団体"
"004","0050","18510","00000","2016000000","1239","事業所数","4人","931経済団体"
"004","0050","18520","00000","2016000000","332","事業所数","4人","932労働団体"
"004","0050","18530","00000","2016000000","89","事業所数","4人","933学術・文化団体"
"004","0050","18540","00000","2016000000","107","事業所数","4人","934政治団体"
"004","0050","18550","00000","2016000000","1196","事業所数","4人","939他に分類されない非営利的団体"
"004","0050","18560","00000","2016000000","3430","事業所数","4人","94宗教"
"004","0050","18570","00000","2016000000","351","事業所数","4人","941神道系宗教"
"004","0050","18580","00000","2016000000","2599","事業所数","4人","942仏教系宗教"
"004","0050","18590","00000","2016000000","176","事業所数","4人","943キリスト教系宗教"
"004","0050","18600","00000","2016000000","304","事業所数","4人","949その他の宗教"
"004","0050","18610","00000","2016000000","11673","事業所数","4人","R2サービス業（政治・経済・文化団体，宗教を除く）"
"004","0050","18620","00000","2016000000","1419","事業所数","4人","88廃棄物処理業"
"004","0050","18630","00000","2016000000","9","事業所数","4人","880管理，補助的経済活動を行う事業所"
"004","0050","18660","00000","2016000000","757","事業所数","4人","881一般廃棄物処理業"
"004","0050","18730","00000","2016000000","651","事業所数","4人","882産業廃棄物処理業"
"004","0050","18780","00000","2016000000","2","事業所数","4人","889その他の廃棄物処理業"
"004","0050","18810","00000","2016000000","3039","事業所数","4人","89自動車整備業"
"004","0050","18820","00000","2016000000","3","事業所数","4人","890管理，補助的経済活動を行う事業所"
"004","0050","18840","00000","2016000000","3036","事業所数","4人","891自動車整備業"
"004","0050","18870","00000","2016000000","1574","事業所数","4人","90機械等修理業（別掲を除く）"
"004","0050","18880","00000","2016000000","6","事業所数","4人","900管理，補助的経済活動を行う事業所"
"004","0050","18910","00000","2016000000","1049","事業所数","4人","901機械修理業（電気機械器具を除く）"
"004","0050","18940","00000","2016000000","348","事業所数","4人","902電気機械器具修理業"
"004","0050","18960","00000","2016000000","21","事業所数","4人","903表具業"
"004","0050","18980","00000","2016000000","150","事業所数","4人","909その他の修理業"
"004","0050","19040","00000","2016000000","1056","事業所数","4人","91職業紹介・労働者派遣業"
"004","0050","19050","00000","2016000000","2","事業所数","4人","910管理，補助的経済活動を行う事業所"
"004","0050","19080","00000","2016000000","428","事業所数","4人","911職業紹介業"
"004","0050","19100","00000","2016000000","626","事業所数","4人","912労働者派遣業"
"004","0050","19120","00000","2016000000","4185","事業所数","4人","92その他の事業サービス業"
"004","0050","19130","00000","2016000000","32","事業所数","4人","920管理，補助的経済活動を行う事業所"
"004","0050","19160","00000","2016000000","90","事業所数","4人","921速記・ワープロ入力・複写業"
"004","0050","19190","00000","2016000000","1496","事業所数","4人","922建物サービス業"
"004","0050","19220","00000","2016000000","284","事業所数","4人","923警備業"
"004","0050","19240","00000","2016000000","2283","事業所数","4人","929他に分類されない事業サービス業"
"004","0050","19300","00000","2016000000","339","事業所数","4人","95その他のサービス業"
"004","0050","19310","00000","2016000000","3","事業所数","4人","950管理，補助的経済活動を行う事業所"
"004","0050","19330","00000","2016000000","288","事業所数","4人","951集会場"
"004","0050","19350","00000","2016000000","7","事業所数","4人","952と畜場"
"004","0050","19370","00000","2016000000","41","事業所数","4人","959他に分類されないサービス業"
"004","0060","00010","00000","2016000000","1940907","事業所数","1～4人","A～R全産業（Ｓ公務を除く）"
"004","0060","00020","00000","2016000000","13528","事業所数","1～4人","A～B農林漁業"
"004","0060","00030","00000","2016000000","12203","事業所数","1～4人","A農業，林業"
"004","0060","00040","00000","2016000000","11214","事業所数","1～4人","01農業"
"004","0060","00050","00000","2016000000","51","事業所数","1～4人","010管理，補助的経済活動を行う事業所"
"004","0060","00080","00000","2016000000","4124","事業所数","1～4人","011耕種農業"
"004","0060","00170","00000","2016000000","3061","事業所数","1～4人","012畜産農業"
"004","0060","00250","00000","2016000000","2793","事業所数","1～4人","013農業サービス業（園芸サービス業を除く）"
"004","0060","00300","00000","2016000000","1185","事業所数","1～4人","014園芸サービス業"
"004","0060","00320","00000","2016000000","989","事業所数","1～4人","02林業"
"004","0060","00330","00000","2016000000","2","事業所数","1～4人","020管理，補助的経済活動を行う事業所"
"004","0060","00360","00000","2016000000","422","事業所数","1～4人","021育林業"
"004","0060","00380","00000","2016000000","151","事業所数","1～4人","022素材生産業"
"004","0060","00400","00000","2016000000","31","事業所数","1～4人","023特用林産物生産業（きのこ類の栽培を除く）"
"004","0060","00430","00000","2016000000","367","事業所数","1～4人","024林業サービス業"
"004","0060","00480","00000","2016000000","16","事業所数","1～4人","029その他の林業"
"004","0060","00500","00000","2016000000","1288","事業所数","1～4人","B漁業"
"004","0060","00510","00000","2016000000","426","事業所数","1～4人","03漁業（水産養殖業を除く）"
"004","0060","00520","00000","2016000000","7","事業所数","1～4人","030管理，補助的経済活動を行う事業所"
"004","0060","00550","00000","2016000000","364","事業所数","1～4人","031海面漁業"
"004","0060","00650","00000","2016000000","55","事業所数","1～4人","032内水面漁業"
"004","0060","00670","00000","2016000000","862","事業所数","1～4人","04水産養殖業"
"004","0060","00680","00000","2016000000","4","事業所数","1～4人","040管理，補助的経済活動を行う事業所"
"004","0060","00710","00000","2016000000","425","事業所数","1～4人","041海面養殖業"
"004","0060","00780","00000","2016000000","433","事業所数","1～4人","042内水面養殖業"
"004","0060","00800","00000","2016000000","1927379","事業所数","1～4人","C～R非農林漁業（Ｓ公務を除く）"
"004","0060","00810","00000","2016000000","724","事業所数","1～4人","C鉱業，採石業，砂利採取業"
"004","0060","00820","00000","2016000000","724","事業所数","1～4人","05鉱業，採石業，砂利採取業"
"004","0060","00830","00000","2016000000","96","事業所数","1～4人","050管理，補助的経済活動を行う事業所"
"004","0060","00860","00000","2016000000","2","事業所数","1～4人","051金属鉱業"
"004","0060","00910","00000","2016000000","1","事業所数","1～4人","052石炭・亜炭鉱業"
"004","0060","00940","00000","2016000000","6","事業所数","1～4人","053原油・天然ガス鉱業"
"004","0060","00970","00000","2016000000","543","事業所数","1～4人","054採石業，砂・砂利・玉石採取業"
"004","0060","01070","00000","2016000000","55","事業所数","1～4人","055窯業原料用鉱物鉱業（耐火物・陶磁器・ガラス・セメント原料用に限る）"
"004","0060","01160","00000","2016000000","18","事業所数","1～4人","059その他の鉱業"
"004","0060","01220","00000","2016000000","214355","事業所数","1～4人","D建設業"
"004","0060","01230","00000","2016000000","92442","事業所数","1～4人","06総合工事業"
"004","0060","01240","00000","2016000000","341","事業所数","1～4人","060管理，補助的経済活動を行う事業所"
"004","0060","01250","00000","2016000000","3413","事業所数","1～4人","061一般土木建築工事業"
"004","0060","01260","00000","2016000000","28904","事業所数","1～4人","062土木工事業（舗装工事業を除く）"
"004","0060","01270","00000","2016000000","1962","事業所数","1～4人","063舗装工事業"
"004","0060","01280","00000","2016000000","23344","事業所数","1～4人","064建築工事業（木造建築工事業を除く)"
"004","0060","01290","00000","2016000000","22382","事業所数","1～4人","065木造建築工事業"
"004","0060","01300","00000","2016000000","12096","事業所数","1～4人","066建築リフォーム工事業"
"004","0060","01310","00000","2016000000","66584","事業所数","1～4人","07職別工事業（設備工事業を除く）"
"004","0060","01320","00000","2016000000","216","事業所数","1～4人","070管理，補助的経済活動を行う事業所"
"004","0060","01330","00000","2016000000","6902","事業所数","1～4人","071大工工事業"
"004","0060","01340","00000","2016000000","8457","事業所数","1～4人","072とび・土工・コンクリート工事業"
"004","0060","01350","00000","2016000000","3456","事業所数","1～4人","073鉄骨・鉄筋工事業"
"004","0060","01360","00000","2016000000","3168","事業所数","1～4人","074石工・れんが・タイル・ブロック工事業"
"004","0060","01370","00000","2016000000","4494","事業所数","1～4人","075左官工事業"
"004","0060","01380","00000","2016000000","6455","事業所数","1～4人","076板金・金物工事業"
"004","0060","01390","00000","2016000000","11104","事業所数","1～4人","077塗装工事業"
"004","0060","01400","00000","2016000000","10836","事業所数","1～4人","078床・内装工事業"
"004","0060","01410","00000","2016000000","11496","事業所数","1～4人","079その他の職別工事業"
"004","0060","01420","00000","2016000000","55252","事業所数","1～4人","08設備工事業"
"004","0060","01430","00000","2016000000","192","事業所数","1～4人","080管理，補助的経済活動を行う事業所"
"004","0060","01440","00000","2016000000","23093","事業所数","1～4人","081電気工事業"
"004","0060","01450","00000","2016000000","3778","事業所数","1～4人","082電気通信・信号装置工事業"
"004","0060","01460","00000","2016000000","21351","事業所数","1～4人","083管工事業（さく井工事業を除く）"
"004","0060","01470","00000","2016000000","3947","事業所数","1～4人","084機械器具設置工事業"
"004","0060","01480","00000","2016000000","2891","事業所数","1～4人","089その他の設備工事業"
"004","0060","01490","00000","2016000000","156129","事業所数","1～4人","E製造業"
"004","0060","01500","00000","2016000000","13766","事業所数","1～4人","09食料品製造業"
"004","0060","01510","00000","2016000000","247","事業所数","1～4人","090管理，補助的経済活動を行う事業所"
"004","0060","01540","00000","2016000000","627","事業所数","1～4人","091畜産食料品製造業"
"004","0060","01600","00000","2016000000","2249","事業所数","1～4人","092水産食料品製造業"
"004","0060","01680","00000","2016000000","824","事業所数","1～4人","093野菜缶詰・果実缶詰・農産保存食料品製造業"
"004","0060","01710","00000","2016000000","924","事業所数","1～4人","094調味料製造業"
"004","0060","01770","00000","2016000000","42","事業所数","1～4人","095糖類製造業"
"004","0060","01810","00000","2016000000","449","事業所数","1～4人","096精穀・製粉業"
"004","0060","01850","00000","2016000000","2818","事業所数","1～4人","097パン・菓子製造業"
"004","0060","01910","00000","2016000000","83","事業所数","1～4人","098動植物油脂製造業"
"004","0060","01940","00000","2016000000","5503","事業所数","1～4人","099その他の食料品製造業"
"004","0060","02040","00000","2016000000","2953","事業所数","1～4人","10飲料・たばこ・飼料製造業"
"004","0060","02050","00000","2016000000","62","事業所数","1～4人","100管理，補助的経済活動を行う事業所"
"004","0060","02080","00000","2016000000","252","事業所数","1～4人","101清涼飲料製造業"
"004","0060","02100","00000","2016000000","642","事業所数","1～4人","102酒類製造業"
"004","0060","02150","00000","2016000000","1187","事業所数","1～4人","103茶・コーヒー製造業（清涼飲料を除く）"
"004","0060","02180","00000","2016000000","157","事業所数","1～4人","104製氷業"
"004","0060","02240","00000","2016000000","653","事業所数","1～4人","106飼料・有機質肥料製造業"
"004","0060","02280","00000","2016000000","14122","事業所数","1～4人","11繊維工業"
"004","0060","02290","00000","2016000000","120","事業所数","1～4人","110管理，補助的経済活動を行う事業所"
"004","0060","02320","00000","2016000000","763","事業所数","1～4人","111製糸業，紡績業，化学繊維・ねん糸等製造業"
"004","0060","02420","00000","2016000000","1905","事業所数","1～4人","112織物業"
"004","0060","02490","00000","2016000000","357","事業所数","1～4人","113ニット生地製造業"
"004","0060","02530","00000","2016000000","1051","事業所数","1～4人","114染色整理業"
"004","0060","02620","00000","2016000000","986","事業所数","1～4人","115綱・網・レース・繊維粗製品製造業"
"004","0060","02720","00000","2016000000","3947","事業所数","1～4人","116外衣・シャツ製造業（和式を除く）"
"004","0060","02820","00000","2016000000","226","事業所数","1～4人","117下着類製造業"
"004","0060","02870","00000","2016000000","1463","事業所数","1～4人","118和装製品・その他の衣服・繊維製身の回り品製造業"
"004","0060","02950","00000","2016000000","3304","事業所数","1～4人","119その他の繊維製品製造業"
"004","0060","03050","00000","2016000000","5211","事業所数","1～4人","12木材・木製品製造業（家具を除く）"
"004","0060","03060","00000","2016000000","76","事業所数","1～4人","120管理，補助的経済活動を行う事業所"
"004","0060","03090","00000","2016000000","2670","事業所数","1～4人","121製材業，木製品製造業"
"004","0060","03140","00000","2016000000","923","事業所数","1～4人","122造作材・合板・建築用組立材料製造業"
"004","0060","03230","00000","2016000000","532","事業所数","1～4人","123木製容器製造業（竹，とうを含む）"
"004","0060","03270","00000","2016000000","1010","事業所数","1～4人","129その他の木製品製造業（竹，とうを含む)"
"004","0060","03310","00000","2016000000","8714","事業所数","1～4人","13家具・装備品製造業"
"004","0060","03320","00000","2016000000","71","事業所数","1～4人","130管理，補助的経済活動を行う事業所"
"004","0060","03350","00000","2016000000","3683","事業所数","1～4人","131家具製造業"
"004","0060","03390","00000","2016000000","599","事業所数","1～4人","132宗教用具製造業"
"004","0060","03410","00000","2016000000","3466","事業所数","1～4人","133建具製造業"
"004","0060","03430","00000","2016000000","895","事業所数","1～4人","139その他の家具・装備品製造業"
"004","0060","03480","00000","2016000000","3450","事業所数","1～4人","14パルプ・紙・紙加工品製造業"
"004","0060","03490","00000","2016000000","82","事業所数","1～4人","140管理，補助的経済活動を行う事業所"
"004","0060","03520","00000","2016000000","5","事業所数","1～4人","141パルプ製造業"
"004","0060","03540","00000","2016000000","138","事業所数","1～4人","142紙製造業"
"004","0060","03580","00000","2016000000","128","事業所数","1～4人","143加工紙製造業"
"004","0060","03620","00000","2016000000","656","事業所数","1～4人","144紙製品製造業"
"004","0060","03660","00000","2016000000","1867","事業所数","1～4人","145紙製容器製造業"
"004","0060","03710","00000","2016000000","574","事業所数","1～4人","149その他のパルプ・紙・紙加工品製造業"
"004","0060","03730","00000","2016000000","11876","事業所数","1～4人","15印刷・同関連業"
"004","0060","03740","00000","2016000000","129","事業所数","1～4人","150管理，補助的経済活動を行う事業所"
"004","0060","03770","00000","2016000000","9495","事業所数","1～4人","151印刷業"
"004","0060","03810","00000","2016000000","530","事業所数","1～4人","152製版業"
"004","0060","03830","00000","2016000000","1586","事業所数","1～4人","153製本業，印刷物加工業"
"004","0060","03860","00000","2016000000","136","事業所数","1～4人","159印刷関連サービス業"
"004","0060","03880","00000","2016000000","2038","事業所数","1～4人","16化学工業"
"004","0060","03890","00000","2016000000","205","事業所数","1～4人","160管理，補助的経済活動を行う事業所"
"004","0060","03920","00000","2016000000","56","事業所数","1～4人","161化学肥料製造業"
"004","0060","03960","00000","2016000000","330","事業所数","1～4人","162無機化学工業製品製造業"
"004","0060","04020","00000","2016000000","142","事業所数","1～4人","163有機化学工業製品製造業"
"004","0060","04100","00000","2016000000","412","事業所数","1～4人","164油脂加工製品・石けん・合成洗剤・界面活性剤・塗料製造業"
"004","0060","04180","00000","2016000000","174","事業所数","1～4人","165医薬品製造業"
"004","0060","04240","00000","2016000000","260","事業所数","1～4人","166化粧品・歯磨・その他の化粧用調整品製造業"
"004","0060","04280","00000","2016000000","459","事業所数","1～4人","169その他の化学工業"
"004","0060","04370","00000","2016000000","610","事業所数","1～4人","17石油製品・石炭製品製造業"
"004","0060","04380","00000","2016000000","10","事業所数","1～4人","170管理，補助的経済活動を行う事業所"
"004","0060","04410","00000","2016000000","12","事業所数","1～4人","171石油精製業"
"004","0060","04430","00000","2016000000","28","事業所数","1～4人","172潤滑油・グリース製造業（石油精製業によらないもの）"
"004","0060","04450","00000","2016000000","4","事業所数","1～4人","173コークス製造業"
"004","0060","04470","00000","2016000000","485","事業所数","1～4人","174舗装材料製造業"
"004","0060","04490","00000","2016000000","71","事業所数","1～4人","179その他の石油製品・石炭製品製造業"
"004","0060","04510","00000","2016000000","7267","事業所数","1～4人","18プラスチック製品製造業（別掲を除く）"
"004","0060","04520","00000","2016000000","238","事業所数","1～4人","180管理，補助的経済活動を行う事業所"
"004","0060","04550","00000","2016000000","701","事業所数","1～4人","181プラスチック板・棒・管・継手・異形押出製品製造業"
"004","0060","04610","00000","2016000000","1055","事業所数","1～4人","182プラスチックフィルム・シート・床材・合成皮革製造業"
"004","0060","04670","00000","2016000000","2146","事業所数","1～4人","183工業用プラスチック製品製造業"
"004","0060","04720","00000","2016000000","626","事業所数","1～4人","184発泡・強化プラスチック製品製造業"
"004","0060","04780","00000","2016000000","558","事業所数","1～4人","185プラスチック成形材料製造業（廃プラスチックを含む）"
"004","0060","04810","00000","2016000000","1943","事業所数","1～4人","189その他のプラスチック製品製造業"
"004","0060","04860","00000","2016000000","1727","事業所数","1～4人","19ゴム製品製造業"
"004","0060","04870","00000","2016000000","46","事業所数","1～4人","190管理，補助的経済活動を行う事業所"
"004","0060","04900","00000","2016000000","11","事業所数","1～4人","191タイヤ・チューブ製造業"
"004","0060","04930","00000","2016000000","270","事業所数","1～4人","192ゴム製・プラスチック製履物・同附属品製造業"
"004","0060","04960","00000","2016000000","1158","事業所数","1～4人","193ゴムベルト・ゴムホース・工業用ゴム製品製造業"
"004","0060","05000","00000","2016000000","242","事業所数","1～4人","199その他のゴム製品製造業"
"004","0060","05070","00000","2016000000","1960","事業所数","1～4人","20なめし革・同製品・毛皮製造業"
"004","0060","05080","00000","2016000000","12","事業所数","1～4人","200管理，補助的経済活動を行う事業所"
"004","0060","05110","00000","2016000000","184","事業所数","1～4人","201なめし革製造業"
"004","0060","05130","00000","2016000000","28","事業所数","1～4人","202工業用革製品製造業（手袋を除く）"
"004","0060","05150","00000","2016000000","150","事業所数","1～4人","203革製履物用材料・同附属品製造業"
"004","0060","05170","00000","2016000000","315","事業所数","1～4人","204革製履物製造業"
"004","0060","05190","00000","2016000000","21","事業所数","1～4人","205革製手袋製造業"
"004","0060","05210","00000","2016000000","402","事業所数","1～4人","206かばん製造業"
"004","0060","05230","00000","2016000000","700","事業所数","1～4人","207袋物製造業"
"004","0060","05260","00000","2016000000","4","事業所数","1～4人","208毛皮製造業"
"004","0060","05280","00000","2016000000","144","事業所数","1～4人","209その他のなめし革製品製造業"
"004","0060","05300","00000","2016000000","6531","事業所数","1～4人","21窯業・土石製品製造業"
"004","0060","05310","00000","2016000000","241","事業所数","1～4人","210管理，補助的経済活動を行う事業所"
"004","0060","05340","00000","2016000000","572","事業所数","1～4人","211ガラス・同製品製造業"
"004","0060","05430","00000","2016000000","1164","事業所数","1～4人","212セメント・同製品製造業"
"004","0060","05480","00000","2016000000","181","事業所数","1～4人","213建設用粘土製品製造業（陶磁器製を除く)"
"004","0060","05520","00000","2016000000","1765","事業所数","1～4人","214陶磁器・同関連製品製造業"
"004","0060","05620","00000","2016000000","61","事業所数","1～4人","215耐火物製造業"
"004","0060","05660","00000","2016000000","60","事業所数","1～4人","216炭素・黒鉛製品製造業"
"004","0060","05690","00000","2016000000","129","事業所数","1～4人","217研磨材・同製品製造業"
"004","0060","05740","00000","2016000000","1828","事業所数","1～4人","218骨材・石工品等製造業"
"004","0060","05810","00000","2016000000","530","事業所数","1～4人","219その他の窯業・土石製品製造業"
"004","0060","05870","00000","2016000000","2782","事業所数","1～4人","22鉄鋼業"
"004","0060","05880","00000","2016000000","76","事業所数","1～4人","220管理，補助的経済活動を行う事業所"
"004","0060","05910","00000","2016000000","11","事業所数","1～4人","221製鉄業"
"004","0060","05950","00000","2016000000","5","事業所数","1～4人","222製鋼・製鋼圧延業"
"004","0060","05970","00000","2016000000","62","事業所数","1～4人","223製鋼を行わない鋼材製造業（表面処理鋼材を除く）"
"004","0060","06070","00000","2016000000","12","事業所数","1～4人","224表面処理鋼材製造業"
"004","0060","06100","00000","2016000000","579","事業所数","1～4人","225鉄素形材製造業"
"004","0060","06160","00000","2016000000","2037","事業所数","1～4人","229その他の鉄鋼業"
"004","0060","06210","00000","2016000000","1757","事業所数","1～4人","23非鉄金属製造業"
"004","0060","06220","00000","2016000000","62","事業所数","1～4人","230管理，補助的経済活動を行う事業所"
"004","0060","06250","00000","2016000000","7","事業所数","1～4人","231非鉄金属第１次製錬・精製業"
"004","0060","06290","00000","2016000000","226","事業所数","1～4人","232非鉄金属第２次製錬・精製業（非鉄金属合金製造業を含む）"
"004","0060","06330","00000","2016000000","278","事業所数","1～4人","233非鉄金属・同合金圧延業（抽伸，押出しを含む）"
"004","0060","06370","00000","2016000000","168","事業所数","1～4人","234電線・ケーブル製造業"
"004","0060","06400","00000","2016000000","793","事業所数","1～4人","235非鉄金属素形材製造業"
"004","0060","06460","00000","2016000000","223","事業所数","1～4人","239その他の非鉄金属製造業"
"004","0060","06490","00000","2016000000","22409","事業所数","1～4人","24金属製品製造業"
"004","0060","06500","00000","2016000000","396","事業所数","1～4人","240管理，補助的経済活動を行う事業所"
"004","0060","06530","00000","2016000000","103","事業所数","1～4人","241ブリキ缶・その他のめっき板等製品製造業"
"004","0060","06550","00000","2016000000","2224","事業所数","1～4人","242洋食器・刃物・手道具・金物類製造業"
"004","0060","06630","00000","2016000000","727","事業所数","1～4人","243暖房・調理等装置，配管工事用附属品製造業"
"004","0060","06680","00000","2016000000","9911","事業所数","1～4人","244建設用・建築用金属製品製造業（製缶板金業を含む)"
"004","0060","06750","00000","2016000000","2593","事業所数","1～4人","245金属素形材製品製造業"
"004","0060","06790","00000","2016000000","3090","事業所数","1～4人","246金属被覆・彫刻業，熱処理業（ほうろう鉄器を除く）"
"004","0060","06860","00000","2016000000","526","事業所数","1～4人","247金属線製品製造業（ねじ類を除く)"
"004","0060","06890","00000","2016000000","1216","事業所数","1～4人","248ボルト・ナット・リベット・小ねじ・木ねじ等製造業"
"004","0060","06910","00000","2016000000","1623","事業所数","1～4人","249その他の金属製品製造業"
"004","0060","06950","00000","2016000000","5224","事業所数","1～4人","25はん用機械器具製造業"
"004","0060","06960","00000","2016000000","118","事業所数","1～4人","250管理，補助的経済活動を行う事業所"
"004","0060","06990","00000","2016000000","180","事業所数","1～4人","251ボイラ・原動機製造業"
"004","0060","07040","00000","2016000000","832","事業所数","1～4人","252ポンプ・圧縮機器製造業"
"004","0060","07080","00000","2016000000","1522","事業所数","1～4人","253一般産業用機械・装置製造業"
"004","0060","07140","00000","2016000000","2572","事業所数","1～4人","259その他のはん用機械・同部分品製造業"
"004","0060","07220","00000","2016000000","15226","事業所数","1～4人","26生産用機械器具製造業"
"004","0060","07230","00000","2016000000","268","事業所数","1～4人","260管理，補助的経済活動を行う事業所"
"004","0060","07260","00000","2016000000","434","事業所数","1～4人","261農業用機械製造業（農業用器具を除く）"
"004","0060","07280","00000","2016000000","695","事業所数","1～4人","262建設機械・鉱山機械製造業"
"004","0060","07300","00000","2016000000","364","事業所数","1～4人","263繊維機械製造業"
"004","0060","07360","00000","2016000000","1640","事業所数","1～4人","264生活関連産業用機械製造業"
"004","0060","07420","00000","2016000000","921","事業所数","1～4人","265基礎素材産業用機械製造業"
"004","0060","07460","00000","2016000000","5390","事業所数","1～4人","266金属加工機械製造業"
"004","0060","07510","00000","2016000000","594","事業所数","1～4人","267半導体・フラットパネルディスプレイ製造装置製造業"
"004","0060","07540","00000","2016000000","4920","事業所数","1～4人","269その他の生産用機械・同部分品製造業"
"004","0060","07600","00000","2016000000","3162","事業所数","1～4人","27業務用機械器具製造業"
"004","0060","07610","00000","2016000000","104","事業所数","1～4人","270管理，補助的経済活動を行う事業所"
"004","0060","07640","00000","2016000000","183","事業所数","1～4人","271事務用機械器具製造業"
"004","0060","07670","00000","2016000000","453","事業所数","1～4人","272サービス用・娯楽用機械器具製造業"
"004","0060","07720","00000","2016000000","1157","事業所数","1～4人","273計量器・測定器・分析機器・試験機・測量機械器具・理化学機械器具製造業"
"004","0060","07820","00000","2016000000","895","事業所数","1～4人","274医療用機械器具・医療用品製造業"
"004","0060","07870","00000","2016000000","360","事業所数","1～4人","275光学機械器具・レンズ製造業"
"004","0060","07910","00000","2016000000","10","事業所数","1～4人","276武器製造業"
"004","0060","07930","00000","2016000000","1978","事業所数","1～4人","28電子部品・デバイス・電子回路製造業"
"004","0060","07940","00000","2016000000","69","事業所数","1～4人","280管理，補助的経済活動を行う事業所"
"004","0060","07970","00000","2016000000","77","事業所数","1～4人","281電子デバイス製造業"
"004","0060","08030","00000","2016000000","409","事業所数","1～4人","282電子部品製造業"
"004","0060","08070","00000","2016000000","7","事業所数","1～4人","283記録メディア製造業"
"004","0060","08100","00000","2016000000","470","事業所数","1～4人","284電子回路製造業"
"004","0060","08130","00000","2016000000","78","事業所数","1～4人","285ユニット部品製造業"
"004","0060","08160","00000","2016000000","868","事業所数","1～4人","289その他の電子部品・デバイス・電子回路製造業"
"004","0060","08180","00000","2016000000","5198","事業所数","1～4人","29電気機械器具製造業"
"004","0060","08190","00000","2016000000","142","事業所数","1～4人","290管理，補助的経済活動を行う事業所"
"004","0060","08220","00000","2016000000","2540","事業所数","1～4人","291発電用・送電用・配電用電気機械器具製造業"
"004","0060","08280","00000","2016000000","678","事業所数","1～4人","292産業用電気機械器具製造業"
"004","0060","08320","00000","2016000000","500","事業所数","1～4人","293民生用電気機械器具製造業"
"004","0060","08370","00000","2016000000","373","事業所数","1～4人","294電球・電気照明器具製造業"
"004","0060","08400","00000","2016000000","42","事業所数","1～4人","295電池製造業"
"004","0060","08430","00000","2016000000","330","事業所数","1～4人","296電子応用装置製造業"
"004","0060","08470","00000","2016000000","408","事業所数","1～4人","297電気計測器製造業"
"004","0060","08510","00000","2016000000","185","事業所数","1～4人","299その他の電気機械器具製造業"
"004","0060","08530","00000","2016000000","656","事業所数","1～4人","30情報通信機械器具製造業"
"004","0060","08540","00000","2016000000","38","事業所数","1～4人","300管理，補助的経済活動を行う事業所"
"004","0060","08570","00000","2016000000","152","事業所数","1～4人","301通信機械器具・同関連機械器具製造業"
"004","0060","08640","00000","2016000000","248","事業所数","1～4人","302映像・音響機械器具製造業"
"004","0060","08680","00000","2016000000","218","事業所数","1～4人","303電子計算機・同附属装置製造業"
"004","0060","08750","00000","2016000000","5504","事業所数","1～4人","31輸送用機械器具製造業"
"004","0060","08760","00000","2016000000","181","事業所数","1～4人","310管理，補助的経済活動を行う事業所"
"004","0060","08790","00000","2016000000","3255","事業所数","1～4人","311自動車・同附属品製造業"
"004","0060","08830","00000","2016000000","231","事業所数","1～4人","312鉄道車両・同部分品製造業"
"004","0060","08860","00000","2016000000","1241","事業所数","1～4人","313船舶製造・修理業，舶用機関製造業"
"004","0060","08910","00000","2016000000","120","事業所数","1～4人","314航空機・同附属品製造業"
"004","0060","08950","00000","2016000000","162","事業所数","1～4人","315産業用運搬車両・同部分品・附属品製造業"
"004","0060","08980","00000","2016000000","314","事業所数","1～4人","319その他の輸送用機械器具製造業"
"004","0060","09010","00000","2016000000","11906","事業所数","1～4人","32その他の製造業"
"004","0060","09020","00000","2016000000","104","事業所数","1～4人","320管理，補助的経済活動を行う事業所"
"004","0060","09050","00000","2016000000","725","事業所数","1～4人","321貴金属・宝石製品製造業"
"004","0060","09090","00000","2016000000","619","事業所数","1～4人","322装身具・装飾品・ボタン・同関連品製造業（貴金属・宝石製を除く）"
"004","0060","09150","00000","2016000000","52","事業所数","1～4人","323時計・同部分品製造業"
"004","0060","09170","00000","2016000000","198","事業所数","1～4人","324楽器製造業"
"004","0060","09200","00000","2016000000","1140","事業所数","1～4人","325がん具・運動用具製造業"
"004","0060","09210","00000","2016000000","689","事業所数","1～4人","32Aがん具製造業"
"004","0060","09240","00000","2016000000","451","事業所数","1～4人","32B運動用具製造業"
"004","0060","09260","00000","2016000000","465","事業所数","1～4人","326ペン・鉛筆・絵画用品・その他の事務用品製造業"
"004","0060","09300","00000","2016000000","492","事業所数","1～4人","327漆器製造業"
"004","0060","09320","00000","2016000000","2055","事業所数","1～4人","328畳等生活雑貨製品製造業"
"004","0060","09390","00000","2016000000","6056","事業所数","1～4人","329他に分類されない製造業"
"004","0060","09400","00000","2016000000","80","事業所数","1～4人","32C情報記録物製造業（新聞，書籍等の印刷物を除く）"
"004","0060","09420","00000","2016000000","5976","事業所数","1～4人","32D他に分類されないその他の製造業"
"004","0060","09500","00000","2016000000","1068","事業所数","1～4人","F電気・ガス・熱供給・水道業"
"004","0060","09510","00000","2016000000","399","事業所数","1～4人","33電気業"
"004","0060","09520","00000","2016000000","70","事業所数","1～4人","330管理，補助的経済活動を行う事業所"
"004","0060","09530","00000","2016000000","329","事業所数","1～4人","331電気業"
"004","0060","09540","00000","2016000000","89","事業所数","1～4人","34ガス業"
"004","0060","09550","00000","2016000000","26","事業所数","1～4人","340管理，補助的経済活動を行う事業所"
"004","0060","09560","00000","2016000000","63","事業所数","1～4人","341ガス業"
"004","0060","09570","00000","2016000000","81","事業所数","1～4人","35熱供給業"
"004","0060","09580","00000","2016000000","4","事業所数","1～4人","350管理，補助的経済活動を行う事業所"
"004","0060","09590","00000","2016000000","77","事業所数","1～4人","351熱供給業"
"004","0060","09600","00000","2016000000","496","事業所数","1～4人","36水道業"
"004","0060","09610","00000","2016000000","39","事業所数","1～4人","360管理，補助的経済活動を行う事業所"
"004","0060","09620","00000","2016000000","132","事業所数","1～4人","361上水道業"
"004","0060","09630","00000","2016000000","5","事業所数","1～4人","362工業用水道業"
"004","0060","09640","00000","2016000000","320","事業所数","1～4人","363下水道業"
"004","0060","09650","00000","2016000000","22201","事業所数","1～4人","G情報通信業"
"004","0060","09660","00000","2016000000","9569","事業所数","1～4人","G1情報通信業（通信業，放送業，映像・音声・文字情報制作業）"
"004","0060","09670","00000","2016000000","842","事業所数","1～4人","37通信業"
"004","0060","09690","00000","2016000000","296","事業所数","1～4人","371固定電気通信業"
"004","0060","09700","00000","2016000000","102","事業所数","1～4人","372移動電気通信業"
"004","0060","09710","00000","2016000000","444","事業所数","1～4人","373電気通信に附帯するサービス業"
"004","0060","09720","00000","2016000000","605","事業所数","1～4人","38放送業"
"004","0060","09730","00000","2016000000","4","事業所数","1～4人","380管理，補助的経済活動を行う事業所"
"004","0060","09740","00000","2016000000","14","事業所数","1～4人","381公共放送業（有線放送業を除く）"
"004","0060","09750","00000","2016000000","374","事業所数","1～4人","382民間放送業（有線放送業を除く）"
"004","0060","09770","00000","2016000000","213","事業所数","1～4人","383有線放送業"
"004","0060","09780","00000","2016000000","8101","事業所数","1～4人","41映像・音声・文字情報制作業"
"004","0060","09790","00000","2016000000","24","事業所数","1～4人","410管理，補助的経済活動を行う事業所"
"004","0060","09800","00000","2016000000","1569","事業所数","1～4人","411映像情報制作・配給業"
"004","0060","09810","00000","2016000000","286","事業所数","1～4人","412音声情報制作業"
"004","0060","09820","00000","2016000000","533","事業所数","1～4人","413新聞業"
"004","0060","09830","00000","2016000000","1768","事業所数","1～4人","414出版業"
"004","0060","09840","00000","2016000000","1206","事業所数","1～4人","415広告制作業"
"004","0060","09850","00000","2016000000","2715","事業所数","1～4人","416映像・音声・文字情報制作に附帯するサービス業"
"004","0060","09860","00000","2016000000","12632","事業所数","1～4人","G2情報通信業（情報サービス業，インターネット附随サービス業）"
"004","0060","09870","00000","2016000000","10485","事業所数","1～4人","39情報サービス業"
"004","0060","09880","00000","2016000000","106","事業所数","1～4人","390管理，補助的経済活動を行う事業所"
"004","0060","09910","00000","2016000000","8115","事業所数","1～4人","391ソフトウェア業"
"004","0060","09960","00000","2016000000","2264","事業所数","1～4人","392情報処理・提供サービス業"
"004","0060","09970","00000","2016000000","1308","事業所数","1～4人","39A情報処理サービス業"
"004","0060","09990","00000","2016000000","429","事業所数","1～4人","39B情報提供サービス業"
"004","0060","10010","00000","2016000000","527","事業所数","1～4人","39Cその他の情報処理・提供サービス業"
"004","0060","10040","00000","2016000000","2131","事業所数","1～4人","40インターネット附随サービス業"
"004","0060","10050","00000","2016000000","16","事業所数","1～4人","400管理，補助的経済活動を行う事業所"
"004","0060","10080","00000","2016000000","2115","事業所数","1～4人","401インターネット附随サービス業"
"004","0060","10120","00000","2016000000","25897","事業所数","1～4人","H運輸業，郵便業"
"004","0060","10130","00000","2016000000","632","事業所数","1～4人","42鉄道業"
"004","0060","10140","00000","2016000000","11","事業所数","1～4人","420管理，補助的経済活動を行う事業所"
"004","0060","10150","00000","2016000000","621","事業所数","1～4人","421鉄道業"
"004","0060","10160","00000","2016000000","2629","事業所数","1～4人","43道路旅客運送業"
"004","0060","10170","00000","2016000000","39","事業所数","1～4人","430管理，補助的経済活動を行う事業所"
"004","0060","10180","00000","2016000000","294","事業所数","1～4人","431一般乗合旅客自動車運送業"
"004","0060","10190","00000","2016000000","1740","事業所数","1～4人","432一般乗用旅客自動車運送業"
"004","0060","10200","00000","2016000000","489","事業所数","1～4人","433一般貸切旅客自動車運送業"
"004","0060","10210","00000","2016000000","67","事業所数","1～4人","439その他の道路旅客運送業"
"004","0060","10220","00000","2016000000","12159","事業所数","1～4人","44道路貨物運送業"
"004","0060","10230","00000","2016000000","233","事業所数","1～4人","440管理，補助的経済活動を行う事業所"
"004","0060","10240","00000","2016000000","9692","事業所数","1～4人","441一般貨物自動車運送業"
"004","0060","10250","00000","2016000000","539","事業所数","1～4人","442特定貨物自動車運送業"
"004","0060","10260","00000","2016000000","1282","事業所数","1～4人","443貨物軽自動車運送業"
"004","0060","10270","00000","2016000000","367","事業所数","1～4人","444集配利用運送業"
"004","0060","10280","00000","2016000000","46","事業所数","1～4人","449その他の道路貨物運送業"
"004","0060","10290","00000","2016000000","1077","事業所数","1～4人","45水運業"
"004","0060","10300","00000","2016000000","8","事業所数","1～4人","450管理，補助的経済活動を行う事業所"
"004","0060","10310","00000","2016000000","87","事業所数","1～4人","451外航海運業"
"004","0060","10320","00000","2016000000","595","事業所数","1～4人","452沿海海運業"
"004","0060","10330","00000","2016000000","138","事業所数","1～4人","453内陸水運業"
"004","0060","10340","00000","2016000000","249","事業所数","1～4人","454船舶貸渡業"
"004","0060","10350","00000","2016000000","326","事業所数","1～4人","46航空運輸業"
"004","0060","10360","00000","2016000000","7","事業所数","1～4人","460管理，補助的経済活動を行う事業所"
"004","0060","10370","00000","2016000000","280","事業所数","1～4人","461航空運送業"
"004","0060","10380","00000","2016000000","39","事業所数","1～4人","462航空機使用業（航空運送業を除く）"
"004","0060","10390","00000","2016000000","3541","事業所数","1～4人","47倉庫業"
"004","0060","10400","00000","2016000000","34","事業所数","1～4人","470管理，補助的経済活動を行う事業所"
"004","0060","10410","00000","2016000000","3107","事業所数","1～4人","471倉庫業（冷蔵倉庫業を除く）"
"004","0060","10420","00000","2016000000","400","事業所数","1～4人","472冷蔵倉庫業"
"004","0060","10430","00000","2016000000","5492","事業所数","1～4人","48運輸に附帯するサービス業"
"004","0060","10440","00000","2016000000","71","事業所数","1～4人","480管理，補助的経済活動を行う事業所"
"004","0060","10450","00000","2016000000","555","事業所数","1～4人","481港湾運送業"
"004","0060","10460","00000","2016000000","1418","事業所数","1～4人","482貨物運送取扱業（集配利用運送業を除く）"
"004","0060","10470","00000","2016000000","264","事業所数","1～4人","483運送代理店"
"004","0060","10480","00000","2016000000","652","事業所数","1～4人","484こん包業"
"004","0060","10490","00000","2016000000","172","事業所数","1～4人","485運輸施設提供業"
"004","0060","10500","00000","2016000000","2360","事業所数","1～4人","489その他の運輸に附帯するサービス業"
"004","0060","10510","00000","2016000000","24","事業所数","1～4人","49郵便業（信書便事業を含む）"
"004","0060","10520","00000","2016000000","1","事業所数","1～4人","490管理，補助的経済活動を行う事業所"
"004","0060","10530","00000","2016000000","23","事業所数","1～4人","491郵便業（信書便事業を含む）"
"004","0060","10540","00000","2016000000","514364","事業所数","1～4人","I卸売業，小売業"
"004","0060","10550","00000","2016000000","154453","事業所数","1～4人","I1卸売業"
"004","0060","10560","00000","2016000000","566","事業所数","1～4人","50各種商品卸売業"
"004","0060","10570","00000","2016000000","39","事業所数","1～4人","500管理，補助的経済活動を行う事業所"
"004","0060","10610","00000","2016000000","527","事業所数","1～4人","501各種商品卸売業"
"004","0060","10640","00000","2016000000","527","事業所数","1～4人","50Bその他の各種商品卸売業"
"004","0060","10660","00000","2016000000","10013","事業所数","1～4人","51繊維・衣服等卸売業"
"004","0060","10670","00000","2016000000","203","事業所数","1～4人","510管理，補助的経済活動を行う事業所"
"004","0060","10710","00000","2016000000","1820","事業所数","1～4人","511繊維品卸売業（衣服，身の回り品を除く）"
"004","0060","10750","00000","2016000000","4405","事業所数","1～4人","512衣服卸売業"
"004","0060","10800","00000","2016000000","3585","事業所数","1～4人","513身の回り品卸売業"
"004","0060","10850","00000","2016000000","28213","事業所数","1～4人","52飲食料品卸売業"
"004","0060","10860","00000","2016000000","608","事業所数","1～4人","520管理，補助的経済活動を行う事業所"
"004","0060","10900","00000","2016000000","13701","事業所数","1～4人","521農畜産物・水産物卸売業"
"004","0060","10910","00000","2016000000","1748","事業所数","1～4人","52A米穀類卸売業"
"004","0060","10940","00000","2016000000","3887","事業所数","1～4人","52B野菜・果実卸売業"
"004","0060","10970","00000","2016000000","2475","事業所数","1～4人","52C食肉卸売業"
"004","0060","10990","00000","2016000000","4458","事業所数","1～4人","52D生鮮魚介卸売業"
"004","0060","11010","00000","2016000000","1133","事業所数","1～4人","52Eその他の農畜産物・水産物卸売業"
"004","0060","11030","00000","2016000000","13904","事業所数","1～4人","522食料・飲料卸売業"
"004","0060","11120","00000","2016000000","37799","事業所数","1～4人","53建築材料，鉱物・金属材料等卸売業"
"004","0060","11130","00000","2016000000","725","事業所数","1～4人","530管理，補助的経済活動を行う事業所"
"004","0060","11170","00000","2016000000","15650","事業所数","1～4人","531建築材料卸売業"
"004","0060","11230","00000","2016000000","8165","事業所数","1～4人","532化学製品卸売業"
"004","0060","11270","00000","2016000000","2276","事業所数","1～4人","533石油・鉱物卸売業"
"004","0060","11300","00000","2016000000","3765","事業所数","1～4人","534鉄鋼製品卸売業"
"004","0060","11340","00000","2016000000","2657","事業所数","1～4人","535非鉄金属卸売業"
"004","0060","11370","00000","2016000000","4561","事業所数","1～4人","536再生資源卸売業"
"004","0060","11430","00000","2016000000","40587","事業所数","1～4人","54機械器具卸売業"
"004","0060","11440","00000","2016000000","704","事業所数","1～4人","540管理，補助的経済活動を行う事業所"
"004","0060","11480","00000","2016000000","16483","事業所数","1～4人","541産業機械器具卸売業"
"004","0060","11540","00000","2016000000","7480","事業所数","1～4人","542自動車卸売業"
"004","0060","11580","00000","2016000000","10298","事業所数","1～4人","543電気機械器具卸売業"
"004","0060","11610","00000","2016000000","5622","事業所数","1～4人","549その他の機械器具卸売業"
"004","0060","11650","00000","2016000000","37083","事業所数","1～4人","55その他の卸売業"
"004","0060","11660","00000","2016000000","512","事業所数","1～4人","550管理，補助的経済活動を行う事業所"
"004","0060","11700","00000","2016000000","5494","事業所数","1～4人","551家具・建具・じゅう器等卸売業"
"004","0060","11770","00000","2016000000","5926","事業所数","1～4人","552医薬品・化粧品等卸売業"
"004","0060","11820","00000","2016000000","3080","事業所数","1～4人","553紙・紙製品卸売業"
"004","0060","11850","00000","2016000000","22071","事業所数","1～4人","559他に分類されない卸売業"
"004","0060","11860","00000","2016000000","923","事業所数","1～4人","55A代理商，仲立業"
"004","0060","11880","00000","2016000000","21148","事業所数","1～4人","55B他に分類されないその他の卸売業"
"004","0060","11970","00000","2016000000","359911","事業所数","1～4人","I2小売業"
"004","0060","11980","00000","2016000000","557","事業所数","1～4人","56各種商品小売業"
"004","0060","11990","00000","2016000000","37","事業所数","1～4人","560管理，補助的経済活動を行う事業所"
"004","0060","12050","00000","2016000000","520","事業所数","1～4人","569その他の各種商品小売業（従業者が常時50人未満のもの）"
"004","0060","12070","00000","2016000000","57184","事業所数","1～4人","57織物・衣服・身の回り品小売業"
"004","0060","12080","00000","2016000000","388","事業所数","1～4人","570管理，補助的経済活動を行う事業所"
"004","0060","12120","00000","2016000000","5616","事業所数","1～4人","571呉服・服地・寝具小売業"
"004","0060","12150","00000","2016000000","6619","事業所数","1～4人","572男子服小売業"
"004","0060","12170","00000","2016000000","27959","事業所数","1～4人","573婦人・子供服小売業"
"004","0060","12200","00000","2016000000","3973","事業所数","1～4人","574靴・履物小売業"
"004","0060","12230","00000","2016000000","12629","事業所数","1～4人","579その他の織物・衣服・身の回り品小売業"
"004","0060","12280","00000","2016000000","87667","事業所数","1～4人","58飲食料品小売業"
"004","0060","12290","00000","2016000000","600","事業所数","1～4人","580管理，補助的経済活動を行う事業所"
"004","0060","12330","00000","2016000000","4159","事業所数","1～4人","581各種食料品小売業"
"004","0060","12350","00000","2016000000","7316","事業所数","1～4人","582野菜・果実小売業"
"004","0060","12380","00000","2016000000","4898","事業所数","1～4人","583食肉小売業"
"004","0060","12410","00000","2016000000","5219","事業所数","1～4人","584鮮魚小売業"
"004","0060","12430","00000","2016000000","10749","事業所数","1～4人","585酒小売業"
"004","0060","12450","00000","2016000000","23830","事業所数","1～4人","586菓子・パン小売業"
"004","0060","12500","00000","2016000000","30896","事業所数","1～4人","589その他の飲食料品小売業"
"004","0060","12510","00000","2016000000","6839","事業所数","1～4人","58A料理品小売業"
"004","0060","12530","00000","2016000000","24057","事業所数","1～4人","58B他に分類されない飲食料品小売業"
"004","0060","12620","00000","2016000000","58510","事業所数","1～4人","59機械器具小売業"
"004","0060","12630","00000","2016000000","257","事業所数","1～4人","590管理，補助的経済活動を行う事業所"
"004","0060","12670","00000","2016000000","34723","事業所数","1～4人","591自動車小売業"
"004","0060","12720","00000","2016000000","3207","事業所数","1～4人","592自転車小売業"
"004","0060","12740","00000","2016000000","20323","事業所数","1～4人","593機械器具小売業（自動車，自転車を除く）"
"004","0060","12790","00000","2016000000","142427","事業所数","1～4人","60その他の小売業"
"004","0060","12800","00000","2016000000","1177","事業所数","1～4人","600管理，補助的経済活動を行う事業所"
"004","0060","12840","00000","2016000000","7952","事業所数","1～4人","601家具・建具・畳小売業"
"004","0060","12890","00000","2016000000","5672","事業所数","1～4人","602じゅう器小売業"
"004","0060","12940","00000","2016000000","34612","事業所数","1～4人","603医薬品・化粧品小売業"
"004","0060","12990","00000","2016000000","5075","事業所数","1～4人","604農耕用品小売業"
"004","0060","13030","00000","2016000000","21238","事業所数","1～4人","605燃料小売業"
"004","0060","13060","00000","2016000000","9261","事業所数","1～4人","606書籍・文房具小売業"
"004","0060","13110","00000","2016000000","8565","事業所数","1～4人","607スポーツ用品・がん具・娯楽用品・楽器小売業"
"004","0060","13120","00000","2016000000","5256","事業所数","1～4人","60Aスポーツ用品小売業"
"004","0060","13140","00000","2016000000","2163","事業所数","1～4人","60Bがん具・娯楽用品小売業"
"004","0060","13160","00000","2016000000","1146","事業所数","1～4人","60C楽器小売業"
"004","0060","13180","00000","2016000000","9476","事業所数","1～4人","608写真機・時計・眼鏡小売業"
"004","0060","13210","00000","2016000000","39399","事業所数","1～4人","609他に分類されない小売業"
"004","0060","13220","00000","2016000000","10631","事業所数","1～4人","60D花・植木小売業"
"004","0060","13240","00000","2016000000","1862","事業所数","1～4人","60Eペット・ペット用品小売業"
"004","0060","13260","00000","2016000000","3563","事業所数","1～4人","60F中古品小売業（他に分類されないもの）"
"004","0060","13290","00000","2016000000","23343","事業所数","1～4人","60G他に分類されないその他の小売業"
"004","0060","13350","00000","2016000000","13327","事業所数","1～4人","61無店舗小売業"
"004","0060","13360","00000","2016000000","95","事業所数","1～4人","610管理，補助的経済活動を行う事業所"
"004","0060","13400","00000","2016000000","10549","事業所数","1～4人","611通信販売・訪問販売小売業"
"004","0060","13460","00000","2016000000","498","事業所数","1～4人","612自動販売機による小売業"
"004","0060","13480","00000","2016000000","2185","事業所数","1～4人","619その他の無店舗小売業"
"004","0060","13500","00000","2016000000","23119","事業所数","1～4人","J金融業，保険業"
"004","0060","13510","00000","2016000000","1251","事業所数","1～4人","62銀行業"
"004","0060","13520","00000","2016000000","8","事業所数","1～4人","620管理，補助的経済活動を行う事業所"
"004","0060","13530","00000","2016000000","9","事業所数","1～4人","621中央銀行"
"004","0060","13540","00000","2016000000","1234","事業所数","1～4人","622銀行（中央銀行を除く）"
"004","0060","13560","00000","2016000000","1145","事業所数","1～4人","63協同組織金融業"
"004","0060","13570","00000","2016000000","1","事業所数","1～4人","630管理，補助的経済活動を行う事業所"
"004","0060","13580","00000","2016000000","785","事業所数","1～4人","631中小企業等金融業"
"004","0060","13590","00000","2016000000","359","事業所数","1～4人","632農林水産金融業"
"004","0060","13600","00000","2016000000","2127","事業所数","1～4人","64貸金業，クレジットカード業等非預金信用機関"
"004","0060","13610","00000","2016000000","18","事業所数","1～4人","640管理，補助的経済活動を行う事業所"
"004","0060","13620","00000","2016000000","622","事業所数","1～4人","641貸金業"
"004","0060","13630","00000","2016000000","845","事業所数","1～4人","642質屋"
"004","0060","13640","00000","2016000000","371","事業所数","1～4人","643クレジットカード業，割賦金融業"
"004","0060","13650","00000","2016000000","271","事業所数","1～4人","649その他の非預金信用機関"
"004","0060","13660","00000","2016000000","856","事業所数","1～4人","65金融商品取引業，商品先物取引業"
"004","0060","13680","00000","2016000000","827","事業所数","1～4人","651金融商品取引業"
"004","0060","13690","00000","2016000000","29","事業所数","1～4人","652商品先物取引業，商品投資顧問業"
"004","0060","13700","00000","2016000000","607","事業所数","1～4人","66補助的金融業等"
"004","0060","13710","00000","2016000000","2","事業所数","1～4人","660管理，補助的経済活動を行う事業所"
"004","0060","13720","00000","2016000000","378","事業所数","1～4人","661補助的金融業，金融附帯業"
"004","0060","13730","00000","2016000000","12","事業所数","1～4人","662信託業"
"004","0060","13740","00000","2016000000","215","事業所数","1～4人","663金融代理業"
"004","0060","13750","00000","2016000000","17075","事業所数","1～4人","67保険業（保険媒介代理業，保険サービス業を含む）"
"004","0060","13760","00000","2016000000","10","事業所数","1～4人","670管理，補助的経済活動を行う事業所"
"004","0060","13770","00000","2016000000","1010","事業所数","1～4人","671生命保険業"
"004","0060","13780","00000","2016000000","337","事業所数","1～4人","672損害保険業"
"004","0060","13790","00000","2016000000","657","事業所数","1～4人","673共済事業，少額短期保険業"
"004","0060","13800","00000","2016000000","14588","事業所数","1～4人","674保険媒介代理業"
"004","0060","13810","00000","2016000000","473","事業所数","1～4人","675保険サービス業"
"004","0060","13820","00000","2016000000","114955","事業所数","1～4人","K不動産業，物品賃貸業"
"004","0060","13830","00000","2016000000","104292","事業所数","1～4人","K1不動産業"
"004","0060","13840","00000","2016000000","31196","事業所数","1～4人","68不動産取引業"
"004","0060","13850","00000","2016000000","41","事業所数","1～4人","680管理，補助的経済活動を行う事業所"
"004","0060","13880","00000","2016000000","8897","事業所数","1～4人","681建物売買業，土地売買業"
"004","0060","13910","00000","2016000000","22258","事業所数","1～4人","682不動産代理業・仲介業"
"004","0060","13930","00000","2016000000","72867","事業所数","1～4人","69不動産賃貸業・管理業"
"004","0060","13940","00000","2016000000","58","事業所数","1～4人","690管理，補助的経済活動を行う事業所"
"004","0060","13970","00000","2016000000","16392","事業所数","1～4人","691不動産賃貸業（貸家業，貸間業を除く）"
"004","0060","14010","00000","2016000000","30984","事業所数","1～4人","692貸家業，貸間業"
"004","0060","14040","00000","2016000000","5505","事業所数","1～4人","693駐車場業"
"004","0060","14060","00000","2016000000","19928","事業所数","1～4人","694不動産管理業"
"004","0060","14080","00000","2016000000","10663","事業所数","1～4人","K2物品賃貸業"
"004","0060","14090","00000","2016000000","10663","事業所数","1～4人","70物品賃貸業"
"004","0060","14100","00000","2016000000","197","事業所数","1～4人","700管理，補助的経済活動を行う事業所"
"004","0060","14130","00000","2016000000","427","事業所数","1～4人","701各種物品賃貸業"
"004","0060","14160","00000","2016000000","3737","事業所数","1～4人","702産業用機械器具賃貸業"
"004","0060","14190","00000","2016000000","172","事業所数","1～4人","703事務用機械器具賃貸業"
"004","0060","14220","00000","2016000000","2027","事業所数","1～4人","704自動車賃貸業"
"004","0060","14240","00000","2016000000","264","事業所数","1～4人","705スポーツ・娯楽用品賃貸業"
"004","0060","14260","00000","2016000000","3828","事業所数","1～4人","709その他の物品賃貸業"
"004","0060","14270","00000","2016000000","203","事業所数","1～4人","70A音楽・映像記録物賃貸業（別掲を除く）"
"004","0060","14290","00000","2016000000","3625","事業所数","1～4人","70B他に分類されない物品賃貸業"
"004","0060","14330","00000","2016000000","102972","事業所数","1～4人","L学術研究，専門・技術サービス業"
"004","0060","14340","00000","2016000000","1508","事業所数","1～4人","71学術・開発研究機関"
"004","0060","14350","00000","2016000000","17","事業所数","1～4人","710管理，補助的経済活動を行う事業所"
"004","0060","14370","00000","2016000000","1265","事業所数","1～4人","711自然科学研究所"
"004","0060","14420","00000","2016000000","224","事業所数","1～4人","712人文・社会科学研究所"
"004","0060","14440","00000","2016000000","56600","事業所数","1～4人","72専門サービス業（他に分類されないもの）"
"004","0060","14450","00000","2016000000","60","事業所数","1～4人","720管理，補助的経済活動を行う事業所"
"004","0060","14470","00000","2016000000","8134","事業所数","1～4人","721法律事務所，特許事務所"
"004","0060","14480","00000","2016000000","7487","事業所数","1～4人","72A法律事務所"
"004","0060","14500","00000","2016000000","647","事業所数","1～4人","72B特許事務所"
"004","0060","14520","00000","2016000000","10301","事業所数","1～4人","722公証人役場，司法書士事務所，土地家屋調査士事務所"
"004","0060","14550","00000","2016000000","1731","事業所数","1～4人","723行政書士事務所"
"004","0060","14570","00000","2016000000","16474","事業所数","1～4人","724公認会計士事務所，税理士事務所"
"004","0060","14580","00000","2016000000","1338","事業所数","1～4人","72C公認会計士事務所"
"004","0060","14600","00000","2016000000","15136","事業所数","1～4人","72D税理士事務所"
"004","0060","14620","00000","2016000000","2812","事業所数","1～4人","725社会保険労務士事務所"
"004","0060","14640","00000","2016000000","3704","事業所数","1～4人","726デザイン業"
"004","0060","14660","00000","2016000000","130","事業所数","1～4人","727著述・芸術家業"
"004","0060","14690","00000","2016000000","4784","事業所数","1～4人","728経営コンサルタント業，純粋持株会社"
"004","0060","14700","00000","2016000000","4582","事業所数","1～4人","72E経営コンサルタント業"
"004","0060","14720","00000","2016000000","202","事業所数","1～4人","72F純粋持株会社"
"004","0060","14740","00000","2016000000","8470","事業所数","1～4人","729その他の専門サービス業"
"004","0060","14750","00000","2016000000","228","事業所数","1～4人","72G興信所"
"004","0060","14770","00000","2016000000","8242","事業所数","1～4人","72H他に分類されない専門サービス業"
"004","0060","14820","00000","2016000000","3824","事業所数","1～4人","73広告業"
"004","0060","14830","00000","2016000000","15","事業所数","1～4人","730管理，補助的経済活動を行う事業所"
"004","0060","14860","00000","2016000000","3809","事業所数","1～4人","731広告業"
"004","0060","14880","00000","2016000000","40993","事業所数","1～4人","74技術サービス業（他に分類されないもの）"
"004","0060","14890","00000","2016000000","164","事業所数","1～4人","740管理，補助的経済活動を行う事業所"
"004","0060","14910","00000","2016000000","5425","事業所数","1～4人","741獣医業"
"004","0060","14930","00000","2016000000","24044","事業所数","1～4人","742土木建築サービス業"
"004","0060","14940","00000","2016000000","17784","事業所数","1～4人","74A建築設計業"
"004","0060","14960","00000","2016000000","4754","事業所数","1～4人","74B測量業"
"004","0060","14980","00000","2016000000","1506","事業所数","1～4人","74Cその他の土木建築サービス業"
"004","0060","15000","00000","2016000000","2539","事業所数","1～4人","743機械設計業"
"004","0060","15020","00000","2016000000","856","事業所数","1～4人","744商品・非破壊検査業"
"004","0060","15050","00000","2016000000","523","事業所数","1～4人","745計量証明業"
"004","0060","15090","00000","2016000000","4568","事業所数","1～4人","746写真業"
"004","0060","15120","00000","2016000000","2874","事業所数","1～4人","749その他の技術サービス業"
"004","0060","15140","00000","2016000000","244961","事業所数","1～4人","M宿泊業，飲食サービス業"
"004","0060","15150","00000","2016000000","15961","事業所数","1～4人","M1宿泊業"
"004","0060","15160","00000","2016000000","15961","事業所数","1～4人","75宿泊業"
"004","0060","15170","00000","2016000000","110","事業所数","1～4人","750管理，補助的経済活動を行う事業所"
"004","0060","15200","00000","2016000000","10762","事業所数","1～4人","751旅館，ホテル"
"004","0060","15220","00000","2016000000","873","事業所数","1～4人","752簡易宿所"
"004","0060","15240","00000","2016000000","393","事業所数","1～4人","753下宿業"
"004","0060","15260","00000","2016000000","3816","事業所数","1～4人","759その他の宿泊業"
"004","0060","15270","00000","2016000000","801","事業所数","1～4人","75A会社・団体の宿泊所"
"004","0060","15290","00000","2016000000","3015","事業所数","1～4人","75B他に分類されない宿泊業"
"004","0060","15320","00000","2016000000","229000","事業所数","1～4人","M2飲食店，持ち帰り・配達飲食サービス業"
"004","0060","15330","00000","2016000000","210904","事業所数","1～4人","76飲食店"
"004","0060","15340","00000","2016000000","1112","事業所数","1～4人","760管理，補助的経済活動を行う事業所"
"004","0060","15370","00000","2016000000","17894","事業所数","1～4人","761食堂，レストラン（専門料理店を除く）"
"004","0060","15390","00000","2016000000","61634","事業所数","1～4人","762専門料理店"
"004","0060","15400","00000","2016000000","16702","事業所数","1～4人","76A日本料理店"
"004","0060","15420","00000","2016000000","20388","事業所数","1～4人","76B中華料理店"
"004","0060","15450","00000","2016000000","5780","事業所数","1～4人","76C焼肉店"
"004","0060","15470","00000","2016000000","18764","事業所数","1～4人","76Dその他の専門料理店"
"004","0060","15500","00000","2016000000","12365","事業所数","1～4人","763そば・うどん店"
"004","0060","15520","00000","2016000000","8560","事業所数","1～4人","764すし店"
"004","0060","15540","00000","2016000000","43179","事業所数","1～4人","765酒場，ビヤホール"
"004","0060","15560","00000","2016000000","38809","事業所数","1～4人","766バー，キャバレー，ナイトクラブ"
"004","0060","15580","00000","2016000000","21301","事業所数","1～4人","767喫茶店"
"004","0060","15600","00000","2016000000","6048","事業所数","1～4人","769その他の飲食店"
"004","0060","15610","00000","2016000000","328","事業所数","1～4人","76Eハンバーガー店"
"004","0060","15630","00000","2016000000","4644","事業所数","1～4人","76Fお好み焼・焼きそば・たこ焼店"
"004","0060","15650","00000","2016000000","1076","事業所数","1～4人","76G他に分類されない飲食店"
"004","0060","15670","00000","2016000000","17937","事業所数","1～4人","77持ち帰り・配達飲食サービス業"
"004","0060","15680","00000","2016000000","121","事業所数","1～4人","770管理，補助的経済活動を行う事業所"
"004","0060","15710","00000","2016000000","3344","事業所数","1～4人","771持ち帰り飲食サービス業"
"004","0060","15730","00000","2016000000","14472","事業所数","1～4人","772配達飲食サービス業"
"004","0060","15750","00000","2016000000","168400","事業所数","1～4人","N生活関連サービス業，娯楽業"
"004","0060","15760","00000","2016000000","129827","事業所数","1～4人","78洗濯・理容・美容・浴場業"
"004","0060","15770","00000","2016000000","233","事業所数","1～4人","780管理，補助的経済活動を行う事業所"
"004","0060","15800","00000","2016000000","25867","事業所数","1～4人","781洗濯業"
"004","0060","15810","00000","2016000000","24748","事業所数","1～4人","78A普通洗濯業"
"004","0060","15840","00000","2016000000","1119","事業所数","1～4人","78Bリネンサプライ業"
"004","0060","15860","00000","2016000000","31816","事業所数","1～4人","782理容業"
"004","0060","15880","00000","2016000000","60139","事業所数","1～4人","783美容業"
"004","0060","15900","00000","2016000000","1624","事業所数","1～4人","784一般公衆浴場業"
"004","0060","15920","00000","2016000000","587","事業所数","1～4人","785その他の公衆浴場業"
"004","0060","15940","00000","2016000000","9561","事業所数","1～4人","789その他の洗濯・理容・美容・浴場業"
"004","0060","16000","00000","2016000000","24443","事業所数","1～4人","79その他の生活関連サービス業"
"004","0060","16010","00000","2016000000","68","事業所数","1～4人","790管理，補助的経済活動を行う事業所"
"004","0060","16040","00000","2016000000","3678","事業所数","1～4人","791旅行業"
"004","0060","16070","00000","2016000000","2391","事業所数","1～4人","793衣服裁縫修理業"
"004","0060","16090","00000","2016000000","940","事業所数","1～4人","794物品預り業"
"004","0060","16110","00000","2016000000","587","事業所数","1～4人","795火葬・墓地管理業"
"004","0060","16140","00000","2016000000","4753","事業所数","1～4人","796冠婚葬祭業"
"004","0060","16150","00000","2016000000","4253","事業所数","1～4人","79A葬儀業"
"004","0060","16170","00000","2016000000","169","事業所数","1～4人","79B結婚式場業"
"004","0060","16190","00000","2016000000","331","事業所数","1～4人","79C冠婚葬祭互助会"
"004","0060","16210","00000","2016000000","12026","事業所数","1～4人","799他に分類されない生活関連サービス業"
"004","0060","16220","00000","2016000000","1589","事業所数","1～4人","79D写真プリント，現像・焼付業"
"004","0060","16240","00000","2016000000","10437","事業所数","1～4人","79E他に分類されないその他の生活関連サービス業"
"004","0060","16280","00000","2016000000","14090","事業所数","1～4人","80娯楽業"
"004","0060","16290","00000","2016000000","248","事業所数","1～4人","800管理，補助的経済活動を行う事業所"
"004","0060","16320","00000","2016000000","81","事業所数","1～4人","801映画館"
"004","0060","16340","00000","2016000000","1329","事業所数","1～4人","802興行場（別掲を除く），興行団"
"004","0060","16400","00000","2016000000","259","事業所数","1～4人","803競輪・競馬等の競走場，競技団"
"004","0060","16470","00000","2016000000","4555","事業所数","1～4人","804スポーツ施設提供業"
"004","0060","16480","00000","2016000000","1069","事業所数","1～4人","80Aスポーツ施設提供業（別掲を除く）"
"004","0060","16500","00000","2016000000","303","事業所数","1～4人","80B体育館"
"004","0060","16520","00000","2016000000","178","事業所数","1～4人","80Cゴルフ場"
"004","0060","16540","00000","2016000000","720","事業所数","1～4人","80Dゴルフ練習場"
"004","0060","16560","00000","2016000000","76","事業所数","1～4人","80Eボウリング場"
"004","0060","16580","00000","2016000000","205","事業所数","1～4人","80Fテニス場"
"004","0060","16600","00000","2016000000","231","事業所数","1～4人","80Gバッティング・テニス練習場"
"004","0060","16620","00000","2016000000","1773","事業所数","1～4人","80Hフィットネスクラブ"
"004","0060","16640","00000","2016000000","471","事業所数","1～4人","805公園，遊園地"
"004","0060","16680","00000","2016000000","3210","事業所数","1～4人","806遊戯場"
"004","0060","16690","00000","2016000000","1359","事業所数","1～4人","80Jマージャンクラブ"
"004","0060","16710","00000","2016000000","631","事業所数","1～4人","80Kパチンコホール"
"004","0060","16730","00000","2016000000","754","事業所数","1～4人","80Lゲームセンター"
"004","0060","16750","00000","2016000000","466","事業所数","1～4人","80Mその他の遊戯場"
"004","0060","16790","00000","2016000000","3937","事業所数","1～4人","809その他の娯楽業"
"004","0060","16800","00000","2016000000","1249","事業所数","1～4人","80Nカラオケボックス業"
"004","0060","16820","00000","2016000000","2688","事業所数","1～4人","80P他に分類されない娯楽業"
"004","0060","16890","00000","2016000000","47809","事業所数","1～4人","O教育，学習支援業"
"004","0060","16900","00000","2016000000","1360","事業所数","1～4人","O1教育，学習支援業（学校教育）"
"004","0060","16910","00000","2016000000","1360","事業所数","1～4人","81学校教育"
"004","0060","16920","00000","2016000000","104","事業所数","1～4人","810管理，補助的経済活動を行う事業所"
"004","0060","16940","00000","2016000000","255","事業所数","1～4人","811幼稚園"
"004","0060","16960","00000","2016000000","14","事業所数","1～4人","819幼保連携型認定こども園"
"004","0060","16980","00000","2016000000","5","事業所数","1～4人","812小学校"
"004","0060","17000","00000","2016000000","6","事業所数","1～4人","813中学校"
"004","0060","17020","00000","2016000000","146","事業所数","1～4人","814高等学校，中等教育学校"
"004","0060","17070","00000","2016000000","340","事業所数","1～4人","816高等教育機関"
"004","0060","17110","00000","2016000000","479","事業所数","1～4人","817専修学校，各種学校"
"004","0060","17140","00000","2016000000","1","事業所数","1～4人","818学校教育支援機関"
"004","0060","17160","00000","2016000000","46449","事業所数","1～4人","O2教育，学習支援業（その他の教育，学習支援業）"
"004","0060","17170","00000","2016000000","46449","事業所数","1～4人","82その他の教育，学習支援業"
"004","0060","17180","00000","2016000000","137","事業所数","1～4人","820管理，補助的経済活動を行う事業所"
"004","0060","17210","00000","2016000000","1790","事業所数","1～4人","821社会教育"
"004","0060","17220","00000","2016000000","564","事業所数","1～4人","82A公民館"
"004","0060","17240","00000","2016000000","159","事業所数","1～4人","82B図書館"
"004","0060","17260","00000","2016000000","841","事業所数","1～4人","82C博物館，美術館"
"004","0060","17280","00000","2016000000","56","事業所数","1～4人","82D動物園，植物園，水族館"
"004","0060","17300","00000","2016000000","170","事業所数","1～4人","82Eその他の社会教育"
"004","0060","17340","00000","2016000000","1317","事業所数","1～4人","822職業・教育支援施設"
"004","0060","17380","00000","2016000000","21484","事業所数","1～4人","823学習塾"
"004","0060","17400","00000","2016000000","20106","事業所数","1～4人","824教養・技能教授業"
"004","0060","17410","00000","2016000000","2827","事業所数","1～4人","82F音楽教授業"
"004","0060","17430","00000","2016000000","1110","事業所数","1～4人","82G書道教授業"
"004","0060","17450","00000","2016000000","196","事業所数","1～4人","82H生花・茶道教授業"
"004","0060","17470","00000","2016000000","2416","事業所数","1～4人","82Jそろばん教授業"
"004","0060","17490","00000","2016000000","3605","事業所数","1～4人","82K外国語会話教授業"
"004","0060","17510","00000","2016000000","2844","事業所数","1～4人","82Lスポーツ・健康教授業"
"004","0060","17530","00000","2016000000","7108","事業所数","1～4人","82Mその他の教養・技能教授業"
"004","0060","17550","00000","2016000000","1582","事業所数","1～4人","829他に分類されない教育，学習支援業"
"004","0060","17570","00000","2016000000","120588","事業所数","1～4人","P医療，福祉"
"004","0060","17580","00000","2016000000","87479","事業所数","1～4人","83医療業"
"004","0060","17590","00000","2016000000","119","事業所数","1～4人","830管理，補助的経済活動を行う事業所"
"004","0060","17620","00000","2016000000","94","事業所数","1～4人","831病院"
"004","0060","17650","00000","2016000000","19636","事業所数","1～4人","832一般診療所"
"004","0060","17680","00000","2016000000","32785","事業所数","1～4人","833歯科診療所"
"004","0060","17700","00000","2016000000","1176","事業所数","1～4人","834助産・看護業"
"004","0060","17710","00000","2016000000","139","事業所数","1～4人","83A助産所"
"004","0060","17730","00000","2016000000","1037","事業所数","1～4人","83B看護業"
"004","0060","17750","00000","2016000000","30644","事業所数","1～4人","835療術業"
"004","0060","17780","00000","2016000000","3025","事業所数","1～4人","836医療に附帯するサービス業"
"004","0060","17790","00000","2016000000","2568","事業所数","1～4人","83C歯科技工所"
"004","0060","17810","00000","2016000000","457","事業所数","1～4人","83Dその他の医療に附帯するサービス業"
"004","0060","17830","00000","2016000000","642","事業所数","1～4人","84保健衛生"
"004","0060","17870","00000","2016000000","455","事業所数","1～4人","842健康相談施設"
"004","0060","17920","00000","2016000000","187","事業所数","1～4人","849その他の保健衛生"
"004","0060","17960","00000","2016000000","32419","事業所数","1～4人","85社会保険・社会福祉・介護事業"
"004","0060","17970","00000","2016000000","352","事業所数","1～4人","850管理，補助的経済活動を行う事業所"
"004","0060","18000","00000","2016000000","1083","事業所数","1～4人","851社会保険事業団体"
"004","0060","18020","00000","2016000000","6054","事業所数","1～4人","853児童福祉事業"
"004","0060","18030","00000","2016000000","2141","事業所数","1～4人","85A保育所"
"004","0060","18050","00000","2016000000","3913","事業所数","1～4人","85Bその他の児童福祉事業"
"004","0060","18070","00000","2016000000","15438","事業所数","1～4人","854老人福祉・介護事業"
"004","0060","18080","00000","2016000000","324","事業所数","1～4人","85C特別養護老人ホーム"
"004","0060","18100","00000","2016000000","86","事業所数","1～4人","85D介護老人保健施設"
"004","0060","18120","00000","2016000000","3747","事業所数","1～4人","85E通所・短期入所介護事業"
"004","0060","18140","00000","2016000000","3286","事業所数","1～4人","85F訪問介護事業"
"004","0060","18160","00000","2016000000","350","事業所数","1～4人","85G認知症老人グループホーム"
"004","0060","18180","00000","2016000000","707","事業所数","1～4人","85H有料老人ホーム"
"004","0060","18200","00000","2016000000","6938","事業所数","1～4人","85Jその他の老人福祉・介護事業"
"004","0060","18220","00000","2016000000","7832","事業所数","1～4人","855障害者福祉事業"
"004","0060","18250","00000","2016000000","1660","事業所数","1～4人","859その他の社会保険・社会福祉・介護事業"
"004","0060","18260","00000","2016000000","93","事業所数","1～4人","85K更生保護事業"
"004","0060","18280","00000","2016000000","1567","事業所数","1～4人","85L他に分類されない社会保険・社会福祉・介護事業"
"004","0060","18300","00000","2016000000","13138","事業所数","1～4人","Q複合サービス事業"
"004","0060","18310","00000","2016000000","11104","事業所数","1～4人","Q1複合サービス事業（郵便局）"
"004","0060","18320","00000","2016000000","11104","事業所数","1～4人","86郵便局"
"004","0060","18330","00000","2016000000","1","事業所数","1～4人","860管理，補助的経済活動を行う事業所"
"004","0060","18340","00000","2016000000","8694","事業所数","1～4人","861郵便局"
"004","0060","18350","00000","2016000000","2409","事業所数","1～4人","862郵便局受託業"
"004","0060","18370","00000","2016000000","2034","事業所数","1～4人","Q2複合サービス事業（協同組合）"
"004","0060","18380","00000","2016000000","2034","事業所数","1～4人","87協同組合（他に分類されないもの）"
"004","0060","18390","00000","2016000000","44","事業所数","1～4人","870管理，補助的経済活動を行う事業所"
"004","0060","18410","00000","2016000000","1248","事業所数","1～4人","871農林水産業協同組合（他に分類されないもの）"
"004","0060","18460","00000","2016000000","742","事業所数","1～4人","872事業協同組合（他に分類されないもの）"
"004","0060","18480","00000","2016000000","156699","事業所数","1～4人","Rサービス業（他に分類されないもの）"
"004","0060","18490","00000","2016000000","80276","事業所数","1～4人","R1サービス業（政治・経済・文化団体，宗教）"
"004","0060","18500","00000","2016000000","32297","事業所数","1～4人","93政治・経済・文化団体"
"004","0060","18510","00000","2016000000","13831","事業所数","1～4人","931経済団体"
"004","0060","18520","00000","2016000000","4065","事業所数","1～4人","932労働団体"
"004","0060","18530","00000","2016000000","699","事業所数","1～4人","933学術・文化団体"
"004","0060","18540","00000","2016000000","1172","事業所数","1～4人","934政治団体"
"004","0060","18550","00000","2016000000","12530","事業所数","1～4人","939他に分類されない非営利的団体"
"004","0060","18560","00000","2016000000","47929","事業所数","1～4人","94宗教"
"004","0060","18570","00000","2016000000","4976","事業所数","1～4人","941神道系宗教"
"004","0060","18580","00000","2016000000","33190","事業所数","1～4人","942仏教系宗教"
"004","0060","18590","00000","2016000000","4135","事業所数","1～4人","943キリスト教系宗教"
"004","0060","18600","00000","2016000000","5628","事業所数","1～4人","949その他の宗教"
"004","0060","18610","00000","2016000000","76423","事業所数","1～4人","R2サービス業（政治・経済・文化団体，宗教を除く）"
"004","0060","18620","00000","2016000000","6757","事業所数","1～4人","88廃棄物処理業"
"004","0060","18630","00000","2016000000","106","事業所数","1～4人","880管理，補助的経済活動を行う事業所"
"004","0060","18660","00000","2016000000","3484","事業所数","1～4人","881一般廃棄物処理業"
"004","0060","18730","00000","2016000000","3149","事業所数","1～4人","882産業廃棄物処理業"
"004","0060","18780","00000","2016000000","18","事業所数","1～4人","889その他の廃棄物処理業"
"004","0060","18810","00000","2016000000","25123","事業所数","1～4人","89自動車整備業"
"004","0060","18820","00000","2016000000","40","事業所数","1～4人","890管理，補助的経済活動を行う事業所"
"004","0060","18840","00000","2016000000","25083","事業所数","1～4人","891自動車整備業"
"004","0060","18870","00000","2016000000","11530","事業所数","1～4人","90機械等修理業（別掲を除く）"
"004","0060","18880","00000","2016000000","59","事業所数","1～4人","900管理，補助的経済活動を行う事業所"
"004","0060","18910","00000","2016000000","6198","事業所数","1～4人","901機械修理業（電気機械器具を除く）"
"004","0060","18940","00000","2016000000","2557","事業所数","1～4人","902電気機械器具修理業"
"004","0060","18960","00000","2016000000","550","事業所数","1～4人","903表具業"
"004","0060","18980","00000","2016000000","2166","事業所数","1～4人","909その他の修理業"
"004","0060","19040","00000","2016000000","5548","事業所数","1～4人","91職業紹介・労働者派遣業"
"004","0060","19050","00000","2016000000","52","事業所数","1～4人","910管理，補助的経済活動を行う事業所"
"004","0060","19080","00000","2016000000","2374","事業所数","1～4人","911職業紹介業"
"004","0060","19100","00000","2016000000","3122","事業所数","1～4人","912労働者派遣業"
"004","0060","19120","00000","2016000000","25367","事業所数","1～4人","92その他の事業サービス業"
"004","0060","19130","00000","2016000000","216","事業所数","1～4人","920管理，補助的経済活動を行う事業所"
"004","0060","19160","00000","2016000000","610","事業所数","1～4人","921速記・ワープロ入力・複写業"
"004","0060","19190","00000","2016000000","9008","事業所数","1～4人","922建物サービス業"
"004","0060","19220","00000","2016000000","1226","事業所数","1～4人","923警備業"
"004","0060","19240","00000","2016000000","14307","事業所数","1～4人","929他に分類されない事業サービス業"
"004","0060","19300","00000","2016000000","1659","事業所数","1～4人","95その他のサービス業"
"004","0060","19310","00000","2016000000","7","事業所数","1～4人","950管理，補助的経済活動を行う事業所"
"004","0060","19330","00000","2016000000","1457","事業所数","1～4人","951集会場"
"004","0060","19350","00000","2016000000","14","事業所数","1～4人","952と畜場"
"004","0060","19370","00000","2016000000","181","事業所数","1～4人","959他に分類されないサービス業"
"004","0070","00010","00000","2016000000","824236","事業所数","5～9人","A～R全産業（Ｓ公務を除く）"
"004","0070","00020","00000","2016000000","6976","事業所数","5～9人","A～B農林漁業"
"004","0070","00030","00000","2016000000","6170","事業所数","5～9人","A農業，林業"
"004","0070","00040","00000","2016000000","5476","事業所数","5～9人","01農業"
"004","0070","00050","00000","2016000000","18","事業所数","5～9人","010管理，補助的経済活動を行う事業所"
"004","0070","00080","00000","2016000000","2435","事業所数","5～9人","011耕種農業"
"004","0070","00170","00000","2016000000","1426","事業所数","5～9人","012畜産農業"
"004","0070","00250","00000","2016000000","1003","事業所数","5～9人","013農業サービス業（園芸サービス業を除く）"
"004","0070","00300","00000","2016000000","594","事業所数","5～9人","014園芸サービス業"
"004","0070","00320","00000","2016000000","694","事業所数","5～9人","02林業"
"004","0070","00330","00000","2016000000","1","事業所数","5～9人","020管理，補助的経済活動を行う事業所"
"004","0070","00360","00000","2016000000","229","事業所数","5～9人","021育林業"
"004","0070","00380","00000","2016000000","130","事業所数","5～9人","022素材生産業"
"004","0070","00400","00000","2016000000","17","事業所数","5～9人","023特用林産物生産業（きのこ類の栽培を除く）"
"004","0070","00430","00000","2016000000","306","事業所数","5～9人","024林業サービス業"
"004","0070","00480","00000","2016000000","11","事業所数","5～9人","029その他の林業"
"004","0070","00500","00000","2016000000","784","事業所数","5～9人","B漁業"
"004","0070","00510","00000","2016000000","378","事業所数","5～9人","03漁業（水産養殖業を除く）"
"004","0070","00550","00000","2016000000","374","事業所数","5～9人","031海面漁業"
"004","0070","00650","00000","2016000000","4","事業所数","5～9人","032内水面漁業"
"004","0070","00670","00000","2016000000","406","事業所数","5～9人","04水産養殖業"
"004","0070","00680","00000","2016000000","2","事業所数","5～9人","040管理，補助的経済活動を行う事業所"
"004","0070","00710","00000","2016000000","281","事業所数","5～9人","041海面養殖業"
"004","0070","00780","00000","2016000000","123","事業所数","5～9人","042内水面養殖業"
"004","0070","00800","00000","2016000000","817260","事業所数","5～9人","C～R非農林漁業（Ｓ公務を除く）"
"004","0070","00810","00000","2016000000","428","事業所数","5～9人","C鉱業，採石業，砂利採取業"
"004","0070","00820","00000","2016000000","428","事業所数","5～9人","05鉱業，採石業，砂利採取業"
"004","0070","00830","00000","2016000000","14","事業所数","5～9人","050管理，補助的経済活動を行う事業所"
"004","0070","00860","00000","2016000000","1","事業所数","5～9人","051金属鉱業"
"004","0070","00910","00000","2016000000","9","事業所数","5～9人","052石炭・亜炭鉱業"
"004","0070","00940","00000","2016000000","1","事業所数","5～9人","053原油・天然ガス鉱業"
"004","0070","00970","00000","2016000000","359","事業所数","5～9人","054採石業，砂・砂利・玉石採取業"
"004","0070","01070","00000","2016000000","38","事業所数","5～9人","055窯業原料用鉱物鉱業（耐火物・陶磁器・ガラス・セメント原料用に限る）"
"004","0070","01160","00000","2016000000","4","事業所数","5～9人","059その他の鉱業"
"004","0070","01220","00000","2016000000","81538","事業所数","5～9人","D建設業"
"004","0070","01230","00000","2016000000","39429","事業所数","5～9人","06総合工事業"
"004","0070","01240","00000","2016000000","74","事業所数","5～9人","060管理，補助的経済活動を行う事業所"
"004","0070","01250","00000","2016000000","1758","事業所数","5～9人","061一般土木建築工事業"
"004","0070","01260","00000","2016000000","17640","事業所数","5～9人","062土木工事業（舗装工事業を除く）"
"004","0070","01270","00000","2016000000","1690","事業所数","5～9人","063舗装工事業"
"004","0070","01280","00000","2016000000","9860","事業所数","5～9人","064建築工事業（木造建築工事業を除く)"
"004","0070","01290","00000","2016000000","5402","事業所数","5～9人","065木造建築工事業"
"004","0070","01300","00000","2016000000","3005","事業所数","5～9人","066建築リフォーム工事業"
"004","0070","01310","00000","2016000000","20409","事業所数","5～9人","07職別工事業（設備工事業を除く）"
"004","0070","01320","00000","2016000000","42","事業所数","5～9人","070管理，補助的経済活動を行う事業所"
"004","0070","01330","00000","2016000000","1301","事業所数","5～9人","071大工工事業"
"004","0070","01340","00000","2016000000","4441","事業所数","5～9人","072とび・土工・コンクリート工事業"
"004","0070","01350","00000","2016000000","1662","事業所数","5～9人","073鉄骨・鉄筋工事業"
"004","0070","01360","00000","2016000000","712","事業所数","5～9人","074石工・れんが・タイル・ブロック工事業"
"004","0070","01370","00000","2016000000","970","事業所数","5～9人","075左官工事業"
"004","0070","01380","00000","2016000000","1148","事業所数","5～9人","076板金・金物工事業"
"004","0070","01390","00000","2016000000","3273","事業所数","5～9人","077塗装工事業"
"004","0070","01400","00000","2016000000","2569","事業所数","5～9人","078床・内装工事業"
"004","0070","01410","00000","2016000000","4291","事業所数","5～9人","079その他の職別工事業"
"004","0070","01420","00000","2016000000","21675","事業所数","5～9人","08設備工事業"
"004","0070","01430","00000","2016000000","56","事業所数","5～9人","080管理，補助的経済活動を行う事業所"
"004","0070","01440","00000","2016000000","7951","事業所数","5～9人","081電気工事業"
"004","0070","01450","00000","2016000000","2198","事業所数","5～9人","082電気通信・信号装置工事業"
"004","0070","01460","00000","2016000000","7979","事業所数","5～9人","083管工事業（さく井工事業を除く）"
"004","0070","01470","00000","2016000000","2271","事業所数","5～9人","084機械器具設置工事業"
"004","0070","01480","00000","2016000000","1220","事業所数","5～9人","089その他の設備工事業"
"004","0070","01490","00000","2016000000","69903","事業所数","5～9人","E製造業"
"004","0070","01500","00000","2016000000","8387","事業所数","5～9人","09食料品製造業"
"004","0070","01510","00000","2016000000","98","事業所数","5～9人","090管理，補助的経済活動を行う事業所"
"004","0070","01540","00000","2016000000","587","事業所数","5～9人","091畜産食料品製造業"
"004","0070","01600","00000","2016000000","1882","事業所数","5～9人","092水産食料品製造業"
"004","0070","01680","00000","2016000000","573","事業所数","5～9人","093野菜缶詰・果実缶詰・農産保存食料品製造業"
"004","0070","01710","00000","2016000000","462","事業所数","5～9人","094調味料製造業"
"004","0070","01770","00000","2016000000","37","事業所数","5～9人","095糖類製造業"
"004","0070","01810","00000","2016000000","218","事業所数","5～9人","096精穀・製粉業"
"004","0070","01850","00000","2016000000","1648","事業所数","5～9人","097パン・菓子製造業"
"004","0070","01910","00000","2016000000","45","事業所数","5～9人","098動植物油脂製造業"
"004","0070","01940","00000","2016000000","2837","事業所数","5～9人","099その他の食料品製造業"
"004","0070","02040","00000","2016000000","1691","事業所数","5～9人","10飲料・たばこ・飼料製造業"
"004","0070","02050","00000","2016000000","15","事業所数","5～9人","100管理，補助的経済活動を行う事業所"
"004","0070","02080","00000","2016000000","204","事業所数","5～9人","101清涼飲料製造業"
"004","0070","02100","00000","2016000000","537","事業所数","5～9人","102酒類製造業"
"004","0070","02150","00000","2016000000","437","事業所数","5～9人","103茶・コーヒー製造業（清涼飲料を除く）"
"004","0070","02180","00000","2016000000","83","事業所数","5～9人","104製氷業"
"004","0070","02240","00000","2016000000","415","事業所数","5～9人","106飼料・有機質肥料製造業"
"004","0070","02280","00000","2016000000","5286","事業所数","5～9人","11繊維工業"
"004","0070","02290","00000","2016000000","39","事業所数","5～9人","110管理，補助的経済活動を行う事業所"
"004","0070","02320","00000","2016000000","234","事業所数","5～9人","111製糸業，紡績業，化学繊維・ねん糸等製造業"
"004","0070","02420","00000","2016000000","477","事業所数","5～9人","112織物業"
"004","0070","02490","00000","2016000000","108","事業所数","5～9人","113ニット生地製造業"
"004","0070","02530","00000","2016000000","339","事業所数","5～9人","114染色整理業"
"004","0070","02620","00000","2016000000","393","事業所数","5～9人","115綱・網・レース・繊維粗製品製造業"
"004","0070","02720","00000","2016000000","1850","事業所数","5～9人","116外衣・シャツ製造業（和式を除く）"
"004","0070","02820","00000","2016000000","157","事業所数","5～9人","117下着類製造業"
"004","0070","02870","00000","2016000000","484","事業所数","5～9人","118和装製品・その他の衣服・繊維製身の回り品製造業"
"004","0070","02950","00000","2016000000","1205","事業所数","5～9人","119その他の繊維製品製造業"
"004","0070","03050","00000","2016000000","2154","事業所数","5～9人","12木材・木製品製造業（家具を除く）"
"004","0070","03060","00000","2016000000","14","事業所数","5～9人","120管理，補助的経済活動を行う事業所"
"004","0070","03090","00000","2016000000","1129","事業所数","5～9人","121製材業，木製品製造業"
"004","0070","03140","00000","2016000000","489","事業所数","5～9人","122造作材・合板・建築用組立材料製造業"
"004","0070","03230","00000","2016000000","196","事業所数","5～9人","123木製容器製造業（竹，とうを含む）"
"004","0070","03270","00000","2016000000","326","事業所数","5～9人","129その他の木製品製造業（竹，とうを含む)"
"004","0070","03310","00000","2016000000","2075","事業所数","5～9人","13家具・装備品製造業"
"004","0070","03320","00000","2016000000","10","事業所数","5～9人","130管理，補助的経済活動を行う事業所"
"004","0070","03350","00000","2016000000","1177","事業所数","5～9人","131家具製造業"
"004","0070","03390","00000","2016000000","137","事業所数","5～9人","132宗教用具製造業"
"004","0070","03410","00000","2016000000","434","事業所数","5～9人","133建具製造業"
"004","0070","03430","00000","2016000000","317","事業所数","5～9人","139その他の家具・装備品製造業"
"004","0070","03480","00000","2016000000","1871","事業所数","5～9人","14パルプ・紙・紙加工品製造業"
"004","0070","03490","00000","2016000000","30","事業所数","5～9人","140管理，補助的経済活動を行う事業所"
"004","0070","03520","00000","2016000000","8","事業所数","5～9人","141パルプ製造業"
"004","0070","03540","00000","2016000000","76","事業所数","5～9人","142紙製造業"
"004","0070","03580","00000","2016000000","98","事業所数","5～9人","143加工紙製造業"
"004","0070","03620","00000","2016000000","249","事業所数","5～9人","144紙製品製造業"
"004","0070","03660","00000","2016000000","1058","事業所数","5～9人","145紙製容器製造業"
"004","0070","03710","00000","2016000000","352","事業所数","5～9人","149その他のパルプ・紙・紙加工品製造業"
"004","0070","03730","00000","2016000000","4172","事業所数","5～9人","15印刷・同関連業"
"004","0070","03740","00000","2016000000","33","事業所数","5～9人","150管理，補助的経済活動を行う事業所"
"004","0070","03770","00000","2016000000","3256","事業所数","5～9人","151印刷業"
"004","0070","03810","00000","2016000000","263","事業所数","5～9人","152製版業"
"004","0070","03830","00000","2016000000","581","事業所数","5～9人","153製本業，印刷物加工業"
"004","0070","03860","00000","2016000000","39","事業所数","5～9人","159印刷関連サービス業"
"004","0070","03880","00000","2016000000","1266","事業所数","5～9人","16化学工業"
"004","0070","03890","00000","2016000000","85","事業所数","5～9人","160管理，補助的経済活動を行う事業所"
"004","0070","03920","00000","2016000000","49","事業所数","5～9人","161化学肥料製造業"
"004","0070","03960","00000","2016000000","256","事業所数","5～9人","162無機化学工業製品製造業"
"004","0070","04020","00000","2016000000","106","事業所数","5～9人","163有機化学工業製品製造業"
"004","0070","04100","00000","2016000000","247","事業所数","5～9人","164油脂加工製品・石けん・合成洗剤・界面活性剤・塗料製造業"
"004","0070","04180","00000","2016000000","150","事業所数","5～9人","165医薬品製造業"
"004","0070","04240","00000","2016000000","155","事業所数","5～9人","166化粧品・歯磨・その他の化粧用調整品製造業"
"004","0070","04280","00000","2016000000","218","事業所数","5～9人","169その他の化学工業"
"004","0070","04370","00000","2016000000","602","事業所数","5～9人","17石油製品・石炭製品製造業"
"004","0070","04380","00000","2016000000","11","事業所数","5～9人","170管理，補助的経済活動を行う事業所"
"004","0070","04410","00000","2016000000","9","事業所数","5～9人","171石油精製業"
"004","0070","04430","00000","2016000000","31","事業所数","5～9人","172潤滑油・グリース製造業（石油精製業によらないもの）"
"004","0070","04450","00000","2016000000","1","事業所数","5～9人","173コークス製造業"
"004","0070","04470","00000","2016000000","496","事業所数","5～9人","174舗装材料製造業"
"004","0070","04490","00000","2016000000","54","事業所数","5～9人","179その他の石油製品・石炭製品製造業"
"004","0070","04510","00000","2016000000","4158","事業所数","5～9人","18プラスチック製品製造業（別掲を除く）"
"004","0070","04520","00000","2016000000","67","事業所数","5～9人","180管理，補助的経済活動を行う事業所"
"004","0070","04550","00000","2016000000","332","事業所数","5～9人","181プラスチック板・棒・管・継手・異形押出製品製造業"
"004","0070","04610","00000","2016000000","576","事業所数","5～9人","182プラスチックフィルム・シート・床材・合成皮革製造業"
"004","0070","04670","00000","2016000000","1357","事業所数","5～9人","183工業用プラスチック製品製造業"
"004","0070","04720","00000","2016000000","391","事業所数","5～9人","184発泡・強化プラスチック製品製造業"
"004","0070","04780","00000","2016000000","362","事業所数","5～9人","185プラスチック成形材料製造業（廃プラスチックを含む）"
"004","0070","04810","00000","2016000000","1073","事業所数","5～9人","189その他のプラスチック製品製造業"
"004","0070","04860","00000","2016000000","763","事業所数","5～9人","19ゴム製品製造業"
"004","0070","04870","00000","2016000000","11","事業所数","5～9人","190管理，補助的経済活動を行う事業所"
"004","0070","04900","00000","2016000000","13","事業所数","5～9人","191タイヤ・チューブ製造業"
"004","0070","04930","00000","2016000000","82","事業所数","5～9人","192ゴム製・プラスチック製履物・同附属品製造業"
"004","0070","04960","00000","2016000000","526","事業所数","5～9人","193ゴムベルト・ゴムホース・工業用ゴム製品製造業"
"004","0070","05000","00000","2016000000","131","事業所数","5～9人","199その他のゴム製品製造業"
"004","0070","05070","00000","2016000000","642","事業所数","5～9人","20なめし革・同製品・毛皮製造業"
"004","0070","05080","00000","2016000000","2","事業所数","5～9人","200管理，補助的経済活動を行う事業所"
"004","0070","05110","00000","2016000000","77","事業所数","5～9人","201なめし革製造業"
"004","0070","05130","00000","2016000000","7","事業所数","5～9人","202工業用革製品製造業（手袋を除く）"
"004","0070","05150","00000","2016000000","54","事業所数","5～9人","203革製履物用材料・同附属品製造業"
"004","0070","05170","00000","2016000000","147","事業所数","5～9人","204革製履物製造業"
"004","0070","05190","00000","2016000000","6","事業所数","5～9人","205革製手袋製造業"
"004","0070","05210","00000","2016000000","128","事業所数","5～9人","206かばん製造業"
"004","0070","05230","00000","2016000000","184","事業所数","5～9人","207袋物製造業"
"004","0070","05260","00000","2016000000","2","事業所数","5～9人","208毛皮製造業"
"004","0070","05280","00000","2016000000","35","事業所数","5～9人","209その他のなめし革製品製造業"
"004","0070","05300","00000","2016000000","3505","事業所数","5～9人","21窯業・土石製品製造業"
"004","0070","05310","00000","2016000000","58","事業所数","5～9人","210管理，補助的経済活動を行う事業所"
"004","0070","05340","00000","2016000000","246","事業所数","5～9人","211ガラス・同製品製造業"
"004","0070","05430","00000","2016000000","1508","事業所数","5～9人","212セメント・同製品製造業"
"004","0070","05480","00000","2016000000","70","事業所数","5～9人","213建設用粘土製品製造業（陶磁器製を除く)"
"004","0070","05520","00000","2016000000","470","事業所数","5～9人","214陶磁器・同関連製品製造業"
"004","0070","05620","00000","2016000000","48","事業所数","5～9人","215耐火物製造業"
"004","0070","05660","00000","2016000000","32","事業所数","5～9人","216炭素・黒鉛製品製造業"
"004","0070","05690","00000","2016000000","78","事業所数","5～9人","217研磨材・同製品製造業"
"004","0070","05740","00000","2016000000","713","事業所数","5～9人","218骨材・石工品等製造業"
"004","0070","05810","00000","2016000000","282","事業所数","5～9人","219その他の窯業・土石製品製造業"
"004","0070","05870","00000","2016000000","1381","事業所数","5～9人","22鉄鋼業"
"004","0070","05880","00000","2016000000","33","事業所数","5～9人","220管理，補助的経済活動を行う事業所"
"004","0070","05910","00000","2016000000","5","事業所数","5～9人","221製鉄業"
"004","0070","05950","00000","2016000000","4","事業所数","5～9人","222製鋼・製鋼圧延業"
"004","0070","05970","00000","2016000000","50","事業所数","5～9人","223製鋼を行わない鋼材製造業（表面処理鋼材を除く）"
"004","0070","06070","00000","2016000000","10","事業所数","5～9人","224表面処理鋼材製造業"
"004","0070","06100","00000","2016000000","286","事業所数","5～9人","225鉄素形材製造業"
"004","0070","06160","00000","2016000000","993","事業所数","5～9人","229その他の鉄鋼業"
"004","0070","06210","00000","2016000000","797","事業所数","5～9人","23非鉄金属製造業"
"004","0070","06220","00000","2016000000","17","事業所数","5～9人","230管理，補助的経済活動を行う事業所"
"004","0070","06250","00000","2016000000","7","事業所数","5～9人","231非鉄金属第１次製錬・精製業"
"004","0070","06290","00000","2016000000","112","事業所数","5～9人","232非鉄金属第２次製錬・精製業（非鉄金属合金製造業を含む）"
"004","0070","06330","00000","2016000000","94","事業所数","5～9人","233非鉄金属・同合金圧延業（抽伸，押出しを含む）"
"004","0070","06370","00000","2016000000","90","事業所数","5～9人","234電線・ケーブル製造業"
"004","0070","06400","00000","2016000000","384","事業所数","5～9人","235非鉄金属素形材製造業"
"004","0070","06460","00000","2016000000","93","事業所数","5～9人","239その他の非鉄金属製造業"
"004","0070","06490","00000","2016000000","10003","事業所数","5～9人","24金属製品製造業"
"004","0070","06500","00000","2016000000","97","事業所数","5～9人","240管理，補助的経済活動を行う事業所"
"004","0070","06530","00000","2016000000","61","事業所数","5～9人","241ブリキ缶・その他のめっき板等製品製造業"
"004","0070","06550","00000","2016000000","748","事業所数","5～9人","242洋食器・刃物・手道具・金物類製造業"
"004","0070","06630","00000","2016000000","327","事業所数","5～9人","243暖房・調理等装置，配管工事用附属品製造業"
"004","0070","06680","00000","2016000000","4586","事業所数","5～9人","244建設用・建築用金属製品製造業（製缶板金業を含む)"
"004","0070","06750","00000","2016000000","1099","事業所数","5～9人","245金属素形材製品製造業"
"004","0070","06790","00000","2016000000","1745","事業所数","5～9人","246金属被覆・彫刻業，熱処理業（ほうろう鉄器を除く）"
"004","0070","06860","00000","2016000000","260","事業所数","5～9人","247金属線製品製造業（ねじ類を除く)"
"004","0070","06890","00000","2016000000","484","事業所数","5～9人","248ボルト・ナット・リベット・小ねじ・木ねじ等製造業"
"004","0070","06910","00000","2016000000","596","事業所数","5～9人","249その他の金属製品製造業"
"004","0070","06950","00000","2016000000","2494","事業所数","5～9人","25はん用機械器具製造業"
"004","0070","06960","00000","2016000000","26","事業所数","5～9人","250管理，補助的経済活動を行う事業所"
"004","0070","06990","00000","2016000000","91","事業所数","5～9人","251ボイラ・原動機製造業"
"004","0070","07040","00000","2016000000","375","事業所数","5～9人","252ポンプ・圧縮機器製造業"
"004","0070","07080","00000","2016000000","857","事業所数","5～9人","253一般産業用機械・装置製造業"
"004","0070","07140","00000","2016000000","1145","事業所数","5～9人","259その他のはん用機械・同部分品製造業"
"004","0070","07220","00000","2016000000","6513","事業所数","5～9人","26生産用機械器具製造業"
"004","0070","07230","00000","2016000000","60","事業所数","5～9人","260管理，補助的経済活動を行う事業所"
"004","0070","07260","00000","2016000000","196","事業所数","5～9人","261農業用機械製造業（農業用器具を除く）"
"004","0070","07280","00000","2016000000","422","事業所数","5～9人","262建設機械・鉱山機械製造業"
"004","0070","07300","00000","2016000000","126","事業所数","5～9人","263繊維機械製造業"
"004","0070","07360","00000","2016000000","641","事業所数","5～9人","264生活関連産業用機械製造業"
"004","0070","07420","00000","2016000000","529","事業所数","5～9人","265基礎素材産業用機械製造業"
"004","0070","07460","00000","2016000000","2033","事業所数","5～9人","266金属加工機械製造業"
"004","0070","07510","00000","2016000000","336","事業所数","5～9人","267半導体・フラットパネルディスプレイ製造装置製造業"
"004","0070","07540","00000","2016000000","2170","事業所数","5～9人","269その他の生産用機械・同部分品製造業"
"004","0070","07600","00000","2016000000","1394","事業所数","5～9人","27業務用機械器具製造業"
"004","0070","07610","00000","2016000000","35","事業所数","5～9人","270管理，補助的経済活動を行う事業所"
"004","0070","07640","00000","2016000000","93","事業所数","5～9人","271事務用機械器具製造業"
"004","0070","07670","00000","2016000000","252","事業所数","5～9人","272サービス用・娯楽用機械器具製造業"
"004","0070","07720","00000","2016000000","478","事業所数","5～9人","273計量器・測定器・分析機器・試験機・測量機械器具・理化学機械器具製造業"
"004","0070","07820","00000","2016000000","395","事業所数","5～9人","274医療用機械器具・医療用品製造業"
"004","0070","07870","00000","2016000000","135","事業所数","5～9人","275光学機械器具・レンズ製造業"
"004","0070","07910","00000","2016000000","6","事業所数","5～9人","276武器製造業"
"004","0070","07930","00000","2016000000","1182","事業所数","5～9人","28電子部品・デバイス・電子回路製造業"
"004","0070","07940","00000","2016000000","23","事業所数","5～9人","280管理，補助的経済活動を行う事業所"
"004","0070","07970","00000","2016000000","41","事業所数","5～9人","281電子デバイス製造業"
"004","0070","08030","00000","2016000000","244","事業所数","5～9人","282電子部品製造業"
"004","0070","08070","00000","2016000000","8","事業所数","5～9人","283記録メディア製造業"
"004","0070","08100","00000","2016000000","309","事業所数","5～9人","284電子回路製造業"
"004","0070","08130","00000","2016000000","60","事業所数","5～9人","285ユニット部品製造業"
"004","0070","08160","00000","2016000000","497","事業所数","5～9人","289その他の電子部品・デバイス・電子回路製造業"
"004","0070","08180","00000","2016000000","2753","事業所数","5～9人","29電気機械器具製造業"
"004","0070","08190","00000","2016000000","38","事業所数","5～9人","290管理，補助的経済活動を行う事業所"
"004","0070","08220","00000","2016000000","1306","事業所数","5～9人","291発電用・送電用・配電用電気機械器具製造業"
"004","0070","08280","00000","2016000000","390","事業所数","5～9人","292産業用電気機械器具製造業"
"004","0070","08320","00000","2016000000","306","事業所数","5～9人","293民生用電気機械器具製造業"
"004","0070","08370","00000","2016000000","213","事業所数","5～9人","294電球・電気照明器具製造業"
"004","0070","08400","00000","2016000000","32","事業所数","5～9人","295電池製造業"
"004","0070","08430","00000","2016000000","178","事業所数","5～9人","296電子応用装置製造業"
"004","0070","08470","00000","2016000000","181","事業所数","5～9人","297電気計測器製造業"
"004","0070","08510","00000","2016000000","109","事業所数","5～9人","299その他の電気機械器具製造業"
"004","0070","08530","00000","2016000000","346","事業所数","5～9人","30情報通信機械器具製造業"
"004","0070","08540","00000","2016000000","13","事業所数","5～9人","300管理，補助的経済活動を行う事業所"
"004","0070","08570","00000","2016000000","101","事業所数","5～9人","301通信機械器具・同関連機械器具製造業"
"004","0070","08640","00000","2016000000","114","事業所数","5～9人","302映像・音響機械器具製造業"
"004","0070","08680","00000","2016000000","118","事業所数","5～9人","303電子計算機・同附属装置製造業"
"004","0070","08750","00000","2016000000","3036","事業所数","5～9人","31輸送用機械器具製造業"
"004","0070","08760","00000","2016000000","38","事業所数","5～9人","310管理，補助的経済活動を行う事業所"
"004","0070","08790","00000","2016000000","1875","事業所数","5～9人","311自動車・同附属品製造業"
"004","0070","08830","00000","2016000000","124","事業所数","5～9人","312鉄道車両・同部分品製造業"
"004","0070","08860","00000","2016000000","697","事業所数","5～9人","313船舶製造・修理業，舶用機関製造業"
"004","0070","08910","00000","2016000000","60","事業所数","5～9人","314航空機・同附属品製造業"
"004","0070","08950","00000","2016000000","89","事業所数","5～9人","315産業用運搬車両・同部分品・附属品製造業"
"004","0070","08980","00000","2016000000","153","事業所数","5～9人","319その他の輸送用機械器具製造業"
"004","0070","09010","00000","2016000000","3371","事業所数","5～9人","32その他の製造業"
"004","0070","09020","00000","2016000000","36","事業所数","5～9人","320管理，補助的経済活動を行う事業所"
"004","0070","09050","00000","2016000000","206","事業所数","5～9人","321貴金属・宝石製品製造業"
"004","0070","09090","00000","2016000000","205","事業所数","5～9人","322装身具・装飾品・ボタン・同関連品製造業（貴金属・宝石製を除く）"
"004","0070","09150","00000","2016000000","21","事業所数","5～9人","323時計・同部分品製造業"
"004","0070","09170","00000","2016000000","78","事業所数","5～9人","324楽器製造業"
"004","0070","09200","00000","2016000000","446","事業所数","5～9人","325がん具・運動用具製造業"
"004","0070","09210","00000","2016000000","239","事業所数","5～9人","32Aがん具製造業"
"004","0070","09240","00000","2016000000","207","事業所数","5～9人","32B運動用具製造業"
"004","0070","09260","00000","2016000000","154","事業所数","5～9人","326ペン・鉛筆・絵画用品・その他の事務用品製造業"
"004","0070","09300","00000","2016000000","104","事業所数","5～9人","327漆器製造業"
"004","0070","09320","00000","2016000000","324","事業所数","5～9人","328畳等生活雑貨製品製造業"
"004","0070","09390","00000","2016000000","1797","事業所数","5～9人","329他に分類されない製造業"
"004","0070","09400","00000","2016000000","24","事業所数","5～9人","32C情報記録物製造業（新聞，書籍等の印刷物を除く）"
"004","0070","09420","00000","2016000000","1773","事業所数","5～9人","32D他に分類されないその他の製造業"
"004","0070","09500","00000","2016000000","711","事業所数","5～9人","F電気・ガス・熱供給・水道業"
"004","0070","09510","00000","2016000000","154","事業所数","5～9人","33電気業"
"004","0070","09520","00000","2016000000","77","事業所数","5～9人","330管理，補助的経済活動を行う事業所"
"004","0070","09530","00000","2016000000","77","事業所数","5～9人","331電気業"
"004","0070","09540","00000","2016000000","72","事業所数","5～9人","34ガス業"
"004","0070","09550","00000","2016000000","21","事業所数","5～9人","340管理，補助的経済活動を行う事業所"
"004","0070","09560","00000","2016000000","51","事業所数","5～9人","341ガス業"
"004","0070","09570","00000","2016000000","48","事業所数","5～9人","35熱供給業"
"004","0070","09580","00000","2016000000","1","事業所数","5～9人","350管理，補助的経済活動を行う事業所"
"004","0070","09590","00000","2016000000","47","事業所数","5～9人","351熱供給業"
"004","0070","09600","00000","2016000000","436","事業所数","5～9人","36水道業"
"004","0070","09610","00000","2016000000","7","事業所数","5～9人","360管理，補助的経済活動を行う事業所"
"004","0070","09620","00000","2016000000","124","事業所数","5～9人","361上水道業"
"004","0070","09630","00000","2016000000","4","事業所数","5～9人","362工業用水道業"
"004","0070","09640","00000","2016000000","301","事業所数","5～9人","363下水道業"
"004","0070","09650","00000","2016000000","9992","事業所数","5～9人","G情報通信業"
"004","0070","09660","00000","2016000000","3810","事業所数","5～9人","G1情報通信業（通信業，放送業，映像・音声・文字情報制作業）"
"004","0070","09670","00000","2016000000","618","事業所数","5～9人","37通信業"
"004","0070","09680","00000","2016000000","2","事業所数","5～9人","370管理，補助的経済活動を行う事業所"
"004","0070","09690","00000","2016000000","153","事業所数","5～9人","371固定電気通信業"
"004","0070","09700","00000","2016000000","68","事業所数","5～9人","372移動電気通信業"
"004","0070","09710","00000","2016000000","395","事業所数","5～9人","373電気通信に附帯するサービス業"
"004","0070","09720","00000","2016000000","363","事業所数","5～9人","38放送業"
"004","0070","09730","00000","2016000000","1","事業所数","5～9人","380管理，補助的経済活動を行う事業所"
"004","0070","09740","00000","2016000000","2","事業所数","5～9人","381公共放送業（有線放送業を除く）"
"004","0070","09750","00000","2016000000","142","事業所数","5～9人","382民間放送業（有線放送業を除く）"
"004","0070","09770","00000","2016000000","218","事業所数","5～9人","383有線放送業"
"004","0070","09780","00000","2016000000","2825","事業所数","5～9人","41映像・音声・文字情報制作業"
"004","0070","09790","00000","2016000000","14","事業所数","5～9人","410管理，補助的経済活動を行う事業所"
"004","0070","09800","00000","2016000000","679","事業所数","5～9人","411映像情報制作・配給業"
"004","0070","09810","00000","2016000000","85","事業所数","5～9人","412音声情報制作業"
"004","0070","09820","00000","2016000000","238","事業所数","5～9人","413新聞業"
"004","0070","09830","00000","2016000000","809","事業所数","5～9人","414出版業"
"004","0070","09840","00000","2016000000","393","事業所数","5～9人","415広告制作業"
"004","0070","09850","00000","2016000000","607","事業所数","5～9人","416映像・音声・文字情報制作に附帯するサービス業"
"004","0070","09860","00000","2016000000","6182","事業所数","5～9人","G2情報通信業（情報サービス業，インターネット附随サービス業）"
"004","0070","09870","00000","2016000000","5329","事業所数","5～9人","39情報サービス業"
"004","0070","09880","00000","2016000000","23","事業所数","5～9人","390管理，補助的経済活動を行う事業所"
"004","0070","09910","00000","2016000000","4355","事業所数","5～9人","391ソフトウェア業"
"004","0070","09960","00000","2016000000","951","事業所数","5～9人","392情報処理・提供サービス業"
"004","0070","09970","00000","2016000000","559","事業所数","5～9人","39A情報処理サービス業"
"004","0070","09990","00000","2016000000","191","事業所数","5～9人","39B情報提供サービス業"
"004","0070","10010","00000","2016000000","201","事業所数","5～9人","39Cその他の情報処理・提供サービス業"
"004","0070","10040","00000","2016000000","842","事業所数","5～9人","40インターネット附随サービス業"
"004","0070","10050","00000","2016000000","4","事業所数","5～9人","400管理，補助的経済活動を行う事業所"
"004","0070","10080","00000","2016000000","838","事業所数","5～9人","401インターネット附随サービス業"
"004","0070","10120","00000","2016000000","21717","事業所数","5～9人","H運輸業，郵便業"
"004","0070","10130","00000","2016000000","770","事業所数","5～9人","42鉄道業"
"004","0070","10140","00000","2016000000","17","事業所数","5～9人","420管理，補助的経済活動を行う事業所"
"004","0070","10150","00000","2016000000","753","事業所数","5～9人","421鉄道業"
"004","0070","10160","00000","2016000000","2005","事業所数","5～9人","43道路旅客運送業"
"004","0070","10170","00000","2016000000","17","事業所数","5～9人","430管理，補助的経済活動を行う事業所"
"004","0070","10180","00000","2016000000","192","事業所数","5～9人","431一般乗合旅客自動車運送業"
"004","0070","10190","00000","2016000000","1067","事業所数","5～9人","432一般乗用旅客自動車運送業"
"004","0070","10200","00000","2016000000","687","事業所数","5～9人","433一般貸切旅客自動車運送業"
"004","0070","10210","00000","2016000000","42","事業所数","5～9人","439その他の道路旅客運送業"
"004","0070","10220","00000","2016000000","12515","事業所数","5～9人","44道路貨物運送業"
"004","0070","10230","00000","2016000000","103","事業所数","5～9人","440管理，補助的経済活動を行う事業所"
"004","0070","10240","00000","2016000000","11221","事業所数","5～9人","441一般貨物自動車運送業"
"004","0070","10250","00000","2016000000","465","事業所数","5～9人","442特定貨物自動車運送業"
"004","0070","10260","00000","2016000000","373","事業所数","5～9人","443貨物軽自動車運送業"
"004","0070","10270","00000","2016000000","332","事業所数","5～9人","444集配利用運送業"
"004","0070","10280","00000","2016000000","21","事業所数","5～9人","449その他の道路貨物運送業"
"004","0070","10290","00000","2016000000","606","事業所数","5～9人","45水運業"
"004","0070","10300","00000","2016000000","4","事業所数","5～9人","450管理，補助的経済活動を行う事業所"
"004","0070","10310","00000","2016000000","53","事業所数","5～9人","451外航海運業"
"004","0070","10320","00000","2016000000","323","事業所数","5～9人","452沿海海運業"
"004","0070","10330","00000","2016000000","80","事業所数","5～9人","453内陸水運業"
"004","0070","10340","00000","2016000000","146","事業所数","5～9人","454船舶貸渡業"
"004","0070","10350","00000","2016000000","221","事業所数","5～9人","46航空運輸業"
"004","0070","10360","00000","2016000000","1","事業所数","5～9人","460管理，補助的経済活動を行う事業所"
"004","0070","10370","00000","2016000000","207","事業所数","5～9人","461航空運送業"
"004","0070","10380","00000","2016000000","13","事業所数","5～9人","462航空機使用業（航空運送業を除く）"
"004","0070","10390","00000","2016000000","2131","事業所数","5～9人","47倉庫業"
"004","0070","10400","00000","2016000000","19","事業所数","5～9人","470管理，補助的経済活動を行う事業所"
"004","0070","10410","00000","2016000000","1790","事業所数","5～9人","471倉庫業（冷蔵倉庫業を除く）"
"004","0070","10420","00000","2016000000","322","事業所数","5～9人","472冷蔵倉庫業"
"004","0070","10430","00000","2016000000","3420","事業所数","5～9人","48運輸に附帯するサービス業"
"004","0070","10440","00000","2016000000","39","事業所数","5～9人","480管理，補助的経済活動を行う事業所"
"004","0070","10450","00000","2016000000","404","事業所数","5～9人","481港湾運送業"
"004","0070","10460","00000","2016000000","815","事業所数","5～9人","482貨物運送取扱業（集配利用運送業を除く）"
"004","0070","10470","00000","2016000000","128","事業所数","5～9人","483運送代理店"
"004","0070","10480","00000","2016000000","546","事業所数","5～9人","484こん包業"
"004","0070","10490","00000","2016000000","143","事業所数","5～9人","485運輸施設提供業"
"004","0070","10500","00000","2016000000","1345","事業所数","5～9人","489その他の運輸に附帯するサービス業"
"004","0070","10510","00000","2016000000","32","事業所数","5～9人","49郵便業（信書便事業を含む）"
"004","0070","10520","00000","2016000000","2","事業所数","5～9人","490管理，補助的経済活動を行う事業所"
"004","0070","10530","00000","2016000000","30","事業所数","5～9人","491郵便業（信書便事業を含む）"
"004","0070","10540","00000","2016000000","237968","事業所数","5～9人","I卸売業，小売業"
"004","0070","10550","00000","2016000000","74954","事業所数","5～9人","I1卸売業"
"004","0070","10560","00000","2016000000","277","事業所数","5～9人","50各種商品卸売業"
"004","0070","10570","00000","2016000000","6","事業所数","5～9人","500管理，補助的経済活動を行う事業所"
"004","0070","10610","00000","2016000000","271","事業所数","5～9人","501各種商品卸売業"
"004","0070","10640","00000","2016000000","271","事業所数","5～9人","50Bその他の各種商品卸売業"
"004","0070","10660","00000","2016000000","3795","事業所数","5～9人","51繊維・衣服等卸売業"
"004","0070","10670","00000","2016000000","58","事業所数","5～9人","510管理，補助的経済活動を行う事業所"
"004","0070","10710","00000","2016000000","568","事業所数","5～9人","511繊維品卸売業（衣服，身の回り品を除く）"
"004","0070","10750","00000","2016000000","1628","事業所数","5～9人","512衣服卸売業"
"004","0070","10800","00000","2016000000","1541","事業所数","5～9人","513身の回り品卸売業"
"004","0070","10850","00000","2016000000","13391","事業所数","5～9人","52飲食料品卸売業"
"004","0070","10860","00000","2016000000","211","事業所数","5～9人","520管理，補助的経済活動を行う事業所"
"004","0070","10900","00000","2016000000","6577","事業所数","5～9人","521農畜産物・水産物卸売業"
"004","0070","10910","00000","2016000000","616","事業所数","5～9人","52A米穀類卸売業"
"004","0070","10940","00000","2016000000","1955","事業所数","5～9人","52B野菜・果実卸売業"
"004","0070","10970","00000","2016000000","1277","事業所数","5～9人","52C食肉卸売業"
"004","0070","10990","00000","2016000000","2276","事業所数","5～9人","52D生鮮魚介卸売業"
"004","0070","11010","00000","2016000000","453","事業所数","5～9人","52Eその他の農畜産物・水産物卸売業"
"004","0070","11030","00000","2016000000","6603","事業所数","5～9人","522食料・飲料卸売業"
"004","0070","11120","00000","2016000000","18444","事業所数","5～9人","53建築材料，鉱物・金属材料等卸売業"
"004","0070","11130","00000","2016000000","239","事業所数","5～9人","530管理，補助的経済活動を行う事業所"
"004","0070","11170","00000","2016000000","7280","事業所数","5～9人","531建築材料卸売業"
"004","0070","11230","00000","2016000000","4217","事業所数","5～9人","532化学製品卸売業"
"004","0070","11270","00000","2016000000","1553","事業所数","5～9人","533石油・鉱物卸売業"
"004","0070","11300","00000","2016000000","2187","事業所数","5～9人","534鉄鋼製品卸売業"
"004","0070","11340","00000","2016000000","816","事業所数","5～9人","535非鉄金属卸売業"
"004","0070","11370","00000","2016000000","2152","事業所数","5～9人","536再生資源卸売業"
"004","0070","11430","00000","2016000000","23984","事業所数","5～9人","54機械器具卸売業"
"004","0070","11440","00000","2016000000","293","事業所数","5～9人","540管理，補助的経済活動を行う事業所"
"004","0070","11480","00000","2016000000","9157","事業所数","5～9人","541産業機械器具卸売業"
"004","0070","11540","00000","2016000000","4642","事業所数","5～9人","542自動車卸売業"
"004","0070","11580","00000","2016000000","6540","事業所数","5～9人","543電気機械器具卸売業"
"004","0070","11610","00000","2016000000","3352","事業所数","5～9人","549その他の機械器具卸売業"
"004","0070","11650","00000","2016000000","15017","事業所数","5～9人","55その他の卸売業"
"004","0070","11660","00000","2016000000","213","事業所数","5～9人","550管理，補助的経済活動を行う事業所"
"004","0070","11700","00000","2016000000","2405","事業所数","5～9人","551家具・建具・じゅう器等卸売業"
"004","0070","11770","00000","2016000000","3063","事業所数","5～9人","552医薬品・化粧品等卸売業"
"004","0070","11820","00000","2016000000","1287","事業所数","5～9人","553紙・紙製品卸売業"
"004","0070","11850","00000","2016000000","8049","事業所数","5～9人","559他に分類されない卸売業"
"004","0070","11860","00000","2016000000","192","事業所数","5～9人","55A代理商，仲立業"
"004","0070","11880","00000","2016000000","7857","事業所数","5～9人","55B他に分類されないその他の卸売業"
"004","0070","11970","00000","2016000000","163014","事業所数","5～9人","I2小売業"
"004","0070","11980","00000","2016000000","348","事業所数","5～9人","56各種商品小売業"
"004","0070","11990","00000","2016000000","17","事業所数","5～9人","560管理，補助的経済活動を行う事業所"
"004","0070","12050","00000","2016000000","331","事業所数","5～9人","569その他の各種商品小売業（従業者が常時50人未満のもの）"
"004","0070","12070","00000","2016000000","28715","事業所数","5～9人","57織物・衣服・身の回り品小売業"
"004","0070","12080","00000","2016000000","180","事業所数","5～9人","570管理，補助的経済活動を行う事業所"
"004","0070","12120","00000","2016000000","1928","事業所数","5～9人","571呉服・服地・寝具小売業"
"004","0070","12150","00000","2016000000","4478","事業所数","5～9人","572男子服小売業"
"004","0070","12170","00000","2016000000","11844","事業所数","5～9人","573婦人・子供服小売業"
"004","0070","12200","00000","2016000000","2953","事業所数","5～9人","574靴・履物小売業"
"004","0070","12230","00000","2016000000","7332","事業所数","5～9人","579その他の織物・衣服・身の回り品小売業"
"004","0070","12280","00000","2016000000","39591","事業所数","5～9人","58飲食料品小売業"
"004","0070","12290","00000","2016000000","257","事業所数","5～9人","580管理，補助的経済活動を行う事業所"
"004","0070","12330","00000","2016000000","2235","事業所数","5～9人","581各種食料品小売業"
"004","0070","12350","00000","2016000000","2098","事業所数","5～9人","582野菜・果実小売業"
"004","0070","12380","00000","2016000000","1814","事業所数","5～9人","583食肉小売業"
"004","0070","12410","00000","2016000000","1576","事業所数","5～9人","584鮮魚小売業"
"004","0070","12430","00000","2016000000","1812","事業所数","5～9人","585酒小売業"
"004","0070","12450","00000","2016000000","11210","事業所数","5～9人","586菓子・パン小売業"
"004","0070","12500","00000","2016000000","18589","事業所数","5～9人","589その他の飲食料品小売業"
"004","0070","12510","00000","2016000000","4485","事業所数","5～9人","58A料理品小売業"
"004","0070","12530","00000","2016000000","14104","事業所数","5～9人","58B他に分類されない飲食料品小売業"
"004","0070","12620","00000","2016000000","19148","事業所数","5～9人","59機械器具小売業"
"004","0070","12630","00000","2016000000","154","事業所数","5～9人","590管理，補助的経済活動を行う事業所"
"004","0070","12670","00000","2016000000","12099","事業所数","5～9人","591自動車小売業"
"004","0070","12720","00000","2016000000","822","事業所数","5～9人","592自転車小売業"
"004","0070","12740","00000","2016000000","6073","事業所数","5～9人","593機械器具小売業（自動車，自転車を除く）"
"004","0070","12790","00000","2016000000","69720","事業所数","5～9人","60その他の小売業"
"004","0070","12800","00000","2016000000","391","事業所数","5～9人","600管理，補助的経済活動を行う事業所"
"004","0070","12840","00000","2016000000","1808","事業所数","5～9人","601家具・建具・畳小売業"
"004","0070","12890","00000","2016000000","1574","事業所数","5～9人","602じゅう器小売業"
"004","0070","12940","00000","2016000000","24936","事業所数","5～9人","603医薬品・化粧品小売業"
"004","0070","12990","00000","2016000000","2711","事業所数","5～9人","604農耕用品小売業"
"004","0070","13030","00000","2016000000","14171","事業所数","5～9人","605燃料小売業"
"004","0070","13060","00000","2016000000","5341","事業所数","5～9人","606書籍・文房具小売業"
"004","0070","13110","00000","2016000000","3248","事業所数","5～9人","607スポーツ用品・がん具・娯楽用品・楽器小売業"
"004","0070","13120","00000","2016000000","1897","事業所数","5～9人","60Aスポーツ用品小売業"
"004","0070","13140","00000","2016000000","823","事業所数","5～9人","60Bがん具・娯楽用品小売業"
"004","0070","13160","00000","2016000000","528","事業所数","5～9人","60C楽器小売業"
"004","0070","13180","00000","2016000000","3514","事業所数","5～9人","608写真機・時計・眼鏡小売業"
"004","0070","13210","00000","2016000000","12026","事業所数","5～9人","609他に分類されない小売業"
"004","0070","13220","00000","2016000000","2146","事業所数","5～9人","60D花・植木小売業"
"004","0070","13240","00000","2016000000","919","事業所数","5～9人","60Eペット・ペット用品小売業"
"004","0070","13260","00000","2016000000","1074","事業所数","5～9人","60F中古品小売業（他に分類されないもの）"
"004","0070","13290","00000","2016000000","7887","事業所数","5～9人","60G他に分類されないその他の小売業"
"004","0070","13350","00000","2016000000","5372","事業所数","5～9人","61無店舗小売業"
"004","0070","13360","00000","2016000000","50","事業所数","5～9人","610管理，補助的経済活動を行う事業所"
"004","0070","13400","00000","2016000000","4194","事業所数","5～9人","611通信販売・訪問販売小売業"
"004","0070","13460","00000","2016000000","308","事業所数","5～9人","612自動販売機による小売業"
"004","0070","13480","00000","2016000000","820","事業所数","5～9人","619その他の無店舗小売業"
"004","0070","13500","00000","2016000000","13819","事業所数","5～9人","J金融業，保険業"
"004","0070","13510","00000","2016000000","2440","事業所数","5～9人","62銀行業"
"004","0070","13520","00000","2016000000","3","事業所数","5～9人","620管理，補助的経済活動を行う事業所"
"004","0070","13530","00000","2016000000","3","事業所数","5～9人","621中央銀行"
"004","0070","13540","00000","2016000000","2434","事業所数","5～9人","622銀行（中央銀行を除く）"
"004","0070","13560","00000","2016000000","3174","事業所数","5～9人","63協同組織金融業"
"004","0070","13570","00000","2016000000","3","事業所数","5～9人","630管理，補助的経済活動を行う事業所"
"004","0070","13580","00000","2016000000","2926","事業所数","5～9人","631中小企業等金融業"
"004","0070","13590","00000","2016000000","245","事業所数","5～9人","632農林水産金融業"
"004","0070","13600","00000","2016000000","692","事業所数","5～9人","64貸金業，クレジットカード業等非預金信用機関"
"004","0070","13610","00000","2016000000","3","事業所数","5～9人","640管理，補助的経済活動を行う事業所"
"004","0070","13620","00000","2016000000","225","事業所数","5～9人","641貸金業"
"004","0070","13630","00000","2016000000","76","事業所数","5～9人","642質屋"
"004","0070","13640","00000","2016000000","262","事業所数","5～9人","643クレジットカード業，割賦金融業"
"004","0070","13650","00000","2016000000","126","事業所数","5～9人","649その他の非預金信用機関"
"004","0070","13660","00000","2016000000","568","事業所数","5～9人","65金融商品取引業，商品先物取引業"
"004","0070","13680","00000","2016000000","551","事業所数","5～9人","651金融商品取引業"
"004","0070","13690","00000","2016000000","17","事業所数","5～9人","652商品先物取引業，商品投資顧問業"
"004","0070","13700","00000","2016000000","477","事業所数","5～9人","66補助的金融業等"
"004","0070","13710","00000","2016000000","1","事業所数","5～9人","660管理，補助的経済活動を行う事業所"
"004","0070","13720","00000","2016000000","292","事業所数","5～9人","661補助的金融業，金融附帯業"
"004","0070","13730","00000","2016000000","7","事業所数","5～9人","662信託業"
"004","0070","13740","00000","2016000000","177","事業所数","5～9人","663金融代理業"
"004","0070","13750","00000","2016000000","6407","事業所数","5～9人","67保険業（保険媒介代理業，保険サービス業を含む）"
"004","0070","13760","00000","2016000000","4","事業所数","5～9人","670管理，補助的経済活動を行う事業所"
"004","0070","13770","00000","2016000000","1131","事業所数","5～9人","671生命保険業"
"004","0070","13780","00000","2016000000","512","事業所数","5～9人","672損害保険業"
"004","0070","13790","00000","2016000000","416","事業所数","5～9人","673共済事業，少額短期保険業"
"004","0070","13800","00000","2016000000","4139","事業所数","5～9人","674保険媒介代理業"
"004","0070","13810","00000","2016000000","205","事業所数","5～9人","675保険サービス業"
"004","0070","13820","00000","2016000000","23989","事業所数","5～9人","K不動産業，物品賃貸業"
"004","0070","13830","00000","2016000000","16250","事業所数","5～9人","K1不動産業"
"004","0070","13840","00000","2016000000","8511","事業所数","5～9人","68不動産取引業"
"004","0070","13850","00000","2016000000","12","事業所数","5～9人","680管理，補助的経済活動を行う事業所"
"004","0070","13880","00000","2016000000","2114","事業所数","5～9人","681建物売買業，土地売買業"
"004","0070","13910","00000","2016000000","6385","事業所数","5～9人","682不動産代理業・仲介業"
"004","0070","13930","00000","2016000000","7670","事業所数","5～9人","69不動産賃貸業・管理業"
"004","0070","13940","00000","2016000000","7","事業所数","5～9人","690管理，補助的経済活動を行う事業所"
"004","0070","13970","00000","2016000000","2017","事業所数","5～9人","691不動産賃貸業（貸家業，貸間業を除く）"
"004","0070","14010","00000","2016000000","2429","事業所数","5～9人","692貸家業，貸間業"
"004","0070","14040","00000","2016000000","883","事業所数","5～9人","693駐車場業"
"004","0070","14060","00000","2016000000","2334","事業所数","5～9人","694不動産管理業"
"004","0070","14080","00000","2016000000","7739","事業所数","5～9人","K2物品賃貸業"
"004","0070","14090","00000","2016000000","7739","事業所数","5～9人","70物品賃貸業"
"004","0070","14100","00000","2016000000","107","事業所数","5～9人","700管理，補助的経済活動を行う事業所"
"004","0070","14130","00000","2016000000","334","事業所数","5～9人","701各種物品賃貸業"
"004","0070","14160","00000","2016000000","3057","事業所数","5～9人","702産業用機械器具賃貸業"
"004","0070","14190","00000","2016000000","103","事業所数","5～9人","703事務用機械器具賃貸業"
"004","0070","14220","00000","2016000000","1924","事業所数","5～9人","704自動車賃貸業"
"004","0070","14240","00000","2016000000","79","事業所数","5～9人","705スポーツ・娯楽用品賃貸業"
"004","0070","14260","00000","2016000000","2128","事業所数","5～9人","709その他の物品賃貸業"
"004","0070","14270","00000","2016000000","153","事業所数","5～9人","70A音楽・映像記録物賃貸業（別掲を除く）"
"004","0070","14290","00000","2016000000","1975","事業所数","5～9人","70B他に分類されない物品賃貸業"
"004","0070","14330","00000","2016000000","28599","事業所数","5～9人","L学術研究，専門・技術サービス業"
"004","0070","14340","00000","2016000000","783","事業所数","5～9人","71学術・開発研究機関"
"004","0070","14350","00000","2016000000","4","事業所数","5～9人","710管理，補助的経済活動を行う事業所"
"004","0070","14370","00000","2016000000","696","事業所数","5～9人","711自然科学研究所"
"004","0070","14420","00000","2016000000","83","事業所数","5～9人","712人文・社会科学研究所"
"004","0070","14440","00000","2016000000","13793","事業所数","5～9人","72専門サービス業（他に分類されないもの）"
"004","0070","14450","00000","2016000000","12","事業所数","5～9人","720管理，補助的経済活動を行う事業所"
"004","0070","14470","00000","2016000000","1651","事業所数","5～9人","721法律事務所，特許事務所"
"004","0070","14480","00000","2016000000","1428","事業所数","5～9人","72A法律事務所"
"004","0070","14500","00000","2016000000","223","事業所数","5～9人","72B特許事務所"
"004","0070","14520","00000","2016000000","947","事業所数","5～9人","722公証人役場，司法書士事務所，土地家屋調査士事務所"
"004","0070","14550","00000","2016000000","173","事業所数","5～9人","723行政書士事務所"
"004","0070","14570","00000","2016000000","5826","事業所数","5～9人","724公認会計士事務所，税理士事務所"
"004","0070","14580","00000","2016000000","495","事業所数","5～9人","72C公認会計士事務所"
"004","0070","14600","00000","2016000000","5331","事業所数","5～9人","72D税理士事務所"
"004","0070","14620","00000","2016000000","548","事業所数","5～9人","725社会保険労務士事務所"
"004","0070","14640","00000","2016000000","886","事業所数","5～9人","726デザイン業"
"004","0070","14660","00000","2016000000","9","事業所数","5～9人","727著述・芸術家業"
"004","0070","14690","00000","2016000000","1257","事業所数","5～9人","728経営コンサルタント業，純粋持株会社"
"004","0070","14700","00000","2016000000","1155","事業所数","5～9人","72E経営コンサルタント業"
"004","0070","14720","00000","2016000000","102","事業所数","5～9人","72F純粋持株会社"
"004","0070","14740","00000","2016000000","2484","事業所数","5～9人","729その他の専門サービス業"
"004","0070","14750","00000","2016000000","89","事業所数","5～9人","72G興信所"
"004","0070","14770","00000","2016000000","2395","事業所数","5～9人","72H他に分類されない専門サービス業"
"004","0070","14820","00000","2016000000","1765","事業所数","5～9人","73広告業"
"004","0070","14830","00000","2016000000","2","事業所数","5～9人","730管理，補助的経済活動を行う事業所"
"004","0070","14860","00000","2016000000","1763","事業所数","5～9人","731広告業"
"004","0070","14880","00000","2016000000","12250","事業所数","5～9人","74技術サービス業（他に分類されないもの）"
"004","0070","14890","00000","2016000000","39","事業所数","5～9人","740管理，補助的経済活動を行う事業所"
"004","0070","14910","00000","2016000000","1862","事業所数","5～9人","741獣医業"
"004","0070","14930","00000","2016000000","5724","事業所数","5～9人","742土木建築サービス業"
"004","0070","14940","00000","2016000000","3597","事業所数","5～9人","74A建築設計業"
"004","0070","14960","00000","2016000000","1542","事業所数","5～9人","74B測量業"
"004","0070","14980","00000","2016000000","585","事業所数","5～9人","74Cその他の土木建築サービス業"
"004","0070","15000","00000","2016000000","891","事業所数","5～9人","743機械設計業"
"004","0070","15020","00000","2016000000","699","事業所数","5～9人","744商品・非破壊検査業"
"004","0070","15050","00000","2016000000","251","事業所数","5～9人","745計量証明業"
"004","0070","15090","00000","2016000000","1487","事業所数","5～9人","746写真業"
"004","0070","15120","00000","2016000000","1297","事業所数","5～9人","749その他の技術サービス業"
"004","0070","15140","00000","2016000000","104108","事業所数","5～9人","M宿泊業，飲食サービス業"
"004","0070","15150","00000","2016000000","6778","事業所数","5～9人","M1宿泊業"
"004","0070","15160","00000","2016000000","6778","事業所数","5～9人","75宿泊業"
"004","0070","15170","00000","2016000000","36","事業所数","5～9人","750管理，補助的経済活動を行う事業所"
"004","0070","15200","00000","2016000000","5383","事業所数","5～9人","751旅館，ホテル"
"004","0070","15220","00000","2016000000","217","事業所数","5～9人","752簡易宿所"
"004","0070","15240","00000","2016000000","67","事業所数","5～9人","753下宿業"
"004","0070","15260","00000","2016000000","1072","事業所数","5～9人","759その他の宿泊業"
"004","0070","15270","00000","2016000000","192","事業所数","5～9人","75A会社・団体の宿泊所"
"004","0070","15290","00000","2016000000","880","事業所数","5～9人","75B他に分類されない宿泊業"
"004","0070","15320","00000","2016000000","97330","事業所数","5～9人","M2飲食店，持ち帰り・配達飲食サービス業"
"004","0070","15330","00000","2016000000","79688","事業所数","5～9人","76飲食店"
"004","0070","15340","00000","2016000000","272","事業所数","5～9人","760管理，補助的経済活動を行う事業所"
"004","0070","15370","00000","2016000000","6883","事業所数","5～9人","761食堂，レストラン（専門料理店を除く）"
"004","0070","15390","00000","2016000000","31856","事業所数","5～9人","762専門料理店"
"004","0070","15400","00000","2016000000","8904","事業所数","5～9人","76A日本料理店"
"004","0070","15420","00000","2016000000","9679","事業所数","5～9人","76B中華料理店"
"004","0070","15450","00000","2016000000","3730","事業所数","5～9人","76C焼肉店"
"004","0070","15470","00000","2016000000","9543","事業所数","5～9人","76Dその他の専門料理店"
"004","0070","15500","00000","2016000000","4965","事業所数","5～9人","763そば・うどん店"
"004","0070","15520","00000","2016000000","2304","事業所数","5～9人","764すし店"
"004","0070","15540","00000","2016000000","16252","事業所数","5～9人","765酒場，ビヤホール"
"004","0070","15560","00000","2016000000","9052","事業所数","5～9人","766バー，キャバレー，ナイトクラブ"
"004","0070","15580","00000","2016000000","5042","事業所数","5～9人","767喫茶店"
"004","0070","15600","00000","2016000000","3059","事業所数","5～9人","769その他の飲食店"
"004","0070","15610","00000","2016000000","416","事業所数","5～9人","76Eハンバーガー店"
"004","0070","15630","00000","2016000000","1571","事業所数","5～9人","76Fお好み焼・焼きそば・たこ焼店"
"004","0070","15650","00000","2016000000","1072","事業所数","5～9人","76G他に分類されない飲食店"
"004","0070","15670","00000","2016000000","17568","事業所数","5～9人","77持ち帰り・配達飲食サービス業"
"004","0070","15680","00000","2016000000","67","事業所数","5～9人","770管理，補助的経済活動を行う事業所"
"004","0070","15710","00000","2016000000","3839","事業所数","5～9人","771持ち帰り飲食サービス業"
"004","0070","15730","00000","2016000000","13662","事業所数","5～9人","772配達飲食サービス業"
"004","0070","15750","00000","2016000000","40924","事業所数","5～9人","N生活関連サービス業，娯楽業"
"004","0070","15760","00000","2016000000","23007","事業所数","5～9人","78洗濯・理容・美容・浴場業"
"004","0070","15770","00000","2016000000","56","事業所数","5～9人","780管理，補助的経済活動を行う事業所"
"004","0070","15800","00000","2016000000","4303","事業所数","5～9人","781洗濯業"
"004","0070","15810","00000","2016000000","3442","事業所数","5～9人","78A普通洗濯業"
"004","0070","15840","00000","2016000000","861","事業所数","5～9人","78Bリネンサプライ業"
"004","0070","15860","00000","2016000000","2310","事業所数","5～9人","782理容業"
"004","0070","15880","00000","2016000000","11671","事業所数","5～9人","783美容業"
"004","0070","15900","00000","2016000000","317","事業所数","5～9人","784一般公衆浴場業"
"004","0070","15920","00000","2016000000","478","事業所数","5～9人","785その他の公衆浴場業"
"004","0070","15940","00000","2016000000","3872","事業所数","5～9人","789その他の洗濯・理容・美容・浴場業"
"004","0070","16000","00000","2016000000","8824","事業所数","5～9人","79その他の生活関連サービス業"
"004","0070","16010","00000","2016000000","30","事業所数","5～9人","790管理，補助的経済活動を行う事業所"
"004","0070","16040","00000","2016000000","2264","事業所数","5～9人","791旅行業"
"004","0070","16070","00000","2016000000","598","事業所数","5～9人","793衣服裁縫修理業"
"004","0070","16090","00000","2016000000","658","事業所数","5～9人","794物品預り業"
"004","0070","16110","00000","2016000000","199","事業所数","5～9人","795火葬・墓地管理業"
"004","0070","16140","00000","2016000000","2513","事業所数","5～9人","796冠婚葬祭業"
"004","0070","16150","00000","2016000000","2074","事業所数","5～9人","79A葬儀業"
"004","0070","16170","00000","2016000000","185","事業所数","5～9人","79B結婚式場業"
"004","0070","16190","00000","2016000000","254","事業所数","5～9人","79C冠婚葬祭互助会"
"004","0070","16210","00000","2016000000","2562","事業所数","5～9人","799他に分類されない生活関連サービス業"
"004","0070","16220","00000","2016000000","468","事業所数","5～9人","79D写真プリント，現像・焼付業"
"004","0070","16240","00000","2016000000","2094","事業所数","5～9人","79E他に分類されないその他の生活関連サービス業"
"004","0070","16280","00000","2016000000","9076","事業所数","5～9人","80娯楽業"
"004","0070","16290","00000","2016000000","123","事業所数","5～9人","800管理，補助的経済活動を行う事業所"
"004","0070","16320","00000","2016000000","80","事業所数","5～9人","801映画館"
"004","0070","16340","00000","2016000000","507","事業所数","5～9人","802興行場（別掲を除く），興行団"
"004","0070","16400","00000","2016000000","127","事業所数","5～9人","803競輪・競馬等の競走場，競技団"
"004","0070","16470","00000","2016000000","3038","事業所数","5～9人","804スポーツ施設提供業"
"004","0070","16480","00000","2016000000","626","事業所数","5～9人","80Aスポーツ施設提供業（別掲を除く）"
"004","0070","16500","00000","2016000000","247","事業所数","5～9人","80B体育館"
"004","0070","16520","00000","2016000000","133","事業所数","5～9人","80Cゴルフ場"
"004","0070","16540","00000","2016000000","592","事業所数","5～9人","80Dゴルフ練習場"
"004","0070","16560","00000","2016000000","142","事業所数","5～9人","80Eボウリング場"
"004","0070","16580","00000","2016000000","87","事業所数","5～9人","80Fテニス場"
"004","0070","16600","00000","2016000000","149","事業所数","5～9人","80Gバッティング・テニス練習場"
"004","0070","16620","00000","2016000000","1062","事業所数","5～9人","80Hフィットネスクラブ"
"004","0070","16640","00000","2016000000","483","事業所数","5～9人","805公園，遊園地"
"004","0070","16680","00000","2016000000","2781","事業所数","5～9人","806遊戯場"
"004","0070","16690","00000","2016000000","335","事業所数","5～9人","80Jマージャンクラブ"
"004","0070","16710","00000","2016000000","1392","事業所数","5～9人","80Kパチンコホール"
"004","0070","16730","00000","2016000000","975","事業所数","5～9人","80Lゲームセンター"
"004","0070","16750","00000","2016000000","79","事業所数","5～9人","80Mその他の遊戯場"
"004","0070","16790","00000","2016000000","1937","事業所数","5～9人","809その他の娯楽業"
"004","0070","16800","00000","2016000000","887","事業所数","5～9人","80Nカラオケボックス業"
"004","0070","16820","00000","2016000000","1050","事業所数","5～9人","80P他に分類されない娯楽業"
"004","0070","16890","00000","2016000000","19710","事業所数","5～9人","O教育，学習支援業"
"004","0070","16900","00000","2016000000","2151","事業所数","5～9人","O1教育，学習支援業（学校教育）"
"004","0070","16910","00000","2016000000","2151","事業所数","5～9人","81学校教育"
"004","0070","16920","00000","2016000000","54","事業所数","5～9人","810管理，補助的経済活動を行う事業所"
"004","0070","16940","00000","2016000000","1033","事業所数","5～9人","811幼稚園"
"004","0070","16960","00000","2016000000","37","事業所数","5～9人","819幼保連携型認定こども園"
"004","0070","16980","00000","2016000000","17","事業所数","5～9人","812小学校"
"004","0070","17000","00000","2016000000","34","事業所数","5～9人","813中学校"
"004","0070","17020","00000","2016000000","105","事業所数","5～9人","814高等学校，中等教育学校"
"004","0070","17050","00000","2016000000","1","事業所数","5～9人","815特別支援学校"
"004","0070","17070","00000","2016000000","203","事業所数","5～9人","816高等教育機関"
"004","0070","17110","00000","2016000000","659","事業所数","5～9人","817専修学校，各種学校"
"004","0070","17140","00000","2016000000","5","事業所数","5～9人","818学校教育支援機関"
"004","0070","17160","00000","2016000000","17559","事業所数","5～9人","O2教育，学習支援業（その他の教育，学習支援業）"
"004","0070","17170","00000","2016000000","17559","事業所数","5～9人","82その他の教育，学習支援業"
"004","0070","17180","00000","2016000000","53","事業所数","5～9人","820管理，補助的経済活動を行う事業所"
"004","0070","17210","00000","2016000000","1051","事業所数","5～9人","821社会教育"
"004","0070","17220","00000","2016000000","237","事業所数","5～9人","82A公民館"
"004","0070","17240","00000","2016000000","160","事業所数","5～9人","82B図書館"
"004","0070","17260","00000","2016000000","450","事業所数","5～9人","82C博物館，美術館"
"004","0070","17280","00000","2016000000","53","事業所数","5～9人","82D動物園，植物園，水族館"
"004","0070","17300","00000","2016000000","150","事業所数","5～9人","82Eその他の社会教育"
"004","0070","17340","00000","2016000000","523","事業所数","5～9人","822職業・教育支援施設"
"004","0070","17380","00000","2016000000","9757","事業所数","5～9人","823学習塾"
"004","0070","17400","00000","2016000000","5451","事業所数","5～9人","824教養・技能教授業"
"004","0070","17410","00000","2016000000","833","事業所数","5～9人","82F音楽教授業"
"004","0070","17430","00000","2016000000","82","事業所数","5～9人","82G書道教授業"
"004","0070","17450","00000","2016000000","29","事業所数","5～9人","82H生花・茶道教授業"
"004","0070","17470","00000","2016000000","159","事業所数","5～9人","82Jそろばん教授業"
"004","0070","17490","00000","2016000000","1138","事業所数","5～9人","82K外国語会話教授業"
"004","0070","17510","00000","2016000000","1362","事業所数","5～9人","82Lスポーツ・健康教授業"
"004","0070","17530","00000","2016000000","1848","事業所数","5～9人","82Mその他の教養・技能教授業"
"004","0070","17550","00000","2016000000","711","事業所数","5～9人","829他に分類されない教育，学習支援業"
"004","0070","17570","00000","2016000000","110046","事業所数","5～9人","P医療，福祉"
"004","0070","17580","00000","2016000000","68434","事業所数","5～9人","83医療業"
"004","0070","17590","00000","2016000000","60","事業所数","5～9人","830管理，補助的経済活動を行う事業所"
"004","0070","17620","00000","2016000000","112","事業所数","5～9人","831病院"
"004","0070","17650","00000","2016000000","36030","事業所数","5～9人","832一般診療所"
"004","0070","17680","00000","2016000000","22708","事業所数","5～9人","833歯科診療所"
"004","0070","17700","00000","2016000000","1946","事業所数","5～9人","834助産・看護業"
"004","0070","17710","00000","2016000000","49","事業所数","5～9人","83A助産所"
"004","0070","17730","00000","2016000000","1897","事業所数","5～9人","83B看護業"
"004","0070","17750","00000","2016000000","6756","事業所数","5～9人","835療術業"
"004","0070","17780","00000","2016000000","822","事業所数","5～9人","836医療に附帯するサービス業"
"004","0070","17790","00000","2016000000","472","事業所数","5～9人","83C歯科技工所"
"004","0070","17810","00000","2016000000","350","事業所数","5～9人","83Dその他の医療に附帯するサービス業"
"004","0070","17830","00000","2016000000","302","事業所数","5～9人","84保健衛生"
"004","0070","17840","00000","2016000000","2","事業所数","5～9人","840管理，補助的経済活動を行う事業所"
"004","0070","17870","00000","2016000000","216","事業所数","5～9人","842健康相談施設"
"004","0070","17920","00000","2016000000","84","事業所数","5～9人","849その他の保健衛生"
"004","0070","17960","00000","2016000000","41213","事業所数","5～9人","85社会保険・社会福祉・介護事業"
"004","0070","17970","00000","2016000000","106","事業所数","5～9人","850管理，補助的経済活動を行う事業所"
"004","0070","18000","00000","2016000000","425","事業所数","5～9人","851社会保険事業団体"
"004","0070","18020","00000","2016000000","9299","事業所数","5～9人","853児童福祉事業"
"004","0070","18030","00000","2016000000","3503","事業所数","5～9人","85A保育所"
"004","0070","18050","00000","2016000000","5796","事業所数","5～9人","85Bその他の児童福祉事業"
"004","0070","18070","00000","2016000000","22787","事業所数","5～9人","854老人福祉・介護事業"
"004","0070","18080","00000","2016000000","207","事業所数","5～9人","85C特別養護老人ホーム"
"004","0070","18100","00000","2016000000","46","事業所数","5～9人","85D介護老人保健施設"
"004","0070","18120","00000","2016000000","10416","事業所数","5～9人","85E通所・短期入所介護事業"
"004","0070","18140","00000","2016000000","5150","事業所数","5～9人","85F訪問介護事業"
"004","0070","18160","00000","2016000000","1983","事業所数","5～9人","85G認知症老人グループホーム"
"004","0070","18180","00000","2016000000","895","事業所数","5～9人","85H有料老人ホーム"
"004","0070","18200","00000","2016000000","4090","事業所数","5～9人","85Jその他の老人福祉・介護事業"
"004","0070","18220","00000","2016000000","7634","事業所数","5～9人","855障害者福祉事業"
"004","0070","18250","00000","2016000000","962","事業所数","5～9人","859その他の社会保険・社会福祉・介護事業"
"004","0070","18260","00000","2016000000","63","事業所数","5～9人","85K更生保護事業"
"004","0070","18280","00000","2016000000","899","事業所数","5～9人","85L他に分類されない社会保険・社会福祉・介護事業"
"004","0070","18300","00000","2016000000","11722","事業所数","5～9人","Q複合サービス事業"
"004","0070","18310","00000","2016000000","8979","事業所数","5～9人","Q1複合サービス事業（郵便局）"
"004","0070","18320","00000","2016000000","8979","事業所数","5～9人","86郵便局"
"004","0070","18330","00000","2016000000","17","事業所数","5～9人","860管理，補助的経済活動を行う事業所"
"004","0070","18340","00000","2016000000","8899","事業所数","5～9人","861郵便局"
"004","0070","18350","00000","2016000000","63","事業所数","5～9人","862郵便局受託業"
"004","0070","18370","00000","2016000000","2743","事業所数","5～9人","Q2複合サービス事業（協同組合）"
"004","0070","18380","00000","2016000000","2743","事業所数","5～9人","87協同組合（他に分類されないもの）"
"004","0070","18390","00000","2016000000","28","事業所数","5～9人","870管理，補助的経済活動を行う事業所"
"004","0070","18410","00000","2016000000","2625","事業所数","5～9人","871農林水産業協同組合（他に分類されないもの）"
"004","0070","18460","00000","2016000000","90","事業所数","5～9人","872事業協同組合（他に分類されないもの）"
"004","0070","18480","00000","2016000000","42086","事業所数","5～9人","Rサービス業（他に分類されないもの）"
"004","0070","18490","00000","2016000000","9611","事業所数","5～9人","R1サービス業（政治・経済・文化団体，宗教）"
"004","0070","18500","00000","2016000000","5883","事業所数","5～9人","93政治・経済・文化団体"
"004","0070","18510","00000","2016000000","2800","事業所数","5～9人","931経済団体"
"004","0070","18520","00000","2016000000","514","事業所数","5～9人","932労働団体"
"004","0070","18530","00000","2016000000","218","事業所数","5～9人","933学術・文化団体"
"004","0070","18540","00000","2016000000","215","事業所数","5～9人","934政治団体"
"004","0070","18550","00000","2016000000","2136","事業所数","5～9人","939他に分類されない非営利的団体"
"004","0070","18560","00000","2016000000","3710","事業所数","5～9人","94宗教"
"004","0070","18570","00000","2016000000","540","事業所数","5～9人","941神道系宗教"
"004","0070","18580","00000","2016000000","2505","事業所数","5～9人","942仏教系宗教"
"004","0070","18590","00000","2016000000","264","事業所数","5～9人","943キリスト教系宗教"
"004","0070","18600","00000","2016000000","401","事業所数","5～9人","949その他の宗教"
"004","0070","18610","00000","2016000000","32475","事業所数","5～9人","R2サービス業（政治・経済・文化団体，宗教を除く）"
"004","0070","18620","00000","2016000000","4518","事業所数","5～9人","88廃棄物処理業"
"004","0070","18630","00000","2016000000","36","事業所数","5～9人","880管理，補助的経済活動を行う事業所"
"004","0070","18660","00000","2016000000","2426","事業所数","5～9人","881一般廃棄物処理業"
"004","0070","18730","00000","2016000000","2046","事業所数","5～9人","882産業廃棄物処理業"
"004","0070","18780","00000","2016000000","10","事業所数","5～9人","889その他の廃棄物処理業"
"004","0070","18810","00000","2016000000","6698","事業所数","5～9人","89自動車整備業"
"004","0070","18820","00000","2016000000","7","事業所数","5～9人","890管理，補助的経済活動を行う事業所"
"004","0070","18840","00000","2016000000","6691","事業所数","5～9人","891自動車整備業"
"004","0070","18870","00000","2016000000","4157","事業所数","5～9人","90機械等修理業（別掲を除く）"
"004","0070","18880","00000","2016000000","17","事業所数","5～9人","900管理，補助的経済活動を行う事業所"
"004","0070","18910","00000","2016000000","2710","事業所数","5～9人","901機械修理業（電気機械器具を除く）"
"004","0070","18940","00000","2016000000","1026","事業所数","5～9人","902電気機械器具修理業"
"004","0070","18960","00000","2016000000","21","事業所数","5～9人","903表具業"
"004","0070","18980","00000","2016000000","383","事業所数","5～9人","909その他の修理業"
"004","0070","19040","00000","2016000000","3084","事業所数","5～9人","91職業紹介・労働者派遣業"
"004","0070","19050","00000","2016000000","11","事業所数","5～9人","910管理，補助的経済活動を行う事業所"
"004","0070","19080","00000","2016000000","1085","事業所数","5～9人","911職業紹介業"
"004","0070","19100","00000","2016000000","1988","事業所数","5～9人","912労働者派遣業"
"004","0070","19120","00000","2016000000","12866","事業所数","5～9人","92その他の事業サービス業"
"004","0070","19130","00000","2016000000","73","事業所数","5～9人","920管理，補助的経済活動を行う事業所"
"004","0070","19160","00000","2016000000","261","事業所数","5～9人","921速記・ワープロ入力・複写業"
"004","0070","19190","00000","2016000000","4663","事業所数","5～9人","922建物サービス業"
"004","0070","19220","00000","2016000000","1248","事業所数","5～9人","923警備業"
"004","0070","19240","00000","2016000000","6621","事業所数","5～9人","929他に分類されない事業サービス業"
"004","0070","19300","00000","2016000000","1034","事業所数","5～9人","95その他のサービス業"
"004","0070","19330","00000","2016000000","937","事業所数","5～9人","951集会場"
"004","0070","19350","00000","2016000000","7","事業所数","5～9人","952と畜場"
"004","0070","19370","00000","2016000000","90","事業所数","5～9人","959他に分類されないサービス業"
"004","0080","00010","00000","2016000000","549768","事業所数","10～19人","A～R全産業（Ｓ公務を除く）"
"004","0080","00020","00000","2016000000","4405","事業所数","10～19人","A～B農林漁業"
"004","0080","00030","00000","2016000000","3757","事業所数","10～19人","A農業，林業"
"004","0080","00040","00000","2016000000","3159","事業所数","10～19人","01農業"
"004","0080","00050","00000","2016000000","6","事業所数","10～19人","010管理，補助的経済活動を行う事業所"
"004","0080","00080","00000","2016000000","1592","事業所数","10～19人","011耕種農業"
"004","0080","00170","00000","2016000000","790","事業所数","10～19人","012畜産農業"
"004","0080","00250","00000","2016000000","486","事業所数","10～19人","013農業サービス業（園芸サービス業を除く）"
"004","0080","00300","00000","2016000000","285","事業所数","10～19人","014園芸サービス業"
"004","0080","00320","00000","2016000000","598","事業所数","10～19人","02林業"
"004","0080","00360","00000","2016000000","201","事業所数","10～19人","021育林業"
"004","0080","00380","00000","2016000000","98","事業所数","10～19人","022素材生産業"
"004","0080","00430","00000","2016000000","284","事業所数","10～19人","024林業サービス業"
"004","0080","00480","00000","2016000000","15","事業所数","10～19人","029その他の林業"
"004","0080","00500","00000","2016000000","625","事業所数","10～19人","B漁業"
"004","0080","00510","00000","2016000000","388","事業所数","10～19人","03漁業（水産養殖業を除く）"
"004","0080","00550","00000","2016000000","385","事業所数","10～19人","031海面漁業"
"004","0080","00650","00000","2016000000","3","事業所数","10～19人","032内水面漁業"
"004","0080","00670","00000","2016000000","237","事業所数","10～19人","04水産養殖業"
"004","0080","00680","00000","2016000000","2","事業所数","10～19人","040管理，補助的経済活動を行う事業所"
"004","0080","00710","00000","2016000000","186","事業所数","10～19人","041海面養殖業"
"004","0080","00780","00000","2016000000","49","事業所数","10～19人","042内水面養殖業"
"004","0080","00800","00000","2016000000","545363","事業所数","10～19人","C～R非農林漁業（Ｓ公務を除く）"
"004","0080","00810","00000","2016000000","295","事業所数","10～19人","C鉱業，採石業，砂利採取業"
"004","0080","00820","00000","2016000000","295","事業所数","10～19人","05鉱業，採石業，砂利採取業"
"004","0080","00830","00000","2016000000","9","事業所数","10～19人","050管理，補助的経済活動を行う事業所"
"004","0080","00860","00000","2016000000","1","事業所数","10～19人","051金属鉱業"
"004","0080","00910","00000","2016000000","4","事業所数","10～19人","052石炭・亜炭鉱業"
"004","0080","00940","00000","2016000000","3","事業所数","10～19人","053原油・天然ガス鉱業"
"004","0080","00970","00000","2016000000","243","事業所数","10～19人","054採石業，砂・砂利・玉石採取業"
"004","0080","01070","00000","2016000000","30","事業所数","10～19人","055窯業原料用鉱物鉱業（耐火物・陶磁器・ガラス・セメント原料用に限る）"
"004","0080","01160","00000","2016000000","4","事業所数","10～19人","059その他の鉱業"
"004","0080","01220","00000","2016000000","43023","事業所数","10～19人","D建設業"
"004","0080","01230","00000","2016000000","21733","事業所数","10～19人","06総合工事業"
"004","0080","01240","00000","2016000000","66","事業所数","10～19人","060管理，補助的経済活動を行う事業所"
"004","0080","01250","00000","2016000000","1462","事業所数","10～19人","061一般土木建築工事業"
"004","0080","01260","00000","2016000000","10812","事業所数","10～19人","062土木工事業（舗装工事業を除く）"
"004","0080","01270","00000","2016000000","1498","事業所数","10～19人","063舗装工事業"
"004","0080","01280","00000","2016000000","4758","事業所数","10～19人","064建築工事業（木造建築工事業を除く)"
"004","0080","01290","00000","2016000000","1942","事業所数","10～19人","065木造建築工事業"
"004","0080","01300","00000","2016000000","1195","事業所数","10～19人","066建築リフォーム工事業"
"004","0080","01310","00000","2016000000","9605","事業所数","10～19人","07職別工事業（設備工事業を除く）"
"004","0080","01320","00000","2016000000","22","事業所数","10～19人","070管理，補助的経済活動を行う事業所"
"004","0080","01330","00000","2016000000","656","事業所数","10～19人","071大工工事業"
"004","0080","01340","00000","2016000000","2610","事業所数","10～19人","072とび・土工・コンクリート工事業"
"004","0080","01350","00000","2016000000","1045","事業所数","10～19人","073鉄骨・鉄筋工事業"
"004","0080","01360","00000","2016000000","245","事業所数","10～19人","074石工・れんが・タイル・ブロック工事業"
"004","0080","01370","00000","2016000000","408","事業所数","10～19人","075左官工事業"
"004","0080","01380","00000","2016000000","324","事業所数","10～19人","076板金・金物工事業"
"004","0080","01390","00000","2016000000","1206","事業所数","10～19人","077塗装工事業"
"004","0080","01400","00000","2016000000","957","事業所数","10～19人","078床・内装工事業"
"004","0080","01410","00000","2016000000","2132","事業所数","10～19人","079その他の職別工事業"
"004","0080","01420","00000","2016000000","11669","事業所数","10～19人","08設備工事業"
"004","0080","01430","00000","2016000000","24","事業所数","10～19人","080管理，補助的経済活動を行う事業所"
"004","0080","01440","00000","2016000000","4415","事業所数","10～19人","081電気工事業"
"004","0080","01450","00000","2016000000","1583","事業所数","10～19人","082電気通信・信号装置工事業"
"004","0080","01460","00000","2016000000","3573","事業所数","10～19人","083管工事業（さく井工事業を除く）"
"004","0080","01470","00000","2016000000","1440","事業所数","10～19人","084機械器具設置工事業"
"004","0080","01480","00000","2016000000","634","事業所数","10～19人","089その他の設備工事業"
"004","0080","01490","00000","2016000000","53173","事業所数","10～19人","E製造業"
"004","0080","01500","00000","2016000000","6841","事業所数","10～19人","09食料品製造業"
"004","0080","01510","00000","2016000000","72","事業所数","10～19人","090管理，補助的経済活動を行う事業所"
"004","0080","01540","00000","2016000000","621","事業所数","10～19人","091畜産食料品製造業"
"004","0080","01600","00000","2016000000","1766","事業所数","10～19人","092水産食料品製造業"
"004","0080","01680","00000","2016000000","472","事業所数","10～19人","093野菜缶詰・果実缶詰・農産保存食料品製造業"
"004","0080","01710","00000","2016000000","320","事業所数","10～19人","094調味料製造業"
"004","0080","01770","00000","2016000000","20","事業所数","10～19人","095糖類製造業"
"004","0080","01810","00000","2016000000","194","事業所数","10～19人","096精穀・製粉業"
"004","0080","01850","00000","2016000000","1232","事業所数","10～19人","097パン・菓子製造業"
"004","0080","01910","00000","2016000000","49","事業所数","10～19人","098動植物油脂製造業"
"004","0080","01940","00000","2016000000","2095","事業所数","10～19人","099その他の食料品製造業"
"004","0080","02040","00000","2016000000","1107","事業所数","10～19人","10飲料・たばこ・飼料製造業"
"004","0080","02050","00000","2016000000","7","事業所数","10～19人","100管理，補助的経済活動を行う事業所"
"004","0080","02080","00000","2016000000","167","事業所数","10～19人","101清涼飲料製造業"
"004","0080","02100","00000","2016000000","371","事業所数","10～19人","102酒類製造業"
"004","0080","02150","00000","2016000000","254","事業所数","10～19人","103茶・コーヒー製造業（清涼飲料を除く）"
"004","0080","02180","00000","2016000000","41","事業所数","10～19人","104製氷業"
"004","0080","02240","00000","2016000000","267","事業所数","10～19人","106飼料・有機質肥料製造業"
"004","0080","02280","00000","2016000000","3689","事業所数","10～19人","11繊維工業"
"004","0080","02290","00000","2016000000","20","事業所数","10～19人","110管理，補助的経済活動を行う事業所"
"004","0080","02320","00000","2016000000","125","事業所数","10～19人","111製糸業，紡績業，化学繊維・ねん糸等製造業"
"004","0080","02420","00000","2016000000","264","事業所数","10～19人","112織物業"
"004","0080","02490","00000","2016000000","71","事業所数","10～19人","113ニット生地製造業"
"004","0080","02530","00000","2016000000","252","事業所数","10～19人","114染色整理業"
"004","0080","02620","00000","2016000000","258","事業所数","10～19人","115綱・網・レース・繊維粗製品製造業"
"004","0080","02720","00000","2016000000","1470","事業所数","10～19人","116外衣・シャツ製造業（和式を除く）"
"004","0080","02820","00000","2016000000","149","事業所数","10～19人","117下着類製造業"
"004","0080","02870","00000","2016000000","283","事業所数","10～19人","118和装製品・その他の衣服・繊維製身の回り品製造業"
"004","0080","02950","00000","2016000000","797","事業所数","10～19人","119その他の繊維製品製造業"
"004","0080","03050","00000","2016000000","1419","事業所数","10～19人","12木材・木製品製造業（家具を除く）"
"004","0080","03060","00000","2016000000","6","事業所数","10～19人","120管理，補助的経済活動を行う事業所"
"004","0080","03090","00000","2016000000","667","事業所数","10～19人","121製材業，木製品製造業"
"004","0080","03140","00000","2016000000","430","事業所数","10～19人","122造作材・合板・建築用組立材料製造業"
"004","0080","03230","00000","2016000000","133","事業所数","10～19人","123木製容器製造業（竹，とうを含む）"
"004","0080","03270","00000","2016000000","183","事業所数","10～19人","129その他の木製品製造業（竹，とうを含む)"
"004","0080","03310","00000","2016000000","1158","事業所数","10～19人","13家具・装備品製造業"
"004","0080","03320","00000","2016000000","12","事業所数","10～19人","130管理，補助的経済活動を行う事業所"
"004","0080","03350","00000","2016000000","695","事業所数","10～19人","131家具製造業"
"004","0080","03390","00000","2016000000","73","事業所数","10～19人","132宗教用具製造業"
"004","0080","03410","00000","2016000000","147","事業所数","10～19人","133建具製造業"
"004","0080","03430","00000","2016000000","231","事業所数","10～19人","139その他の家具・装備品製造業"
"004","0080","03480","00000","2016000000","1559","事業所数","10～19人","14パルプ・紙・紙加工品製造業"
"004","0080","03490","00000","2016000000","23","事業所数","10～19人","140管理，補助的経済活動を行う事業所"
"004","0080","03520","00000","2016000000","13","事業所数","10～19人","141パルプ製造業"
"004","0080","03540","00000","2016000000","61","事業所数","10～19人","142紙製造業"
"004","0080","03580","00000","2016000000","90","事業所数","10～19人","143加工紙製造業"
"004","0080","03620","00000","2016000000","165","事業所数","10～19人","144紙製品製造業"
"004","0080","03660","00000","2016000000","923","事業所数","10～19人","145紙製容器製造業"
"004","0080","03710","00000","2016000000","284","事業所数","10～19人","149その他のパルプ・紙・紙加工品製造業"
"004","0080","03730","00000","2016000000","2877","事業所数","10～19人","15印刷・同関連業"
"004","0080","03740","00000","2016000000","24","事業所数","10～19人","150管理，補助的経済活動を行う事業所"
"004","0080","03770","00000","2016000000","2271","事業所数","10～19人","151印刷業"
"004","0080","03810","00000","2016000000","181","事業所数","10～19人","152製版業"
"004","0080","03830","00000","2016000000","372","事業所数","10～19人","153製本業，印刷物加工業"
"004","0080","03860","00000","2016000000","29","事業所数","10～19人","159印刷関連サービス業"
"004","0080","03880","00000","2016000000","1335","事業所数","10～19人","16化学工業"
"004","0080","03890","00000","2016000000","102","事業所数","10～19人","160管理，補助的経済活動を行う事業所"
"004","0080","03920","00000","2016000000","44","事業所数","10～19人","161化学肥料製造業"
"004","0080","03960","00000","2016000000","235","事業所数","10～19人","162無機化学工業製品製造業"
"004","0080","04020","00000","2016000000","176","事業所数","10～19人","163有機化学工業製品製造業"
"004","0080","04100","00000","2016000000","241","事業所数","10～19人","164油脂加工製品・石けん・合成洗剤・界面活性剤・塗料製造業"
"004","0080","04180","00000","2016000000","156","事業所数","10～19人","165医薬品製造業"
"004","0080","04240","00000","2016000000","155","事業所数","10～19人","166化粧品・歯磨・その他の化粧用調整品製造業"
"004","0080","04280","00000","2016000000","226","事業所数","10～19人","169その他の化学工業"
"004","0080","04370","00000","2016000000","247","事業所数","10～19人","17石油製品・石炭製品製造業"
"004","0080","04380","00000","2016000000","5","事業所数","10～19人","170管理，補助的経済活動を行う事業所"
"004","0080","04410","00000","2016000000","3","事業所数","10～19人","171石油精製業"
"004","0080","04430","00000","2016000000","39","事業所数","10～19人","172潤滑油・グリース製造業（石油精製業によらないもの）"
"004","0080","04450","00000","2016000000","3","事業所数","10～19人","173コークス製造業"
"004","0080","04470","00000","2016000000","152","事業所数","10～19人","174舗装材料製造業"
"004","0080","04490","00000","2016000000","45","事業所数","10～19人","179その他の石油製品・石炭製品製造業"
"004","0080","04510","00000","2016000000","3588","事業所数","10～19人","18プラスチック製品製造業（別掲を除く）"
"004","0080","04520","00000","2016000000","42","事業所数","10～19人","180管理，補助的経済活動を行う事業所"
"004","0080","04550","00000","2016000000","257","事業所数","10～19人","181プラスチック板・棒・管・継手・異形押出製品製造業"
"004","0080","04610","00000","2016000000","465","事業所数","10～19人","182プラスチックフィルム・シート・床材・合成皮革製造業"
"004","0080","04670","00000","2016000000","1245","事業所数","10～19人","183工業用プラスチック製品製造業"
"004","0080","04720","00000","2016000000","406","事業所数","10～19人","184発泡・強化プラスチック製品製造業"
"004","0080","04780","00000","2016000000","231","事業所数","10～19人","185プラスチック成形材料製造業（廃プラスチックを含む）"
"004","0080","04810","00000","2016000000","942","事業所数","10～19人","189その他のプラスチック製品製造業"
"004","0080","04860","00000","2016000000","698","事業所数","10～19人","19ゴム製品製造業"
"004","0080","04870","00000","2016000000","8","事業所数","10～19人","190管理，補助的経済活動を行う事業所"
"004","0080","04900","00000","2016000000","9","事業所数","10～19人","191タイヤ・チューブ製造業"
"004","0080","04930","00000","2016000000","59","事業所数","10～19人","192ゴム製・プラスチック製履物・同附属品製造業"
"004","0080","04960","00000","2016000000","504","事業所数","10～19人","193ゴムベルト・ゴムホース・工業用ゴム製品製造業"
"004","0080","05000","00000","2016000000","118","事業所数","10～19人","199その他のゴム製品製造業"
"004","0080","05070","00000","2016000000","390","事業所数","10～19人","20なめし革・同製品・毛皮製造業"
"004","0080","05080","00000","2016000000","3","事業所数","10～19人","200管理，補助的経済活動を行う事業所"
"004","0080","05110","00000","2016000000","37","事業所数","10～19人","201なめし革製造業"
"004","0080","05130","00000","2016000000","5","事業所数","10～19人","202工業用革製品製造業（手袋を除く）"
"004","0080","05150","00000","2016000000","26","事業所数","10～19人","203革製履物用材料・同附属品製造業"
"004","0080","05170","00000","2016000000","114","事業所数","10～19人","204革製履物製造業"
"004","0080","05190","00000","2016000000","7","事業所数","10～19人","205革製手袋製造業"
"004","0080","05210","00000","2016000000","82","事業所数","10～19人","206かばん製造業"
"004","0080","05230","00000","2016000000","100","事業所数","10～19人","207袋物製造業"
"004","0080","05280","00000","2016000000","16","事業所数","10～19人","209その他のなめし革製品製造業"
"004","0080","05300","00000","2016000000","3190","事業所数","10～19人","21窯業・土石製品製造業"
"004","0080","05310","00000","2016000000","31","事業所数","10～19人","210管理，補助的経済活動を行う事業所"
"004","0080","05340","00000","2016000000","208","事業所数","10～19人","211ガラス・同製品製造業"
"004","0080","05430","00000","2016000000","1770","事業所数","10～19人","212セメント・同製品製造業"
"004","0080","05480","00000","2016000000","45","事業所数","10～19人","213建設用粘土製品製造業（陶磁器製を除く)"
"004","0080","05520","00000","2016000000","218","事業所数","10～19人","214陶磁器・同関連製品製造業"
"004","0080","05620","00000","2016000000","40","事業所数","10～19人","215耐火物製造業"
"004","0080","05660","00000","2016000000","38","事業所数","10～19人","216炭素・黒鉛製品製造業"
"004","0080","05690","00000","2016000000","52","事業所数","10～19人","217研磨材・同製品製造業"
"004","0080","05740","00000","2016000000","551","事業所数","10～19人","218骨材・石工品等製造業"
"004","0080","05810","00000","2016000000","237","事業所数","10～19人","219その他の窯業・土石製品製造業"
"004","0080","05870","00000","2016000000","1187","事業所数","10～19人","22鉄鋼業"
"004","0080","05880","00000","2016000000","21","事業所数","10～19人","220管理，補助的経済活動を行う事業所"
"004","0080","05910","00000","2016000000","2","事業所数","10～19人","221製鉄業"
"004","0080","05950","00000","2016000000","7","事業所数","10～19人","222製鋼・製鋼圧延業"
"004","0080","05970","00000","2016000000","98","事業所数","10～19人","223製鋼を行わない鋼材製造業（表面処理鋼材を除く）"
"004","0080","06070","00000","2016000000","14","事業所数","10～19人","224表面処理鋼材製造業"
"004","0080","06100","00000","2016000000","293","事業所数","10～19人","225鉄素形材製造業"
"004","0080","06160","00000","2016000000","752","事業所数","10～19人","229その他の鉄鋼業"
"004","0080","06210","00000","2016000000","673","事業所数","10～19人","23非鉄金属製造業"
"004","0080","06220","00000","2016000000","15","事業所数","10～19人","230管理，補助的経済活動を行う事業所"
"004","0080","06250","00000","2016000000","3","事業所数","10～19人","231非鉄金属第１次製錬・精製業"
"004","0080","06290","00000","2016000000","94","事業所数","10～19人","232非鉄金属第２次製錬・精製業（非鉄金属合金製造業を含む）"
"004","0080","06330","00000","2016000000","74","事業所数","10～19人","233非鉄金属・同合金圧延業（抽伸，押出しを含む）"
"004","0080","06370","00000","2016000000","94","事業所数","10～19人","234電線・ケーブル製造業"
"004","0080","06400","00000","2016000000","319","事業所数","10～19人","235非鉄金属素形材製造業"
"004","0080","06460","00000","2016000000","74","事業所数","10～19人","239その他の非鉄金属製造業"
"004","0080","06490","00000","2016000000","6960","事業所数","10～19人","24金属製品製造業"
"004","0080","06500","00000","2016000000","54","事業所数","10～19人","240管理，補助的経済活動を行う事業所"
"004","0080","06530","00000","2016000000","62","事業所数","10～19人","241ブリキ缶・その他のめっき板等製品製造業"
"004","0080","06550","00000","2016000000","463","事業所数","10～19人","242洋食器・刃物・手道具・金物類製造業"
"004","0080","06630","00000","2016000000","251","事業所数","10～19人","243暖房・調理等装置，配管工事用附属品製造業"
"004","0080","06680","00000","2016000000","2941","事業所数","10～19人","244建設用・建築用金属製品製造業（製缶板金業を含む)"
"004","0080","06750","00000","2016000000","877","事業所数","10～19人","245金属素形材製品製造業"
"004","0080","06790","00000","2016000000","1379","事業所数","10～19人","246金属被覆・彫刻業，熱処理業（ほうろう鉄器を除く）"
"004","0080","06860","00000","2016000000","187","事業所数","10～19人","247金属線製品製造業（ねじ類を除く)"
"004","0080","06890","00000","2016000000","300","事業所数","10～19人","248ボルト・ナット・リベット・小ねじ・木ねじ等製造業"
"004","0080","06910","00000","2016000000","446","事業所数","10～19人","249その他の金属製品製造業"
"004","0080","06950","00000","2016000000","1783","事業所数","10～19人","25はん用機械器具製造業"
"004","0080","06960","00000","2016000000","14","事業所数","10～19人","250管理，補助的経済活動を行う事業所"
"004","0080","06990","00000","2016000000","86","事業所数","10～19人","251ボイラ・原動機製造業"
"004","0080","07040","00000","2016000000","292","事業所数","10～19人","252ポンプ・圧縮機器製造業"
"004","0080","07080","00000","2016000000","603","事業所数","10～19人","253一般産業用機械・装置製造業"
"004","0080","07140","00000","2016000000","788","事業所数","10～19人","259その他のはん用機械・同部分品製造業"
"004","0080","07220","00000","2016000000","4671","事業所数","10～19人","26生産用機械器具製造業"
"004","0080","07230","00000","2016000000","18","事業所数","10～19人","260管理，補助的経済活動を行う事業所"
"004","0080","07260","00000","2016000000","174","事業所数","10～19人","261農業用機械製造業（農業用器具を除く）"
"004","0080","07280","00000","2016000000","296","事業所数","10～19人","262建設機械・鉱山機械製造業"
"004","0080","07300","00000","2016000000","79","事業所数","10～19人","263繊維機械製造業"
"004","0080","07360","00000","2016000000","455","事業所数","10～19人","264生活関連産業用機械製造業"
"004","0080","07420","00000","2016000000","390","事業所数","10～19人","265基礎素材産業用機械製造業"
"004","0080","07460","00000","2016000000","1327","事業所数","10～19人","266金属加工機械製造業"
"004","0080","07510","00000","2016000000","354","事業所数","10～19人","267半導体・フラットパネルディスプレイ製造装置製造業"
"004","0080","07540","00000","2016000000","1578","事業所数","10～19人","269その他の生産用機械・同部分品製造業"
"004","0080","07600","00000","2016000000","1166","事業所数","10～19人","27業務用機械器具製造業"
"004","0080","07610","00000","2016000000","26","事業所数","10～19人","270管理，補助的経済活動を行う事業所"
"004","0080","07640","00000","2016000000","79","事業所数","10～19人","271事務用機械器具製造業"
"004","0080","07670","00000","2016000000","215","事業所数","10～19人","272サービス用・娯楽用機械器具製造業"
"004","0080","07720","00000","2016000000","409","事業所数","10～19人","273計量器・測定器・分析機器・試験機・測量機械器具・理化学機械器具製造業"
"004","0080","07820","00000","2016000000","295","事業所数","10～19人","274医療用機械器具・医療用品製造業"
"004","0080","07870","00000","2016000000","132","事業所数","10～19人","275光学機械器具・レンズ製造業"
"004","0080","07910","00000","2016000000","10","事業所数","10～19人","276武器製造業"
"004","0080","07930","00000","2016000000","1074","事業所数","10～19人","28電子部品・デバイス・電子回路製造業"
"004","0080","07940","00000","2016000000","23","事業所数","10～19人","280管理，補助的経済活動を行う事業所"
"004","0080","07970","00000","2016000000","45","事業所数","10～19人","281電子デバイス製造業"
"004","0080","08030","00000","2016000000","242","事業所数","10～19人","282電子部品製造業"
"004","0080","08070","00000","2016000000","11","事業所数","10～19人","283記録メディア製造業"
"004","0080","08100","00000","2016000000","310","事業所数","10～19人","284電子回路製造業"
"004","0080","08130","00000","2016000000","58","事業所数","10～19人","285ユニット部品製造業"
"004","0080","08160","00000","2016000000","385","事業所数","10～19人","289その他の電子部品・デバイス・電子回路製造業"
"004","0080","08180","00000","2016000000","2397","事業所数","10～19人","29電気機械器具製造業"
"004","0080","08190","00000","2016000000","29","事業所数","10～19人","290管理，補助的経済活動を行う事業所"
"004","0080","08220","00000","2016000000","1070","事業所数","10～19人","291発電用・送電用・配電用電気機械器具製造業"
"004","0080","08280","00000","2016000000","431","事業所数","10～19人","292産業用電気機械器具製造業"
"004","0080","08320","00000","2016000000","269","事業所数","10～19人","293民生用電気機械器具製造業"
"004","0080","08370","00000","2016000000","181","事業所数","10～19人","294電球・電気照明器具製造業"
"004","0080","08400","00000","2016000000","37","事業所数","10～19人","295電池製造業"
"004","0080","08430","00000","2016000000","140","事業所数","10～19人","296電子応用装置製造業"
"004","0080","08470","00000","2016000000","161","事業所数","10～19人","297電気計測器製造業"
"004","0080","08510","00000","2016000000","79","事業所数","10～19人","299その他の電気機械器具製造業"
"004","0080","08530","00000","2016000000","401","事業所数","10～19人","30情報通信機械器具製造業"
"004","0080","08540","00000","2016000000","6","事業所数","10～19人","300管理，補助的経済活動を行う事業所"
"004","0080","08570","00000","2016000000","166","事業所数","10～19人","301通信機械器具・同関連機械器具製造業"
"004","0080","08640","00000","2016000000","106","事業所数","10～19人","302映像・音響機械器具製造業"
"004","0080","08680","00000","2016000000","123","事業所数","10～19人","303電子計算機・同附属装置製造業"
"004","0080","08750","00000","2016000000","2719","事業所数","10～19人","31輸送用機械器具製造業"
"004","0080","08760","00000","2016000000","29","事業所数","10～19人","310管理，補助的経済活動を行う事業所"
"004","0080","08790","00000","2016000000","1746","事業所数","10～19人","311自動車・同附属品製造業"
"004","0080","08830","00000","2016000000","124","事業所数","10～19人","312鉄道車両・同部分品製造業"
"004","0080","08860","00000","2016000000","563","事業所数","10～19人","313船舶製造・修理業，舶用機関製造業"
"004","0080","08910","00000","2016000000","80","事業所数","10～19人","314航空機・同附属品製造業"
"004","0080","08950","00000","2016000000","67","事業所数","10～19人","315産業用運搬車両・同部分品・附属品製造業"
"004","0080","08980","00000","2016000000","110","事業所数","10～19人","319その他の輸送用機械器具製造業"
"004","0080","09010","00000","2016000000","1998","事業所数","10～19人","32その他の製造業"
"004","0080","09020","00000","2016000000","21","事業所数","10～19人","320管理，補助的経済活動を行う事業所"
"004","0080","09050","00000","2016000000","103","事業所数","10～19人","321貴金属・宝石製品製造業"
"004","0080","09090","00000","2016000000","106","事業所数","10～19人","322装身具・装飾品・ボタン・同関連品製造業（貴金属・宝石製を除く）"
"004","0080","09150","00000","2016000000","25","事業所数","10～19人","323時計・同部分品製造業"
"004","0080","09170","00000","2016000000","58","事業所数","10～19人","324楽器製造業"
"004","0080","09200","00000","2016000000","273","事業所数","10～19人","325がん具・運動用具製造業"
"004","0080","09210","00000","2016000000","139","事業所数","10～19人","32Aがん具製造業"
"004","0080","09240","00000","2016000000","134","事業所数","10～19人","32B運動用具製造業"
"004","0080","09260","00000","2016000000","151","事業所数","10～19人","326ペン・鉛筆・絵画用品・その他の事務用品製造業"
"004","0080","09300","00000","2016000000","53","事業所数","10～19人","327漆器製造業"
"004","0080","09320","00000","2016000000","198","事業所数","10～19人","328畳等生活雑貨製品製造業"
"004","0080","09390","00000","2016000000","1010","事業所数","10～19人","329他に分類されない製造業"
"004","0080","09400","00000","2016000000","25","事業所数","10～19人","32C情報記録物製造業（新聞，書籍等の印刷物を除く）"
"004","0080","09420","00000","2016000000","985","事業所数","10～19人","32D他に分類されないその他の製造業"
"004","0080","09500","00000","2016000000","832","事業所数","10～19人","F電気・ガス・熱供給・水道業"
"004","0080","09510","00000","2016000000","216","事業所数","10～19人","33電気業"
"004","0080","09520","00000","2016000000","121","事業所数","10～19人","330管理，補助的経済活動を行う事業所"
"004","0080","09530","00000","2016000000","95","事業所数","10～19人","331電気業"
"004","0080","09540","00000","2016000000","100","事業所数","10～19人","34ガス業"
"004","0080","09550","00000","2016000000","23","事業所数","10～19人","340管理，補助的経済活動を行う事業所"
"004","0080","09560","00000","2016000000","77","事業所数","10～19人","341ガス業"
"004","0080","09570","00000","2016000000","39","事業所数","10～19人","35熱供給業"
"004","0080","09580","00000","2016000000","4","事業所数","10～19人","350管理，補助的経済活動を行う事業所"
"004","0080","09590","00000","2016000000","35","事業所数","10～19人","351熱供給業"
"004","0080","09600","00000","2016000000","473","事業所数","10～19人","36水道業"
"004","0080","09610","00000","2016000000","8","事業所数","10～19人","360管理，補助的経済活動を行う事業所"
"004","0080","09620","00000","2016000000","116","事業所数","10～19人","361上水道業"
"004","0080","09630","00000","2016000000","4","事業所数","10～19人","362工業用水道業"
"004","0080","09640","00000","2016000000","345","事業所数","10～19人","363下水道業"
"004","0080","09650","00000","2016000000","7641","事業所数","10～19人","G情報通信業"
"004","0080","09660","00000","2016000000","2584","事業所数","10～19人","G1情報通信業（通信業，放送業，映像・音声・文字情報制作業）"
"004","0080","09670","00000","2016000000","456","事業所数","10～19人","37通信業"
"004","0080","09690","00000","2016000000","171","事業所数","10～19人","371固定電気通信業"
"004","0080","09700","00000","2016000000","30","事業所数","10～19人","372移動電気通信業"
"004","0080","09710","00000","2016000000","255","事業所数","10～19人","373電気通信に附帯するサービス業"
"004","0080","09720","00000","2016000000","315","事業所数","10～19人","38放送業"
"004","0080","09730","00000","2016000000","4","事業所数","10～19人","380管理，補助的経済活動を行う事業所"
"004","0080","09740","00000","2016000000","7","事業所数","10～19人","381公共放送業（有線放送業を除く）"
"004","0080","09750","00000","2016000000","139","事業所数","10～19人","382民間放送業（有線放送業を除く）"
"004","0080","09770","00000","2016000000","165","事業所数","10～19人","383有線放送業"
"004","0080","09780","00000","2016000000","1808","事業所数","10～19人","41映像・音声・文字情報制作業"
"004","0080","09790","00000","2016000000","8","事業所数","10～19人","410管理，補助的経済活動を行う事業所"
"004","0080","09800","00000","2016000000","508","事業所数","10～19人","411映像情報制作・配給業"
"004","0080","09810","00000","2016000000","35","事業所数","10～19人","412音声情報制作業"
"004","0080","09820","00000","2016000000","172","事業所数","10～19人","413新聞業"
"004","0080","09830","00000","2016000000","481","事業所数","10～19人","414出版業"
"004","0080","09840","00000","2016000000","208","事業所数","10～19人","415広告制作業"
"004","0080","09850","00000","2016000000","396","事業所数","10～19人","416映像・音声・文字情報制作に附帯するサービス業"
"004","0080","09860","00000","2016000000","5057","事業所数","10～19人","G2情報通信業（情報サービス業，インターネット附随サービス業）"
"004","0080","09870","00000","2016000000","4476","事業所数","10～19人","39情報サービス業"
"004","0080","09880","00000","2016000000","16","事業所数","10～19人","390管理，補助的経済活動を行う事業所"
"004","0080","09910","00000","2016000000","3768","事業所数","10～19人","391ソフトウェア業"
"004","0080","09960","00000","2016000000","692","事業所数","10～19人","392情報処理・提供サービス業"
"004","0080","09970","00000","2016000000","385","事業所数","10～19人","39A情報処理サービス業"
"004","0080","09990","00000","2016000000","127","事業所数","10～19人","39B情報提供サービス業"
"004","0080","10010","00000","2016000000","180","事業所数","10～19人","39Cその他の情報処理・提供サービス業"
"004","0080","10040","00000","2016000000","579","事業所数","10～19人","40インターネット附随サービス業"
"004","0080","10050","00000","2016000000","1","事業所数","10～19人","400管理，補助的経済活動を行う事業所"
"004","0080","10080","00000","2016000000","578","事業所数","10～19人","401インターネット附随サービス業"
"004","0080","10120","00000","2016000000","25084","事業所数","10～19人","H運輸業，郵便業"
"004","0080","10130","00000","2016000000","808","事業所数","10～19人","42鉄道業"
"004","0080","10140","00000","2016000000","11","事業所数","10～19人","420管理，補助的経済活動を行う事業所"
"004","0080","10150","00000","2016000000","797","事業所数","10～19人","421鉄道業"
"004","0080","10160","00000","2016000000","2150","事業所数","10～19人","43道路旅客運送業"
"004","0080","10170","00000","2016000000","20","事業所数","10～19人","430管理，補助的経済活動を行う事業所"
"004","0080","10180","00000","2016000000","247","事業所数","10～19人","431一般乗合旅客自動車運送業"
"004","0080","10190","00000","2016000000","1219","事業所数","10～19人","432一般乗用旅客自動車運送業"
"004","0080","10200","00000","2016000000","621","事業所数","10～19人","433一般貸切旅客自動車運送業"
"004","0080","10210","00000","2016000000","43","事業所数","10～19人","439その他の道路旅客運送業"
"004","0080","10220","00000","2016000000","15992","事業所数","10～19人","44道路貨物運送業"
"004","0080","10230","00000","2016000000","96","事業所数","10～19人","440管理，補助的経済活動を行う事業所"
"004","0080","10240","00000","2016000000","14905","事業所数","10～19人","441一般貨物自動車運送業"
"004","0080","10250","00000","2016000000","465","事業所数","10～19人","442特定貨物自動車運送業"
"004","0080","10260","00000","2016000000","183","事業所数","10～19人","443貨物軽自動車運送業"
"004","0080","10270","00000","2016000000","327","事業所数","10～19人","444集配利用運送業"
"004","0080","10280","00000","2016000000","16","事業所数","10～19人","449その他の道路貨物運送業"
"004","0080","10290","00000","2016000000","484","事業所数","10～19人","45水運業"
"004","0080","10300","00000","2016000000","4","事業所数","10～19人","450管理，補助的経済活動を行う事業所"
"004","0080","10310","00000","2016000000","50","事業所数","10～19人","451外航海運業"
"004","0080","10320","00000","2016000000","238","事業所数","10～19人","452沿海海運業"
"004","0080","10330","00000","2016000000","69","事業所数","10～19人","453内陸水運業"
"004","0080","10340","00000","2016000000","123","事業所数","10～19人","454船舶貸渡業"
"004","0080","10350","00000","2016000000","123","事業所数","10～19人","46航空運輸業"
"004","0080","10360","00000","2016000000","1","事業所数","10～19人","460管理，補助的経済活動を行う事業所"
"004","0080","10370","00000","2016000000","108","事業所数","10～19人","461航空運送業"
"004","0080","10380","00000","2016000000","14","事業所数","10～19人","462航空機使用業（航空運送業を除く）"
"004","0080","10390","00000","2016000000","1798","事業所数","10～19人","47倉庫業"
"004","0080","10400","00000","2016000000","16","事業所数","10～19人","470管理，補助的経済活動を行う事業所"
"004","0080","10410","00000","2016000000","1474","事業所数","10～19人","471倉庫業（冷蔵倉庫業を除く）"
"004","0080","10420","00000","2016000000","308","事業所数","10～19人","472冷蔵倉庫業"
"004","0080","10430","00000","2016000000","3703","事業所数","10～19人","48運輸に附帯するサービス業"
"004","0080","10440","00000","2016000000","35","事業所数","10～19人","480管理，補助的経済活動を行う事業所"
"004","0080","10450","00000","2016000000","478","事業所数","10～19人","481港湾運送業"
"004","0080","10460","00000","2016000000","784","事業所数","10～19人","482貨物運送取扱業（集配利用運送業を除く）"
"004","0080","10470","00000","2016000000","119","事業所数","10～19人","483運送代理店"
"004","0080","10480","00000","2016000000","549","事業所数","10～19人","484こん包業"
"004","0080","10490","00000","2016000000","132","事業所数","10～19人","485運輸施設提供業"
"004","0080","10500","00000","2016000000","1606","事業所数","10～19人","489その他の運輸に附帯するサービス業"
"004","0080","10510","00000","2016000000","15","事業所数","10～19人","49郵便業（信書便事業を含む）"
"004","0080","10530","00000","2016000000","15","事業所数","10～19人","491郵便業（信書便事業を含む）"
"004","0080","10540","00000","2016000000","157329","事業所数","10～19人","I卸売業，小売業"
"004","0080","10550","00000","2016000000","45911","事業所数","10～19人","I1卸売業"
"004","0080","10560","00000","2016000000","192","事業所数","10～19人","50各種商品卸売業"
"004","0080","10570","00000","2016000000","7","事業所数","10～19人","500管理，補助的経済活動を行う事業所"
"004","0080","10610","00000","2016000000","185","事業所数","10～19人","501各種商品卸売業"
"004","0080","10640","00000","2016000000","185","事業所数","10～19人","50Bその他の各種商品卸売業"
"004","0080","10660","00000","2016000000","2250","事業所数","10～19人","51繊維・衣服等卸売業"
"004","0080","10670","00000","2016000000","61","事業所数","10～19人","510管理，補助的経済活動を行う事業所"
"004","0080","10710","00000","2016000000","309","事業所数","10～19人","511繊維品卸売業（衣服，身の回り品を除く）"
"004","0080","10750","00000","2016000000","922","事業所数","10～19人","512衣服卸売業"
"004","0080","10800","00000","2016000000","958","事業所数","10～19人","513身の回り品卸売業"
"004","0080","10850","00000","2016000000","9249","事業所数","10～19人","52飲食料品卸売業"
"004","0080","10860","00000","2016000000","126","事業所数","10～19人","520管理，補助的経済活動を行う事業所"
"004","0080","10900","00000","2016000000","4266","事業所数","10～19人","521農畜産物・水産物卸売業"
"004","0080","10910","00000","2016000000","370","事業所数","10～19人","52A米穀類卸売業"
"004","0080","10940","00000","2016000000","1398","事業所数","10～19人","52B野菜・果実卸売業"
"004","0080","10970","00000","2016000000","912","事業所数","10～19人","52C食肉卸売業"
"004","0080","10990","00000","2016000000","1251","事業所数","10～19人","52D生鮮魚介卸売業"
"004","0080","11010","00000","2016000000","335","事業所数","10～19人","52Eその他の農畜産物・水産物卸売業"
"004","0080","11030","00000","2016000000","4857","事業所数","10～19人","522食料・飲料卸売業"
"004","0080","11120","00000","2016000000","10800","事業所数","10～19人","53建築材料，鉱物・金属材料等卸売業"
"004","0080","11130","00000","2016000000","137","事業所数","10～19人","530管理，補助的経済活動を行う事業所"
"004","0080","11170","00000","2016000000","4586","事業所数","10～19人","531建築材料卸売業"
"004","0080","11230","00000","2016000000","2194","事業所数","10～19人","532化学製品卸売業"
"004","0080","11270","00000","2016000000","911","事業所数","10～19人","533石油・鉱物卸売業"
"004","0080","11300","00000","2016000000","1277","事業所数","10～19人","534鉄鋼製品卸売業"
"004","0080","11340","00000","2016000000","388","事業所数","10～19人","535非鉄金属卸売業"
"004","0080","11370","00000","2016000000","1307","事業所数","10～19人","536再生資源卸売業"
"004","0080","11430","00000","2016000000","13759","事業所数","10～19人","54機械器具卸売業"
"004","0080","11440","00000","2016000000","203","事業所数","10～19人","540管理，補助的経済活動を行う事業所"
"004","0080","11480","00000","2016000000","4942","事業所数","10～19人","541産業機械器具卸売業"
"004","0080","11540","00000","2016000000","2621","事業所数","10～19人","542自動車卸売業"
"004","0080","11580","00000","2016000000","3803","事業所数","10～19人","543電気機械器具卸売業"
"004","0080","11610","00000","2016000000","2190","事業所数","10～19人","549その他の機械器具卸売業"
"004","0080","11650","00000","2016000000","9629","事業所数","10～19人","55その他の卸売業"
"004","0080","11660","00000","2016000000","165","事業所数","10～19人","550管理，補助的経済活動を行う事業所"
"004","0080","11700","00000","2016000000","1437","事業所数","10～19人","551家具・建具・じゅう器等卸売業"
"004","0080","11770","00000","2016000000","2863","事業所数","10～19人","552医薬品・化粧品等卸売業"
"004","0080","11820","00000","2016000000","770","事業所数","10～19人","553紙・紙製品卸売業"
"004","0080","11850","00000","2016000000","4394","事業所数","10～19人","559他に分類されない卸売業"
"004","0080","11860","00000","2016000000","124","事業所数","10～19人","55A代理商，仲立業"
"004","0080","11880","00000","2016000000","4270","事業所数","10～19人","55B他に分類されないその他の卸売業"
"004","0080","11970","00000","2016000000","111418","事業所数","10～19人","I2小売業"
"004","0080","11980","00000","2016000000","262","事業所数","10～19人","56各種商品小売業"
"004","0080","11990","00000","2016000000","26","事業所数","10～19人","560管理，補助的経済活動を行う事業所"
"004","0080","12050","00000","2016000000","236","事業所数","10～19人","569その他の各種商品小売業（従業者が常時50人未満のもの）"
"004","0080","12070","00000","2016000000","8749","事業所数","10～19人","57織物・衣服・身の回り品小売業"
"004","0080","12080","00000","2016000000","101","事業所数","10～19人","570管理，補助的経済活動を行う事業所"
"004","0080","12120","00000","2016000000","471","事業所数","10～19人","571呉服・服地・寝具小売業"
"004","0080","12150","00000","2016000000","1286","事業所数","10～19人","572男子服小売業"
"004","0080","12170","00000","2016000000","3133","事業所数","10～19人","573婦人・子供服小売業"
"004","0080","12200","00000","2016000000","796","事業所数","10～19人","574靴・履物小売業"
"004","0080","12230","00000","2016000000","2962","事業所数","10～19人","579その他の織物・衣服・身の回り品小売業"
"004","0080","12280","00000","2016000000","49061","事業所数","10～19人","58飲食料品小売業"
"004","0080","12290","00000","2016000000","184","事業所数","10～19人","580管理，補助的経済活動を行う事業所"
"004","0080","12330","00000","2016000000","2167","事業所数","10～19人","581各種食料品小売業"
"004","0080","12350","00000","2016000000","1059","事業所数","10～19人","582野菜・果実小売業"
"004","0080","12380","00000","2016000000","833","事業所数","10～19人","583食肉小売業"
"004","0080","12410","00000","2016000000","671","事業所数","10～19人","584鮮魚小売業"
"004","0080","12430","00000","2016000000","951","事業所数","10～19人","585酒小売業"
"004","0080","12450","00000","2016000000","6177","事業所数","10～19人","586菓子・パン小売業"
"004","0080","12500","00000","2016000000","37019","事業所数","10～19人","589その他の飲食料品小売業"
"004","0080","12510","00000","2016000000","3242","事業所数","10～19人","58A料理品小売業"
"004","0080","12530","00000","2016000000","33777","事業所数","10～19人","58B他に分類されない飲食料品小売業"
"004","0080","12620","00000","2016000000","15479","事業所数","10～19人","59機械器具小売業"
"004","0080","12630","00000","2016000000","113","事業所数","10～19人","590管理，補助的経済活動を行う事業所"
"004","0080","12670","00000","2016000000","11817","事業所数","10～19人","591自動車小売業"
"004","0080","12720","00000","2016000000","235","事業所数","10～19人","592自転車小売業"
"004","0080","12740","00000","2016000000","3314","事業所数","10～19人","593機械器具小売業（自動車，自転車を除く）"
"004","0080","12790","00000","2016000000","34434","事業所数","10～19人","60その他の小売業"
"004","0080","12800","00000","2016000000","261","事業所数","10～19人","600管理，補助的経済活動を行う事業所"
"004","0080","12840","00000","2016000000","664","事業所数","10～19人","601家具・建具・畳小売業"
"004","0080","12890","00000","2016000000","302","事業所数","10～19人","602じゅう器小売業"
"004","0080","12940","00000","2016000000","11329","事業所数","10～19人","603医薬品・化粧品小売業"
"004","0080","12990","00000","2016000000","867","事業所数","10～19人","604農耕用品小売業"
"004","0080","13030","00000","2016000000","5952","事業所数","10～19人","605燃料小売業"
"004","0080","13060","00000","2016000000","6572","事業所数","10～19人","606書籍・文房具小売業"
"004","0080","13110","00000","2016000000","1649","事業所数","10～19人","607スポーツ用品・がん具・娯楽用品・楽器小売業"
"004","0080","13120","00000","2016000000","949","事業所数","10～19人","60Aスポーツ用品小売業"
"004","0080","13140","00000","2016000000","375","事業所数","10～19人","60Bがん具・娯楽用品小売業"
"004","0080","13160","00000","2016000000","325","事業所数","10～19人","60C楽器小売業"
"004","0080","13180","00000","2016000000","854","事業所数","10～19人","608写真機・時計・眼鏡小売業"
"004","0080","13210","00000","2016000000","5984","事業所数","10～19人","609他に分類されない小売業"
"004","0080","13220","00000","2016000000","455","事業所数","10～19人","60D花・植木小売業"
"004","0080","13240","00000","2016000000","434","事業所数","10～19人","60Eペット・ペット用品小売業"
"004","0080","13260","00000","2016000000","1071","事業所数","10～19人","60F中古品小売業（他に分類されないもの）"
"004","0080","13290","00000","2016000000","4024","事業所数","10～19人","60G他に分類されないその他の小売業"
"004","0080","13350","00000","2016000000","3321","事業所数","10～19人","61無店舗小売業"
"004","0080","13360","00000","2016000000","27","事業所数","10～19人","610管理，補助的経済活動を行う事業所"
"004","0080","13400","00000","2016000000","2342","事業所数","10～19人","611通信販売・訪問販売小売業"
"004","0080","13460","00000","2016000000","476","事業所数","10～19人","612自動販売機による小売業"
"004","0080","13480","00000","2016000000","476","事業所数","10～19人","619その他の無店舗小売業"
"004","0080","13500","00000","2016000000","17972","事業所数","10～19人","J金融業，保険業"
"004","0080","13510","00000","2016000000","5435","事業所数","10～19人","62銀行業"
"004","0080","13520","00000","2016000000","23","事業所数","10～19人","620管理，補助的経済活動を行う事業所"
"004","0080","13540","00000","2016000000","5412","事業所数","10～19人","622銀行（中央銀行を除く）"
"004","0080","13560","00000","2016000000","5234","事業所数","10～19人","63協同組織金融業"
"004","0080","13570","00000","2016000000","1","事業所数","10～19人","630管理，補助的経済活動を行う事業所"
"004","0080","13580","00000","2016000000","5110","事業所数","10～19人","631中小企業等金融業"
"004","0080","13590","00000","2016000000","123","事業所数","10～19人","632農林水産金融業"
"004","0080","13600","00000","2016000000","601","事業所数","10～19人","64貸金業，クレジットカード業等非預金信用機関"
"004","0080","13610","00000","2016000000","1","事業所数","10～19人","640管理，補助的経済活動を行う事業所"
"004","0080","13620","00000","2016000000","62","事業所数","10～19人","641貸金業"
"004","0080","13630","00000","2016000000","8","事業所数","10～19人","642質屋"
"004","0080","13640","00000","2016000000","384","事業所数","10～19人","643クレジットカード業，割賦金融業"
"004","0080","13650","00000","2016000000","146","事業所数","10～19人","649その他の非預金信用機関"
"004","0080","13660","00000","2016000000","601","事業所数","10～19人","65金融商品取引業，商品先物取引業"
"004","0080","13670","00000","2016000000","1","事業所数","10～19人","650管理，補助的経済活動を行う事業所"
"004","0080","13680","00000","2016000000","565","事業所数","10～19人","651金融商品取引業"
"004","0080","13690","00000","2016000000","35","事業所数","10～19人","652商品先物取引業，商品投資顧問業"
"004","0080","13700","00000","2016000000","250","事業所数","10～19人","66補助的金融業等"
"004","0080","13710","00000","2016000000","1","事業所数","10～19人","660管理，補助的経済活動を行う事業所"
"004","0080","13720","00000","2016000000","201","事業所数","10～19人","661補助的金融業，金融附帯業"
"004","0080","13730","00000","2016000000","8","事業所数","10～19人","662信託業"
"004","0080","13740","00000","2016000000","40","事業所数","10～19人","663金融代理業"
"004","0080","13750","00000","2016000000","5805","事業所数","10～19人","67保険業（保険媒介代理業，保険サービス業を含む）"
"004","0080","13760","00000","2016000000","6","事業所数","10～19人","670管理，補助的経済活動を行う事業所"
"004","0080","13770","00000","2016000000","3093","事業所数","10～19人","671生命保険業"
"004","0080","13780","00000","2016000000","922","事業所数","10～19人","672損害保険業"
"004","0080","13790","00000","2016000000","433","事業所数","10～19人","673共済事業，少額短期保険業"
"004","0080","13800","00000","2016000000","1237","事業所数","10～19人","674保険媒介代理業"
"004","0080","13810","00000","2016000000","114","事業所数","10～19人","675保険サービス業"
"004","0080","13820","00000","2016000000","11243","事業所数","10～19人","K不動産業，物品賃貸業"
"004","0080","13830","00000","2016000000","6780","事業所数","10～19人","K1不動産業"
"004","0080","13840","00000","2016000000","2818","事業所数","10～19人","68不動産取引業"
"004","0080","13850","00000","2016000000","9","事業所数","10～19人","680管理，補助的経済活動を行う事業所"
"004","0080","13880","00000","2016000000","826","事業所数","10～19人","681建物売買業，土地売買業"
"004","0080","13910","00000","2016000000","1983","事業所数","10～19人","682不動産代理業・仲介業"
"004","0080","13930","00000","2016000000","3933","事業所数","10～19人","69不動産賃貸業・管理業"
"004","0080","13940","00000","2016000000","7","事業所数","10～19人","690管理，補助的経済活動を行う事業所"
"004","0080","13970","00000","2016000000","964","事業所数","10～19人","691不動産賃貸業（貸家業，貸間業を除く）"
"004","0080","14010","00000","2016000000","1289","事業所数","10～19人","692貸家業，貸間業"
"004","0080","14040","00000","2016000000","360","事業所数","10～19人","693駐車場業"
"004","0080","14060","00000","2016000000","1313","事業所数","10～19人","694不動産管理業"
"004","0080","14080","00000","2016000000","4463","事業所数","10～19人","K2物品賃貸業"
"004","0080","14090","00000","2016000000","4463","事業所数","10～19人","70物品賃貸業"
"004","0080","14100","00000","2016000000","81","事業所数","10～19人","700管理，補助的経済活動を行う事業所"
"004","0080","14130","00000","2016000000","200","事業所数","10～19人","701各種物品賃貸業"
"004","0080","14160","00000","2016000000","1716","事業所数","10～19人","702産業用機械器具賃貸業"
"004","0080","14190","00000","2016000000","95","事業所数","10～19人","703事務用機械器具賃貸業"
"004","0080","14220","00000","2016000000","850","事業所数","10～19人","704自動車賃貸業"
"004","0080","14240","00000","2016000000","34","事業所数","10～19人","705スポーツ・娯楽用品賃貸業"
"004","0080","14260","00000","2016000000","1484","事業所数","10～19人","709その他の物品賃貸業"
"004","0080","14270","00000","2016000000","391","事業所数","10～19人","70A音楽・映像記録物賃貸業（別掲を除く）"
"004","0080","14290","00000","2016000000","1093","事業所数","10～19人","70B他に分類されない物品賃貸業"
"004","0080","14330","00000","2016000000","13946","事業所数","10～19人","L学術研究，専門・技術サービス業"
"004","0080","14340","00000","2016000000","708","事業所数","10～19人","71学術・開発研究機関"
"004","0080","14350","00000","2016000000","3","事業所数","10～19人","710管理，補助的経済活動を行う事業所"
"004","0080","14370","00000","2016000000","626","事業所数","10～19人","711自然科学研究所"
"004","0080","14420","00000","2016000000","77","事業所数","10～19人","712人文・社会科学研究所"
"004","0080","14440","00000","2016000000","5334","事業所数","10～19人","72専門サービス業（他に分類されないもの）"
"004","0080","14450","00000","2016000000","11","事業所数","10～19人","720管理，補助的経済活動を行う事業所"
"004","0080","14470","00000","2016000000","540","事業所数","10～19人","721法律事務所，特許事務所"
"004","0080","14480","00000","2016000000","426","事業所数","10～19人","72A法律事務所"
"004","0080","14500","00000","2016000000","114","事業所数","10～19人","72B特許事務所"
"004","0080","14520","00000","2016000000","171","事業所数","10～19人","722公証人役場，司法書士事務所，土地家屋調査士事務所"
"004","0080","14550","00000","2016000000","36","事業所数","10～19人","723行政書士事務所"
"004","0080","14570","00000","2016000000","1861","事業所数","10～19人","724公認会計士事務所，税理士事務所"
"004","0080","14580","00000","2016000000","188","事業所数","10～19人","72C公認会計士事務所"
"004","0080","14600","00000","2016000000","1673","事業所数","10～19人","72D税理士事務所"
"004","0080","14620","00000","2016000000","133","事業所数","10～19人","725社会保険労務士事務所"
"004","0080","14640","00000","2016000000","418","事業所数","10～19人","726デザイン業"
"004","0080","14660","00000","2016000000","1","事業所数","10～19人","727著述・芸術家業"
"004","0080","14690","00000","2016000000","962","事業所数","10～19人","728経営コンサルタント業，純粋持株会社"
"004","0080","14700","00000","2016000000","837","事業所数","10～19人","72E経営コンサルタント業"
"004","0080","14720","00000","2016000000","125","事業所数","10～19人","72F純粋持株会社"
"004","0080","14740","00000","2016000000","1201","事業所数","10～19人","729その他の専門サービス業"
"004","0080","14750","00000","2016000000","84","事業所数","10～19人","72G興信所"
"004","0080","14770","00000","2016000000","1117","事業所数","10～19人","72H他に分類されない専門サービス業"
"004","0080","14820","00000","2016000000","1120","事業所数","10～19人","73広告業"
"004","0080","14830","00000","2016000000","3","事業所数","10～19人","730管理，補助的経済活動を行う事業所"
"004","0080","14860","00000","2016000000","1117","事業所数","10～19人","731広告業"
"004","0080","14880","00000","2016000000","6777","事業所数","10～19人","74技術サービス業（他に分類されないもの）"
"004","0080","14890","00000","2016000000","36","事業所数","10～19人","740管理，補助的経済活動を行う事業所"
"004","0080","14910","00000","2016000000","559","事業所数","10～19人","741獣医業"
"004","0080","14930","00000","2016000000","3109","事業所数","10～19人","742土木建築サービス業"
"004","0080","14940","00000","2016000000","1942","事業所数","10～19人","74A建築設計業"
"004","0080","14960","00000","2016000000","786","事業所数","10～19人","74B測量業"
"004","0080","14980","00000","2016000000","381","事業所数","10～19人","74Cその他の土木建築サービス業"
"004","0080","15000","00000","2016000000","546","事業所数","10～19人","743機械設計業"
"004","0080","15020","00000","2016000000","606","事業所数","10～19人","744商品・非破壊検査業"
"004","0080","15050","00000","2016000000","186","事業所数","10～19人","745計量証明業"
"004","0080","15090","00000","2016000000","693","事業所数","10～19人","746写真業"
"004","0080","15120","00000","2016000000","1042","事業所数","10～19人","749その他の技術サービス業"
"004","0080","15140","00000","2016000000","74948","事業所数","10～19人","M宿泊業，飲食サービス業"
"004","0080","15150","00000","2016000000","6072","事業所数","10～19人","M1宿泊業"
"004","0080","15160","00000","2016000000","6072","事業所数","10～19人","75宿泊業"
"004","0080","15170","00000","2016000000","28","事業所数","10～19人","750管理，補助的経済活動を行う事業所"
"004","0080","15200","00000","2016000000","5448","事業所数","10～19人","751旅館，ホテル"
"004","0080","15220","00000","2016000000","128","事業所数","10～19人","752簡易宿所"
"004","0080","15240","00000","2016000000","21","事業所数","10～19人","753下宿業"
"004","0080","15260","00000","2016000000","444","事業所数","10～19人","759その他の宿泊業"
"004","0080","15270","00000","2016000000","138","事業所数","10～19人","75A会社・団体の宿泊所"
"004","0080","15290","00000","2016000000","306","事業所数","10～19人","75B他に分類されない宿泊業"
"004","0080","15320","00000","2016000000","68876","事業所数","10～19人","M2飲食店，持ち帰り・配達飲食サービス業"
"004","0080","15330","00000","2016000000","58334","事業所数","10～19人","76飲食店"
"004","0080","15340","00000","2016000000","182","事業所数","10～19人","760管理，補助的経済活動を行う事業所"
"004","0080","15370","00000","2016000000","5096","事業所数","10～19人","761食堂，レストラン（専門料理店を除く）"
"004","0080","15390","00000","2016000000","25345","事業所数","10～19人","762専門料理店"
"004","0080","15400","00000","2016000000","8123","事業所数","10～19人","76A日本料理店"
"004","0080","15420","00000","2016000000","6983","事業所数","10～19人","76B中華料理店"
"004","0080","15450","00000","2016000000","3089","事業所数","10～19人","76C焼肉店"
"004","0080","15470","00000","2016000000","7150","事業所数","10～19人","76Dその他の専門料理店"
"004","0080","15500","00000","2016000000","3373","事業所数","10～19人","763そば・うどん店"
"004","0080","15520","00000","2016000000","1611","事業所数","10～19人","764すし店"
"004","0080","15540","00000","2016000000","11350","事業所数","10～19人","765酒場，ビヤホール"
"004","0080","15560","00000","2016000000","3163","事業所数","10～19人","766バー，キャバレー，ナイトクラブ"
"004","0080","15580","00000","2016000000","3989","事業所数","10～19人","767喫茶店"
"004","0080","15600","00000","2016000000","4220","事業所数","10～19人","769その他の飲食店"
"004","0080","15610","00000","2016000000","1301","事業所数","10～19人","76Eハンバーガー店"
"004","0080","15630","00000","2016000000","1138","事業所数","10～19人","76Fお好み焼・焼きそば・たこ焼店"
"004","0080","15650","00000","2016000000","1781","事業所数","10～19人","76G他に分類されない飲食店"
"004","0080","15670","00000","2016000000","10469","事業所数","10～19人","77持ち帰り・配達飲食サービス業"
"004","0080","15680","00000","2016000000","93","事業所数","10～19人","770管理，補助的経済活動を行う事業所"
"004","0080","15710","00000","2016000000","1920","事業所数","10～19人","771持ち帰り飲食サービス業"
"004","0080","15730","00000","2016000000","8456","事業所数","10～19人","772配達飲食サービス業"
"004","0080","15750","00000","2016000000","22996","事業所数","10～19人","N生活関連サービス業，娯楽業"
"004","0080","15760","00000","2016000000","8154","事業所数","10～19人","78洗濯・理容・美容・浴場業"
"004","0080","15770","00000","2016000000","48","事業所数","10～19人","780管理，補助的経済活動を行う事業所"
"004","0080","15800","00000","2016000000","2262","事業所数","10～19人","781洗濯業"
"004","0080","15810","00000","2016000000","1387","事業所数","10～19人","78A普通洗濯業"
"004","0080","15840","00000","2016000000","875","事業所数","10～19人","78Bリネンサプライ業"
"004","0080","15860","00000","2016000000","384","事業所数","10～19人","782理容業"
"004","0080","15880","00000","2016000000","3719","事業所数","10～19人","783美容業"
"004","0080","15900","00000","2016000000","151","事業所数","10～19人","784一般公衆浴場業"
"004","0080","15920","00000","2016000000","444","事業所数","10～19人","785その他の公衆浴場業"
"004","0080","15940","00000","2016000000","1146","事業所数","10～19人","789その他の洗濯・理容・美容・浴場業"
"004","0080","16000","00000","2016000000","4289","事業所数","10～19人","79その他の生活関連サービス業"
"004","0080","16010","00000","2016000000","20","事業所数","10～19人","790管理，補助的経済活動を行う事業所"
"004","0080","16040","00000","2016000000","1036","事業所数","10～19人","791旅行業"
"004","0080","16070","00000","2016000000","183","事業所数","10～19人","793衣服裁縫修理業"
"004","0080","16090","00000","2016000000","199","事業所数","10～19人","794物品預り業"
"004","0080","16110","00000","2016000000","84","事業所数","10～19人","795火葬・墓地管理業"
"004","0080","16140","00000","2016000000","1748","事業所数","10～19人","796冠婚葬祭業"
"004","0080","16150","00000","2016000000","1239","事業所数","10～19人","79A葬儀業"
"004","0080","16170","00000","2016000000","310","事業所数","10～19人","79B結婚式場業"
"004","0080","16190","00000","2016000000","199","事業所数","10～19人","79C冠婚葬祭互助会"
"004","0080","16210","00000","2016000000","1019","事業所数","10～19人","799他に分類されない生活関連サービス業"
"004","0080","16220","00000","2016000000","74","事業所数","10～19人","79D写真プリント，現像・焼付業"
"004","0080","16240","00000","2016000000","945","事業所数","10～19人","79E他に分類されないその他の生活関連サービス業"
"004","0080","16280","00000","2016000000","10534","事業所数","10～19人","80娯楽業"
"004","0080","16290","00000","2016000000","106","事業所数","10～19人","800管理，補助的経済活動を行う事業所"
"004","0080","16320","00000","2016000000","56","事業所数","10～19人","801映画館"
"004","0080","16340","00000","2016000000","298","事業所数","10～19人","802興行場（別掲を除く），興行団"
"004","0080","16400","00000","2016000000","240","事業所数","10～19人","803競輪・競馬等の競走場，競技団"
"004","0080","16470","00000","2016000000","2214","事業所数","10～19人","804スポーツ施設提供業"
"004","0080","16480","00000","2016000000","424","事業所数","10～19人","80Aスポーツ施設提供業（別掲を除く）"
"004","0080","16500","00000","2016000000","201","事業所数","10～19人","80B体育館"
"004","0080","16520","00000","2016000000","216","事業所数","10～19人","80Cゴルフ場"
"004","0080","16540","00000","2016000000","571","事業所数","10～19人","80Dゴルフ練習場"
"004","0080","16560","00000","2016000000","203","事業所数","10～19人","80Eボウリング場"
"004","0080","16580","00000","2016000000","40","事業所数","10～19人","80Fテニス場"
"004","0080","16600","00000","2016000000","34","事業所数","10～19人","80Gバッティング・テニス練習場"
"004","0080","16620","00000","2016000000","525","事業所数","10～19人","80Hフィットネスクラブ"
"004","0080","16640","00000","2016000000","391","事業所数","10～19人","805公園，遊園地"
"004","0080","16680","00000","2016000000","4899","事業所数","10～19人","806遊戯場"
"004","0080","16690","00000","2016000000","144","事業所数","10～19人","80Jマージャンクラブ"
"004","0080","16710","00000","2016000000","3853","事業所数","10～19人","80Kパチンコホール"
"004","0080","16730","00000","2016000000","856","事業所数","10～19人","80Lゲームセンター"
"004","0080","16750","00000","2016000000","46","事業所数","10～19人","80Mその他の遊戯場"
"004","0080","16790","00000","2016000000","2330","事業所数","10～19人","809その他の娯楽業"
"004","0080","16800","00000","2016000000","1416","事業所数","10～19人","80Nカラオケボックス業"
"004","0080","16820","00000","2016000000","914","事業所数","10～19人","80P他に分類されない娯楽業"
"004","0080","16890","00000","2016000000","15501","事業所数","10～19人","O教育，学習支援業"
"004","0080","16900","00000","2016000000","5133","事業所数","10～19人","O1教育，学習支援業（学校教育）"
"004","0080","16910","00000","2016000000","5133","事業所数","10～19人","81学校教育"
"004","0080","16920","00000","2016000000","42","事業所数","10～19人","810管理，補助的経済活動を行う事業所"
"004","0080","16940","00000","2016000000","3188","事業所数","10～19人","811幼稚園"
"004","0080","16960","00000","2016000000","308","事業所数","10～19人","819幼保連携型認定こども園"
"004","0080","16980","00000","2016000000","27","事業所数","10～19人","812小学校"
"004","0080","17000","00000","2016000000","161","事業所数","10～19人","813中学校"
"004","0080","17020","00000","2016000000","119","事業所数","10～19人","814高等学校，中等教育学校"
"004","0080","17050","00000","2016000000","3","事業所数","10～19人","815特別支援学校"
"004","0080","17070","00000","2016000000","234","事業所数","10～19人","816高等教育機関"
"004","0080","17110","00000","2016000000","1046","事業所数","10～19人","817専修学校，各種学校"
"004","0080","17140","00000","2016000000","3","事業所数","10～19人","818学校教育支援機関"
"004","0080","17160","00000","2016000000","10368","事業所数","10～19人","O2教育，学習支援業（その他の教育，学習支援業）"
"004","0080","17170","00000","2016000000","10368","事業所数","10～19人","82その他の教育，学習支援業"
"004","0080","17180","00000","2016000000","20","事業所数","10～19人","820管理，補助的経済活動を行う事業所"
"004","0080","17210","00000","2016000000","636","事業所数","10～19人","821社会教育"
"004","0080","17220","00000","2016000000","42","事業所数","10～19人","82A公民館"
"004","0080","17240","00000","2016000000","159","事業所数","10～19人","82B図書館"
"004","0080","17260","00000","2016000000","253","事業所数","10～19人","82C博物館，美術館"
"004","0080","17280","00000","2016000000","48","事業所数","10～19人","82D動物園，植物園，水族館"
"004","0080","17300","00000","2016000000","134","事業所数","10～19人","82Eその他の社会教育"
"004","0080","17340","00000","2016000000","321","事業所数","10～19人","822職業・教育支援施設"
"004","0080","17380","00000","2016000000","5929","事業所数","10～19人","823学習塾"
"004","0080","17400","00000","2016000000","2645","事業所数","10～19人","824教養・技能教授業"
"004","0080","17410","00000","2016000000","255","事業所数","10～19人","82F音楽教授業"
"004","0080","17430","00000","2016000000","11","事業所数","10～19人","82G書道教授業"
"004","0080","17450","00000","2016000000","4","事業所数","10～19人","82H生花・茶道教授業"
"004","0080","17470","00000","2016000000","26","事業所数","10～19人","82Jそろばん教授業"
"004","0080","17490","00000","2016000000","605","事業所数","10～19人","82K外国語会話教授業"
"004","0080","17510","00000","2016000000","1122","事業所数","10～19人","82Lスポーツ・健康教授業"
"004","0080","17530","00000","2016000000","622","事業所数","10～19人","82Mその他の教養・技能教授業"
"004","0080","17550","00000","2016000000","807","事業所数","10～19人","829他に分類されない教育，学習支援業"
"004","0080","17570","00000","2016000000","69650","事業所数","10～19人","P医療，福祉"
"004","0080","17580","00000","2016000000","25863","事業所数","10～19人","83医療業"
"004","0080","17590","00000","2016000000","43","事業所数","10～19人","830管理，補助的経済活動を行う事業所"
"004","0080","17620","00000","2016000000","154","事業所数","10～19人","831病院"
"004","0080","17650","00000","2016000000","16586","事業所数","10～19人","832一般診療所"
"004","0080","17680","00000","2016000000","5664","事業所数","10～19人","833歯科診療所"
"004","0080","17700","00000","2016000000","1355","事業所数","10～19人","834助産・看護業"
"004","0080","17710","00000","2016000000","18","事業所数","10～19人","83A助産所"
"004","0080","17730","00000","2016000000","1337","事業所数","10～19人","83B看護業"
"004","0080","17750","00000","2016000000","1380","事業所数","10～19人","835療術業"
"004","0080","17780","00000","2016000000","681","事業所数","10～19人","836医療に附帯するサービス業"
"004","0080","17790","00000","2016000000","212","事業所数","10～19人","83C歯科技工所"
"004","0080","17810","00000","2016000000","469","事業所数","10～19人","83Dその他の医療に附帯するサービス業"
"004","0080","17830","00000","2016000000","266","事業所数","10～19人","84保健衛生"
"004","0080","17840","00000","2016000000","2","事業所数","10～19人","840管理，補助的経済活動を行う事業所"
"004","0080","17870","00000","2016000000","193","事業所数","10～19人","842健康相談施設"
"004","0080","17920","00000","2016000000","71","事業所数","10～19人","849その他の保健衛生"
"004","0080","17960","00000","2016000000","43408","事業所数","10～19人","85社会保険・社会福祉・介護事業"
"004","0080","17970","00000","2016000000","69","事業所数","10～19人","850管理，補助的経済活動を行う事業所"
"004","0080","18000","00000","2016000000","207","事業所数","10～19人","851社会保険事業団体"
"004","0080","18020","00000","2016000000","8713","事業所数","10～19人","853児童福祉事業"
"004","0080","18030","00000","2016000000","5942","事業所数","10～19人","85A保育所"
"004","0080","18050","00000","2016000000","2771","事業所数","10～19人","85Bその他の児童福祉事業"
"004","0080","18070","00000","2016000000","28115","事業所数","10～19人","854老人福祉・介護事業"
"004","0080","18080","00000","2016000000","318","事業所数","10～19人","85C特別養護老人ホーム"
"004","0080","18100","00000","2016000000","112","事業所数","10～19人","85D介護老人保健施設"
"004","0080","18120","00000","2016000000","12912","事業所数","10～19人","85E通所・短期入所介護事業"
"004","0080","18140","00000","2016000000","5984","事業所数","10～19人","85F訪問介護事業"
"004","0080","18160","00000","2016000000","5268","事業所数","10～19人","85G認知症老人グループホーム"
"004","0080","18180","00000","2016000000","1674","事業所数","10～19人","85H有料老人ホーム"
"004","0080","18200","00000","2016000000","1847","事業所数","10～19人","85Jその他の老人福祉・介護事業"
"004","0080","18220","00000","2016000000","5382","事業所数","10～19人","855障害者福祉事業"
"004","0080","18250","00000","2016000000","922","事業所数","10～19人","859その他の社会保険・社会福祉・介護事業"
"004","0080","18260","00000","2016000000","40","事業所数","10～19人","85K更生保護事業"
"004","0080","18280","00000","2016000000","882","事業所数","10～19人","85L他に分類されない社会保険・社会福祉・介護事業"
"004","0080","18300","00000","2016000000","4881","事業所数","10～19人","Q複合サービス事業"
"004","0080","18310","00000","2016000000","1416","事業所数","10～19人","Q1複合サービス事業（郵便局）"
"004","0080","18320","00000","2016000000","1416","事業所数","10～19人","86郵便局"
"004","0080","18330","00000","2016000000","27","事業所数","10～19人","860管理，補助的経済活動を行う事業所"
"004","0080","18340","00000","2016000000","1377","事業所数","10～19人","861郵便局"
"004","0080","18350","00000","2016000000","12","事業所数","10～19人","862郵便局受託業"
"004","0080","18370","00000","2016000000","3465","事業所数","10～19人","Q2複合サービス事業（協同組合）"
"004","0080","18380","00000","2016000000","3465","事業所数","10～19人","87協同組合（他に分類されないもの）"
"004","0080","18390","00000","2016000000","3","事業所数","10～19人","870管理，補助的経済活動を行う事業所"
"004","0080","18410","00000","2016000000","3409","事業所数","10～19人","871農林水産業協同組合（他に分類されないもの）"
"004","0080","18460","00000","2016000000","53","事業所数","10～19人","872事業協同組合（他に分類されないもの）"
"004","0080","18480","00000","2016000000","26849","事業所数","10～19人","Rサービス業（他に分類されないもの）"
"004","0080","18490","00000","2016000000","3827","事業所数","10～19人","R1サービス業（政治・経済・文化団体，宗教）"
"004","0080","18500","00000","2016000000","2867","事業所数","10～19人","93政治・経済・文化団体"
"004","0080","18510","00000","2016000000","1305","事業所数","10～19人","931経済団体"
"004","0080","18520","00000","2016000000","248","事業所数","10～19人","932労働団体"
"004","0080","18530","00000","2016000000","122","事業所数","10～19人","933学術・文化団体"
"004","0080","18540","00000","2016000000","38","事業所数","10～19人","934政治団体"
"004","0080","18550","00000","2016000000","1154","事業所数","10～19人","939他に分類されない非営利的団体"
"004","0080","18560","00000","2016000000","947","事業所数","10～19人","94宗教"
"004","0080","18570","00000","2016000000","218","事業所数","10～19人","941神道系宗教"
"004","0080","18580","00000","2016000000","478","事業所数","10～19人","942仏教系宗教"
"004","0080","18590","00000","2016000000","117","事業所数","10～19人","943キリスト教系宗教"
"004","0080","18600","00000","2016000000","134","事業所数","10～19人","949その他の宗教"
"004","0080","18610","00000","2016000000","23022","事業所数","10～19人","R2サービス業（政治・経済・文化団体，宗教を除く）"
"004","0080","18620","00000","2016000000","3605","事業所数","10～19人","88廃棄物処理業"
"004","0080","18630","00000","2016000000","27","事業所数","10～19人","880管理，補助的経済活動を行う事業所"
"004","0080","18660","00000","2016000000","2044","事業所数","10～19人","881一般廃棄物処理業"
"004","0080","18730","00000","2016000000","1520","事業所数","10～19人","882産業廃棄物処理業"
"004","0080","18780","00000","2016000000","14","事業所数","10～19人","889その他の廃棄物処理業"
"004","0080","18810","00000","2016000000","2668","事業所数","10～19人","89自動車整備業"
"004","0080","18820","00000","2016000000","8","事業所数","10～19人","890管理，補助的経済活動を行う事業所"
"004","0080","18840","00000","2016000000","2660","事業所数","10～19人","891自動車整備業"
"004","0080","18870","00000","2016000000","2504","事業所数","10～19人","90機械等修理業（別掲を除く）"
"004","0080","18880","00000","2016000000","11","事業所数","10～19人","900管理，補助的経済活動を行う事業所"
"004","0080","18910","00000","2016000000","1650","事業所数","10～19人","901機械修理業（電気機械器具を除く）"
"004","0080","18940","00000","2016000000","647","事業所数","10～19人","902電気機械器具修理業"
"004","0080","18960","00000","2016000000","4","事業所数","10～19人","903表具業"
"004","0080","18980","00000","2016000000","192","事業所数","10～19人","909その他の修理業"
"004","0080","19040","00000","2016000000","2165","事業所数","10～19人","91職業紹介・労働者派遣業"
"004","0080","19050","00000","2016000000","15","事業所数","10～19人","910管理，補助的経済活動を行う事業所"
"004","0080","19080","00000","2016000000","495","事業所数","10～19人","911職業紹介業"
"004","0080","19100","00000","2016000000","1655","事業所数","10～19人","912労働者派遣業"
"004","0080","19120","00000","2016000000","11381","事業所数","10～19人","92その他の事業サービス業"
"004","0080","19130","00000","2016000000","64","事業所数","10～19人","920管理，補助的経済活動を行う事業所"
"004","0080","19160","00000","2016000000","159","事業所数","10～19人","921速記・ワープロ入力・複写業"
"004","0080","19190","00000","2016000000","4172","事業所数","10～19人","922建物サービス業"
"004","0080","19220","00000","2016000000","1754","事業所数","10～19人","923警備業"
"004","0080","19240","00000","2016000000","5232","事業所数","10～19人","929他に分類されない事業サービス業"
"004","0080","19300","00000","2016000000","622","事業所数","10～19人","95その他のサービス業"
"004","0080","19310","00000","2016000000","1","事業所数","10～19人","950管理，補助的経済活動を行う事業所"
"004","0080","19330","00000","2016000000","548","事業所数","10～19人","951集会場"
"004","0080","19350","00000","2016000000","19","事業所数","10～19人","952と畜場"
"004","0080","19370","00000","2016000000","54","事業所数","10～19人","959他に分類されないサービス業"
"004","0090","00010","00000","2016000000","205441","事業所数","20～29人","A～R全産業（Ｓ公務を除く）"
"004","0090","00020","00000","2016000000","1452","事業所数","20～29人","A～B農林漁業"
"004","0090","00030","00000","2016000000","1281","事業所数","20～29人","A農業，林業"
"004","0090","00040","00000","2016000000","1038","事業所数","20～29人","01農業"
"004","0090","00050","00000","2016000000","8","事業所数","20～29人","010管理，補助的経済活動を行う事業所"
"004","0090","00080","00000","2016000000","534","事業所数","20～29人","011耕種農業"
"004","0090","00170","00000","2016000000","286","事業所数","20～29人","012畜産農業"
"004","0090","00250","00000","2016000000","151","事業所数","20～29人","013農業サービス業（園芸サービス業を除く）"
"004","0090","00300","00000","2016000000","59","事業所数","20～29人","014園芸サービス業"
"004","0090","00320","00000","2016000000","243","事業所数","20～29人","02林業"
"004","0090","00360","00000","2016000000","89","事業所数","20～29人","021育林業"
"004","0090","00380","00000","2016000000","28","事業所数","20～29人","022素材生産業"
"004","0090","00400","00000","2016000000","5","事業所数","20～29人","023特用林産物生産業（きのこ類の栽培を除く）"
"004","0090","00430","00000","2016000000","116","事業所数","20～29人","024林業サービス業"
"004","0090","00480","00000","2016000000","5","事業所数","20～29人","029その他の林業"
"004","0090","00500","00000","2016000000","168","事業所数","20～29人","B漁業"
"004","0090","00510","00000","2016000000","117","事業所数","20～29人","03漁業（水産養殖業を除く）"
"004","0090","00550","00000","2016000000","116","事業所数","20～29人","031海面漁業"
"004","0090","00650","00000","2016000000","1","事業所数","20～29人","032内水面漁業"
"004","0090","00670","00000","2016000000","51","事業所数","20～29人","04水産養殖業"
"004","0090","00710","00000","2016000000","43","事業所数","20～29人","041海面養殖業"
"004","0090","00780","00000","2016000000","8","事業所数","20～29人","042内水面養殖業"
"004","0090","00800","00000","2016000000","203989","事業所数","20～29人","C～R非農林漁業（Ｓ公務を除く）"
"004","0090","00810","00000","2016000000","93","事業所数","20～29人","C鉱業，採石業，砂利採取業"
"004","0090","00820","00000","2016000000","93","事業所数","20～29人","05鉱業，採石業，砂利採取業"
"004","0090","00830","00000","2016000000","5","事業所数","20～29人","050管理，補助的経済活動を行う事業所"
"004","0090","00860","00000","2016000000","1","事業所数","20～29人","051金属鉱業"
"004","0090","00910","00000","2016000000","1","事業所数","20～29人","052石炭・亜炭鉱業"
"004","0090","00940","00000","2016000000","4","事業所数","20～29人","053原油・天然ガス鉱業"
"004","0090","00970","00000","2016000000","58","事業所数","20～29人","054採石業，砂・砂利・玉石採取業"
"004","0090","01070","00000","2016000000","20","事業所数","20～29人","055窯業原料用鉱物鉱業（耐火物・陶磁器・ガラス・セメント原料用に限る）"
"004","0090","01160","00000","2016000000","2","事業所数","20～29人","059その他の鉱業"
"004","0090","01220","00000","2016000000","12760","事業所数","20～29人","D建設業"
"004","0090","01230","00000","2016000000","6751","事業所数","20～29人","06総合工事業"
"004","0090","01240","00000","2016000000","25","事業所数","20～29人","060管理，補助的経済活動を行う事業所"
"004","0090","01250","00000","2016000000","683","事業所数","20～29人","061一般土木建築工事業"
"004","0090","01260","00000","2016000000","3246","事業所数","20～29人","062土木工事業（舗装工事業を除く）"
"004","0090","01270","00000","2016000000","468","事業所数","20～29人","063舗装工事業"
"004","0090","01280","00000","2016000000","1557","事業所数","20～29人","064建築工事業（木造建築工事業を除く)"
"004","0090","01290","00000","2016000000","474","事業所数","20～29人","065木造建築工事業"
"004","0090","01300","00000","2016000000","298","事業所数","20～29人","066建築リフォーム工事業"
"004","0090","01310","00000","2016000000","2438","事業所数","20～29人","07職別工事業（設備工事業を除く）"
"004","0090","01320","00000","2016000000","13","事業所数","20～29人","070管理，補助的経済活動を行う事業所"
"004","0090","01330","00000","2016000000","218","事業所数","20～29人","071大工工事業"
"004","0090","01340","00000","2016000000","775","事業所数","20～29人","072とび・土工・コンクリート工事業"
"004","0090","01350","00000","2016000000","312","事業所数","20～29人","073鉄骨・鉄筋工事業"
"004","0090","01360","00000","2016000000","44","事業所数","20～29人","074石工・れんが・タイル・ブロック工事業"
"004","0090","01370","00000","2016000000","121","事業所数","20～29人","075左官工事業"
"004","0090","01380","00000","2016000000","41","事業所数","20～29人","076板金・金物工事業"
"004","0090","01390","00000","2016000000","214","事業所数","20～29人","077塗装工事業"
"004","0090","01400","00000","2016000000","211","事業所数","20～29人","078床・内装工事業"
"004","0090","01410","00000","2016000000","489","事業所数","20～29人","079その他の職別工事業"
"004","0090","01420","00000","2016000000","3568","事業所数","20～29人","08設備工事業"
"004","0090","01430","00000","2016000000","7","事業所数","20～29人","080管理，補助的経済活動を行う事業所"
"004","0090","01440","00000","2016000000","1333","事業所数","20～29人","081電気工事業"
"004","0090","01450","00000","2016000000","610","事業所数","20～29人","082電気通信・信号装置工事業"
"004","0090","01460","00000","2016000000","965","事業所数","20～29人","083管工事業（さく井工事業を除く）"
"004","0090","01470","00000","2016000000","506","事業所数","20～29人","084機械器具設置工事業"
"004","0090","01480","00000","2016000000","147","事業所数","20～29人","089その他の設備工事業"
"004","0090","01490","00000","2016000000","24532","事業所数","20～29人","E製造業"
"004","0090","01500","00000","2016000000","3572","事業所数","20～29人","09食料品製造業"
"004","0090","01510","00000","2016000000","38","事業所数","20～29人","090管理，補助的経済活動を行う事業所"
"004","0090","01540","00000","2016000000","405","事業所数","20～29人","091畜産食料品製造業"
"004","0090","01600","00000","2016000000","793","事業所数","20～29人","092水産食料品製造業"
"004","0090","01680","00000","2016000000","247","事業所数","20～29人","093野菜缶詰・果実缶詰・農産保存食料品製造業"
"004","0090","01710","00000","2016000000","138","事業所数","20～29人","094調味料製造業"
"004","0090","01770","00000","2016000000","14","事業所数","20～29人","095糖類製造業"
"004","0090","01810","00000","2016000000","89","事業所数","20～29人","096精穀・製粉業"
"004","0090","01850","00000","2016000000","675","事業所数","20～29人","097パン・菓子製造業"
"004","0090","01910","00000","2016000000","23","事業所数","20～29人","098動植物油脂製造業"
"004","0090","01940","00000","2016000000","1150","事業所数","20～29人","099その他の食料品製造業"
"004","0090","02040","00000","2016000000","473","事業所数","20～29人","10飲料・たばこ・飼料製造業"
"004","0090","02050","00000","2016000000","4","事業所数","20～29人","100管理，補助的経済活動を行う事業所"
"004","0090","02080","00000","2016000000","73","事業所数","20～29人","101清涼飲料製造業"
"004","0090","02100","00000","2016000000","166","事業所数","20～29人","102酒類製造業"
"004","0090","02150","00000","2016000000","114","事業所数","20～29人","103茶・コーヒー製造業（清涼飲料を除く）"
"004","0090","02180","00000","2016000000","10","事業所数","20～29人","104製氷業"
"004","0090","02240","00000","2016000000","106","事業所数","20～29人","106飼料・有機質肥料製造業"
"004","0090","02280","00000","2016000000","1288","事業所数","20～29人","11繊維工業"
"004","0090","02290","00000","2016000000","7","事業所数","20～29人","110管理，補助的経済活動を行う事業所"
"004","0090","02320","00000","2016000000","47","事業所数","20～29人","111製糸業，紡績業，化学繊維・ねん糸等製造業"
"004","0090","02420","00000","2016000000","84","事業所数","20～29人","112織物業"
"004","0090","02490","00000","2016000000","30","事業所数","20～29人","113ニット生地製造業"
"004","0090","02530","00000","2016000000","103","事業所数","20～29人","114染色整理業"
"004","0090","02620","00000","2016000000","108","事業所数","20～29人","115綱・網・レース・繊維粗製品製造業"
"004","0090","02720","00000","2016000000","451","事業所数","20～29人","116外衣・シャツ製造業（和式を除く）"
"004","0090","02820","00000","2016000000","55","事業所数","20～29人","117下着類製造業"
"004","0090","02870","00000","2016000000","139","事業所数","20～29人","118和装製品・その他の衣服・繊維製身の回り品製造業"
"004","0090","02950","00000","2016000000","264","事業所数","20～29人","119その他の繊維製品製造業"
"004","0090","03050","00000","2016000000","535","事業所数","20～29人","12木材・木製品製造業（家具を除く）"
"004","0090","03060","00000","2016000000","4","事業所数","20～29人","120管理，補助的経済活動を行う事業所"
"004","0090","03090","00000","2016000000","198","事業所数","20～29人","121製材業，木製品製造業"
"004","0090","03140","00000","2016000000","242","事業所数","20～29人","122造作材・合板・建築用組立材料製造業"
"004","0090","03230","00000","2016000000","48","事業所数","20～29人","123木製容器製造業（竹，とうを含む）"
"004","0090","03270","00000","2016000000","43","事業所数","20～29人","129その他の木製品製造業（竹，とうを含む)"
"004","0090","03310","00000","2016000000","416","事業所数","20～29人","13家具・装備品製造業"
"004","0090","03320","00000","2016000000","6","事業所数","20～29人","130管理，補助的経済活動を行う事業所"
"004","0090","03350","00000","2016000000","262","事業所数","20～29人","131家具製造業"
"004","0090","03390","00000","2016000000","23","事業所数","20～29人","132宗教用具製造業"
"004","0090","03410","00000","2016000000","39","事業所数","20～29人","133建具製造業"
"004","0090","03430","00000","2016000000","86","事業所数","20～29人","139その他の家具・装備品製造業"
"004","0090","03480","00000","2016000000","855","事業所数","20～29人","14パルプ・紙・紙加工品製造業"
"004","0090","03490","00000","2016000000","9","事業所数","20～29人","140管理，補助的経済活動を行う事業所"
"004","0090","03520","00000","2016000000","4","事業所数","20～29人","141パルプ製造業"
"004","0090","03540","00000","2016000000","42","事業所数","20～29人","142紙製造業"
"004","0090","03580","00000","2016000000","66","事業所数","20～29人","143加工紙製造業"
"004","0090","03620","00000","2016000000","106","事業所数","20～29人","144紙製品製造業"
"004","0090","03660","00000","2016000000","462","事業所数","20～29人","145紙製容器製造業"
"004","0090","03710","00000","2016000000","166","事業所数","20～29人","149その他のパルプ・紙・紙加工品製造業"
"004","0090","03730","00000","2016000000","1261","事業所数","20～29人","15印刷・同関連業"
"004","0090","03740","00000","2016000000","14","事業所数","20～29人","150管理，補助的経済活動を行う事業所"
"004","0090","03770","00000","2016000000","1046","事業所数","20～29人","151印刷業"
"004","0090","03810","00000","2016000000","65","事業所数","20～29人","152製版業"
"004","0090","03830","00000","2016000000","127","事業所数","20～29人","153製本業，印刷物加工業"
"004","0090","03860","00000","2016000000","9","事業所数","20～29人","159印刷関連サービス業"
"004","0090","03880","00000","2016000000","805","事業所数","20～29人","16化学工業"
"004","0090","03890","00000","2016000000","45","事業所数","20～29人","160管理，補助的経済活動を行う事業所"
"004","0090","03920","00000","2016000000","39","事業所数","20～29人","161化学肥料製造業"
"004","0090","03960","00000","2016000000","117","事業所数","20～29人","162無機化学工業製品製造業"
"004","0090","04020","00000","2016000000","114","事業所数","20～29人","163有機化学工業製品製造業"
"004","0090","04100","00000","2016000000","134","事業所数","20～29人","164油脂加工製品・石けん・合成洗剤・界面活性剤・塗料製造業"
"004","0090","04180","00000","2016000000","113","事業所数","20～29人","165医薬品製造業"
"004","0090","04240","00000","2016000000","112","事業所数","20～29人","166化粧品・歯磨・その他の化粧用調整品製造業"
"004","0090","04280","00000","2016000000","131","事業所数","20～29人","169その他の化学工業"
"004","0090","04370","00000","2016000000","70","事業所数","20～29人","17石油製品・石炭製品製造業"
"004","0090","04380","00000","2016000000","2","事業所数","20～29人","170管理，補助的経済活動を行う事業所"
"004","0090","04410","00000","2016000000","4","事業所数","20～29人","171石油精製業"
"004","0090","04430","00000","2016000000","17","事業所数","20～29人","172潤滑油・グリース製造業（石油精製業によらないもの）"
"004","0090","04470","00000","2016000000","30","事業所数","20～29人","174舗装材料製造業"
"004","0090","04490","00000","2016000000","17","事業所数","20～29人","179その他の石油製品・石炭製品製造業"
"004","0090","04510","00000","2016000000","1760","事業所数","20～29人","18プラスチック製品製造業（別掲を除く）"
"004","0090","04520","00000","2016000000","18","事業所数","20～29人","180管理，補助的経済活動を行う事業所"
"004","0090","04550","00000","2016000000","114","事業所数","20～29人","181プラスチック板・棒・管・継手・異形押出製品製造業"
"004","0090","04610","00000","2016000000","224","事業所数","20～29人","182プラスチックフィルム・シート・床材・合成皮革製造業"
"004","0090","04670","00000","2016000000","658","事業所数","20～29人","183工業用プラスチック製品製造業"
"004","0090","04720","00000","2016000000","195","事業所数","20～29人","184発泡・強化プラスチック製品製造業"
"004","0090","04780","00000","2016000000","70","事業所数","20～29人","185プラスチック成形材料製造業（廃プラスチックを含む）"
"004","0090","04810","00000","2016000000","481","事業所数","20～29人","189その他のプラスチック製品製造業"
"004","0090","04860","00000","2016000000","339","事業所数","20～29人","19ゴム製品製造業"
"004","0090","04870","00000","2016000000","4","事業所数","20～29人","190管理，補助的経済活動を行う事業所"
"004","0090","04900","00000","2016000000","3","事業所数","20～29人","191タイヤ・チューブ製造業"
"004","0090","04930","00000","2016000000","36","事業所数","20～29人","192ゴム製・プラスチック製履物・同附属品製造業"
"004","0090","04960","00000","2016000000","249","事業所数","20～29人","193ゴムベルト・ゴムホース・工業用ゴム製品製造業"
"004","0090","05000","00000","2016000000","47","事業所数","20～29人","199その他のゴム製品製造業"
"004","0090","05070","00000","2016000000","127","事業所数","20～29人","20なめし革・同製品・毛皮製造業"
"004","0090","05080","00000","2016000000","1","事業所数","20～29人","200管理，補助的経済活動を行う事業所"
"004","0090","05110","00000","2016000000","10","事業所数","20～29人","201なめし革製造業"
"004","0090","05130","00000","2016000000","4","事業所数","20～29人","202工業用革製品製造業（手袋を除く）"
"004","0090","05150","00000","2016000000","9","事業所数","20～29人","203革製履物用材料・同附属品製造業"
"004","0090","05170","00000","2016000000","36","事業所数","20～29人","204革製履物製造業"
"004","0090","05190","00000","2016000000","7","事業所数","20～29人","205革製手袋製造業"
"004","0090","05210","00000","2016000000","24","事業所数","20～29人","206かばん製造業"
"004","0090","05230","00000","2016000000","28","事業所数","20～29人","207袋物製造業"
"004","0090","05280","00000","2016000000","8","事業所数","20～29人","209その他のなめし革製品製造業"
"004","0090","05300","00000","2016000000","1370","事業所数","20～29人","21窯業・土石製品製造業"
"004","0090","05310","00000","2016000000","13","事業所数","20～29人","210管理，補助的経済活動を行う事業所"
"004","0090","05340","00000","2016000000","116","事業所数","20～29人","211ガラス・同製品製造業"
"004","0090","05430","00000","2016000000","761","事業所数","20～29人","212セメント・同製品製造業"
"004","0090","05480","00000","2016000000","22","事業所数","20～29人","213建設用粘土製品製造業（陶磁器製を除く)"
"004","0090","05520","00000","2016000000","100","事業所数","20～29人","214陶磁器・同関連製品製造業"
"004","0090","05620","00000","2016000000","25","事業所数","20～29人","215耐火物製造業"
"004","0090","05660","00000","2016000000","20","事業所数","20～29人","216炭素・黒鉛製品製造業"
"004","0090","05690","00000","2016000000","41","事業所数","20～29人","217研磨材・同製品製造業"
"004","0090","05740","00000","2016000000","169","事業所数","20～29人","218骨材・石工品等製造業"
"004","0090","05810","00000","2016000000","103","事業所数","20～29人","219その他の窯業・土石製品製造業"
"004","0090","05870","00000","2016000000","582","事業所数","20～29人","22鉄鋼業"
"004","0090","05880","00000","2016000000","16","事業所数","20～29人","220管理，補助的経済活動を行う事業所"
"004","0090","05910","00000","2016000000","4","事業所数","20～29人","221製鉄業"
"004","0090","05950","00000","2016000000","1","事業所数","20～29人","222製鋼・製鋼圧延業"
"004","0090","05970","00000","2016000000","59","事業所数","20～29人","223製鋼を行わない鋼材製造業（表面処理鋼材を除く）"
"004","0090","06070","00000","2016000000","7","事業所数","20～29人","224表面処理鋼材製造業"
"004","0090","06100","00000","2016000000","153","事業所数","20～29人","225鉄素形材製造業"
"004","0090","06160","00000","2016000000","342","事業所数","20～29人","229その他の鉄鋼業"
"004","0090","06210","00000","2016000000","323","事業所数","20～29人","23非鉄金属製造業"
"004","0090","06220","00000","2016000000","3","事業所数","20～29人","230管理，補助的経済活動を行う事業所"
"004","0090","06250","00000","2016000000","2","事業所数","20～29人","231非鉄金属第１次製錬・精製業"
"004","0090","06290","00000","2016000000","55","事業所数","20～29人","232非鉄金属第２次製錬・精製業（非鉄金属合金製造業を含む）"
"004","0090","06330","00000","2016000000","41","事業所数","20～29人","233非鉄金属・同合金圧延業（抽伸，押出しを含む）"
"004","0090","06370","00000","2016000000","35","事業所数","20～29人","234電線・ケーブル製造業"
"004","0090","06400","00000","2016000000","150","事業所数","20～29人","235非鉄金属素形材製造業"
"004","0090","06460","00000","2016000000","37","事業所数","20～29人","239その他の非鉄金属製造業"
"004","0090","06490","00000","2016000000","2962","事業所数","20～29人","24金属製品製造業"
"004","0090","06500","00000","2016000000","16","事業所数","20～29人","240管理，補助的経済活動を行う事業所"
"004","0090","06530","00000","2016000000","43","事業所数","20～29人","241ブリキ缶・その他のめっき板等製品製造業"
"004","0090","06550","00000","2016000000","161","事業所数","20～29人","242洋食器・刃物・手道具・金物類製造業"
"004","0090","06630","00000","2016000000","117","事業所数","20～29人","243暖房・調理等装置，配管工事用附属品製造業"
"004","0090","06680","00000","2016000000","1178","事業所数","20～29人","244建設用・建築用金属製品製造業（製缶板金業を含む)"
"004","0090","06750","00000","2016000000","398","事業所数","20～29人","245金属素形材製品製造業"
"004","0090","06790","00000","2016000000","613","事業所数","20～29人","246金属被覆・彫刻業，熱処理業（ほうろう鉄器を除く）"
"004","0090","06860","00000","2016000000","76","事業所数","20～29人","247金属線製品製造業（ねじ類を除く)"
"004","0090","06890","00000","2016000000","154","事業所数","20～29人","248ボルト・ナット・リベット・小ねじ・木ねじ等製造業"
"004","0090","06910","00000","2016000000","206","事業所数","20～29人","249その他の金属製品製造業"
"004","0090","06950","00000","2016000000","809","事業所数","20～29人","25はん用機械器具製造業"
"004","0090","06960","00000","2016000000","13","事業所数","20～29人","250管理，補助的経済活動を行う事業所"
"004","0090","06990","00000","2016000000","43","事業所数","20～29人","251ボイラ・原動機製造業"
"004","0090","07040","00000","2016000000","149","事業所数","20～29人","252ポンプ・圧縮機器製造業"
"004","0090","07080","00000","2016000000","271","事業所数","20～29人","253一般産業用機械・装置製造業"
"004","0090","07140","00000","2016000000","333","事業所数","20～29人","259その他のはん用機械・同部分品製造業"
"004","0090","07220","00000","2016000000","2087","事業所数","20～29人","26生産用機械器具製造業"
"004","0090","07230","00000","2016000000","11","事業所数","20～29人","260管理，補助的経済活動を行う事業所"
"004","0090","07260","00000","2016000000","86","事業所数","20～29人","261農業用機械製造業（農業用器具を除く）"
"004","0090","07280","00000","2016000000","133","事業所数","20～29人","262建設機械・鉱山機械製造業"
"004","0090","07300","00000","2016000000","38","事業所数","20～29人","263繊維機械製造業"
"004","0090","07360","00000","2016000000","203","事業所数","20～29人","264生活関連産業用機械製造業"
"004","0090","07420","00000","2016000000","169","事業所数","20～29人","265基礎素材産業用機械製造業"
"004","0090","07460","00000","2016000000","561","事業所数","20～29人","266金属加工機械製造業"
"004","0090","07510","00000","2016000000","201","事業所数","20～29人","267半導体・フラットパネルディスプレイ製造装置製造業"
"004","0090","07540","00000","2016000000","685","事業所数","20～29人","269その他の生産用機械・同部分品製造業"
"004","0090","07600","00000","2016000000","594","事業所数","20～29人","27業務用機械器具製造業"
"004","0090","07610","00000","2016000000","15","事業所数","20～29人","270管理，補助的経済活動を行う事業所"
"004","0090","07640","00000","2016000000","56","事業所数","20～29人","271事務用機械器具製造業"
"004","0090","07670","00000","2016000000","105","事業所数","20～29人","272サービス用・娯楽用機械器具製造業"
"004","0090","07720","00000","2016000000","198","事業所数","20～29人","273計量器・測定器・分析機器・試験機・測量機械器具・理化学機械器具製造業"
"004","0090","07820","00000","2016000000","146","事業所数","20～29人","274医療用機械器具・医療用品製造業"
"004","0090","07870","00000","2016000000","68","事業所数","20～29人","275光学機械器具・レンズ製造業"
"004","0090","07910","00000","2016000000","6","事業所数","20～29人","276武器製造業"
"004","0090","07930","00000","2016000000","604","事業所数","20～29人","28電子部品・デバイス・電子回路製造業"
"004","0090","07940","00000","2016000000","9","事業所数","20～29人","280管理，補助的経済活動を行う事業所"
"004","0090","07970","00000","2016000000","28","事業所数","20～29人","281電子デバイス製造業"
"004","0090","08030","00000","2016000000","128","事業所数","20～29人","282電子部品製造業"
"004","0090","08070","00000","2016000000","5","事業所数","20～29人","283記録メディア製造業"
"004","0090","08100","00000","2016000000","193","事業所数","20～29人","284電子回路製造業"
"004","0090","08130","00000","2016000000","33","事業所数","20～29人","285ユニット部品製造業"
"004","0090","08160","00000","2016000000","208","事業所数","20～29人","289その他の電子部品・デバイス・電子回路製造業"
"004","0090","08180","00000","2016000000","1215","事業所数","20～29人","29電気機械器具製造業"
"004","0090","08190","00000","2016000000","16","事業所数","20～29人","290管理，補助的経済活動を行う事業所"
"004","0090","08220","00000","2016000000","471","事業所数","20～29人","291発電用・送電用・配電用電気機械器具製造業"
"004","0090","08280","00000","2016000000","240","事業所数","20～29人","292産業用電気機械器具製造業"
"004","0090","08320","00000","2016000000","162","事業所数","20～29人","293民生用電気機械器具製造業"
"004","0090","08370","00000","2016000000","94","事業所数","20～29人","294電球・電気照明器具製造業"
"004","0090","08400","00000","2016000000","21","事業所数","20～29人","295電池製造業"
"004","0090","08430","00000","2016000000","75","事業所数","20～29人","296電子応用装置製造業"
"004","0090","08470","00000","2016000000","99","事業所数","20～29人","297電気計測器製造業"
"004","0090","08510","00000","2016000000","37","事業所数","20～29人","299その他の電気機械器具製造業"
"004","0090","08530","00000","2016000000","276","事業所数","20～29人","30情報通信機械器具製造業"
"004","0090","08540","00000","2016000000","6","事業所数","20～29人","300管理，補助的経済活動を行う事業所"
"004","0090","08570","00000","2016000000","119","事業所数","20～29人","301通信機械器具・同関連機械器具製造業"
"004","0090","08640","00000","2016000000","65","事業所数","20～29人","302映像・音響機械器具製造業"
"004","0090","08680","00000","2016000000","86","事業所数","20～29人","303電子計算機・同附属装置製造業"
"004","0090","08750","00000","2016000000","1476","事業所数","20～29人","31輸送用機械器具製造業"
"004","0090","08760","00000","2016000000","17","事業所数","20～29人","310管理，補助的経済活動を行う事業所"
"004","0090","08790","00000","2016000000","986","事業所数","20～29人","311自動車・同附属品製造業"
"004","0090","08830","00000","2016000000","71","事業所数","20～29人","312鉄道車両・同部分品製造業"
"004","0090","08860","00000","2016000000","254","事業所数","20～29人","313船舶製造・修理業，舶用機関製造業"
"004","0090","08910","00000","2016000000","57","事業所数","20～29人","314航空機・同附属品製造業"
"004","0090","08950","00000","2016000000","46","事業所数","20～29人","315産業用運搬車両・同部分品・附属品製造業"
"004","0090","08980","00000","2016000000","45","事業所数","20～29人","319その他の輸送用機械器具製造業"
"004","0090","09010","00000","2016000000","708","事業所数","20～29人","32その他の製造業"
"004","0090","09020","00000","2016000000","8","事業所数","20～29人","320管理，補助的経済活動を行う事業所"
"004","0090","09050","00000","2016000000","40","事業所数","20～29人","321貴金属・宝石製品製造業"
"004","0090","09090","00000","2016000000","42","事業所数","20～29人","322装身具・装飾品・ボタン・同関連品製造業（貴金属・宝石製を除く）"
"004","0090","09150","00000","2016000000","8","事業所数","20～29人","323時計・同部分品製造業"
"004","0090","09170","00000","2016000000","22","事業所数","20～29人","324楽器製造業"
"004","0090","09200","00000","2016000000","115","事業所数","20～29人","325がん具・運動用具製造業"
"004","0090","09210","00000","2016000000","58","事業所数","20～29人","32Aがん具製造業"
"004","0090","09240","00000","2016000000","57","事業所数","20～29人","32B運動用具製造業"
"004","0090","09260","00000","2016000000","58","事業所数","20～29人","326ペン・鉛筆・絵画用品・その他の事務用品製造業"
"004","0090","09300","00000","2016000000","17","事業所数","20～29人","327漆器製造業"
"004","0090","09320","00000","2016000000","65","事業所数","20～29人","328畳等生活雑貨製品製造業"
"004","0090","09390","00000","2016000000","333","事業所数","20～29人","329他に分類されない製造業"
"004","0090","09400","00000","2016000000","10","事業所数","20～29人","32C情報記録物製造業（新聞，書籍等の印刷物を除く）"
"004","0090","09420","00000","2016000000","323","事業所数","20～29人","32D他に分類されないその他の製造業"
"004","0090","09500","00000","2016000000","388","事業所数","20～29人","F電気・ガス・熱供給・水道業"
"004","0090","09510","00000","2016000000","171","事業所数","20～29人","33電気業"
"004","0090","09520","00000","2016000000","131","事業所数","20～29人","330管理，補助的経済活動を行う事業所"
"004","0090","09530","00000","2016000000","40","事業所数","20～29人","331電気業"
"004","0090","09540","00000","2016000000","46","事業所数","20～29人","34ガス業"
"004","0090","09550","00000","2016000000","14","事業所数","20～29人","340管理，補助的経済活動を行う事業所"
"004","0090","09560","00000","2016000000","32","事業所数","20～29人","341ガス業"
"004","0090","09570","00000","2016000000","5","事業所数","20～29人","35熱供給業"
"004","0090","09590","00000","2016000000","5","事業所数","20～29人","351熱供給業"
"004","0090","09600","00000","2016000000","165","事業所数","20～29人","36水道業"
"004","0090","09610","00000","2016000000","1","事業所数","20～29人","360管理，補助的経済活動を行う事業所"
"004","0090","09620","00000","2016000000","22","事業所数","20～29人","361上水道業"
"004","0090","09630","00000","2016000000","1","事業所数","20～29人","362工業用水道業"
"004","0090","09640","00000","2016000000","141","事業所数","20～29人","363下水道業"
"004","0090","09650","00000","2016000000","3522","事業所数","20～29人","G情報通信業"
"004","0090","09660","00000","2016000000","985","事業所数","20～29人","G1情報通信業（通信業，放送業，映像・音声・文字情報制作業）"
"004","0090","09670","00000","2016000000","192","事業所数","20～29人","37通信業"
"004","0090","09690","00000","2016000000","98","事業所数","20～29人","371固定電気通信業"
"004","0090","09700","00000","2016000000","14","事業所数","20～29人","372移動電気通信業"
"004","0090","09710","00000","2016000000","80","事業所数","20～29人","373電気通信に附帯するサービス業"
"004","0090","09720","00000","2016000000","117","事業所数","20～29人","38放送業"
"004","0090","09740","00000","2016000000","1","事業所数","20～29人","381公共放送業（有線放送業を除く）"
"004","0090","09750","00000","2016000000","38","事業所数","20～29人","382民間放送業（有線放送業を除く）"
"004","0090","09770","00000","2016000000","78","事業所数","20～29人","383有線放送業"
"004","0090","09780","00000","2016000000","674","事業所数","20～29人","41映像・音声・文字情報制作業"
"004","0090","09790","00000","2016000000","7","事業所数","20～29人","410管理，補助的経済活動を行う事業所"
"004","0090","09800","00000","2016000000","204","事業所数","20～29人","411映像情報制作・配給業"
"004","0090","09810","00000","2016000000","10","事業所数","20～29人","412音声情報制作業"
"004","0090","09820","00000","2016000000","87","事業所数","20～29人","413新聞業"
"004","0090","09830","00000","2016000000","200","事業所数","20～29人","414出版業"
"004","0090","09840","00000","2016000000","82","事業所数","20～29人","415広告制作業"
"004","0090","09850","00000","2016000000","84","事業所数","20～29人","416映像・音声・文字情報制作に附帯するサービス業"
"004","0090","09860","00000","2016000000","2537","事業所数","20～29人","G2情報通信業（情報サービス業，インターネット附随サービス業）"
"004","0090","09870","00000","2016000000","2306","事業所数","20～29人","39情報サービス業"
"004","0090","09880","00000","2016000000","9","事業所数","20～29人","390管理，補助的経済活動を行う事業所"
"004","0090","09910","00000","2016000000","1934","事業所数","20～29人","391ソフトウェア業"
"004","0090","09960","00000","2016000000","363","事業所数","20～29人","392情報処理・提供サービス業"
"004","0090","09970","00000","2016000000","229","事業所数","20～29人","39A情報処理サービス業"
"004","0090","09990","00000","2016000000","48","事業所数","20～29人","39B情報提供サービス業"
"004","0090","10010","00000","2016000000","86","事業所数","20～29人","39Cその他の情報処理・提供サービス業"
"004","0090","10040","00000","2016000000","230","事業所数","20～29人","40インターネット附随サービス業"
"004","0090","10080","00000","2016000000","230","事業所数","20～29人","401インターネット附随サービス業"
"004","0090","10120","00000","2016000000","13002","事業所数","20～29人","H運輸業，郵便業"
"004","0090","10130","00000","2016000000","402","事業所数","20～29人","42鉄道業"
"004","0090","10140","00000","2016000000","6","事業所数","20～29人","420管理，補助的経済活動を行う事業所"
"004","0090","10150","00000","2016000000","396","事業所数","20～29人","421鉄道業"
"004","0090","10160","00000","2016000000","1261","事業所数","20～29人","43道路旅客運送業"
"004","0090","10170","00000","2016000000","8","事業所数","20～29人","430管理，補助的経済活動を行う事業所"
"004","0090","10180","00000","2016000000","173","事業所数","20～29人","431一般乗合旅客自動車運送業"
"004","0090","10190","00000","2016000000","802","事業所数","20～29人","432一般乗用旅客自動車運送業"
"004","0090","10200","00000","2016000000","260","事業所数","20～29人","433一般貸切旅客自動車運送業"
"004","0090","10210","00000","2016000000","18","事業所数","20～29人","439その他の道路旅客運送業"
"004","0090","10220","00000","2016000000","8811","事業所数","20～29人","44道路貨物運送業"
"004","0090","10230","00000","2016000000","34","事業所数","20～29人","440管理，補助的経済活動を行う事業所"
"004","0090","10240","00000","2016000000","8369","事業所数","20～29人","441一般貨物自動車運送業"
"004","0090","10250","00000","2016000000","202","事業所数","20～29人","442特定貨物自動車運送業"
"004","0090","10260","00000","2016000000","60","事業所数","20～29人","443貨物軽自動車運送業"
"004","0090","10270","00000","2016000000","141","事業所数","20～29人","444集配利用運送業"
"004","0090","10280","00000","2016000000","5","事業所数","20～29人","449その他の道路貨物運送業"
"004","0090","10290","00000","2016000000","166","事業所数","20～29人","45水運業"
"004","0090","10310","00000","2016000000","17","事業所数","20～29人","451外航海運業"
"004","0090","10320","00000","2016000000","86","事業所数","20～29人","452沿海海運業"
"004","0090","10330","00000","2016000000","15","事業所数","20～29人","453内陸水運業"
"004","0090","10340","00000","2016000000","48","事業所数","20～29人","454船舶貸渡業"
"004","0090","10350","00000","2016000000","35","事業所数","20～29人","46航空運輸業"
"004","0090","10370","00000","2016000000","34","事業所数","20～29人","461航空運送業"
"004","0090","10380","00000","2016000000","1","事業所数","20～29人","462航空機使用業（航空運送業を除く）"
"004","0090","10390","00000","2016000000","799","事業所数","20～29人","47倉庫業"
"004","0090","10400","00000","2016000000","7","事業所数","20～29人","470管理，補助的経済活動を行う事業所"
"004","0090","10410","00000","2016000000","666","事業所数","20～29人","471倉庫業（冷蔵倉庫業を除く）"
"004","0090","10420","00000","2016000000","126","事業所数","20～29人","472冷蔵倉庫業"
"004","0090","10430","00000","2016000000","1519","事業所数","20～29人","48運輸に附帯するサービス業"
"004","0090","10440","00000","2016000000","10","事業所数","20～29人","480管理，補助的経済活動を行う事業所"
"004","0090","10450","00000","2016000000","233","事業所数","20～29人","481港湾運送業"
"004","0090","10460","00000","2016000000","333","事業所数","20～29人","482貨物運送取扱業（集配利用運送業を除く）"
"004","0090","10470","00000","2016000000","37","事業所数","20～29人","483運送代理店"
"004","0090","10480","00000","2016000000","308","事業所数","20～29人","484こん包業"
"004","0090","10490","00000","2016000000","92","事業所数","20～29人","485運輸施設提供業"
"004","0090","10500","00000","2016000000","506","事業所数","20～29人","489その他の運輸に附帯するサービス業"
"004","0090","10510","00000","2016000000","6","事業所数","20～29人","49郵便業（信書便事業を含む）"
"004","0090","10530","00000","2016000000","6","事業所数","20～29人","491郵便業（信書便事業を含む）"
"004","0090","10540","00000","2016000000","49211","事業所数","20～29人","I卸売業，小売業"
"004","0090","10550","00000","2016000000","15234","事業所数","20～29人","I1卸売業"
"004","0090","10560","00000","2016000000","87","事業所数","20～29人","50各種商品卸売業"
"004","0090","10570","00000","2016000000","1","事業所数","20～29人","500管理，補助的経済活動を行う事業所"
"004","0090","10610","00000","2016000000","86","事業所数","20～29人","501各種商品卸売業"
"004","0090","10640","00000","2016000000","86","事業所数","20～29人","50Bその他の各種商品卸売業"
"004","0090","10660","00000","2016000000","838","事業所数","20～29人","51繊維・衣服等卸売業"
"004","0090","10670","00000","2016000000","24","事業所数","20～29人","510管理，補助的経済活動を行う事業所"
"004","0090","10710","00000","2016000000","90","事業所数","20～29人","511繊維品卸売業（衣服，身の回り品を除く）"
"004","0090","10750","00000","2016000000","364","事業所数","20～29人","512衣服卸売業"
"004","0090","10800","00000","2016000000","360","事業所数","20～29人","513身の回り品卸売業"
"004","0090","10850","00000","2016000000","3476","事業所数","20～29人","52飲食料品卸売業"
"004","0090","10860","00000","2016000000","35","事業所数","20～29人","520管理，補助的経済活動を行う事業所"
"004","0090","10900","00000","2016000000","1513","事業所数","20～29人","521農畜産物・水産物卸売業"
"004","0090","10910","00000","2016000000","101","事業所数","20～29人","52A米穀類卸売業"
"004","0090","10940","00000","2016000000","581","事業所数","20～29人","52B野菜・果実卸売業"
"004","0090","10970","00000","2016000000","314","事業所数","20～29人","52C食肉卸売業"
"004","0090","10990","00000","2016000000","377","事業所数","20～29人","52D生鮮魚介卸売業"
"004","0090","11010","00000","2016000000","140","事業所数","20～29人","52Eその他の農畜産物・水産物卸売業"
"004","0090","11030","00000","2016000000","1928","事業所数","20～29人","522食料・飲料卸売業"
"004","0090","11120","00000","2016000000","2905","事業所数","20～29人","53建築材料，鉱物・金属材料等卸売業"
"004","0090","11130","00000","2016000000","45","事業所数","20～29人","530管理，補助的経済活動を行う事業所"
"004","0090","11170","00000","2016000000","1000","事業所数","20～29人","531建築材料卸売業"
"004","0090","11230","00000","2016000000","674","事業所数","20～29人","532化学製品卸売業"
"004","0090","11270","00000","2016000000","284","事業所数","20～29人","533石油・鉱物卸売業"
"004","0090","11300","00000","2016000000","400","事業所数","20～29人","534鉄鋼製品卸売業"
"004","0090","11340","00000","2016000000","128","事業所数","20～29人","535非鉄金属卸売業"
"004","0090","11370","00000","2016000000","374","事業所数","20～29人","536再生資源卸売業"
"004","0090","11430","00000","2016000000","4359","事業所数","20～29人","54機械器具卸売業"
"004","0090","11440","00000","2016000000","89","事業所数","20～29人","540管理，補助的経済活動を行う事業所"
"004","0090","11480","00000","2016000000","1438","事業所数","20～29人","541産業機械器具卸売業"
"004","0090","11540","00000","2016000000","811","事業所数","20～29人","542自動車卸売業"
"004","0090","11580","00000","2016000000","1231","事業所数","20～29人","543電気機械器具卸売業"
"004","0090","11610","00000","2016000000","790","事業所数","20～29人","549その他の機械器具卸売業"
"004","0090","11650","00000","2016000000","3560","事業所数","20～29人","55その他の卸売業"
"004","0090","11660","00000","2016000000","120","事業所数","20～29人","550管理，補助的経済活動を行う事業所"
"004","0090","11700","00000","2016000000","431","事業所数","20～29人","551家具・建具・じゅう器等卸売業"
"004","0090","11770","00000","2016000000","1427","事業所数","20～29人","552医薬品・化粧品等卸売業"
"004","0090","11820","00000","2016000000","259","事業所数","20～29人","553紙・紙製品卸売業"
"004","0090","11850","00000","2016000000","1323","事業所数","20～29人","559他に分類されない卸売業"
"004","0090","11860","00000","2016000000","42","事業所数","20～29人","55A代理商，仲立業"
"004","0090","11880","00000","2016000000","1281","事業所数","20～29人","55B他に分類されないその他の卸売業"
"004","0090","11970","00000","2016000000","33977","事業所数","20～29人","I2小売業"
"004","0090","11980","00000","2016000000","68","事業所数","20～29人","56各種商品小売業"
"004","0090","11990","00000","2016000000","8","事業所数","20～29人","560管理，補助的経済活動を行う事業所"
"004","0090","12050","00000","2016000000","60","事業所数","20～29人","569その他の各種商品小売業（従業者が常時50人未満のもの）"
"004","0090","12070","00000","2016000000","1574","事業所数","20～29人","57織物・衣服・身の回り品小売業"
"004","0090","12080","00000","2016000000","53","事業所数","20～29人","570管理，補助的経済活動を行う事業所"
"004","0090","12120","00000","2016000000","51","事業所数","20～29人","571呉服・服地・寝具小売業"
"004","0090","12150","00000","2016000000","159","事業所数","20～29人","572男子服小売業"
"004","0090","12170","00000","2016000000","662","事業所数","20～29人","573婦人・子供服小売業"
"004","0090","12200","00000","2016000000","80","事業所数","20～29人","574靴・履物小売業"
"004","0090","12230","00000","2016000000","569","事業所数","20～29人","579その他の織物・衣服・身の回り品小売業"
"004","0090","12280","00000","2016000000","15618","事業所数","20～29人","58飲食料品小売業"
"004","0090","12290","00000","2016000000","87","事業所数","20～29人","580管理，補助的経済活動を行う事業所"
"004","0090","12330","00000","2016000000","2305","事業所数","20～29人","581各種食料品小売業"
"004","0090","12350","00000","2016000000","304","事業所数","20～29人","582野菜・果実小売業"
"004","0090","12380","00000","2016000000","181","事業所数","20～29人","583食肉小売業"
"004","0090","12410","00000","2016000000","120","事業所数","20～29人","584鮮魚小売業"
"004","0090","12430","00000","2016000000","146","事業所数","20～29人","585酒小売業"
"004","0090","12450","00000","2016000000","1668","事業所数","20～29人","586菓子・パン小売業"
"004","0090","12500","00000","2016000000","10807","事業所数","20～29人","589その他の飲食料品小売業"
"004","0090","12510","00000","2016000000","635","事業所数","20～29人","58A料理品小売業"
"004","0090","12530","00000","2016000000","10172","事業所数","20～29人","58B他に分類されない飲食料品小売業"
"004","0090","12620","00000","2016000000","4838","事業所数","20～29人","59機械器具小売業"
"004","0090","12630","00000","2016000000","66","事業所数","20～29人","590管理，補助的経済活動を行う事業所"
"004","0090","12670","00000","2016000000","3561","事業所数","20～29人","591自動車小売業"
"004","0090","12720","00000","2016000000","13","事業所数","20～29人","592自転車小売業"
"004","0090","12740","00000","2016000000","1198","事業所数","20～29人","593機械器具小売業（自動車，自転車を除く）"
"004","0090","12790","00000","2016000000","10574","事業所数","20～29人","60その他の小売業"
"004","0090","12800","00000","2016000000","125","事業所数","20～29人","600管理，補助的経済活動を行う事業所"
"004","0090","12840","00000","2016000000","205","事業所数","20～29人","601家具・建具・畳小売業"
"004","0090","12890","00000","2016000000","48","事業所数","20～29人","602じゅう器小売業"
"004","0090","12940","00000","2016000000","3092","事業所数","20～29人","603医薬品・化粧品小売業"
"004","0090","12990","00000","2016000000","119","事業所数","20～29人","604農耕用品小売業"
"004","0090","13030","00000","2016000000","810","事業所数","20～29人","605燃料小売業"
"004","0090","13060","00000","2016000000","3599","事業所数","20～29人","606書籍・文房具小売業"
"004","0090","13110","00000","2016000000","528","事業所数","20～29人","607スポーツ用品・がん具・娯楽用品・楽器小売業"
"004","0090","13120","00000","2016000000","334","事業所数","20～29人","60Aスポーツ用品小売業"
"004","0090","13140","00000","2016000000","121","事業所数","20～29人","60Bがん具・娯楽用品小売業"
"004","0090","13160","00000","2016000000","73","事業所数","20～29人","60C楽器小売業"
"004","0090","13180","00000","2016000000","59","事業所数","20～29人","608写真機・時計・眼鏡小売業"
"004","0090","13210","00000","2016000000","1989","事業所数","20～29人","609他に分類されない小売業"
"004","0090","13220","00000","2016000000","79","事業所数","20～29人","60D花・植木小売業"
"004","0090","13240","00000","2016000000","104","事業所数","20～29人","60Eペット・ペット用品小売業"
"004","0090","13260","00000","2016000000","279","事業所数","20～29人","60F中古品小売業（他に分類されないもの）"
"004","0090","13290","00000","2016000000","1527","事業所数","20～29人","60G他に分類されないその他の小売業"
"004","0090","13350","00000","2016000000","1280","事業所数","20～29人","61無店舗小売業"
"004","0090","13360","00000","2016000000","19","事業所数","20～29人","610管理，補助的経済活動を行う事業所"
"004","0090","13400","00000","2016000000","827","事業所数","20～29人","611通信販売・訪問販売小売業"
"004","0090","13460","00000","2016000000","256","事業所数","20～29人","612自動販売機による小売業"
"004","0090","13480","00000","2016000000","178","事業所数","20～29人","619その他の無店舗小売業"
"004","0090","13500","00000","2016000000","8065","事業所数","20～29人","J金融業，保険業"
"004","0090","13510","00000","2016000000","2820","事業所数","20～29人","62銀行業"
"004","0090","13520","00000","2016000000","15","事業所数","20～29人","620管理，補助的経済活動を行う事業所"
"004","0090","13540","00000","2016000000","2805","事業所数","20～29人","622銀行（中央銀行を除く）"
"004","0090","13560","00000","2016000000","1104","事業所数","20～29人","63協同組織金融業"
"004","0090","13580","00000","2016000000","1070","事業所数","20～29人","631中小企業等金融業"
"004","0090","13590","00000","2016000000","34","事業所数","20～29人","632農林水産金融業"
"004","0090","13600","00000","2016000000","191","事業所数","20～29人","64貸金業，クレジットカード業等非預金信用機関"
"004","0090","13610","00000","2016000000","1","事業所数","20～29人","640管理，補助的経済活動を行う事業所"
"004","0090","13620","00000","2016000000","28","事業所数","20～29人","641貸金業"
"004","0090","13640","00000","2016000000","97","事業所数","20～29人","643クレジットカード業，割賦金融業"
"004","0090","13650","00000","2016000000","65","事業所数","20～29人","649その他の非預金信用機関"
"004","0090","13660","00000","2016000000","269","事業所数","20～29人","65金融商品取引業，商品先物取引業"
"004","0090","13680","00000","2016000000","257","事業所数","20～29人","651金融商品取引業"
"004","0090","13690","00000","2016000000","12","事業所数","20～29人","652商品先物取引業，商品投資顧問業"
"004","0090","13700","00000","2016000000","95","事業所数","20～29人","66補助的金融業等"
"004","0090","13720","00000","2016000000","82","事業所数","20～29人","661補助的金融業，金融附帯業"
"004","0090","13730","00000","2016000000","3","事業所数","20～29人","662信託業"
"004","0090","13740","00000","2016000000","10","事業所数","20～29人","663金融代理業"
"004","0090","13750","00000","2016000000","3573","事業所数","20～29人","67保険業（保険媒介代理業，保険サービス業を含む）"
"004","0090","13760","00000","2016000000","4","事業所数","20～29人","670管理，補助的経済活動を行う事業所"
"004","0090","13770","00000","2016000000","2720","事業所数","20～29人","671生命保険業"
"004","0090","13780","00000","2016000000","340","事業所数","20～29人","672損害保険業"
"004","0090","13790","00000","2016000000","180","事業所数","20～29人","673共済事業，少額短期保険業"
"004","0090","13800","00000","2016000000","289","事業所数","20～29人","674保険媒介代理業"
"004","0090","13810","00000","2016000000","40","事業所数","20～29人","675保険サービス業"
"004","0090","13820","00000","2016000000","3310","事業所数","20～29人","K不動産業，物品賃貸業"
"004","0090","13830","00000","2016000000","2039","事業所数","20～29人","K1不動産業"
"004","0090","13840","00000","2016000000","655","事業所数","20～29人","68不動産取引業"
"004","0090","13850","00000","2016000000","1","事業所数","20～29人","680管理，補助的経済活動を行う事業所"
"004","0090","13880","00000","2016000000","246","事業所数","20～29人","681建物売買業，土地売買業"
"004","0090","13910","00000","2016000000","408","事業所数","20～29人","682不動産代理業・仲介業"
"004","0090","13930","00000","2016000000","1368","事業所数","20～29人","69不動産賃貸業・管理業"
"004","0090","13940","00000","2016000000","7","事業所数","20～29人","690管理，補助的経済活動を行う事業所"
"004","0090","13970","00000","2016000000","337","事業所数","20～29人","691不動産賃貸業（貸家業，貸間業を除く）"
"004","0090","14010","00000","2016000000","533","事業所数","20～29人","692貸家業，貸間業"
"004","0090","14040","00000","2016000000","77","事業所数","20～29人","693駐車場業"
"004","0090","14060","00000","2016000000","414","事業所数","20～29人","694不動産管理業"
"004","0090","14080","00000","2016000000","1271","事業所数","20～29人","K2物品賃貸業"
"004","0090","14090","00000","2016000000","1271","事業所数","20～29人","70物品賃貸業"
"004","0090","14100","00000","2016000000","25","事業所数","20～29人","700管理，補助的経済活動を行う事業所"
"004","0090","14130","00000","2016000000","54","事業所数","20～29人","701各種物品賃貸業"
"004","0090","14160","00000","2016000000","404","事業所数","20～29人","702産業用機械器具賃貸業"
"004","0090","14190","00000","2016000000","21","事業所数","20～29人","703事務用機械器具賃貸業"
"004","0090","14220","00000","2016000000","150","事業所数","20～29人","704自動車賃貸業"
"004","0090","14240","00000","2016000000","6","事業所数","20～29人","705スポーツ・娯楽用品賃貸業"
"004","0090","14260","00000","2016000000","610","事業所数","20～29人","709その他の物品賃貸業"
"004","0090","14270","00000","2016000000","317","事業所数","20～29人","70A音楽・映像記録物賃貸業（別掲を除く）"
"004","0090","14290","00000","2016000000","293","事業所数","20～29人","70B他に分類されない物品賃貸業"
"004","0090","14330","00000","2016000000","4340","事業所数","20～29人","L学術研究，専門・技術サービス業"
"004","0090","14340","00000","2016000000","372","事業所数","20～29人","71学術・開発研究機関"
"004","0090","14370","00000","2016000000","338","事業所数","20～29人","711自然科学研究所"
"004","0090","14420","00000","2016000000","34","事業所数","20～29人","712人文・社会科学研究所"
"004","0090","14440","00000","2016000000","1232","事業所数","20～29人","72専門サービス業（他に分類されないもの）"
"004","0090","14450","00000","2016000000","4","事業所数","20～29人","720管理，補助的経済活動を行う事業所"
"004","0090","14470","00000","2016000000","138","事業所数","20～29人","721法律事務所，特許事務所"
"004","0090","14480","00000","2016000000","97","事業所数","20～29人","72A法律事務所"
"004","0090","14500","00000","2016000000","41","事業所数","20～29人","72B特許事務所"
"004","0090","14520","00000","2016000000","28","事業所数","20～29人","722公証人役場，司法書士事務所，土地家屋調査士事務所"
"004","0090","14550","00000","2016000000","4","事業所数","20～29人","723行政書士事務所"
"004","0090","14570","00000","2016000000","332","事業所数","20～29人","724公認会計士事務所，税理士事務所"
"004","0090","14580","00000","2016000000","30","事業所数","20～29人","72C公認会計士事務所"
"004","0090","14600","00000","2016000000","302","事業所数","20～29人","72D税理士事務所"
"004","0090","14620","00000","2016000000","19","事業所数","20～29人","725社会保険労務士事務所"
"004","0090","14640","00000","2016000000","113","事業所数","20～29人","726デザイン業"
"004","0090","14690","00000","2016000000","267","事業所数","20～29人","728経営コンサルタント業，純粋持株会社"
"004","0090","14700","00000","2016000000","214","事業所数","20～29人","72E経営コンサルタント業"
"004","0090","14720","00000","2016000000","53","事業所数","20～29人","72F純粋持株会社"
"004","0090","14740","00000","2016000000","327","事業所数","20～29人","729その他の専門サービス業"
"004","0090","14750","00000","2016000000","17","事業所数","20～29人","72G興信所"
"004","0090","14770","00000","2016000000","310","事業所数","20～29人","72H他に分類されない専門サービス業"
"004","0090","14820","00000","2016000000","353","事業所数","20～29人","73広告業"
"004","0090","14830","00000","2016000000","1","事業所数","20～29人","730管理，補助的経済活動を行う事業所"
"004","0090","14860","00000","2016000000","352","事業所数","20～29人","731広告業"
"004","0090","14880","00000","2016000000","2382","事業所数","20～29人","74技術サービス業（他に分類されないもの）"
"004","0090","14890","00000","2016000000","10","事業所数","20～29人","740管理，補助的経済活動を行う事業所"
"004","0090","14910","00000","2016000000","107","事業所数","20～29人","741獣医業"
"004","0090","14930","00000","2016000000","1148","事業所数","20～29人","742土木建築サービス業"
"004","0090","14940","00000","2016000000","788","事業所数","20～29人","74A建築設計業"
"004","0090","14960","00000","2016000000","220","事業所数","20～29人","74B測量業"
"004","0090","14980","00000","2016000000","140","事業所数","20～29人","74Cその他の土木建築サービス業"
"004","0090","15000","00000","2016000000","197","事業所数","20～29人","743機械設計業"
"004","0090","15020","00000","2016000000","252","事業所数","20～29人","744商品・非破壊検査業"
"004","0090","15050","00000","2016000000","104","事業所数","20～29人","745計量証明業"
"004","0090","15090","00000","2016000000","136","事業所数","20～29人","746写真業"
"004","0090","15120","00000","2016000000","428","事業所数","20～29人","749その他の技術サービス業"
"004","0090","15140","00000","2016000000","30558","事業所数","20～29人","M宿泊業，飲食サービス業"
"004","0090","15150","00000","2016000000","2456","事業所数","20～29人","M1宿泊業"
"004","0090","15160","00000","2016000000","2456","事業所数","20～29人","75宿泊業"
"004","0090","15170","00000","2016000000","17","事業所数","20～29人","750管理，補助的経済活動を行う事業所"
"004","0090","15200","00000","2016000000","2274","事業所数","20～29人","751旅館，ホテル"
"004","0090","15220","00000","2016000000","34","事業所数","20～29人","752簡易宿所"
"004","0090","15240","00000","2016000000","5","事業所数","20～29人","753下宿業"
"004","0090","15260","00000","2016000000","123","事業所数","20～29人","759その他の宿泊業"
"004","0090","15270","00000","2016000000","51","事業所数","20～29人","75A会社・団体の宿泊所"
"004","0090","15290","00000","2016000000","72","事業所数","20～29人","75B他に分類されない宿泊業"
"004","0090","15320","00000","2016000000","28102","事業所数","20～29人","M2飲食店，持ち帰り・配達飲食サービス業"
"004","0090","15330","00000","2016000000","25343","事業所数","20～29人","76飲食店"
"004","0090","15340","00000","2016000000","72","事業所数","20～29人","760管理，補助的経済活動を行う事業所"
"004","0090","15370","00000","2016000000","3331","事業所数","20～29人","761食堂，レストラン（専門料理店を除く）"
"004","0090","15390","00000","2016000000","10535","事業所数","20～29人","762専門料理店"
"004","0090","15400","00000","2016000000","3831","事業所数","20～29人","76A日本料理店"
"004","0090","15420","00000","2016000000","2085","事業所数","20～29人","76B中華料理店"
"004","0090","15450","00000","2016000000","1516","事業所数","20～29人","76C焼肉店"
"004","0090","15470","00000","2016000000","3103","事業所数","20～29人","76Dその他の専門料理店"
"004","0090","15500","00000","2016000000","1407","事業所数","20～29人","763そば・うどん店"
"004","0090","15520","00000","2016000000","844","事業所数","20～29人","764すし店"
"004","0090","15540","00000","2016000000","3596","事業所数","20～29人","765酒場，ビヤホール"
"004","0090","15560","00000","2016000000","582","事業所数","20～29人","766バー，キャバレー，ナイトクラブ"
"004","0090","15580","00000","2016000000","2551","事業所数","20～29人","767喫茶店"
"004","0090","15600","00000","2016000000","2425","事業所数","20～29人","769その他の飲食店"
"004","0090","15610","00000","2016000000","1108","事業所数","20～29人","76Eハンバーガー店"
"004","0090","15630","00000","2016000000","263","事業所数","20～29人","76Fお好み焼・焼きそば・たこ焼店"
"004","0090","15650","00000","2016000000","1054","事業所数","20～29人","76G他に分類されない飲食店"
"004","0090","15670","00000","2016000000","2720","事業所数","20～29人","77持ち帰り・配達飲食サービス業"
"004","0090","15680","00000","2016000000","41","事業所数","20～29人","770管理，補助的経済活動を行う事業所"
"004","0090","15710","00000","2016000000","190","事業所数","20～29人","771持ち帰り飲食サービス業"
"004","0090","15730","00000","2016000000","2489","事業所数","20～29人","772配達飲食サービス業"
"004","0090","15750","00000","2016000000","8682","事業所数","20～29人","N生活関連サービス業，娯楽業"
"004","0090","15760","00000","2016000000","1978","事業所数","20～29人","78洗濯・理容・美容・浴場業"
"004","0090","15770","00000","2016000000","19","事業所数","20～29人","780管理，補助的経済活動を行う事業所"
"004","0090","15800","00000","2016000000","974","事業所数","20～29人","781洗濯業"
"004","0090","15810","00000","2016000000","531","事業所数","20～29人","78A普通洗濯業"
"004","0090","15840","00000","2016000000","443","事業所数","20～29人","78Bリネンサプライ業"
"004","0090","15860","00000","2016000000","31","事業所数","20～29人","782理容業"
"004","0090","15880","00000","2016000000","461","事業所数","20～29人","783美容業"
"004","0090","15900","00000","2016000000","41","事業所数","20～29人","784一般公衆浴場業"
"004","0090","15920","00000","2016000000","229","事業所数","20～29人","785その他の公衆浴場業"
"004","0090","15940","00000","2016000000","223","事業所数","20～29人","789その他の洗濯・理容・美容・浴場業"
"004","0090","16000","00000","2016000000","1385","事業所数","20～29人","79その他の生活関連サービス業"
"004","0090","16010","00000","2016000000","13","事業所数","20～29人","790管理，補助的経済活動を行う事業所"
"004","0090","16040","00000","2016000000","283","事業所数","20～29人","791旅行業"
"004","0090","16070","00000","2016000000","34","事業所数","20～29人","793衣服裁縫修理業"
"004","0090","16090","00000","2016000000","21","事業所数","20～29人","794物品預り業"
"004","0090","16110","00000","2016000000","16","事業所数","20～29人","795火葬・墓地管理業"
"004","0090","16140","00000","2016000000","690","事業所数","20～29人","796冠婚葬祭業"
"004","0090","16150","00000","2016000000","342","事業所数","20～29人","79A葬儀業"
"004","0090","16170","00000","2016000000","264","事業所数","20～29人","79B結婚式場業"
"004","0090","16190","00000","2016000000","84","事業所数","20～29人","79C冠婚葬祭互助会"
"004","0090","16210","00000","2016000000","328","事業所数","20～29人","799他に分類されない生活関連サービス業"
"004","0090","16220","00000","2016000000","15","事業所数","20～29人","79D写真プリント，現像・焼付業"
"004","0090","16240","00000","2016000000","313","事業所数","20～29人","79E他に分類されないその他の生活関連サービス業"
"004","0090","16280","00000","2016000000","5314","事業所数","20～29人","80娯楽業"
"004","0090","16290","00000","2016000000","26","事業所数","20～29人","800管理，補助的経済活動を行う事業所"
"004","0090","16320","00000","2016000000","42","事業所数","20～29人","801映画館"
"004","0090","16340","00000","2016000000","98","事業所数","20～29人","802興行場（別掲を除く），興行団"
"004","0090","16400","00000","2016000000","15","事業所数","20～29人","803競輪・競馬等の競走場，競技団"
"004","0090","16470","00000","2016000000","1151","事業所数","20～29人","804スポーツ施設提供業"
"004","0090","16480","00000","2016000000","166","事業所数","20～29人","80Aスポーツ施設提供業（別掲を除く）"
"004","0090","16500","00000","2016000000","70","事業所数","20～29人","80B体育館"
"004","0090","16520","00000","2016000000","263","事業所数","20～29人","80Cゴルフ場"
"004","0090","16540","00000","2016000000","188","事業所数","20～29人","80Dゴルフ練習場"
"004","0090","16560","00000","2016000000","51","事業所数","20～29人","80Eボウリング場"
"004","0090","16580","00000","2016000000","12","事業所数","20～29人","80Fテニス場"
"004","0090","16600","00000","2016000000","2","事業所数","20～29人","80Gバッティング・テニス練習場"
"004","0090","16620","00000","2016000000","399","事業所数","20～29人","80Hフィットネスクラブ"
"004","0090","16640","00000","2016000000","131","事業所数","20～29人","805公園，遊園地"
"004","0090","16680","00000","2016000000","2735","事業所数","20～29人","806遊戯場"
"004","0090","16690","00000","2016000000","28","事業所数","20～29人","80Jマージャンクラブ"
"004","0090","16710","00000","2016000000","2472","事業所数","20～29人","80Kパチンコホール"
"004","0090","16730","00000","2016000000","219","事業所数","20～29人","80Lゲームセンター"
"004","0090","16750","00000","2016000000","16","事業所数","20～29人","80Mその他の遊戯場"
"004","0090","16790","00000","2016000000","1116","事業所数","20～29人","809その他の娯楽業"
"004","0090","16800","00000","2016000000","677","事業所数","20～29人","80Nカラオケボックス業"
"004","0090","16820","00000","2016000000","439","事業所数","20～29人","80P他に分類されない娯楽業"
"004","0090","16890","00000","2016000000","6865","事業所数","20～29人","O教育，学習支援業"
"004","0090","16900","00000","2016000000","3564","事業所数","20～29人","O1教育，学習支援業（学校教育）"
"004","0090","16910","00000","2016000000","3564","事業所数","20～29人","81学校教育"
"004","0090","16920","00000","2016000000","14","事業所数","20～29人","810管理，補助的経済活動を行う事業所"
"004","0090","16940","00000","2016000000","1808","事業所数","20～29人","811幼稚園"
"004","0090","16960","00000","2016000000","670","事業所数","20～29人","819幼保連携型認定こども園"
"004","0090","16980","00000","2016000000","53","事業所数","20～29人","812小学校"
"004","0090","17000","00000","2016000000","161","事業所数","20～29人","813中学校"
"004","0090","17020","00000","2016000000","96","事業所数","20～29人","814高等学校，中等教育学校"
"004","0090","17050","00000","2016000000","3","事業所数","20～29人","815特別支援学校"
"004","0090","17070","00000","2016000000","145","事業所数","20～29人","816高等教育機関"
"004","0090","17110","00000","2016000000","612","事業所数","20～29人","817専修学校，各種学校"
"004","0090","17140","00000","2016000000","1","事業所数","20～29人","818学校教育支援機関"
"004","0090","17160","00000","2016000000","3301","事業所数","20～29人","O2教育，学習支援業（その他の教育，学習支援業）"
"004","0090","17170","00000","2016000000","3301","事業所数","20～29人","82その他の教育，学習支援業"
"004","0090","17180","00000","2016000000","9","事業所数","20～29人","820管理，補助的経済活動を行う事業所"
"004","0090","17210","00000","2016000000","247","事業所数","20～29人","821社会教育"
"004","0090","17220","00000","2016000000","9","事業所数","20～29人","82A公民館"
"004","0090","17240","00000","2016000000","61","事業所数","20～29人","82B図書館"
"004","0090","17260","00000","2016000000","86","事業所数","20～29人","82C博物館，美術館"
"004","0090","17280","00000","2016000000","35","事業所数","20～29人","82D動物園，植物園，水族館"
"004","0090","17300","00000","2016000000","56","事業所数","20～29人","82Eその他の社会教育"
"004","0090","17340","00000","2016000000","129","事業所数","20～29人","822職業・教育支援施設"
"004","0090","17380","00000","2016000000","1640","事業所数","20～29人","823学習塾"
"004","0090","17400","00000","2016000000","823","事業所数","20～29人","824教養・技能教授業"
"004","0090","17410","00000","2016000000","52","事業所数","20～29人","82F音楽教授業"
"004","0090","17430","00000","2016000000","4","事業所数","20～29人","82G書道教授業"
"004","0090","17450","00000","2016000000","1","事業所数","20～29人","82H生花・茶道教授業"
"004","0090","17470","00000","2016000000","6","事業所数","20～29人","82Jそろばん教授業"
"004","0090","17490","00000","2016000000","106","事業所数","20～29人","82K外国語会話教授業"
"004","0090","17510","00000","2016000000","501","事業所数","20～29人","82Lスポーツ・健康教授業"
"004","0090","17530","00000","2016000000","153","事業所数","20～29人","82Mその他の教養・技能教授業"
"004","0090","17550","00000","2016000000","453","事業所数","20～29人","829他に分類されない教育，学習支援業"
"004","0090","17570","00000","2016000000","26841","事業所数","20～29人","P医療，福祉"
"004","0090","17580","00000","2016000000","5676","事業所数","20～29人","83医療業"
"004","0090","17590","00000","2016000000","26","事業所数","20～29人","830管理，補助的経済活動を行う事業所"
"004","0090","17620","00000","2016000000","113","事業所数","20～29人","831病院"
"004","0090","17650","00000","2016000000","3970","事業所数","20～29人","832一般診療所"
"004","0090","17680","00000","2016000000","841","事業所数","20～29人","833歯科診療所"
"004","0090","17700","00000","2016000000","306","事業所数","20～29人","834助産・看護業"
"004","0090","17710","00000","2016000000","3","事業所数","20～29人","83A助産所"
"004","0090","17730","00000","2016000000","303","事業所数","20～29人","83B看護業"
"004","0090","17750","00000","2016000000","167","事業所数","20～29人","835療術業"
"004","0090","17780","00000","2016000000","253","事業所数","20～29人","836医療に附帯するサービス業"
"004","0090","17790","00000","2016000000","69","事業所数","20～29人","83C歯科技工所"
"004","0090","17810","00000","2016000000","184","事業所数","20～29人","83Dその他の医療に附帯するサービス業"
"004","0090","17830","00000","2016000000","106","事業所数","20～29人","84保健衛生"
"004","0090","17840","00000","2016000000","1","事業所数","20～29人","840管理，補助的経済活動を行う事業所"
"004","0090","17870","00000","2016000000","81","事業所数","20～29人","842健康相談施設"
"004","0090","17920","00000","2016000000","24","事業所数","20～29人","849その他の保健衛生"
"004","0090","17960","00000","2016000000","21029","事業所数","20～29人","85社会保険・社会福祉・介護事業"
"004","0090","17970","00000","2016000000","19","事業所数","20～29人","850管理，補助的経済活動を行う事業所"
"004","0090","18000","00000","2016000000","135","事業所数","20～29人","851社会保険事業団体"
"004","0090","18020","00000","2016000000","6598","事業所数","20～29人","853児童福祉事業"
"004","0090","18030","00000","2016000000","5844","事業所数","20～29人","85A保育所"
"004","0090","18050","00000","2016000000","754","事業所数","20～29人","85Bその他の児童福祉事業"
"004","0090","18070","00000","2016000000","11638","事業所数","20～29人","854老人福祉・介護事業"
"004","0090","18080","00000","2016000000","647","事業所数","20～29人","85C特別養護老人ホーム"
"004","0090","18100","00000","2016000000","94","事業所数","20～29人","85D介護老人保健施設"
"004","0090","18120","00000","2016000000","4058","事業所数","20～29人","85E通所・短期入所介護事業"
"004","0090","18140","00000","2016000000","2709","事業所数","20～29人","85F訪問介護事業"
"004","0090","18160","00000","2016000000","1870","事業所数","20～29人","85G認知症老人グループホーム"
"004","0090","18180","00000","2016000000","1536","事業所数","20～29人","85H有料老人ホーム"
"004","0090","18200","00000","2016000000","724","事業所数","20～29人","85Jその他の老人福祉・介護事業"
"004","0090","18220","00000","2016000000","2140","事業所数","20～29人","855障害者福祉事業"
"004","0090","18250","00000","2016000000","499","事業所数","20～29人","859その他の社会保険・社会福祉・介護事業"
"004","0090","18260","00000","2016000000","6","事業所数","20～29人","85K更生保護事業"
"004","0090","18280","00000","2016000000","493","事業所数","20～29人","85L他に分類されない社会保険・社会福祉・介護事業"
"004","0090","18300","00000","2016000000","927","事業所数","20～29人","Q複合サービス事業"
"004","0090","18310","00000","2016000000","81","事業所数","20～29人","Q1複合サービス事業（郵便局）"
"004","0090","18320","00000","2016000000","81","事業所数","20～29人","86郵便局"
"004","0090","18330","00000","2016000000","9","事業所数","20～29人","860管理，補助的経済活動を行う事業所"
"004","0090","18340","00000","2016000000","71","事業所数","20～29人","861郵便局"
"004","0090","18350","00000","2016000000","1","事業所数","20～29人","862郵便局受託業"
"004","0090","18370","00000","2016000000","846","事業所数","20～29人","Q2複合サービス事業（協同組合）"
"004","0090","18380","00000","2016000000","846","事業所数","20～29人","87協同組合（他に分類されないもの）"
"004","0090","18390","00000","2016000000","5","事業所数","20～29人","870管理，補助的経済活動を行う事業所"
"004","0090","18410","00000","2016000000","835","事業所数","20～29人","871農林水産業協同組合（他に分類されないもの）"
"004","0090","18460","00000","2016000000","6","事業所数","20～29人","872事業協同組合（他に分類されないもの）"
"004","0090","18480","00000","2016000000","10893","事業所数","20～29人","Rサービス業（他に分類されないもの）"
"004","0090","18490","00000","2016000000","1004","事業所数","20～29人","R1サービス業（政治・経済・文化団体，宗教）"
"004","0090","18500","00000","2016000000","766","事業所数","20～29人","93政治・経済・文化団体"
"004","0090","18510","00000","2016000000","372","事業所数","20～29人","931経済団体"
"004","0090","18520","00000","2016000000","56","事業所数","20～29人","932労働団体"
"004","0090","18530","00000","2016000000","29","事業所数","20～29人","933学術・文化団体"
"004","0090","18540","00000","2016000000","7","事業所数","20～29人","934政治団体"
"004","0090","18550","00000","2016000000","302","事業所数","20～29人","939他に分類されない非営利的団体"
"004","0090","18560","00000","2016000000","237","事業所数","20～29人","94宗教"
"004","0090","18570","00000","2016000000","70","事業所数","20～29人","941神道系宗教"
"004","0090","18580","00000","2016000000","92","事業所数","20～29人","942仏教系宗教"
"004","0090","18590","00000","2016000000","26","事業所数","20～29人","943キリスト教系宗教"
"004","0090","18600","00000","2016000000","49","事業所数","20～29人","949その他の宗教"
"004","0090","18610","00000","2016000000","9889","事業所数","20～29人","R2サービス業（政治・経済・文化団体，宗教を除く）"
"004","0090","18620","00000","2016000000","1497","事業所数","20～29人","88廃棄物処理業"
"004","0090","18630","00000","2016000000","7","事業所数","20～29人","880管理，補助的経済活動を行う事業所"
"004","0090","18660","00000","2016000000","894","事業所数","20～29人","881一般廃棄物処理業"
"004","0090","18730","00000","2016000000","595","事業所数","20～29人","882産業廃棄物処理業"
"004","0090","18780","00000","2016000000","1","事業所数","20～29人","889その他の廃棄物処理業"
"004","0090","18810","00000","2016000000","613","事業所数","20～29人","89自動車整備業"
"004","0090","18820","00000","2016000000","1","事業所数","20～29人","890管理，補助的経済活動を行う事業所"
"004","0090","18840","00000","2016000000","612","事業所数","20～29人","891自動車整備業"
"004","0090","18870","00000","2016000000","819","事業所数","20～29人","90機械等修理業（別掲を除く）"
"004","0090","18880","00000","2016000000","1","事業所数","20～29人","900管理，補助的経済活動を行う事業所"
"004","0090","18910","00000","2016000000","496","事業所数","20～29人","901機械修理業（電気機械器具を除く）"
"004","0090","18940","00000","2016000000","261","事業所数","20～29人","902電気機械器具修理業"
"004","0090","18960","00000","2016000000","3","事業所数","20～29人","903表具業"
"004","0090","18980","00000","2016000000","58","事業所数","20～29人","909その他の修理業"
"004","0090","19040","00000","2016000000","1104","事業所数","20～29人","91職業紹介・労働者派遣業"
"004","0090","19050","00000","2016000000","7","事業所数","20～29人","910管理，補助的経済活動を行う事業所"
"004","0090","19080","00000","2016000000","148","事業所数","20～29人","911職業紹介業"
"004","0090","19100","00000","2016000000","949","事業所数","20～29人","912労働者派遣業"
"004","0090","19120","00000","2016000000","5682","事業所数","20～29人","92その他の事業サービス業"
"004","0090","19130","00000","2016000000","24","事業所数","20～29人","920管理，補助的経済活動を行う事業所"
"004","0090","19160","00000","2016000000","52","事業所数","20～29人","921速記・ワープロ入力・複写業"
"004","0090","19190","00000","2016000000","2001","事業所数","20～29人","922建物サービス業"
"004","0090","19220","00000","2016000000","1156","事業所数","20～29人","923警備業"
"004","0090","19240","00000","2016000000","2449","事業所数","20～29人","929他に分類されない事業サービス業"
"004","0090","19300","00000","2016000000","149","事業所数","20～29人","95その他のサービス業"
"004","0090","19330","00000","2016000000","124","事業所数","20～29人","951集会場"
"004","0090","19350","00000","2016000000","8","事業所数","20～29人","952と畜場"
"004","0090","19370","00000","2016000000","17","事業所数","20～29人","959他に分類されないサービス業"
"004","0100","00010","00000","2016000000","148111","事業所数","30～49人","A～R全産業（Ｓ公務を除く）"
"004","0100","00020","00000","2016000000","888","事業所数","30～49人","A～B農林漁業"
"004","0100","00030","00000","2016000000","776","事業所数","30～49人","A農業，林業"
"004","0100","00040","00000","2016000000","625","事業所数","30～49人","01農業"
"004","0100","00050","00000","2016000000","2","事業所数","30～49人","010管理，補助的経済活動を行う事業所"
"004","0100","00080","00000","2016000000","331","事業所数","30～49人","011耕種農業"
"004","0100","00170","00000","2016000000","156","事業所数","30～49人","012畜産農業"
"004","0100","00250","00000","2016000000","115","事業所数","30～49人","013農業サービス業（園芸サービス業を除く）"
"004","0100","00300","00000","2016000000","21","事業所数","30～49人","014園芸サービス業"
"004","0100","00320","00000","2016000000","151","事業所数","30～49人","02林業"
"004","0100","00360","00000","2016000000","67","事業所数","30～49人","021育林業"
"004","0100","00380","00000","2016000000","13","事業所数","30～49人","022素材生産業"
"004","0100","00400","00000","2016000000","3","事業所数","30～49人","023特用林産物生産業（きのこ類の栽培を除く）"
"004","0100","00430","00000","2016000000","65","事業所数","30～49人","024林業サービス業"
"004","0100","00480","00000","2016000000","3","事業所数","30～49人","029その他の林業"
"004","0100","00500","00000","2016000000","109","事業所数","30～49人","B漁業"
"004","0100","00510","00000","2016000000","85","事業所数","30～49人","03漁業（水産養殖業を除く）"
"004","0100","00550","00000","2016000000","85","事業所数","30～49人","031海面漁業"
"004","0100","00670","00000","2016000000","24","事業所数","30～49人","04水産養殖業"
"004","0100","00710","00000","2016000000","21","事業所数","30～49人","041海面養殖業"
"004","0100","00780","00000","2016000000","3","事業所数","30～49人","042内水面養殖業"
"004","0100","00800","00000","2016000000","147223","事業所数","30～49人","C～R非農林漁業（Ｓ公務を除く）"
"004","0100","00810","00000","2016000000","53","事業所数","30～49人","C鉱業，採石業，砂利採取業"
"004","0100","00820","00000","2016000000","53","事業所数","30～49人","05鉱業，採石業，砂利採取業"
"004","0100","00830","00000","2016000000","3","事業所数","30～49人","050管理，補助的経済活動を行う事業所"
"004","0100","00910","00000","2016000000","1","事業所数","30～49人","052石炭・亜炭鉱業"
"004","0100","00940","00000","2016000000","6","事業所数","30～49人","053原油・天然ガス鉱業"
"004","0100","00970","00000","2016000000","30","事業所数","30～49人","054採石業，砂・砂利・玉石採取業"
"004","0100","01070","00000","2016000000","13","事業所数","30～49人","055窯業原料用鉱物鉱業（耐火物・陶磁器・ガラス・セメント原料用に限る）"
"004","0100","01220","00000","2016000000","8525","事業所数","30～49人","D建設業"
"004","0100","01230","00000","2016000000","4454","事業所数","30～49人","06総合工事業"
"004","0100","01240","00000","2016000000","16","事業所数","30～49人","060管理，補助的経済活動を行う事業所"
"004","0100","01250","00000","2016000000","682","事業所数","30～49人","061一般土木建築工事業"
"004","0100","01260","00000","2016000000","1881","事業所数","30～49人","062土木工事業（舗装工事業を除く）"
"004","0100","01270","00000","2016000000","211","事業所数","30～49人","063舗装工事業"
"004","0100","01280","00000","2016000000","1144","事業所数","30～49人","064建築工事業（木造建築工事業を除く)"
"004","0100","01290","00000","2016000000","262","事業所数","30～49人","065木造建築工事業"
"004","0100","01300","00000","2016000000","258","事業所数","30～49人","066建築リフォーム工事業"
"004","0100","01310","00000","2016000000","1355","事業所数","30～49人","07職別工事業（設備工事業を除く）"
"004","0100","01320","00000","2016000000","5","事業所数","30～49人","070管理，補助的経済活動を行う事業所"
"004","0100","01330","00000","2016000000","115","事業所数","30～49人","071大工工事業"
"004","0100","01340","00000","2016000000","454","事業所数","30～49人","072とび・土工・コンクリート工事業"
"004","0100","01350","00000","2016000000","168","事業所数","30～49人","073鉄骨・鉄筋工事業"
"004","0100","01360","00000","2016000000","21","事業所数","30～49人","074石工・れんが・タイル・ブロック工事業"
"004","0100","01370","00000","2016000000","46","事業所数","30～49人","075左官工事業"
"004","0100","01380","00000","2016000000","30","事業所数","30～49人","076板金・金物工事業"
"004","0100","01390","00000","2016000000","84","事業所数","30～49人","077塗装工事業"
"004","0100","01400","00000","2016000000","143","事業所数","30～49人","078床・内装工事業"
"004","0100","01410","00000","2016000000","289","事業所数","30～49人","079その他の職別工事業"
"004","0100","01420","00000","2016000000","2715","事業所数","30～49人","08設備工事業"
"004","0100","01430","00000","2016000000","9","事業所数","30～49人","080管理，補助的経済活動を行う事業所"
"004","0100","01440","00000","2016000000","1091","事業所数","30～49人","081電気工事業"
"004","0100","01450","00000","2016000000","476","事業所数","30～49人","082電気通信・信号装置工事業"
"004","0100","01460","00000","2016000000","625","事業所数","30～49人","083管工事業（さく井工事業を除く）"
"004","0100","01470","00000","2016000000","409","事業所数","30～49人","084機械器具設置工事業"
"004","0100","01480","00000","2016000000","105","事業所数","30～49人","089その他の設備工事業"
"004","0100","01490","00000","2016000000","20473","事業所数","30～49人","E製造業"
"004","0100","01500","00000","2016000000","3156","事業所数","30～49人","09食料品製造業"
"004","0100","01510","00000","2016000000","39","事業所数","30～49人","090管理，補助的経済活動を行う事業所"
"004","0100","01540","00000","2016000000","418","事業所数","30～49人","091畜産食料品製造業"
"004","0100","01600","00000","2016000000","592","事業所数","30～49人","092水産食料品製造業"
"004","0100","01680","00000","2016000000","199","事業所数","30～49人","093野菜缶詰・果実缶詰・農産保存食料品製造業"
"004","0100","01710","00000","2016000000","164","事業所数","30～49人","094調味料製造業"
"004","0100","01770","00000","2016000000","23","事業所数","30～49人","095糖類製造業"
"004","0100","01810","00000","2016000000","79","事業所数","30～49人","096精穀・製粉業"
"004","0100","01850","00000","2016000000","596","事業所数","30～49人","097パン・菓子製造業"
"004","0100","01910","00000","2016000000","21","事業所数","30～49人","098動植物油脂製造業"
"004","0100","01940","00000","2016000000","1025","事業所数","30～49人","099その他の食料品製造業"
"004","0100","02040","00000","2016000000","352","事業所数","30～49人","10飲料・たばこ・飼料製造業"
"004","0100","02050","00000","2016000000","9","事業所数","30～49人","100管理，補助的経済活動を行う事業所"
"004","0100","02080","00000","2016000000","61","事業所数","30～49人","101清涼飲料製造業"
"004","0100","02100","00000","2016000000","119","事業所数","30～49人","102酒類製造業"
"004","0100","02150","00000","2016000000","61","事業所数","30～49人","103茶・コーヒー製造業（清涼飲料を除く）"
"004","0100","02180","00000","2016000000","12","事業所数","30～49人","104製氷業"
"004","0100","02240","00000","2016000000","90","事業所数","30～49人","106飼料・有機質肥料製造業"
"004","0100","02280","00000","2016000000","1040","事業所数","30～49人","11繊維工業"
"004","0100","02290","00000","2016000000","8","事業所数","30～49人","110管理，補助的経済活動を行う事業所"
"004","0100","02320","00000","2016000000","50","事業所数","30～49人","111製糸業，紡績業，化学繊維・ねん糸等製造業"
"004","0100","02420","00000","2016000000","82","事業所数","30～49人","112織物業"
"004","0100","02490","00000","2016000000","20","事業所数","30～49人","113ニット生地製造業"
"004","0100","02530","00000","2016000000","73","事業所数","30～49人","114染色整理業"
"004","0100","02620","00000","2016000000","79","事業所数","30～49人","115綱・網・レース・繊維粗製品製造業"
"004","0100","02720","00000","2016000000","403","事業所数","30～49人","116外衣・シャツ製造業（和式を除く）"
"004","0100","02820","00000","2016000000","58","事業所数","30～49人","117下着類製造業"
"004","0100","02870","00000","2016000000","77","事業所数","30～49人","118和装製品・その他の衣服・繊維製身の回り品製造業"
"004","0100","02950","00000","2016000000","190","事業所数","30～49人","119その他の繊維製品製造業"
"004","0100","03050","00000","2016000000","397","事業所数","30～49人","12木材・木製品製造業（家具を除く）"
"004","0100","03060","00000","2016000000","2","事業所数","30～49人","120管理，補助的経済活動を行う事業所"
"004","0100","03090","00000","2016000000","127","事業所数","30～49人","121製材業，木製品製造業"
"004","0100","03140","00000","2016000000","213","事業所数","30～49人","122造作材・合板・建築用組立材料製造業"
"004","0100","03230","00000","2016000000","19","事業所数","30～49人","123木製容器製造業（竹，とうを含む）"
"004","0100","03270","00000","2016000000","36","事業所数","30～49人","129その他の木製品製造業（竹，とうを含む)"
"004","0100","03310","00000","2016000000","293","事業所数","30～49人","13家具・装備品製造業"
"004","0100","03320","00000","2016000000","5","事業所数","30～49人","130管理，補助的経済活動を行う事業所"
"004","0100","03350","00000","2016000000","210","事業所数","30～49人","131家具製造業"
"004","0100","03390","00000","2016000000","15","事業所数","30～49人","132宗教用具製造業"
"004","0100","03410","00000","2016000000","22","事業所数","30～49人","133建具製造業"
"004","0100","03430","00000","2016000000","41","事業所数","30～49人","139その他の家具・装備品製造業"
"004","0100","03480","00000","2016000000","708","事業所数","30～49人","14パルプ・紙・紙加工品製造業"
"004","0100","03490","00000","2016000000","10","事業所数","30～49人","140管理，補助的経済活動を行う事業所"
"004","0100","03520","00000","2016000000","9","事業所数","30～49人","141パルプ製造業"
"004","0100","03540","00000","2016000000","49","事業所数","30～49人","142紙製造業"
"004","0100","03580","00000","2016000000","46","事業所数","30～49人","143加工紙製造業"
"004","0100","03620","00000","2016000000","78","事業所数","30～49人","144紙製品製造業"
"004","0100","03660","00000","2016000000","386","事業所数","30～49人","145紙製容器製造業"
"004","0100","03710","00000","2016000000","130","事業所数","30～49人","149その他のパルプ・紙・紙加工品製造業"
"004","0100","03730","00000","2016000000","1074","事業所数","30～49人","15印刷・同関連業"
"004","0100","03740","00000","2016000000","11","事業所数","30～49人","150管理，補助的経済活動を行う事業所"
"004","0100","03770","00000","2016000000","894","事業所数","30～49人","151印刷業"
"004","0100","03810","00000","2016000000","72","事業所数","30～49人","152製版業"
"004","0100","03830","00000","2016000000","91","事業所数","30～49人","153製本業，印刷物加工業"
"004","0100","03860","00000","2016000000","6","事業所数","30～49人","159印刷関連サービス業"
"004","0100","03880","00000","2016000000","870","事業所数","30～49人","16化学工業"
"004","0100","03890","00000","2016000000","41","事業所数","30～49人","160管理，補助的経済活動を行う事業所"
"004","0100","03920","00000","2016000000","22","事業所数","30～49人","161化学肥料製造業"
"004","0100","03960","00000","2016000000","113","事業所数","30～49人","162無機化学工業製品製造業"
"004","0100","04020","00000","2016000000","144","事業所数","30～49人","163有機化学工業製品製造業"
"004","0100","04100","00000","2016000000","149","事業所数","30～49人","164油脂加工製品・石けん・合成洗剤・界面活性剤・塗料製造業"
"004","0100","04180","00000","2016000000","132","事業所数","30～49人","165医薬品製造業"
"004","0100","04240","00000","2016000000","89","事業所数","30～49人","166化粧品・歯磨・その他の化粧用調整品製造業"
"004","0100","04280","00000","2016000000","180","事業所数","30～49人","169その他の化学工業"
"004","0100","04370","00000","2016000000","32","事業所数","30～49人","17石油製品・石炭製品製造業"
"004","0100","04380","00000","2016000000","1","事業所数","30～49人","170管理，補助的経済活動を行う事業所"
"004","0100","04410","00000","2016000000","1","事業所数","30～49人","171石油精製業"
"004","0100","04430","00000","2016000000","15","事業所数","30～49人","172潤滑油・グリース製造業（石油精製業によらないもの）"
"004","0100","04470","00000","2016000000","4","事業所数","30～49人","174舗装材料製造業"
"004","0100","04490","00000","2016000000","11","事業所数","30～49人","179その他の石油製品・石炭製品製造業"
"004","0100","04510","00000","2016000000","1525","事業所数","30～49人","18プラスチック製品製造業（別掲を除く）"
"004","0100","04520","00000","2016000000","12","事業所数","30～49人","180管理，補助的経済活動を行う事業所"
"004","0100","04550","00000","2016000000","99","事業所数","30～49人","181プラスチック板・棒・管・継手・異形押出製品製造業"
"004","0100","04610","00000","2016000000","243","事業所数","30～49人","182プラスチックフィルム・シート・床材・合成皮革製造業"
"004","0100","04670","00000","2016000000","550","事業所数","30～49人","183工業用プラスチック製品製造業"
"004","0100","04720","00000","2016000000","168","事業所数","30～49人","184発泡・強化プラスチック製品製造業"
"004","0100","04780","00000","2016000000","70","事業所数","30～49人","185プラスチック成形材料製造業（廃プラスチックを含む）"
"004","0100","04810","00000","2016000000","383","事業所数","30～49人","189その他のプラスチック製品製造業"
"004","0100","04860","00000","2016000000","261","事業所数","30～49人","19ゴム製品製造業"
"004","0100","04870","00000","2016000000","3","事業所数","30～49人","190管理，補助的経済活動を行う事業所"
"004","0100","04900","00000","2016000000","5","事業所数","30～49人","191タイヤ・チューブ製造業"
"004","0100","04930","00000","2016000000","13","事業所数","30～49人","192ゴム製・プラスチック製履物・同附属品製造業"
"004","0100","04960","00000","2016000000","199","事業所数","30～49人","193ゴムベルト・ゴムホース・工業用ゴム製品製造業"
"004","0100","05000","00000","2016000000","41","事業所数","30～49人","199その他のゴム製品製造業"
"004","0100","05070","00000","2016000000","103","事業所数","30～49人","20なめし革・同製品・毛皮製造業"
"004","0100","05110","00000","2016000000","3","事業所数","30～49人","201なめし革製造業"
"004","0100","05130","00000","2016000000","3","事業所数","30～49人","202工業用革製品製造業（手袋を除く）"
"004","0100","05150","00000","2016000000","5","事業所数","30～49人","203革製履物用材料・同附属品製造業"
"004","0100","05170","00000","2016000000","45","事業所数","30～49人","204革製履物製造業"
"004","0100","05190","00000","2016000000","2","事業所数","30～49人","205革製手袋製造業"
"004","0100","05210","00000","2016000000","22","事業所数","30～49人","206かばん製造業"
"004","0100","05230","00000","2016000000","15","事業所数","30～49人","207袋物製造業"
"004","0100","05280","00000","2016000000","8","事業所数","30～49人","209その他のなめし革製品製造業"
"004","0100","05300","00000","2016000000","762","事業所数","30～49人","21窯業・土石製品製造業"
"004","0100","05310","00000","2016000000","10","事業所数","30～49人","210管理，補助的経済活動を行う事業所"
"004","0100","05340","00000","2016000000","109","事業所数","30～49人","211ガラス・同製品製造業"
"004","0100","05430","00000","2016000000","332","事業所数","30～49人","212セメント・同製品製造業"
"004","0100","05480","00000","2016000000","12","事業所数","30～49人","213建設用粘土製品製造業（陶磁器製を除く)"
"004","0100","05520","00000","2016000000","79","事業所数","30～49人","214陶磁器・同関連製品製造業"
"004","0100","05620","00000","2016000000","32","事業所数","30～49人","215耐火物製造業"
"004","0100","05660","00000","2016000000","14","事業所数","30～49人","216炭素・黒鉛製品製造業"
"004","0100","05690","00000","2016000000","19","事業所数","30～49人","217研磨材・同製品製造業"
"004","0100","05740","00000","2016000000","76","事業所数","30～49人","218骨材・石工品等製造業"
"004","0100","05810","00000","2016000000","79","事業所数","30～49人","219その他の窯業・土石製品製造業"
"004","0100","05870","00000","2016000000","512","事業所数","30～49人","22鉄鋼業"
"004","0100","05880","00000","2016000000","7","事業所数","30～49人","220管理，補助的経済活動を行う事業所"
"004","0100","05910","00000","2016000000","4","事業所数","30～49人","221製鉄業"
"004","0100","05950","00000","2016000000","6","事業所数","30～49人","222製鋼・製鋼圧延業"
"004","0100","05970","00000","2016000000","96","事業所数","30～49人","223製鋼を行わない鋼材製造業（表面処理鋼材を除く）"
"004","0100","06070","00000","2016000000","6","事業所数","30～49人","224表面処理鋼材製造業"
"004","0100","06100","00000","2016000000","138","事業所数","30～49人","225鉄素形材製造業"
"004","0100","06160","00000","2016000000","255","事業所数","30～49人","229その他の鉄鋼業"
"004","0100","06210","00000","2016000000","238","事業所数","30～49人","23非鉄金属製造業"
"004","0100","06220","00000","2016000000","8","事業所数","30～49人","230管理，補助的経済活動を行う事業所"
"004","0100","06250","00000","2016000000","4","事業所数","30～49人","231非鉄金属第１次製錬・精製業"
"004","0100","06290","00000","2016000000","45","事業所数","30～49人","232非鉄金属第２次製錬・精製業（非鉄金属合金製造業を含む）"
"004","0100","06330","00000","2016000000","32","事業所数","30～49人","233非鉄金属・同合金圧延業（抽伸，押出しを含む）"
"004","0100","06370","00000","2016000000","39","事業所数","30～49人","234電線・ケーブル製造業"
"004","0100","06400","00000","2016000000","87","事業所数","30～49人","235非鉄金属素形材製造業"
"004","0100","06460","00000","2016000000","23","事業所数","30～49人","239その他の非鉄金属製造業"
"004","0100","06490","00000","2016000000","2279","事業所数","30～49人","24金属製品製造業"
"004","0100","06500","00000","2016000000","17","事業所数","30～49人","240管理，補助的経済活動を行う事業所"
"004","0100","06530","00000","2016000000","29","事業所数","30～49人","241ブリキ缶・その他のめっき板等製品製造業"
"004","0100","06550","00000","2016000000","135","事業所数","30～49人","242洋食器・刃物・手道具・金物類製造業"
"004","0100","06630","00000","2016000000","109","事業所数","30～49人","243暖房・調理等装置，配管工事用附属品製造業"
"004","0100","06680","00000","2016000000","822","事業所数","30～49人","244建設用・建築用金属製品製造業（製缶板金業を含む)"
"004","0100","06750","00000","2016000000","315","事業所数","30～49人","245金属素形材製品製造業"
"004","0100","06790","00000","2016000000","465","事業所数","30～49人","246金属被覆・彫刻業，熱処理業（ほうろう鉄器を除く）"
"004","0100","06860","00000","2016000000","50","事業所数","30～49人","247金属線製品製造業（ねじ類を除く)"
"004","0100","06890","00000","2016000000","147","事業所数","30～49人","248ボルト・ナット・リベット・小ねじ・木ねじ等製造業"
"004","0100","06910","00000","2016000000","190","事業所数","30～49人","249その他の金属製品製造業"
"004","0100","06950","00000","2016000000","667","事業所数","30～49人","25はん用機械器具製造業"
"004","0100","06960","00000","2016000000","14","事業所数","30～49人","250管理，補助的経済活動を行う事業所"
"004","0100","06990","00000","2016000000","34","事業所数","30～49人","251ボイラ・原動機製造業"
"004","0100","07040","00000","2016000000","128","事業所数","30～49人","252ポンプ・圧縮機器製造業"
"004","0100","07080","00000","2016000000","218","事業所数","30～49人","253一般産業用機械・装置製造業"
"004","0100","07140","00000","2016000000","273","事業所数","30～49人","259その他のはん用機械・同部分品製造業"
"004","0100","07220","00000","2016000000","1797","事業所数","30～49人","26生産用機械器具製造業"
"004","0100","07230","00000","2016000000","8","事業所数","30～49人","260管理，補助的経済活動を行う事業所"
"004","0100","07260","00000","2016000000","75","事業所数","30～49人","261農業用機械製造業（農業用器具を除く）"
"004","0100","07280","00000","2016000000","154","事業所数","30～49人","262建設機械・鉱山機械製造業"
"004","0100","07300","00000","2016000000","43","事業所数","30～49人","263繊維機械製造業"
"004","0100","07360","00000","2016000000","154","事業所数","30～49人","264生活関連産業用機械製造業"
"004","0100","07420","00000","2016000000","151","事業所数","30～49人","265基礎素材産業用機械製造業"
"004","0100","07460","00000","2016000000","471","事業所数","30～49人","266金属加工機械製造業"
"004","0100","07510","00000","2016000000","201","事業所数","30～49人","267半導体・フラットパネルディスプレイ製造装置製造業"
"004","0100","07540","00000","2016000000","540","事業所数","30～49人","269その他の生産用機械・同部分品製造業"
"004","0100","07600","00000","2016000000","533","事業所数","30～49人","27業務用機械器具製造業"
"004","0100","07610","00000","2016000000","10","事業所数","30～49人","270管理，補助的経済活動を行う事業所"
"004","0100","07640","00000","2016000000","58","事業所数","30～49人","271事務用機械器具製造業"
"004","0100","07670","00000","2016000000","116","事業所数","30～49人","272サービス用・娯楽用機械器具製造業"
"004","0100","07720","00000","2016000000","153","事業所数","30～49人","273計量器・測定器・分析機器・試験機・測量機械器具・理化学機械器具製造業"
"004","0100","07820","00000","2016000000","118","事業所数","30～49人","274医療用機械器具・医療用品製造業"
"004","0100","07870","00000","2016000000","76","事業所数","30～49人","275光学機械器具・レンズ製造業"
"004","0100","07910","00000","2016000000","2","事業所数","30～49人","276武器製造業"
"004","0100","07930","00000","2016000000","609","事業所数","30～49人","28電子部品・デバイス・電子回路製造業"
"004","0100","07940","00000","2016000000","8","事業所数","30～49人","280管理，補助的経済活動を行う事業所"
"004","0100","07970","00000","2016000000","54","事業所数","30～49人","281電子デバイス製造業"
"004","0100","08030","00000","2016000000","120","事業所数","30～49人","282電子部品製造業"
"004","0100","08070","00000","2016000000","3","事業所数","30～49人","283記録メディア製造業"
"004","0100","08100","00000","2016000000","195","事業所数","30～49人","284電子回路製造業"
"004","0100","08130","00000","2016000000","50","事業所数","30～49人","285ユニット部品製造業"
"004","0100","08160","00000","2016000000","179","事業所数","30～49人","289その他の電子部品・デバイス・電子回路製造業"
"004","0100","08180","00000","2016000000","1099","事業所数","30～49人","29電気機械器具製造業"
"004","0100","08190","00000","2016000000","14","事業所数","30～49人","290管理，補助的経済活動を行う事業所"
"004","0100","08220","00000","2016000000","410","事業所数","30～49人","291発電用・送電用・配電用電気機械器具製造業"
"004","0100","08280","00000","2016000000","241","事業所数","30～49人","292産業用電気機械器具製造業"
"004","0100","08320","00000","2016000000","121","事業所数","30～49人","293民生用電気機械器具製造業"
"004","0100","08370","00000","2016000000","70","事業所数","30～49人","294電球・電気照明器具製造業"
"004","0100","08400","00000","2016000000","25","事業所数","30～49人","295電池製造業"
"004","0100","08430","00000","2016000000","73","事業所数","30～49人","296電子応用装置製造業"
"004","0100","08470","00000","2016000000","97","事業所数","30～49人","297電気計測器製造業"
"004","0100","08510","00000","2016000000","48","事業所数","30～49人","299その他の電気機械器具製造業"
"004","0100","08530","00000","2016000000","211","事業所数","30～49人","30情報通信機械器具製造業"
"004","0100","08540","00000","2016000000","4","事業所数","30～49人","300管理，補助的経済活動を行う事業所"
"004","0100","08570","00000","2016000000","100","事業所数","30～49人","301通信機械器具・同関連機械器具製造業"
"004","0100","08640","00000","2016000000","36","事業所数","30～49人","302映像・音響機械器具製造業"
"004","0100","08680","00000","2016000000","71","事業所数","30～49人","303電子計算機・同附属装置製造業"
"004","0100","08750","00000","2016000000","1396","事業所数","30～49人","31輸送用機械器具製造業"
"004","0100","08760","00000","2016000000","11","事業所数","30～49人","310管理，補助的経済活動を行う事業所"
"004","0100","08790","00000","2016000000","997","事業所数","30～49人","311自動車・同附属品製造業"
"004","0100","08830","00000","2016000000","63","事業所数","30～49人","312鉄道車両・同部分品製造業"
"004","0100","08860","00000","2016000000","200","事業所数","30～49人","313船舶製造・修理業，舶用機関製造業"
"004","0100","08910","00000","2016000000","45","事業所数","30～49人","314航空機・同附属品製造業"
"004","0100","08950","00000","2016000000","39","事業所数","30～49人","315産業用運搬車両・同部分品・附属品製造業"
"004","0100","08980","00000","2016000000","41","事業所数","30～49人","319その他の輸送用機械器具製造業"
"004","0100","09010","00000","2016000000","539","事業所数","30～49人","32その他の製造業"
"004","0100","09020","00000","2016000000","9","事業所数","30～49人","320管理，補助的経済活動を行う事業所"
"004","0100","09050","00000","2016000000","26","事業所数","30～49人","321貴金属・宝石製品製造業"
"004","0100","09090","00000","2016000000","31","事業所数","30～49人","322装身具・装飾品・ボタン・同関連品製造業（貴金属・宝石製を除く）"
"004","0100","09150","00000","2016000000","14","事業所数","30～49人","323時計・同部分品製造業"
"004","0100","09170","00000","2016000000","20","事業所数","30～49人","324楽器製造業"
"004","0100","09200","00000","2016000000","88","事業所数","30～49人","325がん具・運動用具製造業"
"004","0100","09210","00000","2016000000","37","事業所数","30～49人","32Aがん具製造業"
"004","0100","09240","00000","2016000000","51","事業所数","30～49人","32B運動用具製造業"
"004","0100","09260","00000","2016000000","48","事業所数","30～49人","326ペン・鉛筆・絵画用品・その他の事務用品製造業"
"004","0100","09300","00000","2016000000","2","事業所数","30～49人","327漆器製造業"
"004","0100","09320","00000","2016000000","34","事業所数","30～49人","328畳等生活雑貨製品製造業"
"004","0100","09390","00000","2016000000","267","事業所数","30～49人","329他に分類されない製造業"
"004","0100","09400","00000","2016000000","10","事業所数","30～49人","32C情報記録物製造業（新聞，書籍等の印刷物を除く）"
"004","0100","09420","00000","2016000000","257","事業所数","30～49人","32D他に分類されないその他の製造業"
"004","0100","09500","00000","2016000000","372","事業所数","30～49人","F電気・ガス・熱供給・水道業"
"004","0100","09510","00000","2016000000","204","事業所数","30～49人","33電気業"
"004","0100","09520","00000","2016000000","181","事業所数","30～49人","330管理，補助的経済活動を行う事業所"
"004","0100","09530","00000","2016000000","23","事業所数","30～49人","331電気業"
"004","0100","09540","00000","2016000000","56","事業所数","30～49人","34ガス業"
"004","0100","09550","00000","2016000000","26","事業所数","30～49人","340管理，補助的経済活動を行う事業所"
"004","0100","09560","00000","2016000000","30","事業所数","30～49人","341ガス業"
"004","0100","09570","00000","2016000000","9","事業所数","30～49人","35熱供給業"
"004","0100","09580","00000","2016000000","1","事業所数","30～49人","350管理，補助的経済活動を行う事業所"
"004","0100","09590","00000","2016000000","8","事業所数","30～49人","351熱供給業"
"004","0100","09600","00000","2016000000","103","事業所数","30～49人","36水道業"
"004","0100","09610","00000","2016000000","1","事業所数","30～49人","360管理，補助的経済活動を行う事業所"
"004","0100","09620","00000","2016000000","23","事業所数","30～49人","361上水道業"
"004","0100","09640","00000","2016000000","79","事業所数","30～49人","363下水道業"
"004","0100","09650","00000","2016000000","3401","事業所数","30～49人","G情報通信業"
"004","0100","09660","00000","2016000000","909","事業所数","30～49人","G1情報通信業（通信業，放送業，映像・音声・文字情報制作業）"
"004","0100","09670","00000","2016000000","181","事業所数","30～49人","37通信業"
"004","0100","09680","00000","2016000000","1","事業所数","30～49人","370管理，補助的経済活動を行う事業所"
"004","0100","09690","00000","2016000000","77","事業所数","30～49人","371固定電気通信業"
"004","0100","09700","00000","2016000000","32","事業所数","30～49人","372移動電気通信業"
"004","0100","09710","00000","2016000000","71","事業所数","30～49人","373電気通信に附帯するサービス業"
"004","0100","09720","00000","2016000000","138","事業所数","30～49人","38放送業"
"004","0100","09740","00000","2016000000","2","事業所数","30～49人","381公共放送業（有線放送業を除く）"
"004","0100","09750","00000","2016000000","43","事業所数","30～49人","382民間放送業（有線放送業を除く）"
"004","0100","09770","00000","2016000000","93","事業所数","30～49人","383有線放送業"
"004","0100","09780","00000","2016000000","590","事業所数","30～49人","41映像・音声・文字情報制作業"
"004","0100","09790","00000","2016000000","3","事業所数","30～49人","410管理，補助的経済活動を行う事業所"
"004","0100","09800","00000","2016000000","179","事業所数","30～49人","411映像情報制作・配給業"
"004","0100","09810","00000","2016000000","5","事業所数","30～49人","412音声情報制作業"
"004","0100","09820","00000","2016000000","76","事業所数","30～49人","413新聞業"
"004","0100","09830","00000","2016000000","196","事業所数","30～49人","414出版業"
"004","0100","09840","00000","2016000000","73","事業所数","30～49人","415広告制作業"
"004","0100","09850","00000","2016000000","58","事業所数","30～49人","416映像・音声・文字情報制作に附帯するサービス業"
"004","0100","09860","00000","2016000000","2492","事業所数","30～49人","G2情報通信業（情報サービス業，インターネット附随サービス業）"
"004","0100","09870","00000","2016000000","2278","事業所数","30～49人","39情報サービス業"
"004","0100","09880","00000","2016000000","9","事業所数","30～49人","390管理，補助的経済活動を行う事業所"
"004","0100","09910","00000","2016000000","1883","事業所数","30～49人","391ソフトウェア業"
"004","0100","09960","00000","2016000000","386","事業所数","30～49人","392情報処理・提供サービス業"
"004","0100","09970","00000","2016000000","256","事業所数","30～49人","39A情報処理サービス業"
"004","0100","09990","00000","2016000000","48","事業所数","30～49人","39B情報提供サービス業"
"004","0100","10010","00000","2016000000","82","事業所数","30～49人","39Cその他の情報処理・提供サービス業"
"004","0100","10040","00000","2016000000","212","事業所数","30～49人","40インターネット附随サービス業"
"004","0100","10050","00000","2016000000","1","事業所数","30～49人","400管理，補助的経済活動を行う事業所"
"004","0100","10080","00000","2016000000","211","事業所数","30～49人","401インターネット附随サービス業"
"004","0100","10120","00000","2016000000","12424","事業所数","30～49人","H運輸業，郵便業"
"004","0100","10130","00000","2016000000","563","事業所数","30～49人","42鉄道業"
"004","0100","10140","00000","2016000000","5","事業所数","30～49人","420管理，補助的経済活動を行う事業所"
"004","0100","10150","00000","2016000000","558","事業所数","30～49人","421鉄道業"
"004","0100","10160","00000","2016000000","1576","事業所数","30～49人","43道路旅客運送業"
"004","0100","10170","00000","2016000000","8","事業所数","30～49人","430管理，補助的経済活動を行う事業所"
"004","0100","10180","00000","2016000000","263","事業所数","30～49人","431一般乗合旅客自動車運送業"
"004","0100","10190","00000","2016000000","1066","事業所数","30～49人","432一般乗用旅客自動車運送業"
"004","0100","10200","00000","2016000000","230","事業所数","30～49人","433一般貸切旅客自動車運送業"
"004","0100","10210","00000","2016000000","9","事業所数","30～49人","439その他の道路旅客運送業"
"004","0100","10220","00000","2016000000","8002","事業所数","30～49人","44道路貨物運送業"
"004","0100","10230","00000","2016000000","36","事業所数","30～49人","440管理，補助的経済活動を行う事業所"
"004","0100","10240","00000","2016000000","7672","事業所数","30～49人","441一般貨物自動車運送業"
"004","0100","10250","00000","2016000000","151","事業所数","30～49人","442特定貨物自動車運送業"
"004","0100","10260","00000","2016000000","38","事業所数","30～49人","443貨物軽自動車運送業"
"004","0100","10270","00000","2016000000","101","事業所数","30～49人","444集配利用運送業"
"004","0100","10280","00000","2016000000","4","事業所数","30～49人","449その他の道路貨物運送業"
"004","0100","10290","00000","2016000000","162","事業所数","30～49人","45水運業"
"004","0100","10300","00000","2016000000","1","事業所数","30～49人","450管理，補助的経済活動を行う事業所"
"004","0100","10310","00000","2016000000","19","事業所数","30～49人","451外航海運業"
"004","0100","10320","00000","2016000000","80","事業所数","30～49人","452沿海海運業"
"004","0100","10330","00000","2016000000","12","事業所数","30～49人","453内陸水運業"
"004","0100","10340","00000","2016000000","50","事業所数","30～49人","454船舶貸渡業"
"004","0100","10350","00000","2016000000","63","事業所数","30～49人","46航空運輸業"
"004","0100","10360","00000","2016000000","2","事業所数","30～49人","460管理，補助的経済活動を行う事業所"
"004","0100","10370","00000","2016000000","51","事業所数","30～49人","461航空運送業"
"004","0100","10380","00000","2016000000","10","事業所数","30～49人","462航空機使用業（航空運送業を除く）"
"004","0100","10390","00000","2016000000","699","事業所数","30～49人","47倉庫業"
"004","0100","10400","00000","2016000000","10","事業所数","30～49人","470管理，補助的経済活動を行う事業所"
"004","0100","10410","00000","2016000000","587","事業所数","30～49人","471倉庫業（冷蔵倉庫業を除く）"
"004","0100","10420","00000","2016000000","102","事業所数","30～49人","472冷蔵倉庫業"
"004","0100","10430","00000","2016000000","1356","事業所数","30～49人","48運輸に附帯するサービス業"
"004","0100","10440","00000","2016000000","9","事業所数","30～49人","480管理，補助的経済活動を行う事業所"
"004","0100","10450","00000","2016000000","259","事業所数","30～49人","481港湾運送業"
"004","0100","10460","00000","2016000000","290","事業所数","30～49人","482貨物運送取扱業（集配利用運送業を除く）"
"004","0100","10470","00000","2016000000","30","事業所数","30～49人","483運送代理店"
"004","0100","10480","00000","2016000000","292","事業所数","30～49人","484こん包業"
"004","0100","10490","00000","2016000000","62","事業所数","30～49人","485運輸施設提供業"
"004","0100","10500","00000","2016000000","414","事業所数","30～49人","489その他の運輸に附帯するサービス業"
"004","0100","10510","00000","2016000000","3","事業所数","30～49人","49郵便業（信書便事業を含む）"
"004","0100","10530","00000","2016000000","3","事業所数","30～49人","491郵便業（信書便事業を含む）"
"004","0100","10540","00000","2016000000","29504","事業所数","30～49人","I卸売業，小売業"
"004","0100","10550","00000","2016000000","10611","事業所数","30～49人","I1卸売業"
"004","0100","10560","00000","2016000000","64","事業所数","30～49人","50各種商品卸売業"
"004","0100","10610","00000","2016000000","64","事業所数","30～49人","501各種商品卸売業"
"004","0100","10640","00000","2016000000","64","事業所数","30～49人","50Bその他の各種商品卸売業"
"004","0100","10660","00000","2016000000","629","事業所数","30～49人","51繊維・衣服等卸売業"
"004","0100","10670","00000","2016000000","21","事業所数","30～49人","510管理，補助的経済活動を行う事業所"
"004","0100","10710","00000","2016000000","71","事業所数","30～49人","511繊維品卸売業（衣服，身の回り品を除く）"
"004","0100","10750","00000","2016000000","278","事業所数","30～49人","512衣服卸売業"
"004","0100","10800","00000","2016000000","259","事業所数","30～49人","513身の回り品卸売業"
"004","0100","10850","00000","2016000000","2522","事業所数","30～49人","52飲食料品卸売業"
"004","0100","10860","00000","2016000000","38","事業所数","30～49人","520管理，補助的経済活動を行う事業所"
"004","0100","10900","00000","2016000000","1110","事業所数","30～49人","521農畜産物・水産物卸売業"
"004","0100","10910","00000","2016000000","49","事業所数","30～49人","52A米穀類卸売業"
"004","0100","10940","00000","2016000000","487","事業所数","30～49人","52B野菜・果実卸売業"
"004","0100","10970","00000","2016000000","229","事業所数","30～49人","52C食肉卸売業"
"004","0100","10990","00000","2016000000","257","事業所数","30～49人","52D生鮮魚介卸売業"
"004","0100","11010","00000","2016000000","88","事業所数","30～49人","52Eその他の農畜産物・水産物卸売業"
"004","0100","11030","00000","2016000000","1374","事業所数","30～49人","522食料・飲料卸売業"
"004","0100","11120","00000","2016000000","1858","事業所数","30～49人","53建築材料，鉱物・金属材料等卸売業"
"004","0100","11130","00000","2016000000","25","事業所数","30～49人","530管理，補助的経済活動を行う事業所"
"004","0100","11170","00000","2016000000","625","事業所数","30～49人","531建築材料卸売業"
"004","0100","11230","00000","2016000000","442","事業所数","30～49人","532化学製品卸売業"
"004","0100","11270","00000","2016000000","202","事業所数","30～49人","533石油・鉱物卸売業"
"004","0100","11300","00000","2016000000","267","事業所数","30～49人","534鉄鋼製品卸売業"
"004","0100","11340","00000","2016000000","71","事業所数","30～49人","535非鉄金属卸売業"
"004","0100","11370","00000","2016000000","226","事業所数","30～49人","536再生資源卸売業"
"004","0100","11430","00000","2016000000","3053","事業所数","30～49人","54機械器具卸売業"
"004","0100","11440","00000","2016000000","74","事業所数","30～49人","540管理，補助的経済活動を行う事業所"
"004","0100","11480","00000","2016000000","959","事業所数","30～49人","541産業機械器具卸売業"
"004","0100","11540","00000","2016000000","566","事業所数","30～49人","542自動車卸売業"
"004","0100","11580","00000","2016000000","917","事業所数","30～49人","543電気機械器具卸売業"
"004","0100","11610","00000","2016000000","537","事業所数","30～49人","549その他の機械器具卸売業"
"004","0100","11650","00000","2016000000","2473","事業所数","30～49人","55その他の卸売業"
"004","0100","11660","00000","2016000000","84","事業所数","30～49人","550管理，補助的経済活動を行う事業所"
"004","0100","11700","00000","2016000000","327","事業所数","30～49人","551家具・建具・じゅう器等卸売業"
"004","0100","11770","00000","2016000000","955","事業所数","30～49人","552医薬品・化粧品等卸売業"
"004","0100","11820","00000","2016000000","162","事業所数","30～49人","553紙・紙製品卸売業"
"004","0100","11850","00000","2016000000","945","事業所数","30～49人","559他に分類されない卸売業"
"004","0100","11860","00000","2016000000","31","事業所数","30～49人","55A代理商，仲立業"
"004","0100","11880","00000","2016000000","914","事業所数","30～49人","55B他に分類されないその他の卸売業"
"004","0100","11970","00000","2016000000","18893","事業所数","30～49人","I2小売業"
"004","0100","11980","00000","2016000000","85","事業所数","30～49人","56各種商品小売業"
"004","0100","11990","00000","2016000000","19","事業所数","30～49人","560管理，補助的経済活動を行う事業所"
"004","0100","12050","00000","2016000000","66","事業所数","30～49人","569その他の各種商品小売業（従業者が常時50人未満のもの）"
"004","0100","12070","00000","2016000000","1195","事業所数","30～49人","57織物・衣服・身の回り品小売業"
"004","0100","12080","00000","2016000000","53","事業所数","30～49人","570管理，補助的経済活動を行う事業所"
"004","0100","12120","00000","2016000000","35","事業所数","30～49人","571呉服・服地・寝具小売業"
"004","0100","12150","00000","2016000000","78","事業所数","30～49人","572男子服小売業"
"004","0100","12170","00000","2016000000","776","事業所数","30～49人","573婦人・子供服小売業"
"004","0100","12200","00000","2016000000","29","事業所数","30～49人","574靴・履物小売業"
"004","0100","12230","00000","2016000000","224","事業所数","30～49人","579その他の織物・衣服・身の回り品小売業"
"004","0100","12280","00000","2016000000","7914","事業所数","30～49人","58飲食料品小売業"
"004","0100","12290","00000","2016000000","97","事業所数","30～49人","580管理，補助的経済活動を行う事業所"
"004","0100","12330","00000","2016000000","3849","事業所数","30～49人","581各種食料品小売業"
"004","0100","12350","00000","2016000000","171","事業所数","30～49人","582野菜・果実小売業"
"004","0100","12380","00000","2016000000","101","事業所数","30～49人","583食肉小売業"
"004","0100","12410","00000","2016000000","96","事業所数","30～49人","584鮮魚小売業"
"004","0100","12430","00000","2016000000","48","事業所数","30～49人","585酒小売業"
"004","0100","12450","00000","2016000000","886","事業所数","30～49人","586菓子・パン小売業"
"004","0100","12500","00000","2016000000","2666","事業所数","30～49人","589その他の飲食料品小売業"
"004","0100","12510","00000","2016000000","328","事業所数","30～49人","58A料理品小売業"
"004","0100","12530","00000","2016000000","2338","事業所数","30～49人","58B他に分類されない飲食料品小売業"
"004","0100","12620","00000","2016000000","2062","事業所数","30～49人","59機械器具小売業"
"004","0100","12630","00000","2016000000","67","事業所数","30～49人","590管理，補助的経済活動を行う事業所"
"004","0100","12670","00000","2016000000","1127","事業所数","30～49人","591自動車小売業"
"004","0100","12720","00000","2016000000","3","事業所数","30～49人","592自転車小売業"
"004","0100","12740","00000","2016000000","865","事業所数","30～49人","593機械器具小売業（自動車，自転車を除く）"
"004","0100","12790","00000","2016000000","6646","事業所数","30～49人","60その他の小売業"
"004","0100","12800","00000","2016000000","108","事業所数","30～49人","600管理，補助的経済活動を行う事業所"
"004","0100","12840","00000","2016000000","207","事業所数","30～49人","601家具・建具・畳小売業"
"004","0100","12890","00000","2016000000","26","事業所数","30～49人","602じゅう器小売業"
"004","0100","12940","00000","2016000000","1329","事業所数","30～49人","603医薬品・化粧品小売業"
"004","0100","12990","00000","2016000000","61","事業所数","30～49人","604農耕用品小売業"
"004","0100","13030","00000","2016000000","291","事業所数","30～49人","605燃料小売業"
"004","0100","13060","00000","2016000000","2541","事業所数","30～49人","606書籍・文房具小売業"
"004","0100","13110","00000","2016000000","569","事業所数","30～49人","607スポーツ用品・がん具・娯楽用品・楽器小売業"
"004","0100","13120","00000","2016000000","374","事業所数","30～49人","60Aスポーツ用品小売業"
"004","0100","13140","00000","2016000000","156","事業所数","30～49人","60Bがん具・娯楽用品小売業"
"004","0100","13160","00000","2016000000","39","事業所数","30～49人","60C楽器小売業"
"004","0100","13180","00000","2016000000","36","事業所数","30～49人","608写真機・時計・眼鏡小売業"
"004","0100","13210","00000","2016000000","1478","事業所数","30～49人","609他に分類されない小売業"
"004","0100","13220","00000","2016000000","31","事業所数","30～49人","60D花・植木小売業"
"004","0100","13240","00000","2016000000","42","事業所数","30～49人","60Eペット・ペット用品小売業"
"004","0100","13260","00000","2016000000","122","事業所数","30～49人","60F中古品小売業（他に分類されないもの）"
"004","0100","13290","00000","2016000000","1283","事業所数","30～49人","60G他に分類されないその他の小売業"
"004","0100","13350","00000","2016000000","973","事業所数","30～49人","61無店舗小売業"
"004","0100","13360","00000","2016000000","16","事業所数","30～49人","610管理，補助的経済活動を行う事業所"
"004","0100","13400","00000","2016000000","587","事業所数","30～49人","611通信販売・訪問販売小売業"
"004","0100","13460","00000","2016000000","229","事業所数","30～49人","612自動販売機による小売業"
"004","0100","13480","00000","2016000000","141","事業所数","30～49人","619その他の無店舗小売業"
"004","0100","13500","00000","2016000000","6367","事業所数","30～49人","J金融業，保険業"
"004","0100","13510","00000","2016000000","2008","事業所数","30～49人","62銀行業"
"004","0100","13520","00000","2016000000","7","事業所数","30～49人","620管理，補助的経済活動を行う事業所"
"004","0100","13530","00000","2016000000","16","事業所数","30～49人","621中央銀行"
"004","0100","13540","00000","2016000000","1985","事業所数","30～49人","622銀行（中央銀行を除く）"
"004","0100","13560","00000","2016000000","370","事業所数","30～49人","63協同組織金融業"
"004","0100","13570","00000","2016000000","4","事業所数","30～49人","630管理，補助的経済活動を行う事業所"
"004","0100","13580","00000","2016000000","337","事業所数","30～49人","631中小企業等金融業"
"004","0100","13590","00000","2016000000","29","事業所数","30～49人","632農林水産金融業"
"004","0100","13600","00000","2016000000","192","事業所数","30～49人","64貸金業，クレジットカード業等非預金信用機関"
"004","0100","13610","00000","2016000000","1","事業所数","30～49人","640管理，補助的経済活動を行う事業所"
"004","0100","13620","00000","2016000000","14","事業所数","30～49人","641貸金業"
"004","0100","13630","00000","2016000000","3","事業所数","30～49人","642質屋"
"004","0100","13640","00000","2016000000","107","事業所数","30～49人","643クレジットカード業，割賦金融業"
"004","0100","13650","00000","2016000000","67","事業所数","30～49人","649その他の非預金信用機関"
"004","0100","13660","00000","2016000000","273","事業所数","30～49人","65金融商品取引業，商品先物取引業"
"004","0100","13670","00000","2016000000","1","事業所数","30～49人","650管理，補助的経済活動を行う事業所"
"004","0100","13680","00000","2016000000","260","事業所数","30～49人","651金融商品取引業"
"004","0100","13690","00000","2016000000","12","事業所数","30～49人","652商品先物取引業，商品投資顧問業"
"004","0100","13700","00000","2016000000","75","事業所数","30～49人","66補助的金融業等"
"004","0100","13720","00000","2016000000","67","事業所数","30～49人","661補助的金融業，金融附帯業"
"004","0100","13730","00000","2016000000","1","事業所数","30～49人","662信託業"
"004","0100","13740","00000","2016000000","7","事業所数","30～49人","663金融代理業"
"004","0100","13750","00000","2016000000","3439","事業所数","30～49人","67保険業（保険媒介代理業，保険サービス業を含む）"
"004","0100","13760","00000","2016000000","8","事業所数","30～49人","670管理，補助的経済活動を行う事業所"
"004","0100","13770","00000","2016000000","2803","事業所数","30～49人","671生命保険業"
"004","0100","13780","00000","2016000000","285","事業所数","30～49人","672損害保険業"
"004","0100","13790","00000","2016000000","135","事業所数","30～49人","673共済事業，少額短期保険業"
"004","0100","13800","00000","2016000000","166","事業所数","30～49人","674保険媒介代理業"
"004","0100","13810","00000","2016000000","42","事業所数","30～49人","675保険サービス業"
"004","0100","13820","00000","2016000000","2117","事業所数","30～49人","K不動産業，物品賃貸業"
"004","0100","13830","00000","2016000000","1328","事業所数","30～49人","K1不動産業"
"004","0100","13840","00000","2016000000","368","事業所数","30～49人","68不動産取引業"
"004","0100","13850","00000","2016000000","2","事業所数","30～49人","680管理，補助的経済活動を行う事業所"
"004","0100","13880","00000","2016000000","161","事業所数","30～49人","681建物売買業，土地売買業"
"004","0100","13910","00000","2016000000","205","事業所数","30～49人","682不動産代理業・仲介業"
"004","0100","13930","00000","2016000000","952","事業所数","30～49人","69不動産賃貸業・管理業"
"004","0100","13940","00000","2016000000","7","事業所数","30～49人","690管理，補助的経済活動を行う事業所"
"004","0100","13970","00000","2016000000","206","事業所数","30～49人","691不動産賃貸業（貸家業，貸間業を除く）"
"004","0100","14010","00000","2016000000","358","事業所数","30～49人","692貸家業，貸間業"
"004","0100","14040","00000","2016000000","85","事業所数","30～49人","693駐車場業"
"004","0100","14060","00000","2016000000","296","事業所数","30～49人","694不動産管理業"
"004","0100","14080","00000","2016000000","789","事業所数","30～49人","K2物品賃貸業"
"004","0100","14090","00000","2016000000","789","事業所数","30～49人","70物品賃貸業"
"004","0100","14100","00000","2016000000","20","事業所数","30～49人","700管理，補助的経済活動を行う事業所"
"004","0100","14130","00000","2016000000","44","事業所数","30～49人","701各種物品賃貸業"
"004","0100","14160","00000","2016000000","234","事業所数","30～49人","702産業用機械器具賃貸業"
"004","0100","14190","00000","2016000000","19","事業所数","30～49人","703事務用機械器具賃貸業"
"004","0100","14220","00000","2016000000","73","事業所数","30～49人","704自動車賃貸業"
"004","0100","14240","00000","2016000000","1","事業所数","30～49人","705スポーツ・娯楽用品賃貸業"
"004","0100","14260","00000","2016000000","397","事業所数","30～49人","709その他の物品賃貸業"
"004","0100","14270","00000","2016000000","156","事業所数","30～49人","70A音楽・映像記録物賃貸業（別掲を除く）"
"004","0100","14290","00000","2016000000","241","事業所数","30～49人","70B他に分類されない物品賃貸業"
"004","0100","14330","00000","2016000000","3327","事業所数","30～49人","L学術研究，専門・技術サービス業"
"004","0100","14340","00000","2016000000","355","事業所数","30～49人","71学術・開発研究機関"
"004","0100","14350","00000","2016000000","1","事業所数","30～49人","710管理，補助的経済活動を行う事業所"
"004","0100","14370","00000","2016000000","325","事業所数","30～49人","711自然科学研究所"
"004","0100","14420","00000","2016000000","29","事業所数","30～49人","712人文・社会科学研究所"
"004","0100","14440","00000","2016000000","818","事業所数","30～49人","72専門サービス業（他に分類されないもの）"
"004","0100","14450","00000","2016000000","6","事業所数","30～49人","720管理，補助的経済活動を行う事業所"
"004","0100","14470","00000","2016000000","89","事業所数","30～49人","721法律事務所，特許事務所"
"004","0100","14480","00000","2016000000","61","事業所数","30～49人","72A法律事務所"
"004","0100","14500","00000","2016000000","28","事業所数","30～49人","72B特許事務所"
"004","0100","14520","00000","2016000000","6","事業所数","30～49人","722公証人役場，司法書士事務所，土地家屋調査士事務所"
"004","0100","14550","00000","2016000000","4","事業所数","30～49人","723行政書士事務所"
"004","0100","14570","00000","2016000000","138","事業所数","30～49人","724公認会計士事務所，税理士事務所"
"004","0100","14580","00000","2016000000","25","事業所数","30～49人","72C公認会計士事務所"
"004","0100","14600","00000","2016000000","113","事業所数","30～49人","72D税理士事務所"
"004","0100","14620","00000","2016000000","6","事業所数","30～49人","725社会保険労務士事務所"
"004","0100","14640","00000","2016000000","76","事業所数","30～49人","726デザイン業"
"004","0100","14690","00000","2016000000","262","事業所数","30～49人","728経営コンサルタント業，純粋持株会社"
"004","0100","14700","00000","2016000000","195","事業所数","30～49人","72E経営コンサルタント業"
"004","0100","14720","00000","2016000000","67","事業所数","30～49人","72F純粋持株会社"
"004","0100","14740","00000","2016000000","231","事業所数","30～49人","729その他の専門サービス業"
"004","0100","14750","00000","2016000000","15","事業所数","30～49人","72G興信所"
"004","0100","14770","00000","2016000000","216","事業所数","30～49人","72H他に分類されない専門サービス業"
"004","0100","14820","00000","2016000000","302","事業所数","30～49人","73広告業"
"004","0100","14830","00000","2016000000","1","事業所数","30～49人","730管理，補助的経済活動を行う事業所"
"004","0100","14860","00000","2016000000","301","事業所数","30～49人","731広告業"
"004","0100","14880","00000","2016000000","1848","事業所数","30～49人","74技術サービス業（他に分類されないもの）"
"004","0100","14890","00000","2016000000","16","事業所数","30～49人","740管理，補助的経済活動を行う事業所"
"004","0100","14910","00000","2016000000","44","事業所数","30～49人","741獣医業"
"004","0100","14930","00000","2016000000","870","事業所数","30～49人","742土木建築サービス業"
"004","0100","14940","00000","2016000000","633","事業所数","30～49人","74A建築設計業"
"004","0100","14960","00000","2016000000","126","事業所数","30～49人","74B測量業"
"004","0100","14980","00000","2016000000","111","事業所数","30～49人","74Cその他の土木建築サービス業"
"004","0100","15000","00000","2016000000","232","事業所数","30～49人","743機械設計業"
"004","0100","15020","00000","2016000000","180","事業所数","30～49人","744商品・非破壊検査業"
"004","0100","15050","00000","2016000000","120","事業所数","30～49人","745計量証明業"
"004","0100","15090","00000","2016000000","40","事業所数","30～49人","746写真業"
"004","0100","15120","00000","2016000000","346","事業所数","30～49人","749その他の技術サービス業"
"004","0100","15140","00000","2016000000","18133","事業所数","30～49人","M宿泊業，飲食サービス業"
"004","0100","15150","00000","2016000000","2173","事業所数","30～49人","M1宿泊業"
"004","0100","15160","00000","2016000000","2173","事業所数","30～49人","75宿泊業"
"004","0100","15170","00000","2016000000","8","事業所数","30～49人","750管理，補助的経済活動を行う事業所"
"004","0100","15200","00000","2016000000","2030","事業所数","30～49人","751旅館，ホテル"
"004","0100","15220","00000","2016000000","23","事業所数","30～49人","752簡易宿所"
"004","0100","15240","00000","2016000000","1","事業所数","30～49人","753下宿業"
"004","0100","15260","00000","2016000000","110","事業所数","30～49人","759その他の宿泊業"
"004","0100","15270","00000","2016000000","55","事業所数","30～49人","75A会社・団体の宿泊所"
"004","0100","15290","00000","2016000000","55","事業所数","30～49人","75B他に分類されない宿泊業"
"004","0100","15320","00000","2016000000","15960","事業所数","30～49人","M2飲食店，持ち帰り・配達飲食サービス業"
"004","0100","15330","00000","2016000000","14431","事業所数","30～49人","76飲食店"
"004","0100","15340","00000","2016000000","56","事業所数","30～49人","760管理，補助的経済活動を行う事業所"
"004","0100","15370","00000","2016000000","2516","事業所数","30～49人","761食堂，レストラン（専門料理店を除く）"
"004","0100","15390","00000","2016000000","5615","事業所数","30～49人","762専門料理店"
"004","0100","15400","00000","2016000000","1940","事業所数","30～49人","76A日本料理店"
"004","0100","15420","00000","2016000000","907","事業所数","30～49人","76B中華料理店"
"004","0100","15450","00000","2016000000","973","事業所数","30～49人","76C焼肉店"
"004","0100","15470","00000","2016000000","1795","事業所数","30～49人","76Dその他の専門料理店"
"004","0100","15500","00000","2016000000","519","事業所数","30～49人","763そば・うどん店"
"004","0100","15520","00000","2016000000","707","事業所数","30～49人","764すし店"
"004","0100","15540","00000","2016000000","1715","事業所数","30～49人","765酒場，ビヤホール"
"004","0100","15560","00000","2016000000","282","事業所数","30～49人","766バー，キャバレー，ナイトクラブ"
"004","0100","15580","00000","2016000000","1098","事業所数","30～49人","767喫茶店"
"004","0100","15600","00000","2016000000","1923","事業所数","30～49人","769その他の飲食店"
"004","0100","15610","00000","2016000000","1380","事業所数","30～49人","76Eハンバーガー店"
"004","0100","15630","00000","2016000000","58","事業所数","30～49人","76Fお好み焼・焼きそば・たこ焼店"
"004","0100","15650","00000","2016000000","485","事業所数","30～49人","76G他に分類されない飲食店"
"004","0100","15670","00000","2016000000","1511","事業所数","30～49人","77持ち帰り・配達飲食サービス業"
"004","0100","15680","00000","2016000000","25","事業所数","30～49人","770管理，補助的経済活動を行う事業所"
"004","0100","15710","00000","2016000000","63","事業所数","30～49人","771持ち帰り飲食サービス業"
"004","0100","15730","00000","2016000000","1423","事業所数","30～49人","772配達飲食サービス業"
"004","0100","15750","00000","2016000000","6151","事業所数","30～49人","N生活関連サービス業，娯楽業"
"004","0100","15760","00000","2016000000","1487","事業所数","30～49人","78洗濯・理容・美容・浴場業"
"004","0100","15770","00000","2016000000","8","事業所数","30～49人","780管理，補助的経済活動を行う事業所"
"004","0100","15800","00000","2016000000","864","事業所数","30～49人","781洗濯業"
"004","0100","15810","00000","2016000000","386","事業所数","30～49人","78A普通洗濯業"
"004","0100","15840","00000","2016000000","478","事業所数","30～49人","78Bリネンサプライ業"
"004","0100","15860","00000","2016000000","19","事業所数","30～49人","782理容業"
"004","0100","15880","00000","2016000000","189","事業所数","30～49人","783美容業"
"004","0100","15900","00000","2016000000","45","事業所数","30～49人","784一般公衆浴場業"
"004","0100","15920","00000","2016000000","277","事業所数","30～49人","785その他の公衆浴場業"
"004","0100","15940","00000","2016000000","85","事業所数","30～49人","789その他の洗濯・理容・美容・浴場業"
"004","0100","16000","00000","2016000000","1024","事業所数","30～49人","79その他の生活関連サービス業"
"004","0100","16010","00000","2016000000","14","事業所数","30～49人","790管理，補助的経済活動を行う事業所"
"004","0100","16040","00000","2016000000","255","事業所数","30～49人","791旅行業"
"004","0100","16070","00000","2016000000","33","事業所数","30～49人","793衣服裁縫修理業"
"004","0100","16090","00000","2016000000","16","事業所数","30～49人","794物品預り業"
"004","0100","16110","00000","2016000000","17","事業所数","30～49人","795火葬・墓地管理業"
"004","0100","16140","00000","2016000000","504","事業所数","30～49人","796冠婚葬祭業"
"004","0100","16150","00000","2016000000","243","事業所数","30～49人","79A葬儀業"
"004","0100","16170","00000","2016000000","222","事業所数","30～49人","79B結婚式場業"
"004","0100","16190","00000","2016000000","39","事業所数","30～49人","79C冠婚葬祭互助会"
"004","0100","16210","00000","2016000000","185","事業所数","30～49人","799他に分類されない生活関連サービス業"
"004","0100","16220","00000","2016000000","10","事業所数","30～49人","79D写真プリント，現像・焼付業"
"004","0100","16240","00000","2016000000","175","事業所数","30～49人","79E他に分類されないその他の生活関連サービス業"
"004","0100","16280","00000","2016000000","3636","事業所数","30～49人","80娯楽業"
"004","0100","16290","00000","2016000000","23","事業所数","30～49人","800管理，補助的経済活動を行う事業所"
"004","0100","16320","00000","2016000000","115","事業所数","30～49人","801映画館"
"004","0100","16340","00000","2016000000","77","事業所数","30～49人","802興行場（別掲を除く），興行団"
"004","0100","16400","00000","2016000000","27","事業所数","30～49人","803競輪・競馬等の競走場，競技団"
"004","0100","16470","00000","2016000000","1467","事業所数","30～49人","804スポーツ施設提供業"
"004","0100","16480","00000","2016000000","130","事業所数","30～49人","80Aスポーツ施設提供業（別掲を除く）"
"004","0100","16500","00000","2016000000","45","事業所数","30～49人","80B体育館"
"004","0100","16520","00000","2016000000","602","事業所数","30～49人","80Cゴルフ場"
"004","0100","16540","00000","2016000000","82","事業所数","30～49人","80Dゴルフ練習場"
"004","0100","16560","00000","2016000000","35","事業所数","30～49人","80Eボウリング場"
"004","0100","16580","00000","2016000000","3","事業所数","30～49人","80Fテニス場"
"004","0100","16600","00000","2016000000","1","事業所数","30～49人","80Gバッティング・テニス練習場"
"004","0100","16620","00000","2016000000","569","事業所数","30～49人","80Hフィットネスクラブ"
"004","0100","16640","00000","2016000000","128","事業所数","30～49人","805公園，遊園地"
"004","0100","16680","00000","2016000000","1459","事業所数","30～49人","806遊戯場"
"004","0100","16690","00000","2016000000","5","事業所数","30～49人","80Jマージャンクラブ"
"004","0100","16710","00000","2016000000","1358","事業所数","30～49人","80Kパチンコホール"
"004","0100","16730","00000","2016000000","87","事業所数","30～49人","80Lゲームセンター"
"004","0100","16750","00000","2016000000","9","事業所数","30～49人","80Mその他の遊戯場"
"004","0100","16790","00000","2016000000","340","事業所数","30～49人","809その他の娯楽業"
"004","0100","16800","00000","2016000000","177","事業所数","30～49人","80Nカラオケボックス業"
"004","0100","16820","00000","2016000000","163","事業所数","30～49人","80P他に分類されない娯楽業"
"004","0100","16890","00000","2016000000","4920","事業所数","30～49人","O教育，学習支援業"
"004","0100","16900","00000","2016000000","2929","事業所数","30～49人","O1教育，学習支援業（学校教育）"
"004","0100","16910","00000","2016000000","2929","事業所数","30～49人","81学校教育"
"004","0100","16920","00000","2016000000","8","事業所数","30～49人","810管理，補助的経済活動を行う事業所"
"004","0100","16940","00000","2016000000","720","事業所数","30～49人","811幼稚園"
"004","0100","16960","00000","2016000000","803","事業所数","30～49人","819幼保連携型認定こども園"
"004","0100","16980","00000","2016000000","125","事業所数","30～49人","812小学校"
"004","0100","17000","00000","2016000000","219","事業所数","30～49人","813中学校"
"004","0100","17020","00000","2016000000","252","事業所数","30～49人","814高等学校，中等教育学校"
"004","0100","17050","00000","2016000000","41","事業所数","30～49人","815特別支援学校"
"004","0100","17070","00000","2016000000","188","事業所数","30～49人","816高等教育機関"
"004","0100","17110","00000","2016000000","571","事業所数","30～49人","817専修学校，各種学校"
"004","0100","17140","00000","2016000000","2","事業所数","30～49人","818学校教育支援機関"
"004","0100","17160","00000","2016000000","1991","事業所数","30～49人","O2教育，学習支援業（その他の教育，学習支援業）"
"004","0100","17170","00000","2016000000","1991","事業所数","30～49人","82その他の教育，学習支援業"
"004","0100","17180","00000","2016000000","12","事業所数","30～49人","820管理，補助的経済活動を行う事業所"
"004","0100","17210","00000","2016000000","165","事業所数","30～49人","821社会教育"
"004","0100","17220","00000","2016000000","3","事業所数","30～49人","82A公民館"
"004","0100","17240","00000","2016000000","53","事業所数","30～49人","82B図書館"
"004","0100","17260","00000","2016000000","59","事業所数","30～49人","82C博物館，美術館"
"004","0100","17280","00000","2016000000","32","事業所数","30～49人","82D動物園，植物園，水族館"
"004","0100","17300","00000","2016000000","18","事業所数","30～49人","82Eその他の社会教育"
"004","0100","17340","00000","2016000000","104","事業所数","30～49人","822職業・教育支援施設"
"004","0100","17380","00000","2016000000","791","事業所数","30～49人","823学習塾"
"004","0100","17400","00000","2016000000","470","事業所数","30～49人","824教養・技能教授業"
"004","0100","17410","00000","2016000000","26","事業所数","30～49人","82F音楽教授業"
"004","0100","17430","00000","2016000000","1","事業所数","30～49人","82G書道教授業"
"004","0100","17450","00000","2016000000","1","事業所数","30～49人","82H生花・茶道教授業"
"004","0100","17490","00000","2016000000","69","事業所数","30～49人","82K外国語会話教授業"
"004","0100","17510","00000","2016000000","283","事業所数","30～49人","82Lスポーツ・健康教授業"
"004","0100","17530","00000","2016000000","90","事業所数","30～49人","82Mその他の教養・技能教授業"
"004","0100","17550","00000","2016000000","449","事業所数","30～49人","829他に分類されない教育，学習支援業"
"004","0100","17570","00000","2016000000","20860","事業所数","30～49人","P医療，福祉"
"004","0100","17580","00000","2016000000","4025","事業所数","30～49人","83医療業"
"004","0100","17590","00000","2016000000","20","事業所数","30～49人","830管理，補助的経済活動を行う事業所"
"004","0100","17620","00000","2016000000","452","事業所数","30～49人","831病院"
"004","0100","17650","00000","2016000000","2827","事業所数","30～49人","832一般診療所"
"004","0100","17680","00000","2016000000","306","事業所数","30～49人","833歯科診療所"
"004","0100","17700","00000","2016000000","135","事業所数","30～49人","834助産・看護業"
"004","0100","17730","00000","2016000000","135","事業所数","30～49人","83B看護業"
"004","0100","17750","00000","2016000000","59","事業所数","30～49人","835療術業"
"004","0100","17780","00000","2016000000","226","事業所数","30～49人","836医療に附帯するサービス業"
"004","0100","17790","00000","2016000000","58","事業所数","30～49人","83C歯科技工所"
"004","0100","17810","00000","2016000000","168","事業所数","30～49人","83Dその他の医療に附帯するサービス業"
"004","0100","17830","00000","2016000000","156","事業所数","30～49人","84保健衛生"
"004","0100","17840","00000","2016000000","2","事業所数","30～49人","840管理，補助的経済活動を行う事業所"
"004","0100","17870","00000","2016000000","124","事業所数","30～49人","842健康相談施設"
"004","0100","17920","00000","2016000000","30","事業所数","30～49人","849その他の保健衛生"
"004","0100","17960","00000","2016000000","16657","事業所数","30～49人","85社会保険・社会福祉・介護事業"
"004","0100","17970","00000","2016000000","19","事業所数","30～49人","850管理，補助的経済活動を行う事業所"
"004","0100","18000","00000","2016000000","208","事業所数","30～49人","851社会保険事業団体"
"004","0100","18020","00000","2016000000","4700","事業所数","30～49人","853児童福祉事業"
"004","0100","18030","00000","2016000000","4048","事業所数","30～49人","85A保育所"
"004","0100","18050","00000","2016000000","652","事業所数","30～49人","85Bその他の児童福祉事業"
"004","0100","18070","00000","2016000000","9109","事業所数","30～49人","854老人福祉・介護事業"
"004","0100","18080","00000","2016000000","1926","事業所数","30～49人","85C特別養護老人ホーム"
"004","0100","18100","00000","2016000000","380","事業所数","30～49人","85D介護老人保健施設"
"004","0100","18120","00000","2016000000","2090","事業所数","30～49人","85E通所・短期入所介護事業"
"004","0100","18140","00000","2016000000","1846","事業所数","30～49人","85F訪問介護事業"
"004","0100","18160","00000","2016000000","563","事業所数","30～49人","85G認知症老人グループホーム"
"004","0100","18180","00000","2016000000","1743","事業所数","30～49人","85H有料老人ホーム"
"004","0100","18200","00000","2016000000","561","事業所数","30～49人","85Jその他の老人福祉・介護事業"
"004","0100","18220","00000","2016000000","2048","事業所数","30～49人","855障害者福祉事業"
"004","0100","18250","00000","2016000000","573","事業所数","30～49人","859その他の社会保険・社会福祉・介護事業"
"004","0100","18260","00000","2016000000","13","事業所数","30～49人","85K更生保護事業"
"004","0100","18280","00000","2016000000","560","事業所数","30～49人","85L他に分類されない社会保険・社会福祉・介護事業"
"004","0100","18300","00000","2016000000","447","事業所数","30～49人","Q複合サービス事業"
"004","0100","18310","00000","2016000000","27","事業所数","30～49人","Q1複合サービス事業（郵便局）"
"004","0100","18320","00000","2016000000","27","事業所数","30～49人","86郵便局"
"004","0100","18330","00000","2016000000","10","事業所数","30～49人","860管理，補助的経済活動を行う事業所"
"004","0100","18340","00000","2016000000","16","事業所数","30～49人","861郵便局"
"004","0100","18350","00000","2016000000","1","事業所数","30～49人","862郵便局受託業"
"004","0100","18370","00000","2016000000","420","事業所数","30～49人","Q2複合サービス事業（協同組合）"
"004","0100","18380","00000","2016000000","420","事業所数","30～49人","87協同組合（他に分類されないもの）"
"004","0100","18390","00000","2016000000","11","事業所数","30～49人","870管理，補助的経済活動を行う事業所"
"004","0100","18410","00000","2016000000","403","事業所数","30～49人","871農林水産業協同組合（他に分類されないもの）"
"004","0100","18460","00000","2016000000","6","事業所数","30～49人","872事業協同組合（他に分類されないもの）"
"004","0100","18480","00000","2016000000","10149","事業所数","30～49人","Rサービス業（他に分類されないもの）"
"004","0100","18490","00000","2016000000","700","事業所数","30～49人","R1サービス業（政治・経済・文化団体，宗教）"
"004","0100","18500","00000","2016000000","538","事業所数","30～49人","93政治・経済・文化団体"
"004","0100","18510","00000","2016000000","253","事業所数","30～49人","931経済団体"
"004","0100","18520","00000","2016000000","42","事業所数","30～49人","932労働団体"
"004","0100","18530","00000","2016000000","24","事業所数","30～49人","933学術・文化団体"
"004","0100","18540","00000","2016000000","7","事業所数","30～49人","934政治団体"
"004","0100","18550","00000","2016000000","212","事業所数","30～49人","939他に分類されない非営利的団体"
"004","0100","18560","00000","2016000000","161","事業所数","30～49人","94宗教"
"004","0100","18570","00000","2016000000","48","事業所数","30～49人","941神道系宗教"
"004","0100","18580","00000","2016000000","73","事業所数","30～49人","942仏教系宗教"
"004","0100","18590","00000","2016000000","19","事業所数","30～49人","943キリスト教系宗教"
"004","0100","18600","00000","2016000000","21","事業所数","30～49人","949その他の宗教"
"004","0100","18610","00000","2016000000","9449","事業所数","30～49人","R2サービス業（政治・経済・文化団体，宗教を除く）"
"004","0100","18620","00000","2016000000","1158","事業所数","30～49人","88廃棄物処理業"
"004","0100","18630","00000","2016000000","6","事業所数","30～49人","880管理，補助的経済活動を行う事業所"
"004","0100","18660","00000","2016000000","685","事業所数","30～49人","881一般廃棄物処理業"
"004","0100","18730","00000","2016000000","465","事業所数","30～49人","882産業廃棄物処理業"
"004","0100","18780","00000","2016000000","2","事業所数","30～49人","889その他の廃棄物処理業"
"004","0100","18810","00000","2016000000","310","事業所数","30～49人","89自動車整備業"
"004","0100","18820","00000","2016000000","1","事業所数","30～49人","890管理，補助的経済活動を行う事業所"
"004","0100","18840","00000","2016000000","309","事業所数","30～49人","891自動車整備業"
"004","0100","18870","00000","2016000000","567","事業所数","30～49人","90機械等修理業（別掲を除く）"
"004","0100","18880","00000","2016000000","5","事業所数","30～49人","900管理，補助的経済活動を行う事業所"
"004","0100","18910","00000","2016000000","335","事業所数","30～49人","901機械修理業（電気機械器具を除く）"
"004","0100","18940","00000","2016000000","192","事業所数","30～49人","902電気機械器具修理業"
"004","0100","18980","00000","2016000000","35","事業所数","30～49人","909その他の修理業"
"004","0100","19040","00000","2016000000","1373","事業所数","30～49人","91職業紹介・労働者派遣業"
"004","0100","19050","00000","2016000000","7","事業所数","30～49人","910管理，補助的経済活動を行う事業所"
"004","0100","19080","00000","2016000000","121","事業所数","30～49人","911職業紹介業"
"004","0100","19100","00000","2016000000","1245","事業所数","30～49人","912労働者派遣業"
"004","0100","19120","00000","2016000000","5934","事業所数","30～49人","92その他の事業サービス業"
"004","0100","19130","00000","2016000000","15","事業所数","30～49人","920管理，補助的経済活動を行う事業所"
"004","0100","19160","00000","2016000000","34","事業所数","30～49人","921速記・ワープロ入力・複写業"
"004","0100","19190","00000","2016000000","2075","事業所数","30～49人","922建物サービス業"
"004","0100","19220","00000","2016000000","1388","事業所数","30～49人","923警備業"
"004","0100","19240","00000","2016000000","2422","事業所数","30～49人","929他に分類されない事業サービス業"
"004","0100","19300","00000","2016000000","87","事業所数","30～49人","95その他のサービス業"
"004","0100","19330","00000","2016000000","62","事業所数","30～49人","951集会場"
"004","0100","19350","00000","2016000000","15","事業所数","30～49人","952と畜場"
"004","0100","19370","00000","2016000000","10","事業所数","30～49人","959他に分類されないサービス業"
"004","0110","00010","00000","2016000000","93227","事業所数","50～99人","A～R全産業（Ｓ公務を除く）"
"004","0110","00020","00000","2016000000","382","事業所数","50～99人","A～B農林漁業"
"004","0110","00030","00000","2016000000","343","事業所数","50～99人","A農業，林業"
"004","0110","00040","00000","2016000000","281","事業所数","50～99人","01農業"
"004","0110","00050","00000","2016000000","1","事業所数","50～99人","010管理，補助的経済活動を行う事業所"
"004","0110","00080","00000","2016000000","144","事業所数","50～99人","011耕種農業"
"004","0110","00170","00000","2016000000","78","事業所数","50～99人","012畜産農業"
"004","0110","00250","00000","2016000000","46","事業所数","50～99人","013農業サービス業（園芸サービス業を除く）"
"004","0110","00300","00000","2016000000","12","事業所数","50～99人","014園芸サービス業"
"004","0110","00320","00000","2016000000","62","事業所数","50～99人","02林業"
"004","0110","00360","00000","2016000000","35","事業所数","50～99人","021育林業"
"004","0110","00380","00000","2016000000","4","事業所数","50～99人","022素材生産業"
"004","0110","00400","00000","2016000000","1","事業所数","50～99人","023特用林産物生産業（きのこ類の栽培を除く）"
"004","0110","00430","00000","2016000000","20","事業所数","50～99人","024林業サービス業"
"004","0110","00480","00000","2016000000","2","事業所数","50～99人","029その他の林業"
"004","0110","00500","00000","2016000000","38","事業所数","50～99人","B漁業"
"004","0110","00510","00000","2016000000","32","事業所数","50～99人","03漁業（水産養殖業を除く）"
"004","0110","00550","00000","2016000000","31","事業所数","50～99人","031海面漁業"
"004","0110","00650","00000","2016000000","1","事業所数","50～99人","032内水面漁業"
"004","0110","00670","00000","2016000000","6","事業所数","50～99人","04水産養殖業"
"004","0110","00710","00000","2016000000","5","事業所数","50～99人","041海面養殖業"
"004","0110","00780","00000","2016000000","1","事業所数","50～99人","042内水面養殖業"
"004","0110","00800","00000","2016000000","92845","事業所数","50～99人","C～R非農林漁業（Ｓ公務を除く）"
"004","0110","00810","00000","2016000000","19","事業所数","50～99人","C鉱業，採石業，砂利採取業"
"004","0110","00820","00000","2016000000","19","事業所数","50～99人","05鉱業，採石業，砂利採取業"
"004","0110","00940","00000","2016000000","2","事業所数","50～99人","053原油・天然ガス鉱業"
"004","0110","00970","00000","2016000000","4","事業所数","50～99人","054採石業，砂・砂利・玉石採取業"
"004","0110","01070","00000","2016000000","13","事業所数","50～99人","055窯業原料用鉱物鉱業（耐火物・陶磁器・ガラス・セメント原料用に限る）"
"004","0110","01220","00000","2016000000","3996","事業所数","50～99人","D建設業"
"004","0110","01230","00000","2016000000","2130","事業所数","50～99人","06総合工事業"
"004","0110","01240","00000","2016000000","17","事業所数","50～99人","060管理，補助的経済活動を行う事業所"
"004","0110","01250","00000","2016000000","499","事業所数","50～99人","061一般土木建築工事業"
"004","0110","01260","00000","2016000000","634","事業所数","50～99人","062土木工事業（舗装工事業を除く）"
"004","0110","01270","00000","2016000000","45","事業所数","50～99人","063舗装工事業"
"004","0110","01280","00000","2016000000","731","事業所数","50～99人","064建築工事業（木造建築工事業を除く)"
"004","0110","01290","00000","2016000000","91","事業所数","50～99人","065木造建築工事業"
"004","0110","01300","00000","2016000000","113","事業所数","50～99人","066建築リフォーム工事業"
"004","0110","01310","00000","2016000000","486","事業所数","50～99人","07職別工事業（設備工事業を除く）"
"004","0110","01320","00000","2016000000","2","事業所数","50～99人","070管理，補助的経済活動を行う事業所"
"004","0110","01330","00000","2016000000","25","事業所数","50～99人","071大工工事業"
"004","0110","01340","00000","2016000000","161","事業所数","50～99人","072とび・土工・コンクリート工事業"
"004","0110","01350","00000","2016000000","63","事業所数","50～99人","073鉄骨・鉄筋工事業"
"004","0110","01360","00000","2016000000","4","事業所数","50～99人","074石工・れんが・タイル・ブロック工事業"
"004","0110","01370","00000","2016000000","17","事業所数","50～99人","075左官工事業"
"004","0110","01390","00000","2016000000","36","事業所数","50～99人","077塗装工事業"
"004","0110","01400","00000","2016000000","68","事業所数","50～99人","078床・内装工事業"
"004","0110","01410","00000","2016000000","110","事業所数","50～99人","079その他の職別工事業"
"004","0110","01420","00000","2016000000","1379","事業所数","50～99人","08設備工事業"
"004","0110","01430","00000","2016000000","12","事業所数","50～99人","080管理，補助的経済活動を行う事業所"
"004","0110","01440","00000","2016000000","511","事業所数","50～99人","081電気工事業"
"004","0110","01450","00000","2016000000","268","事業所数","50～99人","082電気通信・信号装置工事業"
"004","0110","01460","00000","2016000000","299","事業所数","50～99人","083管工事業（さく井工事業を除く）"
"004","0110","01470","00000","2016000000","239","事業所数","50～99人","084機械器具設置工事業"
"004","0110","01480","00000","2016000000","50","事業所数","50～99人","089その他の設備工事業"
"004","0110","01490","00000","2016000000","16026","事業所数","50～99人","E製造業"
"004","0110","01500","00000","2016000000","2805","事業所数","50～99人","09食料品製造業"
"004","0110","01510","00000","2016000000","32","事業所数","50～99人","090管理，補助的経済活動を行う事業所"
"004","0110","01540","00000","2016000000","428","事業所数","50～99人","091畜産食料品製造業"
"004","0110","01600","00000","2016000000","453","事業所数","50～99人","092水産食料品製造業"
"004","0110","01680","00000","2016000000","179","事業所数","50～99人","093野菜缶詰・果実缶詰・農産保存食料品製造業"
"004","0110","01710","00000","2016000000","135","事業所数","50～99人","094調味料製造業"
"004","0110","01770","00000","2016000000","29","事業所数","50～99人","095糖類製造業"
"004","0110","01810","00000","2016000000","44","事業所数","50～99人","096精穀・製粉業"
"004","0110","01850","00000","2016000000","522","事業所数","50～99人","097パン・菓子製造業"
"004","0110","01910","00000","2016000000","22","事業所数","50～99人","098動植物油脂製造業"
"004","0110","01940","00000","2016000000","961","事業所数","50～99人","099その他の食料品製造業"
"004","0110","02040","00000","2016000000","245","事業所数","50～99人","10飲料・たばこ・飼料製造業"
"004","0110","02050","00000","2016000000","5","事業所数","50～99人","100管理，補助的経済活動を行う事業所"
"004","0110","02080","00000","2016000000","81","事業所数","50～99人","101清涼飲料製造業"
"004","0110","02100","00000","2016000000","88","事業所数","50～99人","102酒類製造業"
"004","0110","02150","00000","2016000000","35","事業所数","50～99人","103茶・コーヒー製造業（清涼飲料を除く）"
"004","0110","02180","00000","2016000000","2","事業所数","50～99人","104製氷業"
"004","0110","02200","00000","2016000000","2","事業所数","50～99人","105たばこ製造業"
"004","0110","02240","00000","2016000000","32","事業所数","50～99人","106飼料・有機質肥料製造業"
"004","0110","02280","00000","2016000000","731","事業所数","50～99人","11繊維工業"
"004","0110","02290","00000","2016000000","8","事業所数","50～99人","110管理，補助的経済活動を行う事業所"
"004","0110","02320","00000","2016000000","52","事業所数","50～99人","111製糸業，紡績業，化学繊維・ねん糸等製造業"
"004","0110","02420","00000","2016000000","46","事業所数","50～99人","112織物業"
"004","0110","02490","00000","2016000000","13","事業所数","50～99人","113ニット生地製造業"
"004","0110","02530","00000","2016000000","69","事業所数","50～99人","114染色整理業"
"004","0110","02620","00000","2016000000","51","事業所数","50～99人","115綱・網・レース・繊維粗製品製造業"
"004","0110","02720","00000","2016000000","278","事業所数","50～99人","116外衣・シャツ製造業（和式を除く）"
"004","0110","02820","00000","2016000000","34","事業所数","50～99人","117下着類製造業"
"004","0110","02870","00000","2016000000","40","事業所数","50～99人","118和装製品・その他の衣服・繊維製身の回り品製造業"
"004","0110","02950","00000","2016000000","140","事業所数","50～99人","119その他の繊維製品製造業"
"004","0110","03050","00000","2016000000","215","事業所数","50～99人","12木材・木製品製造業（家具を除く）"
"004","0110","03060","00000","2016000000","2","事業所数","50～99人","120管理，補助的経済活動を行う事業所"
"004","0110","03090","00000","2016000000","50","事業所数","50～99人","121製材業，木製品製造業"
"004","0110","03140","00000","2016000000","145","事業所数","50～99人","122造作材・合板・建築用組立材料製造業"
"004","0110","03230","00000","2016000000","7","事業所数","50～99人","123木製容器製造業（竹，とうを含む）"
"004","0110","03270","00000","2016000000","11","事業所数","50～99人","129その他の木製品製造業（竹，とうを含む)"
"004","0110","03310","00000","2016000000","191","事業所数","50～99人","13家具・装備品製造業"
"004","0110","03320","00000","2016000000","1","事業所数","50～99人","130管理，補助的経済活動を行う事業所"
"004","0110","03350","00000","2016000000","131","事業所数","50～99人","131家具製造業"
"004","0110","03390","00000","2016000000","8","事業所数","50～99人","132宗教用具製造業"
"004","0110","03410","00000","2016000000","19","事業所数","50～99人","133建具製造業"
"004","0110","03430","00000","2016000000","32","事業所数","50～99人","139その他の家具・装備品製造業"
"004","0110","03480","00000","2016000000","570","事業所数","50～99人","14パルプ・紙・紙加工品製造業"
"004","0110","03490","00000","2016000000","9","事業所数","50～99人","140管理，補助的経済活動を行う事業所"
"004","0110","03520","00000","2016000000","6","事業所数","50～99人","141パルプ製造業"
"004","0110","03540","00000","2016000000","64","事業所数","50～99人","142紙製造業"
"004","0110","03580","00000","2016000000","35","事業所数","50～99人","143加工紙製造業"
"004","0110","03620","00000","2016000000","55","事業所数","50～99人","144紙製品製造業"
"004","0110","03660","00000","2016000000","310","事業所数","50～99人","145紙製容器製造業"
"004","0110","03710","00000","2016000000","91","事業所数","50～99人","149その他のパルプ・紙・紙加工品製造業"
"004","0110","03730","00000","2016000000","793","事業所数","50～99人","15印刷・同関連業"
"004","0110","03740","00000","2016000000","5","事業所数","50～99人","150管理，補助的経済活動を行う事業所"
"004","0110","03770","00000","2016000000","656","事業所数","50～99人","151印刷業"
"004","0110","03810","00000","2016000000","68","事業所数","50～99人","152製版業"
"004","0110","03830","00000","2016000000","59","事業所数","50～99人","153製本業，印刷物加工業"
"004","0110","03860","00000","2016000000","5","事業所数","50～99人","159印刷関連サービス業"
"004","0110","03880","00000","2016000000","791","事業所数","50～99人","16化学工業"
"004","0110","03890","00000","2016000000","36","事業所数","50～99人","160管理，補助的経済活動を行う事業所"
"004","0110","03920","00000","2016000000","19","事業所数","50～99人","161化学肥料製造業"
"004","0110","03960","00000","2016000000","79","事業所数","50～99人","162無機化学工業製品製造業"
"004","0110","04020","00000","2016000000","144","事業所数","50～99人","163有機化学工業製品製造業"
"004","0110","04100","00000","2016000000","129","事業所数","50～99人","164油脂加工製品・石けん・合成洗剤・界面活性剤・塗料製造業"
"004","0110","04180","00000","2016000000","174","事業所数","50～99人","165医薬品製造業"
"004","0110","04240","00000","2016000000","92","事業所数","50～99人","166化粧品・歯磨・その他の化粧用調整品製造業"
"004","0110","04280","00000","2016000000","118","事業所数","50～99人","169その他の化学工業"
"004","0110","04370","00000","2016000000","28","事業所数","50～99人","17石油製品・石炭製品製造業"
"004","0110","04380","00000","2016000000","1","事業所数","50～99人","170管理，補助的経済活動を行う事業所"
"004","0110","04410","00000","2016000000","3","事業所数","50～99人","171石油精製業"
"004","0110","04430","00000","2016000000","14","事業所数","50～99人","172潤滑油・グリース製造業（石油精製業によらないもの）"
"004","0110","04470","00000","2016000000","4","事業所数","50～99人","174舗装材料製造業"
"004","0110","04490","00000","2016000000","6","事業所数","50～99人","179その他の石油製品・石炭製品製造業"
"004","0110","04510","00000","2016000000","1145","事業所数","50～99人","18プラスチック製品製造業（別掲を除く）"
"004","0110","04520","00000","2016000000","12","事業所数","50～99人","180管理，補助的経済活動を行う事業所"
"004","0110","04550","00000","2016000000","82","事業所数","50～99人","181プラスチック板・棒・管・継手・異形押出製品製造業"
"004","0110","04610","00000","2016000000","208","事業所数","50～99人","182プラスチックフィルム・シート・床材・合成皮革製造業"
"004","0110","04670","00000","2016000000","433","事業所数","50～99人","183工業用プラスチック製品製造業"
"004","0110","04720","00000","2016000000","88","事業所数","50～99人","184発泡・強化プラスチック製品製造業"
"004","0110","04780","00000","2016000000","47","事業所数","50～99人","185プラスチック成形材料製造業（廃プラスチックを含む）"
"004","0110","04810","00000","2016000000","275","事業所数","50～99人","189その他のプラスチック製品製造業"
"004","0110","04860","00000","2016000000","195","事業所数","50～99人","19ゴム製品製造業"
"004","0110","04870","00000","2016000000","1","事業所数","50～99人","190管理，補助的経済活動を行う事業所"
"004","0110","04900","00000","2016000000","7","事業所数","50～99人","191タイヤ・チューブ製造業"
"004","0110","04930","00000","2016000000","7","事業所数","50～99人","192ゴム製・プラスチック製履物・同附属品製造業"
"004","0110","04960","00000","2016000000","145","事業所数","50～99人","193ゴムベルト・ゴムホース・工業用ゴム製品製造業"
"004","0110","05000","00000","2016000000","35","事業所数","50～99人","199その他のゴム製品製造業"
"004","0110","05070","00000","2016000000","55","事業所数","50～99人","20なめし革・同製品・毛皮製造業"
"004","0110","05080","00000","2016000000","1","事業所数","50～99人","200管理，補助的経済活動を行う事業所"
"004","0110","05110","00000","2016000000","2","事業所数","50～99人","201なめし革製造業"
"004","0110","05130","00000","2016000000","3","事業所数","50～99人","202工業用革製品製造業（手袋を除く）"
"004","0110","05150","00000","2016000000","2","事業所数","50～99人","203革製履物用材料・同附属品製造業"
"004","0110","05170","00000","2016000000","18","事業所数","50～99人","204革製履物製造業"
"004","0110","05190","00000","2016000000","1","事業所数","50～99人","205革製手袋製造業"
"004","0110","05210","00000","2016000000","17","事業所数","50～99人","206かばん製造業"
"004","0110","05230","00000","2016000000","11","事業所数","50～99人","207袋物製造業"
"004","0110","05300","00000","2016000000","496","事業所数","50～99人","21窯業・土石製品製造業"
"004","0110","05310","00000","2016000000","12","事業所数","50～99人","210管理，補助的経済活動を行う事業所"
"004","0110","05340","00000","2016000000","111","事業所数","50～99人","211ガラス・同製品製造業"
"004","0110","05430","00000","2016000000","138","事業所数","50～99人","212セメント・同製品製造業"
"004","0110","05480","00000","2016000000","8","事業所数","50～99人","213建設用粘土製品製造業（陶磁器製を除く)"
"004","0110","05520","00000","2016000000","71","事業所数","50～99人","214陶磁器・同関連製品製造業"
"004","0110","05620","00000","2016000000","29","事業所数","50～99人","215耐火物製造業"
"004","0110","05660","00000","2016000000","20","事業所数","50～99人","216炭素・黒鉛製品製造業"
"004","0110","05690","00000","2016000000","21","事業所数","50～99人","217研磨材・同製品製造業"
"004","0110","05740","00000","2016000000","24","事業所数","50～99人","218骨材・石工品等製造業"
"004","0110","05810","00000","2016000000","62","事業所数","50～99人","219その他の窯業・土石製品製造業"
"004","0110","05870","00000","2016000000","401","事業所数","50～99人","22鉄鋼業"
"004","0110","05880","00000","2016000000","11","事業所数","50～99人","220管理，補助的経済活動を行う事業所"
"004","0110","05910","00000","2016000000","5","事業所数","50～99人","221製鉄業"
"004","0110","05950","00000","2016000000","6","事業所数","50～99人","222製鋼・製鋼圧延業"
"004","0110","05970","00000","2016000000","97","事業所数","50～99人","223製鋼を行わない鋼材製造業（表面処理鋼材を除く）"
"004","0110","06070","00000","2016000000","11","事業所数","50～99人","224表面処理鋼材製造業"
"004","0110","06100","00000","2016000000","126","事業所数","50～99人","225鉄素形材製造業"
"004","0110","06160","00000","2016000000","145","事業所数","50～99人","229その他の鉄鋼業"
"004","0110","06210","00000","2016000000","281","事業所数","50～99人","23非鉄金属製造業"
"004","0110","06220","00000","2016000000","4","事業所数","50～99人","230管理，補助的経済活動を行う事業所"
"004","0110","06250","00000","2016000000","13","事業所数","50～99人","231非鉄金属第１次製錬・精製業"
"004","0110","06290","00000","2016000000","37","事業所数","50～99人","232非鉄金属第２次製錬・精製業（非鉄金属合金製造業を含む）"
"004","0110","06330","00000","2016000000","47","事業所数","50～99人","233非鉄金属・同合金圧延業（抽伸，押出しを含む）"
"004","0110","06370","00000","2016000000","65","事業所数","50～99人","234電線・ケーブル製造業"
"004","0110","06400","00000","2016000000","88","事業所数","50～99人","235非鉄金属素形材製造業"
"004","0110","06460","00000","2016000000","27","事業所数","50～99人","239その他の非鉄金属製造業"
"004","0110","06490","00000","2016000000","1348","事業所数","50～99人","24金属製品製造業"
"004","0110","06500","00000","2016000000","13","事業所数","50～99人","240管理，補助的経済活動を行う事業所"
"004","0110","06530","00000","2016000000","18","事業所数","50～99人","241ブリキ缶・その他のめっき板等製品製造業"
"004","0110","06550","00000","2016000000","104","事業所数","50～99人","242洋食器・刃物・手道具・金物類製造業"
"004","0110","06630","00000","2016000000","69","事業所数","50～99人","243暖房・調理等装置，配管工事用附属品製造業"
"004","0110","06680","00000","2016000000","450","事業所数","50～99人","244建設用・建築用金属製品製造業（製缶板金業を含む)"
"004","0110","06750","00000","2016000000","202","事業所数","50～99人","245金属素形材製品製造業"
"004","0110","06790","00000","2016000000","256","事業所数","50～99人","246金属被覆・彫刻業，熱処理業（ほうろう鉄器を除く）"
"004","0110","06860","00000","2016000000","26","事業所数","50～99人","247金属線製品製造業（ねじ類を除く)"
"004","0110","06890","00000","2016000000","97","事業所数","50～99人","248ボルト・ナット・リベット・小ねじ・木ねじ等製造業"
"004","0110","06910","00000","2016000000","113","事業所数","50～99人","249その他の金属製品製造業"
"004","0110","06950","00000","2016000000","590","事業所数","50～99人","25はん用機械器具製造業"
"004","0110","06960","00000","2016000000","13","事業所数","50～99人","250管理，補助的経済活動を行う事業所"
"004","0110","06990","00000","2016000000","42","事業所数","50～99人","251ボイラ・原動機製造業"
"004","0110","07040","00000","2016000000","100","事業所数","50～99人","252ポンプ・圧縮機器製造業"
"004","0110","07080","00000","2016000000","199","事業所数","50～99人","253一般産業用機械・装置製造業"
"004","0110","07140","00000","2016000000","236","事業所数","50～99人","259その他のはん用機械・同部分品製造業"
"004","0110","07220","00000","2016000000","1280","事業所数","50～99人","26生産用機械器具製造業"
"004","0110","07230","00000","2016000000","10","事業所数","50～99人","260管理，補助的経済活動を行う事業所"
"004","0110","07260","00000","2016000000","58","事業所数","50～99人","261農業用機械製造業（農業用器具を除く）"
"004","0110","07280","00000","2016000000","120","事業所数","50～99人","262建設機械・鉱山機械製造業"
"004","0110","07300","00000","2016000000","33","事業所数","50～99人","263繊維機械製造業"
"004","0110","07360","00000","2016000000","125","事業所数","50～99人","264生活関連産業用機械製造業"
"004","0110","07420","00000","2016000000","118","事業所数","50～99人","265基礎素材産業用機械製造業"
"004","0110","07460","00000","2016000000","305","事業所数","50～99人","266金属加工機械製造業"
"004","0110","07510","00000","2016000000","137","事業所数","50～99人","267半導体・フラットパネルディスプレイ製造装置製造業"
"004","0110","07540","00000","2016000000","374","事業所数","50～99人","269その他の生産用機械・同部分品製造業"
"004","0110","07600","00000","2016000000","451","事業所数","50～99人","27業務用機械器具製造業"
"004","0110","07610","00000","2016000000","13","事業所数","50～99人","270管理，補助的経済活動を行う事業所"
"004","0110","07640","00000","2016000000","51","事業所数","50～99人","271事務用機械器具製造業"
"004","0110","07670","00000","2016000000","86","事業所数","50～99人","272サービス用・娯楽用機械器具製造業"
"004","0110","07720","00000","2016000000","134","事業所数","50～99人","273計量器・測定器・分析機器・試験機・測量機械器具・理化学機械器具製造業"
"004","0110","07820","00000","2016000000","118","事業所数","50～99人","274医療用機械器具・医療用品製造業"
"004","0110","07870","00000","2016000000","48","事業所数","50～99人","275光学機械器具・レンズ製造業"
"004","0110","07910","00000","2016000000","1","事業所数","50～99人","276武器製造業"
"004","0110","07930","00000","2016000000","611","事業所数","50～99人","28電子部品・デバイス・電子回路製造業"
"004","0110","07940","00000","2016000000","15","事業所数","50～99人","280管理，補助的経済活動を行う事業所"
"004","0110","07970","00000","2016000000","97","事業所数","50～99人","281電子デバイス製造業"
"004","0110","08030","00000","2016000000","128","事業所数","50～99人","282電子部品製造業"
"004","0110","08070","00000","2016000000","6","事業所数","50～99人","283記録メディア製造業"
"004","0110","08100","00000","2016000000","161","事業所数","50～99人","284電子回路製造業"
"004","0110","08130","00000","2016000000","40","事業所数","50～99人","285ユニット部品製造業"
"004","0110","08160","00000","2016000000","164","事業所数","50～99人","289その他の電子部品・デバイス・電子回路製造業"
"004","0110","08180","00000","2016000000","954","事業所数","50～99人","29電気機械器具製造業"
"004","0110","08190","00000","2016000000","17","事業所数","50～99人","290管理，補助的経済活動を行う事業所"
"004","0110","08220","00000","2016000000","366","事業所数","50～99人","291発電用・送電用・配電用電気機械器具製造業"
"004","0110","08280","00000","2016000000","193","事業所数","50～99人","292産業用電気機械器具製造業"
"004","0110","08320","00000","2016000000","97","事業所数","50～99人","293民生用電気機械器具製造業"
"004","0110","08370","00000","2016000000","70","事業所数","50～99人","294電球・電気照明器具製造業"
"004","0110","08400","00000","2016000000","25","事業所数","50～99人","295電池製造業"
"004","0110","08430","00000","2016000000","62","事業所数","50～99人","296電子応用装置製造業"
"004","0110","08470","00000","2016000000","91","事業所数","50～99人","297電気計測器製造業"
"004","0110","08510","00000","2016000000","33","事業所数","50～99人","299その他の電気機械器具製造業"
"004","0110","08530","00000","2016000000","243","事業所数","50～99人","30情報通信機械器具製造業"
"004","0110","08540","00000","2016000000","3","事業所数","50～99人","300管理，補助的経済活動を行う事業所"
"004","0110","08570","00000","2016000000","115","事業所数","50～99人","301通信機械器具・同関連機械器具製造業"
"004","0110","08640","00000","2016000000","50","事業所数","50～99人","302映像・音響機械器具製造業"
"004","0110","08680","00000","2016000000","75","事業所数","50～99人","303電子計算機・同附属装置製造業"
"004","0110","08750","00000","2016000000","1276","事業所数","50～99人","31輸送用機械器具製造業"
"004","0110","08760","00000","2016000000","19","事業所数","50～99人","310管理，補助的経済活動を行う事業所"
"004","0110","08790","00000","2016000000","975","事業所数","50～99人","311自動車・同附属品製造業"
"004","0110","08830","00000","2016000000","44","事業所数","50～99人","312鉄道車両・同部分品製造業"
"004","0110","08860","00000","2016000000","115","事業所数","50～99人","313船舶製造・修理業，舶用機関製造業"
"004","0110","08910","00000","2016000000","62","事業所数","50～99人","314航空機・同附属品製造業"
"004","0110","08950","00000","2016000000","22","事業所数","50～99人","315産業用運搬車両・同部分品・附属品製造業"
"004","0110","08980","00000","2016000000","39","事業所数","50～99人","319その他の輸送用機械器具製造業"
"004","0110","09010","00000","2016000000","319","事業所数","50～99人","32その他の製造業"
"004","0110","09020","00000","2016000000","5","事業所数","50～99人","320管理，補助的経済活動を行う事業所"
"004","0110","09050","00000","2016000000","15","事業所数","50～99人","321貴金属・宝石製品製造業"
"004","0110","09090","00000","2016000000","19","事業所数","50～99人","322装身具・装飾品・ボタン・同関連品製造業（貴金属・宝石製を除く）"
"004","0110","09150","00000","2016000000","14","事業所数","50～99人","323時計・同部分品製造業"
"004","0110","09170","00000","2016000000","17","事業所数","50～99人","324楽器製造業"
"004","0110","09200","00000","2016000000","51","事業所数","50～99人","325がん具・運動用具製造業"
"004","0110","09210","00000","2016000000","21","事業所数","50～99人","32Aがん具製造業"
"004","0110","09240","00000","2016000000","30","事業所数","50～99人","32B運動用具製造業"
"004","0110","09260","00000","2016000000","34","事業所数","50～99人","326ペン・鉛筆・絵画用品・その他の事務用品製造業"
"004","0110","09300","00000","2016000000","7","事業所数","50～99人","327漆器製造業"
"004","0110","09320","00000","2016000000","20","事業所数","50～99人","328畳等生活雑貨製品製造業"
"004","0110","09390","00000","2016000000","137","事業所数","50～99人","329他に分類されない製造業"
"004","0110","09400","00000","2016000000","10","事業所数","50～99人","32C情報記録物製造業（新聞，書籍等の印刷物を除く）"
"004","0110","09420","00000","2016000000","127","事業所数","50～99人","32D他に分類されないその他の製造業"
"004","0110","09500","00000","2016000000","630","事業所数","50～99人","F電気・ガス・熱供給・水道業"
"004","0110","09510","00000","2016000000","493","事業所数","50～99人","33電気業"
"004","0110","09520","00000","2016000000","430","事業所数","50～99人","330管理，補助的経済活動を行う事業所"
"004","0110","09530","00000","2016000000","63","事業所数","50～99人","331電気業"
"004","0110","09540","00000","2016000000","85","事業所数","50～99人","34ガス業"
"004","0110","09550","00000","2016000000","48","事業所数","50～99人","340管理，補助的経済活動を行う事業所"
"004","0110","09560","00000","2016000000","37","事業所数","50～99人","341ガス業"
"004","0110","09570","00000","2016000000","2","事業所数","50～99人","35熱供給業"
"004","0110","09590","00000","2016000000","2","事業所数","50～99人","351熱供給業"
"004","0110","09600","00000","2016000000","50","事業所数","50～99人","36水道業"
"004","0110","09610","00000","2016000000","1","事業所数","50～99人","360管理，補助的経済活動を行う事業所"
"004","0110","09620","00000","2016000000","4","事業所数","50～99人","361上水道業"
"004","0110","09640","00000","2016000000","45","事業所数","50～99人","363下水道業"
"004","0110","09650","00000","2016000000","2918","事業所数","50～99人","G情報通信業"
"004","0110","09660","00000","2016000000","739","事業所数","50～99人","G1情報通信業（通信業，放送業，映像・音声・文字情報制作業）"
"004","0110","09670","00000","2016000000","147","事業所数","50～99人","37通信業"
"004","0110","09680","00000","2016000000","3","事業所数","50～99人","370管理，補助的経済活動を行う事業所"
"004","0110","09690","00000","2016000000","57","事業所数","50～99人","371固定電気通信業"
"004","0110","09700","00000","2016000000","18","事業所数","50～99人","372移動電気通信業"
"004","0110","09710","00000","2016000000","69","事業所数","50～99人","373電気通信に附帯するサービス業"
"004","0110","09720","00000","2016000000","180","事業所数","50～99人","38放送業"
"004","0110","09740","00000","2016000000","15","事業所数","50～99人","381公共放送業（有線放送業を除く）"
"004","0110","09750","00000","2016000000","91","事業所数","50～99人","382民間放送業（有線放送業を除く）"
"004","0110","09770","00000","2016000000","74","事業所数","50～99人","383有線放送業"
"004","0110","09780","00000","2016000000","412","事業所数","50～99人","41映像・音声・文字情報制作業"
"004","0110","09790","00000","2016000000","1","事業所数","50～99人","410管理，補助的経済活動を行う事業所"
"004","0110","09800","00000","2016000000","144","事業所数","50～99人","411映像情報制作・配給業"
"004","0110","09810","00000","2016000000","6","事業所数","50～99人","412音声情報制作業"
"004","0110","09820","00000","2016000000","49","事業所数","50～99人","413新聞業"
"004","0110","09830","00000","2016000000","124","事業所数","50～99人","414出版業"
"004","0110","09840","00000","2016000000","36","事業所数","50～99人","415広告制作業"
"004","0110","09850","00000","2016000000","52","事業所数","50～99人","416映像・音声・文字情報制作に附帯するサービス業"
"004","0110","09860","00000","2016000000","2179","事業所数","50～99人","G2情報通信業（情報サービス業，インターネット附随サービス業）"
"004","0110","09870","00000","2016000000","1990","事業所数","50～99人","39情報サービス業"
"004","0110","09880","00000","2016000000","6","事業所数","50～99人","390管理，補助的経済活動を行う事業所"
"004","0110","09910","00000","2016000000","1626","事業所数","50～99人","391ソフトウェア業"
"004","0110","09960","00000","2016000000","358","事業所数","50～99人","392情報処理・提供サービス業"
"004","0110","09970","00000","2016000000","250","事業所数","50～99人","39A情報処理サービス業"
"004","0110","09990","00000","2016000000","38","事業所数","50～99人","39B情報提供サービス業"
"004","0110","10010","00000","2016000000","70","事業所数","50～99人","39Cその他の情報処理・提供サービス業"
"004","0110","10040","00000","2016000000","184","事業所数","50～99人","40インターネット附随サービス業"
"004","0110","10050","00000","2016000000","1","事業所数","50～99人","400管理，補助的経済活動を行う事業所"
"004","0110","10080","00000","2016000000","183","事業所数","50～99人","401インターネット附随サービス業"
"004","0110","10120","00000","2016000000","8788","事業所数","50～99人","H運輸業，郵便業"
"004","0110","10130","00000","2016000000","478","事業所数","50～99人","42鉄道業"
"004","0110","10140","00000","2016000000","6","事業所数","50～99人","420管理，補助的経済活動を行う事業所"
"004","0110","10150","00000","2016000000","472","事業所数","50～99人","421鉄道業"
"004","0110","10160","00000","2016000000","1634","事業所数","50～99人","43道路旅客運送業"
"004","0110","10170","00000","2016000000","7","事業所数","50～99人","430管理，補助的経済活動を行う事業所"
"004","0110","10180","00000","2016000000","318","事業所数","50～99人","431一般乗合旅客自動車運送業"
"004","0110","10190","00000","2016000000","1138","事業所数","50～99人","432一般乗用旅客自動車運送業"
"004","0110","10200","00000","2016000000","157","事業所数","50～99人","433一般貸切旅客自動車運送業"
"004","0110","10210","00000","2016000000","14","事業所数","50～99人","439その他の道路旅客運送業"
"004","0110","10220","00000","2016000000","5024","事業所数","50～99人","44道路貨物運送業"
"004","0110","10230","00000","2016000000","13","事業所数","50～99人","440管理，補助的経済活動を行う事業所"
"004","0110","10240","00000","2016000000","4795","事業所数","50～99人","441一般貨物自動車運送業"
"004","0110","10250","00000","2016000000","112","事業所数","50～99人","442特定貨物自動車運送業"
"004","0110","10260","00000","2016000000","18","事業所数","50～99人","443貨物軽自動車運送業"
"004","0110","10270","00000","2016000000","83","事業所数","50～99人","444集配利用運送業"
"004","0110","10280","00000","2016000000","3","事業所数","50～99人","449その他の道路貨物運送業"
"004","0110","10290","00000","2016000000","101","事業所数","50～99人","45水運業"
"004","0110","10310","00000","2016000000","20","事業所数","50～99人","451外航海運業"
"004","0110","10320","00000","2016000000","48","事業所数","50～99人","452沿海海運業"
"004","0110","10330","00000","2016000000","5","事業所数","50～99人","453内陸水運業"
"004","0110","10340","00000","2016000000","28","事業所数","50～99人","454船舶貸渡業"
"004","0110","10350","00000","2016000000","42","事業所数","50～99人","46航空運輸業"
"004","0110","10360","00000","2016000000","3","事業所数","50～99人","460管理，補助的経済活動を行う事業所"
"004","0110","10370","00000","2016000000","33","事業所数","50～99人","461航空運送業"
"004","0110","10380","00000","2016000000","6","事業所数","50～99人","462航空機使用業（航空運送業を除く）"
"004","0110","10390","00000","2016000000","515","事業所数","50～99人","47倉庫業"
"004","0110","10400","00000","2016000000","3","事業所数","50～99人","470管理，補助的経済活動を行う事業所"
"004","0110","10410","00000","2016000000","443","事業所数","50～99人","471倉庫業（冷蔵倉庫業を除く）"
"004","0110","10420","00000","2016000000","69","事業所数","50～99人","472冷蔵倉庫業"
"004","0110","10430","00000","2016000000","978","事業所数","50～99人","48運輸に附帯するサービス業"
"004","0110","10440","00000","2016000000","13","事業所数","50～99人","480管理，補助的経済活動を行う事業所"
"004","0110","10450","00000","2016000000","208","事業所数","50～99人","481港湾運送業"
"004","0110","10460","00000","2016000000","232","事業所数","50～99人","482貨物運送取扱業（集配利用運送業を除く）"
"004","0110","10470","00000","2016000000","28","事業所数","50～99人","483運送代理店"
"004","0110","10480","00000","2016000000","200","事業所数","50～99人","484こん包業"
"004","0110","10490","00000","2016000000","25","事業所数","50～99人","485運輸施設提供業"
"004","0110","10500","00000","2016000000","272","事業所数","50～99人","489その他の運輸に附帯するサービス業"
"004","0110","10510","00000","2016000000","13","事業所数","50～99人","49郵便業（信書便事業を含む）"
"004","0110","10520","00000","2016000000","2","事業所数","50～99人","490管理，補助的経済活動を行う事業所"
"004","0110","10530","00000","2016000000","11","事業所数","50～99人","491郵便業（信書便事業を含む）"
"004","0110","10540","00000","2016000000","18063","事業所数","50～99人","I卸売業，小売業"
"004","0110","10550","00000","2016000000","6086","事業所数","50～99人","I1卸売業"
"004","0110","10560","00000","2016000000","36","事業所数","50～99人","50各種商品卸売業"
"004","0110","10610","00000","2016000000","36","事業所数","50～99人","501各種商品卸売業"
"004","0110","10640","00000","2016000000","36","事業所数","50～99人","50Bその他の各種商品卸売業"
"004","0110","10660","00000","2016000000","364","事業所数","50～99人","51繊維・衣服等卸売業"
"004","0110","10670","00000","2016000000","11","事業所数","50～99人","510管理，補助的経済活動を行う事業所"
"004","0110","10710","00000","2016000000","40","事業所数","50～99人","511繊維品卸売業（衣服，身の回り品を除く）"
"004","0110","10750","00000","2016000000","171","事業所数","50～99人","512衣服卸売業"
"004","0110","10800","00000","2016000000","142","事業所数","50～99人","513身の回り品卸売業"
"004","0110","10850","00000","2016000000","1456","事業所数","50～99人","52飲食料品卸売業"
"004","0110","10860","00000","2016000000","17","事業所数","50～99人","520管理，補助的経済活動を行う事業所"
"004","0110","10900","00000","2016000000","643","事業所数","50～99人","521農畜産物・水産物卸売業"
"004","0110","10910","00000","2016000000","57","事業所数","50～99人","52A米穀類卸売業"
"004","0110","10940","00000","2016000000","289","事業所数","50～99人","52B野菜・果実卸売業"
"004","0110","10970","00000","2016000000","103","事業所数","50～99人","52C食肉卸売業"
"004","0110","10990","00000","2016000000","146","事業所数","50～99人","52D生鮮魚介卸売業"
"004","0110","11010","00000","2016000000","48","事業所数","50～99人","52Eその他の農畜産物・水産物卸売業"
"004","0110","11030","00000","2016000000","796","事業所数","50～99人","522食料・飲料卸売業"
"004","0110","11120","00000","2016000000","871","事業所数","50～99人","53建築材料，鉱物・金属材料等卸売業"
"004","0110","11130","00000","2016000000","19","事業所数","50～99人","530管理，補助的経済活動を行う事業所"
"004","0110","11170","00000","2016000000","258","事業所数","50～99人","531建築材料卸売業"
"004","0110","11230","00000","2016000000","229","事業所数","50～99人","532化学製品卸売業"
"004","0110","11270","00000","2016000000","101","事業所数","50～99人","533石油・鉱物卸売業"
"004","0110","11300","00000","2016000000","153","事業所数","50～99人","534鉄鋼製品卸売業"
"004","0110","11340","00000","2016000000","44","事業所数","50～99人","535非鉄金属卸売業"
"004","0110","11370","00000","2016000000","67","事業所数","50～99人","536再生資源卸売業"
"004","0110","11430","00000","2016000000","1850","事業所数","50～99人","54機械器具卸売業"
"004","0110","11440","00000","2016000000","48","事業所数","50～99人","540管理，補助的経済活動を行う事業所"
"004","0110","11480","00000","2016000000","574","事業所数","50～99人","541産業機械器具卸売業"
"004","0110","11540","00000","2016000000","295","事業所数","50～99人","542自動車卸売業"
"004","0110","11580","00000","2016000000","650","事業所数","50～99人","543電気機械器具卸売業"
"004","0110","11610","00000","2016000000","283","事業所数","50～99人","549その他の機械器具卸売業"
"004","0110","11650","00000","2016000000","1500","事業所数","50～99人","55その他の卸売業"
"004","0110","11660","00000","2016000000","66","事業所数","50～99人","550管理，補助的経済活動を行う事業所"
"004","0110","11700","00000","2016000000","171","事業所数","50～99人","551家具・建具・じゅう器等卸売業"
"004","0110","11770","00000","2016000000","623","事業所数","50～99人","552医薬品・化粧品等卸売業"
"004","0110","11820","00000","2016000000","101","事業所数","50～99人","553紙・紙製品卸売業"
"004","0110","11850","00000","2016000000","539","事業所数","50～99人","559他に分類されない卸売業"
"004","0110","11860","00000","2016000000","21","事業所数","50～99人","55A代理商，仲立業"
"004","0110","11880","00000","2016000000","518","事業所数","50～99人","55B他に分類されないその他の卸売業"
"004","0110","11970","00000","2016000000","11977","事業所数","50～99人","I2小売業"
"004","0110","11980","00000","2016000000","344","事業所数","50～99人","56各種商品小売業"
"004","0110","11990","00000","2016000000","5","事業所数","50～99人","560管理，補助的経済活動を行う事業所"
"004","0110","12030","00000","2016000000","339","事業所数","50～99人","561百貨店，総合スーパー"
"004","0110","12070","00000","2016000000","622","事業所数","50～99人","57織物・衣服・身の回り品小売業"
"004","0110","12080","00000","2016000000","30","事業所数","50～99人","570管理，補助的経済活動を行う事業所"
"004","0110","12120","00000","2016000000","13","事業所数","50～99人","571呉服・服地・寝具小売業"
"004","0110","12150","00000","2016000000","20","事業所数","50～99人","572男子服小売業"
"004","0110","12170","00000","2016000000","464","事業所数","50～99人","573婦人・子供服小売業"
"004","0110","12200","00000","2016000000","7","事業所数","50～99人","574靴・履物小売業"
"004","0110","12230","00000","2016000000","88","事業所数","50～99人","579その他の織物・衣服・身の回り品小売業"
"004","0110","12280","00000","2016000000","6995","事業所数","50～99人","58飲食料品小売業"
"004","0110","12290","00000","2016000000","92","事業所数","50～99人","580管理，補助的経済活動を行う事業所"
"004","0110","12330","00000","2016000000","5764","事業所数","50～99人","581各種食料品小売業"
"004","0110","12350","00000","2016000000","50","事業所数","50～99人","582野菜・果実小売業"
"004","0110","12380","00000","2016000000","28","事業所数","50～99人","583食肉小売業"
"004","0110","12410","00000","2016000000","22","事業所数","50～99人","584鮮魚小売業"
"004","0110","12430","00000","2016000000","10","事業所数","50～99人","585酒小売業"
"004","0110","12450","00000","2016000000","260","事業所数","50～99人","586菓子・パン小売業"
"004","0110","12500","00000","2016000000","769","事業所数","50～99人","589その他の飲食料品小売業"
"004","0110","12510","00000","2016000000","115","事業所数","50～99人","58A料理品小売業"
"004","0110","12530","00000","2016000000","654","事業所数","50～99人","58B他に分類されない飲食料品小売業"
"004","0110","12620","00000","2016000000","657","事業所数","50～99人","59機械器具小売業"
"004","0110","12630","00000","2016000000","53","事業所数","50～99人","590管理，補助的経済活動を行う事業所"
"004","0110","12670","00000","2016000000","304","事業所数","50～99人","591自動車小売業"
"004","0110","12720","00000","2016000000","1","事業所数","50～99人","592自転車小売業"
"004","0110","12740","00000","2016000000","299","事業所数","50～99人","593機械器具小売業（自動車，自転車を除く）"
"004","0110","12790","00000","2016000000","2637","事業所数","50～99人","60その他の小売業"
"004","0110","12800","00000","2016000000","84","事業所数","50～99人","600管理，補助的経済活動を行う事業所"
"004","0110","12840","00000","2016000000","172","事業所数","50～99人","601家具・建具・畳小売業"
"004","0110","12890","00000","2016000000","12","事業所数","50～99人","602じゅう器小売業"
"004","0110","12940","00000","2016000000","186","事業所数","50～99人","603医薬品・化粧品小売業"
"004","0110","12990","00000","2016000000","20","事業所数","50～99人","604農耕用品小売業"
"004","0110","13030","00000","2016000000","98","事業所数","50～99人","605燃料小売業"
"004","0110","13060","00000","2016000000","802","事業所数","50～99人","606書籍・文房具小売業"
"004","0110","13110","00000","2016000000","253","事業所数","50～99人","607スポーツ用品・がん具・娯楽用品・楽器小売業"
"004","0110","13120","00000","2016000000","205","事業所数","50～99人","60Aスポーツ用品小売業"
"004","0110","13140","00000","2016000000","35","事業所数","50～99人","60Bがん具・娯楽用品小売業"
"004","0110","13160","00000","2016000000","13","事業所数","50～99人","60C楽器小売業"
"004","0110","13180","00000","2016000000","21","事業所数","50～99人","608写真機・時計・眼鏡小売業"
"004","0110","13210","00000","2016000000","989","事業所数","50～99人","609他に分類されない小売業"
"004","0110","13220","00000","2016000000","8","事業所数","50～99人","60D花・植木小売業"
"004","0110","13240","00000","2016000000","3","事業所数","50～99人","60Eペット・ペット用品小売業"
"004","0110","13260","00000","2016000000","58","事業所数","50～99人","60F中古品小売業（他に分類されないもの）"
"004","0110","13290","00000","2016000000","920","事業所数","50～99人","60G他に分類されないその他の小売業"
"004","0110","13350","00000","2016000000","715","事業所数","50～99人","61無店舗小売業"
"004","0110","13360","00000","2016000000","11","事業所数","50～99人","610管理，補助的経済活動を行う事業所"
"004","0110","13400","00000","2016000000","498","事業所数","50～99人","611通信販売・訪問販売小売業"
"004","0110","13460","00000","2016000000","88","事業所数","50～99人","612自動販売機による小売業"
"004","0110","13480","00000","2016000000","118","事業所数","50～99人","619その他の無店舗小売業"
"004","0110","13500","00000","2016000000","3056","事業所数","50～99人","J金融業，保険業"
"004","0110","13510","00000","2016000000","830","事業所数","50～99人","62銀行業"
"004","0110","13520","00000","2016000000","21","事業所数","50～99人","620管理，補助的経済活動を行う事業所"
"004","0110","13530","00000","2016000000","14","事業所数","50～99人","621中央銀行"
"004","0110","13540","00000","2016000000","795","事業所数","50～99人","622銀行（中央銀行を除く）"
"004","0110","13560","00000","2016000000","223","事業所数","50～99人","63協同組織金融業"
"004","0110","13570","00000","2016000000","3","事業所数","50～99人","630管理，補助的経済活動を行う事業所"
"004","0110","13580","00000","2016000000","187","事業所数","50～99人","631中小企業等金融業"
"004","0110","13590","00000","2016000000","33","事業所数","50～99人","632農林水産金融業"
"004","0110","13600","00000","2016000000","167","事業所数","50～99人","64貸金業，クレジットカード業等非預金信用機関"
"004","0110","13610","00000","2016000000","1","事業所数","50～99人","640管理，補助的経済活動を行う事業所"
"004","0110","13620","00000","2016000000","14","事業所数","50～99人","641貸金業"
"004","0110","13640","00000","2016000000","111","事業所数","50～99人","643クレジットカード業，割賦金融業"
"004","0110","13650","00000","2016000000","41","事業所数","50～99人","649その他の非預金信用機関"
"004","0110","13660","00000","2016000000","246","事業所数","50～99人","65金融商品取引業，商品先物取引業"
"004","0110","13680","00000","2016000000","238","事業所数","50～99人","651金融商品取引業"
"004","0110","13690","00000","2016000000","8","事業所数","50～99人","652商品先物取引業，商品投資顧問業"
"004","0110","13700","00000","2016000000","73","事業所数","50～99人","66補助的金融業等"
"004","0110","13710","00000","2016000000","1","事業所数","50～99人","660管理，補助的経済活動を行う事業所"
"004","0110","13720","00000","2016000000","65","事業所数","50～99人","661補助的金融業，金融附帯業"
"004","0110","13740","00000","2016000000","7","事業所数","50～99人","663金融代理業"
"004","0110","13750","00000","2016000000","1513","事業所数","50～99人","67保険業（保険媒介代理業，保険サービス業を含む）"
"004","0110","13760","00000","2016000000","10","事業所数","50～99人","670管理，補助的経済活動を行う事業所"
"004","0110","13770","00000","2016000000","1018","事業所数","50～99人","671生命保険業"
"004","0110","13780","00000","2016000000","249","事業所数","50～99人","672損害保険業"
"004","0110","13790","00000","2016000000","94","事業所数","50～99人","673共済事業，少額短期保険業"
"004","0110","13800","00000","2016000000","102","事業所数","50～99人","674保険媒介代理業"
"004","0110","13810","00000","2016000000","40","事業所数","50～99人","675保険サービス業"
"004","0110","13820","00000","2016000000","1128","事業所数","50～99人","K不動産業，物品賃貸業"
"004","0110","13830","00000","2016000000","809","事業所数","50～99人","K1不動産業"
"004","0110","13840","00000","2016000000","238","事業所数","50～99人","68不動産取引業"
"004","0110","13850","00000","2016000000","3","事業所数","50～99人","680管理，補助的経済活動を行う事業所"
"004","0110","13880","00000","2016000000","118","事業所数","50～99人","681建物売買業，土地売買業"
"004","0110","13910","00000","2016000000","117","事業所数","50～99人","682不動産代理業・仲介業"
"004","0110","13930","00000","2016000000","564","事業所数","50～99人","69不動産賃貸業・管理業"
"004","0110","13940","00000","2016000000","2","事業所数","50～99人","690管理，補助的経済活動を行う事業所"
"004","0110","13970","00000","2016000000","141","事業所数","50～99人","691不動産賃貸業（貸家業，貸間業を除く）"
"004","0110","14010","00000","2016000000","144","事業所数","50～99人","692貸家業，貸間業"
"004","0110","14040","00000","2016000000","41","事業所数","50～99人","693駐車場業"
"004","0110","14060","00000","2016000000","236","事業所数","50～99人","694不動産管理業"
"004","0110","14080","00000","2016000000","319","事業所数","50～99人","K2物品賃貸業"
"004","0110","14090","00000","2016000000","319","事業所数","50～99人","70物品賃貸業"
"004","0110","14100","00000","2016000000","14","事業所数","50～99人","700管理，補助的経済活動を行う事業所"
"004","0110","14130","00000","2016000000","25","事業所数","50～99人","701各種物品賃貸業"
"004","0110","14160","00000","2016000000","94","事業所数","50～99人","702産業用機械器具賃貸業"
"004","0110","14190","00000","2016000000","14","事業所数","50～99人","703事務用機械器具賃貸業"
"004","0110","14220","00000","2016000000","44","事業所数","50～99人","704自動車賃貸業"
"004","0110","14240","00000","2016000000","1","事業所数","50～99人","705スポーツ・娯楽用品賃貸業"
"004","0110","14260","00000","2016000000","125","事業所数","50～99人","709その他の物品賃貸業"
"004","0110","14270","00000","2016000000","27","事業所数","50～99人","70A音楽・映像記録物賃貸業（別掲を除く）"
"004","0110","14290","00000","2016000000","98","事業所数","50～99人","70B他に分類されない物品賃貸業"
"004","0110","14330","00000","2016000000","2281","事業所数","50～99人","L学術研究，専門・技術サービス業"
"004","0110","14340","00000","2016000000","388","事業所数","50～99人","71学術・開発研究機関"
"004","0110","14350","00000","2016000000","1","事業所数","50～99人","710管理，補助的経済活動を行う事業所"
"004","0110","14370","00000","2016000000","367","事業所数","50～99人","711自然科学研究所"
"004","0110","14420","00000","2016000000","20","事業所数","50～99人","712人文・社会科学研究所"
"004","0110","14440","00000","2016000000","522","事業所数","50～99人","72専門サービス業（他に分類されないもの）"
"004","0110","14450","00000","2016000000","4","事業所数","50～99人","720管理，補助的経済活動を行う事業所"
"004","0110","14470","00000","2016000000","39","事業所数","50～99人","721法律事務所，特許事務所"
"004","0110","14480","00000","2016000000","17","事業所数","50～99人","72A法律事務所"
"004","0110","14500","00000","2016000000","22","事業所数","50～99人","72B特許事務所"
"004","0110","14520","00000","2016000000","3","事業所数","50～99人","722公証人役場，司法書士事務所，土地家屋調査士事務所"
"004","0110","14550","00000","2016000000","1","事業所数","50～99人","723行政書士事務所"
"004","0110","14570","00000","2016000000","49","事業所数","50～99人","724公認会計士事務所，税理士事務所"
"004","0110","14580","00000","2016000000","17","事業所数","50～99人","72C公認会計士事務所"
"004","0110","14600","00000","2016000000","32","事業所数","50～99人","72D税理士事務所"
"004","0110","14620","00000","2016000000","2","事業所数","50～99人","725社会保険労務士事務所"
"004","0110","14640","00000","2016000000","42","事業所数","50～99人","726デザイン業"
"004","0110","14690","00000","2016000000","216","事業所数","50～99人","728経営コンサルタント業，純粋持株会社"
"004","0110","14700","00000","2016000000","145","事業所数","50～99人","72E経営コンサルタント業"
"004","0110","14720","00000","2016000000","71","事業所数","50～99人","72F純粋持株会社"
"004","0110","14740","00000","2016000000","166","事業所数","50～99人","729その他の専門サービス業"
"004","0110","14750","00000","2016000000","7","事業所数","50～99人","72G興信所"
"004","0110","14770","00000","2016000000","159","事業所数","50～99人","72H他に分類されない専門サービス業"
"004","0110","14820","00000","2016000000","223","事業所数","50～99人","73広告業"
"004","0110","14860","00000","2016000000","223","事業所数","50～99人","731広告業"
"004","0110","14880","00000","2016000000","1146","事業所数","50～99人","74技術サービス業（他に分類されないもの）"
"004","0110","14890","00000","2016000000","9","事業所数","50～99人","740管理，補助的経済活動を行う事業所"
"004","0110","14910","00000","2016000000","11","事業所数","50～99人","741獣医業"
"004","0110","14930","00000","2016000000","486","事業所数","50～99人","742土木建築サービス業"
"004","0110","14940","00000","2016000000","381","事業所数","50～99人","74A建築設計業"
"004","0110","14960","00000","2016000000","52","事業所数","50～99人","74B測量業"
"004","0110","14980","00000","2016000000","53","事業所数","50～99人","74Cその他の土木建築サービス業"
"004","0110","15000","00000","2016000000","194","事業所数","50～99人","743機械設計業"
"004","0110","15020","00000","2016000000","129","事業所数","50～99人","744商品・非破壊検査業"
"004","0110","15050","00000","2016000000","77","事業所数","50～99人","745計量証明業"
"004","0110","15090","00000","2016000000","14","事業所数","50～99人","746写真業"
"004","0110","15120","00000","2016000000","226","事業所数","50～99人","749その他の技術サービス業"
"004","0110","15140","00000","2016000000","6544","事業所数","50～99人","M宿泊業，飲食サービス業"
"004","0110","15150","00000","2016000000","1377","事業所数","50～99人","M1宿泊業"
"004","0110","15160","00000","2016000000","1377","事業所数","50～99人","75宿泊業"
"004","0110","15170","00000","2016000000","6","事業所数","50～99人","750管理，補助的経済活動を行う事業所"
"004","0110","15200","00000","2016000000","1296","事業所数","50～99人","751旅館，ホテル"
"004","0110","15220","00000","2016000000","8","事業所数","50～99人","752簡易宿所"
"004","0110","15240","00000","2016000000","1","事業所数","50～99人","753下宿業"
"004","0110","15260","00000","2016000000","65","事業所数","50～99人","759その他の宿泊業"
"004","0110","15270","00000","2016000000","37","事業所数","50～99人","75A会社・団体の宿泊所"
"004","0110","15290","00000","2016000000","28","事業所数","50～99人","75B他に分類されない宿泊業"
"004","0110","15320","00000","2016000000","5167","事業所数","50～99人","M2飲食店，持ち帰り・配達飲食サービス業"
"004","0110","15330","00000","2016000000","4493","事業所数","50～99人","76飲食店"
"004","0110","15340","00000","2016000000","48","事業所数","50～99人","760管理，補助的経済活動を行う事業所"
"004","0110","15370","00000","2016000000","315","事業所数","50～99人","761食堂，レストラン（専門料理店を除く）"
"004","0110","15390","00000","2016000000","1192","事業所数","50～99人","762専門料理店"
"004","0110","15400","00000","2016000000","490","事業所数","50～99人","76A日本料理店"
"004","0110","15420","00000","2016000000","200","事業所数","50～99人","76B中華料理店"
"004","0110","15450","00000","2016000000","183","事業所数","50～99人","76C焼肉店"
"004","0110","15470","00000","2016000000","319","事業所数","50～99人","76Dその他の専門料理店"
"004","0110","15500","00000","2016000000","32","事業所数","50～99人","763そば・うどん店"
"004","0110","15520","00000","2016000000","1536","事業所数","50～99人","764すし店"
"004","0110","15540","00000","2016000000","372","事業所数","50～99人","765酒場，ビヤホール"
"004","0110","15560","00000","2016000000","76","事業所数","50～99人","766バー，キャバレー，ナイトクラブ"
"004","0110","15580","00000","2016000000","109","事業所数","50～99人","767喫茶店"
"004","0110","15600","00000","2016000000","813","事業所数","50～99人","769その他の飲食店"
"004","0110","15610","00000","2016000000","753","事業所数","50～99人","76Eハンバーガー店"
"004","0110","15630","00000","2016000000","7","事業所数","50～99人","76Fお好み焼・焼きそば・たこ焼店"
"004","0110","15650","00000","2016000000","53","事業所数","50～99人","76G他に分類されない飲食店"
"004","0110","15670","00000","2016000000","662","事業所数","50～99人","77持ち帰り・配達飲食サービス業"
"004","0110","15680","00000","2016000000","12","事業所数","50～99人","770管理，補助的経済活動を行う事業所"
"004","0110","15710","00000","2016000000","22","事業所数","50～99人","771持ち帰り飲食サービス業"
"004","0110","15730","00000","2016000000","628","事業所数","50～99人","772配達飲食サービス業"
"004","0110","15750","00000","2016000000","3566","事業所数","50～99人","N生活関連サービス業，娯楽業"
"004","0110","15760","00000","2016000000","918","事業所数","50～99人","78洗濯・理容・美容・浴場業"
"004","0110","15770","00000","2016000000","6","事業所数","50～99人","780管理，補助的経済活動を行う事業所"
"004","0110","15800","00000","2016000000","545","事業所数","50～99人","781洗濯業"
"004","0110","15810","00000","2016000000","210","事業所数","50～99人","78A普通洗濯業"
"004","0110","15840","00000","2016000000","335","事業所数","50～99人","78Bリネンサプライ業"
"004","0110","15860","00000","2016000000","9","事業所数","50～99人","782理容業"
"004","0110","15880","00000","2016000000","75","事業所数","50～99人","783美容業"
"004","0110","15900","00000","2016000000","16","事業所数","50～99人","784一般公衆浴場業"
"004","0110","15920","00000","2016000000","229","事業所数","50～99人","785その他の公衆浴場業"
"004","0110","15940","00000","2016000000","38","事業所数","50～99人","789その他の洗濯・理容・美容・浴場業"
"004","0110","16000","00000","2016000000","578","事業所数","50～99人","79その他の生活関連サービス業"
"004","0110","16010","00000","2016000000","13","事業所数","50～99人","790管理，補助的経済活動を行う事業所"
"004","0110","16040","00000","2016000000","134","事業所数","50～99人","791旅行業"
"004","0110","16070","00000","2016000000","13","事業所数","50～99人","793衣服裁縫修理業"
"004","0110","16090","00000","2016000000","13","事業所数","50～99人","794物品預り業"
"004","0110","16110","00000","2016000000","8","事業所数","50～99人","795火葬・墓地管理業"
"004","0110","16140","00000","2016000000","309","事業所数","50～99人","796冠婚葬祭業"
"004","0110","16150","00000","2016000000","115","事業所数","50～99人","79A葬儀業"
"004","0110","16170","00000","2016000000","164","事業所数","50～99人","79B結婚式場業"
"004","0110","16190","00000","2016000000","30","事業所数","50～99人","79C冠婚葬祭互助会"
"004","0110","16210","00000","2016000000","88","事業所数","50～99人","799他に分類されない生活関連サービス業"
"004","0110","16220","00000","2016000000","5","事業所数","50～99人","79D写真プリント，現像・焼付業"
"004","0110","16240","00000","2016000000","83","事業所数","50～99人","79E他に分類されないその他の生活関連サービス業"
"004","0110","16280","00000","2016000000","2069","事業所数","50～99人","80娯楽業"
"004","0110","16290","00000","2016000000","13","事業所数","50～99人","800管理，補助的経済活動を行う事業所"
"004","0110","16320","00000","2016000000","133","事業所数","50～99人","801映画館"
"004","0110","16340","00000","2016000000","69","事業所数","50～99人","802興行場（別掲を除く），興行団"
"004","0110","16400","00000","2016000000","18","事業所数","50～99人","803競輪・競馬等の競走場，競技団"
"004","0110","16470","00000","2016000000","1282","事業所数","50～99人","804スポーツ施設提供業"
"004","0110","16480","00000","2016000000","74","事業所数","50～99人","80Aスポーツ施設提供業（別掲を除く）"
"004","0110","16500","00000","2016000000","25","事業所数","50～99人","80B体育館"
"004","0110","16520","00000","2016000000","730","事業所数","50～99人","80Cゴルフ場"
"004","0110","16540","00000","2016000000","17","事業所数","50～99人","80Dゴルフ練習場"
"004","0110","16560","00000","2016000000","77","事業所数","50～99人","80Eボウリング場"
"004","0110","16580","00000","2016000000","2","事業所数","50～99人","80Fテニス場"
"004","0110","16620","00000","2016000000","357","事業所数","50～99人","80Hフィットネスクラブ"
"004","0110","16640","00000","2016000000","71","事業所数","50～99人","805公園，遊園地"
"004","0110","16680","00000","2016000000","424","事業所数","50～99人","806遊戯場"
"004","0110","16690","00000","2016000000","1","事業所数","50～99人","80Jマージャンクラブ"
"004","0110","16710","00000","2016000000","392","事業所数","50～99人","80Kパチンコホール"
"004","0110","16730","00000","2016000000","28","事業所数","50～99人","80Lゲームセンター"
"004","0110","16750","00000","2016000000","3","事業所数","50～99人","80Mその他の遊戯場"
"004","0110","16790","00000","2016000000","59","事業所数","50～99人","809その他の娯楽業"
"004","0110","16800","00000","2016000000","22","事業所数","50～99人","80Nカラオケボックス業"
"004","0110","16820","00000","2016000000","37","事業所数","50～99人","80P他に分類されない娯楽業"
"004","0110","16890","00000","2016000000","2702","事業所数","50～99人","O教育，学習支援業"
"004","0110","16900","00000","2016000000","1886","事業所数","50～99人","O1教育，学習支援業（学校教育）"
"004","0110","16910","00000","2016000000","1886","事業所数","50～99人","81学校教育"
"004","0110","16920","00000","2016000000","9","事業所数","50～99人","810管理，補助的経済活動を行う事業所"
"004","0110","16940","00000","2016000000","80","事業所数","50～99人","811幼稚園"
"004","0110","16960","00000","2016000000","146","事業所数","50～99人","819幼保連携型認定こども園"
"004","0110","16980","00000","2016000000","54","事業所数","50～99人","812小学校"
"004","0110","17000","00000","2016000000","114","事業所数","50～99人","813中学校"
"004","0110","17020","00000","2016000000","734","事業所数","50～99人","814高等学校，中等教育学校"
"004","0110","17050","00000","2016000000","8","事業所数","50～99人","815特別支援学校"
"004","0110","17070","00000","2016000000","364","事業所数","50～99人","816高等教育機関"
"004","0110","17110","00000","2016000000","374","事業所数","50～99人","817専修学校，各種学校"
"004","0110","17140","00000","2016000000","2","事業所数","50～99人","818学校教育支援機関"
"004","0110","17160","00000","2016000000","816","事業所数","50～99人","O2教育，学習支援業（その他の教育，学習支援業）"
"004","0110","17170","00000","2016000000","816","事業所数","50～99人","82その他の教育，学習支援業"
"004","0110","17180","00000","2016000000","8","事業所数","50～99人","820管理，補助的経済活動を行う事業所"
"004","0110","17210","00000","2016000000","93","事業所数","50～99人","821社会教育"
"004","0110","17220","00000","2016000000","2","事業所数","50～99人","82A公民館"
"004","0110","17240","00000","2016000000","9","事業所数","50～99人","82B図書館"
"004","0110","17260","00000","2016000000","36","事業所数","50～99人","82C博物館，美術館"
"004","0110","17280","00000","2016000000","32","事業所数","50～99人","82D動物園，植物園，水族館"
"004","0110","17300","00000","2016000000","14","事業所数","50～99人","82Eその他の社会教育"
"004","0110","17340","00000","2016000000","87","事業所数","50～99人","822職業・教育支援施設"
"004","0110","17380","00000","2016000000","211","事業所数","50～99人","823学習塾"
"004","0110","17400","00000","2016000000","174","事業所数","50～99人","824教養・技能教授業"
"004","0110","17410","00000","2016000000","3","事業所数","50～99人","82F音楽教授業"
"004","0110","17450","00000","2016000000","1","事業所数","50～99人","82H生花・茶道教授業"
"004","0110","17470","00000","2016000000","1","事業所数","50～99人","82Jそろばん教授業"
"004","0110","17490","00000","2016000000","29","事業所数","50～99人","82K外国語会話教授業"
"004","0110","17510","00000","2016000000","104","事業所数","50～99人","82Lスポーツ・健康教授業"
"004","0110","17530","00000","2016000000","36","事業所数","50～99人","82Mその他の教養・技能教授業"
"004","0110","17550","00000","2016000000","242","事業所数","50～99人","829他に分類されない教育，学習支援業"
"004","0110","17570","00000","2016000000","14538","事業所数","50～99人","P医療，福祉"
"004","0110","17580","00000","2016000000","3031","事業所数","50～99人","83医療業"
"004","0110","17590","00000","2016000000","10","事業所数","50～99人","830管理，補助的経済活動を行う事業所"
"004","0110","17620","00000","2016000000","1517","事業所数","50～99人","831病院"
"004","0110","17650","00000","2016000000","1199","事業所数","50～99人","832一般診療所"
"004","0110","17680","00000","2016000000","88","事業所数","50～99人","833歯科診療所"
"004","0110","17700","00000","2016000000","28","事業所数","50～99人","834助産・看護業"
"004","0110","17730","00000","2016000000","28","事業所数","50～99人","83B看護業"
"004","0110","17750","00000","2016000000","27","事業所数","50～99人","835療術業"
"004","0110","17780","00000","2016000000","162","事業所数","50～99人","836医療に附帯するサービス業"
"004","0110","17790","00000","2016000000","36","事業所数","50～99人","83C歯科技工所"
"004","0110","17810","00000","2016000000","126","事業所数","50～99人","83Dその他の医療に附帯するサービス業"
"004","0110","17830","00000","2016000000","161","事業所数","50～99人","84保健衛生"
"004","0110","17870","00000","2016000000","142","事業所数","50～99人","842健康相談施設"
"004","0110","17920","00000","2016000000","19","事業所数","50～99人","849その他の保健衛生"
"004","0110","17960","00000","2016000000","11342","事業所数","50～99人","85社会保険・社会福祉・介護事業"
"004","0110","17970","00000","2016000000","8","事業所数","50～99人","850管理，補助的経済活動を行う事業所"
"004","0110","18000","00000","2016000000","230","事業所数","50～99人","851社会保険事業団体"
"004","0110","18020","00000","2016000000","657","事業所数","50～99人","853児童福祉事業"
"004","0110","18030","00000","2016000000","438","事業所数","50～99人","85A保育所"
"004","0110","18050","00000","2016000000","219","事業所数","50～99人","85Bその他の児童福祉事業"
"004","0110","18070","00000","2016000000","8985","事業所数","50～99人","854老人福祉・介護事業"
"004","0110","18080","00000","2016000000","4022","事業所数","50～99人","85C特別養護老人ホーム"
"004","0110","18100","00000","2016000000","2388","事業所数","50～99人","85D介護老人保健施設"
"004","0110","18120","00000","2016000000","747","事業所数","50～99人","85E通所・短期入所介護事業"
"004","0110","18140","00000","2016000000","721","事業所数","50～99人","85F訪問介護事業"
"004","0110","18160","00000","2016000000","128","事業所数","50～99人","85G認知症老人グループホーム"
"004","0110","18180","00000","2016000000","724","事業所数","50～99人","85H有料老人ホーム"
"004","0110","18200","00000","2016000000","255","事業所数","50～99人","85Jその他の老人福祉・介護事業"
"004","0110","18220","00000","2016000000","1085","事業所数","50～99人","855障害者福祉事業"
"004","0110","18250","00000","2016000000","377","事業所数","50～99人","859その他の社会保険・社会福祉・介護事業"
"004","0110","18260","00000","2016000000","3","事業所数","50～99人","85K更生保護事業"
"004","0110","18280","00000","2016000000","374","事業所数","50～99人","85L他に分類されない社会保険・社会福祉・介護事業"
"004","0110","18300","00000","2016000000","524","事業所数","50～99人","Q複合サービス事業"
"004","0110","18310","00000","2016000000","182","事業所数","50～99人","Q1複合サービス事業（郵便局）"
"004","0110","18320","00000","2016000000","182","事業所数","50～99人","86郵便局"
"004","0110","18330","00000","2016000000","3","事業所数","50～99人","860管理，補助的経済活動を行う事業所"
"004","0110","18340","00000","2016000000","179","事業所数","50～99人","861郵便局"
"004","0110","18370","00000","2016000000","342","事業所数","50～99人","Q2複合サービス事業（協同組合）"
"004","0110","18380","00000","2016000000","342","事業所数","50～99人","87協同組合（他に分類されないもの）"
"004","0110","18390","00000","2016000000","20","事業所数","50～99人","870管理，補助的経済活動を行う事業所"
"004","0110","18410","00000","2016000000","320","事業所数","50～99人","871農林水産業協同組合（他に分類されないもの）"
"004","0110","18460","00000","2016000000","2","事業所数","50～99人","872事業協同組合（他に分類されないもの）"
"004","0110","18480","00000","2016000000","8066","事業所数","50～99人","Rサービス業（他に分類されないもの）"
"004","0110","18490","00000","2016000000","403","事業所数","50～99人","R1サービス業（政治・経済・文化団体，宗教）"
"004","0110","18500","00000","2016000000","296","事業所数","50～99人","93政治・経済・文化団体"
"004","0110","18510","00000","2016000000","121","事業所数","50～99人","931経済団体"
"004","0110","18520","00000","2016000000","25","事業所数","50～99人","932労働団体"
"004","0110","18530","00000","2016000000","10","事業所数","50～99人","933学術・文化団体"
"004","0110","18540","00000","2016000000","2","事業所数","50～99人","934政治団体"
"004","0110","18550","00000","2016000000","138","事業所数","50～99人","939他に分類されない非営利的団体"
"004","0110","18560","00000","2016000000","106","事業所数","50～99人","94宗教"
"004","0110","18570","00000","2016000000","19","事業所数","50～99人","941神道系宗教"
"004","0110","18580","00000","2016000000","53","事業所数","50～99人","942仏教系宗教"
"004","0110","18590","00000","2016000000","18","事業所数","50～99人","943キリスト教系宗教"
"004","0110","18600","00000","2016000000","16","事業所数","50～99人","949その他の宗教"
"004","0110","18610","00000","2016000000","7663","事業所数","50～99人","R2サービス業（政治・経済・文化団体，宗教を除く）"
"004","0110","18620","00000","2016000000","537","事業所数","50～99人","88廃棄物処理業"
"004","0110","18630","00000","2016000000","4","事業所数","50～99人","880管理，補助的経済活動を行う事業所"
"004","0110","18660","00000","2016000000","278","事業所数","50～99人","881一般廃棄物処理業"
"004","0110","18730","00000","2016000000","255","事業所数","50～99人","882産業廃棄物処理業"
"004","0110","18810","00000","2016000000","120","事業所数","50～99人","89自動車整備業"
"004","0110","18820","00000","2016000000","1","事業所数","50～99人","890管理，補助的経済活動を行う事業所"
"004","0110","18840","00000","2016000000","119","事業所数","50～99人","891自動車整備業"
"004","0110","18870","00000","2016000000","343","事業所数","50～99人","90機械等修理業（別掲を除く）"
"004","0110","18880","00000","2016000000","6","事業所数","50～99人","900管理，補助的経済活動を行う事業所"
"004","0110","18910","00000","2016000000","192","事業所数","50～99人","901機械修理業（電気機械器具を除く）"
"004","0110","18940","00000","2016000000","125","事業所数","50～99人","902電気機械器具修理業"
"004","0110","18980","00000","2016000000","20","事業所数","50～99人","909その他の修理業"
"004","0110","19040","00000","2016000000","1667","事業所数","50～99人","91職業紹介・労働者派遣業"
"004","0110","19050","00000","2016000000","3","事業所数","50～99人","910管理，補助的経済活動を行う事業所"
"004","0110","19080","00000","2016000000","94","事業所数","50～99人","911職業紹介業"
"004","0110","19100","00000","2016000000","1570","事業所数","50～99人","912労働者派遣業"
"004","0110","19120","00000","2016000000","4947","事業所数","50～99人","92その他の事業サービス業"
"004","0110","19130","00000","2016000000","8","事業所数","50～99人","920管理，補助的経済活動を行う事業所"
"004","0110","19160","00000","2016000000","10","事業所数","50～99人","921速記・ワープロ入力・複写業"
"004","0110","19190","00000","2016000000","1866","事業所数","50～99人","922建物サービス業"
"004","0110","19220","00000","2016000000","1188","事業所数","50～99人","923警備業"
"004","0110","19240","00000","2016000000","1875","事業所数","50～99人","929他に分類されない事業サービス業"
"004","0110","19300","00000","2016000000","40","事業所数","50～99人","95その他のサービス業"
"004","0110","19330","00000","2016000000","27","事業所数","50～99人","951集会場"
"004","0110","19350","00000","2016000000","7","事業所数","50～99人","952と畜場"
"004","0110","19370","00000","2016000000","6","事業所数","50～99人","959他に分類されないサービス業"
"004","0120","00010","00000","2016000000","36684","事業所数","100～199人","A～R全産業（Ｓ公務を除く）"
"004","0120","00020","00000","2016000000","87","事業所数","100～199人","A～B農林漁業"
"004","0120","00030","00000","2016000000","76","事業所数","100～199人","A農業，林業"
"004","0120","00040","00000","2016000000","75","事業所数","100～199人","01農業"
"004","0120","00050","00000","2016000000","1","事業所数","100～199人","010管理，補助的経済活動を行う事業所"
"004","0120","00080","00000","2016000000","40","事業所数","100～199人","011耕種農業"
"004","0120","00170","00000","2016000000","22","事業所数","100～199人","012畜産農業"
"004","0120","00250","00000","2016000000","10","事業所数","100～199人","013農業サービス業（園芸サービス業を除く）"
"004","0120","00300","00000","2016000000","2","事業所数","100～199人","014園芸サービス業"
"004","0120","00320","00000","2016000000","1","事業所数","100～199人","02林業"
"004","0120","00430","00000","2016000000","1","事業所数","100～199人","024林業サービス業"
"004","0120","00500","00000","2016000000","11","事業所数","100～199人","B漁業"
"004","0120","00510","00000","2016000000","10","事業所数","100～199人","03漁業（水産養殖業を除く）"
"004","0120","00550","00000","2016000000","10","事業所数","100～199人","031海面漁業"
"004","0120","00670","00000","2016000000","1","事業所数","100～199人","04水産養殖業"
"004","0120","00710","00000","2016000000","1","事業所数","100～199人","041海面養殖業"
"004","0120","00800","00000","2016000000","36597","事業所数","100～199人","C～R非農林漁業（Ｓ公務を除く）"
"004","0120","00810","00000","2016000000","6","事業所数","100～199人","C鉱業，採石業，砂利採取業"
"004","0120","00820","00000","2016000000","6","事業所数","100～199人","05鉱業，採石業，砂利採取業"
"004","0120","00830","00000","2016000000","3","事業所数","100～199人","050管理，補助的経済活動を行う事業所"
"004","0120","00860","00000","2016000000","1","事業所数","100～199人","051金属鉱業"
"004","0120","00940","00000","2016000000","2","事業所数","100～199人","053原油・天然ガス鉱業"
"004","0120","01220","00000","2016000000","1152","事業所数","100～199人","D建設業"
"004","0120","01230","00000","2016000000","614","事業所数","100～199人","06総合工事業"
"004","0120","01240","00000","2016000000","15","事業所数","100～199人","060管理，補助的経済活動を行う事業所"
"004","0120","01250","00000","2016000000","193","事業所数","100～199人","061一般土木建築工事業"
"004","0120","01260","00000","2016000000","115","事業所数","100～199人","062土木工事業（舗装工事業を除く）"
"004","0120","01270","00000","2016000000","5","事業所数","100～199人","063舗装工事業"
"004","0120","01280","00000","2016000000","238","事業所数","100～199人","064建築工事業（木造建築工事業を除く)"
"004","0120","01290","00000","2016000000","23","事業所数","100～199人","065木造建築工事業"
"004","0120","01300","00000","2016000000","25","事業所数","100～199人","066建築リフォーム工事業"
"004","0120","01310","00000","2016000000","103","事業所数","100～199人","07職別工事業（設備工事業を除く）"
"004","0120","01330","00000","2016000000","7","事業所数","100～199人","071大工工事業"
"004","0120","01340","00000","2016000000","38","事業所数","100～199人","072とび・土工・コンクリート工事業"
"004","0120","01350","00000","2016000000","17","事業所数","100～199人","073鉄骨・鉄筋工事業"
"004","0120","01380","00000","2016000000","2","事業所数","100～199人","076板金・金物工事業"
"004","0120","01400","00000","2016000000","15","事業所数","100～199人","078床・内装工事業"
"004","0120","01410","00000","2016000000","24","事業所数","100～199人","079その他の職別工事業"
"004","0120","01420","00000","2016000000","434","事業所数","100～199人","08設備工事業"
"004","0120","01430","00000","2016000000","8","事業所数","100～199人","080管理，補助的経済活動を行う事業所"
"004","0120","01440","00000","2016000000","124","事業所数","100～199人","081電気工事業"
"004","0120","01450","00000","2016000000","94","事業所数","100～199人","082電気通信・信号装置工事業"
"004","0120","01460","00000","2016000000","98","事業所数","100～199人","083管工事業（さく井工事業を除く）"
"004","0120","01470","00000","2016000000","90","事業所数","100～199人","084機械器具設置工事業"
"004","0120","01480","00000","2016000000","20","事業所数","100～199人","089その他の設備工事業"
"004","0120","01490","00000","2016000000","7994","事業所数","100～199人","E製造業"
"004","0120","01500","00000","2016000000","1553","事業所数","100～199人","09食料品製造業"
"004","0120","01510","00000","2016000000","10","事業所数","100～199人","090管理，補助的経済活動を行う事業所"
"004","0120","01540","00000","2016000000","299","事業所数","100～199人","091畜産食料品製造業"
"004","0120","01600","00000","2016000000","176","事業所数","100～199人","092水産食料品製造業"
"004","0120","01680","00000","2016000000","57","事業所数","100～199人","093野菜缶詰・果実缶詰・農産保存食料品製造業"
"004","0120","01710","00000","2016000000","75","事業所数","100～199人","094調味料製造業"
"004","0120","01770","00000","2016000000","10","事業所数","100～199人","095糖類製造業"
"004","0120","01810","00000","2016000000","8","事業所数","100～199人","096精穀・製粉業"
"004","0120","01850","00000","2016000000","309","事業所数","100～199人","097パン・菓子製造業"
"004","0120","01910","00000","2016000000","18","事業所数","100～199人","098動植物油脂製造業"
"004","0120","01940","00000","2016000000","591","事業所数","100～199人","099その他の食料品製造業"
"004","0120","02040","00000","2016000000","136","事業所数","100～199人","10飲料・たばこ・飼料製造業"
"004","0120","02050","00000","2016000000","2","事業所数","100～199人","100管理，補助的経済活動を行う事業所"
"004","0120","02080","00000","2016000000","66","事業所数","100～199人","101清涼飲料製造業"
"004","0120","02100","00000","2016000000","49","事業所数","100～199人","102酒類製造業"
"004","0120","02150","00000","2016000000","7","事業所数","100～199人","103茶・コーヒー製造業（清涼飲料を除く）"
"004","0120","02180","00000","2016000000","1","事業所数","100～199人","104製氷業"
"004","0120","02200","00000","2016000000","2","事業所数","100～199人","105たばこ製造業"
"004","0120","02240","00000","2016000000","9","事業所数","100～199人","106飼料・有機質肥料製造業"
"004","0120","02280","00000","2016000000","288","事業所数","100～199人","11繊維工業"
"004","0120","02290","00000","2016000000","1","事業所数","100～199人","110管理，補助的経済活動を行う事業所"
"004","0120","02320","00000","2016000000","22","事業所数","100～199人","111製糸業，紡績業，化学繊維・ねん糸等製造業"
"004","0120","02420","00000","2016000000","19","事業所数","100～199人","112織物業"
"004","0120","02490","00000","2016000000","1","事業所数","100～199人","113ニット生地製造業"
"004","0120","02530","00000","2016000000","41","事業所数","100～199人","114染色整理業"
"004","0120","02620","00000","2016000000","23","事業所数","100～199人","115綱・網・レース・繊維粗製品製造業"
"004","0120","02720","00000","2016000000","90","事業所数","100～199人","116外衣・シャツ製造業（和式を除く）"
"004","0120","02820","00000","2016000000","13","事業所数","100～199人","117下着類製造業"
"004","0120","02870","00000","2016000000","21","事業所数","100～199人","118和装製品・その他の衣服・繊維製身の回り品製造業"
"004","0120","02950","00000","2016000000","57","事業所数","100～199人","119その他の繊維製品製造業"
"004","0120","03050","00000","2016000000","71","事業所数","100～199人","12木材・木製品製造業（家具を除く）"
"004","0120","03090","00000","2016000000","13","事業所数","100～199人","121製材業，木製品製造業"
"004","0120","03140","00000","2016000000","52","事業所数","100～199人","122造作材・合板・建築用組立材料製造業"
"004","0120","03230","00000","2016000000","4","事業所数","100～199人","123木製容器製造業（竹，とうを含む）"
"004","0120","03270","00000","2016000000","2","事業所数","100～199人","129その他の木製品製造業（竹，とうを含む)"
"004","0120","03310","00000","2016000000","88","事業所数","100～199人","13家具・装備品製造業"
"004","0120","03320","00000","2016000000","2","事業所数","100～199人","130管理，補助的経済活動を行う事業所"
"004","0120","03350","00000","2016000000","65","事業所数","100～199人","131家具製造業"
"004","0120","03410","00000","2016000000","10","事業所数","100～199人","133建具製造業"
"004","0120","03430","00000","2016000000","11","事業所数","100～199人","139その他の家具・装備品製造業"
"004","0120","03480","00000","2016000000","251","事業所数","100～199人","14パルプ・紙・紙加工品製造業"
"004","0120","03490","00000","2016000000","2","事業所数","100～199人","140管理，補助的経済活動を行う事業所"
"004","0120","03520","00000","2016000000","5","事業所数","100～199人","141パルプ製造業"
"004","0120","03540","00000","2016000000","61","事業所数","100～199人","142紙製造業"
"004","0120","03580","00000","2016000000","19","事業所数","100～199人","143加工紙製造業"
"004","0120","03620","00000","2016000000","25","事業所数","100～199人","144紙製品製造業"
"004","0120","03660","00000","2016000000","89","事業所数","100～199人","145紙製容器製造業"
"004","0120","03710","00000","2016000000","50","事業所数","100～199人","149その他のパルプ・紙・紙加工品製造業"
"004","0120","03730","00000","2016000000","270","事業所数","100～199人","15印刷・同関連業"
"004","0120","03740","00000","2016000000","2","事業所数","100～199人","150管理，補助的経済活動を行う事業所"
"004","0120","03770","00000","2016000000","233","事業所数","100～199人","151印刷業"
"004","0120","03810","00000","2016000000","17","事業所数","100～199人","152製版業"
"004","0120","03830","00000","2016000000","18","事業所数","100～199人","153製本業，印刷物加工業"
"004","0120","03880","00000","2016000000","528","事業所数","100～199人","16化学工業"
"004","0120","03890","00000","2016000000","18","事業所数","100～199人","160管理，補助的経済活動を行う事業所"
"004","0120","03920","00000","2016000000","2","事業所数","100～199人","161化学肥料製造業"
"004","0120","03960","00000","2016000000","57","事業所数","100～199人","162無機化学工業製品製造業"
"004","0120","04020","00000","2016000000","105","事業所数","100～199人","163有機化学工業製品製造業"
"004","0120","04100","00000","2016000000","49","事業所数","100～199人","164油脂加工製品・石けん・合成洗剤・界面活性剤・塗料製造業"
"004","0120","04180","00000","2016000000","161","事業所数","100～199人","165医薬品製造業"
"004","0120","04240","00000","2016000000","66","事業所数","100～199人","166化粧品・歯磨・その他の化粧用調整品製造業"
"004","0120","04280","00000","2016000000","70","事業所数","100～199人","169その他の化学工業"
"004","0120","04370","00000","2016000000","15","事業所数","100～199人","17石油製品・石炭製品製造業"
"004","0120","04380","00000","2016000000","2","事業所数","100～199人","170管理，補助的経済活動を行う事業所"
"004","0120","04410","00000","2016000000","3","事業所数","100～199人","171石油精製業"
"004","0120","04430","00000","2016000000","4","事業所数","100～199人","172潤滑油・グリース製造業（石油精製業によらないもの）"
"004","0120","04490","00000","2016000000","6","事業所数","100～199人","179その他の石油製品・石炭製品製造業"
"004","0120","04510","00000","2016000000","522","事業所数","100～199人","18プラスチック製品製造業（別掲を除く）"
"004","0120","04520","00000","2016000000","8","事業所数","100～199人","180管理，補助的経済活動を行う事業所"
"004","0120","04550","00000","2016000000","27","事業所数","100～199人","181プラスチック板・棒・管・継手・異形押出製品製造業"
"004","0120","04610","00000","2016000000","125","事業所数","100～199人","182プラスチックフィルム・シート・床材・合成皮革製造業"
"004","0120","04670","00000","2016000000","183","事業所数","100～199人","183工業用プラスチック製品製造業"
"004","0120","04720","00000","2016000000","33","事業所数","100～199人","184発泡・強化プラスチック製品製造業"
"004","0120","04780","00000","2016000000","16","事業所数","100～199人","185プラスチック成形材料製造業（廃プラスチックを含む）"
"004","0120","04810","00000","2016000000","130","事業所数","100～199人","189その他のプラスチック製品製造業"
"004","0120","04860","00000","2016000000","118","事業所数","100～199人","19ゴム製品製造業"
"004","0120","04870","00000","2016000000","3","事業所数","100～199人","190管理，補助的経済活動を行う事業所"
"004","0120","04900","00000","2016000000","4","事業所数","100～199人","191タイヤ・チューブ製造業"
"004","0120","04930","00000","2016000000","2","事業所数","100～199人","192ゴム製・プラスチック製履物・同附属品製造業"
"004","0120","04960","00000","2016000000","98","事業所数","100～199人","193ゴムベルト・ゴムホース・工業用ゴム製品製造業"
"004","0120","05000","00000","2016000000","11","事業所数","100～199人","199その他のゴム製品製造業"
"004","0120","05070","00000","2016000000","13","事業所数","100～199人","20なめし革・同製品・毛皮製造業"
"004","0120","05110","00000","2016000000","1","事業所数","100～199人","201なめし革製造業"
"004","0120","05130","00000","2016000000","2","事業所数","100～199人","202工業用革製品製造業（手袋を除く）"
"004","0120","05170","00000","2016000000","5","事業所数","100～199人","204革製履物製造業"
"004","0120","05210","00000","2016000000","3","事業所数","100～199人","206かばん製造業"
"004","0120","05230","00000","2016000000","2","事業所数","100～199人","207袋物製造業"
"004","0120","05300","00000","2016000000","184","事業所数","100～199人","21窯業・土石製品製造業"
"004","0120","05310","00000","2016000000","1","事業所数","100～199人","210管理，補助的経済活動を行う事業所"
"004","0120","05340","00000","2016000000","55","事業所数","100～199人","211ガラス・同製品製造業"
"004","0120","05430","00000","2016000000","42","事業所数","100～199人","212セメント・同製品製造業"
"004","0120","05480","00000","2016000000","3","事業所数","100～199人","213建設用粘土製品製造業（陶磁器製を除く)"
"004","0120","05520","00000","2016000000","25","事業所数","100～199人","214陶磁器・同関連製品製造業"
"004","0120","05620","00000","2016000000","13","事業所数","100～199人","215耐火物製造業"
"004","0120","05660","00000","2016000000","8","事業所数","100～199人","216炭素・黒鉛製品製造業"
"004","0120","05690","00000","2016000000","21","事業所数","100～199人","217研磨材・同製品製造業"
"004","0120","05810","00000","2016000000","16","事業所数","100～199人","219その他の窯業・土石製品製造業"
"004","0120","05870","00000","2016000000","214","事業所数","100～199人","22鉄鋼業"
"004","0120","05880","00000","2016000000","2","事業所数","100～199人","220管理，補助的経済活動を行う事業所"
"004","0120","05910","00000","2016000000","8","事業所数","100～199人","221製鉄業"
"004","0120","05950","00000","2016000000","26","事業所数","100～199人","222製鋼・製鋼圧延業"
"004","0120","05970","00000","2016000000","60","事業所数","100～199人","223製鋼を行わない鋼材製造業（表面処理鋼材を除く）"
"004","0120","06070","00000","2016000000","6","事業所数","100～199人","224表面処理鋼材製造業"
"004","0120","06100","00000","2016000000","65","事業所数","100～199人","225鉄素形材製造業"
"004","0120","06160","00000","2016000000","47","事業所数","100～199人","229その他の鉄鋼業"
"004","0120","06210","00000","2016000000","176","事業所数","100～199人","23非鉄金属製造業"
"004","0120","06220","00000","2016000000","1","事業所数","100～199人","230管理，補助的経済活動を行う事業所"
"004","0120","06250","00000","2016000000","19","事業所数","100～199人","231非鉄金属第１次製錬・精製業"
"004","0120","06290","00000","2016000000","8","事業所数","100～199人","232非鉄金属第２次製錬・精製業（非鉄金属合金製造業を含む）"
"004","0120","06330","00000","2016000000","36","事業所数","100～199人","233非鉄金属・同合金圧延業（抽伸，押出しを含む）"
"004","0120","06370","00000","2016000000","45","事業所数","100～199人","234電線・ケーブル製造業"
"004","0120","06400","00000","2016000000","49","事業所数","100～199人","235非鉄金属素形材製造業"
"004","0120","06460","00000","2016000000","18","事業所数","100～199人","239その他の非鉄金属製造業"
"004","0120","06490","00000","2016000000","533","事業所数","100～199人","24金属製品製造業"
"004","0120","06500","00000","2016000000","2","事業所数","100～199人","240管理，補助的経済活動を行う事業所"
"004","0120","06530","00000","2016000000","10","事業所数","100～199人","241ブリキ缶・その他のめっき板等製品製造業"
"004","0120","06550","00000","2016000000","37","事業所数","100～199人","242洋食器・刃物・手道具・金物類製造業"
"004","0120","06630","00000","2016000000","62","事業所数","100～199人","243暖房・調理等装置，配管工事用附属品製造業"
"004","0120","06680","00000","2016000000","165","事業所数","100～199人","244建設用・建築用金属製品製造業（製缶板金業を含む)"
"004","0120","06750","00000","2016000000","91","事業所数","100～199人","245金属素形材製品製造業"
"004","0120","06790","00000","2016000000","81","事業所数","100～199人","246金属被覆・彫刻業，熱処理業（ほうろう鉄器を除く）"
"004","0120","06860","00000","2016000000","6","事業所数","100～199人","247金属線製品製造業（ねじ類を除く)"
"004","0120","06890","00000","2016000000","44","事業所数","100～199人","248ボルト・ナット・リベット・小ねじ・木ねじ等製造業"
"004","0120","06910","00000","2016000000","35","事業所数","100～199人","249その他の金属製品製造業"
"004","0120","06950","00000","2016000000","294","事業所数","100～199人","25はん用機械器具製造業"
"004","0120","06960","00000","2016000000","2","事業所数","100～199人","250管理，補助的経済活動を行う事業所"
"004","0120","06990","00000","2016000000","17","事業所数","100～199人","251ボイラ・原動機製造業"
"004","0120","07040","00000","2016000000","56","事業所数","100～199人","252ポンプ・圧縮機器製造業"
"004","0120","07080","00000","2016000000","104","事業所数","100～199人","253一般産業用機械・装置製造業"
"004","0120","07140","00000","2016000000","115","事業所数","100～199人","259その他のはん用機械・同部分品製造業"
"004","0120","07220","00000","2016000000","557","事業所数","100～199人","26生産用機械器具製造業"
"004","0120","07230","00000","2016000000","6","事業所数","100～199人","260管理，補助的経済活動を行う事業所"
"004","0120","07260","00000","2016000000","32","事業所数","100～199人","261農業用機械製造業（農業用器具を除く）"
"004","0120","07280","00000","2016000000","52","事業所数","100～199人","262建設機械・鉱山機械製造業"
"004","0120","07300","00000","2016000000","12","事業所数","100～199人","263繊維機械製造業"
"004","0120","07360","00000","2016000000","60","事業所数","100～199人","264生活関連産業用機械製造業"
"004","0120","07420","00000","2016000000","42","事業所数","100～199人","265基礎素材産業用機械製造業"
"004","0120","07460","00000","2016000000","145","事業所数","100～199人","266金属加工機械製造業"
"004","0120","07510","00000","2016000000","64","事業所数","100～199人","267半導体・フラットパネルディスプレイ製造装置製造業"
"004","0120","07540","00000","2016000000","144","事業所数","100～199人","269その他の生産用機械・同部分品製造業"
"004","0120","07600","00000","2016000000","226","事業所数","100～199人","27業務用機械器具製造業"
"004","0120","07610","00000","2016000000","8","事業所数","100～199人","270管理，補助的経済活動を行う事業所"
"004","0120","07640","00000","2016000000","25","事業所数","100～199人","271事務用機械器具製造業"
"004","0120","07670","00000","2016000000","41","事業所数","100～199人","272サービス用・娯楽用機械器具製造業"
"004","0120","07720","00000","2016000000","56","事業所数","100～199人","273計量器・測定器・分析機器・試験機・測量機械器具・理化学機械器具製造業"
"004","0120","07820","00000","2016000000","61","事業所数","100～199人","274医療用機械器具・医療用品製造業"
"004","0120","07870","00000","2016000000","30","事業所数","100～199人","275光学機械器具・レンズ製造業"
"004","0120","07910","00000","2016000000","5","事業所数","100～199人","276武器製造業"
"004","0120","07930","00000","2016000000","407","事業所数","100～199人","28電子部品・デバイス・電子回路製造業"
"004","0120","07940","00000","2016000000","7","事業所数","100～199人","280管理，補助的経済活動を行う事業所"
"004","0120","07970","00000","2016000000","76","事業所数","100～199人","281電子デバイス製造業"
"004","0120","08030","00000","2016000000","89","事業所数","100～199人","282電子部品製造業"
"004","0120","08070","00000","2016000000","5","事業所数","100～199人","283記録メディア製造業"
"004","0120","08100","00000","2016000000","109","事業所数","100～199人","284電子回路製造業"
"004","0120","08130","00000","2016000000","25","事業所数","100～199人","285ユニット部品製造業"
"004","0120","08160","00000","2016000000","96","事業所数","100～199人","289その他の電子部品・デバイス・電子回路製造業"
"004","0120","08180","00000","2016000000","474","事業所数","100～199人","29電気機械器具製造業"
"004","0120","08190","00000","2016000000","6","事業所数","100～199人","290管理，補助的経済活動を行う事業所"
"004","0120","08220","00000","2016000000","164","事業所数","100～199人","291発電用・送電用・配電用電気機械器具製造業"
"004","0120","08280","00000","2016000000","104","事業所数","100～199人","292産業用電気機械器具製造業"
"004","0120","08320","00000","2016000000","58","事業所数","100～199人","293民生用電気機械器具製造業"
"004","0120","08370","00000","2016000000","33","事業所数","100～199人","294電球・電気照明器具製造業"
"004","0120","08400","00000","2016000000","16","事業所数","100～199人","295電池製造業"
"004","0120","08430","00000","2016000000","27","事業所数","100～199人","296電子応用装置製造業"
"004","0120","08470","00000","2016000000","47","事業所数","100～199人","297電気計測器製造業"
"004","0120","08510","00000","2016000000","19","事業所数","100～199人","299その他の電気機械器具製造業"
"004","0120","08530","00000","2016000000","139","事業所数","100～199人","30情報通信機械器具製造業"
"004","0120","08540","00000","2016000000","2","事業所数","100～199人","300管理，補助的経済活動を行う事業所"
"004","0120","08570","00000","2016000000","69","事業所数","100～199人","301通信機械器具・同関連機械器具製造業"
"004","0120","08640","00000","2016000000","28","事業所数","100～199人","302映像・音響機械器具製造業"
"004","0120","08680","00000","2016000000","40","事業所数","100～199人","303電子計算機・同附属装置製造業"
"004","0120","08750","00000","2016000000","772","事業所数","100～199人","31輸送用機械器具製造業"
"004","0120","08760","00000","2016000000","6","事業所数","100～199人","310管理，補助的経済活動を行う事業所"
"004","0120","08790","00000","2016000000","615","事業所数","100～199人","311自動車・同附属品製造業"
"004","0120","08830","00000","2016000000","24","事業所数","100～199人","312鉄道車両・同部分品製造業"
"004","0120","08860","00000","2016000000","58","事業所数","100～199人","313船舶製造・修理業，舶用機関製造業"
"004","0120","08910","00000","2016000000","45","事業所数","100～199人","314航空機・同附属品製造業"
"004","0120","08950","00000","2016000000","12","事業所数","100～199人","315産業用運搬車両・同部分品・附属品製造業"
"004","0120","08980","00000","2016000000","12","事業所数","100～199人","319その他の輸送用機械器具製造業"
"004","0120","09010","00000","2016000000","156","事業所数","100～199人","32その他の製造業"
"004","0120","09020","00000","2016000000","4","事業所数","100～199人","320管理，補助的経済活動を行う事業所"
"004","0120","09050","00000","2016000000","10","事業所数","100～199人","321貴金属・宝石製品製造業"
"004","0120","09090","00000","2016000000","7","事業所数","100～199人","322装身具・装飾品・ボタン・同関連品製造業（貴金属・宝石製を除く）"
"004","0120","09150","00000","2016000000","12","事業所数","100～199人","323時計・同部分品製造業"
"004","0120","09170","00000","2016000000","5","事業所数","100～199人","324楽器製造業"
"004","0120","09200","00000","2016000000","32","事業所数","100～199人","325がん具・運動用具製造業"
"004","0120","09210","00000","2016000000","12","事業所数","100～199人","32Aがん具製造業"
"004","0120","09240","00000","2016000000","20","事業所数","100～199人","32B運動用具製造業"
"004","0120","09260","00000","2016000000","14","事業所数","100～199人","326ペン・鉛筆・絵画用品・その他の事務用品製造業"
"004","0120","09300","00000","2016000000","1","事業所数","100～199人","327漆器製造業"
"004","0120","09320","00000","2016000000","8","事業所数","100～199人","328畳等生活雑貨製品製造業"
"004","0120","09390","00000","2016000000","63","事業所数","100～199人","329他に分類されない製造業"
"004","0120","09400","00000","2016000000","4","事業所数","100～199人","32C情報記録物製造業（新聞，書籍等の印刷物を除く）"
"004","0120","09420","00000","2016000000","59","事業所数","100～199人","32D他に分類されないその他の製造業"
"004","0120","09500","00000","2016000000","251","事業所数","100～199人","F電気・ガス・熱供給・水道業"
"004","0120","09510","00000","2016000000","201","事業所数","100～199人","33電気業"
"004","0120","09520","00000","2016000000","150","事業所数","100～199人","330管理，補助的経済活動を行う事業所"
"004","0120","09530","00000","2016000000","51","事業所数","100～199人","331電気業"
"004","0120","09540","00000","2016000000","35","事業所数","100～199人","34ガス業"
"004","0120","09550","00000","2016000000","26","事業所数","100～199人","340管理，補助的経済活動を行う事業所"
"004","0120","09560","00000","2016000000","9","事業所数","100～199人","341ガス業"
"004","0120","09570","00000","2016000000","2","事業所数","100～199人","35熱供給業"
"004","0120","09580","00000","2016000000","2","事業所数","100～199人","350管理，補助的経済活動を行う事業所"
"004","0120","09600","00000","2016000000","13","事業所数","100～199人","36水道業"
"004","0120","09610","00000","2016000000","3","事業所数","100～199人","360管理，補助的経済活動を行う事業所"
"004","0120","09620","00000","2016000000","1","事業所数","100～199人","361上水道業"
"004","0120","09640","00000","2016000000","9","事業所数","100～199人","363下水道業"
"004","0120","09650","00000","2016000000","1562","事業所数","100～199人","G情報通信業"
"004","0120","09660","00000","2016000000","414","事業所数","100～199人","G1情報通信業（通信業，放送業，映像・音声・文字情報制作業）"
"004","0120","09670","00000","2016000000","111","事業所数","100～199人","37通信業"
"004","0120","09690","00000","2016000000","39","事業所数","100～199人","371固定電気通信業"
"004","0120","09700","00000","2016000000","19","事業所数","100～199人","372移動電気通信業"
"004","0120","09710","00000","2016000000","53","事業所数","100～199人","373電気通信に附帯するサービス業"
"004","0120","09720","00000","2016000000","104","事業所数","100～199人","38放送業"
"004","0120","09740","00000","2016000000","29","事業所数","100～199人","381公共放送業（有線放送業を除く）"
"004","0120","09750","00000","2016000000","50","事業所数","100～199人","382民間放送業（有線放送業を除く）"
"004","0120","09770","00000","2016000000","25","事業所数","100～199人","383有線放送業"
"004","0120","09780","00000","2016000000","199","事業所数","100～199人","41映像・音声・文字情報制作業"
"004","0120","09790","00000","2016000000","1","事業所数","100～199人","410管理，補助的経済活動を行う事業所"
"004","0120","09800","00000","2016000000","68","事業所数","100～199人","411映像情報制作・配給業"
"004","0120","09810","00000","2016000000","6","事業所数","100～199人","412音声情報制作業"
"004","0120","09820","00000","2016000000","28","事業所数","100～199人","413新聞業"
"004","0120","09830","00000","2016000000","68","事業所数","100～199人","414出版業"
"004","0120","09840","00000","2016000000","15","事業所数","100～199人","415広告制作業"
"004","0120","09850","00000","2016000000","13","事業所数","100～199人","416映像・音声・文字情報制作に附帯するサービス業"
"004","0120","09860","00000","2016000000","1148","事業所数","100～199人","G2情報通信業（情報サービス業，インターネット附随サービス業）"
"004","0120","09870","00000","2016000000","1045","事業所数","100～199人","39情報サービス業"
"004","0120","09880","00000","2016000000","3","事業所数","100～199人","390管理，補助的経済活動を行う事業所"
"004","0120","09910","00000","2016000000","847","事業所数","100～199人","391ソフトウェア業"
"004","0120","09960","00000","2016000000","195","事業所数","100～199人","392情報処理・提供サービス業"
"004","0120","09970","00000","2016000000","137","事業所数","100～199人","39A情報処理サービス業"
"004","0120","09990","00000","2016000000","22","事業所数","100～199人","39B情報提供サービス業"
"004","0120","10010","00000","2016000000","36","事業所数","100～199人","39Cその他の情報処理・提供サービス業"
"004","0120","10040","00000","2016000000","102","事業所数","100～199人","40インターネット附随サービス業"
"004","0120","10050","00000","2016000000","1","事業所数","100～199人","400管理，補助的経済活動を行う事業所"
"004","0120","10080","00000","2016000000","101","事業所数","100～199人","401インターネット附随サービス業"
"004","0120","10120","00000","2016000000","3483","事業所数","100～199人","H運輸業，郵便業"
"004","0120","10130","00000","2016000000","301","事業所数","100～199人","42鉄道業"
"004","0120","10140","00000","2016000000","6","事業所数","100～199人","420管理，補助的経済活動を行う事業所"
"004","0120","10150","00000","2016000000","295","事業所数","100～199人","421鉄道業"
"004","0120","10160","00000","2016000000","975","事業所数","100～199人","43道路旅客運送業"
"004","0120","10170","00000","2016000000","4","事業所数","100～199人","430管理，補助的経済活動を行う事業所"
"004","0120","10180","00000","2016000000","278","事業所数","100～199人","431一般乗合旅客自動車運送業"
"004","0120","10190","00000","2016000000","646","事業所数","100～199人","432一般乗用旅客自動車運送業"
"004","0120","10200","00000","2016000000","42","事業所数","100～199人","433一般貸切旅客自動車運送業"
"004","0120","10210","00000","2016000000","5","事業所数","100～199人","439その他の道路旅客運送業"
"004","0120","10220","00000","2016000000","1447","事業所数","100～199人","44道路貨物運送業"
"004","0120","10230","00000","2016000000","10","事業所数","100～199人","440管理，補助的経済活動を行う事業所"
"004","0120","10240","00000","2016000000","1311","事業所数","100～199人","441一般貨物自動車運送業"
"004","0120","10250","00000","2016000000","42","事業所数","100～199人","442特定貨物自動車運送業"
"004","0120","10260","00000","2016000000","8","事業所数","100～199人","443貨物軽自動車運送業"
"004","0120","10270","00000","2016000000","75","事業所数","100～199人","444集配利用運送業"
"004","0120","10280","00000","2016000000","1","事業所数","100～199人","449その他の道路貨物運送業"
"004","0120","10290","00000","2016000000","40","事業所数","100～199人","45水運業"
"004","0120","10310","00000","2016000000","6","事業所数","100～199人","451外航海運業"
"004","0120","10320","00000","2016000000","26","事業所数","100～199人","452沿海海運業"
"004","0120","10330","00000","2016000000","5","事業所数","100～199人","453内陸水運業"
"004","0120","10340","00000","2016000000","3","事業所数","100～199人","454船舶貸渡業"
"004","0120","10350","00000","2016000000","34","事業所数","100～199人","46航空運輸業"
"004","0120","10360","00000","2016000000","3","事業所数","100～199人","460管理，補助的経済活動を行う事業所"
"004","0120","10370","00000","2016000000","29","事業所数","100～199人","461航空運送業"
"004","0120","10380","00000","2016000000","2","事業所数","100～199人","462航空機使用業（航空運送業を除く）"
"004","0120","10390","00000","2016000000","248","事業所数","100～199人","47倉庫業"
"004","0120","10400","00000","2016000000","1","事業所数","100～199人","470管理，補助的経済活動を行う事業所"
"004","0120","10410","00000","2016000000","215","事業所数","100～199人","471倉庫業（冷蔵倉庫業を除く）"
"004","0120","10420","00000","2016000000","32","事業所数","100～199人","472冷蔵倉庫業"
"004","0120","10430","00000","2016000000","419","事業所数","100～199人","48運輸に附帯するサービス業"
"004","0120","10440","00000","2016000000","2","事業所数","100～199人","480管理，補助的経済活動を行う事業所"
"004","0120","10450","00000","2016000000","85","事業所数","100～199人","481港湾運送業"
"004","0120","10460","00000","2016000000","96","事業所数","100～199人","482貨物運送取扱業（集配利用運送業を除く）"
"004","0120","10470","00000","2016000000","10","事業所数","100～199人","483運送代理店"
"004","0120","10480","00000","2016000000","97","事業所数","100～199人","484こん包業"
"004","0120","10490","00000","2016000000","28","事業所数","100～199人","485運輸施設提供業"
"004","0120","10500","00000","2016000000","101","事業所数","100～199人","489その他の運輸に附帯するサービス業"
"004","0120","10510","00000","2016000000","17","事業所数","100～199人","49郵便業（信書便事業を含む）"
"004","0120","10530","00000","2016000000","17","事業所数","100～199人","491郵便業（信書便事業を含む）"
"004","0120","10540","00000","2016000000","6408","事業所数","100～199人","I卸売業，小売業"
"004","0120","10550","00000","2016000000","2199","事業所数","100～199人","I1卸売業"
"004","0120","10560","00000","2016000000","15","事業所数","100～199人","50各種商品卸売業"
"004","0120","10570","00000","2016000000","1","事業所数","100～199人","500管理，補助的経済活動を行う事業所"
"004","0120","10610","00000","2016000000","14","事業所数","100～199人","501各種商品卸売業"
"004","0120","10620","00000","2016000000","14","事業所数","100～199人","50A各種商品卸売業（従業者が常時100人以上のもの）"
"004","0120","10660","00000","2016000000","170","事業所数","100～199人","51繊維・衣服等卸売業"
"004","0120","10670","00000","2016000000","11","事業所数","100～199人","510管理，補助的経済活動を行う事業所"
"004","0120","10710","00000","2016000000","14","事業所数","100～199人","511繊維品卸売業（衣服，身の回り品を除く）"
"004","0120","10750","00000","2016000000","96","事業所数","100～199人","512衣服卸売業"
"004","0120","10800","00000","2016000000","49","事業所数","100～199人","513身の回り品卸売業"
"004","0120","10850","00000","2016000000","451","事業所数","100～199人","52飲食料品卸売業"
"004","0120","10860","00000","2016000000","13","事業所数","100～199人","520管理，補助的経済活動を行う事業所"
"004","0120","10900","00000","2016000000","154","事業所数","100～199人","521農畜産物・水産物卸売業"
"004","0120","10910","00000","2016000000","6","事業所数","100～199人","52A米穀類卸売業"
"004","0120","10940","00000","2016000000","70","事業所数","100～199人","52B野菜・果実卸売業"
"004","0120","10970","00000","2016000000","28","事業所数","100～199人","52C食肉卸売業"
"004","0120","10990","00000","2016000000","37","事業所数","100～199人","52D生鮮魚介卸売業"
"004","0120","11010","00000","2016000000","13","事業所数","100～199人","52Eその他の農畜産物・水産物卸売業"
"004","0120","11030","00000","2016000000","284","事業所数","100～199人","522食料・飲料卸売業"
"004","0120","11120","00000","2016000000","269","事業所数","100～199人","53建築材料，鉱物・金属材料等卸売業"
"004","0120","11130","00000","2016000000","4","事業所数","100～199人","530管理，補助的経済活動を行う事業所"
"004","0120","11170","00000","2016000000","64","事業所数","100～199人","531建築材料卸売業"
"004","0120","11230","00000","2016000000","98","事業所数","100～199人","532化学製品卸売業"
"004","0120","11270","00000","2016000000","37","事業所数","100～199人","533石油・鉱物卸売業"
"004","0120","11300","00000","2016000000","28","事業所数","100～199人","534鉄鋼製品卸売業"
"004","0120","11340","00000","2016000000","23","事業所数","100～199人","535非鉄金属卸売業"
"004","0120","11370","00000","2016000000","15","事業所数","100～199人","536再生資源卸売業"
"004","0120","11430","00000","2016000000","683","事業所数","100～199人","54機械器具卸売業"
"004","0120","11440","00000","2016000000","18","事業所数","100～199人","540管理，補助的経済活動を行う事業所"
"004","0120","11480","00000","2016000000","188","事業所数","100～199人","541産業機械器具卸売業"
"004","0120","11540","00000","2016000000","76","事業所数","100～199人","542自動車卸売業"
"004","0120","11580","00000","2016000000","296","事業所数","100～199人","543電気機械器具卸売業"
"004","0120","11610","00000","2016000000","105","事業所数","100～199人","549その他の機械器具卸売業"
"004","0120","11650","00000","2016000000","610","事業所数","100～199人","55その他の卸売業"
"004","0120","11660","00000","2016000000","36","事業所数","100～199人","550管理，補助的経済活動を行う事業所"
"004","0120","11700","00000","2016000000","54","事業所数","100～199人","551家具・建具・じゅう器等卸売業"
"004","0120","11770","00000","2016000000","227","事業所数","100～199人","552医薬品・化粧品等卸売業"
"004","0120","11820","00000","2016000000","66","事業所数","100～199人","553紙・紙製品卸売業"
"004","0120","11850","00000","2016000000","227","事業所数","100～199人","559他に分類されない卸売業"
"004","0120","11860","00000","2016000000","7","事業所数","100～199人","55A代理商，仲立業"
"004","0120","11880","00000","2016000000","220","事業所数","100～199人","55B他に分類されないその他の卸売業"
"004","0120","11970","00000","2016000000","4209","事業所数","100～199人","I2小売業"
"004","0120","11980","00000","2016000000","636","事業所数","100～199人","56各種商品小売業"
"004","0120","11990","00000","2016000000","7","事業所数","100～199人","560管理，補助的経済活動を行う事業所"
"004","0120","12030","00000","2016000000","629","事業所数","100～199人","561百貨店，総合スーパー"
"004","0120","12070","00000","2016000000","145","事業所数","100～199人","57織物・衣服・身の回り品小売業"
"004","0120","12080","00000","2016000000","23","事業所数","100～199人","570管理，補助的経済活動を行う事業所"
"004","0120","12120","00000","2016000000","4","事業所数","100～199人","571呉服・服地・寝具小売業"
"004","0120","12150","00000","2016000000","8","事業所数","100～199人","572男子服小売業"
"004","0120","12170","00000","2016000000","94","事業所数","100～199人","573婦人・子供服小売業"
"004","0120","12200","00000","2016000000","1","事業所数","100～199人","574靴・履物小売業"
"004","0120","12230","00000","2016000000","15","事業所数","100～199人","579その他の織物・衣服・身の回り品小売業"
"004","0120","12280","00000","2016000000","2578","事業所数","100～199人","58飲食料品小売業"
"004","0120","12290","00000","2016000000","60","事業所数","100～199人","580管理，補助的経済活動を行う事業所"
"004","0120","12330","00000","2016000000","2227","事業所数","100～199人","581各種食料品小売業"
"004","0120","12350","00000","2016000000","6","事業所数","100～199人","582野菜・果実小売業"
"004","0120","12380","00000","2016000000","6","事業所数","100～199人","583食肉小売業"
"004","0120","12410","00000","2016000000","4","事業所数","100～199人","584鮮魚小売業"
"004","0120","12430","00000","2016000000","2","事業所数","100～199人","585酒小売業"
"004","0120","12450","00000","2016000000","46","事業所数","100～199人","586菓子・パン小売業"
"004","0120","12500","00000","2016000000","227","事業所数","100～199人","589その他の飲食料品小売業"
"004","0120","12510","00000","2016000000","45","事業所数","100～199人","58A料理品小売業"
"004","0120","12530","00000","2016000000","182","事業所数","100～199人","58B他に分類されない飲食料品小売業"
"004","0120","12620","00000","2016000000","163","事業所数","100～199人","59機械器具小売業"
"004","0120","12630","00000","2016000000","24","事業所数","100～199人","590管理，補助的経済活動を行う事業所"
"004","0120","12670","00000","2016000000","52","事業所数","100～199人","591自動車小売業"
"004","0120","12740","00000","2016000000","87","事業所数","100～199人","593機械器具小売業（自動車，自転車を除く）"
"004","0120","12790","00000","2016000000","489","事業所数","100～199人","60その他の小売業"
"004","0120","12800","00000","2016000000","43","事業所数","100～199人","600管理，補助的経済活動を行う事業所"
"004","0120","12840","00000","2016000000","21","事業所数","100～199人","601家具・建具・畳小売業"
"004","0120","12890","00000","2016000000","3","事業所数","100～199人","602じゅう器小売業"
"004","0120","12940","00000","2016000000","29","事業所数","100～199人","603医薬品・化粧品小売業"
"004","0120","12990","00000","2016000000","5","事業所数","100～199人","604農耕用品小売業"
"004","0120","13030","00000","2016000000","18","事業所数","100～199人","605燃料小売業"
"004","0120","13060","00000","2016000000","114","事業所数","100～199人","606書籍・文房具小売業"
"004","0120","13110","00000","2016000000","21","事業所数","100～199人","607スポーツ用品・がん具・娯楽用品・楽器小売業"
"004","0120","13120","00000","2016000000","13","事業所数","100～199人","60Aスポーツ用品小売業"
"004","0120","13140","00000","2016000000","4","事業所数","100～199人","60Bがん具・娯楽用品小売業"
"004","0120","13160","00000","2016000000","4","事業所数","100～199人","60C楽器小売業"
"004","0120","13180","00000","2016000000","6","事業所数","100～199人","608写真機・時計・眼鏡小売業"
"004","0120","13210","00000","2016000000","229","事業所数","100～199人","609他に分類されない小売業"
"004","0120","13220","00000","2016000000","1","事業所数","100～199人","60D花・植木小売業"
"004","0120","13240","00000","2016000000","2","事業所数","100～199人","60Eペット・ペット用品小売業"
"004","0120","13260","00000","2016000000","15","事業所数","100～199人","60F中古品小売業（他に分類されないもの）"
"004","0120","13290","00000","2016000000","211","事業所数","100～199人","60G他に分類されないその他の小売業"
"004","0120","13350","00000","2016000000","194","事業所数","100～199人","61無店舗小売業"
"004","0120","13360","00000","2016000000","9","事業所数","100～199人","610管理，補助的経済活動を行う事業所"
"004","0120","13400","00000","2016000000","145","事業所数","100～199人","611通信販売・訪問販売小売業"
"004","0120","13460","00000","2016000000","6","事業所数","100～199人","612自動販売機による小売業"
"004","0120","13480","00000","2016000000","34","事業所数","100～199人","619その他の無店舗小売業"
"004","0120","13500","00000","2016000000","797","事業所数","100～199人","J金融業，保険業"
"004","0120","13510","00000","2016000000","219","事業所数","100～199人","62銀行業"
"004","0120","13520","00000","2016000000","9","事業所数","100～199人","620管理，補助的経済活動を行う事業所"
"004","0120","13530","00000","2016000000","2","事業所数","100～199人","621中央銀行"
"004","0120","13540","00000","2016000000","208","事業所数","100～199人","622銀行（中央銀行を除く）"
"004","0120","13560","00000","2016000000","107","事業所数","100～199人","63協同組織金融業"
"004","0120","13570","00000","2016000000","3","事業所数","100～199人","630管理，補助的経済活動を行う事業所"
"004","0120","13580","00000","2016000000","83","事業所数","100～199人","631中小企業等金融業"
"004","0120","13590","00000","2016000000","21","事業所数","100～199人","632農林水産金融業"
"004","0120","13600","00000","2016000000","101","事業所数","100～199人","64貸金業，クレジットカード業等非預金信用機関"
"004","0120","13610","00000","2016000000","1","事業所数","100～199人","640管理，補助的経済活動を行う事業所"
"004","0120","13620","00000","2016000000","8","事業所数","100～199人","641貸金業"
"004","0120","13640","00000","2016000000","81","事業所数","100～199人","643クレジットカード業，割賦金融業"
"004","0120","13650","00000","2016000000","11","事業所数","100～199人","649その他の非預金信用機関"
"004","0120","13660","00000","2016000000","67","事業所数","100～199人","65金融商品取引業，商品先物取引業"
"004","0120","13680","00000","2016000000","65","事業所数","100～199人","651金融商品取引業"
"004","0120","13690","00000","2016000000","2","事業所数","100～199人","652商品先物取引業，商品投資顧問業"
"004","0120","13700","00000","2016000000","44","事業所数","100～199人","66補助的金融業等"
"004","0120","13720","00000","2016000000","37","事業所数","100～199人","661補助的金融業，金融附帯業"
"004","0120","13740","00000","2016000000","7","事業所数","100～199人","663金融代理業"
"004","0120","13750","00000","2016000000","254","事業所数","100～199人","67保険業（保険媒介代理業，保険サービス業を含む）"
"004","0120","13760","00000","2016000000","1","事業所数","100～199人","670管理，補助的経済活動を行う事業所"
"004","0120","13770","00000","2016000000","76","事業所数","100～199人","671生命保険業"
"004","0120","13780","00000","2016000000","114","事業所数","100～199人","672損害保険業"
"004","0120","13790","00000","2016000000","10","事業所数","100～199人","673共済事業，少額短期保険業"
"004","0120","13800","00000","2016000000","46","事業所数","100～199人","674保険媒介代理業"
"004","0120","13810","00000","2016000000","7","事業所数","100～199人","675保険サービス業"
"004","0120","13820","00000","2016000000","523","事業所数","100～199人","K不動産業，物品賃貸業"
"004","0120","13830","00000","2016000000","422","事業所数","100～199人","K1不動産業"
"004","0120","13840","00000","2016000000","109","事業所数","100～199人","68不動産取引業"
"004","0120","13850","00000","2016000000","1","事業所数","100～199人","680管理，補助的経済活動を行う事業所"
"004","0120","13880","00000","2016000000","59","事業所数","100～199人","681建物売買業，土地売買業"
"004","0120","13910","00000","2016000000","49","事業所数","100～199人","682不動産代理業・仲介業"
"004","0120","13930","00000","2016000000","310","事業所数","100～199人","69不動産賃貸業・管理業"
"004","0120","13940","00000","2016000000","3","事業所数","100～199人","690管理，補助的経済活動を行う事業所"
"004","0120","13970","00000","2016000000","65","事業所数","100～199人","691不動産賃貸業（貸家業，貸間業を除く）"
"004","0120","14010","00000","2016000000","42","事業所数","100～199人","692貸家業，貸間業"
"004","0120","14040","00000","2016000000","22","事業所数","100～199人","693駐車場業"
"004","0120","14060","00000","2016000000","178","事業所数","100～199人","694不動産管理業"
"004","0120","14080","00000","2016000000","101","事業所数","100～199人","K2物品賃貸業"
"004","0120","14090","00000","2016000000","101","事業所数","100～199人","70物品賃貸業"
"004","0120","14100","00000","2016000000","3","事業所数","100～199人","700管理，補助的経済活動を行う事業所"
"004","0120","14130","00000","2016000000","10","事業所数","100～199人","701各種物品賃貸業"
"004","0120","14160","00000","2016000000","32","事業所数","100～199人","702産業用機械器具賃貸業"
"004","0120","14190","00000","2016000000","4","事業所数","100～199人","703事務用機械器具賃貸業"
"004","0120","14220","00000","2016000000","18","事業所数","100～199人","704自動車賃貸業"
"004","0120","14260","00000","2016000000","34","事業所数","100～199人","709その他の物品賃貸業"
"004","0120","14270","00000","2016000000","4","事業所数","100～199人","70A音楽・映像記録物賃貸業（別掲を除く）"
"004","0120","14290","00000","2016000000","30","事業所数","100～199人","70B他に分類されない物品賃貸業"
"004","0120","14330","00000","2016000000","1004","事業所数","100～199人","L学術研究，専門・技術サービス業"
"004","0120","14340","00000","2016000000","250","事業所数","100～199人","71学術・開発研究機関"
"004","0120","14370","00000","2016000000","230","事業所数","100～199人","711自然科学研究所"
"004","0120","14420","00000","2016000000","20","事業所数","100～199人","712人文・社会科学研究所"
"004","0120","14440","00000","2016000000","213","事業所数","100～199人","72専門サービス業（他に分類されないもの）"
"004","0120","14450","00000","2016000000","2","事業所数","100～199人","720管理，補助的経済活動を行う事業所"
"004","0120","14470","00000","2016000000","11","事業所数","100～199人","721法律事務所，特許事務所"
"004","0120","14480","00000","2016000000","3","事業所数","100～199人","72A法律事務所"
"004","0120","14500","00000","2016000000","8","事業所数","100～199人","72B特許事務所"
"004","0120","14520","00000","2016000000","1","事業所数","100～199人","722公証人役場，司法書士事務所，土地家屋調査士事務所"
"004","0120","14570","00000","2016000000","11","事業所数","100～199人","724公認会計士事務所，税理士事務所"
"004","0120","14580","00000","2016000000","7","事業所数","100～199人","72C公認会計士事務所"
"004","0120","14600","00000","2016000000","4","事業所数","100～199人","72D税理士事務所"
"004","0120","14640","00000","2016000000","11","事業所数","100～199人","726デザイン業"
"004","0120","14690","00000","2016000000","97","事業所数","100～199人","728経営コンサルタント業，純粋持株会社"
"004","0120","14700","00000","2016000000","59","事業所数","100～199人","72E経営コンサルタント業"
"004","0120","14720","00000","2016000000","38","事業所数","100～199人","72F純粋持株会社"
"004","0120","14740","00000","2016000000","80","事業所数","100～199人","729その他の専門サービス業"
"004","0120","14750","00000","2016000000","4","事業所数","100～199人","72G興信所"
"004","0120","14770","00000","2016000000","76","事業所数","100～199人","72H他に分類されない専門サービス業"
"004","0120","14820","00000","2016000000","73","事業所数","100～199人","73広告業"
"004","0120","14860","00000","2016000000","73","事業所数","100～199人","731広告業"
"004","0120","14880","00000","2016000000","467","事業所数","100～199人","74技術サービス業（他に分類されないもの）"
"004","0120","14890","00000","2016000000","3","事業所数","100～199人","740管理，補助的経済活動を行う事業所"
"004","0120","14910","00000","2016000000","1","事業所数","100～199人","741獣医業"
"004","0120","14930","00000","2016000000","172","事業所数","100～199人","742土木建築サービス業"
"004","0120","14940","00000","2016000000","142","事業所数","100～199人","74A建築設計業"
"004","0120","14960","00000","2016000000","17","事業所数","100～199人","74B測量業"
"004","0120","14980","00000","2016000000","13","事業所数","100～199人","74Cその他の土木建築サービス業"
"004","0120","15000","00000","2016000000","113","事業所数","100～199人","743機械設計業"
"004","0120","15020","00000","2016000000","38","事業所数","100～199人","744商品・非破壊検査業"
"004","0120","15050","00000","2016000000","42","事業所数","100～199人","745計量証明業"
"004","0120","15090","00000","2016000000","4","事業所数","100～199人","746写真業"
"004","0120","15120","00000","2016000000","94","事業所数","100～199人","749その他の技術サービス業"
"004","0120","15140","00000","2016000000","1169","事業所数","100～199人","M宿泊業，飲食サービス業"
"004","0120","15150","00000","2016000000","532","事業所数","100～199人","M1宿泊業"
"004","0120","15160","00000","2016000000","532","事業所数","100～199人","75宿泊業"
"004","0120","15170","00000","2016000000","6","事業所数","100～199人","750管理，補助的経済活動を行う事業所"
"004","0120","15200","00000","2016000000","501","事業所数","100～199人","751旅館，ホテル"
"004","0120","15260","00000","2016000000","25","事業所数","100～199人","759その他の宿泊業"
"004","0120","15270","00000","2016000000","9","事業所数","100～199人","75A会社・団体の宿泊所"
"004","0120","15290","00000","2016000000","16","事業所数","100～199人","75B他に分類されない宿泊業"
"004","0120","15320","00000","2016000000","637","事業所数","100～199人","M2飲食店，持ち帰り・配達飲食サービス業"
"004","0120","15330","00000","2016000000","483","事業所数","100～199人","76飲食店"
"004","0120","15340","00000","2016000000","31","事業所数","100～199人","760管理，補助的経済活動を行う事業所"
"004","0120","15370","00000","2016000000","80","事業所数","100～199人","761食堂，レストラン（専門料理店を除く）"
"004","0120","15390","00000","2016000000","129","事業所数","100～199人","762専門料理店"
"004","0120","15400","00000","2016000000","46","事業所数","100～199人","76A日本料理店"
"004","0120","15420","00000","2016000000","23","事業所数","100～199人","76B中華料理店"
"004","0120","15450","00000","2016000000","17","事業所数","100～199人","76C焼肉店"
"004","0120","15470","00000","2016000000","43","事業所数","100～199人","76Dその他の専門料理店"
"004","0120","15500","00000","2016000000","4","事業所数","100～199人","763そば・うどん店"
"004","0120","15520","00000","2016000000","136","事業所数","100～199人","764すし店"
"004","0120","15540","00000","2016000000","35","事業所数","100～199人","765酒場，ビヤホール"
"004","0120","15560","00000","2016000000","7","事業所数","100～199人","766バー，キャバレー，ナイトクラブ"
"004","0120","15580","00000","2016000000","14","事業所数","100～199人","767喫茶店"
"004","0120","15600","00000","2016000000","47","事業所数","100～199人","769その他の飲食店"
"004","0120","15610","00000","2016000000","35","事業所数","100～199人","76Eハンバーガー店"
"004","0120","15650","00000","2016000000","12","事業所数","100～199人","76G他に分類されない飲食店"
"004","0120","15670","00000","2016000000","150","事業所数","100～199人","77持ち帰り・配達飲食サービス業"
"004","0120","15680","00000","2016000000","3","事業所数","100～199人","770管理，補助的経済活動を行う事業所"
"004","0120","15710","00000","2016000000","5","事業所数","100～199人","771持ち帰り飲食サービス業"
"004","0120","15730","00000","2016000000","142","事業所数","100～199人","772配達飲食サービス業"
"004","0120","15750","00000","2016000000","863","事業所数","100～199人","N生活関連サービス業，娯楽業"
"004","0120","15760","00000","2016000000","257","事業所数","100～199人","78洗濯・理容・美容・浴場業"
"004","0120","15770","00000","2016000000","2","事業所数","100～199人","780管理，補助的経済活動を行う事業所"
"004","0120","15800","00000","2016000000","184","事業所数","100～199人","781洗濯業"
"004","0120","15810","00000","2016000000","51","事業所数","100～199人","78A普通洗濯業"
"004","0120","15840","00000","2016000000","133","事業所数","100～199人","78Bリネンサプライ業"
"004","0120","15860","00000","2016000000","3","事業所数","100～199人","782理容業"
"004","0120","15880","00000","2016000000","9","事業所数","100～199人","783美容業"
"004","0120","15920","00000","2016000000","47","事業所数","100～199人","785その他の公衆浴場業"
"004","0120","15940","00000","2016000000","12","事業所数","100～199人","789その他の洗濯・理容・美容・浴場業"
"004","0120","16000","00000","2016000000","182","事業所数","100～199人","79その他の生活関連サービス業"
"004","0120","16010","00000","2016000000","2","事業所数","100～199人","790管理，補助的経済活動を行う事業所"
"004","0120","16040","00000","2016000000","62","事業所数","100～199人","791旅行業"
"004","0120","16070","00000","2016000000","7","事業所数","100～199人","793衣服裁縫修理業"
"004","0120","16090","00000","2016000000","2","事業所数","100～199人","794物品預り業"
"004","0120","16140","00000","2016000000","89","事業所数","100～199人","796冠婚葬祭業"
"004","0120","16150","00000","2016000000","21","事業所数","100～199人","79A葬儀業"
"004","0120","16170","00000","2016000000","59","事業所数","100～199人","79B結婚式場業"
"004","0120","16190","00000","2016000000","9","事業所数","100～199人","79C冠婚葬祭互助会"
"004","0120","16210","00000","2016000000","20","事業所数","100～199人","799他に分類されない生活関連サービス業"
"004","0120","16220","00000","2016000000","4","事業所数","100～199人","79D写真プリント，現像・焼付業"
"004","0120","16240","00000","2016000000","16","事業所数","100～199人","79E他に分類されないその他の生活関連サービス業"
"004","0120","16280","00000","2016000000","423","事業所数","100～199人","80娯楽業"
"004","0120","16290","00000","2016000000","8","事業所数","100～199人","800管理，補助的経済活動を行う事業所"
"004","0120","16320","00000","2016000000","20","事業所数","100～199人","801映画館"
"004","0120","16340","00000","2016000000","23","事業所数","100～199人","802興行場（別掲を除く），興行団"
"004","0120","16400","00000","2016000000","12","事業所数","100～199人","803競輪・競馬等の競走場，競技団"
"004","0120","16470","00000","2016000000","259","事業所数","100～199人","804スポーツ施設提供業"
"004","0120","16480","00000","2016000000","15","事業所数","100～199人","80Aスポーツ施設提供業（別掲を除く）"
"004","0120","16500","00000","2016000000","1","事業所数","100～199人","80B体育館"
"004","0120","16520","00000","2016000000","166","事業所数","100～199人","80Cゴルフ場"
"004","0120","16540","00000","2016000000","10","事業所数","100～199人","80Dゴルフ練習場"
"004","0120","16560","00000","2016000000","44","事業所数","100～199人","80Eボウリング場"
"004","0120","16620","00000","2016000000","23","事業所数","100～199人","80Hフィットネスクラブ"
"004","0120","16640","00000","2016000000","32","事業所数","100～199人","805公園，遊園地"
"004","0120","16680","00000","2016000000","44","事業所数","100～199人","806遊戯場"
"004","0120","16710","00000","2016000000","40","事業所数","100～199人","80Kパチンコホール"
"004","0120","16730","00000","2016000000","4","事業所数","100～199人","80Lゲームセンター"
"004","0120","16790","00000","2016000000","25","事業所数","100～199人","809その他の娯楽業"
"004","0120","16800","00000","2016000000","9","事業所数","100～199人","80Nカラオケボックス業"
"004","0120","16820","00000","2016000000","16","事業所数","100～199人","80P他に分類されない娯楽業"
"004","0120","16890","00000","2016000000","1061","事業所数","100～199人","O教育，学習支援業"
"004","0120","16900","00000","2016000000","873","事業所数","100～199人","O1教育，学習支援業（学校教育）"
"004","0120","16910","00000","2016000000","873","事業所数","100～199人","81学校教育"
"004","0120","16920","00000","2016000000","6","事業所数","100～199人","810管理，補助的経済活動を行う事業所"
"004","0120","16940","00000","2016000000","4","事業所数","100～199人","811幼稚園"
"004","0120","16960","00000","2016000000","3","事業所数","100～199人","819幼保連携型認定こども園"
"004","0120","16980","00000","2016000000","3","事業所数","100～199人","812小学校"
"004","0120","17000","00000","2016000000","5","事業所数","100～199人","813中学校"
"004","0120","17020","00000","2016000000","338","事業所数","100～199人","814高等学校，中等教育学校"
"004","0120","17050","00000","2016000000","2","事業所数","100～199人","815特別支援学校"
"004","0120","17070","00000","2016000000","444","事業所数","100～199人","816高等教育機関"
"004","0120","17110","00000","2016000000","66","事業所数","100～199人","817専修学校，各種学校"
"004","0120","17140","00000","2016000000","2","事業所数","100～199人","818学校教育支援機関"
"004","0120","17160","00000","2016000000","188","事業所数","100～199人","O2教育，学習支援業（その他の教育，学習支援業）"
"004","0120","17170","00000","2016000000","188","事業所数","100～199人","82その他の教育，学習支援業"
"004","0120","17180","00000","2016000000","7","事業所数","100～199人","820管理，補助的経済活動を行う事業所"
"004","0120","17210","00000","2016000000","26","事業所数","100～199人","821社会教育"
"004","0120","17240","00000","2016000000","7","事業所数","100～199人","82B図書館"
"004","0120","17260","00000","2016000000","4","事業所数","100～199人","82C博物館，美術館"
"004","0120","17280","00000","2016000000","13","事業所数","100～199人","82D動物園，植物園，水族館"
"004","0120","17300","00000","2016000000","2","事業所数","100～199人","82Eその他の社会教育"
"004","0120","17340","00000","2016000000","27","事業所数","100～199人","822職業・教育支援施設"
"004","0120","17380","00000","2016000000","44","事業所数","100～199人","823学習塾"
"004","0120","17400","00000","2016000000","39","事業所数","100～199人","824教養・技能教授業"
"004","0120","17490","00000","2016000000","2","事業所数","100～199人","82K外国語会話教授業"
"004","0120","17510","00000","2016000000","21","事業所数","100～199人","82Lスポーツ・健康教授業"
"004","0120","17530","00000","2016000000","16","事業所数","100～199人","82Mその他の教養・技能教授業"
"004","0120","17550","00000","2016000000","45","事業所数","100～199人","829他に分類されない教育，学習支援業"
"004","0120","17570","00000","2016000000","5432","事業所数","100～199人","P医療，福祉"
"004","0120","17580","00000","2016000000","2732","事業所数","100～199人","83医療業"
"004","0120","17590","00000","2016000000","3","事業所数","100～199人","830管理，補助的経済活動を行う事業所"
"004","0120","17620","00000","2016000000","2438","事業所数","100～199人","831病院"
"004","0120","17650","00000","2016000000","217","事業所数","100～199人","832一般診療所"
"004","0120","17680","00000","2016000000","11","事業所数","100～199人","833歯科診療所"
"004","0120","17700","00000","2016000000","3","事業所数","100～199人","834助産・看護業"
"004","0120","17730","00000","2016000000","3","事業所数","100～199人","83B看護業"
"004","0120","17750","00000","2016000000","4","事業所数","100～199人","835療術業"
"004","0120","17780","00000","2016000000","56","事業所数","100～199人","836医療に附帯するサービス業"
"004","0120","17790","00000","2016000000","3","事業所数","100～199人","83C歯科技工所"
"004","0120","17810","00000","2016000000","53","事業所数","100～199人","83Dその他の医療に附帯するサービス業"
"004","0120","17830","00000","2016000000","118","事業所数","100～199人","84保健衛生"
"004","0120","17870","00000","2016000000","111","事業所数","100～199人","842健康相談施設"
"004","0120","17920","00000","2016000000","7","事業所数","100～199人","849その他の保健衛生"
"004","0120","17960","00000","2016000000","2581","事業所数","100～199人","85社会保険・社会福祉・介護事業"
"004","0120","17970","00000","2016000000","4","事業所数","100～199人","850管理，補助的経済活動を行う事業所"
"004","0120","18000","00000","2016000000","72","事業所数","100～199人","851社会保険事業団体"
"004","0120","18020","00000","2016000000","64","事業所数","100～199人","853児童福祉事業"
"004","0120","18030","00000","2016000000","17","事業所数","100～199人","85A保育所"
"004","0120","18050","00000","2016000000","47","事業所数","100～199人","85Bその他の児童福祉事業"
"004","0120","18070","00000","2016000000","2203","事業所数","100～199人","854老人福祉・介護事業"
"004","0120","18080","00000","2016000000","1197","事業所数","100～199人","85C特別養護老人ホーム"
"004","0120","18100","00000","2016000000","674","事業所数","100～199人","85D介護老人保健施設"
"004","0120","18120","00000","2016000000","78","事業所数","100～199人","85E通所・短期入所介護事業"
"004","0120","18140","00000","2016000000","107","事業所数","100～199人","85F訪問介護事業"
"004","0120","18160","00000","2016000000","17","事業所数","100～199人","85G認知症老人グループホーム"
"004","0120","18180","00000","2016000000","89","事業所数","100～199人","85H有料老人ホーム"
"004","0120","18200","00000","2016000000","41","事業所数","100～199人","85Jその他の老人福祉・介護事業"
"004","0120","18220","00000","2016000000","157","事業所数","100～199人","855障害者福祉事業"
"004","0120","18250","00000","2016000000","81","事業所数","100～199人","859その他の社会保険・社会福祉・介護事業"
"004","0120","18280","00000","2016000000","81","事業所数","100～199人","85L他に分類されない社会保険・社会福祉・介護事業"
"004","0120","18300","00000","2016000000","494","事業所数","100～199人","Q複合サービス事業"
"004","0120","18310","00000","2016000000","353","事業所数","100～199人","Q1複合サービス事業（郵便局）"
"004","0120","18320","00000","2016000000","353","事業所数","100～199人","86郵便局"
"004","0120","18340","00000","2016000000","351","事業所数","100～199人","861郵便局"
"004","0120","18350","00000","2016000000","2","事業所数","100～199人","862郵便局受託業"
"004","0120","18370","00000","2016000000","141","事業所数","100～199人","Q2複合サービス事業（協同組合）"
"004","0120","18380","00000","2016000000","141","事業所数","100～199人","87協同組合（他に分類されないもの）"
"004","0120","18390","00000","2016000000","5","事業所数","100～199人","870管理，補助的経済活動を行う事業所"
"004","0120","18410","00000","2016000000","136","事業所数","100～199人","871農林水産業協同組合（他に分類されないもの）"
"004","0120","18480","00000","2016000000","4398","事業所数","100～199人","Rサービス業（他に分類されないもの）"
"004","0120","18490","00000","2016000000","124","事業所数","100～199人","R1サービス業（政治・経済・文化団体，宗教）"
"004","0120","18500","00000","2016000000","89","事業所数","100～199人","93政治・経済・文化団体"
"004","0120","18510","00000","2016000000","32","事業所数","100～199人","931経済団体"
"004","0120","18520","00000","2016000000","13","事業所数","100～199人","932労働団体"
"004","0120","18530","00000","2016000000","4","事業所数","100～199人","933学術・文化団体"
"004","0120","18550","00000","2016000000","40","事業所数","100～199人","939他に分類されない非営利的団体"
"004","0120","18560","00000","2016000000","34","事業所数","100～199人","94宗教"
"004","0120","18570","00000","2016000000","14","事業所数","100～199人","941神道系宗教"
"004","0120","18580","00000","2016000000","11","事業所数","100～199人","942仏教系宗教"
"004","0120","18590","00000","2016000000","4","事業所数","100～199人","943キリスト教系宗教"
"004","0120","18600","00000","2016000000","5","事業所数","100～199人","949その他の宗教"
"004","0120","18610","00000","2016000000","4274","事業所数","100～199人","R2サービス業（政治・経済・文化団体，宗教を除く）"
"004","0120","18620","00000","2016000000","117","事業所数","100～199人","88廃棄物処理業"
"004","0120","18660","00000","2016000000","70","事業所数","100～199人","881一般廃棄物処理業"
"004","0120","18730","00000","2016000000","46","事業所数","100～199人","882産業廃棄物処理業"
"004","0120","18780","00000","2016000000","1","事業所数","100～199人","889その他の廃棄物処理業"
"004","0120","18810","00000","2016000000","22","事業所数","100～199人","89自動車整備業"
"004","0120","18840","00000","2016000000","22","事業所数","100～199人","891自動車整備業"
"004","0120","18870","00000","2016000000","133","事業所数","100～199人","90機械等修理業（別掲を除く）"
"004","0120","18880","00000","2016000000","1","事業所数","100～199人","900管理，補助的経済活動を行う事業所"
"004","0120","18910","00000","2016000000","87","事業所数","100～199人","901機械修理業（電気機械器具を除く）"
"004","0120","18940","00000","2016000000","42","事業所数","100～199人","902電気機械器具修理業"
"004","0120","18980","00000","2016000000","3","事業所数","100～199人","909その他の修理業"
"004","0120","19040","00000","2016000000","1241","事業所数","100～199人","91職業紹介・労働者派遣業"
"004","0120","19050","00000","2016000000","4","事業所数","100～199人","910管理，補助的経済活動を行う事業所"
"004","0120","19080","00000","2016000000","46","事業所数","100～199人","911職業紹介業"
"004","0120","19100","00000","2016000000","1191","事業所数","100～199人","912労働者派遣業"
"004","0120","19120","00000","2016000000","2746","事業所数","100～199人","92その他の事業サービス業"
"004","0120","19130","00000","2016000000","7","事業所数","100～199人","920管理，補助的経済活動を行う事業所"
"004","0120","19160","00000","2016000000","2","事業所数","100～199人","921速記・ワープロ入力・複写業"
"004","0120","19190","00000","2016000000","1195","事業所数","100～199人","922建物サービス業"
"004","0120","19220","00000","2016000000","590","事業所数","100～199人","923警備業"
"004","0120","19240","00000","2016000000","952","事業所数","100～199人","929他に分類されない事業サービス業"
"004","0120","19300","00000","2016000000","12","事業所数","100～199人","95その他のサービス業"
"004","0120","19330","00000","2016000000","9","事業所数","100～199人","951集会場"
"004","0120","19350","00000","2016000000","3","事業所数","100～199人","952と畜場"
"004","0130","00010","00000","2016000000","9902","事業所数","200～299人","A～R全産業（Ｓ公務を除く）"
"004","0130","00020","00000","2016000000","28","事業所数","200～299人","A～B農林漁業"
"004","0130","00030","00000","2016000000","27","事業所数","200～299人","A農業，林業"
"004","0130","00040","00000","2016000000","27","事業所数","200～299人","01農業"
"004","0130","00050","00000","2016000000","1","事業所数","200～299人","010管理，補助的経済活動を行う事業所"
"004","0130","00080","00000","2016000000","16","事業所数","200～299人","011耕種農業"
"004","0130","00170","00000","2016000000","5","事業所数","200～299人","012畜産農業"
"004","0130","00250","00000","2016000000","5","事業所数","200～299人","013農業サービス業（園芸サービス業を除く）"
"004","0130","00500","00000","2016000000","1","事業所数","200～299人","B漁業"
"004","0130","00510","00000","2016000000","1","事業所数","200～299人","03漁業（水産養殖業を除く）"
"004","0130","00550","00000","2016000000","1","事業所数","200～299人","031海面漁業"
"004","0130","00800","00000","2016000000","9874","事業所数","200～299人","C～R非農林漁業（Ｓ公務を除く）"
"004","0130","00810","00000","2016000000","1","事業所数","200～299人","C鉱業，採石業，砂利採取業"
"004","0130","00820","00000","2016000000","1","事業所数","200～299人","05鉱業，採石業，砂利採取業"
"004","0130","00830","00000","2016000000","1","事業所数","200～299人","050管理，補助的経済活動を行う事業所"
"004","0130","01220","00000","2016000000","236","事業所数","200～299人","D建設業"
"004","0130","01230","00000","2016000000","117","事業所数","200～299人","06総合工事業"
"004","0130","01240","00000","2016000000","1","事業所数","200～299人","060管理，補助的経済活動を行う事業所"
"004","0130","01250","00000","2016000000","53","事業所数","200～299人","061一般土木建築工事業"
"004","0130","01260","00000","2016000000","14","事業所数","200～299人","062土木工事業（舗装工事業を除く）"
"004","0130","01270","00000","2016000000","1","事業所数","200～299人","063舗装工事業"
"004","0130","01280","00000","2016000000","43","事業所数","200～299人","064建築工事業（木造建築工事業を除く)"
"004","0130","01290","00000","2016000000","1","事業所数","200～299人","065木造建築工事業"
"004","0130","01300","00000","2016000000","4","事業所数","200～299人","066建築リフォーム工事業"
"004","0130","01310","00000","2016000000","9","事業所数","200～299人","07職別工事業（設備工事業を除く）"
"004","0130","01320","00000","2016000000","1","事業所数","200～299人","070管理，補助的経済活動を行う事業所"
"004","0130","01340","00000","2016000000","4","事業所数","200～299人","072とび・土工・コンクリート工事業"
"004","0130","01400","00000","2016000000","3","事業所数","200～299人","078床・内装工事業"
"004","0130","01410","00000","2016000000","1","事業所数","200～299人","079その他の職別工事業"
"004","0130","01420","00000","2016000000","110","事業所数","200～299人","08設備工事業"
"004","0130","01430","00000","2016000000","4","事業所数","200～299人","080管理，補助的経済活動を行う事業所"
"004","0130","01440","00000","2016000000","33","事業所数","200～299人","081電気工事業"
"004","0130","01450","00000","2016000000","27","事業所数","200～299人","082電気通信・信号装置工事業"
"004","0130","01460","00000","2016000000","20","事業所数","200～299人","083管工事業（さく井工事業を除く）"
"004","0130","01470","00000","2016000000","23","事業所数","200～299人","084機械器具設置工事業"
"004","0130","01480","00000","2016000000","3","事業所数","200～299人","089その他の設備工事業"
"004","0130","01490","00000","2016000000","2397","事業所数","200～299人","E製造業"
"004","0130","01500","00000","2016000000","487","事業所数","200～299人","09食料品製造業"
"004","0130","01510","00000","2016000000","9","事業所数","200～299人","090管理，補助的経済活動を行う事業所"
"004","0130","01540","00000","2016000000","79","事業所数","200～299人","091畜産食料品製造業"
"004","0130","01600","00000","2016000000","31","事業所数","200～299人","092水産食料品製造業"
"004","0130","01680","00000","2016000000","8","事業所数","200～299人","093野菜缶詰・果実缶詰・農産保存食料品製造業"
"004","0130","01710","00000","2016000000","23","事業所数","200～299人","094調味料製造業"
"004","0130","01770","00000","2016000000","3","事業所数","200～299人","095糖類製造業"
"004","0130","01810","00000","2016000000","3","事業所数","200～299人","096精穀・製粉業"
"004","0130","01850","00000","2016000000","112","事業所数","200～299人","097パン・菓子製造業"
"004","0130","01910","00000","2016000000","4","事業所数","200～299人","098動植物油脂製造業"
"004","0130","01940","00000","2016000000","215","事業所数","200～299人","099その他の食料品製造業"
"004","0130","02040","00000","2016000000","46","事業所数","200～299人","10飲料・たばこ・飼料製造業"
"004","0130","02080","00000","2016000000","23","事業所数","200～299人","101清涼飲料製造業"
"004","0130","02100","00000","2016000000","13","事業所数","200～299人","102酒類製造業"
"004","0130","02150","00000","2016000000","8","事業所数","200～299人","103茶・コーヒー製造業（清涼飲料を除く）"
"004","0130","02200","00000","2016000000","1","事業所数","200～299人","105たばこ製造業"
"004","0130","02240","00000","2016000000","1","事業所数","200～299人","106飼料・有機質肥料製造業"
"004","0130","02280","00000","2016000000","53","事業所数","200～299人","11繊維工業"
"004","0130","02320","00000","2016000000","12","事業所数","200～299人","111製糸業，紡績業，化学繊維・ねん糸等製造業"
"004","0130","02420","00000","2016000000","3","事業所数","200～299人","112織物業"
"004","0130","02530","00000","2016000000","4","事業所数","200～299人","114染色整理業"
"004","0130","02620","00000","2016000000","4","事業所数","200～299人","115綱・網・レース・繊維粗製品製造業"
"004","0130","02720","00000","2016000000","15","事業所数","200～299人","116外衣・シャツ製造業（和式を除く）"
"004","0130","02820","00000","2016000000","1","事業所数","200～299人","117下着類製造業"
"004","0130","02870","00000","2016000000","4","事業所数","200～299人","118和装製品・その他の衣服・繊維製身の回り品製造業"
"004","0130","02950","00000","2016000000","10","事業所数","200～299人","119その他の繊維製品製造業"
"004","0130","03050","00000","2016000000","9","事業所数","200～299人","12木材・木製品製造業（家具を除く）"
"004","0130","03090","00000","2016000000","2","事業所数","200～299人","121製材業，木製品製造業"
"004","0130","03140","00000","2016000000","7","事業所数","200～299人","122造作材・合板・建築用組立材料製造業"
"004","0130","03310","00000","2016000000","16","事業所数","200～299人","13家具・装備品製造業"
"004","0130","03350","00000","2016000000","12","事業所数","200～299人","131家具製造業"
"004","0130","03410","00000","2016000000","1","事業所数","200～299人","133建具製造業"
"004","0130","03430","00000","2016000000","3","事業所数","200～299人","139その他の家具・装備品製造業"
"004","0130","03480","00000","2016000000","61","事業所数","200～299人","14パルプ・紙・紙加工品製造業"
"004","0130","03490","00000","2016000000","1","事業所数","200～299人","140管理，補助的経済活動を行う事業所"
"004","0130","03520","00000","2016000000","4","事業所数","200～299人","141パルプ製造業"
"004","0130","03540","00000","2016000000","26","事業所数","200～299人","142紙製造業"
"004","0130","03580","00000","2016000000","4","事業所数","200～299人","143加工紙製造業"
"004","0130","03620","00000","2016000000","5","事業所数","200～299人","144紙製品製造業"
"004","0130","03660","00000","2016000000","9","事業所数","200～299人","145紙製容器製造業"
"004","0130","03710","00000","2016000000","12","事業所数","200～299人","149その他のパルプ・紙・紙加工品製造業"
"004","0130","03730","00000","2016000000","54","事業所数","200～299人","15印刷・同関連業"
"004","0130","03740","00000","2016000000","1","事業所数","200～299人","150管理，補助的経済活動を行う事業所"
"004","0130","03770","00000","2016000000","50","事業所数","200～299人","151印刷業"
"004","0130","03830","00000","2016000000","2","事業所数","200～299人","153製本業，印刷物加工業"
"004","0130","03860","00000","2016000000","1","事業所数","200～299人","159印刷関連サービス業"
"004","0130","03880","00000","2016000000","195","事業所数","200～299人","16化学工業"
"004","0130","03890","00000","2016000000","8","事業所数","200～299人","160管理，補助的経済活動を行う事業所"
"004","0130","03960","00000","2016000000","14","事業所数","200～299人","162無機化学工業製品製造業"
"004","0130","04020","00000","2016000000","39","事業所数","200～299人","163有機化学工業製品製造業"
"004","0130","04100","00000","2016000000","16","事業所数","200～299人","164油脂加工製品・石けん・合成洗剤・界面活性剤・塗料製造業"
"004","0130","04180","00000","2016000000","73","事業所数","200～299人","165医薬品製造業"
"004","0130","04240","00000","2016000000","23","事業所数","200～299人","166化粧品・歯磨・その他の化粧用調整品製造業"
"004","0130","04280","00000","2016000000","22","事業所数","200～299人","169その他の化学工業"
"004","0130","04370","00000","2016000000","6","事業所数","200～299人","17石油製品・石炭製品製造業"
"004","0130","04380","00000","2016000000","1","事業所数","200～299人","170管理，補助的経済活動を行う事業所"
"004","0130","04410","00000","2016000000","4","事業所数","200～299人","171石油精製業"
"004","0130","04430","00000","2016000000","1","事業所数","200～299人","172潤滑油・グリース製造業（石油精製業によらないもの）"
"004","0130","04510","00000","2016000000","123","事業所数","200～299人","18プラスチック製品製造業（別掲を除く）"
"004","0130","04520","00000","2016000000","3","事業所数","200～299人","180管理，補助的経済活動を行う事業所"
"004","0130","04550","00000","2016000000","12","事業所数","200～299人","181プラスチック板・棒・管・継手・異形押出製品製造業"
"004","0130","04610","00000","2016000000","26","事業所数","200～299人","182プラスチックフィルム・シート・床材・合成皮革製造業"
"004","0130","04670","00000","2016000000","43","事業所数","200～299人","183工業用プラスチック製品製造業"
"004","0130","04720","00000","2016000000","6","事業所数","200～299人","184発泡・強化プラスチック製品製造業"
"004","0130","04780","00000","2016000000","4","事業所数","200～299人","185プラスチック成形材料製造業（廃プラスチックを含む）"
"004","0130","04810","00000","2016000000","29","事業所数","200～299人","189その他のプラスチック製品製造業"
"004","0130","04860","00000","2016000000","33","事業所数","200～299人","19ゴム製品製造業"
"004","0130","04870","00000","2016000000","2","事業所数","200～299人","190管理，補助的経済活動を行う事業所"
"004","0130","04900","00000","2016000000","1","事業所数","200～299人","191タイヤ・チューブ製造業"
"004","0130","04960","00000","2016000000","25","事業所数","200～299人","193ゴムベルト・ゴムホース・工業用ゴム製品製造業"
"004","0130","05000","00000","2016000000","5","事業所数","200～299人","199その他のゴム製品製造業"
"004","0130","05070","00000","2016000000","2","事業所数","200～299人","20なめし革・同製品・毛皮製造業"
"004","0130","05130","00000","2016000000","1","事業所数","200～299人","202工業用革製品製造業（手袋を除く）"
"004","0130","05170","00000","2016000000","1","事業所数","200～299人","204革製履物製造業"
"004","0130","05300","00000","2016000000","58","事業所数","200～299人","21窯業・土石製品製造業"
"004","0130","05340","00000","2016000000","23","事業所数","200～299人","211ガラス・同製品製造業"
"004","0130","05430","00000","2016000000","7","事業所数","200～299人","212セメント・同製品製造業"
"004","0130","05480","00000","2016000000","1","事業所数","200～299人","213建設用粘土製品製造業（陶磁器製を除く)"
"004","0130","05520","00000","2016000000","7","事業所数","200～299人","214陶磁器・同関連製品製造業"
"004","0130","05620","00000","2016000000","3","事業所数","200～299人","215耐火物製造業"
"004","0130","05660","00000","2016000000","2","事業所数","200～299人","216炭素・黒鉛製品製造業"
"004","0130","05690","00000","2016000000","4","事業所数","200～299人","217研磨材・同製品製造業"
"004","0130","05810","00000","2016000000","11","事業所数","200～299人","219その他の窯業・土石製品製造業"
"004","0130","05870","00000","2016000000","73","事業所数","200～299人","22鉄鋼業"
"004","0130","05910","00000","2016000000","3","事業所数","200～299人","221製鉄業"
"004","0130","05950","00000","2016000000","18","事業所数","200～299人","222製鋼・製鋼圧延業"
"004","0130","05970","00000","2016000000","21","事業所数","200～299人","223製鋼を行わない鋼材製造業（表面処理鋼材を除く）"
"004","0130","06070","00000","2016000000","2","事業所数","200～299人","224表面処理鋼材製造業"
"004","0130","06100","00000","2016000000","14","事業所数","200～299人","225鉄素形材製造業"
"004","0130","06160","00000","2016000000","15","事業所数","200～299人","229その他の鉄鋼業"
"004","0130","06210","00000","2016000000","53","事業所数","200～299人","23非鉄金属製造業"
"004","0130","06220","00000","2016000000","1","事業所数","200～299人","230管理，補助的経済活動を行う事業所"
"004","0130","06250","00000","2016000000","3","事業所数","200～299人","231非鉄金属第１次製錬・精製業"
"004","0130","06290","00000","2016000000","5","事業所数","200～299人","232非鉄金属第２次製錬・精製業（非鉄金属合金製造業を含む）"
"004","0130","06330","00000","2016000000","17","事業所数","200～299人","233非鉄金属・同合金圧延業（抽伸，押出しを含む）"
"004","0130","06370","00000","2016000000","12","事業所数","200～299人","234電線・ケーブル製造業"
"004","0130","06400","00000","2016000000","10","事業所数","200～299人","235非鉄金属素形材製造業"
"004","0130","06460","00000","2016000000","5","事業所数","200～299人","239その他の非鉄金属製造業"
"004","0130","06490","00000","2016000000","108","事業所数","200～299人","24金属製品製造業"
"004","0130","06500","00000","2016000000","2","事業所数","200～299人","240管理，補助的経済活動を行う事業所"
"004","0130","06530","00000","2016000000","4","事業所数","200～299人","241ブリキ缶・その他のめっき板等製品製造業"
"004","0130","06550","00000","2016000000","6","事業所数","200～299人","242洋食器・刃物・手道具・金物類製造業"
"004","0130","06630","00000","2016000000","14","事業所数","200～299人","243暖房・調理等装置，配管工事用附属品製造業"
"004","0130","06680","00000","2016000000","28","事業所数","200～299人","244建設用・建築用金属製品製造業（製缶板金業を含む)"
"004","0130","06750","00000","2016000000","15","事業所数","200～299人","245金属素形材製品製造業"
"004","0130","06790","00000","2016000000","8","事業所数","200～299人","246金属被覆・彫刻業，熱処理業（ほうろう鉄器を除く）"
"004","0130","06860","00000","2016000000","3","事業所数","200～299人","247金属線製品製造業（ねじ類を除く)"
"004","0130","06890","00000","2016000000","10","事業所数","200～299人","248ボルト・ナット・リベット・小ねじ・木ねじ等製造業"
"004","0130","06910","00000","2016000000","18","事業所数","200～299人","249その他の金属製品製造業"
"004","0130","06950","00000","2016000000","98","事業所数","200～299人","25はん用機械器具製造業"
"004","0130","06960","00000","2016000000","5","事業所数","200～299人","250管理，補助的経済活動を行う事業所"
"004","0130","06990","00000","2016000000","2","事業所数","200～299人","251ボイラ・原動機製造業"
"004","0130","07040","00000","2016000000","23","事業所数","200～299人","252ポンプ・圧縮機器製造業"
"004","0130","07080","00000","2016000000","32","事業所数","200～299人","253一般産業用機械・装置製造業"
"004","0130","07140","00000","2016000000","36","事業所数","200～299人","259その他のはん用機械・同部分品製造業"
"004","0130","07220","00000","2016000000","152","事業所数","200～299人","26生産用機械器具製造業"
"004","0130","07230","00000","2016000000","1","事業所数","200～299人","260管理，補助的経済活動を行う事業所"
"004","0130","07260","00000","2016000000","14","事業所数","200～299人","261農業用機械製造業（農業用器具を除く）"
"004","0130","07280","00000","2016000000","17","事業所数","200～299人","262建設機械・鉱山機械製造業"
"004","0130","07300","00000","2016000000","4","事業所数","200～299人","263繊維機械製造業"
"004","0130","07360","00000","2016000000","12","事業所数","200～299人","264生活関連産業用機械製造業"
"004","0130","07420","00000","2016000000","16","事業所数","200～299人","265基礎素材産業用機械製造業"
"004","0130","07460","00000","2016000000","39","事業所数","200～299人","266金属加工機械製造業"
"004","0130","07510","00000","2016000000","23","事業所数","200～299人","267半導体・フラットパネルディスプレイ製造装置製造業"
"004","0130","07540","00000","2016000000","26","事業所数","200～299人","269その他の生産用機械・同部分品製造業"
"004","0130","07600","00000","2016000000","85","事業所数","200～299人","27業務用機械器具製造業"
"004","0130","07610","00000","2016000000","2","事業所数","200～299人","270管理，補助的経済活動を行う事業所"
"004","0130","07640","00000","2016000000","11","事業所数","200～299人","271事務用機械器具製造業"
"004","0130","07670","00000","2016000000","11","事業所数","200～299人","272サービス用・娯楽用機械器具製造業"
"004","0130","07720","00000","2016000000","25","事業所数","200～299人","273計量器・測定器・分析機器・試験機・測量機械器具・理化学機械器具製造業"
"004","0130","07820","00000","2016000000","23","事業所数","200～299人","274医療用機械器具・医療用品製造業"
"004","0130","07870","00000","2016000000","12","事業所数","200～299人","275光学機械器具・レンズ製造業"
"004","0130","07910","00000","2016000000","1","事業所数","200～299人","276武器製造業"
"004","0130","07930","00000","2016000000","154","事業所数","200～299人","28電子部品・デバイス・電子回路製造業"
"004","0130","07940","00000","2016000000","3","事業所数","200～299人","280管理，補助的経済活動を行う事業所"
"004","0130","07970","00000","2016000000","49","事業所数","200～299人","281電子デバイス製造業"
"004","0130","08030","00000","2016000000","23","事業所数","200～299人","282電子部品製造業"
"004","0130","08070","00000","2016000000","4","事業所数","200～299人","283記録メディア製造業"
"004","0130","08100","00000","2016000000","31","事業所数","200～299人","284電子回路製造業"
"004","0130","08130","00000","2016000000","7","事業所数","200～299人","285ユニット部品製造業"
"004","0130","08160","00000","2016000000","37","事業所数","200～299人","289その他の電子部品・デバイス・電子回路製造業"
"004","0130","08180","00000","2016000000","151","事業所数","200～299人","29電気機械器具製造業"
"004","0130","08190","00000","2016000000","7","事業所数","200～299人","290管理，補助的経済活動を行う事業所"
"004","0130","08220","00000","2016000000","43","事業所数","200～299人","291発電用・送電用・配電用電気機械器具製造業"
"004","0130","08280","00000","2016000000","25","事業所数","200～299人","292産業用電気機械器具製造業"
"004","0130","08320","00000","2016000000","23","事業所数","200～299人","293民生用電気機械器具製造業"
"004","0130","08370","00000","2016000000","9","事業所数","200～299人","294電球・電気照明器具製造業"
"004","0130","08400","00000","2016000000","11","事業所数","200～299人","295電池製造業"
"004","0130","08430","00000","2016000000","12","事業所数","200～299人","296電子応用装置製造業"
"004","0130","08470","00000","2016000000","15","事業所数","200～299人","297電気計測器製造業"
"004","0130","08510","00000","2016000000","6","事業所数","200～299人","299その他の電気機械器具製造業"
"004","0130","08530","00000","2016000000","55","事業所数","200～299人","30情報通信機械器具製造業"
"004","0130","08540","00000","2016000000","3","事業所数","200～299人","300管理，補助的経済活動を行う事業所"
"004","0130","08570","00000","2016000000","30","事業所数","200～299人","301通信機械器具・同関連機械器具製造業"
"004","0130","08640","00000","2016000000","5","事業所数","200～299人","302映像・音響機械器具製造業"
"004","0130","08680","00000","2016000000","17","事業所数","200～299人","303電子計算機・同附属装置製造業"
"004","0130","08750","00000","2016000000","273","事業所数","200～299人","31輸送用機械器具製造業"
"004","0130","08760","00000","2016000000","6","事業所数","200～299人","310管理，補助的経済活動を行う事業所"
"004","0130","08790","00000","2016000000","224","事業所数","200～299人","311自動車・同附属品製造業"
"004","0130","08830","00000","2016000000","9","事業所数","200～299人","312鉄道車両・同部分品製造業"
"004","0130","08860","00000","2016000000","18","事業所数","200～299人","313船舶製造・修理業，舶用機関製造業"
"004","0130","08910","00000","2016000000","9","事業所数","200～299人","314航空機・同附属品製造業"
"004","0130","08950","00000","2016000000","3","事業所数","200～299人","315産業用運搬車両・同部分品・附属品製造業"
"004","0130","08980","00000","2016000000","4","事業所数","200～299人","319その他の輸送用機械器具製造業"
"004","0130","09010","00000","2016000000","50","事業所数","200～299人","32その他の製造業"
"004","0130","09020","00000","2016000000","1","事業所数","200～299人","320管理，補助的経済活動を行う事業所"
"004","0130","09050","00000","2016000000","2","事業所数","200～299人","321貴金属・宝石製品製造業"
"004","0130","09090","00000","2016000000","1","事業所数","200～299人","322装身具・装飾品・ボタン・同関連品製造業（貴金属・宝石製を除く）"
"004","0130","09150","00000","2016000000","2","事業所数","200～299人","323時計・同部分品製造業"
"004","0130","09170","00000","2016000000","2","事業所数","200～299人","324楽器製造業"
"004","0130","09200","00000","2016000000","6","事業所数","200～299人","325がん具・運動用具製造業"
"004","0130","09210","00000","2016000000","3","事業所数","200～299人","32Aがん具製造業"
"004","0130","09240","00000","2016000000","3","事業所数","200～299人","32B運動用具製造業"
"004","0130","09260","00000","2016000000","11","事業所数","200～299人","326ペン・鉛筆・絵画用品・その他の事務用品製造業"
"004","0130","09320","00000","2016000000","2","事業所数","200～299人","328畳等生活雑貨製品製造業"
"004","0130","09390","00000","2016000000","23","事業所数","200～299人","329他に分類されない製造業"
"004","0130","09400","00000","2016000000","2","事業所数","200～299人","32C情報記録物製造業（新聞，書籍等の印刷物を除く）"
"004","0130","09420","00000","2016000000","21","事業所数","200～299人","32D他に分類されないその他の製造業"
"004","0130","09500","00000","2016000000","62","事業所数","200～299人","F電気・ガス・熱供給・水道業"
"004","0130","09510","00000","2016000000","39","事業所数","200～299人","33電気業"
"004","0130","09520","00000","2016000000","27","事業所数","200～299人","330管理，補助的経済活動を行う事業所"
"004","0130","09530","00000","2016000000","12","事業所数","200～299人","331電気業"
"004","0130","09540","00000","2016000000","17","事業所数","200～299人","34ガス業"
"004","0130","09550","00000","2016000000","16","事業所数","200～299人","340管理，補助的経済活動を行う事業所"
"004","0130","09560","00000","2016000000","1","事業所数","200～299人","341ガス業"
"004","0130","09600","00000","2016000000","6","事業所数","200～299人","36水道業"
"004","0130","09610","00000","2016000000","2","事業所数","200～299人","360管理，補助的経済活動を行う事業所"
"004","0130","09620","00000","2016000000","2","事業所数","200～299人","361上水道業"
"004","0130","09640","00000","2016000000","2","事業所数","200～299人","363下水道業"
"004","0130","09650","00000","2016000000","463","事業所数","200～299人","G情報通信業"
"004","0130","09660","00000","2016000000","111","事業所数","200～299人","G1情報通信業（通信業，放送業，映像・音声・文字情報制作業）"
"004","0130","09670","00000","2016000000","38","事業所数","200～299人","37通信業"
"004","0130","09690","00000","2016000000","19","事業所数","200～299人","371固定電気通信業"
"004","0130","09700","00000","2016000000","7","事業所数","200～299人","372移動電気通信業"
"004","0130","09710","00000","2016000000","12","事業所数","200～299人","373電気通信に附帯するサービス業"
"004","0130","09720","00000","2016000000","15","事業所数","200～299人","38放送業"
"004","0130","09740","00000","2016000000","1","事業所数","200～299人","381公共放送業（有線放送業を除く）"
"004","0130","09750","00000","2016000000","8","事業所数","200～299人","382民間放送業（有線放送業を除く）"
"004","0130","09770","00000","2016000000","6","事業所数","200～299人","383有線放送業"
"004","0130","09780","00000","2016000000","58","事業所数","200～299人","41映像・音声・文字情報制作業"
"004","0130","09800","00000","2016000000","7","事業所数","200～299人","411映像情報制作・配給業"
"004","0130","09810","00000","2016000000","1","事業所数","200～299人","412音声情報制作業"
"004","0130","09820","00000","2016000000","26","事業所数","200～299人","413新聞業"
"004","0130","09830","00000","2016000000","18","事業所数","200～299人","414出版業"
"004","0130","09840","00000","2016000000","3","事業所数","200～299人","415広告制作業"
"004","0130","09850","00000","2016000000","3","事業所数","200～299人","416映像・音声・文字情報制作に附帯するサービス業"
"004","0130","09860","00000","2016000000","352","事業所数","200～299人","G2情報通信業（情報サービス業，インターネット附随サービス業）"
"004","0130","09870","00000","2016000000","324","事業所数","200～299人","39情報サービス業"
"004","0130","09880","00000","2016000000","2","事業所数","200～299人","390管理，補助的経済活動を行う事業所"
"004","0130","09910","00000","2016000000","268","事業所数","200～299人","391ソフトウェア業"
"004","0130","09960","00000","2016000000","54","事業所数","200～299人","392情報処理・提供サービス業"
"004","0130","09970","00000","2016000000","44","事業所数","200～299人","39A情報処理サービス業"
"004","0130","09990","00000","2016000000","2","事業所数","200～299人","39B情報提供サービス業"
"004","0130","10010","00000","2016000000","8","事業所数","200～299人","39Cその他の情報処理・提供サービス業"
"004","0130","10040","00000","2016000000","28","事業所数","200～299人","40インターネット附随サービス業"
"004","0130","10080","00000","2016000000","28","事業所数","200～299人","401インターネット附随サービス業"
"004","0130","10120","00000","2016000000","865","事業所数","200～299人","H運輸業，郵便業"
"004","0130","10130","00000","2016000000","128","事業所数","200～299人","42鉄道業"
"004","0130","10140","00000","2016000000","2","事業所数","200～299人","420管理，補助的経済活動を行う事業所"
"004","0130","10150","00000","2016000000","126","事業所数","200～299人","421鉄道業"
"004","0130","10160","00000","2016000000","243","事業所数","200～299人","43道路旅客運送業"
"004","0130","10180","00000","2016000000","73","事業所数","200～299人","431一般乗合旅客自動車運送業"
"004","0130","10190","00000","2016000000","162","事業所数","200～299人","432一般乗用旅客自動車運送業"
"004","0130","10200","00000","2016000000","6","事業所数","200～299人","433一般貸切旅客自動車運送業"
"004","0130","10210","00000","2016000000","2","事業所数","200～299人","439その他の道路旅客運送業"
"004","0130","10220","00000","2016000000","259","事業所数","200～299人","44道路貨物運送業"
"004","0130","10230","00000","2016000000","2","事業所数","200～299人","440管理，補助的経済活動を行う事業所"
"004","0130","10240","00000","2016000000","229","事業所数","200～299人","441一般貨物自動車運送業"
"004","0130","10250","00000","2016000000","10","事業所数","200～299人","442特定貨物自動車運送業"
"004","0130","10260","00000","2016000000","1","事業所数","200～299人","443貨物軽自動車運送業"
"004","0130","10270","00000","2016000000","17","事業所数","200～299人","444集配利用運送業"
"004","0130","10290","00000","2016000000","6","事業所数","200～299人","45水運業"
"004","0130","10310","00000","2016000000","2","事業所数","200～299人","451外航海運業"
"004","0130","10320","00000","2016000000","4","事業所数","200～299人","452沿海海運業"
"004","0130","10350","00000","2016000000","8","事業所数","200～299人","46航空運輸業"
"004","0130","10370","00000","2016000000","8","事業所数","200～299人","461航空運送業"
"004","0130","10390","00000","2016000000","66","事業所数","200～299人","47倉庫業"
"004","0130","10400","00000","2016000000","1","事業所数","200～299人","470管理，補助的経済活動を行う事業所"
"004","0130","10410","00000","2016000000","60","事業所数","200～299人","471倉庫業（冷蔵倉庫業を除く）"
"004","0130","10420","00000","2016000000","5","事業所数","200～299人","472冷蔵倉庫業"
"004","0130","10430","00000","2016000000","106","事業所数","200～299人","48運輸に附帯するサービス業"
"004","0130","10450","00000","2016000000","17","事業所数","200～299人","481港湾運送業"
"004","0130","10460","00000","2016000000","25","事業所数","200～299人","482貨物運送取扱業（集配利用運送業を除く）"
"004","0130","10470","00000","2016000000","2","事業所数","200～299人","483運送代理店"
"004","0130","10480","00000","2016000000","23","事業所数","200～299人","484こん包業"
"004","0130","10490","00000","2016000000","8","事業所数","200～299人","485運輸施設提供業"
"004","0130","10500","00000","2016000000","31","事業所数","200～299人","489その他の運輸に附帯するサービス業"
"004","0130","10510","00000","2016000000","49","事業所数","200～299人","49郵便業（信書便事業を含む）"
"004","0130","10520","00000","2016000000","1","事業所数","200～299人","490管理，補助的経済活動を行う事業所"
"004","0130","10530","00000","2016000000","48","事業所数","200～299人","491郵便業（信書便事業を含む）"
"004","0130","10540","00000","2016000000","1315","事業所数","200～299人","I卸売業，小売業"
"004","0130","10550","00000","2016000000","539","事業所数","200～299人","I1卸売業"
"004","0130","10560","00000","2016000000","7","事業所数","200～299人","50各種商品卸売業"
"004","0130","10610","00000","2016000000","7","事業所数","200～299人","501各種商品卸売業"
"004","0130","10620","00000","2016000000","7","事業所数","200～299人","50A各種商品卸売業（従業者が常時100人以上のもの）"
"004","0130","10660","00000","2016000000","46","事業所数","200～299人","51繊維・衣服等卸売業"
"004","0130","10670","00000","2016000000","2","事業所数","200～299人","510管理，補助的経済活動を行う事業所"
"004","0130","10710","00000","2016000000","9","事業所数","200～299人","511繊維品卸売業（衣服，身の回り品を除く）"
"004","0130","10750","00000","2016000000","21","事業所数","200～299人","512衣服卸売業"
"004","0130","10800","00000","2016000000","14","事業所数","200～299人","513身の回り品卸売業"
"004","0130","10850","00000","2016000000","99","事業所数","200～299人","52飲食料品卸売業"
"004","0130","10860","00000","2016000000","2","事業所数","200～299人","520管理，補助的経済活動を行う事業所"
"004","0130","10900","00000","2016000000","42","事業所数","200～299人","521農畜産物・水産物卸売業"
"004","0130","10910","00000","2016000000","2","事業所数","200～299人","52A米穀類卸売業"
"004","0130","10940","00000","2016000000","22","事業所数","200～299人","52B野菜・果実卸売業"
"004","0130","10970","00000","2016000000","5","事業所数","200～299人","52C食肉卸売業"
"004","0130","10990","00000","2016000000","9","事業所数","200～299人","52D生鮮魚介卸売業"
"004","0130","11010","00000","2016000000","4","事業所数","200～299人","52Eその他の農畜産物・水産物卸売業"
"004","0130","11030","00000","2016000000","55","事業所数","200～299人","522食料・飲料卸売業"
"004","0130","11120","00000","2016000000","73","事業所数","200～299人","53建築材料，鉱物・金属材料等卸売業"
"004","0130","11130","00000","2016000000","3","事業所数","200～299人","530管理，補助的経済活動を行う事業所"
"004","0130","11170","00000","2016000000","19","事業所数","200～299人","531建築材料卸売業"
"004","0130","11230","00000","2016000000","28","事業所数","200～299人","532化学製品卸売業"
"004","0130","11270","00000","2016000000","6","事業所数","200～299人","533石油・鉱物卸売業"
"004","0130","11300","00000","2016000000","10","事業所数","200～299人","534鉄鋼製品卸売業"
"004","0130","11340","00000","2016000000","3","事業所数","200～299人","535非鉄金属卸売業"
"004","0130","11370","00000","2016000000","4","事業所数","200～299人","536再生資源卸売業"
"004","0130","11430","00000","2016000000","176","事業所数","200～299人","54機械器具卸売業"
"004","0130","11440","00000","2016000000","1","事業所数","200～299人","540管理，補助的経済活動を行う事業所"
"004","0130","11480","00000","2016000000","56","事業所数","200～299人","541産業機械器具卸売業"
"004","0130","11540","00000","2016000000","14","事業所数","200～299人","542自動車卸売業"
"004","0130","11580","00000","2016000000","80","事業所数","200～299人","543電気機械器具卸売業"
"004","0130","11610","00000","2016000000","25","事業所数","200～299人","549その他の機械器具卸売業"
"004","0130","11650","00000","2016000000","138","事業所数","200～299人","55その他の卸売業"
"004","0130","11660","00000","2016000000","12","事業所数","200～299人","550管理，補助的経済活動を行う事業所"
"004","0130","11700","00000","2016000000","18","事業所数","200～299人","551家具・建具・じゅう器等卸売業"
"004","0130","11770","00000","2016000000","52","事業所数","200～299人","552医薬品・化粧品等卸売業"
"004","0130","11820","00000","2016000000","7","事業所数","200～299人","553紙・紙製品卸売業"
"004","0130","11850","00000","2016000000","49","事業所数","200～299人","559他に分類されない卸売業"
"004","0130","11860","00000","2016000000","1","事業所数","200～299人","55A代理商，仲立業"
"004","0130","11880","00000","2016000000","48","事業所数","200～299人","55B他に分類されないその他の卸売業"
"004","0130","11970","00000","2016000000","776","事業所数","200～299人","I2小売業"
"004","0130","11980","00000","2016000000","363","事業所数","200～299人","56各種商品小売業"
"004","0130","11990","00000","2016000000","6","事業所数","200～299人","560管理，補助的経済活動を行う事業所"
"004","0130","12030","00000","2016000000","357","事業所数","200～299人","561百貨店，総合スーパー"
"004","0130","12070","00000","2016000000","31","事業所数","200～299人","57織物・衣服・身の回り品小売業"
"004","0130","12080","00000","2016000000","7","事業所数","200～299人","570管理，補助的経済活動を行う事業所"
"004","0130","12150","00000","2016000000","2","事業所数","200～299人","572男子服小売業"
"004","0130","12170","00000","2016000000","21","事業所数","200～299人","573婦人・子供服小売業"
"004","0130","12230","00000","2016000000","1","事業所数","200～299人","579その他の織物・衣服・身の回り品小売業"
"004","0130","12280","00000","2016000000","216","事業所数","200～299人","58飲食料品小売業"
"004","0130","12290","00000","2016000000","20","事業所数","200～299人","580管理，補助的経済活動を行う事業所"
"004","0130","12330","00000","2016000000","153","事業所数","200～299人","581各種食料品小売業"
"004","0130","12380","00000","2016000000","3","事業所数","200～299人","583食肉小売業"
"004","0130","12410","00000","2016000000","1","事業所数","200～299人","584鮮魚小売業"
"004","0130","12450","00000","2016000000","5","事業所数","200～299人","586菓子・パン小売業"
"004","0130","12500","00000","2016000000","34","事業所数","200～299人","589その他の飲食料品小売業"
"004","0130","12510","00000","2016000000","11","事業所数","200～299人","58A料理品小売業"
"004","0130","12530","00000","2016000000","23","事業所数","200～299人","58B他に分類されない飲食料品小売業"
"004","0130","12620","00000","2016000000","34","事業所数","200～299人","59機械器具小売業"
"004","0130","12630","00000","2016000000","7","事業所数","200～299人","590管理，補助的経済活動を行う事業所"
"004","0130","12670","00000","2016000000","13","事業所数","200～299人","591自動車小売業"
"004","0130","12740","00000","2016000000","14","事業所数","200～299人","593機械器具小売業（自動車，自転車を除く）"
"004","0130","12790","00000","2016000000","84","事業所数","200～299人","60その他の小売業"
"004","0130","12800","00000","2016000000","14","事業所数","200～299人","600管理，補助的経済活動を行う事業所"
"004","0130","12840","00000","2016000000","6","事業所数","200～299人","601家具・建具・畳小売業"
"004","0130","12940","00000","2016000000","6","事業所数","200～299人","603医薬品・化粧品小売業"
"004","0130","12990","00000","2016000000","1","事業所数","200～299人","604農耕用品小売業"
"004","0130","13030","00000","2016000000","2","事業所数","200～299人","605燃料小売業"
"004","0130","13060","00000","2016000000","16","事業所数","200～299人","606書籍・文房具小売業"
"004","0130","13110","00000","2016000000","5","事業所数","200～299人","607スポーツ用品・がん具・娯楽用品・楽器小売業"
"004","0130","13140","00000","2016000000","2","事業所数","200～299人","60Bがん具・娯楽用品小売業"
"004","0130","13160","00000","2016000000","3","事業所数","200～299人","60C楽器小売業"
"004","0130","13180","00000","2016000000","2","事業所数","200～299人","608写真機・時計・眼鏡小売業"
"004","0130","13210","00000","2016000000","32","事業所数","200～299人","609他に分類されない小売業"
"004","0130","13260","00000","2016000000","2","事業所数","200～299人","60F中古品小売業（他に分類されないもの）"
"004","0130","13290","00000","2016000000","30","事業所数","200～299人","60G他に分類されないその他の小売業"
"004","0130","13350","00000","2016000000","47","事業所数","200～299人","61無店舗小売業"
"004","0130","13360","00000","2016000000","3","事業所数","200～299人","610管理，補助的経済活動を行う事業所"
"004","0130","13400","00000","2016000000","38","事業所数","200～299人","611通信販売・訪問販売小売業"
"004","0130","13460","00000","2016000000","1","事業所数","200～299人","612自動販売機による小売業"
"004","0130","13480","00000","2016000000","5","事業所数","200～299人","619その他の無店舗小売業"
"004","0130","13500","00000","2016000000","233","事業所数","200～299人","J金融業，保険業"
"004","0130","13510","00000","2016000000","46","事業所数","200～299人","62銀行業"
"004","0130","13520","00000","2016000000","2","事業所数","200～299人","620管理，補助的経済活動を行う事業所"
"004","0130","13530","00000","2016000000","1","事業所数","200～299人","621中央銀行"
"004","0130","13540","00000","2016000000","43","事業所数","200～299人","622銀行（中央銀行を除く）"
"004","0130","13560","00000","2016000000","36","事業所数","200～299人","63協同組織金融業"
"004","0130","13570","00000","2016000000","1","事業所数","200～299人","630管理，補助的経済活動を行う事業所"
"004","0130","13580","00000","2016000000","26","事業所数","200～299人","631中小企業等金融業"
"004","0130","13590","00000","2016000000","9","事業所数","200～299人","632農林水産金融業"
"004","0130","13600","00000","2016000000","40","事業所数","200～299人","64貸金業，クレジットカード業等非預金信用機関"
"004","0130","13620","00000","2016000000","11","事業所数","200～299人","641貸金業"
"004","0130","13640","00000","2016000000","22","事業所数","200～299人","643クレジットカード業，割賦金融業"
"004","0130","13650","00000","2016000000","7","事業所数","200～299人","649その他の非預金信用機関"
"004","0130","13660","00000","2016000000","18","事業所数","200～299人","65金融商品取引業，商品先物取引業"
"004","0130","13680","00000","2016000000","18","事業所数","200～299人","651金融商品取引業"
"004","0130","13700","00000","2016000000","9","事業所数","200～299人","66補助的金融業等"
"004","0130","13720","00000","2016000000","9","事業所数","200～299人","661補助的金融業，金融附帯業"
"004","0130","13750","00000","2016000000","83","事業所数","200～299人","67保険業（保険媒介代理業，保険サービス業を含む）"
"004","0130","13770","00000","2016000000","25","事業所数","200～299人","671生命保険業"
"004","0130","13780","00000","2016000000","40","事業所数","200～299人","672損害保険業"
"004","0130","13790","00000","2016000000","8","事業所数","200～299人","673共済事業，少額短期保険業"
"004","0130","13800","00000","2016000000","8","事業所数","200～299人","674保険媒介代理業"
"004","0130","13810","00000","2016000000","2","事業所数","200～299人","675保険サービス業"
"004","0130","13820","00000","2016000000","146","事業所数","200～299人","K不動産業，物品賃貸業"
"004","0130","13830","00000","2016000000","131","事業所数","200～299人","K1不動産業"
"004","0130","13840","00000","2016000000","26","事業所数","200～299人","68不動産取引業"
"004","0130","13850","00000","2016000000","1","事業所数","200～299人","680管理，補助的経済活動を行う事業所"
"004","0130","13880","00000","2016000000","14","事業所数","200～299人","681建物売買業，土地売買業"
"004","0130","13910","00000","2016000000","11","事業所数","200～299人","682不動産代理業・仲介業"
"004","0130","13930","00000","2016000000","101","事業所数","200～299人","69不動産賃貸業・管理業"
"004","0130","13970","00000","2016000000","11","事業所数","200～299人","691不動産賃貸業（貸家業，貸間業を除く）"
"004","0130","14010","00000","2016000000","10","事業所数","200～299人","692貸家業，貸間業"
"004","0130","14040","00000","2016000000","3","事業所数","200～299人","693駐車場業"
"004","0130","14060","00000","2016000000","77","事業所数","200～299人","694不動産管理業"
"004","0130","14080","00000","2016000000","15","事業所数","200～299人","K2物品賃貸業"
"004","0130","14090","00000","2016000000","15","事業所数","200～299人","70物品賃貸業"
"004","0130","14100","00000","2016000000","2","事業所数","200～299人","700管理，補助的経済活動を行う事業所"
"004","0130","14130","00000","2016000000","1","事業所数","200～299人","701各種物品賃貸業"
"004","0130","14160","00000","2016000000","8","事業所数","200～299人","702産業用機械器具賃貸業"
"004","0130","14220","00000","2016000000","1","事業所数","200～299人","704自動車賃貸業"
"004","0130","14240","00000","2016000000","1","事業所数","200～299人","705スポーツ・娯楽用品賃貸業"
"004","0130","14260","00000","2016000000","2","事業所数","200～299人","709その他の物品賃貸業"
"004","0130","14290","00000","2016000000","2","事業所数","200～299人","70B他に分類されない物品賃貸業"
"004","0130","14330","00000","2016000000","343","事業所数","200～299人","L学術研究，専門・技術サービス業"
"004","0130","14340","00000","2016000000","94","事業所数","200～299人","71学術・開発研究機関"
"004","0130","14350","00000","2016000000","1","事業所数","200～299人","710管理，補助的経済活動を行う事業所"
"004","0130","14370","00000","2016000000","93","事業所数","200～299人","711自然科学研究所"
"004","0130","14440","00000","2016000000","81","事業所数","200～299人","72専門サービス業（他に分類されないもの）"
"004","0130","14450","00000","2016000000","1","事業所数","200～299人","720管理，補助的経済活動を行う事業所"
"004","0130","14470","00000","2016000000","6","事業所数","200～299人","721法律事務所，特許事務所"
"004","0130","14480","00000","2016000000","4","事業所数","200～299人","72A法律事務所"
"004","0130","14500","00000","2016000000","2","事業所数","200～299人","72B特許事務所"
"004","0130","14570","00000","2016000000","6","事業所数","200～299人","724公認会計士事務所，税理士事務所"
"004","0130","14580","00000","2016000000","4","事業所数","200～299人","72C公認会計士事務所"
"004","0130","14600","00000","2016000000","2","事業所数","200～299人","72D税理士事務所"
"004","0130","14640","00000","2016000000","6","事業所数","200～299人","726デザイン業"
"004","0130","14690","00000","2016000000","37","事業所数","200～299人","728経営コンサルタント業，純粋持株会社"
"004","0130","14700","00000","2016000000","28","事業所数","200～299人","72E経営コンサルタント業"
"004","0130","14720","00000","2016000000","9","事業所数","200～299人","72F純粋持株会社"
"004","0130","14740","00000","2016000000","25","事業所数","200～299人","729その他の専門サービス業"
"004","0130","14770","00000","2016000000","25","事業所数","200～299人","72H他に分類されない専門サービス業"
"004","0130","14820","00000","2016000000","28","事業所数","200～299人","73広告業"
"004","0130","14860","00000","2016000000","28","事業所数","200～299人","731広告業"
"004","0130","14880","00000","2016000000","140","事業所数","200～299人","74技術サービス業（他に分類されないもの）"
"004","0130","14890","00000","2016000000","1","事業所数","200～299人","740管理，補助的経済活動を行う事業所"
"004","0130","14930","00000","2016000000","36","事業所数","200～299人","742土木建築サービス業"
"004","0130","14940","00000","2016000000","30","事業所数","200～299人","74A建築設計業"
"004","0130","14960","00000","2016000000","4","事業所数","200～299人","74B測量業"
"004","0130","14980","00000","2016000000","2","事業所数","200～299人","74Cその他の土木建築サービス業"
"004","0130","15000","00000","2016000000","55","事業所数","200～299人","743機械設計業"
"004","0130","15020","00000","2016000000","11","事業所数","200～299人","744商品・非破壊検査業"
"004","0130","15050","00000","2016000000","9","事業所数","200～299人","745計量証明業"
"004","0130","15090","00000","2016000000","3","事業所数","200～299人","746写真業"
"004","0130","15120","00000","2016000000","25","事業所数","200～299人","749その他の技術サービス業"
"004","0130","15140","00000","2016000000","250","事業所数","200～299人","M宿泊業，飲食サービス業"
"004","0130","15150","00000","2016000000","139","事業所数","200～299人","M1宿泊業"
"004","0130","15160","00000","2016000000","139","事業所数","200～299人","75宿泊業"
"004","0130","15170","00000","2016000000","1","事業所数","200～299人","750管理，補助的経済活動を行う事業所"
"004","0130","15200","00000","2016000000","132","事業所数","200～299人","751旅館，ホテル"
"004","0130","15260","00000","2016000000","6","事業所数","200～299人","759その他の宿泊業"
"004","0130","15290","00000","2016000000","6","事業所数","200～299人","75B他に分類されない宿泊業"
"004","0130","15320","00000","2016000000","111","事業所数","200～299人","M2飲食店，持ち帰り・配達飲食サービス業"
"004","0130","15330","00000","2016000000","64","事業所数","200～299人","76飲食店"
"004","0130","15340","00000","2016000000","7","事業所数","200～299人","760管理，補助的経済活動を行う事業所"
"004","0130","15370","00000","2016000000","18","事業所数","200～299人","761食堂，レストラン（専門料理店を除く）"
"004","0130","15390","00000","2016000000","22","事業所数","200～299人","762専門料理店"
"004","0130","15400","00000","2016000000","4","事業所数","200～299人","76A日本料理店"
"004","0130","15420","00000","2016000000","6","事業所数","200～299人","76B中華料理店"
"004","0130","15450","00000","2016000000","2","事業所数","200～299人","76C焼肉店"
"004","0130","15470","00000","2016000000","10","事業所数","200～299人","76Dその他の専門料理店"
"004","0130","15540","00000","2016000000","13","事業所数","200～299人","765酒場，ビヤホール"
"004","0130","15580","00000","2016000000","2","事業所数","200～299人","767喫茶店"
"004","0130","15600","00000","2016000000","2","事業所数","200～299人","769その他の飲食店"
"004","0130","15610","00000","2016000000","1","事業所数","200～299人","76Eハンバーガー店"
"004","0130","15650","00000","2016000000","1","事業所数","200～299人","76G他に分類されない飲食店"
"004","0130","15670","00000","2016000000","47","事業所数","200～299人","77持ち帰り・配達飲食サービス業"
"004","0130","15680","00000","2016000000","2","事業所数","200～299人","770管理，補助的経済活動を行う事業所"
"004","0130","15710","00000","2016000000","4","事業所数","200～299人","771持ち帰り飲食サービス業"
"004","0130","15730","00000","2016000000","41","事業所数","200～299人","772配達飲食サービス業"
"004","0130","15750","00000","2016000000","122","事業所数","200～299人","N生活関連サービス業，娯楽業"
"004","0130","15760","00000","2016000000","30","事業所数","200～299人","78洗濯・理容・美容・浴場業"
"004","0130","15800","00000","2016000000","24","事業所数","200～299人","781洗濯業"
"004","0130","15810","00000","2016000000","6","事業所数","200～299人","78A普通洗濯業"
"004","0130","15840","00000","2016000000","18","事業所数","200～299人","78Bリネンサプライ業"
"004","0130","15880","00000","2016000000","2","事業所数","200～299人","783美容業"
"004","0130","15920","00000","2016000000","3","事業所数","200～299人","785その他の公衆浴場業"
"004","0130","15940","00000","2016000000","1","事業所数","200～299人","789その他の洗濯・理容・美容・浴場業"
"004","0130","16000","00000","2016000000","33","事業所数","200～299人","79その他の生活関連サービス業"
"004","0130","16040","00000","2016000000","11","事業所数","200～299人","791旅行業"
"004","0130","16070","00000","2016000000","1","事業所数","200～299人","793衣服裁縫修理業"
"004","0130","16090","00000","2016000000","1","事業所数","200～299人","794物品預り業"
"004","0130","16140","00000","2016000000","13","事業所数","200～299人","796冠婚葬祭業"
"004","0130","16150","00000","2016000000","2","事業所数","200～299人","79A葬儀業"
"004","0130","16170","00000","2016000000","11","事業所数","200～299人","79B結婚式場業"
"004","0130","16210","00000","2016000000","7","事業所数","200～299人","799他に分類されない生活関連サービス業"
"004","0130","16220","00000","2016000000","1","事業所数","200～299人","79D写真プリント，現像・焼付業"
"004","0130","16240","00000","2016000000","6","事業所数","200～299人","79E他に分類されないその他の生活関連サービス業"
"004","0130","16280","00000","2016000000","59","事業所数","200～299人","80娯楽業"
"004","0130","16290","00000","2016000000","2","事業所数","200～299人","800管理，補助的経済活動を行う事業所"
"004","0130","16320","00000","2016000000","2","事業所数","200～299人","801映画館"
"004","0130","16340","00000","2016000000","4","事業所数","200～299人","802興行場（別掲を除く），興行団"
"004","0130","16400","00000","2016000000","1","事業所数","200～299人","803競輪・競馬等の競走場，競技団"
"004","0130","16470","00000","2016000000","16","事業所数","200～299人","804スポーツ施設提供業"
"004","0130","16480","00000","2016000000","1","事業所数","200～299人","80Aスポーツ施設提供業（別掲を除く）"
"004","0130","16520","00000","2016000000","10","事業所数","200～299人","80Cゴルフ場"
"004","0130","16620","00000","2016000000","5","事業所数","200～299人","80Hフィットネスクラブ"
"004","0130","16640","00000","2016000000","10","事業所数","200～299人","805公園，遊園地"
"004","0130","16680","00000","2016000000","17","事業所数","200～299人","806遊戯場"
"004","0130","16710","00000","2016000000","16","事業所数","200～299人","80Kパチンコホール"
"004","0130","16730","00000","2016000000","1","事業所数","200～299人","80Lゲームセンター"
"004","0130","16790","00000","2016000000","7","事業所数","200～299人","809その他の娯楽業"
"004","0130","16800","00000","2016000000","1","事業所数","200～299人","80Nカラオケボックス業"
"004","0130","16820","00000","2016000000","6","事業所数","200～299人","80P他に分類されない娯楽業"
"004","0130","16890","00000","2016000000","251","事業所数","200～299人","O教育，学習支援業"
"004","0130","16900","00000","2016000000","205","事業所数","200～299人","O1教育，学習支援業（学校教育）"
"004","0130","16910","00000","2016000000","205","事業所数","200～299人","81学校教育"
"004","0130","16920","00000","2016000000","2","事業所数","200～299人","810管理，補助的経済活動を行う事業所"
"004","0130","17020","00000","2016000000","9","事業所数","200～299人","814高等学校，中等教育学校"
"004","0130","17070","00000","2016000000","179","事業所数","200～299人","816高等教育機関"
"004","0130","17110","00000","2016000000","15","事業所数","200～299人","817専修学校，各種学校"
"004","0130","17160","00000","2016000000","46","事業所数","200～299人","O2教育，学習支援業（その他の教育，学習支援業）"
"004","0130","17170","00000","2016000000","46","事業所数","200～299人","82その他の教育，学習支援業"
"004","0130","17180","00000","2016000000","3","事業所数","200～299人","820管理，補助的経済活動を行う事業所"
"004","0130","17210","00000","2016000000","7","事業所数","200～299人","821社会教育"
"004","0130","17240","00000","2016000000","1","事業所数","200～299人","82B図書館"
"004","0130","17260","00000","2016000000","3","事業所数","200～299人","82C博物館，美術館"
"004","0130","17280","00000","2016000000","3","事業所数","200～299人","82D動物園，植物園，水族館"
"004","0130","17340","00000","2016000000","12","事業所数","200～299人","822職業・教育支援施設"
"004","0130","17380","00000","2016000000","11","事業所数","200～299人","823学習塾"
"004","0130","17400","00000","2016000000","11","事業所数","200～299人","824教養・技能教授業"
"004","0130","17410","00000","2016000000","2","事業所数","200～299人","82F音楽教授業"
"004","0130","17430","00000","2016000000","1","事業所数","200～299人","82G書道教授業"
"004","0130","17490","00000","2016000000","1","事業所数","200～299人","82K外国語会話教授業"
"004","0130","17530","00000","2016000000","7","事業所数","200～299人","82Mその他の教養・技能教授業"
"004","0130","17550","00000","2016000000","2","事業所数","200～299人","829他に分類されない教育，学習支援業"
"004","0130","17570","00000","2016000000","1544","事業所数","200～299人","P医療，福祉"
"004","0130","17580","00000","2016000000","1353","事業所数","200～299人","83医療業"
"004","0130","17620","00000","2016000000","1297","事業所数","200～299人","831病院"
"004","0130","17650","00000","2016000000","32","事業所数","200～299人","832一般診療所"
"004","0130","17680","00000","2016000000","2","事業所数","200～299人","833歯科診療所"
"004","0130","17700","00000","2016000000","2","事業所数","200～299人","834助産・看護業"
"004","0130","17730","00000","2016000000","2","事業所数","200～299人","83B看護業"
"004","0130","17750","00000","2016000000","1","事業所数","200～299人","835療術業"
"004","0130","17780","00000","2016000000","19","事業所数","200～299人","836医療に附帯するサービス業"
"004","0130","17790","00000","2016000000","1","事業所数","200～299人","83C歯科技工所"
"004","0130","17810","00000","2016000000","18","事業所数","200～299人","83Dその他の医療に附帯するサービス業"
"004","0130","17830","00000","2016000000","19","事業所数","200～299人","84保健衛生"
"004","0130","17870","00000","2016000000","19","事業所数","200～299人","842健康相談施設"
"004","0130","17960","00000","2016000000","170","事業所数","200～299人","85社会保険・社会福祉・介護事業"
"004","0130","17970","00000","2016000000","5","事業所数","200～299人","850管理，補助的経済活動を行う事業所"
"004","0130","18000","00000","2016000000","23","事業所数","200～299人","851社会保険事業団体"
"004","0130","18020","00000","2016000000","19","事業所数","200～299人","853児童福祉事業"
"004","0130","18030","00000","2016000000","2","事業所数","200～299人","85A保育所"
"004","0130","18050","00000","2016000000","17","事業所数","200～299人","85Bその他の児童福祉事業"
"004","0130","18070","00000","2016000000","93","事業所数","200～299人","854老人福祉・介護事業"
"004","0130","18080","00000","2016000000","45","事業所数","200～299人","85C特別養護老人ホーム"
"004","0130","18100","00000","2016000000","22","事業所数","200～299人","85D介護老人保健施設"
"004","0130","18120","00000","2016000000","3","事業所数","200～299人","85E通所・短期入所介護事業"
"004","0130","18140","00000","2016000000","10","事業所数","200～299人","85F訪問介護事業"
"004","0130","18160","00000","2016000000","2","事業所数","200～299人","85G認知症老人グループホーム"
"004","0130","18180","00000","2016000000","9","事業所数","200～299人","85H有料老人ホーム"
"004","0130","18200","00000","2016000000","2","事業所数","200～299人","85Jその他の老人福祉・介護事業"
"004","0130","18220","00000","2016000000","23","事業所数","200～299人","855障害者福祉事業"
"004","0130","18250","00000","2016000000","7","事業所数","200～299人","859その他の社会保険・社会福祉・介護事業"
"004","0130","18280","00000","2016000000","7","事業所数","200～299人","85L他に分類されない社会保険・社会福祉・介護事業"
"004","0130","18300","00000","2016000000","192","事業所数","200～299人","Q複合サービス事業"
"004","0130","18310","00000","2016000000","165","事業所数","200～299人","Q1複合サービス事業（郵便局）"
"004","0130","18320","00000","2016000000","165","事業所数","200～299人","86郵便局"
"004","0130","18330","00000","2016000000","1","事業所数","200～299人","860管理，補助的経済活動を行う事業所"
"004","0130","18340","00000","2016000000","164","事業所数","200～299人","861郵便局"
"004","0130","18370","00000","2016000000","27","事業所数","200～299人","Q2複合サービス事業（協同組合）"
"004","0130","18380","00000","2016000000","27","事業所数","200～299人","87協同組合（他に分類されないもの）"
"004","0130","18390","00000","2016000000","1","事業所数","200～299人","870管理，補助的経済活動を行う事業所"
"004","0130","18410","00000","2016000000","26","事業所数","200～299人","871農林水産業協同組合（他に分類されないもの）"
"004","0130","18480","00000","2016000000","1454","事業所数","200～299人","Rサービス業（他に分類されないもの）"
"004","0130","18490","00000","2016000000","35","事業所数","200～299人","R1サービス業（政治・経済・文化団体，宗教）"
"004","0130","18500","00000","2016000000","26","事業所数","200～299人","93政治・経済・文化団体"
"004","0130","18510","00000","2016000000","7","事業所数","200～299人","931経済団体"
"004","0130","18520","00000","2016000000","12","事業所数","200～299人","932労働団体"
"004","0130","18550","00000","2016000000","7","事業所数","200～299人","939他に分類されない非営利的団体"
"004","0130","18560","00000","2016000000","9","事業所数","200～299人","94宗教"
"004","0130","18570","00000","2016000000","3","事業所数","200～299人","941神道系宗教"
"004","0130","18580","00000","2016000000","4","事業所数","200～299人","942仏教系宗教"
"004","0130","18600","00000","2016000000","2","事業所数","200～299人","949その他の宗教"
"004","0130","18610","00000","2016000000","1419","事業所数","200～299人","R2サービス業（政治・経済・文化団体，宗教を除く）"
"004","0130","18620","00000","2016000000","17","事業所数","200～299人","88廃棄物処理業"
"004","0130","18630","00000","2016000000","1","事業所数","200～299人","880管理，補助的経済活動を行う事業所"
"004","0130","18660","00000","2016000000","9","事業所数","200～299人","881一般廃棄物処理業"
"004","0130","18730","00000","2016000000","6","事業所数","200～299人","882産業廃棄物処理業"
"004","0130","18780","00000","2016000000","1","事業所数","200～299人","889その他の廃棄物処理業"
"004","0130","18810","00000","2016000000","4","事業所数","200～299人","89自動車整備業"
"004","0130","18840","00000","2016000000","4","事業所数","200～299人","891自動車整備業"
"004","0130","18870","00000","2016000000","29","事業所数","200～299人","90機械等修理業（別掲を除く）"
"004","0130","18910","00000","2016000000","21","事業所数","200～299人","901機械修理業（電気機械器具を除く）"
"004","0130","18940","00000","2016000000","5","事業所数","200～299人","902電気機械器具修理業"
"004","0130","18980","00000","2016000000","3","事業所数","200～299人","909その他の修理業"
"004","0130","19040","00000","2016000000","452","事業所数","200～299人","91職業紹介・労働者派遣業"
"004","0130","19080","00000","2016000000","13","事業所数","200～299人","911職業紹介業"
"004","0130","19100","00000","2016000000","439","事業所数","200～299人","912労働者派遣業"
"004","0130","19120","00000","2016000000","913","事業所数","200～299人","92その他の事業サービス業"
"004","0130","19130","00000","2016000000","3","事業所数","200～299人","920管理，補助的経済活動を行う事業所"
"004","0130","19160","00000","2016000000","2","事業所数","200～299人","921速記・ワープロ入力・複写業"
"004","0130","19190","00000","2016000000","444","事業所数","200～299人","922建物サービス業"
"004","0130","19220","00000","2016000000","154","事業所数","200～299人","923警備業"
"004","0130","19240","00000","2016000000","310","事業所数","200～299人","929他に分類されない事業サービス業"
"004","0130","19300","00000","2016000000","3","事業所数","200～299人","95その他のサービス業"
"004","0130","19330","00000","2016000000","1","事業所数","200～299人","951集会場"
"004","0130","19370","00000","2016000000","2","事業所数","200～299人","959他に分類されないサービス業"
"004","0140","00010","00000","2016000000","6470","事業所数","300～499人","A～R全産業（Ｓ公務を除く）"
"004","0140","00020","00000","2016000000","2","事業所数","300～499人","A～B農林漁業"
"004","0140","00030","00000","2016000000","2","事業所数","300～499人","A農業，林業"
"004","0140","00040","00000","2016000000","2","事業所数","300～499人","01農業"
"004","0140","00080","00000","2016000000","2","事業所数","300～499人","011耕種農業"
"004","0140","00800","00000","2016000000","6468","事業所数","300～499人","C～R非農林漁業（Ｓ公務を除く）"
"004","0140","00810","00000","2016000000","2","事業所数","300～499人","C鉱業，採石業，砂利採取業"
"004","0140","00820","00000","2016000000","2","事業所数","300～499人","05鉱業，採石業，砂利採取業"
"004","0140","00910","00000","2016000000","1","事業所数","300～499人","052石炭・亜炭鉱業"
"004","0140","01070","00000","2016000000","1","事業所数","300～499人","055窯業原料用鉱物鉱業（耐火物・陶磁器・ガラス・セメント原料用に限る）"
"004","0140","01220","00000","2016000000","131","事業所数","300～499人","D建設業"
"004","0140","01230","00000","2016000000","74","事業所数","300～499人","06総合工事業"
"004","0140","01240","00000","2016000000","1","事業所数","300～499人","060管理，補助的経済活動を行う事業所"
"004","0140","01250","00000","2016000000","26","事業所数","300～499人","061一般土木建築工事業"
"004","0140","01260","00000","2016000000","1","事業所数","300～499人","062土木工事業（舗装工事業を除く）"
"004","0140","01280","00000","2016000000","37","事業所数","300～499人","064建築工事業（木造建築工事業を除く)"
"004","0140","01290","00000","2016000000","4","事業所数","300～499人","065木造建築工事業"
"004","0140","01300","00000","2016000000","5","事業所数","300～499人","066建築リフォーム工事業"
"004","0140","01310","00000","2016000000","6","事業所数","300～499人","07職別工事業（設備工事業を除く）"
"004","0140","01320","00000","2016000000","1","事業所数","300～499人","070管理，補助的経済活動を行う事業所"
"004","0140","01360","00000","2016000000","1","事業所数","300～499人","074石工・れんが・タイル・ブロック工事業"
"004","0140","01390","00000","2016000000","1","事業所数","300～499人","077塗装工事業"
"004","0140","01400","00000","2016000000","2","事業所数","300～499人","078床・内装工事業"
"004","0140","01410","00000","2016000000","1","事業所数","300～499人","079その他の職別工事業"
"004","0140","01420","00000","2016000000","51","事業所数","300～499人","08設備工事業"
"004","0140","01430","00000","2016000000","1","事業所数","300～499人","080管理，補助的経済活動を行う事業所"
"004","0140","01440","00000","2016000000","14","事業所数","300～499人","081電気工事業"
"004","0140","01450","00000","2016000000","12","事業所数","300～499人","082電気通信・信号装置工事業"
"004","0140","01460","00000","2016000000","9","事業所数","300～499人","083管工事業（さく井工事業を除く）"
"004","0140","01470","00000","2016000000","14","事業所数","300～499人","084機械器具設置工事業"
"004","0140","01480","00000","2016000000","1","事業所数","300～499人","089その他の設備工事業"
"004","0140","01490","00000","2016000000","1704","事業所数","300～499人","E製造業"
"004","0140","01500","00000","2016000000","353","事業所数","300～499人","09食料品製造業"
"004","0140","01510","00000","2016000000","6","事業所数","300～499人","090管理，補助的経済活動を行う事業所"
"004","0140","01540","00000","2016000000","63","事業所数","300～499人","091畜産食料品製造業"
"004","0140","01600","00000","2016000000","13","事業所数","300～499人","092水産食料品製造業"
"004","0140","01680","00000","2016000000","2","事業所数","300～499人","093野菜缶詰・果実缶詰・農産保存食料品製造業"
"004","0140","01710","00000","2016000000","10","事業所数","300～499人","094調味料製造業"
"004","0140","01770","00000","2016000000","1","事業所数","300～499人","095糖類製造業"
"004","0140","01850","00000","2016000000","80","事業所数","300～499人","097パン・菓子製造業"
"004","0140","01910","00000","2016000000","5","事業所数","300～499人","098動植物油脂製造業"
"004","0140","01940","00000","2016000000","173","事業所数","300～499人","099その他の食料品製造業"
"004","0140","02040","00000","2016000000","15","事業所数","300～499人","10飲料・たばこ・飼料製造業"
"004","0140","02050","00000","2016000000","1","事業所数","300～499人","100管理，補助的経済活動を行う事業所"
"004","0140","02080","00000","2016000000","10","事業所数","300～499人","101清涼飲料製造業"
"004","0140","02150","00000","2016000000","1","事業所数","300～499人","103茶・コーヒー製造業（清涼飲料を除く）"
"004","0140","02200","00000","2016000000","3","事業所数","300～499人","105たばこ製造業"
"004","0140","02280","00000","2016000000","20","事業所数","300～499人","11繊維工業"
"004","0140","02320","00000","2016000000","7","事業所数","300～499人","111製糸業，紡績業，化学繊維・ねん糸等製造業"
"004","0140","02420","00000","2016000000","1","事業所数","300～499人","112織物業"
"004","0140","02530","00000","2016000000","2","事業所数","300～499人","114染色整理業"
"004","0140","02620","00000","2016000000","4","事業所数","300～499人","115綱・網・レース・繊維粗製品製造業"
"004","0140","02720","00000","2016000000","4","事業所数","300～499人","116外衣・シャツ製造業（和式を除く）"
"004","0140","02820","00000","2016000000","1","事業所数","300～499人","117下着類製造業"
"004","0140","02950","00000","2016000000","1","事業所数","300～499人","119その他の繊維製品製造業"
"004","0140","03050","00000","2016000000","6","事業所数","300～499人","12木材・木製品製造業（家具を除く）"
"004","0140","03090","00000","2016000000","2","事業所数","300～499人","121製材業，木製品製造業"
"004","0140","03140","00000","2016000000","4","事業所数","300～499人","122造作材・合板・建築用組立材料製造業"
"004","0140","03310","00000","2016000000","11","事業所数","300～499人","13家具・装備品製造業"
"004","0140","03320","00000","2016000000","1","事業所数","300～499人","130管理，補助的経済活動を行う事業所"
"004","0140","03350","00000","2016000000","5","事業所数","300～499人","131家具製造業"
"004","0140","03410","00000","2016000000","2","事業所数","300～499人","133建具製造業"
"004","0140","03430","00000","2016000000","3","事業所数","300～499人","139その他の家具・装備品製造業"
"004","0140","03480","00000","2016000000","23","事業所数","300～499人","14パルプ・紙・紙加工品製造業"
"004","0140","03490","00000","2016000000","1","事業所数","300～499人","140管理，補助的経済活動を行う事業所"
"004","0140","03540","00000","2016000000","8","事業所数","300～499人","142紙製造業"
"004","0140","03580","00000","2016000000","4","事業所数","300～499人","143加工紙製造業"
"004","0140","03620","00000","2016000000","2","事業所数","300～499人","144紙製品製造業"
"004","0140","03660","00000","2016000000","5","事業所数","300～499人","145紙製容器製造業"
"004","0140","03710","00000","2016000000","3","事業所数","300～499人","149その他のパルプ・紙・紙加工品製造業"
"004","0140","03730","00000","2016000000","39","事業所数","300～499人","15印刷・同関連業"
"004","0140","03740","00000","2016000000","1","事業所数","300～499人","150管理，補助的経済活動を行う事業所"
"004","0140","03770","00000","2016000000","37","事業所数","300～499人","151印刷業"
"004","0140","03830","00000","2016000000","1","事業所数","300～499人","153製本業，印刷物加工業"
"004","0140","03880","00000","2016000000","145","事業所数","300～499人","16化学工業"
"004","0140","03890","00000","2016000000","13","事業所数","300～499人","160管理，補助的経済活動を行う事業所"
"004","0140","03960","00000","2016000000","3","事業所数","300～499人","162無機化学工業製品製造業"
"004","0140","04020","00000","2016000000","30","事業所数","300～499人","163有機化学工業製品製造業"
"004","0140","04100","00000","2016000000","7","事業所数","300～499人","164油脂加工製品・石けん・合成洗剤・界面活性剤・塗料製造業"
"004","0140","04180","00000","2016000000","69","事業所数","300～499人","165医薬品製造業"
"004","0140","04240","00000","2016000000","5","事業所数","300～499人","166化粧品・歯磨・その他の化粧用調整品製造業"
"004","0140","04280","00000","2016000000","18","事業所数","300～499人","169その他の化学工業"
"004","0140","04370","00000","2016000000","13","事業所数","300～499人","17石油製品・石炭製品製造業"
"004","0140","04410","00000","2016000000","11","事業所数","300～499人","171石油精製業"
"004","0140","04450","00000","2016000000","2","事業所数","300～499人","173コークス製造業"
"004","0140","04510","00000","2016000000","76","事業所数","300～499人","18プラスチック製品製造業（別掲を除く）"
"004","0140","04550","00000","2016000000","2","事業所数","300～499人","181プラスチック板・棒・管・継手・異形押出製品製造業"
"004","0140","04610","00000","2016000000","23","事業所数","300～499人","182プラスチックフィルム・シート・床材・合成皮革製造業"
"004","0140","04670","00000","2016000000","24","事業所数","300～499人","183工業用プラスチック製品製造業"
"004","0140","04720","00000","2016000000","2","事業所数","300～499人","184発泡・強化プラスチック製品製造業"
"004","0140","04810","00000","2016000000","25","事業所数","300～499人","189その他のプラスチック製品製造業"
"004","0140","04860","00000","2016000000","32","事業所数","300～499人","19ゴム製品製造業"
"004","0140","04870","00000","2016000000","1","事業所数","300～499人","190管理，補助的経済活動を行う事業所"
"004","0140","04900","00000","2016000000","4","事業所数","300～499人","191タイヤ・チューブ製造業"
"004","0140","04930","00000","2016000000","1","事業所数","300～499人","192ゴム製・プラスチック製履物・同附属品製造業"
"004","0140","04960","00000","2016000000","26","事業所数","300～499人","193ゴムベルト・ゴムホース・工業用ゴム製品製造業"
"004","0140","05300","00000","2016000000","35","事業所数","300～499人","21窯業・土石製品製造業"
"004","0140","05310","00000","2016000000","3","事業所数","300～499人","210管理，補助的経済活動を行う事業所"
"004","0140","05340","00000","2016000000","19","事業所数","300～499人","211ガラス・同製品製造業"
"004","0140","05430","00000","2016000000","3","事業所数","300～499人","212セメント・同製品製造業"
"004","0140","05520","00000","2016000000","3","事業所数","300～499人","214陶磁器・同関連製品製造業"
"004","0140","05620","00000","2016000000","1","事業所数","300～499人","215耐火物製造業"
"004","0140","05660","00000","2016000000","5","事業所数","300～499人","216炭素・黒鉛製品製造業"
"004","0140","05810","00000","2016000000","1","事業所数","300～499人","219その他の窯業・土石製品製造業"
"004","0140","05870","00000","2016000000","46","事業所数","300～499人","22鉄鋼業"
"004","0140","05880","00000","2016000000","1","事業所数","300～499人","220管理，補助的経済活動を行う事業所"
"004","0140","05910","00000","2016000000","1","事業所数","300～499人","221製鉄業"
"004","0140","05950","00000","2016000000","10","事業所数","300～499人","222製鋼・製鋼圧延業"
"004","0140","05970","00000","2016000000","8","事業所数","300～499人","223製鋼を行わない鋼材製造業（表面処理鋼材を除く）"
"004","0140","06070","00000","2016000000","1","事業所数","300～499人","224表面処理鋼材製造業"
"004","0140","06100","00000","2016000000","17","事業所数","300～499人","225鉄素形材製造業"
"004","0140","06160","00000","2016000000","8","事業所数","300～499人","229その他の鉄鋼業"
"004","0140","06210","00000","2016000000","46","事業所数","300～499人","23非鉄金属製造業"
"004","0140","06220","00000","2016000000","1","事業所数","300～499人","230管理，補助的経済活動を行う事業所"
"004","0140","06250","00000","2016000000","9","事業所数","300～499人","231非鉄金属第１次製錬・精製業"
"004","0140","06290","00000","2016000000","3","事業所数","300～499人","232非鉄金属第２次製錬・精製業（非鉄金属合金製造業を含む）"
"004","0140","06330","00000","2016000000","10","事業所数","300～499人","233非鉄金属・同合金圧延業（抽伸，押出しを含む）"
"004","0140","06370","00000","2016000000","4","事業所数","300～499人","234電線・ケーブル製造業"
"004","0140","06400","00000","2016000000","8","事業所数","300～499人","235非鉄金属素形材製造業"
"004","0140","06460","00000","2016000000","11","事業所数","300～499人","239その他の非鉄金属製造業"
"004","0140","06490","00000","2016000000","48","事業所数","300～499人","24金属製品製造業"
"004","0140","06500","00000","2016000000","1","事業所数","300～499人","240管理，補助的経済活動を行う事業所"
"004","0140","06530","00000","2016000000","2","事業所数","300～499人","241ブリキ缶・その他のめっき板等製品製造業"
"004","0140","06550","00000","2016000000","2","事業所数","300～499人","242洋食器・刃物・手道具・金物類製造業"
"004","0140","06630","00000","2016000000","7","事業所数","300～499人","243暖房・調理等装置，配管工事用附属品製造業"
"004","0140","06680","00000","2016000000","13","事業所数","300～499人","244建設用・建築用金属製品製造業（製缶板金業を含む)"
"004","0140","06750","00000","2016000000","8","事業所数","300～499人","245金属素形材製品製造業"
"004","0140","06790","00000","2016000000","2","事業所数","300～499人","246金属被覆・彫刻業，熱処理業（ほうろう鉄器を除く）"
"004","0140","06860","00000","2016000000","1","事業所数","300～499人","247金属線製品製造業（ねじ類を除く)"
"004","0140","06890","00000","2016000000","5","事業所数","300～499人","248ボルト・ナット・リベット・小ねじ・木ねじ等製造業"
"004","0140","06910","00000","2016000000","7","事業所数","300～499人","249その他の金属製品製造業"
"004","0140","06950","00000","2016000000","82","事業所数","300～499人","25はん用機械器具製造業"
"004","0140","06960","00000","2016000000","1","事業所数","300～499人","250管理，補助的経済活動を行う事業所"
"004","0140","06990","00000","2016000000","8","事業所数","300～499人","251ボイラ・原動機製造業"
"004","0140","07040","00000","2016000000","25","事業所数","300～499人","252ポンプ・圧縮機器製造業"
"004","0140","07080","00000","2016000000","22","事業所数","300～499人","253一般産業用機械・装置製造業"
"004","0140","07140","00000","2016000000","26","事業所数","300～499人","259その他のはん用機械・同部分品製造業"
"004","0140","07220","00000","2016000000","100","事業所数","300～499人","26生産用機械器具製造業"
"004","0140","07230","00000","2016000000","1","事業所数","300～499人","260管理，補助的経済活動を行う事業所"
"004","0140","07260","00000","2016000000","8","事業所数","300～499人","261農業用機械製造業（農業用器具を除く）"
"004","0140","07280","00000","2016000000","6","事業所数","300～499人","262建設機械・鉱山機械製造業"
"004","0140","07300","00000","2016000000","1","事業所数","300～499人","263繊維機械製造業"
"004","0140","07360","00000","2016000000","9","事業所数","300～499人","264生活関連産業用機械製造業"
"004","0140","07420","00000","2016000000","7","事業所数","300～499人","265基礎素材産業用機械製造業"
"004","0140","07460","00000","2016000000","30","事業所数","300～499人","266金属加工機械製造業"
"004","0140","07510","00000","2016000000","14","事業所数","300～499人","267半導体・フラットパネルディスプレイ製造装置製造業"
"004","0140","07540","00000","2016000000","24","事業所数","300～499人","269その他の生産用機械・同部分品製造業"
"004","0140","07600","00000","2016000000","53","事業所数","300～499人","27業務用機械器具製造業"
"004","0140","07610","00000","2016000000","2","事業所数","300～499人","270管理，補助的経済活動を行う事業所"
"004","0140","07640","00000","2016000000","6","事業所数","300～499人","271事務用機械器具製造業"
"004","0140","07670","00000","2016000000","10","事業所数","300～499人","272サービス用・娯楽用機械器具製造業"
"004","0140","07720","00000","2016000000","13","事業所数","300～499人","273計量器・測定器・分析機器・試験機・測量機械器具・理化学機械器具製造業"
"004","0140","07820","00000","2016000000","14","事業所数","300～499人","274医療用機械器具・医療用品製造業"
"004","0140","07870","00000","2016000000","5","事業所数","300～499人","275光学機械器具・レンズ製造業"
"004","0140","07910","00000","2016000000","3","事業所数","300～499人","276武器製造業"
"004","0140","07930","00000","2016000000","139","事業所数","300～499人","28電子部品・デバイス・電子回路製造業"
"004","0140","07940","00000","2016000000","3","事業所数","300～499人","280管理，補助的経済活動を行う事業所"
"004","0140","07970","00000","2016000000","44","事業所数","300～499人","281電子デバイス製造業"
"004","0140","08030","00000","2016000000","32","事業所数","300～499人","282電子部品製造業"
"004","0140","08070","00000","2016000000","6","事業所数","300～499人","283記録メディア製造業"
"004","0140","08100","00000","2016000000","20","事業所数","300～499人","284電子回路製造業"
"004","0140","08130","00000","2016000000","6","事業所数","300～499人","285ユニット部品製造業"
"004","0140","08160","00000","2016000000","28","事業所数","300～499人","289その他の電子部品・デバイス・電子回路製造業"
"004","0140","08180","00000","2016000000","144","事業所数","300～499人","29電気機械器具製造業"
"004","0140","08190","00000","2016000000","2","事業所数","300～499人","290管理，補助的経済活動を行う事業所"
"004","0140","08220","00000","2016000000","51","事業所数","300～499人","291発電用・送電用・配電用電気機械器具製造業"
"004","0140","08280","00000","2016000000","28","事業所数","300～499人","292産業用電気機械器具製造業"
"004","0140","08320","00000","2016000000","12","事業所数","300～499人","293民生用電気機械器具製造業"
"004","0140","08370","00000","2016000000","12","事業所数","300～499人","294電球・電気照明器具製造業"
"004","0140","08400","00000","2016000000","10","事業所数","300～499人","295電池製造業"
"004","0140","08430","00000","2016000000","6","事業所数","300～499人","296電子応用装置製造業"
"004","0140","08470","00000","2016000000","15","事業所数","300～499人","297電気計測器製造業"
"004","0140","08510","00000","2016000000","8","事業所数","300～499人","299その他の電気機械器具製造業"
"004","0140","08530","00000","2016000000","47","事業所数","300～499人","30情報通信機械器具製造業"
"004","0140","08540","00000","2016000000","2","事業所数","300～499人","300管理，補助的経済活動を行う事業所"
"004","0140","08570","00000","2016000000","20","事業所数","300～499人","301通信機械器具・同関連機械器具製造業"
"004","0140","08640","00000","2016000000","4","事業所数","300～499人","302映像・音響機械器具製造業"
"004","0140","08680","00000","2016000000","21","事業所数","300～499人","303電子計算機・同附属装置製造業"
"004","0140","08750","00000","2016000000","207","事業所数","300～499人","31輸送用機械器具製造業"
"004","0140","08760","00000","2016000000","6","事業所数","300～499人","310管理，補助的経済活動を行う事業所"
"004","0140","08790","00000","2016000000","166","事業所数","300～499人","311自動車・同附属品製造業"
"004","0140","08830","00000","2016000000","5","事業所数","300～499人","312鉄道車両・同部分品製造業"
"004","0140","08860","00000","2016000000","18","事業所数","300～499人","313船舶製造・修理業，舶用機関製造業"
"004","0140","08910","00000","2016000000","8","事業所数","300～499人","314航空機・同附属品製造業"
"004","0140","08950","00000","2016000000","2","事業所数","300～499人","315産業用運搬車両・同部分品・附属品製造業"
"004","0140","08980","00000","2016000000","2","事業所数","300～499人","319その他の輸送用機械器具製造業"
"004","0140","09010","00000","2016000000","22","事業所数","300～499人","32その他の製造業"
"004","0140","09150","00000","2016000000","4","事業所数","300～499人","323時計・同部分品製造業"
"004","0140","09170","00000","2016000000","2","事業所数","300～499人","324楽器製造業"
"004","0140","09200","00000","2016000000","3","事業所数","300～499人","325がん具・運動用具製造業"
"004","0140","09210","00000","2016000000","1","事業所数","300～499人","32Aがん具製造業"
"004","0140","09240","00000","2016000000","2","事業所数","300～499人","32B運動用具製造業"
"004","0140","09260","00000","2016000000","2","事業所数","300～499人","326ペン・鉛筆・絵画用品・その他の事務用品製造業"
"004","0140","09390","00000","2016000000","11","事業所数","300～499人","329他に分類されない製造業"
"004","0140","09400","00000","2016000000","3","事業所数","300～499人","32C情報記録物製造業（新聞，書籍等の印刷物を除く）"
"004","0140","09420","00000","2016000000","8","事業所数","300～499人","32D他に分類されないその他の製造業"
"004","0140","09500","00000","2016000000","27","事業所数","300～499人","F電気・ガス・熱供給・水道業"
"004","0140","09510","00000","2016000000","19","事業所数","300～499人","33電気業"
"004","0140","09520","00000","2016000000","11","事業所数","300～499人","330管理，補助的経済活動を行う事業所"
"004","0140","09530","00000","2016000000","8","事業所数","300～499人","331電気業"
"004","0140","09540","00000","2016000000","6","事業所数","300～499人","34ガス業"
"004","0140","09550","00000","2016000000","5","事業所数","300～499人","340管理，補助的経済活動を行う事業所"
"004","0140","09560","00000","2016000000","1","事業所数","300～499人","341ガス業"
"004","0140","09600","00000","2016000000","2","事業所数","300～499人","36水道業"
"004","0140","09610","00000","2016000000","1","事業所数","300～499人","360管理，補助的経済活動を行う事業所"
"004","0140","09640","00000","2016000000","1","事業所数","300～499人","363下水道業"
"004","0140","09650","00000","2016000000","375","事業所数","300～499人","G情報通信業"
"004","0140","09660","00000","2016000000","83","事業所数","300～499人","G1情報通信業（通信業，放送業，映像・音声・文字情報制作業）"
"004","0140","09670","00000","2016000000","30","事業所数","300～499人","37通信業"
"004","0140","09690","00000","2016000000","13","事業所数","300～499人","371固定電気通信業"
"004","0140","09700","00000","2016000000","10","事業所数","300～499人","372移動電気通信業"
"004","0140","09710","00000","2016000000","7","事業所数","300～499人","373電気通信に附帯するサービス業"
"004","0140","09720","00000","2016000000","11","事業所数","300～499人","38放送業"
"004","0140","09740","00000","2016000000","5","事業所数","300～499人","381公共放送業（有線放送業を除く）"
"004","0140","09750","00000","2016000000","4","事業所数","300～499人","382民間放送業（有線放送業を除く）"
"004","0140","09770","00000","2016000000","2","事業所数","300～499人","383有線放送業"
"004","0140","09780","00000","2016000000","42","事業所数","300～499人","41映像・音声・文字情報制作業"
"004","0140","09800","00000","2016000000","11","事業所数","300～499人","411映像情報制作・配給業"
"004","0140","09810","00000","2016000000","2","事業所数","300～499人","412音声情報制作業"
"004","0140","09820","00000","2016000000","10","事業所数","300～499人","413新聞業"
"004","0140","09830","00000","2016000000","14","事業所数","300～499人","414出版業"
"004","0140","09840","00000","2016000000","4","事業所数","300～499人","415広告制作業"
"004","0140","09850","00000","2016000000","1","事業所数","300～499人","416映像・音声・文字情報制作に附帯するサービス業"
"004","0140","09860","00000","2016000000","292","事業所数","300～499人","G2情報通信業（情報サービス業，インターネット附随サービス業）"
"004","0140","09870","00000","2016000000","272","事業所数","300～499人","39情報サービス業"
"004","0140","09880","00000","2016000000","1","事業所数","300～499人","390管理，補助的経済活動を行う事業所"
"004","0140","09910","00000","2016000000","223","事業所数","300～499人","391ソフトウェア業"
"004","0140","09960","00000","2016000000","48","事業所数","300～499人","392情報処理・提供サービス業"
"004","0140","09970","00000","2016000000","36","事業所数","300～499人","39A情報処理サービス業"
"004","0140","09990","00000","2016000000","3","事業所数","300～499人","39B情報提供サービス業"
"004","0140","10010","00000","2016000000","9","事業所数","300～499人","39Cその他の情報処理・提供サービス業"
"004","0140","10040","00000","2016000000","20","事業所数","300～499人","40インターネット附随サービス業"
"004","0140","10080","00000","2016000000","20","事業所数","300～499人","401インターネット附随サービス業"
"004","0140","10120","00000","2016000000","436","事業所数","300～499人","H運輸業，郵便業"
"004","0140","10130","00000","2016000000","60","事業所数","300～499人","42鉄道業"
"004","0140","10140","00000","2016000000","2","事業所数","300～499人","420管理，補助的経済活動を行う事業所"
"004","0140","10150","00000","2016000000","58","事業所数","300～499人","421鉄道業"
"004","0140","10160","00000","2016000000","59","事業所数","300～499人","43道路旅客運送業"
"004","0140","10180","00000","2016000000","8","事業所数","300～499人","431一般乗合旅客自動車運送業"
"004","0140","10190","00000","2016000000","49","事業所数","300～499人","432一般乗用旅客自動車運送業"
"004","0140","10200","00000","2016000000","2","事業所数","300～499人","433一般貸切旅客自動車運送業"
"004","0140","10220","00000","2016000000","107","事業所数","300～499人","44道路貨物運送業"
"004","0140","10230","00000","2016000000","2","事業所数","300～499人","440管理，補助的経済活動を行う事業所"
"004","0140","10240","00000","2016000000","103","事業所数","300～499人","441一般貨物自動車運送業"
"004","0140","10250","00000","2016000000","1","事業所数","300～499人","442特定貨物自動車運送業"
"004","0140","10270","00000","2016000000","1","事業所数","300～499人","444集配利用運送業"
"004","0140","10290","00000","2016000000","2","事業所数","300～499人","45水運業"
"004","0140","10310","00000","2016000000","1","事業所数","300～499人","451外航海運業"
"004","0140","10320","00000","2016000000","1","事業所数","300～499人","452沿海海運業"
"004","0140","10350","00000","2016000000","17","事業所数","300～499人","46航空運輸業"
"004","0140","10360","00000","2016000000","1","事業所数","300～499人","460管理，補助的経済活動を行う事業所"
"004","0140","10370","00000","2016000000","16","事業所数","300～499人","461航空運送業"
"004","0140","10390","00000","2016000000","22","事業所数","300～499人","47倉庫業"
"004","0140","10400","00000","2016000000","1","事業所数","300～499人","470管理，補助的経済活動を行う事業所"
"004","0140","10410","00000","2016000000","20","事業所数","300～499人","471倉庫業（冷蔵倉庫業を除く）"
"004","0140","10420","00000","2016000000","1","事業所数","300～499人","472冷蔵倉庫業"
"004","0140","10430","00000","2016000000","51","事業所数","300～499人","48運輸に附帯するサービス業"
"004","0140","10440","00000","2016000000","2","事業所数","300～499人","480管理，補助的経済活動を行う事業所"
"004","0140","10450","00000","2016000000","7","事業所数","300～499人","481港湾運送業"
"004","0140","10460","00000","2016000000","11","事業所数","300～499人","482貨物運送取扱業（集配利用運送業を除く）"
"004","0140","10470","00000","2016000000","1","事業所数","300～499人","483運送代理店"
"004","0140","10480","00000","2016000000","9","事業所数","300～499人","484こん包業"
"004","0140","10490","00000","2016000000","5","事業所数","300～499人","485運輸施設提供業"
"004","0140","10500","00000","2016000000","16","事業所数","300～499人","489その他の運輸に附帯するサービス業"
"004","0140","10510","00000","2016000000","118","事業所数","300～499人","49郵便業（信書便事業を含む）"
"004","0140","10520","00000","2016000000","1","事業所数","300～499人","490管理，補助的経済活動を行う事業所"
"004","0140","10530","00000","2016000000","117","事業所数","300～499人","491郵便業（信書便事業を含む）"
"004","0140","10540","00000","2016000000","703","事業所数","300～499人","I卸売業，小売業"
"004","0140","10550","00000","2016000000","335","事業所数","300～499人","I1卸売業"
"004","0140","10660","00000","2016000000","21","事業所数","300～499人","51繊維・衣服等卸売業"
"004","0140","10710","00000","2016000000","4","事業所数","300～499人","511繊維品卸売業（衣服，身の回り品を除く）"
"004","0140","10750","00000","2016000000","10","事業所数","300～499人","512衣服卸売業"
"004","0140","10800","00000","2016000000","7","事業所数","300～499人","513身の回り品卸売業"
"004","0140","10850","00000","2016000000","47","事業所数","300～499人","52飲食料品卸売業"
"004","0140","10860","00000","2016000000","2","事業所数","300～499人","520管理，補助的経済活動を行う事業所"
"004","0140","10900","00000","2016000000","15","事業所数","300～499人","521農畜産物・水産物卸売業"
"004","0140","10910","00000","2016000000","1","事業所数","300～499人","52A米穀類卸売業"
"004","0140","10940","00000","2016000000","7","事業所数","300～499人","52B野菜・果実卸売業"
"004","0140","10970","00000","2016000000","4","事業所数","300～499人","52C食肉卸売業"
"004","0140","10990","00000","2016000000","2","事業所数","300～499人","52D生鮮魚介卸売業"
"004","0140","11010","00000","2016000000","1","事業所数","300～499人","52Eその他の農畜産物・水産物卸売業"
"004","0140","11030","00000","2016000000","30","事業所数","300～499人","522食料・飲料卸売業"
"004","0140","11120","00000","2016000000","53","事業所数","300～499人","53建築材料，鉱物・金属材料等卸売業"
"004","0140","11130","00000","2016000000","6","事業所数","300～499人","530管理，補助的経済活動を行う事業所"
"004","0140","11170","00000","2016000000","8","事業所数","300～499人","531建築材料卸売業"
"004","0140","11230","00000","2016000000","22","事業所数","300～499人","532化学製品卸売業"
"004","0140","11270","00000","2016000000","4","事業所数","300～499人","533石油・鉱物卸売業"
"004","0140","11300","00000","2016000000","5","事業所数","300～499人","534鉄鋼製品卸売業"
"004","0140","11340","00000","2016000000","4","事業所数","300～499人","535非鉄金属卸売業"
"004","0140","11370","00000","2016000000","4","事業所数","300～499人","536再生資源卸売業"
"004","0140","11430","00000","2016000000","127","事業所数","300～499人","54機械器具卸売業"
"004","0140","11440","00000","2016000000","4","事業所数","300～499人","540管理，補助的経済活動を行う事業所"
"004","0140","11480","00000","2016000000","37","事業所数","300～499人","541産業機械器具卸売業"
"004","0140","11540","00000","2016000000","8","事業所数","300～499人","542自動車卸売業"
"004","0140","11580","00000","2016000000","66","事業所数","300～499人","543電気機械器具卸売業"
"004","0140","11610","00000","2016000000","12","事業所数","300～499人","549その他の機械器具卸売業"
"004","0140","11650","00000","2016000000","87","事業所数","300～499人","55その他の卸売業"
"004","0140","11660","00000","2016000000","10","事業所数","300～499人","550管理，補助的経済活動を行う事業所"
"004","0140","11700","00000","2016000000","6","事業所数","300～499人","551家具・建具・じゅう器等卸売業"
"004","0140","11770","00000","2016000000","36","事業所数","300～499人","552医薬品・化粧品等卸売業"
"004","0140","11820","00000","2016000000","7","事業所数","300～499人","553紙・紙製品卸売業"
"004","0140","11850","00000","2016000000","28","事業所数","300～499人","559他に分類されない卸売業"
"004","0140","11880","00000","2016000000","28","事業所数","300～499人","55B他に分類されないその他の卸売業"
"004","0140","11970","00000","2016000000","368","事業所数","300～499人","I2小売業"
"004","0140","11980","00000","2016000000","217","事業所数","300～499人","56各種商品小売業"
"004","0140","11990","00000","2016000000","9","事業所数","300～499人","560管理，補助的経済活動を行う事業所"
"004","0140","12030","00000","2016000000","208","事業所数","300～499人","561百貨店，総合スーパー"
"004","0140","12070","00000","2016000000","26","事業所数","300～499人","57織物・衣服・身の回り品小売業"
"004","0140","12080","00000","2016000000","9","事業所数","300～499人","570管理，補助的経済活動を行う事業所"
"004","0140","12150","00000","2016000000","3","事業所数","300～499人","572男子服小売業"
"004","0140","12170","00000","2016000000","8","事業所数","300～499人","573婦人・子供服小売業"
"004","0140","12200","00000","2016000000","1","事業所数","300～499人","574靴・履物小売業"
"004","0140","12230","00000","2016000000","5","事業所数","300～499人","579その他の織物・衣服・身の回り品小売業"
"004","0140","12280","00000","2016000000","38","事業所数","300～499人","58飲食料品小売業"
"004","0140","12290","00000","2016000000","12","事業所数","300～499人","580管理，補助的経済活動を行う事業所"
"004","0140","12330","00000","2016000000","11","事業所数","300～499人","581各種食料品小売業"
"004","0140","12380","00000","2016000000","2","事業所数","300～499人","583食肉小売業"
"004","0140","12450","00000","2016000000","2","事業所数","300～499人","586菓子・パン小売業"
"004","0140","12500","00000","2016000000","11","事業所数","300～499人","589その他の飲食料品小売業"
"004","0140","12510","00000","2016000000","5","事業所数","300～499人","58A料理品小売業"
"004","0140","12530","00000","2016000000","6","事業所数","300～499人","58B他に分類されない飲食料品小売業"
"004","0140","12620","00000","2016000000","9","事業所数","300～499人","59機械器具小売業"
"004","0140","12630","00000","2016000000","2","事業所数","300～499人","590管理，補助的経済活動を行う事業所"
"004","0140","12670","00000","2016000000","2","事業所数","300～499人","591自動車小売業"
"004","0140","12740","00000","2016000000","5","事業所数","300～499人","593機械器具小売業（自動車，自転車を除く）"
"004","0140","12790","00000","2016000000","37","事業所数","300～499人","60その他の小売業"
"004","0140","12800","00000","2016000000","8","事業所数","300～499人","600管理，補助的経済活動を行う事業所"
"004","0140","12840","00000","2016000000","5","事業所数","300～499人","601家具・建具・畳小売業"
"004","0140","12940","00000","2016000000","3","事業所数","300～499人","603医薬品・化粧品小売業"
"004","0140","13030","00000","2016000000","1","事業所数","300～499人","605燃料小売業"
"004","0140","13060","00000","2016000000","5","事業所数","300～499人","606書籍・文房具小売業"
"004","0140","13180","00000","2016000000","3","事業所数","300～499人","608写真機・時計・眼鏡小売業"
"004","0140","13210","00000","2016000000","12","事業所数","300～499人","609他に分類されない小売業"
"004","0140","13290","00000","2016000000","12","事業所数","300～499人","60G他に分類されないその他の小売業"
"004","0140","13350","00000","2016000000","41","事業所数","300～499人","61無店舗小売業"
"004","0140","13360","00000","2016000000","4","事業所数","300～499人","610管理，補助的経済活動を行う事業所"
"004","0140","13400","00000","2016000000","32","事業所数","300～499人","611通信販売・訪問販売小売業"
"004","0140","13480","00000","2016000000","5","事業所数","300～499人","619その他の無店舗小売業"
"004","0140","13500","00000","2016000000","162","事業所数","300～499人","J金融業，保険業"
"004","0140","13510","00000","2016000000","56","事業所数","300～499人","62銀行業"
"004","0140","13520","00000","2016000000","1","事業所数","300～499人","620管理，補助的経済活動を行う事業所"
"004","0140","13540","00000","2016000000","55","事業所数","300～499人","622銀行（中央銀行を除く）"
"004","0140","13560","00000","2016000000","13","事業所数","300～499人","63協同組織金融業"
"004","0140","13570","00000","2016000000","1","事業所数","300～499人","630管理，補助的経済活動を行う事業所"
"004","0140","13580","00000","2016000000","12","事業所数","300～499人","631中小企業等金融業"
"004","0140","13600","00000","2016000000","24","事業所数","300～499人","64貸金業，クレジットカード業等非預金信用機関"
"004","0140","13620","00000","2016000000","4","事業所数","300～499人","641貸金業"
"004","0140","13640","00000","2016000000","18","事業所数","300～499人","643クレジットカード業，割賦金融業"
"004","0140","13650","00000","2016000000","2","事業所数","300～499人","649その他の非預金信用機関"
"004","0140","13660","00000","2016000000","20","事業所数","300～499人","65金融商品取引業，商品先物取引業"
"004","0140","13680","00000","2016000000","20","事業所数","300～499人","651金融商品取引業"
"004","0140","13700","00000","2016000000","4","事業所数","300～499人","66補助的金融業等"
"004","0140","13720","00000","2016000000","4","事業所数","300～499人","661補助的金融業，金融附帯業"
"004","0140","13750","00000","2016000000","45","事業所数","300～499人","67保険業（保険媒介代理業，保険サービス業を含む）"
"004","0140","13770","00000","2016000000","12","事業所数","300～499人","671生命保険業"
"004","0140","13780","00000","2016000000","23","事業所数","300～499人","672損害保険業"
"004","0140","13790","00000","2016000000","4","事業所数","300～499人","673共済事業，少額短期保険業"
"004","0140","13800","00000","2016000000","6","事業所数","300～499人","674保険媒介代理業"
"004","0140","13820","00000","2016000000","110","事業所数","300～499人","K不動産業，物品賃貸業"
"004","0140","13830","00000","2016000000","92","事業所数","300～499人","K1不動産業"
"004","0140","13840","00000","2016000000","23","事業所数","300～499人","68不動産取引業"
"004","0140","13880","00000","2016000000","12","事業所数","300～499人","681建物売買業，土地売買業"
"004","0140","13910","00000","2016000000","11","事業所数","300～499人","682不動産代理業・仲介業"
"004","0140","13930","00000","2016000000","68","事業所数","300～499人","69不動産賃貸業・管理業"
"004","0140","13940","00000","2016000000","1","事業所数","300～499人","690管理，補助的経済活動を行う事業所"
"004","0140","13970","00000","2016000000","11","事業所数","300～499人","691不動産賃貸業（貸家業，貸間業を除く）"
"004","0140","14010","00000","2016000000","3","事業所数","300～499人","692貸家業，貸間業"
"004","0140","14060","00000","2016000000","53","事業所数","300～499人","694不動産管理業"
"004","0140","14080","00000","2016000000","18","事業所数","300～499人","K2物品賃貸業"
"004","0140","14090","00000","2016000000","18","事業所数","300～499人","70物品賃貸業"
"004","0140","14100","00000","2016000000","2","事業所数","300～499人","700管理，補助的経済活動を行う事業所"
"004","0140","14130","00000","2016000000","6","事業所数","300～499人","701各種物品賃貸業"
"004","0140","14160","00000","2016000000","2","事業所数","300～499人","702産業用機械器具賃貸業"
"004","0140","14190","00000","2016000000","3","事業所数","300～499人","703事務用機械器具賃貸業"
"004","0140","14220","00000","2016000000","1","事業所数","300～499人","704自動車賃貸業"
"004","0140","14240","00000","2016000000","1","事業所数","300～499人","705スポーツ・娯楽用品賃貸業"
"004","0140","14260","00000","2016000000","3","事業所数","300～499人","709その他の物品賃貸業"
"004","0140","14270","00000","2016000000","1","事業所数","300～499人","70A音楽・映像記録物賃貸業（別掲を除く）"
"004","0140","14290","00000","2016000000","2","事業所数","300～499人","70B他に分類されない物品賃貸業"
"004","0140","14330","00000","2016000000","220","事業所数","300～499人","L学術研究，専門・技術サービス業"
"004","0140","14340","00000","2016000000","72","事業所数","300～499人","71学術・開発研究機関"
"004","0140","14370","00000","2016000000","71","事業所数","300～499人","711自然科学研究所"
"004","0140","14420","00000","2016000000","1","事業所数","300～499人","712人文・社会科学研究所"
"004","0140","14440","00000","2016000000","38","事業所数","300～499人","72専門サービス業（他に分類されないもの）"
"004","0140","14570","00000","2016000000","6","事業所数","300～499人","724公認会計士事務所，税理士事務所"
"004","0140","14580","00000","2016000000","4","事業所数","300～499人","72C公認会計士事務所"
"004","0140","14600","00000","2016000000","2","事業所数","300～499人","72D税理士事務所"
"004","0140","14690","00000","2016000000","24","事業所数","300～499人","728経営コンサルタント業，純粋持株会社"
"004","0140","14700","00000","2016000000","14","事業所数","300～499人","72E経営コンサルタント業"
"004","0140","14720","00000","2016000000","10","事業所数","300～499人","72F純粋持株会社"
"004","0140","14740","00000","2016000000","8","事業所数","300～499人","729その他の専門サービス業"
"004","0140","14750","00000","2016000000","1","事業所数","300～499人","72G興信所"
"004","0140","14770","00000","2016000000","7","事業所数","300～499人","72H他に分類されない専門サービス業"
"004","0140","14820","00000","2016000000","13","事業所数","300～499人","73広告業"
"004","0140","14860","00000","2016000000","13","事業所数","300～499人","731広告業"
"004","0140","14880","00000","2016000000","97","事業所数","300～499人","74技術サービス業（他に分類されないもの）"
"004","0140","14930","00000","2016000000","29","事業所数","300～499人","742土木建築サービス業"
"004","0140","14940","00000","2016000000","28","事業所数","300～499人","74A建築設計業"
"004","0140","14960","00000","2016000000","1","事業所数","300～499人","74B測量業"
"004","0140","15000","00000","2016000000","41","事業所数","300～499人","743機械設計業"
"004","0140","15020","00000","2016000000","4","事業所数","300～499人","744商品・非破壊検査業"
"004","0140","15050","00000","2016000000","3","事業所数","300～499人","745計量証明業"
"004","0140","15120","00000","2016000000","20","事業所数","300～499人","749その他の技術サービス業"
"004","0140","15140","00000","2016000000","142","事業所数","300～499人","M宿泊業，飲食サービス業"
"004","0140","15150","00000","2016000000","88","事業所数","300～499人","M1宿泊業"
"004","0140","15160","00000","2016000000","88","事業所数","300～499人","75宿泊業"
"004","0140","15170","00000","2016000000","1","事業所数","300～499人","750管理，補助的経済活動を行う事業所"
"004","0140","15200","00000","2016000000","80","事業所数","300～499人","751旅館，ホテル"
"004","0140","15260","00000","2016000000","7","事業所数","300～499人","759その他の宿泊業"
"004","0140","15290","00000","2016000000","7","事業所数","300～499人","75B他に分類されない宿泊業"
"004","0140","15320","00000","2016000000","54","事業所数","300～499人","M2飲食店，持ち帰り・配達飲食サービス業"
"004","0140","15330","00000","2016000000","31","事業所数","300～499人","76飲食店"
"004","0140","15340","00000","2016000000","5","事業所数","300～499人","760管理，補助的経済活動を行う事業所"
"004","0140","15370","00000","2016000000","8","事業所数","300～499人","761食堂，レストラン（専門料理店を除く）"
"004","0140","15390","00000","2016000000","7","事業所数","300～499人","762専門料理店"
"004","0140","15420","00000","2016000000","3","事業所数","300～499人","76B中華料理店"
"004","0140","15450","00000","2016000000","2","事業所数","300～499人","76C焼肉店"
"004","0140","15470","00000","2016000000","2","事業所数","300～499人","76Dその他の専門料理店"
"004","0140","15500","00000","2016000000","1","事業所数","300～499人","763そば・うどん店"
"004","0140","15520","00000","2016000000","1","事業所数","300～499人","764すし店"
"004","0140","15540","00000","2016000000","4","事業所数","300～499人","765酒場，ビヤホール"
"004","0140","15560","00000","2016000000","1","事業所数","300～499人","766バー，キャバレー，ナイトクラブ"
"004","0140","15580","00000","2016000000","2","事業所数","300～499人","767喫茶店"
"004","0140","15600","00000","2016000000","2","事業所数","300～499人","769その他の飲食店"
"004","0140","15610","00000","2016000000","1","事業所数","300～499人","76Eハンバーガー店"
"004","0140","15650","00000","2016000000","1","事業所数","300～499人","76G他に分類されない飲食店"
"004","0140","15670","00000","2016000000","23","事業所数","300～499人","77持ち帰り・配達飲食サービス業"
"004","0140","15680","00000","2016000000","2","事業所数","300～499人","770管理，補助的経済活動を行う事業所"
"004","0140","15730","00000","2016000000","21","事業所数","300～499人","772配達飲食サービス業"
"004","0140","15750","00000","2016000000","72","事業所数","300～499人","N生活関連サービス業，娯楽業"
"004","0140","15760","00000","2016000000","22","事業所数","300～499人","78洗濯・理容・美容・浴場業"
"004","0140","15770","00000","2016000000","1","事業所数","300～499人","780管理，補助的経済活動を行う事業所"
"004","0140","15800","00000","2016000000","12","事業所数","300～499人","781洗濯業"
"004","0140","15810","00000","2016000000","3","事業所数","300～499人","78A普通洗濯業"
"004","0140","15840","00000","2016000000","9","事業所数","300～499人","78Bリネンサプライ業"
"004","0140","15860","00000","2016000000","1","事業所数","300～499人","782理容業"
"004","0140","15880","00000","2016000000","1","事業所数","300～499人","783美容業"
"004","0140","15920","00000","2016000000","3","事業所数","300～499人","785その他の公衆浴場業"
"004","0140","15940","00000","2016000000","4","事業所数","300～499人","789その他の洗濯・理容・美容・浴場業"
"004","0140","16000","00000","2016000000","25","事業所数","300～499人","79その他の生活関連サービス業"
"004","0140","16010","00000","2016000000","1","事業所数","300～499人","790管理，補助的経済活動を行う事業所"
"004","0140","16040","00000","2016000000","14","事業所数","300～499人","791旅行業"
"004","0140","16070","00000","2016000000","1","事業所数","300～499人","793衣服裁縫修理業"
"004","0140","16090","00000","2016000000","1","事業所数","300～499人","794物品預り業"
"004","0140","16140","00000","2016000000","3","事業所数","300～499人","796冠婚葬祭業"
"004","0140","16150","00000","2016000000","2","事業所数","300～499人","79A葬儀業"
"004","0140","16170","00000","2016000000","1","事業所数","300～499人","79B結婚式場業"
"004","0140","16210","00000","2016000000","5","事業所数","300～499人","799他に分類されない生活関連サービス業"
"004","0140","16220","00000","2016000000","2","事業所数","300～499人","79D写真プリント，現像・焼付業"
"004","0140","16240","00000","2016000000","3","事業所数","300～499人","79E他に分類されないその他の生活関連サービス業"
"004","0140","16280","00000","2016000000","25","事業所数","300～499人","80娯楽業"
"004","0140","16290","00000","2016000000","1","事業所数","300～499人","800管理，補助的経済活動を行う事業所"
"004","0140","16340","00000","2016000000","3","事業所数","300～499人","802興行場（別掲を除く），興行団"
"004","0140","16470","00000","2016000000","4","事業所数","300～499人","804スポーツ施設提供業"
"004","0140","16480","00000","2016000000","1","事業所数","300～499人","80Aスポーツ施設提供業（別掲を除く）"
"004","0140","16500","00000","2016000000","1","事業所数","300～499人","80B体育館"
"004","0140","16620","00000","2016000000","2","事業所数","300～499人","80Hフィットネスクラブ"
"004","0140","16640","00000","2016000000","8","事業所数","300～499人","805公園，遊園地"
"004","0140","16680","00000","2016000000","6","事業所数","300～499人","806遊戯場"
"004","0140","16710","00000","2016000000","5","事業所数","300～499人","80Kパチンコホール"
"004","0140","16730","00000","2016000000","1","事業所数","300～499人","80Lゲームセンター"
"004","0140","16790","00000","2016000000","3","事業所数","300～499人","809その他の娯楽業"
"004","0140","16820","00000","2016000000","3","事業所数","300～499人","80P他に分類されない娯楽業"
"004","0140","16890","00000","2016000000","232","事業所数","300～499人","O教育，学習支援業"
"004","0140","16900","00000","2016000000","201","事業所数","300～499人","O1教育，学習支援業（学校教育）"
"004","0140","16910","00000","2016000000","201","事業所数","300～499人","81学校教育"
"004","0140","16920","00000","2016000000","1","事業所数","300～499人","810管理，補助的経済活動を行う事業所"
"004","0140","17020","00000","2016000000","2","事業所数","300～499人","814高等学校，中等教育学校"
"004","0140","17070","00000","2016000000","194","事業所数","300～499人","816高等教育機関"
"004","0140","17110","00000","2016000000","3","事業所数","300～499人","817専修学校，各種学校"
"004","0140","17140","00000","2016000000","1","事業所数","300～499人","818学校教育支援機関"
"004","0140","17160","00000","2016000000","31","事業所数","300～499人","O2教育，学習支援業（その他の教育，学習支援業）"
"004","0140","17170","00000","2016000000","31","事業所数","300～499人","82その他の教育，学習支援業"
"004","0140","17180","00000","2016000000","4","事業所数","300～499人","820管理，補助的経済活動を行う事業所"
"004","0140","17210","00000","2016000000","3","事業所数","300～499人","821社会教育"
"004","0140","17220","00000","2016000000","1","事業所数","300～499人","82A公民館"
"004","0140","17260","00000","2016000000","1","事業所数","300～499人","82C博物館，美術館"
"004","0140","17280","00000","2016000000","1","事業所数","300～499人","82D動物園，植物園，水族館"
"004","0140","17340","00000","2016000000","7","事業所数","300～499人","822職業・教育支援施設"
"004","0140","17380","00000","2016000000","5","事業所数","300～499人","823学習塾"
"004","0140","17400","00000","2016000000","10","事業所数","300～499人","824教養・技能教授業"
"004","0140","17490","00000","2016000000","2","事業所数","300～499人","82K外国語会話教授業"
"004","0140","17510","00000","2016000000","1","事業所数","300～499人","82Lスポーツ・健康教授業"
"004","0140","17530","00000","2016000000","7","事業所数","300～499人","82Mその他の教養・技能教授業"
"004","0140","17550","00000","2016000000","2","事業所数","300～499人","829他に分類されない教育，学習支援業"
"004","0140","17570","00000","2016000000","1064","事業所数","300～499人","P医療，福祉"
"004","0140","17580","00000","2016000000","1011","事業所数","300～499人","83医療業"
"004","0140","17590","00000","2016000000","1","事業所数","300～499人","830管理，補助的経済活動を行う事業所"
"004","0140","17620","00000","2016000000","988","事業所数","300～499人","831病院"
"004","0140","17650","00000","2016000000","13","事業所数","300～499人","832一般診療所"
"004","0140","17780","00000","2016000000","9","事業所数","300～499人","836医療に附帯するサービス業"
"004","0140","17810","00000","2016000000","9","事業所数","300～499人","83Dその他の医療に附帯するサービス業"
"004","0140","17830","00000","2016000000","8","事業所数","300～499人","84保健衛生"
"004","0140","17870","00000","2016000000","8","事業所数","300～499人","842健康相談施設"
"004","0140","17960","00000","2016000000","44","事業所数","300～499人","85社会保険・社会福祉・介護事業"
"004","0140","18000","00000","2016000000","11","事業所数","300～499人","851社会保険事業団体"
"004","0140","18020","00000","2016000000","4","事業所数","300～499人","853児童福祉事業"
"004","0140","18030","00000","2016000000","3","事業所数","300～499人","85A保育所"
"004","0140","18050","00000","2016000000","1","事業所数","300～499人","85Bその他の児童福祉事業"
"004","0140","18070","00000","2016000000","22","事業所数","300～499人","854老人福祉・介護事業"
"004","0140","18080","00000","2016000000","11","事業所数","300～499人","85C特別養護老人ホーム"
"004","0140","18100","00000","2016000000","3","事業所数","300～499人","85D介護老人保健施設"
"004","0140","18120","00000","2016000000","1","事業所数","300～499人","85E通所・短期入所介護事業"
"004","0140","18140","00000","2016000000","2","事業所数","300～499人","85F訪問介護事業"
"004","0140","18160","00000","2016000000","1","事業所数","300～499人","85G認知症老人グループホーム"
"004","0140","18180","00000","2016000000","2","事業所数","300～499人","85H有料老人ホーム"
"004","0140","18200","00000","2016000000","2","事業所数","300～499人","85Jその他の老人福祉・介護事業"
"004","0140","18220","00000","2016000000","5","事業所数","300～499人","855障害者福祉事業"
"004","0140","18250","00000","2016000000","2","事業所数","300～499人","859その他の社会保険・社会福祉・介護事業"
"004","0140","18280","00000","2016000000","2","事業所数","300～499人","85L他に分類されない社会保険・社会福祉・介護事業"
"004","0140","18300","00000","2016000000","124","事業所数","300～499人","Q複合サービス事業"
"004","0140","18310","00000","2016000000","110","事業所数","300～499人","Q1複合サービス事業（郵便局）"
"004","0140","18320","00000","2016000000","110","事業所数","300～499人","86郵便局"
"004","0140","18330","00000","2016000000","2","事業所数","300～499人","860管理，補助的経済活動を行う事業所"
"004","0140","18340","00000","2016000000","108","事業所数","300～499人","861郵便局"
"004","0140","18370","00000","2016000000","14","事業所数","300～499人","Q2複合サービス事業（協同組合）"
"004","0140","18380","00000","2016000000","14","事業所数","300～499人","87協同組合（他に分類されないもの）"
"004","0140","18390","00000","2016000000","1","事業所数","300～499人","870管理，補助的経済活動を行う事業所"
"004","0140","18410","00000","2016000000","13","事業所数","300～499人","871農林水産業協同組合（他に分類されないもの）"
"004","0140","18480","00000","2016000000","964","事業所数","300～499人","Rサービス業（他に分類されないもの）"
"004","0140","18490","00000","2016000000","12","事業所数","300～499人","R1サービス業（政治・経済・文化団体，宗教）"
"004","0140","18500","00000","2016000000","8","事業所数","300～499人","93政治・経済・文化団体"
"004","0140","18510","00000","2016000000","4","事業所数","300～499人","931経済団体"
"004","0140","18530","00000","2016000000","1","事業所数","300～499人","933学術・文化団体"
"004","0140","18540","00000","2016000000","1","事業所数","300～499人","934政治団体"
"004","0140","18550","00000","2016000000","2","事業所数","300～499人","939他に分類されない非営利的団体"
"004","0140","18560","00000","2016000000","4","事業所数","300～499人","94宗教"
"004","0140","18580","00000","2016000000","3","事業所数","300～499人","942仏教系宗教"
"004","0140","18600","00000","2016000000","1","事業所数","300～499人","949その他の宗教"
"004","0140","18610","00000","2016000000","952","事業所数","300～499人","R2サービス業（政治・経済・文化団体，宗教を除く）"
"004","0140","18620","00000","2016000000","8","事業所数","300～499人","88廃棄物処理業"
"004","0140","18660","00000","2016000000","2","事業所数","300～499人","881一般廃棄物処理業"
"004","0140","18730","00000","2016000000","6","事業所数","300～499人","882産業廃棄物処理業"
"004","0140","18810","00000","2016000000","1","事業所数","300～499人","89自動車整備業"
"004","0140","18820","00000","2016000000","1","事業所数","300～499人","890管理，補助的経済活動を行う事業所"
"004","0140","18870","00000","2016000000","21","事業所数","300～499人","90機械等修理業（別掲を除く）"
"004","0140","18910","00000","2016000000","12","事業所数","300～499人","901機械修理業（電気機械器具を除く）"
"004","0140","18940","00000","2016000000","9","事業所数","300～499人","902電気機械器具修理業"
"004","0140","19040","00000","2016000000","312","事業所数","300～499人","91職業紹介・労働者派遣業"
"004","0140","19080","00000","2016000000","13","事業所数","300～499人","911職業紹介業"
"004","0140","19100","00000","2016000000","299","事業所数","300～499人","912労働者派遣業"
"004","0140","19120","00000","2016000000","610","事業所数","300～499人","92その他の事業サービス業"
"004","0140","19130","00000","2016000000","2","事業所数","300～499人","920管理，補助的経済活動を行う事業所"
"004","0140","19190","00000","2016000000","297","事業所数","300～499人","922建物サービス業"
"004","0140","19220","00000","2016000000","95","事業所数","300～499人","923警備業"
"004","0140","19240","00000","2016000000","216","事業所数","300～499人","929他に分類されない事業サービス業"
"004","0150","00010","00000","2016000000","3558","事業所数","500～999人","A～R全産業（Ｓ公務を除く）"
"004","0150","00800","00000","2016000000","3558","事業所数","500～999人","C～R非農林漁業（Ｓ公務を除く）"
"004","0150","00810","00000","2016000000","1","事業所数","500～999人","C鉱業，採石業，砂利採取業"
"004","0150","00820","00000","2016000000","1","事業所数","500～999人","05鉱業，採石業，砂利採取業"
"004","0150","00830","00000","2016000000","1","事業所数","500～999人","050管理，補助的経済活動を行う事業所"
"004","0150","01220","00000","2016000000","68","事業所数","500～999人","D建設業"
"004","0150","01230","00000","2016000000","33","事業所数","500～999人","06総合工事業"
"004","0150","01250","00000","2016000000","17","事業所数","500～999人","061一般土木建築工事業"
"004","0150","01260","00000","2016000000","2","事業所数","500～999人","062土木工事業（舗装工事業を除く）"
"004","0150","01280","00000","2016000000","13","事業所数","500～999人","064建築工事業（木造建築工事業を除く)"
"004","0150","01300","00000","2016000000","1","事業所数","500～999人","066建築リフォーム工事業"
"004","0150","01310","00000","2016000000","3","事業所数","500～999人","07職別工事業（設備工事業を除く）"
"004","0150","01350","00000","2016000000","1","事業所数","500～999人","073鉄骨・鉄筋工事業"
"004","0150","01390","00000","2016000000","1","事業所数","500～999人","077塗装工事業"
"004","0150","01410","00000","2016000000","1","事業所数","500～999人","079その他の職別工事業"
"004","0150","01420","00000","2016000000","32","事業所数","500～999人","08設備工事業"
"004","0150","01430","00000","2016000000","1","事業所数","500～999人","080管理，補助的経済活動を行う事業所"
"004","0150","01440","00000","2016000000","11","事業所数","500～999人","081電気工事業"
"004","0150","01450","00000","2016000000","9","事業所数","500～999人","082電気通信・信号装置工事業"
"004","0150","01460","00000","2016000000","3","事業所数","500～999人","083管工事業（さく井工事業を除く）"
"004","0150","01470","00000","2016000000","7","事業所数","500～999人","084機械器具設置工事業"
"004","0150","01480","00000","2016000000","1","事業所数","500～999人","089その他の設備工事業"
"004","0150","01490","00000","2016000000","996","事業所数","500～999人","E製造業"
"004","0150","01500","00000","2016000000","146","事業所数","500～999人","09食料品製造業"
"004","0150","01510","00000","2016000000","5","事業所数","500～999人","090管理，補助的経済活動を行う事業所"
"004","0150","01540","00000","2016000000","17","事業所数","500～999人","091畜産食料品製造業"
"004","0150","01600","00000","2016000000","1","事業所数","500～999人","092水産食料品製造業"
"004","0150","01710","00000","2016000000","4","事業所数","500～999人","094調味料製造業"
"004","0150","01850","00000","2016000000","51","事業所数","500～999人","097パン・菓子製造業"
"004","0150","01910","00000","2016000000","1","事業所数","500～999人","098動植物油脂製造業"
"004","0150","01940","00000","2016000000","67","事業所数","500～999人","099その他の食料品製造業"
"004","0150","02040","00000","2016000000","1","事業所数","500～999人","10飲料・たばこ・飼料製造業"
"004","0150","02080","00000","2016000000","1","事業所数","500～999人","101清涼飲料製造業"
"004","0150","02280","00000","2016000000","6","事業所数","500～999人","11繊維工業"
"004","0150","02320","00000","2016000000","3","事業所数","500～999人","111製糸業，紡績業，化学繊維・ねん糸等製造業"
"004","0150","02530","00000","2016000000","1","事業所数","500～999人","114染色整理業"
"004","0150","02720","00000","2016000000","1","事業所数","500～999人","116外衣・シャツ製造業（和式を除く）"
"004","0150","02870","00000","2016000000","1","事業所数","500～999人","118和装製品・その他の衣服・繊維製身の回り品製造業"
"004","0150","03310","00000","2016000000","5","事業所数","500～999人","13家具・装備品製造業"
"004","0150","03350","00000","2016000000","2","事業所数","500～999人","131家具製造業"
"004","0150","03430","00000","2016000000","3","事業所数","500～999人","139その他の家具・装備品製造業"
"004","0150","03480","00000","2016000000","11","事業所数","500～999人","14パルプ・紙・紙加工品製造業"
"004","0150","03540","00000","2016000000","5","事業所数","500～999人","142紙製造業"
"004","0150","03620","00000","2016000000","1","事業所数","500～999人","144紙製品製造業"
"004","0150","03660","00000","2016000000","4","事業所数","500～999人","145紙製容器製造業"
"004","0150","03710","00000","2016000000","1","事業所数","500～999人","149その他のパルプ・紙・紙加工品製造業"
"004","0150","03730","00000","2016000000","21","事業所数","500～999人","15印刷・同関連業"
"004","0150","03770","00000","2016000000","17","事業所数","500～999人","151印刷業"
"004","0150","03810","00000","2016000000","3","事業所数","500～999人","152製版業"
"004","0150","03830","00000","2016000000","1","事業所数","500～999人","153製本業，印刷物加工業"
"004","0150","03880","00000","2016000000","77","事業所数","500～999人","16化学工業"
"004","0150","03890","00000","2016000000","7","事業所数","500～999人","160管理，補助的経済活動を行う事業所"
"004","0150","03960","00000","2016000000","4","事業所数","500～999人","162無機化学工業製品製造業"
"004","0150","04020","00000","2016000000","31","事業所数","500～999人","163有機化学工業製品製造業"
"004","0150","04100","00000","2016000000","2","事業所数","500～999人","164油脂加工製品・石けん・合成洗剤・界面活性剤・塗料製造業"
"004","0150","04180","00000","2016000000","18","事業所数","500～999人","165医薬品製造業"
"004","0150","04240","00000","2016000000","8","事業所数","500～999人","166化粧品・歯磨・その他の化粧用調整品製造業"
"004","0150","04280","00000","2016000000","7","事業所数","500～999人","169その他の化学工業"
"004","0150","04370","00000","2016000000","7","事業所数","500～999人","17石油製品・石炭製品製造業"
"004","0150","04410","00000","2016000000","6","事業所数","500～999人","171石油精製業"
"004","0150","04450","00000","2016000000","1","事業所数","500～999人","173コークス製造業"
"004","0150","04510","00000","2016000000","25","事業所数","500～999人","18プラスチック製品製造業（別掲を除く）"
"004","0150","04520","00000","2016000000","3","事業所数","500～999人","180管理，補助的経済活動を行う事業所"
"004","0150","04550","00000","2016000000","3","事業所数","500～999人","181プラスチック板・棒・管・継手・異形押出製品製造業"
"004","0150","04610","00000","2016000000","9","事業所数","500～999人","182プラスチックフィルム・シート・床材・合成皮革製造業"
"004","0150","04670","00000","2016000000","6","事業所数","500～999人","183工業用プラスチック製品製造業"
"004","0150","04720","00000","2016000000","1","事業所数","500～999人","184発泡・強化プラスチック製品製造業"
"004","0150","04810","00000","2016000000","3","事業所数","500～999人","189その他のプラスチック製品製造業"
"004","0150","04860","00000","2016000000","22","事業所数","500～999人","19ゴム製品製造業"
"004","0150","04900","00000","2016000000","9","事業所数","500～999人","191タイヤ・チューブ製造業"
"004","0150","04930","00000","2016000000","2","事業所数","500～999人","192ゴム製・プラスチック製履物・同附属品製造業"
"004","0150","04960","00000","2016000000","10","事業所数","500～999人","193ゴムベルト・ゴムホース・工業用ゴム製品製造業"
"004","0150","05000","00000","2016000000","1","事業所数","500～999人","199その他のゴム製品製造業"
"004","0150","05300","00000","2016000000","17","事業所数","500～999人","21窯業・土石製品製造業"
"004","0150","05340","00000","2016000000","7","事業所数","500～999人","211ガラス・同製品製造業"
"004","0150","05520","00000","2016000000","4","事業所数","500～999人","214陶磁器・同関連製品製造業"
"004","0150","05620","00000","2016000000","2","事業所数","500～999人","215耐火物製造業"
"004","0150","05660","00000","2016000000","1","事業所数","500～999人","216炭素・黒鉛製品製造業"
"004","0150","05690","00000","2016000000","2","事業所数","500～999人","217研磨材・同製品製造業"
"004","0150","05740","00000","2016000000","1","事業所数","500～999人","218骨材・石工品等製造業"
"004","0150","05870","00000","2016000000","33","事業所数","500～999人","22鉄鋼業"
"004","0150","05880","00000","2016000000","1","事業所数","500～999人","220管理，補助的経済活動を行う事業所"
"004","0150","05910","00000","2016000000","2","事業所数","500～999人","221製鉄業"
"004","0150","05950","00000","2016000000","10","事業所数","500～999人","222製鋼・製鋼圧延業"
"004","0150","05970","00000","2016000000","11","事業所数","500～999人","223製鋼を行わない鋼材製造業（表面処理鋼材を除く）"
"004","0150","06100","00000","2016000000","6","事業所数","500～999人","225鉄素形材製造業"
"004","0150","06160","00000","2016000000","3","事業所数","500～999人","229その他の鉄鋼業"
"004","0150","06210","00000","2016000000","26","事業所数","500～999人","23非鉄金属製造業"
"004","0150","06220","00000","2016000000","1","事業所数","500～999人","230管理，補助的経済活動を行う事業所"
"004","0150","06250","00000","2016000000","4","事業所数","500～999人","231非鉄金属第１次製錬・精製業"
"004","0150","06290","00000","2016000000","2","事業所数","500～999人","232非鉄金属第２次製錬・精製業（非鉄金属合金製造業を含む）"
"004","0150","06330","00000","2016000000","11","事業所数","500～999人","233非鉄金属・同合金圧延業（抽伸，押出しを含む）"
"004","0150","06370","00000","2016000000","2","事業所数","500～999人","234電線・ケーブル製造業"
"004","0150","06400","00000","2016000000","4","事業所数","500～999人","235非鉄金属素形材製造業"
"004","0150","06460","00000","2016000000","2","事業所数","500～999人","239その他の非鉄金属製造業"
"004","0150","06490","00000","2016000000","31","事業所数","500～999人","24金属製品製造業"
"004","0150","06550","00000","2016000000","2","事業所数","500～999人","242洋食器・刃物・手道具・金物類製造業"
"004","0150","06630","00000","2016000000","4","事業所数","500～999人","243暖房・調理等装置，配管工事用附属品製造業"
"004","0150","06680","00000","2016000000","8","事業所数","500～999人","244建設用・建築用金属製品製造業（製缶板金業を含む)"
"004","0150","06750","00000","2016000000","7","事業所数","500～999人","245金属素形材製品製造業"
"004","0150","06790","00000","2016000000","1","事業所数","500～999人","246金属被覆・彫刻業，熱処理業（ほうろう鉄器を除く）"
"004","0150","06890","00000","2016000000","3","事業所数","500～999人","248ボルト・ナット・リベット・小ねじ・木ねじ等製造業"
"004","0150","06910","00000","2016000000","6","事業所数","500～999人","249その他の金属製品製造業"
"004","0150","06950","00000","2016000000","52","事業所数","500～999人","25はん用機械器具製造業"
"004","0150","06960","00000","2016000000","2","事業所数","500～999人","250管理，補助的経済活動を行う事業所"
"004","0150","06990","00000","2016000000","5","事業所数","500～999人","251ボイラ・原動機製造業"
"004","0150","07040","00000","2016000000","11","事業所数","500～999人","252ポンプ・圧縮機器製造業"
"004","0150","07080","00000","2016000000","14","事業所数","500～999人","253一般産業用機械・装置製造業"
"004","0150","07140","00000","2016000000","20","事業所数","500～999人","259その他のはん用機械・同部分品製造業"
"004","0150","07220","00000","2016000000","61","事業所数","500～999人","26生産用機械器具製造業"
"004","0150","07230","00000","2016000000","3","事業所数","500～999人","260管理，補助的経済活動を行う事業所"
"004","0150","07260","00000","2016000000","2","事業所数","500～999人","261農業用機械製造業（農業用器具を除く）"
"004","0150","07280","00000","2016000000","9","事業所数","500～999人","262建設機械・鉱山機械製造業"
"004","0150","07300","00000","2016000000","2","事業所数","500～999人","263繊維機械製造業"
"004","0150","07360","00000","2016000000","3","事業所数","500～999人","264生活関連産業用機械製造業"
"004","0150","07420","00000","2016000000","5","事業所数","500～999人","265基礎素材産業用機械製造業"
"004","0150","07460","00000","2016000000","16","事業所数","500～999人","266金属加工機械製造業"
"004","0150","07510","00000","2016000000","14","事業所数","500～999人","267半導体・フラットパネルディスプレイ製造装置製造業"
"004","0150","07540","00000","2016000000","7","事業所数","500～999人","269その他の生産用機械・同部分品製造業"
"004","0150","07600","00000","2016000000","48","事業所数","500～999人","27業務用機械器具製造業"
"004","0150","07610","00000","2016000000","4","事業所数","500～999人","270管理，補助的経済活動を行う事業所"
"004","0150","07640","00000","2016000000","9","事業所数","500～999人","271事務用機械器具製造業"
"004","0150","07670","00000","2016000000","4","事業所数","500～999人","272サービス用・娯楽用機械器具製造業"
"004","0150","07720","00000","2016000000","10","事業所数","500～999人","273計量器・測定器・分析機器・試験機・測量機械器具・理化学機械器具製造業"
"004","0150","07820","00000","2016000000","14","事業所数","500～999人","274医療用機械器具・医療用品製造業"
"004","0150","07870","00000","2016000000","4","事業所数","500～999人","275光学機械器具・レンズ製造業"
"004","0150","07910","00000","2016000000","3","事業所数","500～999人","276武器製造業"
"004","0150","07930","00000","2016000000","94","事業所数","500～999人","28電子部品・デバイス・電子回路製造業"
"004","0150","07940","00000","2016000000","1","事業所数","500～999人","280管理，補助的経済活動を行う事業所"
"004","0150","07970","00000","2016000000","45","事業所数","500～999人","281電子デバイス製造業"
"004","0150","08030","00000","2016000000","15","事業所数","500～999人","282電子部品製造業"
"004","0150","08070","00000","2016000000","1","事業所数","500～999人","283記録メディア製造業"
"004","0150","08100","00000","2016000000","7","事業所数","500～999人","284電子回路製造業"
"004","0150","08130","00000","2016000000","2","事業所数","500～999人","285ユニット部品製造業"
"004","0150","08160","00000","2016000000","23","事業所数","500～999人","289その他の電子部品・デバイス・電子回路製造業"
"004","0150","08180","00000","2016000000","82","事業所数","500～999人","29電気機械器具製造業"
"004","0150","08190","00000","2016000000","2","事業所数","500～999人","290管理，補助的経済活動を行う事業所"
"004","0150","08220","00000","2016000000","29","事業所数","500～999人","291発電用・送電用・配電用電気機械器具製造業"
"004","0150","08280","00000","2016000000","9","事業所数","500～999人","292産業用電気機械器具製造業"
"004","0150","08320","00000","2016000000","15","事業所数","500～999人","293民生用電気機械器具製造業"
"004","0150","08370","00000","2016000000","8","事業所数","500～999人","294電球・電気照明器具製造業"
"004","0150","08400","00000","2016000000","8","事業所数","500～999人","295電池製造業"
"004","0150","08430","00000","2016000000","2","事業所数","500～999人","296電子応用装置製造業"
"004","0150","08470","00000","2016000000","6","事業所数","500～999人","297電気計測器製造業"
"004","0150","08510","00000","2016000000","3","事業所数","500～999人","299その他の電気機械器具製造業"
"004","0150","08530","00000","2016000000","45","事業所数","500～999人","30情報通信機械器具製造業"
"004","0150","08540","00000","2016000000","2","事業所数","500～999人","300管理，補助的経済活動を行う事業所"
"004","0150","08570","00000","2016000000","20","事業所数","500～999人","301通信機械器具・同関連機械器具製造業"
"004","0150","08640","00000","2016000000","7","事業所数","500～999人","302映像・音響機械器具製造業"
"004","0150","08680","00000","2016000000","16","事業所数","500～999人","303電子計算機・同附属装置製造業"
"004","0150","08750","00000","2016000000","172","事業所数","500～999人","31輸送用機械器具製造業"
"004","0150","08760","00000","2016000000","8","事業所数","500～999人","310管理，補助的経済活動を行う事業所"
"004","0150","08790","00000","2016000000","130","事業所数","500～999人","311自動車・同附属品製造業"
"004","0150","08830","00000","2016000000","5","事業所数","500～999人","312鉄道車両・同部分品製造業"
"004","0150","08860","00000","2016000000","14","事業所数","500～999人","313船舶製造・修理業，舶用機関製造業"
"004","0150","08910","00000","2016000000","9","事業所数","500～999人","314航空機・同附属品製造業"
"004","0150","08950","00000","2016000000","4","事業所数","500～999人","315産業用運搬車両・同部分品・附属品製造業"
"004","0150","08980","00000","2016000000","2","事業所数","500～999人","319その他の輸送用機械器具製造業"
"004","0150","09010","00000","2016000000","14","事業所数","500～999人","32その他の製造業"
"004","0150","09020","00000","2016000000","1","事業所数","500～999人","320管理，補助的経済活動を行う事業所"
"004","0150","09150","00000","2016000000","2","事業所数","500～999人","323時計・同部分品製造業"
"004","0150","09200","00000","2016000000","3","事業所数","500～999人","325がん具・運動用具製造業"
"004","0150","09210","00000","2016000000","2","事業所数","500～999人","32Aがん具製造業"
"004","0150","09240","00000","2016000000","1","事業所数","500～999人","32B運動用具製造業"
"004","0150","09390","00000","2016000000","8","事業所数","500～999人","329他に分類されない製造業"
"004","0150","09420","00000","2016000000","8","事業所数","500～999人","32D他に分類されないその他の製造業"
"004","0150","09500","00000","2016000000","18","事業所数","500～999人","F電気・ガス・熱供給・水道業"
"004","0150","09510","00000","2016000000","12","事業所数","500～999人","33電気業"
"004","0150","09520","00000","2016000000","7","事業所数","500～999人","330管理，補助的経済活動を行う事業所"
"004","0150","09530","00000","2016000000","5","事業所数","500～999人","331電気業"
"004","0150","09540","00000","2016000000","6","事業所数","500～999人","34ガス業"
"004","0150","09550","00000","2016000000","6","事業所数","500～999人","340管理，補助的経済活動を行う事業所"
"004","0150","09650","00000","2016000000","239","事業所数","500～999人","G情報通信業"
"004","0150","09660","00000","2016000000","52","事業所数","500～999人","G1情報通信業（通信業，放送業，映像・音声・文字情報制作業）"
"004","0150","09670","00000","2016000000","22","事業所数","500～999人","37通信業"
"004","0150","09690","00000","2016000000","7","事業所数","500～999人","371固定電気通信業"
"004","0150","09700","00000","2016000000","9","事業所数","500～999人","372移動電気通信業"
"004","0150","09710","00000","2016000000","6","事業所数","500～999人","373電気通信に附帯するサービス業"
"004","0150","09720","00000","2016000000","6","事業所数","500～999人","38放送業"
"004","0150","09740","00000","2016000000","1","事業所数","500～999人","381公共放送業（有線放送業を除く）"
"004","0150","09750","00000","2016000000","4","事業所数","500～999人","382民間放送業（有線放送業を除く）"
"004","0150","09770","00000","2016000000","1","事業所数","500～999人","383有線放送業"
"004","0150","09780","00000","2016000000","23","事業所数","500～999人","41映像・音声・文字情報制作業"
"004","0150","09800","00000","2016000000","3","事業所数","500～999人","411映像情報制作・配給業"
"004","0150","09810","00000","2016000000","1","事業所数","500～999人","412音声情報制作業"
"004","0150","09820","00000","2016000000","9","事業所数","500～999人","413新聞業"
"004","0150","09830","00000","2016000000","6","事業所数","500～999人","414出版業"
"004","0150","09840","00000","2016000000","2","事業所数","500～999人","415広告制作業"
"004","0150","09850","00000","2016000000","2","事業所数","500～999人","416映像・音声・文字情報制作に附帯するサービス業"
"004","0150","09860","00000","2016000000","187","事業所数","500～999人","G2情報通信業（情報サービス業，インターネット附随サービス業）"
"004","0150","09870","00000","2016000000","177","事業所数","500～999人","39情報サービス業"
"004","0150","09910","00000","2016000000","141","事業所数","500～999人","391ソフトウェア業"
"004","0150","09960","00000","2016000000","36","事業所数","500～999人","392情報処理・提供サービス業"
"004","0150","09970","00000","2016000000","25","事業所数","500～999人","39A情報処理サービス業"
"004","0150","09990","00000","2016000000","3","事業所数","500～999人","39B情報提供サービス業"
"004","0150","10010","00000","2016000000","8","事業所数","500～999人","39Cその他の情報処理・提供サービス業"
"004","0150","10040","00000","2016000000","10","事業所数","500～999人","40インターネット附随サービス業"
"004","0150","10080","00000","2016000000","10","事業所数","500～999人","401インターネット附随サービス業"
"004","0150","10120","00000","2016000000","182","事業所数","500～999人","H運輸業，郵便業"
"004","0150","10130","00000","2016000000","29","事業所数","500～999人","42鉄道業"
"004","0150","10140","00000","2016000000","13","事業所数","500～999人","420管理，補助的経済活動を行う事業所"
"004","0150","10150","00000","2016000000","16","事業所数","500～999人","421鉄道業"
"004","0150","10160","00000","2016000000","17","事業所数","500～999人","43道路旅客運送業"
"004","0150","10180","00000","2016000000","1","事業所数","500～999人","431一般乗合旅客自動車運送業"
"004","0150","10190","00000","2016000000","16","事業所数","500～999人","432一般乗用旅客自動車運送業"
"004","0150","10220","00000","2016000000","50","事業所数","500～999人","44道路貨物運送業"
"004","0150","10230","00000","2016000000","2","事業所数","500～999人","440管理，補助的経済活動を行う事業所"
"004","0150","10240","00000","2016000000","48","事業所数","500～999人","441一般貨物自動車運送業"
"004","0150","10290","00000","2016000000","3","事業所数","500～999人","45水運業"
"004","0150","10310","00000","2016000000","3","事業所数","500～999人","451外航海運業"
"004","0150","10350","00000","2016000000","8","事業所数","500～999人","46航空運輸業"
"004","0150","10360","00000","2016000000","1","事業所数","500～999人","460管理，補助的経済活動を行う事業所"
"004","0150","10370","00000","2016000000","7","事業所数","500～999人","461航空運送業"
"004","0150","10390","00000","2016000000","8","事業所数","500～999人","47倉庫業"
"004","0150","10400","00000","2016000000","1","事業所数","500～999人","470管理，補助的経済活動を行う事業所"
"004","0150","10410","00000","2016000000","6","事業所数","500～999人","471倉庫業（冷蔵倉庫業を除く）"
"004","0150","10420","00000","2016000000","1","事業所数","500～999人","472冷蔵倉庫業"
"004","0150","10430","00000","2016000000","23","事業所数","500～999人","48運輸に附帯するサービス業"
"004","0150","10440","00000","2016000000","2","事業所数","500～999人","480管理，補助的経済活動を行う事業所"
"004","0150","10450","00000","2016000000","1","事業所数","500～999人","481港湾運送業"
"004","0150","10460","00000","2016000000","3","事業所数","500～999人","482貨物運送取扱業（集配利用運送業を除く）"
"004","0150","10480","00000","2016000000","2","事業所数","500～999人","484こん包業"
"004","0150","10490","00000","2016000000","1","事業所数","500～999人","485運輸施設提供業"
"004","0150","10500","00000","2016000000","14","事業所数","500～999人","489その他の運輸に附帯するサービス業"
"004","0150","10510","00000","2016000000","44","事業所数","500～999人","49郵便業（信書便事業を含む）"
"004","0150","10530","00000","2016000000","44","事業所数","500～999人","491郵便業（信書便事業を含む）"
"004","0150","10540","00000","2016000000","314","事業所数","500～999人","I卸売業，小売業"
"004","0150","10550","00000","2016000000","213","事業所数","500～999人","I1卸売業"
"004","0150","10560","00000","2016000000","2","事業所数","500～999人","50各種商品卸売業"
"004","0150","10610","00000","2016000000","2","事業所数","500～999人","501各種商品卸売業"
"004","0150","10620","00000","2016000000","2","事業所数","500～999人","50A各種商品卸売業（従業者が常時100人以上のもの）"
"004","0150","10660","00000","2016000000","22","事業所数","500～999人","51繊維・衣服等卸売業"
"004","0150","10710","00000","2016000000","4","事業所数","500～999人","511繊維品卸売業（衣服，身の回り品を除く）"
"004","0150","10750","00000","2016000000","16","事業所数","500～999人","512衣服卸売業"
"004","0150","10800","00000","2016000000","2","事業所数","500～999人","513身の回り品卸売業"
"004","0150","10850","00000","2016000000","17","事業所数","500～999人","52飲食料品卸売業"
"004","0150","10900","00000","2016000000","5","事業所数","500～999人","521農畜産物・水産物卸売業"
"004","0150","10910","00000","2016000000","1","事業所数","500～999人","52A米穀類卸売業"
"004","0150","10940","00000","2016000000","2","事業所数","500～999人","52B野菜・果実卸売業"
"004","0150","10970","00000","2016000000","1","事業所数","500～999人","52C食肉卸売業"
"004","0150","11010","00000","2016000000","1","事業所数","500～999人","52Eその他の農畜産物・水産物卸売業"
"004","0150","11030","00000","2016000000","12","事業所数","500～999人","522食料・飲料卸売業"
"004","0150","11120","00000","2016000000","28","事業所数","500～999人","53建築材料，鉱物・金属材料等卸売業"
"004","0150","11130","00000","2016000000","3","事業所数","500～999人","530管理，補助的経済活動を行う事業所"
"004","0150","11170","00000","2016000000","3","事業所数","500～999人","531建築材料卸売業"
"004","0150","11230","00000","2016000000","8","事業所数","500～999人","532化学製品卸売業"
"004","0150","11270","00000","2016000000","3","事業所数","500～999人","533石油・鉱物卸売業"
"004","0150","11300","00000","2016000000","9","事業所数","500～999人","534鉄鋼製品卸売業"
"004","0150","11340","00000","2016000000","2","事業所数","500～999人","535非鉄金属卸売業"
"004","0150","11430","00000","2016000000","82","事業所数","500～999人","54機械器具卸売業"
"004","0150","11440","00000","2016000000","5","事業所数","500～999人","540管理，補助的経済活動を行う事業所"
"004","0150","11480","00000","2016000000","27","事業所数","500～999人","541産業機械器具卸売業"
"004","0150","11540","00000","2016000000","2","事業所数","500～999人","542自動車卸売業"
"004","0150","11580","00000","2016000000","42","事業所数","500～999人","543電気機械器具卸売業"
"004","0150","11610","00000","2016000000","6","事業所数","500～999人","549その他の機械器具卸売業"
"004","0150","11650","00000","2016000000","62","事業所数","500～999人","55その他の卸売業"
"004","0150","11660","00000","2016000000","4","事業所数","500～999人","550管理，補助的経済活動を行う事業所"
"004","0150","11700","00000","2016000000","3","事業所数","500～999人","551家具・建具・じゅう器等卸売業"
"004","0150","11770","00000","2016000000","37","事業所数","500～999人","552医薬品・化粧品等卸売業"
"004","0150","11820","00000","2016000000","4","事業所数","500～999人","553紙・紙製品卸売業"
"004","0150","11850","00000","2016000000","14","事業所数","500～999人","559他に分類されない卸売業"
"004","0150","11880","00000","2016000000","14","事業所数","500～999人","55B他に分類されないその他の卸売業"
"004","0150","11970","00000","2016000000","101","事業所数","500～999人","I2小売業"
"004","0150","11980","00000","2016000000","48","事業所数","500～999人","56各種商品小売業"
"004","0150","11990","00000","2016000000","5","事業所数","500～999人","560管理，補助的経済活動を行う事業所"
"004","0150","12030","00000","2016000000","43","事業所数","500～999人","561百貨店，総合スーパー"
"004","0150","12070","00000","2016000000","6","事業所数","500～999人","57織物・衣服・身の回り品小売業"
"004","0150","12080","00000","2016000000","4","事業所数","500～999人","570管理，補助的経済活動を行う事業所"
"004","0150","12170","00000","2016000000","2","事業所数","500～999人","573婦人・子供服小売業"
"004","0150","12280","00000","2016000000","14","事業所数","500～999人","58飲食料品小売業"
"004","0150","12290","00000","2016000000","7","事業所数","500～999人","580管理，補助的経済活動を行う事業所"
"004","0150","12330","00000","2016000000","3","事業所数","500～999人","581各種食料品小売業"
"004","0150","12450","00000","2016000000","2","事業所数","500～999人","586菓子・パン小売業"
"004","0150","12500","00000","2016000000","2","事業所数","500～999人","589その他の飲食料品小売業"
"004","0150","12510","00000","2016000000","1","事業所数","500～999人","58A料理品小売業"
"004","0150","12530","00000","2016000000","1","事業所数","500～999人","58B他に分類されない飲食料品小売業"
"004","0150","12620","00000","2016000000","3","事業所数","500～999人","59機械器具小売業"
"004","0150","12670","00000","2016000000","1","事業所数","500～999人","591自動車小売業"
"004","0150","12740","00000","2016000000","2","事業所数","500～999人","593機械器具小売業（自動車，自転車を除く）"
"004","0150","12790","00000","2016000000","12","事業所数","500～999人","60その他の小売業"
"004","0150","12800","00000","2016000000","3","事業所数","500～999人","600管理，補助的経済活動を行う事業所"
"004","0150","12940","00000","2016000000","3","事業所数","500～999人","603医薬品・化粧品小売業"
"004","0150","13030","00000","2016000000","1","事業所数","500～999人","605燃料小売業"
"004","0150","13110","00000","2016000000","2","事業所数","500～999人","607スポーツ用品・がん具・娯楽用品・楽器小売業"
"004","0150","13120","00000","2016000000","1","事業所数","500～999人","60Aスポーツ用品小売業"
"004","0150","13140","00000","2016000000","1","事業所数","500～999人","60Bがん具・娯楽用品小売業"
"004","0150","13210","00000","2016000000","3","事業所数","500～999人","609他に分類されない小売業"
"004","0150","13240","00000","2016000000","1","事業所数","500～999人","60Eペット・ペット用品小売業"
"004","0150","13290","00000","2016000000","2","事業所数","500～999人","60G他に分類されないその他の小売業"
"004","0150","13350","00000","2016000000","18","事業所数","500～999人","61無店舗小売業"
"004","0150","13400","00000","2016000000","17","事業所数","500～999人","611通信販売・訪問販売小売業"
"004","0150","13480","00000","2016000000","1","事業所数","500～999人","619その他の無店舗小売業"
"004","0150","13500","00000","2016000000","109","事業所数","500～999人","J金融業，保険業"
"004","0150","13510","00000","2016000000","41","事業所数","500～999人","62銀行業"
"004","0150","13520","00000","2016000000","2","事業所数","500～999人","620管理，補助的経済活動を行う事業所"
"004","0150","13540","00000","2016000000","39","事業所数","500～999人","622銀行（中央銀行を除く）"
"004","0150","13560","00000","2016000000","6","事業所数","500～999人","63協同組織金融業"
"004","0150","13580","00000","2016000000","6","事業所数","500～999人","631中小企業等金融業"
"004","0150","13600","00000","2016000000","15","事業所数","500～999人","64貸金業，クレジットカード業等非預金信用機関"
"004","0150","13620","00000","2016000000","3","事業所数","500～999人","641貸金業"
"004","0150","13640","00000","2016000000","9","事業所数","500～999人","643クレジットカード業，割賦金融業"
"004","0150","13650","00000","2016000000","3","事業所数","500～999人","649その他の非預金信用機関"
"004","0150","13660","00000","2016000000","11","事業所数","500～999人","65金融商品取引業，商品先物取引業"
"004","0150","13680","00000","2016000000","11","事業所数","500～999人","651金融商品取引業"
"004","0150","13700","00000","2016000000","2","事業所数","500～999人","66補助的金融業等"
"004","0150","13720","00000","2016000000","1","事業所数","500～999人","661補助的金融業，金融附帯業"
"004","0150","13740","00000","2016000000","1","事業所数","500～999人","663金融代理業"
"004","0150","13750","00000","2016000000","34","事業所数","500～999人","67保険業（保険媒介代理業，保険サービス業を含む）"
"004","0150","13760","00000","2016000000","2","事業所数","500～999人","670管理，補助的経済活動を行う事業所"
"004","0150","13770","00000","2016000000","16","事業所数","500～999人","671生命保険業"
"004","0150","13780","00000","2016000000","13","事業所数","500～999人","672損害保険業"
"004","0150","13800","00000","2016000000","2","事業所数","500～999人","674保険媒介代理業"
"004","0150","13810","00000","2016000000","1","事業所数","500～999人","675保険サービス業"
"004","0150","13820","00000","2016000000","47","事業所数","500～999人","K不動産業，物品賃貸業"
"004","0150","13830","00000","2016000000","35","事業所数","500～999人","K1不動産業"
"004","0150","13840","00000","2016000000","7","事業所数","500～999人","68不動産取引業"
"004","0150","13850","00000","2016000000","1","事業所数","500～999人","680管理，補助的経済活動を行う事業所"
"004","0150","13880","00000","2016000000","4","事業所数","500～999人","681建物売買業，土地売買業"
"004","0150","13910","00000","2016000000","2","事業所数","500～999人","682不動産代理業・仲介業"
"004","0150","13930","00000","2016000000","27","事業所数","500～999人","69不動産賃貸業・管理業"
"004","0150","13970","00000","2016000000","5","事業所数","500～999人","691不動産賃貸業（貸家業，貸間業を除く）"
"004","0150","14010","00000","2016000000","3","事業所数","500～999人","692貸家業，貸間業"
"004","0150","14040","00000","2016000000","1","事業所数","500～999人","693駐車場業"
"004","0150","14060","00000","2016000000","18","事業所数","500～999人","694不動産管理業"
"004","0150","14080","00000","2016000000","12","事業所数","500～999人","K2物品賃貸業"
"004","0150","14090","00000","2016000000","12","事業所数","500～999人","70物品賃貸業"
"004","0150","14100","00000","2016000000","2","事業所数","500～999人","700管理，補助的経済活動を行う事業所"
"004","0150","14130","00000","2016000000","4","事業所数","500～999人","701各種物品賃貸業"
"004","0150","14160","00000","2016000000","3","事業所数","500～999人","702産業用機械器具賃貸業"
"004","0150","14220","00000","2016000000","3","事業所数","500～999人","704自動車賃貸業"
"004","0150","14330","00000","2016000000","136","事業所数","500～999人","L学術研究，専門・技術サービス業"
"004","0150","14340","00000","2016000000","51","事業所数","500～999人","71学術・開発研究機関"
"004","0150","14350","00000","2016000000","1","事業所数","500～999人","710管理，補助的経済活動を行う事業所"
"004","0150","14370","00000","2016000000","50","事業所数","500～999人","711自然科学研究所"
"004","0150","14440","00000","2016000000","21","事業所数","500～999人","72専門サービス業（他に分類されないもの）"
"004","0150","14470","00000","2016000000","2","事業所数","500～999人","721法律事務所，特許事務所"
"004","0150","14480","00000","2016000000","1","事業所数","500～999人","72A法律事務所"
"004","0150","14500","00000","2016000000","1","事業所数","500～999人","72B特許事務所"
"004","0150","14570","00000","2016000000","6","事業所数","500～999人","724公認会計士事務所，税理士事務所"
"004","0150","14580","00000","2016000000","4","事業所数","500～999人","72C公認会計士事務所"
"004","0150","14600","00000","2016000000","2","事業所数","500～999人","72D税理士事務所"
"004","0150","14690","00000","2016000000","9","事業所数","500～999人","728経営コンサルタント業，純粋持株会社"
"004","0150","14700","00000","2016000000","5","事業所数","500～999人","72E経営コンサルタント業"
"004","0150","14720","00000","2016000000","4","事業所数","500～999人","72F純粋持株会社"
"004","0150","14740","00000","2016000000","4","事業所数","500～999人","729その他の専門サービス業"
"004","0150","14750","00000","2016000000","1","事業所数","500～999人","72G興信所"
"004","0150","14770","00000","2016000000","3","事業所数","500～999人","72H他に分類されない専門サービス業"
"004","0150","14820","00000","2016000000","15","事業所数","500～999人","73広告業"
"004","0150","14860","00000","2016000000","15","事業所数","500～999人","731広告業"
"004","0150","14880","00000","2016000000","49","事業所数","500～999人","74技術サービス業（他に分類されないもの）"
"004","0150","14930","00000","2016000000","7","事業所数","500～999人","742土木建築サービス業"
"004","0150","14940","00000","2016000000","6","事業所数","500～999人","74A建築設計業"
"004","0150","14960","00000","2016000000","1","事業所数","500～999人","74B測量業"
"004","0150","15000","00000","2016000000","23","事業所数","500～999人","743機械設計業"
"004","0150","15020","00000","2016000000","3","事業所数","500～999人","744商品・非破壊検査業"
"004","0150","15050","00000","2016000000","1","事業所数","500～999人","745計量証明業"
"004","0150","15090","00000","2016000000","1","事業所数","500～999人","746写真業"
"004","0150","15120","00000","2016000000","14","事業所数","500～999人","749その他の技術サービス業"
"004","0150","15140","00000","2016000000","77","事業所数","500～999人","M宿泊業，飲食サービス業"
"004","0150","15150","00000","2016000000","46","事業所数","500～999人","M1宿泊業"
"004","0150","15160","00000","2016000000","46","事業所数","500～999人","75宿泊業"
"004","0150","15200","00000","2016000000","43","事業所数","500～999人","751旅館，ホテル"
"004","0150","15260","00000","2016000000","3","事業所数","500～999人","759その他の宿泊業"
"004","0150","15290","00000","2016000000","3","事業所数","500～999人","75B他に分類されない宿泊業"
"004","0150","15320","00000","2016000000","31","事業所数","500～999人","M2飲食店，持ち帰り・配達飲食サービス業"
"004","0150","15330","00000","2016000000","15","事業所数","500～999人","76飲食店"
"004","0150","15340","00000","2016000000","2","事業所数","500～999人","760管理，補助的経済活動を行う事業所"
"004","0150","15370","00000","2016000000","1","事業所数","500～999人","761食堂，レストラン（専門料理店を除く）"
"004","0150","15390","00000","2016000000","5","事業所数","500～999人","762専門料理店"
"004","0150","15420","00000","2016000000","1","事業所数","500～999人","76B中華料理店"
"004","0150","15470","00000","2016000000","4","事業所数","500～999人","76Dその他の専門料理店"
"004","0150","15520","00000","2016000000","1","事業所数","500～999人","764すし店"
"004","0150","15540","00000","2016000000","1","事業所数","500～999人","765酒場，ビヤホール"
"004","0150","15580","00000","2016000000","1","事業所数","500～999人","767喫茶店"
"004","0150","15600","00000","2016000000","4","事業所数","500～999人","769その他の飲食店"
"004","0150","15610","00000","2016000000","4","事業所数","500～999人","76Eハンバーガー店"
"004","0150","15670","00000","2016000000","16","事業所数","500～999人","77持ち帰り・配達飲食サービス業"
"004","0150","15680","00000","2016000000","1","事業所数","500～999人","770管理，補助的経済活動を行う事業所"
"004","0150","15730","00000","2016000000","15","事業所数","500～999人","772配達飲食サービス業"
"004","0150","15750","00000","2016000000","31","事業所数","500～999人","N生活関連サービス業，娯楽業"
"004","0150","15760","00000","2016000000","9","事業所数","500～999人","78洗濯・理容・美容・浴場業"
"004","0150","15770","00000","2016000000","1","事業所数","500～999人","780管理，補助的経済活動を行う事業所"
"004","0150","15800","00000","2016000000","4","事業所数","500～999人","781洗濯業"
"004","0150","15840","00000","2016000000","4","事業所数","500～999人","78Bリネンサプライ業"
"004","0150","15880","00000","2016000000","1","事業所数","500～999人","783美容業"
"004","0150","15940","00000","2016000000","3","事業所数","500～999人","789その他の洗濯・理容・美容・浴場業"
"004","0150","16000","00000","2016000000","11","事業所数","500～999人","79その他の生活関連サービス業"
"004","0150","16040","00000","2016000000","7","事業所数","500～999人","791旅行業"
"004","0150","16070","00000","2016000000","1","事業所数","500～999人","793衣服裁縫修理業"
"004","0150","16090","00000","2016000000","2","事業所数","500～999人","794物品預り業"
"004","0150","16140","00000","2016000000","1","事業所数","500～999人","796冠婚葬祭業"
"004","0150","16170","00000","2016000000","1","事業所数","500～999人","79B結婚式場業"
"004","0150","16280","00000","2016000000","11","事業所数","500～999人","80娯楽業"
"004","0150","16290","00000","2016000000","2","事業所数","500～999人","800管理，補助的経済活動を行う事業所"
"004","0150","16340","00000","2016000000","1","事業所数","500～999人","802興行場（別掲を除く），興行団"
"004","0150","16400","00000","2016000000","1","事業所数","500～999人","803競輪・競馬等の競走場，競技団"
"004","0150","16640","00000","2016000000","4","事業所数","500～999人","805公園，遊園地"
"004","0150","16680","00000","2016000000","2","事業所数","500～999人","806遊戯場"
"004","0150","16710","00000","2016000000","2","事業所数","500～999人","80Kパチンコホール"
"004","0150","16790","00000","2016000000","1","事業所数","500～999人","809その他の娯楽業"
"004","0150","16820","00000","2016000000","1","事業所数","500～999人","80P他に分類されない娯楽業"
"004","0150","16890","00000","2016000000","183","事業所数","500～999人","O教育，学習支援業"
"004","0150","16900","00000","2016000000","168","事業所数","500～999人","O1教育，学習支援業（学校教育）"
"004","0150","16910","00000","2016000000","168","事業所数","500～999人","81学校教育"
"004","0150","16920","00000","2016000000","2","事業所数","500～999人","810管理，補助的経済活動を行う事業所"
"004","0150","17070","00000","2016000000","161","事業所数","500～999人","816高等教育機関"
"004","0150","17110","00000","2016000000","5","事業所数","500～999人","817専修学校，各種学校"
"004","0150","17160","00000","2016000000","15","事業所数","500～999人","O2教育，学習支援業（その他の教育，学習支援業）"
"004","0150","17170","00000","2016000000","15","事業所数","500～999人","82その他の教育，学習支援業"
"004","0150","17210","00000","2016000000","2","事業所数","500～999人","821社会教育"
"004","0150","17240","00000","2016000000","1","事業所数","500～999人","82B図書館"
"004","0150","17280","00000","2016000000","1","事業所数","500～999人","82D動物園，植物園，水族館"
"004","0150","17340","00000","2016000000","3","事業所数","500～999人","822職業・教育支援施設"
"004","0150","17380","00000","2016000000","2","事業所数","500～999人","823学習塾"
"004","0150","17400","00000","2016000000","6","事業所数","500～999人","824教養・技能教授業"
"004","0150","17490","00000","2016000000","3","事業所数","500～999人","82K外国語会話教授業"
"004","0150","17510","00000","2016000000","1","事業所数","500～999人","82Lスポーツ・健康教授業"
"004","0150","17530","00000","2016000000","2","事業所数","500～999人","82Mその他の教養・技能教授業"
"004","0150","17550","00000","2016000000","2","事業所数","500～999人","829他に分類されない教育，学習支援業"
"004","0150","17570","00000","2016000000","605","事業所数","500～999人","P医療，福祉"
"004","0150","17580","00000","2016000000","592","事業所数","500～999人","83医療業"
"004","0150","17590","00000","2016000000","2","事業所数","500～999人","830管理，補助的経済活動を行う事業所"
"004","0150","17620","00000","2016000000","575","事業所数","500～999人","831病院"
"004","0150","17650","00000","2016000000","11","事業所数","500～999人","832一般診療所"
"004","0150","17780","00000","2016000000","4","事業所数","500～999人","836医療に附帯するサービス業"
"004","0150","17810","00000","2016000000","4","事業所数","500～999人","83Dその他の医療に附帯するサービス業"
"004","0150","17830","00000","2016000000","2","事業所数","500～999人","84保健衛生"
"004","0150","17870","00000","2016000000","2","事業所数","500～999人","842健康相談施設"
"004","0150","17960","00000","2016000000","11","事業所数","500～999人","85社会保険・社会福祉・介護事業"
"004","0150","17970","00000","2016000000","1","事業所数","500～999人","850管理，補助的経済活動を行う事業所"
"004","0150","18000","00000","2016000000","1","事業所数","500～999人","851社会保険事業団体"
"004","0150","18020","00000","2016000000","2","事業所数","500～999人","853児童福祉事業"
"004","0150","18030","00000","2016000000","1","事業所数","500～999人","85A保育所"
"004","0150","18050","00000","2016000000","1","事業所数","500～999人","85Bその他の児童福祉事業"
"004","0150","18070","00000","2016000000","6","事業所数","500～999人","854老人福祉・介護事業"
"004","0150","18120","00000","2016000000","1","事業所数","500～999人","85E通所・短期入所介護事業"
"004","0150","18140","00000","2016000000","1","事業所数","500～999人","85F訪問介護事業"
"004","0150","18180","00000","2016000000","4","事業所数","500～999人","85H有料老人ホーム"
"004","0150","18220","00000","2016000000","1","事業所数","500～999人","855障害者福祉事業"
"004","0150","18300","00000","2016000000","51","事業所数","500～999人","Q複合サービス事業"
"004","0150","18310","00000","2016000000","48","事業所数","500～999人","Q1複合サービス事業（郵便局）"
"004","0150","18320","00000","2016000000","48","事業所数","500～999人","86郵便局"
"004","0150","18330","00000","2016000000","8","事業所数","500～999人","860管理，補助的経済活動を行う事業所"
"004","0150","18340","00000","2016000000","40","事業所数","500～999人","861郵便局"
"004","0150","18370","00000","2016000000","3","事業所数","500～999人","Q2複合サービス事業（協同組合）"
"004","0150","18380","00000","2016000000","3","事業所数","500～999人","87協同組合（他に分類されないもの）"
"004","0150","18410","00000","2016000000","3","事業所数","500～999人","871農林水産業協同組合（他に分類されないもの）"
"004","0150","18480","00000","2016000000","501","事業所数","500～999人","Rサービス業（他に分類されないもの）"
"004","0150","18490","00000","2016000000","8","事業所数","500～999人","R1サービス業（政治・経済・文化団体，宗教）"
"004","0150","18500","00000","2016000000","5","事業所数","500～999人","93政治・経済・文化団体"
"004","0150","18510","00000","2016000000","1","事業所数","500～999人","931経済団体"
"004","0150","18540","00000","2016000000","1","事業所数","500～999人","934政治団体"
"004","0150","18550","00000","2016000000","3","事業所数","500～999人","939他に分類されない非営利的団体"
"004","0150","18560","00000","2016000000","3","事業所数","500～999人","94宗教"
"004","0150","18570","00000","2016000000","1","事業所数","500～999人","941神道系宗教"
"004","0150","18600","00000","2016000000","2","事業所数","500～999人","949その他の宗教"
"004","0150","18610","00000","2016000000","493","事業所数","500～999人","R2サービス業（政治・経済・文化団体，宗教を除く）"
"004","0150","18870","00000","2016000000","8","事業所数","500～999人","90機械等修理業（別掲を除く）"
"004","0150","18910","00000","2016000000","3","事業所数","500～999人","901機械修理業（電気機械器具を除く）"
"004","0150","18940","00000","2016000000","5","事業所数","500～999人","902電気機械器具修理業"
"004","0150","19040","00000","2016000000","160","事業所数","500～999人","91職業紹介・労働者派遣業"
"004","0150","19050","00000","2016000000","1","事業所数","500～999人","910管理，補助的経済活動を行う事業所"
"004","0150","19080","00000","2016000000","7","事業所数","500～999人","911職業紹介業"
"004","0150","19100","00000","2016000000","152","事業所数","500～999人","912労働者派遣業"
"004","0150","19120","00000","2016000000","324","事業所数","500～999人","92その他の事業サービス業"
"004","0150","19190","00000","2016000000","147","事業所数","500～999人","922建物サービス業"
"004","0150","19220","00000","2016000000","43","事業所数","500～999人","923警備業"
"004","0150","19240","00000","2016000000","134","事業所数","500～999人","929他に分類されない事業サービス業"
"004","0180","00010","00000","2016000000","1571","事業所数","1,000人以上","A～R全産業（Ｓ公務を除く）"
"004","0180","00800","00000","2016000000","1571","事業所数","1,000人以上","C～R非農林漁業（Ｓ公務を除く）"
"004","0180","01220","00000","2016000000","35","事業所数","1,000人以上","D建設業"
"004","0180","01230","00000","2016000000","18","事業所数","1,000人以上","06総合工事業"
"004","0180","01250","00000","2016000000","4","事業所数","1,000人以上","061一般土木建築工事業"
"004","0180","01270","00000","2016000000","1","事業所数","1,000人以上","063舗装工事業"
"004","0180","01280","00000","2016000000","13","事業所数","1,000人以上","064建築工事業（木造建築工事業を除く)"
"004","0180","01420","00000","2016000000","17","事業所数","1,000人以上","08設備工事業"
"004","0180","01440","00000","2016000000","5","事業所数","1,000人以上","081電気工事業"
"004","0180","01450","00000","2016000000","5","事業所数","1,000人以上","082電気通信・信号装置工事業"
"004","0180","01460","00000","2016000000","2","事業所数","1,000人以上","083管工事業（さく井工事業を除く）"
"004","0180","01470","00000","2016000000","5","事業所数","1,000人以上","084機械器具設置工事業"
"004","0180","01490","00000","2016000000","484","事業所数","1,000人以上","E製造業"
"004","0180","01500","00000","2016000000","23","事業所数","1,000人以上","09食料品製造業"
"004","0180","01510","00000","2016000000","1","事業所数","1,000人以上","090管理，補助的経済活動を行う事業所"
"004","0180","01600","00000","2016000000","1","事業所数","1,000人以上","092水産食料品製造業"
"004","0180","01850","00000","2016000000","17","事業所数","1,000人以上","097パン・菓子製造業"
"004","0180","01940","00000","2016000000","4","事業所数","1,000人以上","099その他の食料品製造業"
"004","0180","02040","00000","2016000000","2","事業所数","1,000人以上","10飲料・たばこ・飼料製造業"
"004","0180","02100","00000","2016000000","2","事業所数","1,000人以上","102酒類製造業"
"004","0180","02280","00000","2016000000","2","事業所数","1,000人以上","11繊維工業"
"004","0180","02320","00000","2016000000","2","事業所数","1,000人以上","111製糸業，紡績業，化学繊維・ねん糸等製造業"
"004","0180","03310","00000","2016000000","1","事業所数","1,000人以上","13家具・装備品製造業"
"004","0180","03350","00000","2016000000","1","事業所数","1,000人以上","131家具製造業"
"004","0180","03480","00000","2016000000","1","事業所数","1,000人以上","14パルプ・紙・紙加工品製造業"
"004","0180","03710","00000","2016000000","1","事業所数","1,000人以上","149その他のパルプ・紙・紙加工品製造業"
"004","0180","03730","00000","2016000000","5","事業所数","1,000人以上","15印刷・同関連業"
"004","0180","03740","00000","2016000000","1","事業所数","1,000人以上","150管理，補助的経済活動を行う事業所"
"004","0180","03770","00000","2016000000","4","事業所数","1,000人以上","151印刷業"
"004","0180","03880","00000","2016000000","32","事業所数","1,000人以上","16化学工業"
"004","0180","03890","00000","2016000000","3","事業所数","1,000人以上","160管理，補助的経済活動を行う事業所"
"004","0180","04020","00000","2016000000","17","事業所数","1,000人以上","163有機化学工業製品製造業"
"004","0180","04100","00000","2016000000","1","事業所数","1,000人以上","164油脂加工製品・石けん・合成洗剤・界面活性剤・塗料製造業"
"004","0180","04180","00000","2016000000","6","事業所数","1,000人以上","165医薬品製造業"
"004","0180","04240","00000","2016000000","2","事業所数","1,000人以上","166化粧品・歯磨・その他の化粧用調整品製造業"
"004","0180","04280","00000","2016000000","3","事業所数","1,000人以上","169その他の化学工業"
"004","0180","04370","00000","2016000000","2","事業所数","1,000人以上","17石油製品・石炭製品製造業"
"004","0180","04380","00000","2016000000","2","事業所数","1,000人以上","170管理，補助的経済活動を行う事業所"
"004","0180","04510","00000","2016000000","6","事業所数","1,000人以上","18プラスチック製品製造業（別掲を除く）"
"004","0180","04550","00000","2016000000","1","事業所数","1,000人以上","181プラスチック板・棒・管・継手・異形押出製品製造業"
"004","0180","04610","00000","2016000000","2","事業所数","1,000人以上","182プラスチックフィルム・シート・床材・合成皮革製造業"
"004","0180","04670","00000","2016000000","1","事業所数","1,000人以上","183工業用プラスチック製品製造業"
"004","0180","04810","00000","2016000000","2","事業所数","1,000人以上","189その他のプラスチック製品製造業"
"004","0180","04860","00000","2016000000","13","事業所数","1,000人以上","19ゴム製品製造業"
"004","0180","04870","00000","2016000000","1","事業所数","1,000人以上","190管理，補助的経済活動を行う事業所"
"004","0180","04900","00000","2016000000","10","事業所数","1,000人以上","191タイヤ・チューブ製造業"
"004","0180","04960","00000","2016000000","2","事業所数","1,000人以上","193ゴムベルト・ゴムホース・工業用ゴム製品製造業"
"004","0180","05300","00000","2016000000","6","事業所数","1,000人以上","21窯業・土石製品製造業"
"004","0180","05340","00000","2016000000","3","事業所数","1,000人以上","211ガラス・同製品製造業"
"004","0180","05520","00000","2016000000","3","事業所数","1,000人以上","214陶磁器・同関連製品製造業"
"004","0180","05870","00000","2016000000","20","事業所数","1,000人以上","22鉄鋼業"
"004","0180","05880","00000","2016000000","1","事業所数","1,000人以上","220管理，補助的経済活動を行う事業所"
"004","0180","05910","00000","2016000000","12","事業所数","1,000人以上","221製鉄業"
"004","0180","05950","00000","2016000000","6","事業所数","1,000人以上","222製鋼・製鋼圧延業"
"004","0180","05970","00000","2016000000","1","事業所数","1,000人以上","223製鋼を行わない鋼材製造業（表面処理鋼材を除く）"
"004","0180","06210","00000","2016000000","8","事業所数","1,000人以上","23非鉄金属製造業"
"004","0180","06330","00000","2016000000","2","事業所数","1,000人以上","233非鉄金属・同合金圧延業（抽伸，押出しを含む）"
"004","0180","06370","00000","2016000000","3","事業所数","1,000人以上","234電線・ケーブル製造業"
"004","0180","06400","00000","2016000000","2","事業所数","1,000人以上","235非鉄金属素形材製造業"
"004","0180","06460","00000","2016000000","1","事業所数","1,000人以上","239その他の非鉄金属製造業"
"004","0180","06490","00000","2016000000","6","事業所数","1,000人以上","24金属製品製造業"
"004","0180","06500","00000","2016000000","1","事業所数","1,000人以上","240管理，補助的経済活動を行う事業所"
"004","0180","06630","00000","2016000000","1","事業所数","1,000人以上","243暖房・調理等装置，配管工事用附属品製造業"
"004","0180","06680","00000","2016000000","4","事業所数","1,000人以上","244建設用・建築用金属製品製造業（製缶板金業を含む)"
"004","0180","06950","00000","2016000000","36","事業所数","1,000人以上","25はん用機械器具製造業"
"004","0180","06960","00000","2016000000","1","事業所数","1,000人以上","250管理，補助的経済活動を行う事業所"
"004","0180","06990","00000","2016000000","12","事業所数","1,000人以上","251ボイラ・原動機製造業"
"004","0180","07040","00000","2016000000","5","事業所数","1,000人以上","252ポンプ・圧縮機器製造業"
"004","0180","07080","00000","2016000000","9","事業所数","1,000人以上","253一般産業用機械・装置製造業"
"004","0180","07140","00000","2016000000","9","事業所数","1,000人以上","259その他のはん用機械・同部分品製造業"
"004","0180","07220","00000","2016000000","31","事業所数","1,000人以上","26生産用機械器具製造業"
"004","0180","07230","00000","2016000000","3","事業所数","1,000人以上","260管理，補助的経済活動を行う事業所"
"004","0180","07260","00000","2016000000","2","事業所数","1,000人以上","261農業用機械製造業（農業用器具を除く）"
"004","0180","07280","00000","2016000000","5","事業所数","1,000人以上","262建設機械・鉱山機械製造業"
"004","0180","07300","00000","2016000000","1","事業所数","1,000人以上","263繊維機械製造業"
"004","0180","07420","00000","2016000000","3","事業所数","1,000人以上","265基礎素材産業用機械製造業"
"004","0180","07460","00000","2016000000","8","事業所数","1,000人以上","266金属加工機械製造業"
"004","0180","07510","00000","2016000000","5","事業所数","1,000人以上","267半導体・フラットパネルディスプレイ製造装置製造業"
"004","0180","07540","00000","2016000000","4","事業所数","1,000人以上","269その他の生産用機械・同部分品製造業"
"004","0180","07600","00000","2016000000","18","事業所数","1,000人以上","27業務用機械器具製造業"
"004","0180","07610","00000","2016000000","1","事業所数","1,000人以上","270管理，補助的経済活動を行う事業所"
"004","0180","07640","00000","2016000000","8","事業所数","1,000人以上","271事務用機械器具製造業"
"004","0180","07670","00000","2016000000","1","事業所数","1,000人以上","272サービス用・娯楽用機械器具製造業"
"004","0180","07720","00000","2016000000","2","事業所数","1,000人以上","273計量器・測定器・分析機器・試験機・測量機械器具・理化学機械器具製造業"
"004","0180","07820","00000","2016000000","2","事業所数","1,000人以上","274医療用機械器具・医療用品製造業"
"004","0180","07870","00000","2016000000","2","事業所数","1,000人以上","275光学機械器具・レンズ製造業"
"004","0180","07910","00000","2016000000","2","事業所数","1,000人以上","276武器製造業"
"004","0180","07930","00000","2016000000","43","事業所数","1,000人以上","28電子部品・デバイス・電子回路製造業"
"004","0180","07940","00000","2016000000","2","事業所数","1,000人以上","280管理，補助的経済活動を行う事業所"
"004","0180","07970","00000","2016000000","21","事業所数","1,000人以上","281電子デバイス製造業"
"004","0180","08030","00000","2016000000","6","事業所数","1,000人以上","282電子部品製造業"
"004","0180","08100","00000","2016000000","3","事業所数","1,000人以上","284電子回路製造業"
"004","0180","08130","00000","2016000000","1","事業所数","1,000人以上","285ユニット部品製造業"
"004","0180","08160","00000","2016000000","10","事業所数","1,000人以上","289その他の電子部品・デバイス・電子回路製造業"
"004","0180","08180","00000","2016000000","44","事業所数","1,000人以上","29電気機械器具製造業"
"004","0180","08190","00000","2016000000","2","事業所数","1,000人以上","290管理，補助的経済活動を行う事業所"
"004","0180","08220","00000","2016000000","12","事業所数","1,000人以上","291発電用・送電用・配電用電気機械器具製造業"
"004","0180","08280","00000","2016000000","11","事業所数","1,000人以上","292産業用電気機械器具製造業"
"004","0180","08320","00000","2016000000","6","事業所数","1,000人以上","293民生用電気機械器具製造業"
"004","0180","08370","00000","2016000000","4","事業所数","1,000人以上","294電球・電気照明器具製造業"
"004","0180","08400","00000","2016000000","2","事業所数","1,000人以上","295電池製造業"
"004","0180","08430","00000","2016000000","3","事業所数","1,000人以上","296電子応用装置製造業"
"004","0180","08470","00000","2016000000","2","事業所数","1,000人以上","297電気計測器製造業"
"004","0180","08510","00000","2016000000","2","事業所数","1,000人以上","299その他の電気機械器具製造業"
"004","0180","08530","00000","2016000000","30","事業所数","1,000人以上","30情報通信機械器具製造業"
"004","0180","08540","00000","2016000000","3","事業所数","1,000人以上","300管理，補助的経済活動を行う事業所"
"004","0180","08570","00000","2016000000","14","事業所数","1,000人以上","301通信機械器具・同関連機械器具製造業"
"004","0180","08640","00000","2016000000","6","事業所数","1,000人以上","302映像・音響機械器具製造業"
"004","0180","08680","00000","2016000000","7","事業所数","1,000人以上","303電子計算機・同附属装置製造業"
"004","0180","08750","00000","2016000000","153","事業所数","1,000人以上","31輸送用機械器具製造業"
"004","0180","08760","00000","2016000000","5","事業所数","1,000人以上","310管理，補助的経済活動を行う事業所"
"004","0180","08790","00000","2016000000","122","事業所数","1,000人以上","311自動車・同附属品製造業"
"004","0180","08830","00000","2016000000","6","事業所数","1,000人以上","312鉄道車両・同部分品製造業"
"004","0180","08860","00000","2016000000","9","事業所数","1,000人以上","313船舶製造・修理業，舶用機関製造業"
"004","0180","08910","00000","2016000000","9","事業所数","1,000人以上","314航空機・同附属品製造業"
"004","0180","08950","00000","2016000000","1","事業所数","1,000人以上","315産業用運搬車両・同部分品・附属品製造業"
"004","0180","08980","00000","2016000000","1","事業所数","1,000人以上","319その他の輸送用機械器具製造業"
"004","0180","09010","00000","2016000000","2","事業所数","1,000人以上","32その他の製造業"
"004","0180","09090","00000","2016000000","1","事業所数","1,000人以上","322装身具・装飾品・ボタン・同関連品製造業（貴金属・宝石製を除く）"
"004","0180","09200","00000","2016000000","1","事業所数","1,000人以上","325がん具・運動用具製造業"
"004","0180","09210","00000","2016000000","1","事業所数","1,000人以上","32Aがん具製造業"
"004","0180","09500","00000","2016000000","11","事業所数","1,000人以上","F電気・ガス・熱供給・水道業"
"004","0180","09510","00000","2016000000","8","事業所数","1,000人以上","33電気業"
"004","0180","09520","00000","2016000000","8","事業所数","1,000人以上","330管理，補助的経済活動を行う事業所"
"004","0180","09540","00000","2016000000","3","事業所数","1,000人以上","34ガス業"
"004","0180","09550","00000","2016000000","3","事業所数","1,000人以上","340管理，補助的経済活動を行う事業所"
"004","0180","09650","00000","2016000000","136","事業所数","1,000人以上","G情報通信業"
"004","0180","09660","00000","2016000000","33","事業所数","1,000人以上","G1情報通信業（通信業，放送業，映像・音声・文字情報制作業）"
"004","0180","09670","00000","2016000000","18","事業所数","1,000人以上","37通信業"
"004","0180","09690","00000","2016000000","10","事業所数","1,000人以上","371固定電気通信業"
"004","0180","09700","00000","2016000000","8","事業所数","1,000人以上","372移動電気通信業"
"004","0180","09720","00000","2016000000","6","事業所数","1,000人以上","38放送業"
"004","0180","09740","00000","2016000000","1","事業所数","1,000人以上","381公共放送業（有線放送業を除く）"
"004","0180","09750","00000","2016000000","4","事業所数","1,000人以上","382民間放送業（有線放送業を除く）"
"004","0180","09770","00000","2016000000","1","事業所数","1,000人以上","383有線放送業"
"004","0180","09780","00000","2016000000","9","事業所数","1,000人以上","41映像・音声・文字情報制作業"
"004","0180","09820","00000","2016000000","7","事業所数","1,000人以上","413新聞業"
"004","0180","09830","00000","2016000000","1","事業所数","1,000人以上","414出版業"
"004","0180","09850","00000","2016000000","1","事業所数","1,000人以上","416映像・音声・文字情報制作に附帯するサービス業"
"004","0180","09860","00000","2016000000","103","事業所数","1,000人以上","G2情報通信業（情報サービス業，インターネット附随サービス業）"
"004","0180","09870","00000","2016000000","95","事業所数","1,000人以上","39情報サービス業"
"004","0180","09910","00000","2016000000","85","事業所数","1,000人以上","391ソフトウェア業"
"004","0180","09960","00000","2016000000","10","事業所数","1,000人以上","392情報処理・提供サービス業"
"004","0180","09970","00000","2016000000","6","事業所数","1,000人以上","39A情報処理サービス業"
"004","0180","10010","00000","2016000000","4","事業所数","1,000人以上","39Cその他の情報処理・提供サービス業"
"004","0180","10040","00000","2016000000","8","事業所数","1,000人以上","40インターネット附随サービス業"
"004","0180","10080","00000","2016000000","8","事業所数","1,000人以上","401インターネット附随サービス業"
"004","0180","10120","00000","2016000000","54","事業所数","1,000人以上","H運輸業，郵便業"
"004","0180","10130","00000","2016000000","15","事業所数","1,000人以上","42鉄道業"
"004","0180","10140","00000","2016000000","3","事業所数","1,000人以上","420管理，補助的経済活動を行う事業所"
"004","0180","10150","00000","2016000000","12","事業所数","1,000人以上","421鉄道業"
"004","0180","10160","00000","2016000000","2","事業所数","1,000人以上","43道路旅客運送業"
"004","0180","10180","00000","2016000000","1","事業所数","1,000人以上","431一般乗合旅客自動車運送業"
"004","0180","10190","00000","2016000000","1","事業所数","1,000人以上","432一般乗用旅客自動車運送業"
"004","0180","10220","00000","2016000000","12","事業所数","1,000人以上","44道路貨物運送業"
"004","0180","10240","00000","2016000000","10","事業所数","1,000人以上","441一般貨物自動車運送業"
"004","0180","10270","00000","2016000000","2","事業所数","1,000人以上","444集配利用運送業"
"004","0180","10290","00000","2016000000","1","事業所数","1,000人以上","45水運業"
"004","0180","10320","00000","2016000000","1","事業所数","1,000人以上","452沿海海運業"
"004","0180","10350","00000","2016000000","5","事業所数","1,000人以上","46航空運輸業"
"004","0180","10360","00000","2016000000","1","事業所数","1,000人以上","460管理，補助的経済活動を行う事業所"
"004","0180","10370","00000","2016000000","4","事業所数","1,000人以上","461航空運送業"
"004","0180","10430","00000","2016000000","7","事業所数","1,000人以上","48運輸に附帯するサービス業"
"004","0180","10460","00000","2016000000","1","事業所数","1,000人以上","482貨物運送取扱業（集配利用運送業を除く）"
"004","0180","10500","00000","2016000000","6","事業所数","1,000人以上","489その他の運輸に附帯するサービス業"
"004","0180","10510","00000","2016000000","12","事業所数","1,000人以上","49郵便業（信書便事業を含む）"
"004","0180","10530","00000","2016000000","12","事業所数","1,000人以上","491郵便業（信書便事業を含む）"
"004","0180","10540","00000","2016000000","131","事業所数","1,000人以上","I卸売業，小売業"
"004","0180","10550","00000","2016000000","103","事業所数","1,000人以上","I1卸売業"
"004","0180","10560","00000","2016000000","6","事業所数","1,000人以上","50各種商品卸売業"
"004","0180","10610","00000","2016000000","6","事業所数","1,000人以上","501各種商品卸売業"
"004","0180","10620","00000","2016000000","6","事業所数","1,000人以上","50A各種商品卸売業（従業者が常時100人以上のもの）"
"004","0180","10660","00000","2016000000","9","事業所数","1,000人以上","51繊維・衣服等卸売業"
"004","0180","10710","00000","2016000000","1","事業所数","1,000人以上","511繊維品卸売業（衣服，身の回り品を除く）"
"004","0180","10750","00000","2016000000","6","事業所数","1,000人以上","512衣服卸売業"
"004","0180","10800","00000","2016000000","2","事業所数","1,000人以上","513身の回り品卸売業"
"004","0180","10850","00000","2016000000","8","事業所数","1,000人以上","52飲食料品卸売業"
"004","0180","10900","00000","2016000000","1","事業所数","1,000人以上","521農畜産物・水産物卸売業"
"004","0180","10940","00000","2016000000","1","事業所数","1,000人以上","52B野菜・果実卸売業"
"004","0180","11030","00000","2016000000","7","事業所数","1,000人以上","522食料・飲料卸売業"
"004","0180","11120","00000","2016000000","7","事業所数","1,000人以上","53建築材料，鉱物・金属材料等卸売業"
"004","0180","11230","00000","2016000000","3","事業所数","1,000人以上","532化学製品卸売業"
"004","0180","11270","00000","2016000000","1","事業所数","1,000人以上","533石油・鉱物卸売業"
"004","0180","11300","00000","2016000000","3","事業所数","1,000人以上","534鉄鋼製品卸売業"
"004","0180","11430","00000","2016000000","51","事業所数","1,000人以上","54機械器具卸売業"
"004","0180","11440","00000","2016000000","1","事業所数","1,000人以上","540管理，補助的経済活動を行う事業所"
"004","0180","11480","00000","2016000000","11","事業所数","1,000人以上","541産業機械器具卸売業"
"004","0180","11540","00000","2016000000","12","事業所数","1,000人以上","542自動車卸売業"
"004","0180","11580","00000","2016000000","23","事業所数","1,000人以上","543電気機械器具卸売業"
"004","0180","11610","00000","2016000000","4","事業所数","1,000人以上","549その他の機械器具卸売業"
"004","0180","11650","00000","2016000000","22","事業所数","1,000人以上","55その他の卸売業"
"004","0180","11770","00000","2016000000","12","事業所数","1,000人以上","552医薬品・化粧品等卸売業"
"004","0180","11820","00000","2016000000","2","事業所数","1,000人以上","553紙・紙製品卸売業"
"004","0180","11850","00000","2016000000","8","事業所数","1,000人以上","559他に分類されない卸売業"
"004","0180","11880","00000","2016000000","8","事業所数","1,000人以上","55B他に分類されないその他の卸売業"
"004","0180","11970","00000","2016000000","28","事業所数","1,000人以上","I2小売業"
"004","0180","11980","00000","2016000000","16","事業所数","1,000人以上","56各種商品小売業"
"004","0180","11990","00000","2016000000","2","事業所数","1,000人以上","560管理，補助的経済活動を行う事業所"
"004","0180","12030","00000","2016000000","14","事業所数","1,000人以上","561百貨店，総合スーパー"
"004","0180","12070","00000","2016000000","1","事業所数","1,000人以上","57織物・衣服・身の回り品小売業"
"004","0180","12080","00000","2016000000","1","事業所数","1,000人以上","570管理，補助的経済活動を行う事業所"
"004","0180","12280","00000","2016000000","3","事業所数","1,000人以上","58飲食料品小売業"
"004","0180","12330","00000","2016000000","2","事業所数","1,000人以上","581各種食料品小売業"
"004","0180","12500","00000","2016000000","1","事業所数","1,000人以上","589その他の飲食料品小売業"
"004","0180","12510","00000","2016000000","1","事業所数","1,000人以上","58A料理品小売業"
"004","0180","12620","00000","2016000000","1","事業所数","1,000人以上","59機械器具小売業"
"004","0180","12630","00000","2016000000","1","事業所数","1,000人以上","590管理，補助的経済活動を行う事業所"
"004","0180","12790","00000","2016000000","3","事業所数","1,000人以上","60その他の小売業"
"004","0180","12800","00000","2016000000","1","事業所数","1,000人以上","600管理，補助的経済活動を行う事業所"
"004","0180","12940","00000","2016000000","1","事業所数","1,000人以上","603医薬品・化粧品小売業"
"004","0180","13060","00000","2016000000","1","事業所数","1,000人以上","606書籍・文房具小売業"
"004","0180","13350","00000","2016000000","4","事業所数","1,000人以上","61無店舗小売業"
"004","0180","13400","00000","2016000000","4","事業所数","1,000人以上","611通信販売・訪問販売小売業"
"004","0180","13500","00000","2016000000","64","事業所数","1,000人以上","J金融業，保険業"
"004","0180","13510","00000","2016000000","22","事業所数","1,000人以上","62銀行業"
"004","0180","13520","00000","2016000000","1","事業所数","1,000人以上","620管理，補助的経済活動を行う事業所"
"004","0180","13530","00000","2016000000","1","事業所数","1,000人以上","621中央銀行"
"004","0180","13540","00000","2016000000","20","事業所数","1,000人以上","622銀行（中央銀行を除く）"
"004","0180","13560","00000","2016000000","1","事業所数","1,000人以上","63協同組織金融業"
"004","0180","13590","00000","2016000000","1","事業所数","1,000人以上","632農林水産金融業"
"004","0180","13600","00000","2016000000","9","事業所数","1,000人以上","64貸金業，クレジットカード業等非預金信用機関"
"004","0180","13640","00000","2016000000","7","事業所数","1,000人以上","643クレジットカード業，割賦金融業"
"004","0180","13650","00000","2016000000","2","事業所数","1,000人以上","649その他の非預金信用機関"
"004","0180","13660","00000","2016000000","4","事業所数","1,000人以上","65金融商品取引業，商品先物取引業"
"004","0180","13680","00000","2016000000","4","事業所数","1,000人以上","651金融商品取引業"
"004","0180","13750","00000","2016000000","28","事業所数","1,000人以上","67保険業（保険媒介代理業，保険サービス業を含む）"
"004","0180","13760","00000","2016000000","1","事業所数","1,000人以上","670管理，補助的経済活動を行う事業所"
"004","0180","13770","00000","2016000000","21","事業所数","1,000人以上","671生命保険業"
"004","0180","13780","00000","2016000000","5","事業所数","1,000人以上","672損害保険業"
"004","0180","13800","00000","2016000000","1","事業所数","1,000人以上","674保険媒介代理業"
"004","0180","13820","00000","2016000000","20","事業所数","1,000人以上","K不動産業，物品賃貸業"
"004","0180","13830","00000","2016000000","16","事業所数","1,000人以上","K1不動産業"
"004","0180","13840","00000","2016000000","4","事業所数","1,000人以上","68不動産取引業"
"004","0180","13880","00000","2016000000","4","事業所数","1,000人以上","681建物売買業，土地売買業"
"004","0180","13930","00000","2016000000","11","事業所数","1,000人以上","69不動産賃貸業・管理業"
"004","0180","13970","00000","2016000000","3","事業所数","1,000人以上","691不動産賃貸業（貸家業，貸間業を除く）"
"004","0180","14010","00000","2016000000","1","事業所数","1,000人以上","692貸家業，貸間業"
"004","0180","14060","00000","2016000000","7","事業所数","1,000人以上","694不動産管理業"
"004","0180","14080","00000","2016000000","4","事業所数","1,000人以上","K2物品賃貸業"
"004","0180","14090","00000","2016000000","4","事業所数","1,000人以上","70物品賃貸業"
"004","0180","14130","00000","2016000000","2","事業所数","1,000人以上","701各種物品賃貸業"
"004","0180","14220","00000","2016000000","1","事業所数","1,000人以上","704自動車賃貸業"
"004","0180","14260","00000","2016000000","1","事業所数","1,000人以上","709その他の物品賃貸業"
"004","0180","14270","00000","2016000000","1","事業所数","1,000人以上","70A音楽・映像記録物賃貸業（別掲を除く）"
"004","0180","14330","00000","2016000000","78","事業所数","1,000人以上","L学術研究，専門・技術サービス業"
"004","0180","14340","00000","2016000000","29","事業所数","1,000人以上","71学術・開発研究機関"
"004","0180","14370","00000","2016000000","29","事業所数","1,000人以上","711自然科学研究所"
"004","0180","14440","00000","2016000000","17","事業所数","1,000人以上","72専門サービス業（他に分類されないもの）"
"004","0180","14570","00000","2016000000","5","事業所数","1,000人以上","724公認会計士事務所，税理士事務所"
"004","0180","14580","00000","2016000000","5","事業所数","1,000人以上","72C公認会計士事務所"
"004","0180","14690","00000","2016000000","9","事業所数","1,000人以上","728経営コンサルタント業，純粋持株会社"
"004","0180","14700","00000","2016000000","7","事業所数","1,000人以上","72E経営コンサルタント業"
"004","0180","14720","00000","2016000000","2","事業所数","1,000人以上","72F純粋持株会社"
"004","0180","14740","00000","2016000000","3","事業所数","1,000人以上","729その他の専門サービス業"
"004","0180","14770","00000","2016000000","3","事業所数","1,000人以上","72H他に分類されない専門サービス業"
"004","0180","14820","00000","2016000000","3","事業所数","1,000人以上","73広告業"
"004","0180","14860","00000","2016000000","3","事業所数","1,000人以上","731広告業"
"004","0180","14880","00000","2016000000","29","事業所数","1,000人以上","74技術サービス業（他に分類されないもの）"
"004","0180","14930","00000","2016000000","3","事業所数","1,000人以上","742土木建築サービス業"
"004","0180","14940","00000","2016000000","3","事業所数","1,000人以上","74A建築設計業"
"004","0180","15000","00000","2016000000","15","事業所数","1,000人以上","743機械設計業"
"004","0180","15020","00000","2016000000","1","事業所数","1,000人以上","744商品・非破壊検査業"
"004","0180","15120","00000","2016000000","10","事業所数","1,000人以上","749その他の技術サービス業"
"004","0180","15140","00000","2016000000","19","事業所数","1,000人以上","M宿泊業，飲食サービス業"
"004","0180","15150","00000","2016000000","7","事業所数","1,000人以上","M1宿泊業"
"004","0180","15160","00000","2016000000","7","事業所数","1,000人以上","75宿泊業"
"004","0180","15200","00000","2016000000","7","事業所数","1,000人以上","751旅館，ホテル"
"004","0180","15320","00000","2016000000","12","事業所数","1,000人以上","M2飲食店，持ち帰り・配達飲食サービス業"
"004","0180","15330","00000","2016000000","8","事業所数","1,000人以上","76飲食店"
"004","0180","15340","00000","2016000000","1","事業所数","1,000人以上","760管理，補助的経済活動を行う事業所"
"004","0180","15370","00000","2016000000","2","事業所数","1,000人以上","761食堂，レストラン（専門料理店を除く）"
"004","0180","15390","00000","2016000000","4","事業所数","1,000人以上","762専門料理店"
"004","0180","15470","00000","2016000000","4","事業所数","1,000人以上","76Dその他の専門料理店"
"004","0180","15600","00000","2016000000","1","事業所数","1,000人以上","769その他の飲食店"
"004","0180","15610","00000","2016000000","1","事業所数","1,000人以上","76Eハンバーガー店"
"004","0180","15670","00000","2016000000","4","事業所数","1,000人以上","77持ち帰り・配達飲食サービス業"
"004","0180","15730","00000","2016000000","4","事業所数","1,000人以上","772配達飲食サービス業"
"004","0180","15750","00000","2016000000","16","事業所数","1,000人以上","N生活関連サービス業，娯楽業"
"004","0180","15760","00000","2016000000","8","事業所数","1,000人以上","78洗濯・理容・美容・浴場業"
"004","0180","15800","00000","2016000000","8","事業所数","1,000人以上","781洗濯業"
"004","0180","15810","00000","2016000000","1","事業所数","1,000人以上","78A普通洗濯業"
"004","0180","15840","00000","2016000000","7","事業所数","1,000人以上","78Bリネンサプライ業"
"004","0180","16000","00000","2016000000","2","事業所数","1,000人以上","79その他の生活関連サービス業"
"004","0180","16040","00000","2016000000","2","事業所数","1,000人以上","791旅行業"
"004","0180","16280","00000","2016000000","6","事業所数","1,000人以上","80娯楽業"
"004","0180","16290","00000","2016000000","1","事業所数","1,000人以上","800管理，補助的経済活動を行う事業所"
"004","0180","16340","00000","2016000000","1","事業所数","1,000人以上","802興行場（別掲を除く），興行団"
"004","0180","16640","00000","2016000000","3","事業所数","1,000人以上","805公園，遊園地"
"004","0180","16680","00000","2016000000","1","事業所数","1,000人以上","806遊戯場"
"004","0180","16730","00000","2016000000","1","事業所数","1,000人以上","80Lゲームセンター"
"004","0180","16890","00000","2016000000","98","事業所数","1,000人以上","O教育，学習支援業"
"004","0180","16900","00000","2016000000","95","事業所数","1,000人以上","O1教育，学習支援業（学校教育）"
"004","0180","16910","00000","2016000000","95","事業所数","1,000人以上","81学校教育"
"004","0180","16920","00000","2016000000","1","事業所数","1,000人以上","810管理，補助的経済活動を行う事業所"
"004","0180","17070","00000","2016000000","94","事業所数","1,000人以上","816高等教育機関"
"004","0180","17160","00000","2016000000","3","事業所数","1,000人以上","O2教育，学習支援業（その他の教育，学習支援業）"
"004","0180","17170","00000","2016000000","3","事業所数","1,000人以上","82その他の教育，学習支援業"
"004","0180","17380","00000","2016000000","2","事業所数","1,000人以上","823学習塾"
"004","0180","17400","00000","2016000000","1","事業所数","1,000人以上","824教養・技能教授業"
"004","0180","17530","00000","2016000000","1","事業所数","1,000人以上","82Mその他の教養・技能教授業"
"004","0180","17570","00000","2016000000","263","事業所数","1,000人以上","P医療，福祉"
"004","0180","17580","00000","2016000000","257","事業所数","1,000人以上","83医療業"
"004","0180","17620","00000","2016000000","257","事業所数","1,000人以上","831病院"
"004","0180","17960","00000","2016000000","6","事業所数","1,000人以上","85社会保険・社会福祉・介護事業"
"004","0180","18000","00000","2016000000","1","事業所数","1,000人以上","851社会保険事業団体"
"004","0180","18070","00000","2016000000","4","事業所数","1,000人以上","854老人福祉・介護事業"
"004","0180","18080","00000","2016000000","2","事業所数","1,000人以上","85C特別養護老人ホーム"
"004","0180","18180","00000","2016000000","2","事業所数","1,000人以上","85H有料老人ホーム"
"004","0180","18250","00000","2016000000","1","事業所数","1,000人以上","859その他の社会保険・社会福祉・介護事業"
"004","0180","18280","00000","2016000000","1","事業所数","1,000人以上","85L他に分類されない社会保険・社会福祉・介護事業"
"004","0180","18300","00000","2016000000","8","事業所数","1,000人以上","Q複合サービス事業"
"004","0180","18310","00000","2016000000","8","事業所数","1,000人以上","Q1複合サービス事業（郵便局）"
"004","0180","18320","00000","2016000000","8","事業所数","1,000人以上","86郵便局"
"004","0180","18330","00000","2016000000","2","事業所数","1,000人以上","860管理，補助的経済活動を行う事業所"
"004","0180","18340","00000","2016000000","6","事業所数","1,000人以上","861郵便局"
"004","0180","18480","00000","2016000000","154","事業所数","1,000人以上","Rサービス業（他に分類されないもの）"
"004","0180","18490","00000","2016000000","2","事業所数","1,000人以上","R1サービス業（政治・経済・文化団体，宗教）"
"004","0180","18560","00000","2016000000","2","事業所数","1,000人以上","94宗教"
"004","0180","18580","00000","2016000000","2","事業所数","1,000人以上","942仏教系宗教"
"004","0180","18610","00000","2016000000","152","事業所数","1,000人以上","R2サービス業（政治・経済・文化団体，宗教を除く）"
"004","0180","18870","00000","2016000000","1","事業所数","1,000人以上","90機械等修理業（別掲を除く）"
"004","0180","18910","00000","2016000000","1","事業所数","1,000人以上","901機械修理業（電気機械器具を除く）"
"004","0180","19040","00000","2016000000","45","事業所数","1,000人以上","91職業紹介・労働者派遣業"
"004","0180","19080","00000","2016000000","5","事業所数","1,000人以上","911職業紹介業"
"004","0180","19100","00000","2016000000","40","事業所数","1,000人以上","912労働者派遣業"
"004","0180","19120","00000","2016000000","106","事業所数","1,000人以上","92その他の事業サービス業"
"004","0180","19130","00000","2016000000","2","事業所数","1,000人以上","920管理，補助的経済活動を行う事業所"
"004","0180","19190","00000","2016000000","40","事業所数","1,000人以上","922建物サービス業"
"004","0180","19220","00000","2016000000","5","事業所数","1,000人以上","923警備業"
"004","0180","19240","00000","2016000000","59","事業所数","1,000人以上","929他に分類されない事業サービス業"
