"@tab","@cat01","@cat02","@cat03","@area","@time","@unit","$","tabname","cat01name","cat02name","cat03name"
"105-2024","AR","00","0","00000","2024000000","人","51018265","従業者数_うち常用雇用者","全産業（S_公務を除く）","総数","総数"
"105-2024","AR","01","0","00000","2024000000","人","***","従業者数_うち常用雇用者","全産業（S_公務を除く）","0人","総数"
"105-2024","AR","02","0","00000","2024000000","人","3898669","従業者数_うち常用雇用者","全産業（S_公務を除く）","1～4人","総数"
"105-2024","AR","03","0","00000","2024000000","人","5031962","従業者数_うち常用雇用者","全産業（S_公務を除く）","5～9人","総数"
"105-2024","AR","04","0","00000","2024000000","人","7392048","従業者数_うち常用雇用者","全産業（S_公務を除く）","10～19人","総数"
"105-2024","AR","05","0","00000","2024000000","人","5140132","従業者数_うち常用雇用者","全産業（S_公務を除く）","20～29人","総数"
"105-2024","AR","06","0","00000","2024000000","人","6029466","従業者数_うち常用雇用者","全産業（S_公務を除く）","30～49人","総数"
"105-2024","AR","07","0","00000","2024000000","人","6732521","従業者数_うち常用雇用者","全産業（S_公務を除く）","50～99人","総数"
"105-2024","AR","08","0","00000","2024000000","人","5349071","従業者数_うち常用雇用者","全産業（S_公務を除く）","100～199人","総数"
"105-2024","AR","09","0","00000","2024000000","人","2559657","従業者数_うち常用雇用者","全産業（S_公務を除く）","200～299人","総数"
"105-2024","AR","10","0","00000","2024000000","人","8884739","従業者数_うち常用雇用者","全産業（S_公務を除く）","300人以上","総数"
"105-2024","AB","00","0","00000","2024000000","人","321384","従業者数_うち常用雇用者","農林漁業","総数","総数"
"105-2024","AB","01","0","00000","2024000000","人","***","従業者数_うち常用雇用者","農林漁業","0人","総数"
"105-2024","AB","02","0","00000","2024000000","人","44660","従業者数_うち常用雇用者","農林漁業","1～4人","総数"
"105-2024","AB","03","0","00000","2024000000","人","61191","従業者数_うち常用雇用者","農林漁業","5～9人","総数"
"105-2024","AB","04","0","00000","2024000000","人","75770","従業者数_うち常用雇用者","農林漁業","10～19人","総数"
"105-2024","AB","05","0","00000","2024000000","人","42661","従業者数_うち常用雇用者","農林漁業","20～29人","総数"
"105-2024","AB","06","0","00000","2024000000","人","45942","従業者数_うち常用雇用者","農林漁業","30～49人","総数"
"105-2024","AB","07","0","00000","2024000000","人","28618","従業者数_うち常用雇用者","農林漁業","50～99人","総数"
"105-2024","AB","08","0","00000","2024000000","人","15502","従業者数_うち常用雇用者","農林漁業","100～199人","総数"
"105-2024","AB","09","0","00000","2024000000","人","4678","従業者数_うち常用雇用者","農林漁業","200～299人","総数"
"105-2024","AB","10","0","00000","2024000000","人","2362","従業者数_うち常用雇用者","農林漁業","300人以上","総数"
"105-2024","A","00","0","00000","2024000000","人","290740","従業者数_うち常用雇用者","農業、林業","総数","総数"
"105-2024","A","01","0","00000","2024000000","人","***","従業者数_うち常用雇用者","農業、林業","0人","総数"
"105-2024","A","02","0","00000","2024000000","人","41120","従業者数_うち常用雇用者","農業、林業","1～4人","総数"
"105-2024","A","03","0","00000","2024000000","人","55151","従業者数_うち常用雇用者","農業、林業","5～9人","総数"
"105-2024","A","04","0","00000","2024000000","人","67321","従業者数_うち常用雇用者","農業、林業","10～19人","総数"
"105-2024","A","05","0","00000","2024000000","人","38769","従業者数_うち常用雇用者","農業、林業","20～29人","総数"
"105-2024","A","06","0","00000","2024000000","人","41390","従業者数_うち常用雇用者","農業、林業","30～49人","総数"
"105-2024","A","07","0","00000","2024000000","人","26459","従業者数_うち常用雇用者","農業、林業","50～99人","総数"
"105-2024","A","08","0","00000","2024000000","人","13490","従業者数_うち常用雇用者","農業、林業","100～199人","総数"
"105-2024","A","09","0","00000","2024000000","人","4678","従業者数_うち常用雇用者","農業、林業","200～299人","総数"
"105-2024","A","10","0","00000","2024000000","人","2362","従業者数_うち常用雇用者","農業、林業","300人以上","総数"
"105-2024","01","00","0","00000","2024000000","人","253243","従業者数_うち常用雇用者","農業","総数","総数"
"105-2024","01","01","0","00000","2024000000","人","***","従業者数_うち常用雇用者","農業","0人","総数"
"105-2024","01","02","0","00000","2024000000","人","37632","従業者数_うち常用雇用者","農業","1～4人","総数"
"105-2024","01","03","0","00000","2024000000","人","48749","従業者数_うち常用雇用者","農業","5～9人","総数"
"105-2024","01","04","0","00000","2024000000","人","56721","従業者数_うち常用雇用者","農業","10～19人","総数"
"105-2024","01","05","0","00000","2024000000","人","31930","従業者数_うち常用雇用者","農業","20～29人","総数"
"105-2024","01","06","0","00000","2024000000","人","35178","従業者数_うち常用雇用者","農業","30～49人","総数"
"105-2024","01","07","0","00000","2024000000","人","22765","従業者数_うち常用雇用者","農業","50～99人","総数"
"105-2024","01","08","0","00000","2024000000","人","13228","従業者数_うち常用雇用者","農業","100～199人","総数"
"105-2024","01","09","0","00000","2024000000","人","4678","従業者数_うち常用雇用者","農業","200～299人","総数"
"105-2024","01","10","0","00000","2024000000","人","2362","従業者数_うち常用雇用者","農業","300人以上","総数"
"105-2024","010","00","0","00000","2024000000","人","1855","従業者数_うち常用雇用者","管理、補助的経済活動を行う事業所（01_農業）","総数","総数"
"105-2024","010","01","0","00000","2024000000","人","***","従業者数_うち常用雇用者","管理、補助的経済活動を行う事業所（01_農業）","0人","総数"
"105-2024","010","02","0","00000","2024000000","人","178","従業者数_うち常用雇用者","管理、補助的経済活動を行う事業所（01_農業）","1～4人","総数"
"105-2024","010","03","0","00000","2024000000","人","135","従業者数_うち常用雇用者","管理、補助的経済活動を行う事業所（01_農業）","5～9人","総数"
"105-2024","010","04","0","00000","2024000000","人","272","従業者数_うち常用雇用者","管理、補助的経済活動を行う事業所（01_農業）","10～19人","総数"
"105-2024","010","05","0","00000","2024000000","人","202","従業者数_うち常用雇用者","管理、補助的経済活動を行う事業所（01_農業）","20～29人","総数"
"105-2024","010","06","0","00000","2024000000","人","450","従業者数_うち常用雇用者","管理、補助的経済活動を行う事業所（01_農業）","30～49人","総数"
"105-2024","010","07","0","00000","2024000000","人","308","従業者数_うち常用雇用者","管理、補助的経済活動を行う事業所（01_農業）","50～99人","総数"
"105-2024","010","08","0","00000","2024000000","人","310","従業者数_うち常用雇用者","管理、補助的経済活動を行う事業所（01_農業）","100～199人","総数"
"105-2024","010","09","0","00000","2024000000","人","***","従業者数_うち常用雇用者","管理、補助的経済活動を行う事業所（01_農業）","200～299人","総数"
"105-2024","010","10","0","00000","2024000000","人","***","従業者数_うち常用雇用者","管理、補助的経済活動を行う事業所（01_農業）","300人以上","総数"
"105-2024","011","00","0","00000","2024000000","人","136286","従業者数_うち常用雇用者","耕種農業","総数","総数"
"105-2024","011","01","0","00000","2024000000","人","***","従業者数_うち常用雇用者","耕種農業","0人","総数"
"105-2024","011","02","0","00000","2024000000","人","17944","従業者数_うち常用雇用者","耕種農業","1～4人","総数"
"105-2024","011","03","0","00000","2024000000","人","25019","従業者数_うち常用雇用者","耕種農業","5～9人","総数"
"105-2024","011","04","0","00000","2024000000","人","31602","従業者数_うち常用雇用者","耕種農業","10～19人","総数"
"105-2024","011","05","0","00000","2024000000","人","17752","従業者数_うち常用雇用者","耕種農業","20～29人","総数"
"105-2024","011","06","0","00000","2024000000","人","19471","従業者数_うち常用雇用者","耕種農業","30～49人","総数"
"105-2024","011","07","0","00000","2024000000","人","12374","従業者数_うち常用雇用者","耕種農業","50～99人","総数"
"105-2024","011","08","0","00000","2024000000","人","7289","従業者数_うち常用雇用者","耕種農業","100～199人","総数"
"105-2024","011","09","0","00000","2024000000","人","2968","従業者数_うち常用雇用者","耕種農業","200～299人","総数"
"105-2024","011","10","0","00000","2024000000","人","1867","従業者数_うち常用雇用者","耕種農業","300人以上","総数"
"105-2024","012","00","0","00000","2024000000","人","59338","従業者数_うち常用雇用者","畜産農業","総数","総数"
"105-2024","012","01","0","00000","2024000000","人","***","従業者数_うち常用雇用者","畜産農業","0人","総数"
"105-2024","012","02","0","00000","2024000000","人","8564","従業者数_うち常用雇用者","畜産農業","1～4人","総数"
"105-2024","012","03","0","00000","2024000000","人","11335","従業者数_うち常用雇用者","畜産農業","5～9人","総数"
"105-2024","012","04","0","00000","2024000000","人","12829","従業者数_うち常用雇用者","畜産農業","10～19人","総数"
"105-2024","012","05","0","00000","2024000000","人","7368","従業者数_うち常用雇用者","畜産農業","20～29人","総数"
"105-2024","012","06","0","00000","2024000000","人","8722","従業者数_うち常用雇用者","畜産農業","30～49人","総数"
"105-2024","012","07","0","00000","2024000000","人","6209","従業者数_うち常用雇用者","畜産農業","50～99人","総数"
"105-2024","012","08","0","00000","2024000000","人","3266","従業者数_うち常用雇用者","畜産農業","100～199人","総数"
"105-2024","012","09","0","00000","2024000000","人","550","従業者数_うち常用雇用者","畜産農業","200～299人","総数"
"105-2024","012","10","0","00000","2024000000","人","495","従業者数_うち常用雇用者","畜産農業","300人以上","総数"
"105-2024","013","00","0","00000","2024000000","人","40058","従業者数_うち常用雇用者","農業サービス業（園芸サービス業を除く）","総数","総数"
"105-2024","013","01","0","00000","2024000000","人","***","従業者数_うち常用雇用者","農業サービス業（園芸サービス業を除く）","0人","総数"
"105-2024","013","02","0","00000","2024000000","人","7283","従業者数_うち常用雇用者","農業サービス業（園芸サービス業を除く）","1～4人","総数"
"105-2024","013","03","0","00000","2024000000","人","8054","従業者数_うち常用雇用者","農業サービス業（園芸サービス業を除く）","5～9人","総数"
"105-2024","013","04","0","00000","2024000000","人","8325","従業者数_うち常用雇用者","農業サービス業（園芸サービス業を除く）","10～19人","総数"
"105-2024","013","05","0","00000","2024000000","人","5053","従業者数_うち常用雇用者","農業サービス業（園芸サービス業を除く）","20～29人","総数"
"105-2024","013","06","0","00000","2024000000","人","5294","従業者数_うち常用雇用者","農業サービス業（園芸サービス業を除く）","30～49人","総数"
"105-2024","013","07","0","00000","2024000000","人","3298","従業者数_うち常用雇用者","農業サービス業（園芸サービス業を除く）","50～99人","総数"
"105-2024","013","08","0","00000","2024000000","人","1591","従業者数_うち常用雇用者","農業サービス業（園芸サービス業を除く）","100～199人","総数"
"105-2024","013","09","0","00000","2024000000","人","1160","従業者数_うち常用雇用者","農業サービス業（園芸サービス業を除く）","200～299人","総数"
"105-2024","013","10","0","00000","2024000000","人","***","従業者数_うち常用雇用者","農業サービス業（園芸サービス業を除く）","300人以上","総数"
"105-2024","014","00","0","00000","2024000000","人","15706","従業者数_うち常用雇用者","園芸サービス業","総数","総数"
"105-2024","014","01","0","00000","2024000000","人","***","従業者数_うち常用雇用者","園芸サービス業","0人","総数"
"105-2024","014","02","0","00000","2024000000","人","3663","従業者数_うち常用雇用者","園芸サービス業","1～4人","総数"
"105-2024","014","03","0","00000","2024000000","人","4206","従業者数_うち常用雇用者","園芸サービス業","5～9人","総数"
"105-2024","014","04","0","00000","2024000000","人","3693","従業者数_うち常用雇用者","園芸サービス業","10～19人","総数"
"105-2024","014","05","0","00000","2024000000","人","1555","従業者数_うち常用雇用者","園芸サービス業","20～29人","総数"
"105-2024","014","06","0","00000","2024000000","人","1241","従業者数_うち常用雇用者","園芸サービス業","30～49人","総数"
"105-2024","014","07","0","00000","2024000000","人","576","従業者数_うち常用雇用者","園芸サービス業","50～99人","総数"
"105-2024","014","08","0","00000","2024000000","人","772","従業者数_うち常用雇用者","園芸サービス業","100～199人","総数"
"105-2024","014","09","0","00000","2024000000","人","***","従業者数_うち常用雇用者","園芸サービス業","200～299人","総数"
"105-2024","014","10","0","00000","2024000000","人","***","従業者数_うち常用雇用者","園芸サービス業","300人以上","総数"
"105-2024","02","00","0","00000","2024000000","人","37497","従業者数_うち常用雇用者","林業","総数","総数"
"105-2024","02","01","0","00000","2024000000","人","***","従業者数_うち常用雇用者","林業","0人","総数"
"105-2024","02","02","0","00000","2024000000","人","3488","従業者数_うち常用雇用者","林業","1～4人","総数"
"105-2024","02","03","0","00000","2024000000","人","6402","従業者数_うち常用雇用者","林業","5～9人","総数"
"105-2024","02","04","0","00000","2024000000","人","10600","従業者数_うち常用雇用者","林業","10～19人","総数"
"105-2024","02","05","0","00000","2024000000","人","6839","従業者数_うち常用雇用者","林業","20～29人","総数"
"105-2024","02","06","0","00000","2024000000","人","6212","従業者数_うち常用雇用者","林業","30～49人","総数"
"105-2024","02","07","0","00000","2024000000","人","3694","従業者数_うち常用雇用者","林業","50～99人","総数"
"105-2024","02","08","0","00000","2024000000","人","262","従業者数_うち常用雇用者","林業","100～199人","総数"
"105-2024","02","09","0","00000","2024000000","人","***","従業者数_うち常用雇用者","林業","200～299人","総数"
"105-2024","02","10","0","00000","2024000000","人","***","従業者数_うち常用雇用者","林業","300人以上","総数"
"105-2024","020","00","0","00000","2024000000","人","120","従業者数_うち常用雇用者","管理、補助的経済活動を行う事業所（02_林業）","総数","総数"
"105-2024","020","01","0","00000","2024000000","人","***","従業者数_うち常用雇用者","管理、補助的経済活動を行う事業所（02_林業）","0人","総数"
"105-2024","020","02","0","00000","2024000000","人","16","従業者数_うち常用雇用者","管理、補助的経済活動を行う事業所（02_林業）","1～4人","総数"
"105-2024","020","03","0","00000","2024000000","人","26","従業者数_うち常用雇用者","管理、補助的経済活動を行う事業所（02_林業）","5～9人","総数"
"105-2024","020","04","0","00000","2024000000","人","24","従業者数_うち常用雇用者","管理、補助的経済活動を行う事業所（02_林業）","10～19人","総数"
"105-2024","020","05","0","00000","2024000000","人","***","従業者数_うち常用雇用者","管理、補助的経済活動を行う事業所（02_林業）","20～29人","総数"
"105-2024","020","06","0","00000","2024000000","人","***","従業者数_うち常用雇用者","管理、補助的経済活動を行う事業所（02_林業）","30～49人","総数"
"105-2024","020","07","0","00000","2024000000","人","54","従業者数_うち常用雇用者","管理、補助的経済活動を行う事業所（02_林業）","50～99人","総数"
"105-2024","020","08","0","00000","2024000000","人","***","従業者数_うち常用雇用者","管理、補助的経済活動を行う事業所（02_林業）","100～199人","総数"
"105-2024","020","09","0","00000","2024000000","人","***","従業者数_うち常用雇用者","管理、補助的経済活動を行う事業所（02_林業）","200～299人","総数"
"105-2024","020","10","0","00000","2024000000","人","***","従業者数_うち常用雇用者","管理、補助的経済活動を行う事業所（02_林業）","300人以上","総数"
"105-2024","021","00","0","00000","2024000000","人","20645","従業者数_うち常用雇用者","育林業","総数","総数"
"105-2024","021","01","0","00000","2024000000","人","***","従業者数_うち常用雇用者","育林業","0人","総数"
"105-2024","021","02","0","00000","2024000000","人","1458","従業者数_うち常用雇用者","育林業","1～4人","総数"
"105-2024","021","03","0","00000","2024000000","人","2635","従業者数_うち常用雇用者","育林業","5～9人","総数"
"105-2024","021","04","0","00000","2024000000","人","5237","従業者数_うち常用雇用者","育林業","10～19人","総数"
"105-2024","021","05","0","00000","2024000000","人","4036","従業者数_うち常用雇用者","育林業","20～29人","総数"
"105-2024","021","06","0","00000","2024000000","人","4387","従業者数_うち常用雇用者","育林業","30～49人","総数"
"105-2024","021","07","0","00000","2024000000","人","2630","従業者数_うち常用雇用者","育林業","50～99人","総数"
"105-2024","021","08","0","00000","2024000000","人","262","従業者数_うち常用雇用者","育林業","100～199人","総数"
"105-2024","021","09","0","00000","2024000000","人","***","従業者数_うち常用雇用者","育林業","200～299人","総数"
"105-2024","021","10","0","00000","2024000000","人","***","従業者数_うち常用雇用者","育林業","300人以上","総数"
"105-2024","022","00","0","00000","2024000000","人","5581","従業者数_うち常用雇用者","素材生産業","総数","総数"
"105-2024","022","01","0","00000","2024000000","人","***","従業者数_うち常用雇用者","素材生産業","0人","総数"
"105-2024","022","02","0","00000","2024000000","人","734","従業者数_うち常用雇用者","素材生産業","1～4人","総数"
"105-2024","022","03","0","00000","2024000000","人","1280","従業者数_うち常用雇用者","素材生産業","5～9人","総数"
"105-2024","022","04","0","00000","2024000000","人","1903","従業者数_うち常用雇用者","素材生産業","10～19人","総数"
"105-2024","022","05","0","00000","2024000000","人","938","従業者数_うち常用雇用者","素材生産業","20～29人","総数"
"105-2024","022","06","0","00000","2024000000","人","492","従業者数_うち常用雇用者","素材生産業","30～49人","総数"
"105-2024","022","07","0","00000","2024000000","人","234","従業者数_うち常用雇用者","素材生産業","50～99人","総数"
"105-2024","022","08","0","00000","2024000000","人","***","従業者数_うち常用雇用者","素材生産業","100～199人","総数"
"105-2024","022","09","0","00000","2024000000","人","***","従業者数_うち常用雇用者","素材生産業","200～299人","総数"
"105-2024","022","10","0","00000","2024000000","人","***","従業者数_うち常用雇用者","素材生産業","300人以上","総数"
"105-2024","023","00","0","00000","2024000000","人","440","従業者数_うち常用雇用者","特用林産物生産業（きのこ類の栽培を除く）","総数","総数"
"105-2024","023","01","0","00000","2024000000","人","***","従業者数_うち常用雇用者","特用林産物生産業（きのこ類の栽培を除く）","0人","総数"
"105-2024","023","02","0","00000","2024000000","人","75","従業者数_うち常用雇用者","特用林産物生産業（きのこ類の栽培を除く）","1～4人","総数"
"105-2024","023","03","0","00000","2024000000","人","152","従業者数_うち常用雇用者","特用林産物生産業（きのこ類の栽培を除く）","5～9人","総数"
"105-2024","023","04","0","00000","2024000000","人","140","従業者数_うち常用雇用者","特用林産物生産業（きのこ類の栽培を除く）","10～19人","総数"
"105-2024","023","05","0","00000","2024000000","人","22","従業者数_うち常用雇用者","特用林産物生産業（きのこ類の栽培を除く）","20～29人","総数"
"105-2024","023","06","0","00000","2024000000","人","***","従業者数_うち常用雇用者","特用林産物生産業（きのこ類の栽培を除く）","30～49人","総数"
"105-2024","023","07","0","00000","2024000000","人","51","従業者数_うち常用雇用者","特用林産物生産業（きのこ類の栽培を除く）","50～99人","総数"
"105-2024","023","08","0","00000","2024000000","人","***","従業者数_うち常用雇用者","特用林産物生産業（きのこ類の栽培を除く）","100～199人","総数"
"105-2024","023","09","0","00000","2024000000","人","***","従業者数_うち常用雇用者","特用林産物生産業（きのこ類の栽培を除く）","200～299人","総数"
"105-2024","023","10","0","00000","2024000000","人","***","従業者数_うち常用雇用者","特用林産物生産業（きのこ類の栽培を除く）","300人以上","総数"
"105-2024","024","00","0","00000","2024000000","人","9995","従業者数_うち常用雇用者","林業サービス業","総数","総数"
"105-2024","024","01","0","00000","2024000000","人","***","従業者数_うち常用雇用者","林業サービス業","0人","総数"
"105-2024","024","02","0","00000","2024000000","人","1138","従業者数_うち常用雇用者","林業サービス業","1～4人","総数"
"105-2024","024","03","0","00000","2024000000","人","2177","従業者数_うち常用雇用者","林業サービス業","5～9人","総数"
"105-2024","024","04","0","00000","2024000000","人","3076","従業者数_うち常用雇用者","林業サービス業","10～19人","総数"
"105-2024","024","05","0","00000","2024000000","人","1707","従業者数_うち常用雇用者","林業サービス業","20～29人","総数"
"105-2024","024","06","0","00000","2024000000","人","1303","従業者数_うち常用雇用者","林業サービス業","30～49人","総数"
"105-2024","024","07","0","00000","2024000000","人","594","従業者数_うち常用雇用者","林業サービス業","50～99人","総数"
"105-2024","024","08","0","00000","2024000000","人","***","従業者数_うち常用雇用者","林業サービス業","100～199人","総数"
"105-2024","024","09","0","00000","2024000000","人","***","従業者数_うち常用雇用者","林業サービス業","200～299人","総数"
"105-2024","024","10","0","00000","2024000000","人","***","従業者数_うち常用雇用者","林業サービス業","300人以上","総数"
"105-2024","029","00","0","00000","2024000000","人","716","従業者数_うち常用雇用者","その他の林業","総数","総数"
"105-2024","029","01","0","00000","2024000000","人","***","従業者数_うち常用雇用者","その他の林業","0人","総数"
"105-2024","029","02","0","00000","2024000000","人","67","従業者数_うち常用雇用者","その他の林業","1～4人","総数"
"105-2024","029","03","0","00000","2024000000","人","132","従業者数_うち常用雇用者","その他の林業","5～9人","総数"
"105-2024","029","04","0","00000","2024000000","人","220","従業者数_うち常用雇用者","その他の林業","10～19人","総数"
"105-2024","029","05","0","00000","2024000000","人","136","従業者数_うち常用雇用者","その他の林業","20～29人","総数"
"105-2024","029","06","0","00000","2024000000","人","30","従業者数_うち常用雇用者","その他の林業","30～49人","総数"
"105-2024","029","07","0","00000","2024000000","人","131","従業者数_うち常用雇用者","その他の林業","50～99人","総数"
"105-2024","029","08","0","00000","2024000000","人","***","従業者数_うち常用雇用者","その他の林業","100～199人","総数"
"105-2024","029","09","0","00000","2024000000","人","***","従業者数_うち常用雇用者","その他の林業","200～299人","総数"
"105-2024","029","10","0","00000","2024000000","人","***","従業者数_うち常用雇用者","その他の林業","300人以上","総数"
"105-2024","B","00","0","00000","2024000000","人","30644","従業者数_うち常用雇用者","漁業","総数","総数"
"105-2024","B","01","0","00000","2024000000","人","***","従業者数_うち常用雇用者","漁業","0人","総数"
"105-2024","B","02","0","00000","2024000000","人","3540","従業者数_うち常用雇用者","漁業","1～4人","総数"
"105-2024","B","03","0","00000","2024000000","人","6040","従業者数_うち常用雇用者","漁業","5～9人","総数"
"105-2024","B","04","0","00000","2024000000","人","8449","従業者数_うち常用雇用者","漁業","10～19人","総数"
"105-2024","B","05","0","00000","2024000000","人","3892","従業者数_うち常用雇用者","漁業","20～29人","総数"
"105-2024","B","06","0","00000","2024000000","人","4552","従業者数_うち常用雇用者","漁業","30～49人","総数"
"105-2024","B","07","0","00000","2024000000","人","2159","従業者数_うち常用雇用者","漁業","50～99人","総数"
"105-2024","B","08","0","00000","2024000000","人","2012","従業者数_うち常用雇用者","漁業","100～199人","総数"
"105-2024","B","09","0","00000","2024000000","人","***","従業者数_うち常用雇用者","漁業","200～299人","総数"
"105-2024","B","10","0","00000","2024000000","人","***","従業者数_うち常用雇用者","漁業","300人以上","総数"
"105-2024","03","00","0","00000","2024000000","人","18536","従業者数_うち常用雇用者","漁業（水産養殖業を除く）","総数","総数"
"105-2024","03","01","0","00000","2024000000","人","***","従業者数_うち常用雇用者","漁業（水産養殖業を除く）","0人","総数"
"105-2024","03","02","0","00000","2024000000","人","1218","従業者数_うち常用雇用者","漁業（水産養殖業を除く）","1～4人","総数"
"105-2024","03","03","0","00000","2024000000","人","3001","従業者数_うち常用雇用者","漁業（水産養殖業を除く）","5～9人","総数"
"105-2024","03","04","0","00000","2024000000","人","4998","従業者数_うち常用雇用者","漁業（水産養殖業を除く）","10～19人","総数"
"105-2024","03","05","0","00000","2024000000","人","2617","従業者数_うち常用雇用者","漁業（水産養殖業を除く）","20～29人","総数"
"105-2024","03","06","0","00000","2024000000","人","3325","従業者数_うち常用雇用者","漁業（水産養殖業を除く）","30～49人","総数"
"105-2024","03","07","0","00000","2024000000","人","1528","従業者数_うち常用雇用者","漁業（水産養殖業を除く）","50～99人","総数"
"105-2024","03","08","0","00000","2024000000","人","1849","従業者数_うち常用雇用者","漁業（水産養殖業を除く）","100～199人","総数"
"105-2024","03","09","0","00000","2024000000","人","***","従業者数_うち常用雇用者","漁業（水産養殖業を除く）","200～299人","総数"
"105-2024","03","10","0","00000","2024000000","人","***","従業者数_うち常用雇用者","漁業（水産養殖業を除く）","300人以上","総数"
"105-2024","030","00","0","00000","2024000000","人","21","従業者数_うち常用雇用者","管理、補助的経済活動を行う事業所（03_漁業）","総数","総数"
"105-2024","030","01","0","00000","2024000000","人","***","従業者数_うち常用雇用者","管理、補助的経済活動を行う事業所（03_漁業）","0人","総数"
"105-2024","030","02","0","00000","2024000000","人","21","従業者数_うち常用雇用者","管理、補助的経済活動を行う事業所（03_漁業）","1～4人","総数"
"105-2024","030","03","0","00000","2024000000","人","***","従業者数_うち常用雇用者","管理、補助的経済活動を行う事業所（03_漁業）","5～9人","総数"
"105-2024","030","04","0","00000","2024000000","人","***","従業者数_うち常用雇用者","管理、補助的経済活動を行う事業所（03_漁業）","10～19人","総数"
"105-2024","030","05","0","00000","2024000000","人","***","従業者数_うち常用雇用者","管理、補助的経済活動を行う事業所（03_漁業）","20～29人","総数"
"105-2024","030","06","0","00000","2024000000","人","***","従業者数_うち常用雇用者","管理、補助的経済活動を行う事業所（03_漁業）","30～49人","総数"
"105-2024","030","07","0","00000","2024000000","人","***","従業者数_うち常用雇用者","管理、補助的経済活動を行う事業所（03_漁業）","50～99人","総数"
"105-2024","030","08","0","00000","2024000000","人","***","従業者数_うち常用雇用者","管理、補助的経済活動を行う事業所（03_漁業）","100～199人","総数"
"105-2024","030","09","0","00000","2024000000","人","***","従業者数_うち常用雇用者","管理、補助的経済活動を行う事業所（03_漁業）","200～299人","総数"
"105-2024","030","10","0","00000","2024000000","人","***","従業者数_うち常用雇用者","管理、補助的経済活動を行う事業所（03_漁業）","300人以上","総数"
"105-2024","031","00","0","00000","2024000000","人","18346","従業者数_うち常用雇用者","海面漁業","総数","総数"
"105-2024","031","01","0","00000","2024000000","人","***","従業者数_うち常用雇用者","海面漁業","0人","総数"
"105-2024","031","02","0","00000","2024000000","人","1121","従業者数_うち常用雇用者","海面漁業","1～4人","総数"
"105-2024","031","03","0","00000","2024000000","人","2945","従業者数_うち常用雇用者","海面漁業","5～9人","総数"
"105-2024","031","04","0","00000","2024000000","人","4961","従業者数_うち常用雇用者","海面漁業","10～19人","総数"
"105-2024","031","05","0","00000","2024000000","人","2617","従業者数_うち常用雇用者","海面漁業","20～29人","総数"
"105-2024","031","06","0","00000","2024000000","人","3325","従業者数_うち常用雇用者","海面漁業","30～49人","総数"
"105-2024","031","07","0","00000","2024000000","人","1528","従業者数_うち常用雇用者","海面漁業","50～99人","総数"
"105-2024","031","08","0","00000","2024000000","人","1849","従業者数_うち常用雇用者","海面漁業","100～199人","総数"
"105-2024","031","09","0","00000","2024000000","人","***","従業者数_うち常用雇用者","海面漁業","200～299人","総数"
"105-2024","031","10","0","00000","2024000000","人","***","従業者数_うち常用雇用者","海面漁業","300人以上","総数"
"105-2024","032","00","0","00000","2024000000","人","169","従業者数_うち常用雇用者","内水面漁業","総数","総数"
"105-2024","032","01","0","00000","2024000000","人","***","従業者数_うち常用雇用者","内水面漁業","0人","総数"
"105-2024","032","02","0","00000","2024000000","人","76","従業者数_うち常用雇用者","内水面漁業","1～4人","総数"
"105-2024","032","03","0","00000","2024000000","人","56","従業者数_うち常用雇用者","内水面漁業","5～9人","総数"
"105-2024","032","04","0","00000","2024000000","人","37","従業者数_うち常用雇用者","内水面漁業","10～19人","総数"
"105-2024","032","05","0","00000","2024000000","人","***","従業者数_うち常用雇用者","内水面漁業","20～29人","総数"
"105-2024","032","06","0","00000","2024000000","人","***","従業者数_うち常用雇用者","内水面漁業","30～49人","総数"
"105-2024","032","07","0","00000","2024000000","人","***","従業者数_うち常用雇用者","内水面漁業","50～99人","総数"
"105-2024","032","08","0","00000","2024000000","人","***","従業者数_うち常用雇用者","内水面漁業","100～199人","総数"
"105-2024","032","09","0","00000","2024000000","人","***","従業者数_うち常用雇用者","内水面漁業","200～299人","総数"
"105-2024","032","10","0","00000","2024000000","人","***","従業者数_うち常用雇用者","内水面漁業","300人以上","総数"
"105-2024","04","00","0","00000","2024000000","人","12102","従業者数_うち常用雇用者","水産養殖業","総数","総数"
"105-2024","04","01","0","00000","2024000000","人","***","従業者数_うち常用雇用者","水産養殖業","0人","総数"
"105-2024","04","02","0","00000","2024000000","人","2321","従業者数_うち常用雇用者","水産養殖業","1～4人","総数"
"105-2024","04","03","0","00000","2024000000","人","3034","従業者数_うち常用雇用者","水産養殖業","5～9人","総数"
"105-2024","04","04","0","00000","2024000000","人","3451","従業者数_うち常用雇用者","水産養殖業","10～19人","総数"
"105-2024","04","05","0","00000","2024000000","人","1275","従業者数_うち常用雇用者","水産養殖業","20～29人","総数"
"105-2024","04","06","0","00000","2024000000","人","1227","従業者数_うち常用雇用者","水産養殖業","30～49人","総数"
"105-2024","04","07","0","00000","2024000000","人","631","従業者数_うち常用雇用者","水産養殖業","50～99人","総数"
"105-2024","04","08","0","00000","2024000000","人","163","従業者数_うち常用雇用者","水産養殖業","100～199人","総数"
"105-2024","04","09","0","00000","2024000000","人","***","従業者数_うち常用雇用者","水産養殖業","200～299人","総数"
"105-2024","04","10","0","00000","2024000000","人","***","従業者数_うち常用雇用者","水産養殖業","300人以上","総数"
"105-2024","040","00","0","00000","2024000000","人","75","従業者数_うち常用雇用者","管理、補助的経済活動を行う事業所（04_水産養殖業）","総数","総数"
"105-2024","040","01","0","00000","2024000000","人","***","従業者数_うち常用雇用者","管理、補助的経済活動を行う事業所（04_水産養殖業）","0人","総数"
"105-2024","040","02","0","00000","2024000000","人","27","従業者数_うち常用雇用者","管理、補助的経済活動を行う事業所（04_水産養殖業）","1～4人","総数"
"105-2024","040","03","0","00000","2024000000","人","22","従業者数_うち常用雇用者","管理、補助的経済活動を行う事業所（04_水産養殖業）","5～9人","総数"
"105-2024","040","04","0","00000","2024000000","人","26","従業者数_うち常用雇用者","管理、補助的経済活動を行う事業所（04_水産養殖業）","10～19人","総数"
"105-2024","040","05","0","00000","2024000000","人","***","従業者数_うち常用雇用者","管理、補助的経済活動を行う事業所（04_水産養殖業）","20～29人","総数"
"105-2024","040","06","0","00000","2024000000","人","***","従業者数_うち常用雇用者","管理、補助的経済活動を行う事業所（04_水産養殖業）","30～49人","総数"
"105-2024","040","07","0","00000","2024000000","人","***","従業者数_うち常用雇用者","管理、補助的経済活動を行う事業所（04_水産養殖業）","50～99人","総数"
"105-2024","040","08","0","00000","2024000000","人","***","従業者数_うち常用雇用者","管理、補助的経済活動を行う事業所（04_水産養殖業）","100～199人","総数"
"105-2024","040","09","0","00000","2024000000","人","***","従業者数_うち常用雇用者","管理、補助的経済活動を行う事業所（04_水産養殖業）","200～299人","総数"
"105-2024","040","10","0","00000","2024000000","人","***","従業者数_うち常用雇用者","管理、補助的経済活動を行う事業所（04_水産養殖業）","300人以上","総数"
"105-2024","041","00","0","00000","2024000000","人","8873","従業者数_うち常用雇用者","海面養殖業","総数","総数"
"105-2024","041","01","0","00000","2024000000","人","***","従業者数_うち常用雇用者","海面養殖業","0人","総数"
"105-2024","041","02","0","00000","2024000000","人","1314","従業者数_うち常用雇用者","海面養殖業","1～4人","総数"
"105-2024","041","03","0","00000","2024000000","人","2074","従業者数_うち常用雇用者","海面養殖業","5～9人","総数"
"105-2024","041","04","0","00000","2024000000","人","2836","従業者数_うち常用雇用者","海面養殖業","10～19人","総数"
"105-2024","041","05","0","00000","2024000000","人","1033","従業者数_うち常用雇用者","海面養殖業","20～29人","総数"
"105-2024","041","06","0","00000","2024000000","人","952","従業者数_うち常用雇用者","海面養殖業","30～49人","総数"
"105-2024","041","07","0","00000","2024000000","人","501","従業者数_うち常用雇用者","海面養殖業","50～99人","総数"
"105-2024","041","08","0","00000","2024000000","人","163","従業者数_うち常用雇用者","海面養殖業","100～199人","総数"
"105-2024","041","09","0","00000","2024000000","人","***","従業者数_うち常用雇用者","海面養殖業","200～299人","総数"
"105-2024","041","10","0","00000","2024000000","人","***","従業者数_うち常用雇用者","海面養殖業","300人以上","総数"
"105-2024","042","00","0","00000","2024000000","人","3154","従業者数_うち常用雇用者","内水面養殖業","総数","総数"
"105-2024","042","01","0","00000","2024000000","人","***","従業者数_うち常用雇用者","内水面養殖業","0人","総数"
"105-2024","042","02","0","00000","2024000000","人","980","従業者数_うち常用雇用者","内水面養殖業","1～4人","総数"
"105-2024","042","03","0","00000","2024000000","人","938","従業者数_うち常用雇用者","内水面養殖業","5～9人","総数"
"105-2024","042","04","0","00000","2024000000","人","589","従業者数_うち常用雇用者","内水面養殖業","10～19人","総数"
"105-2024","042","05","0","00000","2024000000","人","242","従業者数_うち常用雇用者","内水面養殖業","20～29人","総数"
"105-2024","042","06","0","00000","2024000000","人","275","従業者数_うち常用雇用者","内水面養殖業","30～49人","総数"
"105-2024","042","07","0","00000","2024000000","人","130","従業者数_うち常用雇用者","内水面養殖業","50～99人","総数"
"105-2024","042","08","0","00000","2024000000","人","***","従業者数_うち常用雇用者","内水面養殖業","100～199人","総数"
"105-2024","042","09","0","00000","2024000000","人","***","従業者数_うち常用雇用者","内水面養殖業","200～299人","総数"
"105-2024","042","10","0","00000","2024000000","人","***","従業者数_うち常用雇用者","内水面養殖業","300人以上","総数"
"105-2024","CR","00","0","00000","2024000000","人","50696881","従業者数_うち常用雇用者","非農林漁業（S_公務を除く）","総数","総数"
"105-2024","CR","01","0","00000","2024000000","人","***","従業者数_うち常用雇用者","非農林漁業（S_公務を除く）","0人","総数"
"105-2024","CR","02","0","00000","2024000000","人","3854009","従業者数_うち常用雇用者","非農林漁業（S_公務を除く）","1～4人","総数"
"105-2024","CR","03","0","00000","2024000000","人","4970771","従業者数_うち常用雇用者","非農林漁業（S_公務を除く）","5～9人","総数"
"105-2024","CR","04","0","00000","2024000000","人","7316278","従業者数_うち常用雇用者","非農林漁業（S_公務を除く）","10～19人","総数"
"105-2024","CR","05","0","00000","2024000000","人","5097471","従業者数_うち常用雇用者","非農林漁業（S_公務を除く）","20～29人","総数"
"105-2024","CR","06","0","00000","2024000000","人","5983524","従業者数_うち常用雇用者","非農林漁業（S_公務を除く）","30～49人","総数"
"105-2024","CR","07","0","00000","2024000000","人","6703903","従業者数_うち常用雇用者","非農林漁業（S_公務を除く）","50～99人","総数"
"105-2024","CR","08","0","00000","2024000000","人","5333569","従業者数_うち常用雇用者","非農林漁業（S_公務を除く）","100～199人","総数"
"105-2024","CR","09","0","00000","2024000000","人","2554979","従業者数_うち常用雇用者","非農林漁業（S_公務を除く）","200～299人","総数"
"105-2024","CR","10","0","00000","2024000000","人","8882377","従業者数_うち常用雇用者","非農林漁業（S_公務を除く）","300人以上","総数"
"105-2024","C","00","0","00000","2024000000","人","15188","従業者数_うち常用雇用者","鉱業、採石業、砂利採取業","総数","総数"
"105-2024","C","01","0","00000","2024000000","人","***","従業者数_うち常用雇用者","鉱業、採石業、砂利採取業","0人","総数"
"105-2024","C","02","0","00000","2024000000","人","1474","従業者数_うち常用雇用者","鉱業、採石業、砂利採取業","1～4人","総数"
"105-2024","C","03","0","00000","2024000000","人","2586","従業者数_うち常用雇用者","鉱業、採石業、砂利採取業","5～9人","総数"
"105-2024","C","04","0","00000","2024000000","人","3641","従業者数_うち常用雇用者","鉱業、採石業、砂利採取業","10～19人","総数"
"105-2024","C","05","0","00000","2024000000","人","1702","従業者数_うち常用雇用者","鉱業、採石業、砂利採取業","20～29人","総数"
"105-2024","C","06","0","00000","2024000000","人","2107","従業者数_うち常用雇用者","鉱業、採石業、砂利採取業","30～49人","総数"
"105-2024","C","07","0","00000","2024000000","人","1079","従業者数_うち常用雇用者","鉱業、採石業、砂利採取業","50～99人","総数"
"105-2024","C","08","0","00000","2024000000","人","1485","従業者数_うち常用雇用者","鉱業、採石業、砂利採取業","100～199人","総数"
"105-2024","C","09","0","00000","2024000000","人","236","従業者数_うち常用雇用者","鉱業、採石業、砂利採取業","200～299人","総数"
"105-2024","C","10","0","00000","2024000000","人","878","従業者数_うち常用雇用者","鉱業、採石業、砂利採取業","300人以上","総数"
"105-2024","05","00","0","00000","2024000000","人","15188","従業者数_うち常用雇用者","鉱業、採石業、砂利採取業","総数","総数"
"105-2024","05","01","0","00000","2024000000","人","***","従業者数_うち常用雇用者","鉱業、採石業、砂利採取業","0人","総数"
"105-2024","05","02","0","00000","2024000000","人","1474","従業者数_うち常用雇用者","鉱業、採石業、砂利採取業","1～4人","総数"
"105-2024","05","03","0","00000","2024000000","人","2586","従業者数_うち常用雇用者","鉱業、採石業、砂利採取業","5～9人","総数"
"105-2024","05","04","0","00000","2024000000","人","3641","従業者数_うち常用雇用者","鉱業、採石業、砂利採取業","10～19人","総数"
"105-2024","05","05","0","00000","2024000000","人","1702","従業者数_うち常用雇用者","鉱業、採石業、砂利採取業","20～29人","総数"
"105-2024","05","06","0","00000","2024000000","人","2107","従業者数_うち常用雇用者","鉱業、採石業、砂利採取業","30～49人","総数"
"105-2024","05","07","0","00000","2024000000","人","1079","従業者数_うち常用雇用者","鉱業、採石業、砂利採取業","50～99人","総数"
"105-2024","05","08","0","00000","2024000000","人","1485","従業者数_うち常用雇用者","鉱業、採石業、砂利採取業","100～199人","総数"
"105-2024","05","09","0","00000","2024000000","人","236","従業者数_うち常用雇用者","鉱業、採石業、砂利採取業","200～299人","総数"
"105-2024","05","10","0","00000","2024000000","人","878","従業者数_うち常用雇用者","鉱業、採石業、砂利採取業","300人以上","総数"
"105-2024","050","00","0","00000","2024000000","人","1731","従業者数_うち常用雇用者","管理、補助的経済活動を行う事業所（05_鉱業、採石業、砂利採取業）","総数","総数"
"105-2024","050","01","0","00000","2024000000","人","***","従業者数_うち常用雇用者","管理、補助的経済活動を行う事業所（05_鉱業、採石業、砂利採取業）","0人","総数"
"105-2024","050","02","0","00000","2024000000","人","160","従業者数_うち常用雇用者","管理、補助的経済活動を行う事業所（05_鉱業、採石業、砂利採取業）","1～4人","総数"
"105-2024","050","03","0","00000","2024000000","人","115","従業者数_うち常用雇用者","管理、補助的経済活動を行う事業所（05_鉱業、採石業、砂利採取業）","5～9人","総数"
"105-2024","050","04","0","00000","2024000000","人","137","従業者数_うち常用雇用者","管理、補助的経済活動を行う事業所（05_鉱業、採石業、砂利採取業）","10～19人","総数"
"105-2024","050","05","0","00000","2024000000","人","20","従業者数_うち常用雇用者","管理、補助的経済活動を行う事業所（05_鉱業、採石業、砂利採取業）","20～29人","総数"
"105-2024","050","06","0","00000","2024000000","人","32","従業者数_うち常用雇用者","管理、補助的経済活動を行う事業所（05_鉱業、採石業、砂利採取業）","30～49人","総数"
"105-2024","050","07","0","00000","2024000000","人","53","従業者数_うち常用雇用者","管理、補助的経済活動を行う事業所（05_鉱業、採石業、砂利採取業）","50～99人","総数"
"105-2024","050","08","0","00000","2024000000","人","100","従業者数_うち常用雇用者","管理、補助的経済活動を行う事業所（05_鉱業、採石業、砂利採取業）","100～199人","総数"
"105-2024","050","09","0","00000","2024000000","人","236","従業者数_うち常用雇用者","管理、補助的経済活動を行う事業所（05_鉱業、採石業、砂利採取業）","200～299人","総数"
"105-2024","050","10","0","00000","2024000000","人","878","従業者数_うち常用雇用者","管理、補助的経済活動を行う事業所（05_鉱業、採石業、砂利採取業）","300人以上","総数"
"105-2024","051","00","0","00000","2024000000","人","377","従業者数_うち常用雇用者","金属鉱業","総数","総数"
"105-2024","051","01","0","00000","2024000000","人","***","従業者数_うち常用雇用者","金属鉱業","0人","総数"
"105-2024","051","02","0","00000","2024000000","人","13","従業者数_うち常用雇用者","金属鉱業","1～4人","総数"
"105-2024","051","03","0","00000","2024000000","人","12","従業者数_うち常用雇用者","金属鉱業","5～9人","総数"
"105-2024","051","04","0","00000","2024000000","人","30","従業者数_うち常用雇用者","金属鉱業","10～19人","総数"
"105-2024","051","05","0","00000","2024000000","人","29","従業者数_うち常用雇用者","金属鉱業","20～29人","総数"
"105-2024","051","06","0","00000","2024000000","人","***","従業者数_うち常用雇用者","金属鉱業","30～49人","総数"
"105-2024","051","07","0","00000","2024000000","人","***","従業者数_うち常用雇用者","金属鉱業","50～99人","総数"
"105-2024","051","08","0","00000","2024000000","人","293","従業者数_うち常用雇用者","金属鉱業","100～199人","総数"
"105-2024","051","09","0","00000","2024000000","人","***","従業者数_うち常用雇用者","金属鉱業","200～299人","総数"
"105-2024","051","10","0","00000","2024000000","人","***","従業者数_うち常用雇用者","金属鉱業","300人以上","総数"
"105-2024","052","00","0","00000","2024000000","人","326","従業者数_うち常用雇用者","石炭・亜炭鉱業","総数","総数"
"105-2024","052","01","0","00000","2024000000","人","***","従業者数_うち常用雇用者","石炭・亜炭鉱業","0人","総数"
"105-2024","052","02","0","00000","2024000000","人","12","従業者数_うち常用雇用者","石炭・亜炭鉱業","1～4人","総数"
"105-2024","052","03","0","00000","2024000000","人","45","従業者数_うち常用雇用者","石炭・亜炭鉱業","5～9人","総数"
"105-2024","052","04","0","00000","2024000000","人","60","従業者数_うち常用雇用者","石炭・亜炭鉱業","10～19人","総数"
"105-2024","052","05","0","00000","2024000000","人","23","従業者数_うち常用雇用者","石炭・亜炭鉱業","20～29人","総数"
"105-2024","052","06","0","00000","2024000000","人","***","従業者数_うち常用雇用者","石炭・亜炭鉱業","30～49人","総数"
"105-2024","052","07","0","00000","2024000000","人","51","従業者数_うち常用雇用者","石炭・亜炭鉱業","50～99人","総数"
"105-2024","052","08","0","00000","2024000000","人","135","従業者数_うち常用雇用者","石炭・亜炭鉱業","100～199人","総数"
"105-2024","052","09","0","00000","2024000000","人","***","従業者数_うち常用雇用者","石炭・亜炭鉱業","200～299人","総数"
"105-2024","052","10","0","00000","2024000000","人","***","従業者数_うち常用雇用者","石炭・亜炭鉱業","300人以上","総数"
"105-2024","053","00","0","00000","2024000000","人","952","従業者数_うち常用雇用者","原油・天然ガス鉱業","総数","総数"
"105-2024","053","01","0","00000","2024000000","人","***","従業者数_うち常用雇用者","原油・天然ガス鉱業","0人","総数"
"105-2024","053","02","0","00000","2024000000","人","10","従業者数_うち常用雇用者","原油・天然ガス鉱業","1～4人","総数"
"105-2024","053","03","0","00000","2024000000","人","9","従業者数_うち常用雇用者","原油・天然ガス鉱業","5～9人","総数"
"105-2024","053","04","0","00000","2024000000","人","45","従業者数_うち常用雇用者","原油・天然ガス鉱業","10～19人","総数"
"105-2024","053","05","0","00000","2024000000","人","104","従業者数_うち常用雇用者","原油・天然ガス鉱業","20～29人","総数"
"105-2024","053","06","0","00000","2024000000","人","229","従業者数_うち常用雇用者","原油・天然ガス鉱業","30～49人","総数"
"105-2024","053","07","0","00000","2024000000","人","124","従業者数_うち常用雇用者","原油・天然ガス鉱業","50～99人","総数"
"105-2024","053","08","0","00000","2024000000","人","431","従業者数_うち常用雇用者","原油・天然ガス鉱業","100～199人","総数"
"105-2024","053","09","0","00000","2024000000","人","***","従業者数_うち常用雇用者","原油・天然ガス鉱業","200～299人","総数"
"105-2024","053","10","0","00000","2024000000","人","***","従業者数_うち常用雇用者","原油・天然ガス鉱業","300人以上","総数"
"105-2024","054","00","0","00000","2024000000","人","8432","従業者数_うち常用雇用者","採石業、砂・砂利・玉石採取業","総数","総数"
"105-2024","054","01","0","00000","2024000000","人","***","従業者数_うち常用雇用者","採石業、砂・砂利・玉石採取業","0人","総数"
"105-2024","054","02","0","00000","2024000000","人","1105","従業者数_うち常用雇用者","採石業、砂・砂利・玉石採取業","1～4人","総数"
"105-2024","054","03","0","00000","2024000000","人","2100","従業者数_うち常用雇用者","採石業、砂・砂利・玉石採取業","5～9人","総数"
"105-2024","054","04","0","00000","2024000000","人","2904","従業者数_うち常用雇用者","採石業、砂・砂利・玉石採取業","10～19人","総数"
"105-2024","054","05","0","00000","2024000000","人","1168","従業者数_うち常用雇用者","採石業、砂・砂利・玉石採取業","20～29人","総数"
"105-2024","054","06","0","00000","2024000000","人","1155","従業者数_うち常用雇用者","採石業、砂・砂利・玉石採取業","30～49人","総数"
"105-2024","054","07","0","00000","2024000000","人","***","従業者数_うち常用雇用者","採石業、砂・砂利・玉石採取業","50～99人","総数"
"105-2024","054","08","0","00000","2024000000","人","***","従業者数_うち常用雇用者","採石業、砂・砂利・玉石採取業","100～199人","総数"
"105-2024","054","09","0","00000","2024000000","人","***","従業者数_うち常用雇用者","採石業、砂・砂利・玉石採取業","200～299人","総数"
"105-2024","054","10","0","00000","2024000000","人","***","従業者数_うち常用雇用者","採石業、砂・砂利・玉石採取業","300人以上","総数"
"105-2024","055","00","0","00000","2024000000","人","3130","従業者数_うち常用雇用者","窯業原料用鉱物鉱業（耐火物・陶磁器・ガラス・セメント原料用に限る）","総数","総数"
"105-2024","055","01","0","00000","2024000000","人","***","従業者数_うち常用雇用者","窯業原料用鉱物鉱業（耐火物・陶磁器・ガラス・セメント原料用に限る）","0人","総数"
"105-2024","055","02","0","00000","2024000000","人","135","従業者数_うち常用雇用者","窯業原料用鉱物鉱業（耐火物・陶磁器・ガラス・セメント原料用に限る）","1～4人","総数"
"105-2024","055","03","0","00000","2024000000","人","263","従業者数_うち常用雇用者","窯業原料用鉱物鉱業（耐火物・陶磁器・ガラス・セメント原料用に限る）","5～9人","総数"
"105-2024","055","04","0","00000","2024000000","人","437","従業者数_うち常用雇用者","窯業原料用鉱物鉱業（耐火物・陶磁器・ガラス・セメント原料用に限る）","10～19人","総数"
"105-2024","055","05","0","00000","2024000000","人","286","従業者数_うち常用雇用者","窯業原料用鉱物鉱業（耐火物・陶磁器・ガラス・セメント原料用に限る）","20～29人","総数"
"105-2024","055","06","0","00000","2024000000","人","691","従業者数_うち常用雇用者","窯業原料用鉱物鉱業（耐火物・陶磁器・ガラス・セメント原料用に限る）","30～49人","総数"
"105-2024","055","07","0","00000","2024000000","人","792","従業者数_うち常用雇用者","窯業原料用鉱物鉱業（耐火物・陶磁器・ガラス・セメント原料用に限る）","50～99人","総数"
"105-2024","055","08","0","00000","2024000000","人","526","従業者数_うち常用雇用者","窯業原料用鉱物鉱業（耐火物・陶磁器・ガラス・セメント原料用に限る）","100～199人","総数"
"105-2024","055","09","0","00000","2024000000","人","***","従業者数_うち常用雇用者","窯業原料用鉱物鉱業（耐火物・陶磁器・ガラス・セメント原料用に限る）","200～299人","総数"
"105-2024","055","10","0","00000","2024000000","人","***","従業者数_うち常用雇用者","窯業原料用鉱物鉱業（耐火物・陶磁器・ガラス・セメント原料用に限る）","300人以上","総数"
"105-2024","059","00","0","00000","2024000000","人","240","従業者数_うち常用雇用者","その他の鉱業","総数","総数"
"105-2024","059","01","0","00000","2024000000","人","***","従業者数_うち常用雇用者","その他の鉱業","0人","総数"
"105-2024","059","02","0","00000","2024000000","人","39","従業者数_うち常用雇用者","その他の鉱業","1～4人","総数"
"105-2024","059","03","0","00000","2024000000","人","42","従業者数_うち常用雇用者","その他の鉱業","5～9人","総数"
"105-2024","059","04","0","00000","2024000000","人","28","従業者数_うち常用雇用者","その他の鉱業","10～19人","総数"
"105-2024","059","05","0","00000","2024000000","人","72","従業者数_うち常用雇用者","その他の鉱業","20～29人","総数"
"105-2024","059","06","0","00000","2024000000","人","***","従業者数_うち常用雇用者","その他の鉱業","30～49人","総数"
"105-2024","059","07","0","00000","2024000000","人","59","従業者数_うち常用雇用者","その他の鉱業","50～99人","総数"
"105-2024","059","08","0","00000","2024000000","人","***","従業者数_うち常用雇用者","その他の鉱業","100～199人","総数"
"105-2024","059","09","0","00000","2024000000","人","***","従業者数_うち常用雇用者","その他の鉱業","200～299人","総数"
"105-2024","059","10","0","00000","2024000000","人","***","従業者数_うち常用雇用者","その他の鉱業","300人以上","総数"
"105-2024","D","00","0","00000","2024000000","人","3016053","従業者数_うち常用雇用者","建設業","総数","総数"
"105-2024","D","01","0","00000","2024000000","人","***","従業者数_うち常用雇用者","建設業","0人","総数"
"105-2024","D","02","0","00000","2024000000","人","443624","従業者数_うち常用雇用者","建設業","1～4人","総数"
"105-2024","D","03","0","00000","2024000000","人","538584","従業者数_うち常用雇用者","建設業","5～9人","総数"
"105-2024","D","04","0","00000","2024000000","人","615359","従業者数_うち常用雇用者","建設業","10～19人","総数"
"105-2024","D","05","0","00000","2024000000","人","336472","従業者数_うち常用雇用者","建設業","20～29人","総数"
"105-2024","D","06","0","00000","2024000000","人","351896","従業者数_うち常用雇用者","建設業","30～49人","総数"
"105-2024","D","07","0","00000","2024000000","人","289504","従業者数_うち常用雇用者","建設業","50～99人","総数"
"105-2024","D","08","0","00000","2024000000","人","184316","従業者数_うち常用雇用者","建設業","100～199人","総数"
"105-2024","D","09","0","00000","2024000000","人","77514","従業者数_うち常用雇用者","建設業","200～299人","総数"
"105-2024","D","10","0","00000","2024000000","人","178784","従業者数_うち常用雇用者","建設業","300人以上","総数"
"105-2024","06","00","0","00000","2024000000","人","1431263","従業者数_うち常用雇用者","総合工事業","総数","総数"
"105-2024","06","01","0","00000","2024000000","人","***","従業者数_うち常用雇用者","総合工事業","0人","総数"
"105-2024","06","02","0","00000","2024000000","人","177945","従業者数_うち常用雇用者","総合工事業","1～4人","総数"
"105-2024","06","03","0","00000","2024000000","人","237820","従業者数_うち常用雇用者","総合工事業","5～9人","総数"
"105-2024","06","04","0","00000","2024000000","人","284905","従業者数_うち常用雇用者","総合工事業","10～19人","総数"
"105-2024","06","05","0","00000","2024000000","人","165038","従業者数_うち常用雇用者","総合工事業","20～29人","総数"
"105-2024","06","06","0","00000","2024000000","人","179958","従業者数_うち常用雇用者","総合工事業","30～49人","総数"
"105-2024","06","07","0","00000","2024000000","人","144211","従業者数_うち常用雇用者","総合工事業","50～99人","総数"
"105-2024","06","08","0","00000","2024000000","人","95817","従業者数_うち常用雇用者","総合工事業","100～199人","総数"
"105-2024","06","09","0","00000","2024000000","人","42140","従業者数_うち常用雇用者","総合工事業","200～299人","総数"
"105-2024","06","10","0","00000","2024000000","人","103429","従業者数_うち常用雇用者","総合工事業","300人以上","総数"
"105-2024","060","00","0","00000","2024000000","人","15161","従業者数_うち常用雇用者","管理、補助的経済活動を行う事業所（06_総合工事業）","総数","総数"
"105-2024","060","01","0","00000","2024000000","人","***","従業者数_うち常用雇用者","管理、補助的経済活動を行う事業所（06_総合工事業）","0人","総数"
"105-2024","060","02","0","00000","2024000000","人","931","従業者数_うち常用雇用者","管理、補助的経済活動を行う事業所（06_総合工事業）","1～4人","総数"
"105-2024","060","03","0","00000","2024000000","人","766","従業者数_うち常用雇用者","管理、補助的経済活動を行う事業所（06_総合工事業）","5～9人","総数"
"105-2024","060","04","0","00000","2024000000","人","1344","従業者数_うち常用雇用者","管理、補助的経済活動を行う事業所（06_総合工事業）","10～19人","総数"
"105-2024","060","05","0","00000","2024000000","人","1140","従業者数_うち常用雇用者","管理、補助的経済活動を行う事業所（06_総合工事業）","20～29人","総数"
"105-2024","060","06","0","00000","2024000000","人","1916","従業者数_うち常用雇用者","管理、補助的経済活動を行う事業所（06_総合工事業）","30～49人","総数"
"105-2024","060","07","0","00000","2024000000","人","2997","従業者数_うち常用雇用者","管理、補助的経済活動を行う事業所（06_総合工事業）","50～99人","総数"
"105-2024","060","08","0","00000","2024000000","人","2794","従業者数_うち常用雇用者","管理、補助的経済活動を行う事業所（06_総合工事業）","100～199人","総数"
"105-2024","060","09","0","00000","2024000000","人","1817","従業者数_うち常用雇用者","管理、補助的経済活動を行う事業所（06_総合工事業）","200～299人","総数"
"105-2024","060","10","0","00000","2024000000","人","1456","従業者数_うち常用雇用者","管理、補助的経済活動を行う事業所（06_総合工事業）","300人以上","総数"
"105-2024","061","00","0","00000","2024000000","人","192500","従業者数_うち常用雇用者","一般土木建築工事業","総数","総数"
"105-2024","061","01","0","00000","2024000000","人","***","従業者数_うち常用雇用者","一般土木建築工事業","0人","総数"
"105-2024","061","02","0","00000","2024000000","人","6569","従業者数_うち常用雇用者","一般土木建築工事業","1～4人","総数"
"105-2024","061","03","0","00000","2024000000","人","9334","従業者数_うち常用雇用者","一般土木建築工事業","5～9人","総数"
"105-2024","061","04","0","00000","2024000000","人","17032","従業者数_うち常用雇用者","一般土木建築工事業","10～19人","総数"
"105-2024","061","05","0","00000","2024000000","人","15220","従業者数_うち常用雇用者","一般土木建築工事業","20～29人","総数"
"105-2024","061","06","0","00000","2024000000","人","23444","従業者数_うち常用雇用者","一般土木建築工事業","30～49人","総数"
"105-2024","061","07","0","00000","2024000000","人","30810","従業者数_うち常用雇用者","一般土木建築工事業","50～99人","総数"
"105-2024","061","08","0","00000","2024000000","人","31767","従業者数_うち常用雇用者","一般土木建築工事業","100～199人","総数"
"105-2024","061","09","0","00000","2024000000","人","16744","従業者数_うち常用雇用者","一般土木建築工事業","200～299人","総数"
"105-2024","061","10","0","00000","2024000000","人","41580","従業者数_うち常用雇用者","一般土木建築工事業","300人以上","総数"
"105-2024","062","00","0","00000","2024000000","人","550781","従業者数_うち常用雇用者","土木工事業（舗装工事業を除く）","総数","総数"
"105-2024","062","01","0","00000","2024000000","人","***","従業者数_うち常用雇用者","土木工事業（舗装工事業を除く）","0人","総数"
"105-2024","062","02","0","00000","2024000000","人","63031","従業者数_うち常用雇用者","土木工事業（舗装工事業を除く）","1～4人","総数"
"105-2024","062","03","0","00000","2024000000","人","111673","従業者数_うち常用雇用者","土木工事業（舗装工事業を除く）","5～9人","総数"
"105-2024","062","04","0","00000","2024000000","人","143871","従業者数_うち常用雇用者","土木工事業（舗装工事業を除く）","10～19人","総数"
"105-2024","062","05","0","00000","2024000000","人","79287","従業者数_うち常用雇用者","土木工事業（舗装工事業を除く）","20～29人","総数"
"105-2024","062","06","0","00000","2024000000","人","78682","従業者数_うち常用雇用者","土木工事業（舗装工事業を除く）","30～49人","総数"
"105-2024","062","07","0","00000","2024000000","人","47854","従業者数_うち常用雇用者","土木工事業（舗装工事業を除く）","50～99人","総数"
"105-2024","062","08","0","00000","2024000000","人","18557","従業者数_うち常用雇用者","土木工事業（舗装工事業を除く）","100～199人","総数"
"105-2024","062","09","0","00000","2024000000","人","4108","従業者数_うち常用雇用者","土木工事業（舗装工事業を除く）","200～299人","総数"
"105-2024","062","10","0","00000","2024000000","人","3718","従業者数_うち常用雇用者","土木工事業（舗装工事業を除く）","300人以上","総数"
"105-2024","063","00","0","00000","2024000000","人","68807","従業者数_うち常用雇用者","舗装工事業","総数","総数"
"105-2024","063","01","0","00000","2024000000","人","***","従業者数_うち常用雇用者","舗装工事業","0人","総数"
"105-2024","063","02","0","00000","2024000000","人","4671","従業者数_うち常用雇用者","舗装工事業","1～4人","総数"
"105-2024","063","03","0","00000","2024000000","人","11896","従業者数_うち常用雇用者","舗装工事業","5～9人","総数"
"105-2024","063","04","0","00000","2024000000","人","22379","従業者数_うち常用雇用者","舗装工事業","10～19人","総数"
"105-2024","063","05","0","00000","2024000000","人","13592","従業者数_うち常用雇用者","舗装工事業","20～29人","総数"
"105-2024","063","06","0","00000","2024000000","人","10350","従業者数_うち常用雇用者","舗装工事業","30～49人","総数"
"105-2024","063","07","0","00000","2024000000","人","4236","従業者数_うち常用雇用者","舗装工事業","50～99人","総数"
"105-2024","063","08","0","00000","2024000000","人","1126","従業者数_うち常用雇用者","舗装工事業","100～199人","総数"
"105-2024","063","09","0","00000","2024000000","人","557","従業者数_うち常用雇用者","舗装工事業","200～299人","総数"
"105-2024","063","10","0","00000","2024000000","人","***","従業者数_うち常用雇用者","舗装工事業","300人以上","総数"
"105-2024","064","00","0","00000","2024000000","人","360266","従業者数_うち常用雇用者","建築工事業（木造建築工事業を除く）","総数","総数"
"105-2024","064","01","0","00000","2024000000","人","***","従業者数_うち常用雇用者","建築工事業（木造建築工事業を除く）","0人","総数"
"105-2024","064","02","0","00000","2024000000","人","42200","従業者数_うち常用雇用者","建築工事業（木造建築工事業を除く）","1～4人","総数"
"105-2024","064","03","0","00000","2024000000","人","51316","従業者数_うち常用雇用者","建築工事業（木造建築工事業を除く）","5～9人","総数"
"105-2024","064","04","0","00000","2024000000","人","54072","従業者数_うち常用雇用者","建築工事業（木造建築工事業を除く）","10～19人","総数"
"105-2024","064","05","0","00000","2024000000","人","32920","従業者数_うち常用雇用者","建築工事業（木造建築工事業を除く）","20～29人","総数"
"105-2024","064","06","0","00000","2024000000","人","41791","従業者数_うち常用雇用者","建築工事業（木造建築工事業を除く）","30～49人","総数"
"105-2024","064","07","0","00000","2024000000","人","40776","従業者数_うち常用雇用者","建築工事業（木造建築工事業を除く）","50～99人","総数"
"105-2024","064","08","0","00000","2024000000","人","33935","従業者数_うち常用雇用者","建築工事業（木造建築工事業を除く）","100～199人","総数"
"105-2024","064","09","0","00000","2024000000","人","12044","従業者数_うち常用雇用者","建築工事業（木造建築工事業を除く）","200～299人","総数"
"105-2024","064","10","0","00000","2024000000","人","51212","従業者数_うち常用雇用者","建築工事業（木造建築工事業を除く）","300人以上","総数"
"105-2024","065","00","0","00000","2024000000","人","134143","従業者数_うち常用雇用者","木造建築工事業","総数","総数"
"105-2024","065","01","0","00000","2024000000","人","***","従業者数_うち常用雇用者","木造建築工事業","0人","総数"
"105-2024","065","02","0","00000","2024000000","人","33031","従業者数_うち常用雇用者","木造建築工事業","1～4人","総数"
"105-2024","065","03","0","00000","2024000000","人","31145","従業者数_うち常用雇用者","木造建築工事業","5～9人","総数"
"105-2024","065","04","0","00000","2024000000","人","27802","従業者数_うち常用雇用者","木造建築工事業","10～19人","総数"
"105-2024","065","05","0","00000","2024000000","人","13569","従業者数_うち常用雇用者","木造建築工事業","20～29人","総数"
"105-2024","065","06","0","00000","2024000000","人","13289","従業者数_うち常用雇用者","木造建築工事業","30～49人","総数"
"105-2024","065","07","0","00000","2024000000","人","8962","従業者数_うち常用雇用者","木造建築工事業","50～99人","総数"
"105-2024","065","08","0","00000","2024000000","人","3471","従業者数_うち常用雇用者","木造建築工事業","100～199人","総数"
"105-2024","065","09","0","00000","2024000000","人","1799","従業者数_うち常用雇用者","木造建築工事業","200～299人","総数"
"105-2024","065","10","0","00000","2024000000","人","1075","従業者数_うち常用雇用者","木造建築工事業","300人以上","総数"
"105-2024","066","00","0","00000","2024000000","人","109605","従業者数_うち常用雇用者","建築リフォーム工事業","総数","総数"
"105-2024","066","01","0","00000","2024000000","人","***","従業者数_うち常用雇用者","建築リフォーム工事業","0人","総数"
"105-2024","066","02","0","00000","2024000000","人","27512","従業者数_うち常用雇用者","建築リフォーム工事業","1～4人","総数"
"105-2024","066","03","0","00000","2024000000","人","21690","従業者数_うち常用雇用者","建築リフォーム工事業","5～9人","総数"
"105-2024","066","04","0","00000","2024000000","人","18405","従業者数_うち常用雇用者","建築リフォーム工事業","10～19人","総数"
"105-2024","066","05","0","00000","2024000000","人","9310","従業者数_うち常用雇用者","建築リフォーム工事業","20～29人","総数"
"105-2024","066","06","0","00000","2024000000","人","10486","従業者数_うち常用雇用者","建築リフォーム工事業","30～49人","総数"
"105-2024","066","07","0","00000","2024000000","人","8576","従業者数_うち常用雇用者","建築リフォーム工事業","50～99人","総数"
"105-2024","066","08","0","00000","2024000000","人","4167","従業者数_うち常用雇用者","建築リフォーム工事業","100～199人","総数"
"105-2024","066","09","0","00000","2024000000","人","5071","従業者数_うち常用雇用者","建築リフォーム工事業","200～299人","総数"
"105-2024","066","10","0","00000","2024000000","人","4388","従業者数_うち常用雇用者","建築リフォーム工事業","300人以上","総数"
"105-2024","07","00","0","00000","2024000000","人","651945","従業者数_うち常用雇用者","職別工事業（設備工事業を除く）","総数","総数"
"105-2024","07","01","0","00000","2024000000","人","***","従業者数_うち常用雇用者","職別工事業（設備工事業を除く）","0人","総数"
"105-2024","07","02","0","00000","2024000000","人","139154","従業者数_うち常用雇用者","職別工事業（設備工事業を除く）","1～4人","総数"
"105-2024","07","03","0","00000","2024000000","人","146703","従業者数_うち常用雇用者","職別工事業（設備工事業を除く）","5～9人","総数"
"105-2024","07","04","0","00000","2024000000","人","156445","従業者数_うち常用雇用者","職別工事業（設備工事業を除く）","10～19人","総数"
"105-2024","07","05","0","00000","2024000000","人","75267","従業者数_うち常用雇用者","職別工事業（設備工事業を除く）","20～29人","総数"
"105-2024","07","06","0","00000","2024000000","人","66702","従業者数_うち常用雇用者","職別工事業（設備工事業を除く）","30～49人","総数"
"105-2024","07","07","0","00000","2024000000","人","41561","従業者数_うち常用雇用者","職別工事業（設備工事業を除く）","50～99人","総数"
"105-2024","07","08","0","00000","2024000000","人","16501","従業者数_うち常用雇用者","職別工事業（設備工事業を除く）","100～199人","総数"
"105-2024","07","09","0","00000","2024000000","人","5674","従業者数_うち常用雇用者","職別工事業（設備工事業を除く）","200～299人","総数"
"105-2024","07","10","0","00000","2024000000","人","3938","従業者数_うち常用雇用者","職別工事業（設備工事業を除く）","300人以上","総数"
"105-2024","070","00","0","00000","2024000000","人","3443","従業者数_うち常用雇用者","管理、補助的経済活動を行う事業所（07_職別工事業）","総数","総数"
"105-2024","070","01","0","00000","2024000000","人","***","従業者数_うち常用雇用者","管理、補助的経済活動を行う事業所（07_職別工事業）","0人","総数"
"105-2024","070","02","0","00000","2024000000","人","644","従業者数_うち常用雇用者","管理、補助的経済活動を行う事業所（07_職別工事業）","1～4人","総数"
"105-2024","070","03","0","00000","2024000000","人","442","従業者数_うち常用雇用者","管理、補助的経済活動を行う事業所（07_職別工事業）","5～9人","総数"
"105-2024","070","04","0","00000","2024000000","人","533","従業者数_うち常用雇用者","管理、補助的経済活動を行う事業所（07_職別工事業）","10～19人","総数"
"105-2024","070","05","0","00000","2024000000","人","373","従業者数_うち常用雇用者","管理、補助的経済活動を行う事業所（07_職別工事業）","20～29人","総数"
"105-2024","070","06","0","00000","2024000000","人","300","従業者数_うち常用雇用者","管理、補助的経済活動を行う事業所（07_職別工事業）","30～49人","総数"
"105-2024","070","07","0","00000","2024000000","人","582","従業者数_うち常用雇用者","管理、補助的経済活動を行う事業所（07_職別工事業）","50～99人","総数"
"105-2024","070","08","0","00000","2024000000","人","569","従業者数_うち常用雇用者","管理、補助的経済活動を行う事業所（07_職別工事業）","100～199人","総数"
"105-2024","070","09","0","00000","2024000000","人","***","従業者数_うち常用雇用者","管理、補助的経済活動を行う事業所（07_職別工事業）","200～299人","総数"
"105-2024","070","10","0","00000","2024000000","人","***","従業者数_うち常用雇用者","管理、補助的経済活動を行う事業所（07_職別工事業）","300人以上","総数"
"105-2024","071","00","0","00000","2024000000","人","42597","従業者数_うち常用雇用者","大工工事業","総数","総数"
"105-2024","071","01","0","00000","2024000000","人","***","従業者数_うち常用雇用者","大工工事業","0人","総数"
"105-2024","071","02","0","00000","2024000000","人","9856","従業者数_うち常用雇用者","大工工事業","1～4人","総数"
"105-2024","071","03","0","00000","2024000000","人","8198","従業者数_うち常用雇用者","大工工事業","5～9人","総数"
"105-2024","071","04","0","00000","2024000000","人","10339","従業者数_うち常用雇用者","大工工事業","10～19人","総数"
"105-2024","071","05","0","00000","2024000000","人","5971","従業者数_うち常用雇用者","大工工事業","20～29人","総数"
"105-2024","071","06","0","00000","2024000000","人","4886","従業者数_うち常用雇用者","大工工事業","30～49人","総数"
"105-2024","071","07","0","00000","2024000000","人","2685","従業者数_うち常用雇用者","大工工事業","50～99人","総数"
"105-2024","071","08","0","00000","2024000000","人","452","従業者数_うち常用雇用者","大工工事業","100～199人","総数"
"105-2024","071","09","0","00000","2024000000","人","210","従業者数_うち常用雇用者","大工工事業","200～299人","総数"
"105-2024","071","10","0","00000","2024000000","人","***","従業者数_うち常用雇用者","大工工事業","300人以上","総数"
"105-2024","072","00","0","00000","2024000000","人","162211","従業者数_うち常用雇用者","とび・土工・コンクリート工事業","総数","総数"
"105-2024","072","01","0","00000","2024000000","人","***","従業者数_うち常用雇用者","とび・土工・コンクリート工事業","0人","総数"
"105-2024","072","02","0","00000","2024000000","人","20545","従業者数_うち常用雇用者","とび・土工・コンクリート工事業","1～4人","総数"
"105-2024","072","03","0","00000","2024000000","人","33504","従業者数_うち常用雇用者","とび・土工・コンクリート工事業","5～9人","総数"
"105-2024","072","04","0","00000","2024000000","人","42661","従業者数_うち常用雇用者","とび・土工・コンクリート工事業","10～19人","総数"
"105-2024","072","05","0","00000","2024000000","人","23529","従業者数_うち常用雇用者","とび・土工・コンクリート工事業","20～29人","総数"
"105-2024","072","06","0","00000","2024000000","人","22177","従業者数_うち常用雇用者","とび・土工・コンクリート工事業","30～49人","総数"
"105-2024","072","07","0","00000","2024000000","人","13520","従業者数_うち常用雇用者","とび・土工・コンクリート工事業","50～99人","総数"
"105-2024","072","08","0","00000","2024000000","人","4758","従業者数_うち常用雇用者","とび・土工・コンクリート工事業","100～199人","総数"
"105-2024","072","09","0","00000","2024000000","人","1128","従業者数_うち常用雇用者","とび・土工・コンクリート工事業","200～299人","総数"
"105-2024","072","10","0","00000","2024000000","人","389","従業者数_うち常用雇用者","とび・土工・コンクリート工事業","300人以上","総数"
"105-2024","073","00","0","00000","2024000000","人","56388","従業者数_うち常用雇用者","鉄骨・鉄筋工事業","総数","総数"
"105-2024","073","01","0","00000","2024000000","人","***","従業者数_うち常用雇用者","鉄骨・鉄筋工事業","0人","総数"
"105-2024","073","02","0","00000","2024000000","人","7568","従業者数_うち常用雇用者","鉄骨・鉄筋工事業","1～4人","総数"
"105-2024","073","03","0","00000","2024000000","人","10954","従業者数_うち常用雇用者","鉄骨・鉄筋工事業","5～9人","総数"
"105-2024","073","04","0","00000","2024000000","人","16135","従業者数_うち常用雇用者","鉄骨・鉄筋工事業","10～19人","総数"
"105-2024","073","05","0","00000","2024000000","人","7564","従業者数_うち常用雇用者","鉄骨・鉄筋工事業","20～29人","総数"
"105-2024","073","06","0","00000","2024000000","人","6841","従業者数_うち常用雇用者","鉄骨・鉄筋工事業","30～49人","総数"
"105-2024","073","07","0","00000","2024000000","人","4644","従業者数_うち常用雇用者","鉄骨・鉄筋工事業","50～99人","総数"
"105-2024","073","08","0","00000","2024000000","人","1707","従業者数_うち常用雇用者","鉄骨・鉄筋工事業","100～199人","総数"
"105-2024","073","09","0","00000","2024000000","人","975","従業者数_うち常用雇用者","鉄骨・鉄筋工事業","200～299人","総数"
"105-2024","073","10","0","00000","2024000000","人","***","従業者数_うち常用雇用者","鉄骨・鉄筋工事業","300人以上","総数"
"105-2024","074","00","0","00000","2024000000","人","14489","従業者数_うち常用雇用者","石工・れんが・タイル・ブロック工事業","総数","総数"
"105-2024","074","01","0","00000","2024000000","人","***","従業者数_うち常用雇用者","石工・れんが・タイル・ブロック工事業","0人","総数"
"105-2024","074","02","0","00000","2024000000","人","5417","従業者数_うち常用雇用者","石工・れんが・タイル・ブロック工事業","1～4人","総数"
"105-2024","074","03","0","00000","2024000000","人","3753","従業者数_うち常用雇用者","石工・れんが・タイル・ブロック工事業","5～9人","総数"
"105-2024","074","04","0","00000","2024000000","人","2944","従業者数_うち常用雇用者","石工・れんが・タイル・ブロック工事業","10～19人","総数"
"105-2024","074","05","0","00000","2024000000","人","1118","従業者数_うち常用雇用者","石工・れんが・タイル・ブロック工事業","20～29人","総数"
"105-2024","074","06","0","00000","2024000000","人","692","従業者数_うち常用雇用者","石工・れんが・タイル・ブロック工事業","30～49人","総数"
"105-2024","074","07","0","00000","2024000000","人","565","従業者数_うち常用雇用者","石工・れんが・タイル・ブロック工事業","50～99人","総数"
"105-2024","074","08","0","00000","2024000000","人","***","従業者数_うち常用雇用者","石工・れんが・タイル・ブロック工事業","100～199人","総数"
"105-2024","074","09","0","00000","2024000000","人","***","従業者数_うち常用雇用者","石工・れんが・タイル・ブロック工事業","200～299人","総数"
"105-2024","074","10","0","00000","2024000000","人","***","従業者数_うち常用雇用者","石工・れんが・タイル・ブロック工事業","300人以上","総数"
"105-2024","075","00","0","00000","2024000000","人","22321","従業者数_うち常用雇用者","左官工事業","総数","総数"
"105-2024","075","01","0","00000","2024000000","人","***","従業者数_うち常用雇用者","左官工事業","0人","総数"
"105-2024","075","02","0","00000","2024000000","人","5936","従業者数_うち常用雇用者","左官工事業","1～4人","総数"
"105-2024","075","03","0","00000","2024000000","人","5244","従業者数_うち常用雇用者","左官工事業","5～9人","総数"
"105-2024","075","04","0","00000","2024000000","人","5021","従業者数_うち常用雇用者","左官工事業","10～19人","総数"
"105-2024","075","05","0","00000","2024000000","人","2698","従業者数_うち常用雇用者","左官工事業","20～29人","総数"
"105-2024","075","06","0","00000","2024000000","人","1887","従業者数_うち常用雇用者","左官工事業","30～49人","総数"
"105-2024","075","07","0","00000","2024000000","人","1415","従業者数_うち常用雇用者","左官工事業","50～99人","総数"
"105-2024","075","08","0","00000","2024000000","人","120","従業者数_うち常用雇用者","左官工事業","100～199人","総数"
"105-2024","075","09","0","00000","2024000000","人","***","従業者数_うち常用雇用者","左官工事業","200～299人","総数"
"105-2024","075","10","0","00000","2024000000","人","***","従業者数_うち常用雇用者","左官工事業","300人以上","総数"
"105-2024","076","00","0","00000","2024000000","人","26761","従業者数_うち常用雇用者","板金・金物工事業","総数","総数"
"105-2024","076","01","0","00000","2024000000","人","***","従業者数_うち常用雇用者","板金・金物工事業","0人","総数"
"105-2024","076","02","0","00000","2024000000","人","10773","従業者数_うち常用雇用者","板金・金物工事業","1～4人","総数"
"105-2024","076","03","0","00000","2024000000","人","7405","従業者数_うち常用雇用者","板金・金物工事業","5～9人","総数"
"105-2024","076","04","0","00000","2024000000","人","5073","従業者数_うち常用雇用者","板金・金物工事業","10～19人","総数"
"105-2024","076","05","0","00000","2024000000","人","1846","従業者数_うち常用雇用者","板金・金物工事業","20～29人","総数"
"105-2024","076","06","0","00000","2024000000","人","1322","従業者数_うち常用雇用者","板金・金物工事業","30～49人","総数"
"105-2024","076","07","0","00000","2024000000","人","222","従業者数_うち常用雇用者","板金・金物工事業","50～99人","総数"
"105-2024","076","08","0","00000","2024000000","人","120","従業者数_うち常用雇用者","板金・金物工事業","100～199人","総数"
"105-2024","076","09","0","00000","2024000000","人","***","従業者数_うち常用雇用者","板金・金物工事業","200～299人","総数"
"105-2024","076","10","0","00000","2024000000","人","***","従業者数_うち常用雇用者","板金・金物工事業","300人以上","総数"
"105-2024","077","00","0","00000","2024000000","人","73979","従業者数_うち常用雇用者","塗装工事業","総数","総数"
"105-2024","077","01","0","00000","2024000000","人","***","従業者数_うち常用雇用者","塗装工事業","0人","総数"
"105-2024","077","02","0","00000","2024000000","人","21636","従業者数_うち常用雇用者","塗装工事業","1～4人","総数"
"105-2024","077","03","0","00000","2024000000","人","20370","従業者数_うち常用雇用者","塗装工事業","5～9人","総数"
"105-2024","077","04","0","00000","2024000000","人","17316","従業者数_うち常用雇用者","塗装工事業","10～19人","総数"
"105-2024","077","05","0","00000","2024000000","人","5875","従業者数_うち常用雇用者","塗装工事業","20～29人","総数"
"105-2024","077","06","0","00000","2024000000","人","4301","従業者数_うち常用雇用者","塗装工事業","30～49人","総数"
"105-2024","077","07","0","00000","2024000000","人","2117","従業者数_うち常用雇用者","塗装工事業","50～99人","総数"
"105-2024","077","08","0","00000","2024000000","人","995","従業者数_うち常用雇用者","塗装工事業","100～199人","総数"
"105-2024","077","09","0","00000","2024000000","人","432","従業者数_うち常用雇用者","塗装工事業","200～299人","総数"
"105-2024","077","10","0","00000","2024000000","人","937","従業者数_うち常用雇用者","塗装工事業","300人以上","総数"
"105-2024","078","00","0","00000","2024000000","人","88461","従業者数_うち常用雇用者","床・内装工事業","総数","総数"
"105-2024","078","01","0","00000","2024000000","人","***","従業者数_うち常用雇用者","床・内装工事業","0人","総数"
"105-2024","078","02","0","00000","2024000000","人","25123","従業者数_うち常用雇用者","床・内装工事業","1～4人","総数"
"105-2024","078","03","0","00000","2024000000","人","20099","従業者数_うち常用雇用者","床・内装工事業","5～9人","総数"
"105-2024","078","04","0","00000","2024000000","人","17620","従業者数_うち常用雇用者","床・内装工事業","10～19人","総数"
"105-2024","078","05","0","00000","2024000000","人","7339","従業者数_うち常用雇用者","床・内装工事業","20～29人","総数"
"105-2024","078","06","0","00000","2024000000","人","5756","従業者数_うち常用雇用者","床・内装工事業","30～49人","総数"
"105-2024","078","07","0","00000","2024000000","人","4615","従業者数_うち常用雇用者","床・内装工事業","50～99人","総数"
"105-2024","078","08","0","00000","2024000000","人","3546","従業者数_うち常用雇用者","床・内装工事業","100～199人","総数"
"105-2024","078","09","0","00000","2024000000","人","1751","従業者数_うち常用雇用者","床・内装工事業","200～299人","総数"
"105-2024","078","10","0","00000","2024000000","人","2612","従業者数_うち常用雇用者","床・内装工事業","300人以上","総数"
"105-2024","079","00","0","00000","2024000000","人","161294","従業者数_うち常用雇用者","その他の職別工事業","総数","総数"
"105-2024","079","01","0","00000","2024000000","人","***","従業者数_うち常用雇用者","その他の職別工事業","0人","総数"
"105-2024","079","02","0","00000","2024000000","人","31655","従業者数_うち常用雇用者","その他の職別工事業","1～4人","総数"
"105-2024","079","03","0","00000","2024000000","人","36734","従業者数_うち常用雇用者","その他の職別工事業","5～9人","総数"
"105-2024","079","04","0","00000","2024000000","人","38803","従業者数_うち常用雇用者","その他の職別工事業","10～19人","総数"
"105-2024","079","05","0","00000","2024000000","人","18954","従業者数_うち常用雇用者","その他の職別工事業","20～29人","総数"
"105-2024","079","06","0","00000","2024000000","人","18540","従業者数_うち常用雇用者","その他の職別工事業","30～49人","総数"
"105-2024","079","07","0","00000","2024000000","人","11196","従業者数_うち常用雇用者","その他の職別工事業","50～99人","総数"
"105-2024","079","08","0","00000","2024000000","人","4234","従業者数_うち常用雇用者","その他の職別工事業","100～199人","総数"
"105-2024","079","09","0","00000","2024000000","人","1178","従業者数_うち常用雇用者","その他の職別工事業","200～299人","総数"
"105-2024","079","10","0","00000","2024000000","人","***","従業者数_うち常用雇用者","その他の職別工事業","300人以上","総数"
"105-2024","08","00","0","00000","2024000000","人","932466","従業者数_うち常用雇用者","設備工事業","総数","総数"
"105-2024","08","01","0","00000","2024000000","人","***","従業者数_うち常用雇用者","設備工事業","0人","総数"
"105-2024","08","02","0","00000","2024000000","人","126354","従業者数_うち常用雇用者","設備工事業","1～4人","総数"
"105-2024","08","03","0","00000","2024000000","人","153918","従業者数_うち常用雇用者","設備工事業","5～9人","総数"
"105-2024","08","04","0","00000","2024000000","人","173971","従業者数_うち常用雇用者","設備工事業","10～19人","総数"
"105-2024","08","05","0","00000","2024000000","人","96140","従業者数_うち常用雇用者","設備工事業","20～29人","総数"
"105-2024","08","06","0","00000","2024000000","人","105236","従業者数_うち常用雇用者","設備工事業","30～49人","総数"
"105-2024","08","07","0","00000","2024000000","人","103732","従業者数_うち常用雇用者","設備工事業","50～99人","総数"
"105-2024","08","08","0","00000","2024000000","人","71998","従業者数_うち常用雇用者","設備工事業","100～199人","総数"
"105-2024","08","09","0","00000","2024000000","人","29700","従業者数_うち常用雇用者","設備工事業","200～299人","総数"
"105-2024","08","10","0","00000","2024000000","人","71417","従業者数_うち常用雇用者","設備工事業","300人以上","総数"
"105-2024","080","00","0","00000","2024000000","人","9837","従業者数_うち常用雇用者","管理、補助的経済活動を行う事業所（08_設備工事業）","総数","総数"
"105-2024","080","01","0","00000","2024000000","人","***","従業者数_うち常用雇用者","管理、補助的経済活動を行う事業所（08_設備工事業）","0人","総数"
"105-2024","080","02","0","00000","2024000000","人","701","従業者数_うち常用雇用者","管理、補助的経済活動を行う事業所（08_設備工事業）","1～4人","総数"
"105-2024","080","03","0","00000","2024000000","人","614","従業者数_うち常用雇用者","管理、補助的経済活動を行う事業所（08_設備工事業）","5～9人","総数"
"105-2024","080","04","0","00000","2024000000","人","780","従業者数_うち常用雇用者","管理、補助的経済活動を行う事業所（08_設備工事業）","10～19人","総数"
"105-2024","080","05","0","00000","2024000000","人","536","従業者数_うち常用雇用者","管理、補助的経済活動を行う事業所（08_設備工事業）","20～29人","総数"
"105-2024","080","06","0","00000","2024000000","人","811","従業者数_うち常用雇用者","管理、補助的経済活動を行う事業所（08_設備工事業）","30～49人","総数"
"105-2024","080","07","0","00000","2024000000","人","1138","従業者数_うち常用雇用者","管理、補助的経済活動を行う事業所（08_設備工事業）","50～99人","総数"
"105-2024","080","08","0","00000","2024000000","人","2388","従業者数_うち常用雇用者","管理、補助的経済活動を行う事業所（08_設備工事業）","100～199人","総数"
"105-2024","080","09","0","00000","2024000000","人","930","従業者数_うち常用雇用者","管理、補助的経済活動を行う事業所（08_設備工事業）","200～299人","総数"
"105-2024","080","10","0","00000","2024000000","人","1939","従業者数_うち常用雇用者","管理、補助的経済活動を行う事業所（08_設備工事業）","300人以上","総数"
"105-2024","081","00","0","00000","2024000000","人","330713","従業者数_うち常用雇用者","電気工事業","総数","総数"
"105-2024","081","01","0","00000","2024000000","人","***","従業者数_うち常用雇用者","電気工事業","0人","総数"
"105-2024","081","02","0","00000","2024000000","人","48804","従業者数_うち常用雇用者","電気工事業","1～4人","総数"
"105-2024","081","03","0","00000","2024000000","人","54316","従業者数_うち常用雇用者","電気工事業","5～9人","総数"
"105-2024","081","04","0","00000","2024000000","人","62491","従業者数_うち常用雇用者","電気工事業","10～19人","総数"
"105-2024","081","05","0","00000","2024000000","人","35278","従業者数_うち常用雇用者","電気工事業","20～29人","総数"
"105-2024","081","06","0","00000","2024000000","人","39403","従業者数_うち常用雇用者","電気工事業","30～49人","総数"
"105-2024","081","07","0","00000","2024000000","人","38947","従業者数_うち常用雇用者","電気工事業","50～99人","総数"
"105-2024","081","08","0","00000","2024000000","人","24676","従業者数_うち常用雇用者","電気工事業","100～199人","総数"
"105-2024","081","09","0","00000","2024000000","人","8028","従業者数_うち常用雇用者","電気工事業","200～299人","総数"
"105-2024","081","10","0","00000","2024000000","人","18770","従業者数_うち常用雇用者","電気工事業","300人以上","総数"
"105-2024","082","00","0","00000","2024000000","人","155040","従業者数_うち常用雇用者","電気通信・信号装置工事業","総数","総数"
"105-2024","082","01","0","00000","2024000000","人","***","従業者数_うち常用雇用者","電気通信・信号装置工事業","0人","総数"
"105-2024","082","02","0","00000","2024000000","人","10650","従業者数_うち常用雇用者","電気通信・信号装置工事業","1～4人","総数"
"105-2024","082","03","0","00000","2024000000","人","16062","従業者数_うち常用雇用者","電気通信・信号装置工事業","5～9人","総数"
"105-2024","082","04","0","00000","2024000000","人","22273","従業者数_うち常用雇用者","電気通信・信号装置工事業","10～19人","総数"
"105-2024","082","05","0","00000","2024000000","人","14556","従業者数_うち常用雇用者","電気通信・信号装置工事業","20～29人","総数"
"105-2024","082","06","0","00000","2024000000","人","17610","従業者数_うち常用雇用者","電気通信・信号装置工事業","30～49人","総数"
"105-2024","082","07","0","00000","2024000000","人","21897","従業者数_うち常用雇用者","電気通信・信号装置工事業","50～99人","総数"
"105-2024","082","08","0","00000","2024000000","人","17418","従業者数_うち常用雇用者","電気通信・信号装置工事業","100～199人","総数"
"105-2024","082","09","0","00000","2024000000","人","9604","従業者数_うち常用雇用者","電気通信・信号装置工事業","200～299人","総数"
"105-2024","082","10","0","00000","2024000000","人","24970","従業者数_うち常用雇用者","電気通信・信号装置工事業","300人以上","総数"
"105-2024","083","00","0","00000","2024000000","人","282878","従業者数_うち常用雇用者","管工事業（さく井工事業を除く）","総数","総数"
"105-2024","083","01","0","00000","2024000000","人","***","従業者数_うち常用雇用者","管工事業（さく井工事業を除く）","0人","総数"
"105-2024","083","02","0","00000","2024000000","人","49963","従業者数_うち常用雇用者","管工事業（さく井工事業を除く）","1～4人","総数"
"105-2024","083","03","0","00000","2024000000","人","58681","従業者数_うち常用雇用者","管工事業（さく井工事業を除く）","5～9人","総数"
"105-2024","083","04","0","00000","2024000000","人","59166","従業者数_うち常用雇用者","管工事業（さく井工事業を除く）","10～19人","総数"
"105-2024","083","05","0","00000","2024000000","人","29719","従業者数_うち常用雇用者","管工事業（さく井工事業を除く）","20～29人","総数"
"105-2024","083","06","0","00000","2024000000","人","29189","従業者数_うち常用雇用者","管工事業（さく井工事業を除く）","30～49人","総数"
"105-2024","083","07","0","00000","2024000000","人","24655","従業者数_うち常用雇用者","管工事業（さく井工事業を除く）","50～99人","総数"
"105-2024","083","08","0","00000","2024000000","人","14476","従業者数_うち常用雇用者","管工事業（さく井工事業を除く）","100～199人","総数"
"105-2024","083","09","0","00000","2024000000","人","7146","従業者数_うち常用雇用者","管工事業（さく井工事業を除く）","200～299人","総数"
"105-2024","083","10","0","00000","2024000000","人","9883","従業者数_うち常用雇用者","管工事業（さく井工事業を除く）","300人以上","総数"
"105-2024","084","00","0","00000","2024000000","人","118070","従業者数_うち常用雇用者","機械器具設置工事業","総数","総数"
"105-2024","084","01","0","00000","2024000000","人","***","従業者数_うち常用雇用者","機械器具設置工事業","0人","総数"
"105-2024","084","02","0","00000","2024000000","人","10368","従業者数_うち常用雇用者","機械器具設置工事業","1～4人","総数"
"105-2024","084","03","0","00000","2024000000","人","16742","従業者数_うち常用雇用者","機械器具設置工事業","5～9人","総数"
"105-2024","084","04","0","00000","2024000000","人","20822","従業者数_うち常用雇用者","機械器具設置工事業","10～19人","総数"
"105-2024","084","05","0","00000","2024000000","人","12317","従業者数_うち常用雇用者","機械器具設置工事業","20～29人","総数"
"105-2024","084","06","0","00000","2024000000","人","14596","従業者数_うち常用雇用者","機械器具設置工事業","30～49人","総数"
"105-2024","084","07","0","00000","2024000000","人","14050","従業者数_うち常用雇用者","機械器具設置工事業","50～99人","総数"
"105-2024","084","08","0","00000","2024000000","人","10121","従業者数_うち常用雇用者","機械器具設置工事業","100～199人","総数"
"105-2024","084","09","0","00000","2024000000","人","3773","従業者数_うち常用雇用者","機械器具設置工事業","200～299人","総数"
"105-2024","084","10","0","00000","2024000000","人","15281","従業者数_うち常用雇用者","機械器具設置工事業","300人以上","総数"
"105-2024","089","00","0","00000","2024000000","人","35928","従業者数_うち常用雇用者","その他の設備工事業","総数","総数"
"105-2024","089","01","0","00000","2024000000","人","***","従業者数_うち常用雇用者","その他の設備工事業","0人","総数"
"105-2024","089","02","0","00000","2024000000","人","5868","従業者数_うち常用雇用者","その他の設備工事業","1～4人","総数"
"105-2024","089","03","0","00000","2024000000","人","7503","従業者数_うち常用雇用者","その他の設備工事業","5～9人","総数"
"105-2024","089","04","0","00000","2024000000","人","8439","従業者数_うち常用雇用者","その他の設備工事業","10～19人","総数"
"105-2024","089","05","0","00000","2024000000","人","3734","従業者数_うち常用雇用者","その他の設備工事業","20～29人","総数"
"105-2024","089","06","0","00000","2024000000","人","3627","従業者数_うち常用雇用者","その他の設備工事業","30～49人","総数"
"105-2024","089","07","0","00000","2024000000","人","3045","従業者数_うち常用雇用者","その他の設備工事業","50～99人","総数"
"105-2024","089","08","0","00000","2024000000","人","2919","従業者数_うち常用雇用者","その他の設備工事業","100～199人","総数"
"105-2024","089","09","0","00000","2024000000","人","219","従業者数_うち常用雇用者","その他の設備工事業","200～299人","総数"
"105-2024","089","10","0","00000","2024000000","人","574","従業者数_うち常用雇用者","その他の設備工事業","300人以上","総数"
"105-2024","E","00","0","00000","2024000000","人","7939906","従業者数_うち常用雇用者","製造業","総数","総数"
"105-2024","E","01","0","00000","2024000000","人","***","従業者数_うち常用雇用者","製造業","0人","総数"
"105-2024","E","02","0","00000","2024000000","人","260889","従業者数_うち常用雇用者","製造業","1～4人","総数"
"105-2024","E","03","0","00000","2024000000","人","374428","従業者数_うち常用雇用者","製造業","5～9人","総数"
"105-2024","E","04","0","00000","2024000000","人","646545","従業者数_うち常用雇用者","製造業","10～19人","総数"
"105-2024","E","05","0","00000","2024000000","人","553302","従業者数_うち常用雇用者","製造業","20～29人","総数"
"105-2024","E","06","0","00000","2024000000","人","775053","従業者数_うち常用雇用者","製造業","30～49人","総数"
"105-2024","E","07","0","00000","2024000000","人","1138612","従業者数_うち常用雇用者","製造業","50～99人","総数"
"105-2024","E","08","0","00000","2024000000","人","1151698","従業者数_うち常用雇用者","製造業","100～199人","総数"
"105-2024","E","09","0","00000","2024000000","人","630730","従業者数_うち常用雇用者","製造業","200～299人","総数"
"105-2024","E","10","0","00000","2024000000","人","2408649","従業者数_うち常用雇用者","製造業","300人以上","総数"
"105-2024","09","00","0","00000","2024000000","人","1170232","従業者数_うち常用雇用者","食料品製造業","総数","総数"
"105-2024","09","01","0","00000","2024000000","人","***","従業者数_うち常用雇用者","食料品製造業","0人","総数"
"105-2024","09","02","0","00000","2024000000","人","23912","従業者数_うち常用雇用者","食料品製造業","1～4人","総数"
"105-2024","09","03","0","00000","2024000000","人","42497","従業者数_うち常用雇用者","食料品製造業","5～9人","総数"
"105-2024","09","04","0","00000","2024000000","人","79535","従業者数_うち常用雇用者","食料品製造業","10～19人","総数"
"105-2024","09","05","0","00000","2024000000","人","77449","従業者数_うち常用雇用者","食料品製造業","20～29人","総数"
"105-2024","09","06","0","00000","2024000000","人","118016","従業者数_うち常用雇用者","食料品製造業","30～49人","総数"
"105-2024","09","07","0","00000","2024000000","人","192713","従業者数_うち常用雇用者","食料品製造業","50～99人","総数"
"105-2024","09","08","0","00000","2024000000","人","229570","従業者数_うち常用雇用者","食料品製造業","100～199人","総数"
"105-2024","09","09","0","00000","2024000000","人","124795","従業者数_うち常用雇用者","食料品製造業","200～299人","総数"
"105-2024","09","10","0","00000","2024000000","人","281745","従業者数_うち常用雇用者","食料品製造業","300人以上","総数"
"105-2024","090","00","0","00000","2024000000","人","21897","従業者数_うち常用雇用者","管理、補助的経済活動を行う事業所（09_食料品製造業）","総数","総数"
"105-2024","090","01","0","00000","2024000000","人","***","従業者数_うち常用雇用者","管理、補助的経済活動を行う事業所（09_食料品製造業）","0人","総数"
"105-2024","090","02","0","00000","2024000000","人","590","従業者数_うち常用雇用者","管理、補助的経済活動を行う事業所（09_食料品製造業）","1～4人","総数"
"105-2024","090","03","0","00000","2024000000","人","839","従業者数_うち常用雇用者","管理、補助的経済活動を行う事業所（09_食料品製造業）","5～9人","総数"
"105-2024","090","04","0","00000","2024000000","人","1225","従業者数_うち常用雇用者","管理、補助的経済活動を行う事業所（09_食料品製造業）","10～19人","総数"
"105-2024","090","05","0","00000","2024000000","人","1152","従業者数_うち常用雇用者","管理、補助的経済活動を行う事業所（09_食料品製造業）","20～29人","総数"
"105-2024","090","06","0","00000","2024000000","人","2031","従業者数_うち常用雇用者","管理、補助的経済活動を行う事業所（09_食料品製造業）","30～49人","総数"
"105-2024","090","07","0","00000","2024000000","人","3059","従業者数_うち常用雇用者","管理、補助的経済活動を行う事業所（09_食料品製造業）","50～99人","総数"
"105-2024","090","08","0","00000","2024000000","人","2819","従業者数_うち常用雇用者","管理、補助的経済活動を行う事業所（09_食料品製造業）","100～199人","総数"
"105-2024","090","09","0","00000","2024000000","人","1641","従業者数_うち常用雇用者","管理、補助的経済活動を行う事業所（09_食料品製造業）","200～299人","総数"
"105-2024","090","10","0","00000","2024000000","人","8541","従業者数_うち常用雇用者","管理、補助的経済活動を行う事業所（09_食料品製造業）","300人以上","総数"
"105-2024","091","00","0","00000","2024000000","人","172805","従業者数_うち常用雇用者","畜産食料品製造業","総数","総数"
"105-2024","091","01","0","00000","2024000000","人","***","従業者数_うち常用雇用者","畜産食料品製造業","0人","総数"
"105-2024","091","02","0","00000","2024000000","人","1576","従業者数_うち常用雇用者","畜産食料品製造業","1～4人","総数"
"105-2024","091","03","0","00000","2024000000","人","3740","従業者数_うち常用雇用者","畜産食料品製造業","5～9人","総数"
"105-2024","091","04","0","00000","2024000000","人","7900","従業者数_うち常用雇用者","畜産食料品製造業","10～19人","総数"
"105-2024","091","05","0","00000","2024000000","人","9422","従業者数_うち常用雇用者","畜産食料品製造業","20～29人","総数"
"105-2024","091","06","0","00000","2024000000","人","17796","従業者数_うち常用雇用者","畜産食料品製造業","30～49人","総数"
"105-2024","091","07","0","00000","2024000000","人","32534","従業者数_うち常用雇用者","畜産食料品製造業","50～99人","総数"
"105-2024","091","08","0","00000","2024000000","人","46011","従業者数_うち常用雇用者","畜産食料品製造業","100～199人","総数"
"105-2024","091","09","0","00000","2024000000","人","20610","従業者数_うち常用雇用者","畜産食料品製造業","200～299人","総数"
"105-2024","091","10","0","00000","2024000000","人","33216","従業者数_うち常用雇用者","畜産食料品製造業","300人以上","総数"
"105-2024","092","00","0","00000","2024000000","人","138536","従業者数_うち常用雇用者","水産食料品製造業","総数","総数"
"105-2024","092","01","0","00000","2024000000","人","***","従業者数_うち常用雇用者","水産食料品製造業","0人","総数"
"105-2024","092","02","0","00000","2024000000","人","4235","従業者数_うち常用雇用者","水産食料品製造業","1～4人","総数"
"105-2024","092","03","0","00000","2024000000","人","8984","従業者数_うち常用雇用者","水産食料品製造業","5～9人","総数"
"105-2024","092","04","0","00000","2024000000","人","18127","従業者数_うち常用雇用者","水産食料品製造業","10～19人","総数"
"105-2024","092","05","0","00000","2024000000","人","17498","従業者数_うち常用雇用者","水産食料品製造業","20～29人","総数"
"105-2024","092","06","0","00000","2024000000","人","21435","従業者数_うち常用雇用者","水産食料品製造業","30～49人","総数"
"105-2024","092","07","0","00000","2024000000","人","30627","従業者数_うち常用雇用者","水産食料品製造業","50～99人","総数"
"105-2024","092","08","0","00000","2024000000","人","23532","従業者数_うち常用雇用者","水産食料品製造業","100～199人","総数"
"105-2024","092","09","0","00000","2024000000","人","5126","従業者数_うち常用雇用者","水産食料品製造業","200～299人","総数"
"105-2024","092","10","0","00000","2024000000","人","8972","従業者数_うち常用雇用者","水産食料品製造業","300人以上","総数"
"105-2024","093","00","0","00000","2024000000","人","45654","従業者数_うち常用雇用者","野菜缶詰・果実缶詰・農産保存食料品製造業","総数","総数"
"105-2024","093","01","0","00000","2024000000","人","***","従業者数_うち常用雇用者","野菜缶詰・果実缶詰・農産保存食料品製造業","0人","総数"
"105-2024","093","02","0","00000","2024000000","人","1545","従業者数_うち常用雇用者","野菜缶詰・果実缶詰・農産保存食料品製造業","1～4人","総数"
"105-2024","093","03","0","00000","2024000000","人","3056","従業者数_うち常用雇用者","野菜缶詰・果実缶詰・農産保存食料品製造業","5～9人","総数"
"105-2024","093","04","0","00000","2024000000","人","5405","従業者数_うち常用雇用者","野菜缶詰・果実缶詰・農産保存食料品製造業","10～19人","総数"
"105-2024","093","05","0","00000","2024000000","人","4997","従業者数_うち常用雇用者","野菜缶詰・果実缶詰・農産保存食料品製造業","20～29人","総数"
"105-2024","093","06","0","00000","2024000000","人","7332","従業者数_うち常用雇用者","野菜缶詰・果実缶詰・農産保存食料品製造業","30～49人","総数"
"105-2024","093","07","0","00000","2024000000","人","10239","従業者数_うち常用雇用者","野菜缶詰・果実缶詰・農産保存食料品製造業","50～99人","総数"
"105-2024","093","08","0","00000","2024000000","人","8355","従業者数_うち常用雇用者","野菜缶詰・果実缶詰・農産保存食料品製造業","100～199人","総数"
"105-2024","093","09","0","00000","2024000000","人","3963","従業者数_うち常用雇用者","野菜缶詰・果実缶詰・農産保存食料品製造業","200～299人","総数"
"105-2024","093","10","0","00000","2024000000","人","762","従業者数_うち常用雇用者","野菜缶詰・果実缶詰・農産保存食料品製造業","300人以上","総数"
"105-2024","094","00","0","00000","2024000000","人","49939","従業者数_うち常用雇用者","調味料製造業","総数","総数"
"105-2024","094","01","0","00000","2024000000","人","***","従業者数_うち常用雇用者","調味料製造業","0人","総数"
"105-2024","094","02","0","00000","2024000000","人","1819","従業者数_うち常用雇用者","調味料製造業","1～4人","総数"
"105-2024","094","03","0","00000","2024000000","人","2566","従業者数_うち常用雇用者","調味料製造業","5～9人","総数"
"105-2024","094","04","0","00000","2024000000","人","4110","従業者数_うち常用雇用者","調味料製造業","10～19人","総数"
"105-2024","094","05","0","00000","2024000000","人","3372","従業者数_うち常用雇用者","調味料製造業","20～29人","総数"
"105-2024","094","06","0","00000","2024000000","人","5770","従業者数_うち常用雇用者","調味料製造業","30～49人","総数"
"105-2024","094","07","0","00000","2024000000","人","9839","従業者数_うち常用雇用者","調味料製造業","50～99人","総数"
"105-2024","094","08","0","00000","2024000000","人","11937","従業者数_うち常用雇用者","調味料製造業","100～199人","総数"
"105-2024","094","09","0","00000","2024000000","人","6125","従業者数_うち常用雇用者","調味料製造業","200～299人","総数"
"105-2024","094","10","0","00000","2024000000","人","4401","従業者数_うち常用雇用者","調味料製造業","300人以上","総数"
"105-2024","095","00","0","00000","2024000000","人","6655","従業者数_うち常用雇用者","砂糖・でんぷん糖類製造業","総数","総数"
"105-2024","095","01","0","00000","2024000000","人","***","従業者数_うち常用雇用者","砂糖・でんぷん糖類製造業","0人","総数"
"105-2024","095","02","0","00000","2024000000","人","87","従業者数_うち常用雇用者","砂糖・でんぷん糖類製造業","1～4人","総数"
"105-2024","095","03","0","00000","2024000000","人","195","従業者数_うち常用雇用者","砂糖・でんぷん糖類製造業","5～9人","総数"
"105-2024","095","04","0","00000","2024000000","人","314","従業者数_うち常用雇用者","砂糖・でんぷん糖類製造業","10～19人","総数"
"105-2024","095","05","0","00000","2024000000","人","367","従業者数_うち常用雇用者","砂糖・でんぷん糖類製造業","20～29人","総数"
"105-2024","095","06","0","00000","2024000000","人","630","従業者数_うち常用雇用者","砂糖・でんぷん糖類製造業","30～49人","総数"
"105-2024","095","07","0","00000","2024000000","人","2643","従業者数_うち常用雇用者","砂糖・でんぷん糖類製造業","50～99人","総数"
"105-2024","095","08","0","00000","2024000000","人","1011","従業者数_うち常用雇用者","砂糖・でんぷん糖類製造業","100～199人","総数"
"105-2024","095","09","0","00000","2024000000","人","731","従業者数_うち常用雇用者","砂糖・でんぷん糖類製造業","200～299人","総数"
"105-2024","095","10","0","00000","2024000000","人","677","従業者数_うち常用雇用者","砂糖・でんぷん糖類製造業","300人以上","総数"
"105-2024","096","00","0","00000","2024000000","人","16032","従業者数_うち常用雇用者","精穀・製粉業","総数","総数"
"105-2024","096","01","0","00000","2024000000","人","***","従業者数_うち常用雇用者","精穀・製粉業","0人","総数"
"105-2024","096","02","0","00000","2024000000","人","737","従業者数_うち常用雇用者","精穀・製粉業","1～4人","総数"
"105-2024","096","03","0","00000","2024000000","人","1170","従業者数_うち常用雇用者","精穀・製粉業","5～9人","総数"
"105-2024","096","04","0","00000","2024000000","人","2649","従業者数_うち常用雇用者","精穀・製粉業","10～19人","総数"
"105-2024","096","05","0","00000","2024000000","人","2293","従業者数_うち常用雇用者","精穀・製粉業","20～29人","総数"
"105-2024","096","06","0","00000","2024000000","人","2916","従業者数_うち常用雇用者","精穀・製粉業","30～49人","総数"
"105-2024","096","07","0","00000","2024000000","人","3516","従業者数_うち常用雇用者","精穀・製粉業","50～99人","総数"
"105-2024","096","08","0","00000","2024000000","人","1831","従業者数_うち常用雇用者","精穀・製粉業","100～199人","総数"
"105-2024","096","09","0","00000","2024000000","人","920","従業者数_うち常用雇用者","精穀・製粉業","200～299人","総数"
"105-2024","096","10","0","00000","2024000000","人","***","従業者数_うち常用雇用者","精穀・製粉業","300人以上","総数"
"105-2024","097","00","0","00000","2024000000","人","259202","従業者数_うち常用雇用者","パン・菓子製造業","総数","総数"
"105-2024","097","01","0","00000","2024000000","人","***","従業者数_うち常用雇用者","パン・菓子製造業","0人","総数"
"105-2024","097","02","0","00000","2024000000","人","4727","従業者数_うち常用雇用者","パン・菓子製造業","1～4人","総数"
"105-2024","097","03","0","00000","2024000000","人","8204","従業者数_うち常用雇用者","パン・菓子製造業","5～9人","総数"
"105-2024","097","04","0","00000","2024000000","人","15622","従業者数_うち常用雇用者","パン・菓子製造業","10～19人","総数"
"105-2024","097","05","0","00000","2024000000","人","14704","従業者数_うち常用雇用者","パン・菓子製造業","20～29人","総数"
"105-2024","097","06","0","00000","2024000000","人","21706","従業者数_うち常用雇用者","パン・菓子製造業","30～49人","総数"
"105-2024","097","07","0","00000","2024000000","人","32694","従業者数_うち常用雇用者","パン・菓子製造業","50～99人","総数"
"105-2024","097","08","0","00000","2024000000","人","41348","従業者数_うち常用雇用者","パン・菓子製造業","100～199人","総数"
"105-2024","097","09","0","00000","2024000000","人","25309","従業者数_うち常用雇用者","パン・菓子製造業","200～299人","総数"
"105-2024","097","10","0","00000","2024000000","人","94888","従業者数_うち常用雇用者","パン・菓子製造業","300人以上","総数"
"105-2024","098","00","0","00000","2024000000","人","10969","従業者数_うち常用雇用者","動植物油脂製造業","総数","総数"
"105-2024","098","01","0","00000","2024000000","人","***","従業者数_うち常用雇用者","動植物油脂製造業","0人","総数"
"105-2024","098","02","0","00000","2024000000","人","193","従業者数_うち常用雇用者","動植物油脂製造業","1～4人","総数"
"105-2024","098","03","0","00000","2024000000","人","329","従業者数_うち常用雇用者","動植物油脂製造業","5～9人","総数"
"105-2024","098","04","0","00000","2024000000","人","670","従業者数_うち常用雇用者","動植物油脂製造業","10～19人","総数"
"105-2024","098","05","0","00000","2024000000","人","533","従業者数_うち常用雇用者","動植物油脂製造業","20～29人","総数"
"105-2024","098","06","0","00000","2024000000","人","1196","従業者数_うち常用雇用者","動植物油脂製造業","30～49人","総数"
"105-2024","098","07","0","00000","2024000000","人","1909","従業者数_うち常用雇用者","動植物油脂製造業","50～99人","総数"
"105-2024","098","08","0","00000","2024000000","人","2682","従業者数_うち常用雇用者","動植物油脂製造業","100～199人","総数"
"105-2024","098","09","0","00000","2024000000","人","1405","従業者数_うち常用雇用者","動植物油脂製造業","200～299人","総数"
"105-2024","098","10","0","00000","2024000000","人","2052","従業者数_うち常用雇用者","動植物油脂製造業","300人以上","総数"
"105-2024","099","00","0","00000","2024000000","人","448444","従業者数_うち常用雇用者","その他の食料品製造業","総数","総数"
"105-2024","099","01","0","00000","2024000000","人","***","従業者数_うち常用雇用者","その他の食料品製造業","0人","総数"
"105-2024","099","02","0","00000","2024000000","人","8398","従業者数_うち常用雇用者","その他の食料品製造業","1～4人","総数"
"105-2024","099","03","0","00000","2024000000","人","13409","従業者数_うち常用雇用者","その他の食料品製造業","5～9人","総数"
"105-2024","099","04","0","00000","2024000000","人","23498","従業者数_うち常用雇用者","その他の食料品製造業","10～19人","総数"
"105-2024","099","05","0","00000","2024000000","人","23086","従業者数_うち常用雇用者","その他の食料品製造業","20～29人","総数"
"105-2024","099","06","0","00000","2024000000","人","37155","従業者数_うち常用雇用者","その他の食料品製造業","30～49人","総数"
"105-2024","099","07","0","00000","2024000000","人","65653","従業者数_うち常用雇用者","その他の食料品製造業","50～99人","総数"
"105-2024","099","08","0","00000","2024000000","人","90044","従業者数_うち常用雇用者","その他の食料品製造業","100～199人","総数"
"105-2024","099","09","0","00000","2024000000","人","58965","従業者数_うち常用雇用者","その他の食料品製造業","200～299人","総数"
"105-2024","099","10","0","00000","2024000000","人","128236","従業者数_うち常用雇用者","その他の食料品製造業","300人以上","総数"
"105-2024","10","00","0","00000","2024000000","人","113852","従業者数_うち常用雇用者","飲料・たばこ・飼料製造業","総数","総数"
"105-2024","10","01","0","00000","2024000000","人","***","従業者数_うち常用雇用者","飲料・たばこ・飼料製造業","0人","総数"
"105-2024","10","02","0","00000","2024000000","人","6625","従業者数_うち常用雇用者","飲料・たばこ・飼料製造業","1～4人","総数"
"105-2024","10","03","0","00000","2024000000","人","9960","従業者数_うち常用雇用者","飲料・たばこ・飼料製造業","5～9人","総数"
"105-2024","10","04","0","00000","2024000000","人","14913","従業者数_うち常用雇用者","飲料・たばこ・飼料製造業","10～19人","総数"
"105-2024","10","05","0","00000","2024000000","人","11462","従業者数_うち常用雇用者","飲料・たばこ・飼料製造業","20～29人","総数"
"105-2024","10","06","0","00000","2024000000","人","14699","従業者数_うち常用雇用者","飲料・たばこ・飼料製造業","30～49人","総数"
"105-2024","10","07","0","00000","2024000000","人","19545","従業者数_うち常用雇用者","飲料・たばこ・飼料製造業","50～99人","総数"
"105-2024","10","08","0","00000","2024000000","人","19428","従業者数_うち常用雇用者","飲料・たばこ・飼料製造業","100～199人","総数"
"105-2024","10","09","0","00000","2024000000","人","8494","従業者数_うち常用雇用者","飲料・たばこ・飼料製造業","200～299人","総数"
"105-2024","10","10","0","00000","2024000000","人","8726","従業者数_うち常用雇用者","飲料・たばこ・飼料製造業","300人以上","総数"
"105-2024","100","00","0","00000","2024000000","人","4111","従業者数_うち常用雇用者","管理、補助的経済活動を行う事業所（10_飲料・たばこ・飼料製造業）","総数","総数"
"105-2024","100","01","0","00000","2024000000","人","***","従業者数_うち常用雇用者","管理、補助的経済活動を行う事業所（10_飲料・たばこ・飼料製造業）","0人","総数"
"105-2024","100","02","0","00000","2024000000","人","139","従業者数_うち常用雇用者","管理、補助的経済活動を行う事業所（10_飲料・たばこ・飼料製造業）","1～4人","総数"
"105-2024","100","03","0","00000","2024000000","人","140","従業者数_うち常用雇用者","管理、補助的経済活動を行う事業所（10_飲料・たばこ・飼料製造業）","5～9人","総数"
"105-2024","100","04","0","00000","2024000000","人","193","従業者数_うち常用雇用者","管理、補助的経済活動を行う事業所（10_飲料・たばこ・飼料製造業）","10～19人","総数"
"105-2024","100","05","0","00000","2024000000","人","124","従業者数_うち常用雇用者","管理、補助的経済活動を行う事業所（10_飲料・たばこ・飼料製造業）","20～29人","総数"
"105-2024","100","06","0","00000","2024000000","人","252","従業者数_うち常用雇用者","管理、補助的経済活動を行う事業所（10_飲料・たばこ・飼料製造業）","30～49人","総数"
"105-2024","100","07","0","00000","2024000000","人","378","従業者数_うち常用雇用者","管理、補助的経済活動を行う事業所（10_飲料・たばこ・飼料製造業）","50～99人","総数"
"105-2024","100","08","0","00000","2024000000","人","389","従業者数_うち常用雇用者","管理、補助的経済活動を行う事業所（10_飲料・たばこ・飼料製造業）","100～199人","総数"
"105-2024","100","09","0","00000","2024000000","人","***","従業者数_うち常用雇用者","管理、補助的経済活動を行う事業所（10_飲料・たばこ・飼料製造業）","200～299人","総数"
"105-2024","100","10","0","00000","2024000000","人","2496","従業者数_うち常用雇用者","管理、補助的経済活動を行う事業所（10_飲料・たばこ・飼料製造業）","300人以上","総数"
"105-2024","101","00","0","00000","2024000000","人","32604","従業者数_うち常用雇用者","清涼飲料製造業","総数","総数"
"105-2024","101","01","0","00000","2024000000","人","***","従業者数_うち常用雇用者","清涼飲料製造業","0人","総数"
"105-2024","101","02","0","00000","2024000000","人","637","従業者数_うち常用雇用者","清涼飲料製造業","1～4人","総数"
"105-2024","101","03","0","00000","2024000000","人","1174","従業者数_うち常用雇用者","清涼飲料製造業","5～9人","総数"
"105-2024","101","04","0","00000","2024000000","人","1975","従業者数_うち常用雇用者","清涼飲料製造業","10～19人","総数"
"105-2024","101","05","0","00000","2024000000","人","1345","従業者数_うち常用雇用者","清涼飲料製造業","20～29人","総数"
"105-2024","101","06","0","00000","2024000000","人","3081","従業者数_うち常用雇用者","清涼飲料製造業","30～49人","総数"
"105-2024","101","07","0","00000","2024000000","人","6974","従業者数_うち常用雇用者","清涼飲料製造業","50～99人","総数"
"105-2024","101","08","0","00000","2024000000","人","9531","従業者数_うち常用雇用者","清涼飲料製造業","100～199人","総数"
"105-2024","101","09","0","00000","2024000000","人","3816","従業者数_うち常用雇用者","清涼飲料製造業","200～299人","総数"
"105-2024","101","10","0","00000","2024000000","人","4071","従業者数_うち常用雇用者","清涼飲料製造業","300人以上","総数"
"105-2024","102","00","0","00000","2024000000","人","35119","従業者数_うち常用雇用者","酒類製造業","総数","総数"
"105-2024","102","01","0","00000","2024000000","人","***","従業者数_うち常用雇用者","酒類製造業","0人","総数"
"105-2024","102","02","0","00000","2024000000","人","1887","従業者数_うち常用雇用者","酒類製造業","1～4人","総数"
"105-2024","102","03","0","00000","2024000000","人","3587","従業者数_うち常用雇用者","酒類製造業","5～9人","総数"
"105-2024","102","04","0","00000","2024000000","人","5601","従業者数_うち常用雇用者","酒類製造業","10～19人","総数"
"105-2024","102","05","0","00000","2024000000","人","4245","従業者数_うち常用雇用者","酒類製造業","20～29人","総数"
"105-2024","102","06","0","00000","2024000000","人","4794","従業者数_うち常用雇用者","酒類製造業","30～49人","総数"
"105-2024","102","07","0","00000","2024000000","人","5708","従業者数_うち常用雇用者","酒類製造業","50～99人","総数"
"105-2024","102","08","0","00000","2024000000","人","6247","従業者数_うち常用雇用者","酒類製造業","100～199人","総数"
"105-2024","102","09","0","00000","2024000000","人","2731","従業者数_うち常用雇用者","酒類製造業","200～299人","総数"
"105-2024","102","10","0","00000","2024000000","人","319","従業者数_うち常用雇用者","酒類製造業","300人以上","総数"
"105-2024","103","00","0","00000","2024000000","人","19198","従業者数_うち常用雇用者","茶・コーヒー製造業（清涼飲料を除く）","総数","総数"
"105-2024","103","01","0","00000","2024000000","人","***","従業者数_うち常用雇用者","茶・コーヒー製造業（清涼飲料を除く）","0人","総数"
"105-2024","103","02","0","00000","2024000000","人","2105","従業者数_うち常用雇用者","茶・コーヒー製造業（清涼飲料を除く）","1～4人","総数"
"105-2024","103","03","0","00000","2024000000","人","2169","従業者数_うち常用雇用者","茶・コーヒー製造業（清涼飲料を除く）","5～9人","総数"
"105-2024","103","04","0","00000","2024000000","人","3294","従業者数_うち常用雇用者","茶・コーヒー製造業（清涼飲料を除く）","10～19人","総数"
"105-2024","103","05","0","00000","2024000000","人","2681","従業者数_うち常用雇用者","茶・コーヒー製造業（清涼飲料を除く）","20～29人","総数"
"105-2024","103","06","0","00000","2024000000","人","2753","従業者数_うち常用雇用者","茶・コーヒー製造業（清涼飲料を除く）","30～49人","総数"
"105-2024","103","07","0","00000","2024000000","人","2763","従業者数_うち常用雇用者","茶・コーヒー製造業（清涼飲料を除く）","50～99人","総数"
"105-2024","103","08","0","00000","2024000000","人","1871","従業者数_うち常用雇用者","茶・コーヒー製造業（清涼飲料を除く）","100～199人","総数"
"105-2024","103","09","0","00000","2024000000","人","1206","従業者数_うち常用雇用者","茶・コーヒー製造業（清涼飲料を除く）","200～299人","総数"
"105-2024","103","10","0","00000","2024000000","人","356","従業者数_うち常用雇用者","茶・コーヒー製造業（清涼飲料を除く）","300人以上","総数"
"105-2024","104","00","0","00000","2024000000","人","2137","従業者数_うち常用雇用者","製氷業","総数","総数"
"105-2024","104","01","0","00000","2024000000","人","***","従業者数_うち常用雇用者","製氷業","0人","総数"
"105-2024","104","02","0","00000","2024000000","人","294","従業者数_うち常用雇用者","製氷業","1～4人","総数"
"105-2024","104","03","0","00000","2024000000","人","425","従業者数_うち常用雇用者","製氷業","5～9人","総数"
"105-2024","104","04","0","00000","2024000000","人","524","従業者数_うち常用雇用者","製氷業","10～19人","総数"
"105-2024","104","05","0","00000","2024000000","人","393","従業者数_うち常用雇用者","製氷業","20～29人","総数"
"105-2024","104","06","0","00000","2024000000","人","339","従業者数_うち常用雇用者","製氷業","30～49人","総数"
"105-2024","104","07","0","00000","2024000000","人","162","従業者数_うち常用雇用者","製氷業","50～99人","総数"
"105-2024","104","08","0","00000","2024000000","人","***","従業者数_うち常用雇用者","製氷業","100～199人","総数"
"105-2024","104","09","0","00000","2024000000","人","***","従業者数_うち常用雇用者","製氷業","200～299人","総数"
"105-2024","104","10","0","00000","2024000000","人","***","従業者数_うち常用雇用者","製氷業","300人以上","総数"
"105-2024","105","00","0","00000","2024000000","人","1075","従業者数_うち常用雇用者","たばこ製造業","総数","総数"
"105-2024","105","01","0","00000","2024000000","人","***","従業者数_うち常用雇用者","たばこ製造業","0人","総数"
"105-2024","105","02","0","00000","2024000000","人","***","従業者数_うち常用雇用者","たばこ製造業","1～4人","総数"
"105-2024","105","03","0","00000","2024000000","人","***","従業者数_うち常用雇用者","たばこ製造業","5～9人","総数"
"105-2024","105","04","0","00000","2024000000","人","***","従業者数_うち常用雇用者","たばこ製造業","10～19人","総数"
"105-2024","105","05","0","00000","2024000000","人","***","従業者数_うち常用雇用者","たばこ製造業","20～29人","総数"
"105-2024","105","06","0","00000","2024000000","人","43","従業者数_うち常用雇用者","たばこ製造業","30～49人","総数"
"105-2024","105","07","0","00000","2024000000","人","62","従業者数_うち常用雇用者","たばこ製造業","50～99人","総数"
"105-2024","105","08","0","00000","2024000000","人","***","従業者数_うち常用雇用者","たばこ製造業","100～199人","総数"
"105-2024","105","09","0","00000","2024000000","人","289","従業者数_うち常用雇用者","たばこ製造業","200～299人","総数"
"105-2024","105","10","0","00000","2024000000","人","681","従業者数_うち常用雇用者","たばこ製造業","300人以上","総数"
"105-2024","106","00","0","00000","2024000000","人","19608","従業者数_うち常用雇用者","飼料・有機質肥料製造業","総数","総数"
"105-2024","106","01","0","00000","2024000000","人","***","従業者数_うち常用雇用者","飼料・有機質肥料製造業","0人","総数"
"105-2024","106","02","0","00000","2024000000","人","1563","従業者数_うち常用雇用者","飼料・有機質肥料製造業","1～4人","総数"
"105-2024","106","03","0","00000","2024000000","人","2465","従業者数_うち常用雇用者","飼料・有機質肥料製造業","5～9人","総数"
"105-2024","106","04","0","00000","2024000000","人","3326","従業者数_うち常用雇用者","飼料・有機質肥料製造業","10～19人","総数"
"105-2024","106","05","0","00000","2024000000","人","2674","従業者数_うち常用雇用者","飼料・有機質肥料製造業","20～29人","総数"
"105-2024","106","06","0","00000","2024000000","人","3437","従業者数_うち常用雇用者","飼料・有機質肥料製造業","30～49人","総数"
"105-2024","106","07","0","00000","2024000000","人","3498","従業者数_うち常用雇用者","飼料・有機質肥料製造業","50～99人","総数"
"105-2024","106","08","0","00000","2024000000","人","1390","従業者数_うち常用雇用者","飼料・有機質肥料製造業","100～199人","総数"
"105-2024","106","09","0","00000","2024000000","人","452","従業者数_うち常用雇用者","飼料・有機質肥料製造業","200～299人","総数"
"105-2024","106","10","0","00000","2024000000","人","803","従業者数_うち常用雇用者","飼料・有機質肥料製造業","300人以上","総数"
"105-2024","11","00","0","00000","2024000000","人","251228","従業者数_うち常用雇用者","繊維工業","総数","総数"
"105-2024","11","01","0","00000","2024000000","人","***","従業者数_うち常用雇用者","繊維工業","0人","総数"
"105-2024","11","02","0","00000","2024000000","人","19620","従業者数_うち常用雇用者","繊維工業","1～4人","総数"
"105-2024","11","03","0","00000","2024000000","人","23124","従業者数_うち常用雇用者","繊維工業","5～9人","総数"
"105-2024","11","04","0","00000","2024000000","人","38469","従業者数_うち常用雇用者","繊維工業","10～19人","総数"
"105-2024","11","05","0","00000","2024000000","人","29894","従業者数_うち常用雇用者","繊維工業","20～29人","総数"
"105-2024","11","06","0","00000","2024000000","人","35758","従業者数_うち常用雇用者","繊維工業","30～49人","総数"
"105-2024","11","07","0","00000","2024000000","人","46178","従業者数_うち常用雇用者","繊維工業","50～99人","総数"
"105-2024","11","08","0","00000","2024000000","人","34695","従業者数_うち常用雇用者","繊維工業","100～199人","総数"
"105-2024","11","09","0","00000","2024000000","人","11880","従業者数_うち常用雇用者","繊維工業","200～299人","総数"
"105-2024","11","10","0","00000","2024000000","人","11610","従業者数_うち常用雇用者","繊維工業","300人以上","総数"
"105-2024","110","00","0","00000","2024000000","人","4515","従業者数_うち常用雇用者","管理、補助的経済活動を行う事業所（11_繊維工業）","総数","総数"
"105-2024","110","01","0","00000","2024000000","人","***","従業者数_うち常用雇用者","管理、補助的経済活動を行う事業所（11_繊維工業）","0人","総数"
"105-2024","110","02","0","00000","2024000000","人","215","従業者数_うち常用雇用者","管理、補助的経済活動を行う事業所（11_繊維工業）","1～4人","総数"
"105-2024","110","03","0","00000","2024000000","人","249","従業者数_うち常用雇用者","管理、補助的経済活動を行う事業所（11_繊維工業）","5～9人","総数"
"105-2024","110","04","0","00000","2024000000","人","409","従業者数_うち常用雇用者","管理、補助的経済活動を行う事業所（11_繊維工業）","10～19人","総数"
"105-2024","110","05","0","00000","2024000000","人","314","従業者数_うち常用雇用者","管理、補助的経済活動を行う事業所（11_繊維工業）","20～29人","総数"
"105-2024","110","06","0","00000","2024000000","人","569","従業者数_うち常用雇用者","管理、補助的経済活動を行う事業所（11_繊維工業）","30～49人","総数"
"105-2024","110","07","0","00000","2024000000","人","887","従業者数_うち常用雇用者","管理、補助的経済活動を行う事業所（11_繊維工業）","50～99人","総数"
"105-2024","110","08","0","00000","2024000000","人","768","従業者数_うち常用雇用者","管理、補助的経済活動を行う事業所（11_繊維工業）","100～199人","総数"
"105-2024","110","09","0","00000","2024000000","人","287","従業者数_うち常用雇用者","管理、補助的経済活動を行う事業所（11_繊維工業）","200～299人","総数"
"105-2024","110","10","0","00000","2024000000","人","817","従業者数_うち常用雇用者","管理、補助的経済活動を行う事業所（11_繊維工業）","300人以上","総数"
"105-2024","111","00","0","00000","2024000000","人","20459","従業者数_うち常用雇用者","製糸業、紡績業、化学繊維・ねん糸等製造業","総数","総数"
"105-2024","111","01","0","00000","2024000000","人","***","従業者数_うち常用雇用者","製糸業、紡績業、化学繊維・ねん糸等製造業","0人","総数"
"105-2024","111","02","0","00000","2024000000","人","1070","従業者数_うち常用雇用者","製糸業、紡績業、化学繊維・ねん糸等製造業","1～4人","総数"
"105-2024","111","03","0","00000","2024000000","人","1120","従業者数_うち常用雇用者","製糸業、紡績業、化学繊維・ねん糸等製造業","5～9人","総数"
"105-2024","111","04","0","00000","2024000000","人","1950","従業者数_うち常用雇用者","製糸業、紡績業、化学繊維・ねん糸等製造業","10～19人","総数"
"105-2024","111","05","0","00000","2024000000","人","1074","従業者数_うち常用雇用者","製糸業、紡績業、化学繊維・ねん糸等製造業","20～29人","総数"
"105-2024","111","06","0","00000","2024000000","人","2018","従業者数_うち常用雇用者","製糸業、紡績業、化学繊維・ねん糸等製造業","30～49人","総数"
"105-2024","111","07","0","00000","2024000000","人","2889","従業者数_うち常用雇用者","製糸業、紡績業、化学繊維・ねん糸等製造業","50～99人","総数"
"105-2024","111","08","0","00000","2024000000","人","3301","従業者数_うち常用雇用者","製糸業、紡績業、化学繊維・ねん糸等製造業","100～199人","総数"
"105-2024","111","09","0","00000","2024000000","人","2066","従業者数_うち常用雇用者","製糸業、紡績業、化学繊維・ねん糸等製造業","200～299人","総数"
"105-2024","111","10","0","00000","2024000000","人","4971","従業者数_うち常用雇用者","製糸業、紡績業、化学繊維・ねん糸等製造業","300人以上","総数"
"105-2024","112","00","0","00000","2024000000","人","17520","従業者数_うち常用雇用者","織物業","総数","総数"
"105-2024","112","01","0","00000","2024000000","人","***","従業者数_うち常用雇用者","織物業","0人","総数"
"105-2024","112","02","0","00000","2024000000","人","2189","従業者数_うち常用雇用者","織物業","1～4人","総数"
"105-2024","112","03","0","00000","2024000000","人","2115","従業者数_うち常用雇用者","織物業","5～9人","総数"
"105-2024","112","04","0","00000","2024000000","人","2750","従業者数_うち常用雇用者","織物業","10～19人","総数"
"105-2024","112","05","0","00000","2024000000","人","2009","従業者数_うち常用雇用者","織物業","20～29人","総数"
"105-2024","112","06","0","00000","2024000000","人","2263","従業者数_うち常用雇用者","織物業","30～49人","総数"
"105-2024","112","07","0","00000","2024000000","人","2662","従業者数_うち常用雇用者","織物業","50～99人","総数"
"105-2024","112","08","0","00000","2024000000","人","2985","従業者数_うち常用雇用者","織物業","100～199人","総数"
"105-2024","112","09","0","00000","2024000000","人","247","従業者数_うち常用雇用者","織物業","200～299人","総数"
"105-2024","112","10","0","00000","2024000000","人","300","従業者数_うち常用雇用者","織物業","300人以上","総数"
"105-2024","113","00","0","00000","2024000000","人","4011","従業者数_うち常用雇用者","ニット生地製造業","総数","総数"
"105-2024","113","01","0","00000","2024000000","人","***","従業者数_うち常用雇用者","ニット生地製造業","0人","総数"
"105-2024","113","02","0","00000","2024000000","人","384","従業者数_うち常用雇用者","ニット生地製造業","1～4人","総数"
"105-2024","113","03","0","00000","2024000000","人","483","従業者数_うち常用雇用者","ニット生地製造業","5～9人","総数"
"105-2024","113","04","0","00000","2024000000","人","935","従業者数_うち常用雇用者","ニット生地製造業","10～19人","総数"
"105-2024","113","05","0","00000","2024000000","人","522","従業者数_うち常用雇用者","ニット生地製造業","20～29人","総数"
"105-2024","113","06","0","00000","2024000000","人","946","従業者数_うち常用雇用者","ニット生地製造業","30～49人","総数"
"105-2024","113","07","0","00000","2024000000","人","741","従業者数_うち常用雇用者","ニット生地製造業","50～99人","総数"
"105-2024","113","08","0","00000","2024000000","人","***","従業者数_うち常用雇用者","ニット生地製造業","100～199人","総数"
"105-2024","113","09","0","00000","2024000000","人","***","従業者数_うち常用雇用者","ニット生地製造業","200～299人","総数"
"105-2024","113","10","0","00000","2024000000","人","***","従業者数_うち常用雇用者","ニット生地製造業","300人以上","総数"
"105-2024","114","00","0","00000","2024000000","人","19975","従業者数_うち常用雇用者","染色整理業","総数","総数"
"105-2024","114","01","0","00000","2024000000","人","***","従業者数_うち常用雇用者","染色整理業","0人","総数"
"105-2024","114","02","0","00000","2024000000","人","1461","従業者数_うち常用雇用者","染色整理業","1～4人","総数"
"105-2024","114","03","0","00000","2024000000","人","1581","従業者数_うち常用雇用者","染色整理業","5～9人","総数"
"105-2024","114","04","0","00000","2024000000","人","2264","従業者数_うち常用雇用者","染色整理業","10～19人","総数"
"105-2024","114","05","0","00000","2024000000","人","1676","従業者数_うち常用雇用者","染色整理業","20～29人","総数"
"105-2024","114","06","0","00000","2024000000","人","2438","従業者数_うち常用雇用者","染色整理業","30～49人","総数"
"105-2024","114","07","0","00000","2024000000","人","3911","従業者数_うち常用雇用者","染色整理業","50～99人","総数"
"105-2024","114","08","0","00000","2024000000","人","3976","従業者数_うち常用雇用者","染色整理業","100～199人","総数"
"105-2024","114","09","0","00000","2024000000","人","955","従業者数_うち常用雇用者","染色整理業","200～299人","総数"
"105-2024","114","10","0","00000","2024000000","人","1713","従業者数_うち常用雇用者","染色整理業","300人以上","総数"
"105-2024","115","00","0","00000","2024000000","人","21183","従業者数_うち常用雇用者","綱・網・レース・繊維粗製品製造業","総数","総数"
"105-2024","115","01","0","00000","2024000000","人","***","従業者数_うち常用雇用者","綱・網・レース・繊維粗製品製造業","0人","総数"
"105-2024","115","02","0","00000","2024000000","人","1443","従業者数_うち常用雇用者","綱・網・レース・繊維粗製品製造業","1～4人","総数"
"105-2024","115","03","0","00000","2024000000","人","1893","従業者数_うち常用雇用者","綱・網・レース・繊維粗製品製造業","5～9人","総数"
"105-2024","115","04","0","00000","2024000000","人","2485","従業者数_うち常用雇用者","綱・網・レース・繊維粗製品製造業","10～19人","総数"
"105-2024","115","05","0","00000","2024000000","人","2444","従業者数_うち常用雇用者","綱・網・レース・繊維粗製品製造業","20～29人","総数"
"105-2024","115","06","0","00000","2024000000","人","2641","従業者数_うち常用雇用者","綱・網・レース・繊維粗製品製造業","30～49人","総数"
"105-2024","115","07","0","00000","2024000000","人","3606","従業者数_うち常用雇用者","綱・網・レース・繊維粗製品製造業","50～99人","総数"
"105-2024","115","08","0","00000","2024000000","人","3865","従業者数_うち常用雇用者","綱・網・レース・繊維粗製品製造業","100～199人","総数"
"105-2024","115","09","0","00000","2024000000","人","2090","従業者数_うち常用雇用者","綱・網・レース・繊維粗製品製造業","200～299人","総数"
"105-2024","115","10","0","00000","2024000000","人","716","従業者数_うち常用雇用者","綱・網・レース・繊維粗製品製造業","300人以上","総数"
"105-2024","116","00","0","00000","2024000000","人","82355","従業者数_うち常用雇用者","外衣・シャツ製造業（和式を除く）","総数","総数"
"105-2024","116","01","0","00000","2024000000","人","***","従業者数_うち常用雇用者","外衣・シャツ製造業（和式を除く）","0人","総数"
"105-2024","116","02","0","00000","2024000000","人","5461","従業者数_うち常用雇用者","外衣・シャツ製造業（和式を除く）","1～4人","総数"
"105-2024","116","03","0","00000","2024000000","人","7257","従業者数_うち常用雇用者","外衣・シャツ製造業（和式を除く）","5～9人","総数"
"105-2024","116","04","0","00000","2024000000","人","15203","従業者数_うち常用雇用者","外衣・シャツ製造業（和式を除く）","10～19人","総数"
"105-2024","116","05","0","00000","2024000000","人","10881","従業者数_うち常用雇用者","外衣・シャツ製造業（和式を除く）","20～29人","総数"
"105-2024","116","06","0","00000","2024000000","人","13070","従業者数_うち常用雇用者","外衣・シャツ製造業（和式を除く）","30～49人","総数"
"105-2024","116","07","0","00000","2024000000","人","17013","従業者数_うち常用雇用者","外衣・シャツ製造業（和式を除く）","50～99人","総数"
"105-2024","116","08","0","00000","2024000000","人","8814","従業者数_うち常用雇用者","外衣・シャツ製造業（和式を除く）","100～199人","総数"
"105-2024","116","09","0","00000","2024000000","人","3047","従業者数_うち常用雇用者","外衣・シャツ製造業（和式を除く）","200～299人","総数"
"105-2024","116","10","0","00000","2024000000","人","1609","従業者数_うち常用雇用者","外衣・シャツ製造業（和式を除く）","300人以上","総数"
"105-2024","117","00","0","00000","2024000000","人","8273","従業者数_うち常用雇用者","下着類製造業","総数","総数"
"105-2024","117","01","0","00000","2024000000","人","***","従業者数_うち常用雇用者","下着類製造業","0人","総数"
"105-2024","117","02","0","00000","2024000000","人","316","従業者数_うち常用雇用者","下着類製造業","1～4人","総数"
"105-2024","117","03","0","00000","2024000000","人","509","従業者数_うち常用雇用者","下着類製造業","5～9人","総数"
"105-2024","117","04","0","00000","2024000000","人","912","従業者数_うち常用雇用者","下着類製造業","10～19人","総数"
"105-2024","117","05","0","00000","2024000000","人","1569","従業者数_うち常用雇用者","下着類製造業","20～29人","総数"
"105-2024","117","06","0","00000","2024000000","人","1366","従業者数_うち常用雇用者","下着類製造業","30～49人","総数"
"105-2024","117","07","0","00000","2024000000","人","2070","従業者数_うち常用雇用者","下着類製造業","50～99人","総数"
"105-2024","117","08","0","00000","2024000000","人","1271","従業者数_うち常用雇用者","下着類製造業","100～199人","総数"
"105-2024","117","09","0","00000","2024000000","人","260","従業者数_うち常用雇用者","下着類製造業","200～299人","総数"
"105-2024","117","10","0","00000","2024000000","人","***","従業者数_うち常用雇用者","下着類製造業","300人以上","総数"
"105-2024","118","00","0","00000","2024000000","人","17065","従業者数_うち常用雇用者","和装製品・その他の衣服・繊維製身の回り品製造業","総数","総数"
"105-2024","118","01","0","00000","2024000000","人","***","従業者数_うち常用雇用者","和装製品・その他の衣服・繊維製身の回り品製造業","0人","総数"
"105-2024","118","02","0","00000","2024000000","人","1950","従業者数_うち常用雇用者","和装製品・その他の衣服・繊維製身の回り品製造業","1～4人","総数"
"105-2024","118","03","0","00000","2024000000","人","2148","従業者数_うち常用雇用者","和装製品・その他の衣服・繊維製身の回り品製造業","5～9人","総数"
"105-2024","118","04","0","00000","2024000000","人","2836","従業者数_うち常用雇用者","和装製品・その他の衣服・繊維製身の回り品製造業","10～19人","総数"
"105-2024","118","05","0","00000","2024000000","人","2377","従業者数_うち常用雇用者","和装製品・その他の衣服・繊維製身の回り品製造業","20～29人","総数"
"105-2024","118","06","0","00000","2024000000","人","3122","従業者数_うち常用雇用者","和装製品・その他の衣服・繊維製身の回り品製造業","30～49人","総数"
"105-2024","118","07","0","00000","2024000000","人","2356","従業者数_うち常用雇用者","和装製品・その他の衣服・繊維製身の回り品製造業","50～99人","総数"
"105-2024","118","08","0","00000","2024000000","人","1808","従業者数_うち常用雇用者","和装製品・その他の衣服・繊維製身の回り品製造業","100～199人","総数"
"105-2024","118","09","0","00000","2024000000","人","468","従業者数_うち常用雇用者","和装製品・その他の衣服・繊維製身の回り品製造業","200～299人","総数"
"105-2024","118","10","0","00000","2024000000","人","***","従業者数_うち常用雇用者","和装製品・その他の衣服・繊維製身の回り品製造業","300人以上","総数"
"105-2024","119","00","0","00000","2024000000","人","55847","従業者数_うち常用雇用者","その他の繊維製品製造業","総数","総数"
"105-2024","119","01","0","00000","2024000000","人","***","従業者数_うち常用雇用者","その他の繊維製品製造業","0人","総数"
"105-2024","119","02","0","00000","2024000000","人","5131","従業者数_うち常用雇用者","その他の繊維製品製造業","1～4人","総数"
"105-2024","119","03","0","00000","2024000000","人","5764","従業者数_うち常用雇用者","その他の繊維製品製造業","5～9人","総数"
"105-2024","119","04","0","00000","2024000000","人","8725","従業者数_うち常用雇用者","その他の繊維製品製造業","10～19人","総数"
"105-2024","119","05","0","00000","2024000000","人","7008","従業者数_うち常用雇用者","その他の繊維製品製造業","20～29人","総数"
"105-2024","119","06","0","00000","2024000000","人","7325","従業者数_うち常用雇用者","その他の繊維製品製造業","30～49人","総数"
"105-2024","119","07","0","00000","2024000000","人","10043","従業者数_うち常用雇用者","その他の繊維製品製造業","50～99人","総数"
"105-2024","119","08","0","00000","2024000000","人","7907","従業者数_うち常用雇用者","その他の繊維製品製造業","100～199人","総数"
"105-2024","119","09","0","00000","2024000000","人","2460","従業者数_うち常用雇用者","その他の繊維製品製造業","200～299人","総数"
"105-2024","119","10","0","00000","2024000000","人","1484","従業者数_うち常用雇用者","その他の繊維製品製造業","300人以上","総数"
"105-2024","12","00","0","00000","2024000000","人","91443","従業者数_うち常用雇用者","木材・木製品製造業（家具を除く）","総数","総数"
"105-2024","12","01","0","00000","2024000000","人","***","従業者数_うち常用雇用者","木材・木製品製造業（家具を除く）","0人","総数"
"105-2024","12","02","0","00000","2024000000","人","8046","従業者数_うち常用雇用者","木材・木製品製造業（家具を除く）","1～4人","総数"
"105-2024","12","03","0","00000","2024000000","人","10677","従業者数_うち常用雇用者","木材・木製品製造業（家具を除く）","5～9人","総数"
"105-2024","12","04","0","00000","2024000000","人","15905","従業者数_うち常用雇用者","木材・木製品製造業（家具を除く）","10～19人","総数"
"105-2024","12","05","0","00000","2024000000","人","12619","従業者数_うち常用雇用者","木材・木製品製造業（家具を除く）","20～29人","総数"
"105-2024","12","06","0","00000","2024000000","人","13438","従業者数_うち常用雇用者","木材・木製品製造業（家具を除く）","30～49人","総数"
"105-2024","12","07","0","00000","2024000000","人","15216","従業者数_うち常用雇用者","木材・木製品製造業（家具を除く）","50～99人","総数"
"105-2024","12","08","0","00000","2024000000","人","9470","従業者数_うち常用雇用者","木材・木製品製造業（家具を除く）","100～199人","総数"
"105-2024","12","09","0","00000","2024000000","人","2997","従業者数_うち常用雇用者","木材・木製品製造業（家具を除く）","200～299人","総数"
"105-2024","12","10","0","00000","2024000000","人","3075","従業者数_うち常用雇用者","木材・木製品製造業（家具を除く）","300人以上","総数"
"105-2024","120","00","0","00000","2024000000","人","960","従業者数_うち常用雇用者","管理、補助的経済活動を行う事業所（12_木材・木製品製造業）","総数","総数"
"105-2024","120","01","0","00000","2024000000","人","***","従業者数_うち常用雇用者","管理、補助的経済活動を行う事業所（12_木材・木製品製造業）","0人","総数"
"105-2024","120","02","0","00000","2024000000","人","141","従業者数_うち常用雇用者","管理、補助的経済活動を行う事業所（12_木材・木製品製造業）","1～4人","総数"
"105-2024","120","03","0","00000","2024000000","人","153","従業者数_うち常用雇用者","管理、補助的経済活動を行う事業所（12_木材・木製品製造業）","5～9人","総数"
"105-2024","120","04","0","00000","2024000000","人","96","従業者数_うち常用雇用者","管理、補助的経済活動を行う事業所（12_木材・木製品製造業）","10～19人","総数"
"105-2024","120","05","0","00000","2024000000","人","126","従業者数_うち常用雇用者","管理、補助的経済活動を行う事業所（12_木材・木製品製造業）","20～29人","総数"
"105-2024","120","06","0","00000","2024000000","人","***","従業者数_うち常用雇用者","管理、補助的経済活動を行う事業所（12_木材・木製品製造業）","30～49人","総数"
"105-2024","120","07","0","00000","2024000000","人","125","従業者数_うち常用雇用者","管理、補助的経済活動を行う事業所（12_木材・木製品製造業）","50～99人","総数"
"105-2024","120","08","0","00000","2024000000","人","***","従業者数_うち常用雇用者","管理、補助的経済活動を行う事業所（12_木材・木製品製造業）","100～199人","総数"
"105-2024","120","09","0","00000","2024000000","人","***","従業者数_うち常用雇用者","管理、補助的経済活動を行う事業所（12_木材・木製品製造業）","200～299人","総数"
"105-2024","120","10","0","00000","2024000000","人","319","従業者数_うち常用雇用者","管理、補助的経済活動を行う事業所（12_木材・木製品製造業）","300人以上","総数"
"105-2024","121","00","0","00000","2024000000","人","33045","従業者数_うち常用雇用者","製材業、木製品製造業","総数","総数"
"105-2024","121","01","0","00000","2024000000","人","***","従業者数_うち常用雇用者","製材業、木製品製造業","0人","総数"
"105-2024","121","02","0","00000","2024000000","人","4327","従業者数_うち常用雇用者","製材業、木製品製造業","1～4人","総数"
"105-2024","121","03","0","00000","2024000000","人","5599","従業者数_うち常用雇用者","製材業、木製品製造業","5～9人","総数"
"105-2024","121","04","0","00000","2024000000","人","7598","従業者数_うち常用雇用者","製材業、木製品製造業","10～19人","総数"
"105-2024","121","05","0","00000","2024000000","人","4583","従業者数_うち常用雇用者","製材業、木製品製造業","20～29人","総数"
"105-2024","121","06","0","00000","2024000000","人","4473","従業者数_うち常用雇用者","製材業、木製品製造業","30～49人","総数"
"105-2024","121","07","0","00000","2024000000","人","3462","従業者数_うち常用雇用者","製材業、木製品製造業","50～99人","総数"
"105-2024","121","08","0","00000","2024000000","人","1696","従業者数_うち常用雇用者","製材業、木製品製造業","100～199人","総数"
"105-2024","121","09","0","00000","2024000000","人","248","従業者数_うち常用雇用者","製材業、木製品製造業","200～299人","総数"
"105-2024","121","10","0","00000","2024000000","人","1059","従業者数_うち常用雇用者","製材業、木製品製造業","300人以上","総数"
"105-2024","122","00","0","00000","2024000000","人","44043","従業者数_うち常用雇用者","造作材・合板・建築用組立材料製造業","総数","総数"
"105-2024","122","01","0","00000","2024000000","人","***","従業者数_うち常用雇用者","造作材・合板・建築用組立材料製造業","0人","総数"
"105-2024","122","02","0","00000","2024000000","人","1461","従業者数_うち常用雇用者","造作材・合板・建築用組立材料製造業","1～4人","総数"
"105-2024","122","03","0","00000","2024000000","人","2371","従業者数_うち常用雇用者","造作材・合板・建築用組立材料製造業","5～9人","総数"
"105-2024","122","04","0","00000","2024000000","人","5498","従業者数_うち常用雇用者","造作材・合板・建築用組立材料製造業","10～19人","総数"
"105-2024","122","05","0","00000","2024000000","人","5807","従業者数_うち常用雇用者","造作材・合板・建築用組立材料製造業","20～29人","総数"
"105-2024","122","06","0","00000","2024000000","人","7099","従業者数_うち常用雇用者","造作材・合板・建築用組立材料製造業","30～49人","総数"
"105-2024","122","07","0","00000","2024000000","人","10426","従業者数_うち常用雇用者","造作材・合板・建築用組立材料製造業","50～99人","総数"
"105-2024","122","08","0","00000","2024000000","人","7172","従業者数_うち常用雇用者","造作材・合板・建築用組立材料製造業","100～199人","総数"
"105-2024","122","09","0","00000","2024000000","人","2512","従業者数_うち常用雇用者","造作材・合板・建築用組立材料製造業","200～299人","総数"
"105-2024","122","10","0","00000","2024000000","人","1697","従業者数_うち常用雇用者","造作材・合板・建築用組立材料製造業","300人以上","総数"
"105-2024","123","00","0","00000","2024000000","人","5444","従業者数_うち常用雇用者","木製容器製造業（竹、とうを含む）","総数","総数"
"105-2024","123","01","0","00000","2024000000","人","***","従業者数_うち常用雇用者","木製容器製造業（竹、とうを含む）","0人","総数"
"105-2024","123","02","0","00000","2024000000","人","680","従業者数_うち常用雇用者","木製容器製造業（竹、とうを含む）","1～4人","総数"
"105-2024","123","03","0","00000","2024000000","人","1010","従業者数_うち常用雇用者","木製容器製造業（竹、とうを含む）","5～9人","総数"
"105-2024","123","04","0","00000","2024000000","人","1233","従業者数_うち常用雇用者","木製容器製造業（竹、とうを含む）","10～19人","総数"
"105-2024","123","05","0","00000","2024000000","人","892","従業者数_うち常用雇用者","木製容器製造業（竹、とうを含む）","20～29人","総数"
"105-2024","123","06","0","00000","2024000000","人","925","従業者数_うち常用雇用者","木製容器製造業（竹、とうを含む）","30～49人","総数"
"105-2024","123","07","0","00000","2024000000","人","212","従業者数_うち常用雇用者","木製容器製造業（竹、とうを含む）","50～99人","総数"
"105-2024","123","08","0","00000","2024000000","人","492","従業者数_うち常用雇用者","木製容器製造業（竹、とうを含む）","100～199人","総数"
"105-2024","123","09","0","00000","2024000000","人","***","従業者数_うち常用雇用者","木製容器製造業（竹、とうを含む）","200～299人","総数"
"105-2024","123","10","0","00000","2024000000","人","***","従業者数_うち常用雇用者","木製容器製造業（竹、とうを含む）","300人以上","総数"
"105-2024","129","00","0","00000","2024000000","人","7951","従業者数_うち常用雇用者","その他の木製品製造業（竹、とうを含む）","総数","総数"
"105-2024","129","01","0","00000","2024000000","人","***","従業者数_うち常用雇用者","その他の木製品製造業（竹、とうを含む）","0人","総数"
"105-2024","129","02","0","00000","2024000000","人","1437","従業者数_うち常用雇用者","その他の木製品製造業（竹、とうを含む）","1～4人","総数"
"105-2024","129","03","0","00000","2024000000","人","1544","従業者数_うち常用雇用者","その他の木製品製造業（竹、とうを含む）","5～9人","総数"
"105-2024","129","04","0","00000","2024000000","人","1480","従業者数_うち常用雇用者","その他の木製品製造業（竹、とうを含む）","10～19人","総数"
"105-2024","129","05","0","00000","2024000000","人","1211","従業者数_うち常用雇用者","その他の木製品製造業（竹、とうを含む）","20～29人","総数"
"105-2024","129","06","0","00000","2024000000","人","941","従業者数_うち常用雇用者","その他の木製品製造業（竹、とうを含む）","30～49人","総数"
"105-2024","129","07","0","00000","2024000000","人","991","従業者数_うち常用雇用者","その他の木製品製造業（竹、とうを含む）","50～99人","総数"
"105-2024","129","08","0","00000","2024000000","人","110","従業者数_うち常用雇用者","その他の木製品製造業（竹、とうを含む）","100～199人","総数"
"105-2024","129","09","0","00000","2024000000","人","237","従業者数_うち常用雇用者","その他の木製品製造業（竹、とうを含む）","200～299人","総数"
"105-2024","129","10","0","00000","2024000000","人","***","従業者数_うち常用雇用者","その他の木製品製造業（竹、とうを含む）","300人以上","総数"
"105-2024","13","00","0","00000","2024000000","人","91414","従業者数_うち常用雇用者","家具・装備品製造業","総数","総数"
"105-2024","13","01","0","00000","2024000000","人","***","従業者数_うち常用雇用者","家具・装備品製造業","0人","総数"
"105-2024","13","02","0","00000","2024000000","人","11638","従業者数_うち常用雇用者","家具・装備品製造業","1～4人","総数"
"105-2024","13","03","0","00000","2024000000","人","10505","従業者数_うち常用雇用者","家具・装備品製造業","5～9人","総数"
"105-2024","13","04","0","00000","2024000000","人","13012","従業者数_うち常用雇用者","家具・装備品製造業","10～19人","総数"
"105-2024","13","05","0","00000","2024000000","人","9760","従業者数_うち常用雇用者","家具・装備品製造業","20～29人","総数"
"105-2024","13","06","0","00000","2024000000","人","10635","従業者数_うち常用雇用者","家具・装備品製造業","30～49人","総数"
"105-2024","13","07","0","00000","2024000000","人","12910","従業者数_うち常用雇用者","家具・装備品製造業","50～99人","総数"
"105-2024","13","08","0","00000","2024000000","人","11795","従業者数_うち常用雇用者","家具・装備品製造業","100～199人","総数"
"105-2024","13","09","0","00000","2024000000","人","5310","従業者数_うち常用雇用者","家具・装備品製造業","200～299人","総数"
"105-2024","13","10","0","00000","2024000000","人","5849","従業者数_うち常用雇用者","家具・装備品製造業","300人以上","総数"
"105-2024","130","00","0","00000","2024000000","人","2322","従業者数_うち常用雇用者","管理、補助的経済活動を行う事業所（13_家具・装備品製造業）","総数","総数"
"105-2024","130","01","0","00000","2024000000","人","***","従業者数_うち常用雇用者","管理、補助的経済活動を行う事業所（13_家具・装備品製造業）","0人","総数"
"105-2024","130","02","0","00000","2024000000","人","118","従業者数_うち常用雇用者","管理、補助的経済活動を行う事業所（13_家具・装備品製造業）","1～4人","総数"
"105-2024","130","03","0","00000","2024000000","人","158","従業者数_うち常用雇用者","管理、補助的経済活動を行う事業所（13_家具・装備品製造業）","5～9人","総数"
"105-2024","130","04","0","00000","2024000000","人","141","従業者数_うち常用雇用者","管理、補助的経済活動を行う事業所（13_家具・装備品製造業）","10～19人","総数"
"105-2024","130","05","0","00000","2024000000","人","131","従業者数_うち常用雇用者","管理、補助的経済活動を行う事業所（13_家具・装備品製造業）","20～29人","総数"
"105-2024","130","06","0","00000","2024000000","人","131","従業者数_うち常用雇用者","管理、補助的経済活動を行う事業所（13_家具・装備品製造業）","30～49人","総数"
"105-2024","130","07","0","00000","2024000000","人","471","従業者数_うち常用雇用者","管理、補助的経済活動を行う事業所（13_家具・装備品製造業）","50～99人","総数"
"105-2024","130","08","0","00000","2024000000","人","290","従業者数_うち常用雇用者","管理、補助的経済活動を行う事業所（13_家具・装備品製造業）","100～199人","総数"
"105-2024","130","09","0","00000","2024000000","人","***","従業者数_うち常用雇用者","管理、補助的経済活動を行う事業所（13_家具・装備品製造業）","200～299人","総数"
"105-2024","130","10","0","00000","2024000000","人","882","従業者数_うち常用雇用者","管理、補助的経済活動を行う事業所（13_家具・装備品製造業）","300人以上","総数"
"105-2024","131","00","0","00000","2024000000","人","58141","従業者数_うち常用雇用者","家具製造業","総数","総数"
"105-2024","131","01","0","00000","2024000000","人","***","従業者数_うち常用雇用者","家具製造業","0人","総数"
"105-2024","131","02","0","00000","2024000000","人","5596","従業者数_うち常用雇用者","家具製造業","1～4人","総数"
"105-2024","131","03","0","00000","2024000000","人","6318","従業者数_うち常用雇用者","家具製造業","5～9人","総数"
"105-2024","131","04","0","00000","2024000000","人","8172","従業者数_うち常用雇用者","家具製造業","10～19人","総数"
"105-2024","131","05","0","00000","2024000000","人","6809","従業者数_うち常用雇用者","家具製造業","20～29人","総数"
"105-2024","131","06","0","00000","2024000000","人","7679","従業者数_うち常用雇用者","家具製造業","30～49人","総数"
"105-2024","131","07","0","00000","2024000000","人","8216","従業者数_うち常用雇用者","家具製造業","50～99人","総数"
"105-2024","131","08","0","00000","2024000000","人","8316","従業者数_うち常用雇用者","家具製造業","100～199人","総数"
"105-2024","131","09","0","00000","2024000000","人","4745","従業者数_うち常用雇用者","家具製造業","200～299人","総数"
"105-2024","131","10","0","00000","2024000000","人","2290","従業者数_うち常用雇用者","家具製造業","300人以上","総数"
"105-2024","132","00","0","00000","2024000000","人","3662","従業者数_うち常用雇用者","宗教用具製造業","総数","総数"
"105-2024","132","01","0","00000","2024000000","人","***","従業者数_うち常用雇用者","宗教用具製造業","0人","総数"
"105-2024","132","02","0","00000","2024000000","人","685","従業者数_うち常用雇用者","宗教用具製造業","1～4人","総数"
"105-2024","132","03","0","00000","2024000000","人","639","従業者数_うち常用雇用者","宗教用具製造業","5～9人","総数"
"105-2024","132","04","0","00000","2024000000","人","677","従業者数_うち常用雇用者","宗教用具製造業","10～19人","総数"
"105-2024","132","05","0","00000","2024000000","人","604","従業者数_うち常用雇用者","宗教用具製造業","20～29人","総数"
"105-2024","132","06","0","00000","2024000000","人","408","従業者数_うち常用雇用者","宗教用具製造業","30～49人","総数"
"105-2024","132","07","0","00000","2024000000","人","90","従業者数_うち常用雇用者","宗教用具製造業","50～99人","総数"
"105-2024","132","08","0","00000","2024000000","人","221","従業者数_うち常用雇用者","宗教用具製造業","100～199人","総数"
"105-2024","132","09","0","00000","2024000000","人","***","従業者数_うち常用雇用者","宗教用具製造業","200～299人","総数"
"105-2024","132","10","0","00000","2024000000","人","338","従業者数_うち常用雇用者","宗教用具製造業","300人以上","総数"
"105-2024","133","00","0","00000","2024000000","人","11968","従業者数_うち常用雇用者","建具製造業","総数","総数"
"105-2024","133","01","0","00000","2024000000","人","***","従業者数_うち常用雇用者","建具製造業","0人","総数"
"105-2024","133","02","0","00000","2024000000","人","3761","従業者数_うち常用雇用者","建具製造業","1～4人","総数"
"105-2024","133","03","0","00000","2024000000","人","1620","従業者数_うち常用雇用者","建具製造業","5～9人","総数"
"105-2024","133","04","0","00000","2024000000","人","1611","従業者数_うち常用雇用者","建具製造業","10～19人","総数"
"105-2024","133","05","0","00000","2024000000","人","823","従業者数_うち常用雇用者","建具製造業","20～29人","総数"
"105-2024","133","06","0","00000","2024000000","人","830","従業者数_うち常用雇用者","建具製造業","30～49人","総数"
"105-2024","133","07","0","00000","2024000000","人","1422","従業者数_うち常用雇用者","建具製造業","50～99人","総数"
"105-2024","133","08","0","00000","2024000000","人","1190","従業者数_うち常用雇用者","建具製造業","100～199人","総数"
"105-2024","133","09","0","00000","2024000000","人","***","従業者数_うち常用雇用者","建具製造業","200～299人","総数"
"105-2024","133","10","0","00000","2024000000","人","711","従業者数_うち常用雇用者","建具製造業","300人以上","総数"
"105-2024","139","00","0","00000","2024000000","人","15321","従業者数_うち常用雇用者","その他の家具・装備品製造業","総数","総数"
"105-2024","139","01","0","00000","2024000000","人","***","従業者数_うち常用雇用者","その他の家具・装備品製造業","0人","総数"
"105-2024","139","02","0","00000","2024000000","人","1478","従業者数_うち常用雇用者","その他の家具・装備品製造業","1～4人","総数"
"105-2024","139","03","0","00000","2024000000","人","1770","従業者数_うち常用雇用者","その他の家具・装備品製造業","5～9人","総数"
"105-2024","139","04","0","00000","2024000000","人","2411","従業者数_うち常用雇用者","その他の家具・装備品製造業","10～19人","総数"
"105-2024","139","05","0","00000","2024000000","人","1393","従業者数_うち常用雇用者","その他の家具・装備品製造業","20～29人","総数"
"105-2024","139","06","0","00000","2024000000","人","1587","従業者数_うち常用雇用者","その他の家具・装備品製造業","30～49人","総数"
"105-2024","139","07","0","00000","2024000000","人","2711","従業者数_うち常用雇用者","その他の家具・装備品製造業","50～99人","総数"
"105-2024","139","08","0","00000","2024000000","人","1778","従業者数_うち常用雇用者","その他の家具・装備品製造業","100～199人","総数"
"105-2024","139","09","0","00000","2024000000","人","565","従業者数_うち常用雇用者","その他の家具・装備品製造業","200～299人","総数"
"105-2024","139","10","0","00000","2024000000","人","1628","従業者数_うち常用雇用者","その他の家具・装備品製造業","300人以上","総数"
"105-2024","14","00","0","00000","2024000000","人","185411","従業者数_うち常用雇用者","パルプ・紙・紙加工品製造業","総数","総数"
"105-2024","14","01","0","00000","2024000000","人","***","従業者数_うち常用雇用者","パルプ・紙・紙加工品製造業","0人","総数"
"105-2024","14","02","0","00000","2024000000","人","5616","従業者数_うち常用雇用者","パルプ・紙・紙加工品製造業","1～4人","総数"
"105-2024","14","03","0","00000","2024000000","人","9194","従業者数_うち常用雇用者","パルプ・紙・紙加工品製造業","5～9人","総数"
"105-2024","14","04","0","00000","2024000000","人","18437","従業者数_うち常用雇用者","パルプ・紙・紙加工品製造業","10～19人","総数"
"105-2024","14","05","0","00000","2024000000","人","18676","従業者数_うち常用雇用者","パルプ・紙・紙加工品製造業","20～29人","総数"
"105-2024","14","06","0","00000","2024000000","人","25518","従業者数_うち常用雇用者","パルプ・紙・紙加工品製造業","30～49人","総数"
"105-2024","14","07","0","00000","2024000000","人","41621","従業者数_うち常用雇用者","パルプ・紙・紙加工品製造業","50～99人","総数"
"105-2024","14","08","0","00000","2024000000","人","35856","従業者数_うち常用雇用者","パルプ・紙・紙加工品製造業","100～199人","総数"
"105-2024","14","09","0","00000","2024000000","人","14760","従業者数_うち常用雇用者","パルプ・紙・紙加工品製造業","200～299人","総数"
"105-2024","14","10","0","00000","2024000000","人","15733","従業者数_うち常用雇用者","パルプ・紙・紙加工品製造業","300人以上","総数"
"105-2024","140","00","0","00000","2024000000","人","3024","従業者数_うち常用雇用者","管理、補助的経済活動を行う事業所（14_パルプ・紙・紙加工品製造業）","総数","総数"
"105-2024","140","01","0","00000","2024000000","人","***","従業者数_うち常用雇用者","管理、補助的経済活動を行う事業所（14_パルプ・紙・紙加工品製造業）","0人","総数"
"105-2024","140","02","0","00000","2024000000","人","207","従業者数_うち常用雇用者","管理、補助的経済活動を行う事業所（14_パルプ・紙・紙加工品製造業）","1～4人","総数"
"105-2024","140","03","0","00000","2024000000","人","164","従業者数_うち常用雇用者","管理、補助的経済活動を行う事業所（14_パルプ・紙・紙加工品製造業）","5～9人","総数"
"105-2024","140","04","0","00000","2024000000","人","339","従業者数_うち常用雇用者","管理、補助的経済活動を行う事業所（14_パルプ・紙・紙加工品製造業）","10～19人","総数"
"105-2024","140","05","0","00000","2024000000","人","302","従業者数_うち常用雇用者","管理、補助的経済活動を行う事業所（14_パルプ・紙・紙加工品製造業）","20～29人","総数"
"105-2024","140","06","0","00000","2024000000","人","296","従業者数_うち常用雇用者","管理、補助的経済活動を行う事業所（14_パルプ・紙・紙加工品製造業）","30～49人","総数"
"105-2024","140","07","0","00000","2024000000","人","591","従業者数_うち常用雇用者","管理、補助的経済活動を行う事業所（14_パルプ・紙・紙加工品製造業）","50～99人","総数"
"105-2024","140","08","0","00000","2024000000","人","911","従業者数_うち常用雇用者","管理、補助的経済活動を行う事業所（14_パルプ・紙・紙加工品製造業）","100～199人","総数"
"105-2024","140","09","0","00000","2024000000","人","214","従業者数_うち常用雇用者","管理、補助的経済活動を行う事業所（14_パルプ・紙・紙加工品製造業）","200～299人","総数"
"105-2024","140","10","0","00000","2024000000","人","***","従業者数_うち常用雇用者","管理、補助的経済活動を行う事業所（14_パルプ・紙・紙加工品製造業）","300人以上","総数"
"105-2024","141","00","0","00000","2024000000","人","2500","従業者数_うち常用雇用者","パルプ製造業","総数","総数"
"105-2024","141","01","0","00000","2024000000","人","***","従業者数_うち常用雇用者","パルプ製造業","0人","総数"
"105-2024","141","02","0","00000","2024000000","人","13","従業者数_うち常用雇用者","パルプ製造業","1～4人","総数"
"105-2024","141","03","0","00000","2024000000","人","37","従業者数_うち常用雇用者","パルプ製造業","5～9人","総数"
"105-2024","141","04","0","00000","2024000000","人","151","従業者数_うち常用雇用者","パルプ製造業","10～19人","総数"
"105-2024","141","05","0","00000","2024000000","人","115","従業者数_うち常用雇用者","パルプ製造業","20～29人","総数"
"105-2024","141","06","0","00000","2024000000","人","398","従業者数_うち常用雇用者","パルプ製造業","30～49人","総数"
"105-2024","141","07","0","00000","2024000000","人","380","従業者数_うち常用雇用者","パルプ製造業","50～99人","総数"
"105-2024","141","08","0","00000","2024000000","人","708","従業者数_うち常用雇用者","パルプ製造業","100～199人","総数"
"105-2024","141","09","0","00000","2024000000","人","698","従業者数_うち常用雇用者","パルプ製造業","200～299人","総数"
"105-2024","141","10","0","00000","2024000000","人","***","従業者数_うち常用雇用者","パルプ製造業","300人以上","総数"
"105-2024","142","00","0","00000","2024000000","人","28909","従業者数_うち常用雇用者","紙製造業","総数","総数"
"105-2024","142","01","0","00000","2024000000","人","***","従業者数_うち常用雇用者","紙製造業","0人","総数"
"105-2024","142","02","0","00000","2024000000","人","290","従業者数_うち常用雇用者","紙製造業","1～4人","総数"
"105-2024","142","03","0","00000","2024000000","人","426","従業者数_うち常用雇用者","紙製造業","5～9人","総数"
"105-2024","142","04","0","00000","2024000000","人","968","従業者数_うち常用雇用者","紙製造業","10～19人","総数"
"105-2024","142","05","0","00000","2024000000","人","1255","従業者数_うち常用雇用者","紙製造業","20～29人","総数"
"105-2024","142","06","0","00000","2024000000","人","1574","従業者数_うち常用雇用者","紙製造業","30～49人","総数"
"105-2024","142","07","0","00000","2024000000","人","3764","従業者数_うち常用雇用者","紙製造業","50～99人","総数"
"105-2024","142","08","0","00000","2024000000","人","8123","従業者数_うち常用雇用者","紙製造業","100～199人","総数"
"105-2024","142","09","0","00000","2024000000","人","6054","従業者数_うち常用雇用者","紙製造業","200～299人","総数"
"105-2024","142","10","0","00000","2024000000","人","6455","従業者数_うち常用雇用者","紙製造業","300人以上","総数"
"105-2024","143","00","0","00000","2024000000","人","11711","従業者数_うち常用雇用者","加工紙製造業","総数","総数"
"105-2024","143","01","0","00000","2024000000","人","***","従業者数_うち常用雇用者","加工紙製造業","0人","総数"
"105-2024","143","02","0","00000","2024000000","人","309","従業者数_うち常用雇用者","加工紙製造業","1～4人","総数"
"105-2024","143","03","0","00000","2024000000","人","627","従業者数_うち常用雇用者","加工紙製造業","5～9人","総数"
"105-2024","143","04","0","00000","2024000000","人","1173","従業者数_うち常用雇用者","加工紙製造業","10～19人","総数"
"105-2024","143","05","0","00000","2024000000","人","842","従業者数_うち常用雇用者","加工紙製造業","20～29人","総数"
"105-2024","143","06","0","00000","2024000000","人","2062","従業者数_うち常用雇用者","加工紙製造業","30～49人","総数"
"105-2024","143","07","0","00000","2024000000","人","2322","従業者数_うち常用雇用者","加工紙製造業","50～99人","総数"
"105-2024","143","08","0","00000","2024000000","人","2262","従業者数_うち常用雇用者","加工紙製造業","100～199人","総数"
"105-2024","143","09","0","00000","2024000000","人","1377","従業者数_うち常用雇用者","加工紙製造業","200～299人","総数"
"105-2024","143","10","0","00000","2024000000","人","737","従業者数_うち常用雇用者","加工紙製造業","300人以上","総数"
"105-2024","144","00","0","00000","2024000000","人","18589","従業者数_うち常用雇用者","紙製品製造業","総数","総数"
"105-2024","144","01","0","00000","2024000000","人","***","従業者数_うち常用雇用者","紙製品製造業","0人","総数"
"105-2024","144","02","0","00000","2024000000","人","933","従業者数_うち常用雇用者","紙製品製造業","1～4人","総数"
"105-2024","144","03","0","00000","2024000000","人","1295","従業者数_うち常用雇用者","紙製品製造業","5～9人","総数"
"105-2024","144","04","0","00000","2024000000","人","2485","従業者数_うち常用雇用者","紙製品製造業","10～19人","総数"
"105-2024","144","05","0","00000","2024000000","人","1682","従業者数_うち常用雇用者","紙製品製造業","20～29人","総数"
"105-2024","144","06","0","00000","2024000000","人","2709","従業者数_うち常用雇用者","紙製品製造業","30～49人","総数"
"105-2024","144","07","0","00000","2024000000","人","4892","従業者数_うち常用雇用者","紙製品製造業","50～99人","総数"
"105-2024","144","08","0","00000","2024000000","人","3531","従業者数_うち常用雇用者","紙製品製造業","100～199人","総数"
"105-2024","144","09","0","00000","2024000000","人","423","従業者数_うち常用雇用者","紙製品製造業","200～299人","総数"
"105-2024","144","10","0","00000","2024000000","人","639","従業者数_うち常用雇用者","紙製品製造業","300人以上","総数"
"105-2024","145","00","0","00000","2024000000","人","85848","従業者数_うち常用雇用者","紙製容器製造業","総数","総数"
"105-2024","145","01","0","00000","2024000000","人","***","従業者数_うち常用雇用者","紙製容器製造業","0人","総数"
"105-2024","145","02","0","00000","2024000000","人","2791","従業者数_うち常用雇用者","紙製容器製造業","1～4人","総数"
"105-2024","145","03","0","00000","2024000000","人","4865","従業者数_うち常用雇用者","紙製容器製造業","5～9人","総数"
"105-2024","145","04","0","00000","2024000000","人","10084","従業者数_うち常用雇用者","紙製容器製造業","10～19人","総数"
"105-2024","145","05","0","00000","2024000000","人","10521","従業者数_うち常用雇用者","紙製容器製造業","20～29人","総数"
"105-2024","145","06","0","00000","2024000000","人","13767","従業者数_うち常用雇用者","紙製容器製造業","30～49人","総数"
"105-2024","145","07","0","00000","2024000000","人","23329","従業者数_うち常用雇用者","紙製容器製造業","50～99人","総数"
"105-2024","145","08","0","00000","2024000000","人","13584","従業者数_うち常用雇用者","紙製容器製造業","100～199人","総数"
"105-2024","145","09","0","00000","2024000000","人","3310","従業者数_うち常用雇用者","紙製容器製造業","200～299人","総数"
"105-2024","145","10","0","00000","2024000000","人","3597","従業者数_うち常用雇用者","紙製容器製造業","300人以上","総数"
"105-2024","149","00","0","00000","2024000000","人","34830","従業者数_うち常用雇用者","その他のパルプ・紙・紙加工品製造業","総数","総数"
"105-2024","149","01","0","00000","2024000000","人","***","従業者数_うち常用雇用者","その他のパルプ・紙・紙加工品製造業","0人","総数"
"105-2024","149","02","0","00000","2024000000","人","1073","従業者数_うち常用雇用者","その他のパルプ・紙・紙加工品製造業","1～4人","総数"
"105-2024","149","03","0","00000","2024000000","人","1780","従業者数_うち常用雇用者","その他のパルプ・紙・紙加工品製造業","5～9人","総数"
"105-2024","149","04","0","00000","2024000000","人","3237","従業者数_うち常用雇用者","その他のパルプ・紙・紙加工品製造業","10～19人","総数"
"105-2024","149","05","0","00000","2024000000","人","3959","従業者数_うち常用雇用者","その他のパルプ・紙・紙加工品製造業","20～29人","総数"
"105-2024","149","06","0","00000","2024000000","人","4712","従業者数_うち常用雇用者","その他のパルプ・紙・紙加工品製造業","30～49人","総数"
"105-2024","149","07","0","00000","2024000000","人","6343","従業者数_うち常用雇用者","その他のパルプ・紙・紙加工品製造業","50～99人","総数"
"105-2024","149","08","0","00000","2024000000","人","6737","従業者数_うち常用雇用者","その他のパルプ・紙・紙加工品製造業","100～199人","総数"
"105-2024","149","09","0","00000","2024000000","人","2684","従業者数_うち常用雇用者","その他のパルプ・紙・紙加工品製造業","200～299人","総数"
"105-2024","149","10","0","00000","2024000000","人","4305","従業者数_うち常用雇用者","その他のパルプ・紙・紙加工品製造業","300人以上","総数"
"105-2024","15","00","0","00000","2024000000","人","266295","従業者数_うち常用雇用者","印刷・同関連業","総数","総数"
"105-2024","15","01","0","00000","2024000000","人","***","従業者数_うち常用雇用者","印刷・同関連業","0人","総数"
"105-2024","15","02","0","00000","2024000000","人","18741","従業者数_うち常用雇用者","印刷・同関連業","1～4人","総数"
"105-2024","15","03","0","00000","2024000000","人","20691","従業者数_うち常用雇用者","印刷・同関連業","5～9人","総数"
"105-2024","15","04","0","00000","2024000000","人","31832","従業者数_うち常用雇用者","印刷・同関連業","10～19人","総数"
"105-2024","15","05","0","00000","2024000000","人","25066","従業者数_うち常用雇用者","印刷・同関連業","20～29人","総数"
"105-2024","15","06","0","00000","2024000000","人","35558","従業者数_うち常用雇用者","印刷・同関連業","30～49人","総数"
"105-2024","15","07","0","00000","2024000000","人","47435","従業者数_うち常用雇用者","印刷・同関連業","50～99人","総数"
"105-2024","15","08","0","00000","2024000000","人","34807","従業者数_うち常用雇用者","印刷・同関連業","100～199人","総数"
"105-2024","15","09","0","00000","2024000000","人","13071","従業者数_うち常用雇用者","印刷・同関連業","200～299人","総数"
"105-2024","15","10","0","00000","2024000000","人","39094","従業者数_うち常用雇用者","印刷・同関連業","300人以上","総数"
"105-2024","150","00","0","00000","2024000000","人","9777","従業者数_うち常用雇用者","管理、補助的経済活動を行う事業所（15_印刷・同関連業）","総数","総数"
"105-2024","150","01","0","00000","2024000000","人","***","従業者数_うち常用雇用者","管理、補助的経済活動を行う事業所（15_印刷・同関連業）","0人","総数"
"105-2024","150","02","0","00000","2024000000","人","190","従業者数_うち常用雇用者","管理、補助的経済活動を行う事業所（15_印刷・同関連業）","1～4人","総数"
"105-2024","150","03","0","00000","2024000000","人","220","従業者数_うち常用雇用者","管理、補助的経済活動を行う事業所（15_印刷・同関連業）","5～9人","総数"
"105-2024","150","04","0","00000","2024000000","人","362","従業者数_うち常用雇用者","管理、補助的経済活動を行う事業所（15_印刷・同関連業）","10～19人","総数"
"105-2024","150","05","0","00000","2024000000","人","257","従業者数_うち常用雇用者","管理、補助的経済活動を行う事業所（15_印刷・同関連業）","20～29人","総数"
"105-2024","150","06","0","00000","2024000000","人","322","従業者数_うち常用雇用者","管理、補助的経済活動を行う事業所（15_印刷・同関連業）","30～49人","総数"
"105-2024","150","07","0","00000","2024000000","人","495","従業者数_うち常用雇用者","管理、補助的経済活動を行う事業所（15_印刷・同関連業）","50～99人","総数"
"105-2024","150","08","0","00000","2024000000","人","106","従業者数_うち常用雇用者","管理、補助的経済活動を行う事業所（15_印刷・同関連業）","100～199人","総数"
"105-2024","150","09","0","00000","2024000000","人","410","従業者数_うち常用雇用者","管理、補助的経済活動を行う事業所（15_印刷・同関連業）","200～299人","総数"
"105-2024","150","10","0","00000","2024000000","人","7415","従業者数_うち常用雇用者","管理、補助的経済活動を行う事業所（15_印刷・同関連業）","300人以上","総数"
"105-2024","151","00","0","00000","2024000000","人","220809","従業者数_うち常用雇用者","印刷業","総数","総数"
"105-2024","151","01","0","00000","2024000000","人","***","従業者数_うち常用雇用者","印刷業","0人","総数"
"105-2024","151","02","0","00000","2024000000","人","15510","従業者数_うち常用雇用者","印刷業","1～4人","総数"
"105-2024","151","03","0","00000","2024000000","人","16650","従業者数_うち常用雇用者","印刷業","5～9人","総数"
"105-2024","151","04","0","00000","2024000000","人","25859","従業者数_うち常用雇用者","印刷業","10～19人","総数"
"105-2024","151","05","0","00000","2024000000","人","21161","従業者数_うち常用雇用者","印刷業","20～29人","総数"
"105-2024","151","06","0","00000","2024000000","人","30482","従業者数_うち常用雇用者","印刷業","30～49人","総数"
"105-2024","151","07","0","00000","2024000000","人","40240","従業者数_うち常用雇用者","印刷業","50～99人","総数"
"105-2024","151","08","0","00000","2024000000","人","30281","従業者数_うち常用雇用者","印刷業","100～199人","総数"
"105-2024","151","09","0","00000","2024000000","人","12159","従業者数_うち常用雇用者","印刷業","200～299人","総数"
"105-2024","151","10","0","00000","2024000000","人","28467","従業者数_うち常用雇用者","印刷業","300人以上","総数"
"105-2024","152","00","0","00000","2024000000","人","17121","従業者数_うち常用雇用者","製版業","総数","総数"
"105-2024","152","01","0","00000","2024000000","人","***","従業者数_うち常用雇用者","製版業","0人","総数"
"105-2024","152","02","0","00000","2024000000","人","866","従業者数_うち常用雇用者","製版業","1～4人","総数"
"105-2024","152","03","0","00000","2024000000","人","1077","従業者数_うち常用雇用者","製版業","5～9人","総数"
"105-2024","152","04","0","00000","2024000000","人","1667","従業者数_うち常用雇用者","製版業","10～19人","総数"
"105-2024","152","05","0","00000","2024000000","人","1371","従業者数_うち常用雇用者","製版業","20～29人","総数"
"105-2024","152","06","0","00000","2024000000","人","2333","従業者数_うち常用雇用者","製版業","30～49人","総数"
"105-2024","152","07","0","00000","2024000000","人","3357","従業者数_うち常用雇用者","製版業","50～99人","総数"
"105-2024","152","08","0","00000","2024000000","人","2941","従業者数_うち常用雇用者","製版業","100～199人","総数"
"105-2024","152","09","0","00000","2024000000","人","297","従業者数_うち常用雇用者","製版業","200～299人","総数"
"105-2024","152","10","0","00000","2024000000","人","3212","従業者数_うち常用雇用者","製版業","300人以上","総数"
"105-2024","153","00","0","00000","2024000000","人","17202","従業者数_うち常用雇用者","製本業、印刷物加工業","総数","総数"
"105-2024","153","01","0","00000","2024000000","人","***","従業者数_うち常用雇用者","製本業、印刷物加工業","0人","総数"
"105-2024","153","02","0","00000","2024000000","人","2056","従業者数_うち常用雇用者","製本業、印刷物加工業","1～4人","総数"
"105-2024","153","03","0","00000","2024000000","人","2584","従業者数_うち常用雇用者","製本業、印刷物加工業","5～9人","総数"
"105-2024","153","04","0","00000","2024000000","人","3711","従業者数_うち常用雇用者","製本業、印刷物加工業","10～19人","総数"
"105-2024","153","05","0","00000","2024000000","人","2181","従業者数_うち常用雇用者","製本業、印刷物加工業","20～29人","総数"
"105-2024","153","06","0","00000","2024000000","人","2111","従業者数_うち常用雇用者","製本業、印刷物加工業","30～49人","総数"
"105-2024","153","07","0","00000","2024000000","人","3276","従業者数_うち常用雇用者","製本業、印刷物加工業","50～99人","総数"
"105-2024","153","08","0","00000","2024000000","人","1283","従業者数_うち常用雇用者","製本業、印刷物加工業","100～199人","総数"
"105-2024","153","09","0","00000","2024000000","人","***","従業者数_うち常用雇用者","製本業、印刷物加工業","200～299人","総数"
"105-2024","153","10","0","00000","2024000000","人","***","従業者数_うち常用雇用者","製本業、印刷物加工業","300人以上","総数"
"105-2024","159","00","0","00000","2024000000","人","1386","従業者数_うち常用雇用者","印刷関連サービス業","総数","総数"
"105-2024","159","01","0","00000","2024000000","人","***","従業者数_うち常用雇用者","印刷関連サービス業","0人","総数"
"105-2024","159","02","0","00000","2024000000","人","119","従業者数_うち常用雇用者","印刷関連サービス業","1～4人","総数"
"105-2024","159","03","0","00000","2024000000","人","160","従業者数_うち常用雇用者","印刷関連サービス業","5～9人","総数"
"105-2024","159","04","0","00000","2024000000","人","233","従業者数_うち常用雇用者","印刷関連サービス業","10～19人","総数"
"105-2024","159","05","0","00000","2024000000","人","96","従業者数_うち常用雇用者","印刷関連サービス業","20～29人","総数"
"105-2024","159","06","0","00000","2024000000","人","310","従業者数_うち常用雇用者","印刷関連サービス業","30～49人","総数"
"105-2024","159","07","0","00000","2024000000","人","67","従業者数_うち常用雇用者","印刷関連サービス業","50～99人","総数"
"105-2024","159","08","0","00000","2024000000","人","196","従業者数_うち常用雇用者","印刷関連サービス業","100～199人","総数"
"105-2024","159","09","0","00000","2024000000","人","205","従業者数_うち常用雇用者","印刷関連サービス業","200～299人","総数"
"105-2024","159","10","0","00000","2024000000","人","***","従業者数_うち常用雇用者","印刷関連サービス業","300人以上","総数"
"105-2024","16","00","0","00000","2024000000","人","447784","従業者数_うち常用雇用者","化学工業","総数","総数"
"105-2024","16","01","0","00000","2024000000","人","***","従業者数_うち常用雇用者","化学工業","0人","総数"
"105-2024","16","02","0","00000","2024000000","人","5284","従業者数_うち常用雇用者","化学工業","1～4人","総数"
"105-2024","16","03","0","00000","2024000000","人","9050","従業者数_うち常用雇用者","化学工業","5～9人","総数"
"105-2024","16","04","0","00000","2024000000","人","18595","従業者数_うち常用雇用者","化学工業","10～19人","総数"
"105-2024","16","05","0","00000","2024000000","人","18354","従業者数_うち常用雇用者","化学工業","20～29人","総数"
"105-2024","16","06","0","00000","2024000000","人","33399","従業者数_うち常用雇用者","化学工業","30～49人","総数"
"105-2024","16","07","0","00000","2024000000","人","59968","従業者数_うち常用雇用者","化学工業","50～99人","総数"
"105-2024","16","08","0","00000","2024000000","人","77720","従業者数_うち常用雇用者","化学工業","100～199人","総数"
"105-2024","16","09","0","00000","2024000000","人","55367","従業者数_うち常用雇用者","化学工業","200～299人","総数"
"105-2024","16","10","0","00000","2024000000","人","170047","従業者数_うち常用雇用者","化学工業","300人以上","総数"
"105-2024","160","00","0","00000","2024000000","人","32806","従業者数_うち常用雇用者","管理、補助的経済活動を行う事業所（16_化学工業）","総数","総数"
"105-2024","160","01","0","00000","2024000000","人","***","従業者数_うち常用雇用者","管理、補助的経済活動を行う事業所（16_化学工業）","0人","総数"
"105-2024","160","02","0","00000","2024000000","人","378","従業者数_うち常用雇用者","管理、補助的経済活動を行う事業所（16_化学工業）","1～4人","総数"
"105-2024","160","03","0","00000","2024000000","人","579","従業者数_うち常用雇用者","管理、補助的経済活動を行う事業所（16_化学工業）","5～9人","総数"
"105-2024","160","04","0","00000","2024000000","人","1112","従業者数_うち常用雇用者","管理、補助的経済活動を行う事業所（16_化学工業）","10～19人","総数"
"105-2024","160","05","0","00000","2024000000","人","740","従業者数_うち常用雇用者","管理、補助的経済活動を行う事業所（16_化学工業）","20～29人","総数"
"105-2024","160","06","0","00000","2024000000","人","1816","従業者数_うち常用雇用者","管理、補助的経済活動を行う事業所（16_化学工業）","30～49人","総数"
"105-2024","160","07","0","00000","2024000000","人","2796","従業者数_うち常用雇用者","管理、補助的経済活動を行う事業所（16_化学工業）","50～99人","総数"
"105-2024","160","08","0","00000","2024000000","人","2850","従業者数_うち常用雇用者","管理、補助的経済活動を行う事業所（16_化学工業）","100～199人","総数"
"105-2024","160","09","0","00000","2024000000","人","2478","従業者数_うち常用雇用者","管理、補助的経済活動を行う事業所（16_化学工業）","200～299人","総数"
"105-2024","160","10","0","00000","2024000000","人","20057","従業者数_うち常用雇用者","管理、補助的経済活動を行う事業所（16_化学工業）","300人以上","総数"
"105-2024","161","00","0","00000","2024000000","人","4516","従業者数_うち常用雇用者","化学肥料製造業","総数","総数"
"105-2024","161","01","0","00000","2024000000","人","***","従業者数_うち常用雇用者","化学肥料製造業","0人","総数"
"105-2024","161","02","0","00000","2024000000","人","149","従業者数_うち常用雇用者","化学肥料製造業","1～4人","総数"
"105-2024","161","03","0","00000","2024000000","人","268","従業者数_うち常用雇用者","化学肥料製造業","5～9人","総数"
"105-2024","161","04","0","00000","2024000000","人","555","従業者数_うち常用雇用者","化学肥料製造業","10～19人","総数"
"105-2024","161","05","0","00000","2024000000","人","742","従業者数_うち常用雇用者","化学肥料製造業","20～29人","総数"
"105-2024","161","06","0","00000","2024000000","人","1462","従業者数_うち常用雇用者","化学肥料製造業","30～49人","総数"
"105-2024","161","07","0","00000","2024000000","人","830","従業者数_うち常用雇用者","化学肥料製造業","50～99人","総数"
"105-2024","161","08","0","00000","2024000000","人","510","従業者数_うち常用雇用者","化学肥料製造業","100～199人","総数"
"105-2024","161","09","0","00000","2024000000","人","***","従業者数_うち常用雇用者","化学肥料製造業","200～299人","総数"
"105-2024","161","10","0","00000","2024000000","人","***","従業者数_うち常用雇用者","化学肥料製造業","300人以上","総数"
"105-2024","162","00","0","00000","2024000000","人","39154","従業者数_うち常用雇用者","無機化学工業製品製造業","総数","総数"
"105-2024","162","01","0","00000","2024000000","人","***","従業者数_うち常用雇用者","無機化学工業製品製造業","0人","総数"
"105-2024","162","02","0","00000","2024000000","人","870","従業者数_うち常用雇用者","無機化学工業製品製造業","1～4人","総数"
"105-2024","162","03","0","00000","2024000000","人","1688","従業者数_うち常用雇用者","無機化学工業製品製造業","5～9人","総数"
"105-2024","162","04","0","00000","2024000000","人","3642","従業者数_うち常用雇用者","無機化学工業製品製造業","10～19人","総数"
"105-2024","162","05","0","00000","2024000000","人","2644","従業者数_うち常用雇用者","無機化学工業製品製造業","20～29人","総数"
"105-2024","162","06","0","00000","2024000000","人","3994","従業者数_うち常用雇用者","無機化学工業製品製造業","30～49人","総数"
"105-2024","162","07","0","00000","2024000000","人","7305","従業者数_うち常用雇用者","無機化学工業製品製造業","50～99人","総数"
"105-2024","162","08","0","00000","2024000000","人","8655","従業者数_うち常用雇用者","無機化学工業製品製造業","100～199人","総数"
"105-2024","162","09","0","00000","2024000000","人","3596","従業者数_うち常用雇用者","無機化学工業製品製造業","200～299人","総数"
"105-2024","162","10","0","00000","2024000000","人","6760","従業者数_うち常用雇用者","無機化学工業製品製造業","300人以上","総数"
"105-2024","163","00","0","00000","2024000000","人","103165","従業者数_うち常用雇用者","有機化学工業製品製造業","総数","総数"
"105-2024","163","01","0","00000","2024000000","人","***","従業者数_うち常用雇用者","有機化学工業製品製造業","0人","総数"
"105-2024","163","02","0","00000","2024000000","人","552","従業者数_うち常用雇用者","有機化学工業製品製造業","1～4人","総数"
"105-2024","163","03","0","00000","2024000000","人","913","従業者数_うち常用雇用者","有機化学工業製品製造業","5～9人","総数"
"105-2024","163","04","0","00000","2024000000","人","2191","従業者数_うち常用雇用者","有機化学工業製品製造業","10～19人","総数"
"105-2024","163","05","0","00000","2024000000","人","2603","従業者数_うち常用雇用者","有機化学工業製品製造業","20～29人","総数"
"105-2024","163","06","0","00000","2024000000","人","5116","従業者数_うち常用雇用者","有機化学工業製品製造業","30～49人","総数"
"105-2024","163","07","0","00000","2024000000","人","10272","従業者数_うち常用雇用者","有機化学工業製品製造業","50～99人","総数"
"105-2024","163","08","0","00000","2024000000","人","14136","従業者数_うち常用雇用者","有機化学工業製品製造業","100～199人","総数"
"105-2024","163","09","0","00000","2024000000","人","11143","従業者数_うち常用雇用者","有機化学工業製品製造業","200～299人","総数"
"105-2024","163","10","0","00000","2024000000","人","56239","従業者数_うち常用雇用者","有機化学工業製品製造業","300人以上","総数"
"105-2024","164","00","0","00000","2024000000","人","42767","従業者数_うち常用雇用者","油脂加工製品・石けん・合成洗剤・界面活性剤・塗料製造業","総数","総数"
"105-2024","164","01","0","00000","2024000000","人","***","従業者数_うち常用雇用者","油脂加工製品・石けん・合成洗剤・界面活性剤・塗料製造業","0人","総数"
"105-2024","164","02","0","00000","2024000000","人","880","従業者数_うち常用雇用者","油脂加工製品・石けん・合成洗剤・界面活性剤・塗料製造業","1～4人","総数"
"105-2024","164","03","0","00000","2024000000","人","1532","従業者数_うち常用雇用者","油脂加工製品・石けん・合成洗剤・界面活性剤・塗料製造業","5～9人","総数"
"105-2024","164","04","0","00000","2024000000","人","3378","従業者数_うち常用雇用者","油脂加工製品・石けん・合成洗剤・界面活性剤・塗料製造業","10～19人","総数"
"105-2024","164","05","0","00000","2024000000","人","3240","従業者数_うち常用雇用者","油脂加工製品・石けん・合成洗剤・界面活性剤・塗料製造業","20～29人","総数"
"105-2024","164","06","0","00000","2024000000","人","5349","従業者数_うち常用雇用者","油脂加工製品・石けん・合成洗剤・界面活性剤・塗料製造業","30～49人","総数"
"105-2024","164","07","0","00000","2024000000","人","8721","従業者数_うち常用雇用者","油脂加工製品・石けん・合成洗剤・界面活性剤・塗料製造業","50～99人","総数"
"105-2024","164","08","0","00000","2024000000","人","8027","従業者数_うち常用雇用者","油脂加工製品・石けん・合成洗剤・界面活性剤・塗料製造業","100～199人","総数"
"105-2024","164","09","0","00000","2024000000","人","4568","従業者数_うち常用雇用者","油脂加工製品・石けん・合成洗剤・界面活性剤・塗料製造業","200～299人","総数"
"105-2024","164","10","0","00000","2024000000","人","7072","従業者数_うち常用雇用者","油脂加工製品・石けん・合成洗剤・界面活性剤・塗料製造業","300人以上","総数"
"105-2024","165","00","0","00000","2024000000","人","111233","従業者数_うち常用雇用者","医薬品製造業","総数","総数"
"105-2024","165","01","0","00000","2024000000","人","***","従業者数_うち常用雇用者","医薬品製造業","0人","総数"
"105-2024","165","02","0","00000","2024000000","人","515","従業者数_うち常用雇用者","医薬品製造業","1～4人","総数"
"105-2024","165","03","0","00000","2024000000","人","938","従業者数_うち常用雇用者","医薬品製造業","5～9人","総数"
"105-2024","165","04","0","00000","2024000000","人","2048","従業者数_うち常用雇用者","医薬品製造業","10～19人","総数"
"105-2024","165","05","0","00000","2024000000","人","2253","従業者数_うち常用雇用者","医薬品製造業","20～29人","総数"
"105-2024","165","06","0","00000","2024000000","人","5111","従業者数_うち常用雇用者","医薬品製造業","30～49人","総数"
"105-2024","165","07","0","00000","2024000000","人","13127","従業者数_うち常用雇用者","医薬品製造業","50～99人","総数"
"105-2024","165","08","0","00000","2024000000","人","23217","従業者数_うち常用雇用者","医薬品製造業","100～199人","総数"
"105-2024","165","09","0","00000","2024000000","人","19184","従業者数_うち常用雇用者","医薬品製造業","200～299人","総数"
"105-2024","165","10","0","00000","2024000000","人","44840","従業者数_うち常用雇用者","医薬品製造業","300人以上","総数"
"105-2024","166","00","0","00000","2024000000","人","54622","従業者数_うち常用雇用者","化粧品・歯磨・その他の化粧用調整品製造業","総数","総数"
"105-2024","166","01","0","00000","2024000000","人","***","従業者数_うち常用雇用者","化粧品・歯磨・その他の化粧用調整品製造業","0人","総数"
"105-2024","166","02","0","00000","2024000000","人","898","従業者数_うち常用雇用者","化粧品・歯磨・その他の化粧用調整品製造業","1～4人","総数"
"105-2024","166","03","0","00000","2024000000","人","1406","従業者数_うち常用雇用者","化粧品・歯磨・その他の化粧用調整品製造業","5～9人","総数"
"105-2024","166","04","0","00000","2024000000","人","2595","従業者数_うち常用雇用者","化粧品・歯磨・その他の化粧用調整品製造業","10～19人","総数"
"105-2024","166","05","0","00000","2024000000","人","2882","従業者数_うち常用雇用者","化粧品・歯磨・その他の化粧用調整品製造業","20～29人","総数"
"105-2024","166","06","0","00000","2024000000","人","4669","従業者数_うち常用雇用者","化粧品・歯磨・その他の化粧用調整品製造業","30～49人","総数"
"105-2024","166","07","0","00000","2024000000","人","6760","従業者数_うち常用雇用者","化粧品・歯磨・その他の化粧用調整品製造業","50～99人","総数"
"105-2024","166","08","0","00000","2024000000","人","11147","従業者数_うち常用雇用者","化粧品・歯磨・その他の化粧用調整品製造業","100～199人","総数"
"105-2024","166","09","0","00000","2024000000","人","7935","従業者数_うち常用雇用者","化粧品・歯磨・その他の化粧用調整品製造業","200～299人","総数"
"105-2024","166","10","0","00000","2024000000","人","16330","従業者数_うち常用雇用者","化粧品・歯磨・その他の化粧用調整品製造業","300人以上","総数"
"105-2024","169","00","0","00000","2024000000","人","59521","従業者数_うち常用雇用者","その他の化学工業","総数","総数"
"105-2024","169","01","0","00000","2024000000","人","***","従業者数_うち常用雇用者","その他の化学工業","0人","総数"
"105-2024","169","02","0","00000","2024000000","人","1042","従業者数_うち常用雇用者","その他の化学工業","1～4人","総数"
"105-2024","169","03","0","00000","2024000000","人","1726","従業者数_うち常用雇用者","その他の化学工業","5～9人","総数"
"105-2024","169","04","0","00000","2024000000","人","3074","従業者数_うち常用雇用者","その他の化学工業","10～19人","総数"
"105-2024","169","05","0","00000","2024000000","人","3250","従業者数_うち常用雇用者","その他の化学工業","20～29人","総数"
"105-2024","169","06","0","00000","2024000000","人","5882","従業者数_うち常用雇用者","その他の化学工業","30～49人","総数"
"105-2024","169","07","0","00000","2024000000","人","10157","従業者数_うち常用雇用者","その他の化学工業","50～99人","総数"
"105-2024","169","08","0","00000","2024000000","人","9178","従業者数_うち常用雇用者","その他の化学工業","100～199人","総数"
"105-2024","169","09","0","00000","2024000000","人","6463","従業者数_うち常用雇用者","その他の化学工業","200～299人","総数"
"105-2024","169","10","0","00000","2024000000","人","18749","従業者数_うち常用雇用者","その他の化学工業","300人以上","総数"
"105-2024","17","00","0","00000","2024000000","人","31550","従業者数_うち常用雇用者","石油製品・石炭製品製造業","総数","総数"
"105-2024","17","01","0","00000","2024000000","人","***","従業者数_うち常用雇用者","石油製品・石炭製品製造業","0人","総数"
"105-2024","17","02","0","00000","2024000000","人","1330","従業者数_うち常用雇用者","石油製品・石炭製品製造業","1～4人","総数"
"105-2024","17","03","0","00000","2024000000","人","3693","従業者数_うち常用雇用者","石油製品・石炭製品製造業","5～9人","総数"
"105-2024","17","04","0","00000","2024000000","人","3411","従業者数_うち常用雇用者","石油製品・石炭製品製造業","10～19人","総数"
"105-2024","17","05","0","00000","2024000000","人","1928","従業者数_うち常用雇用者","石油製品・石炭製品製造業","20～29人","総数"
"105-2024","17","06","0","00000","2024000000","人","2145","従業者数_うち常用雇用者","石油製品・石炭製品製造業","30～49人","総数"
"105-2024","17","07","0","00000","2024000000","人","2724","従業者数_うち常用雇用者","石油製品・石炭製品製造業","50～99人","総数"
"105-2024","17","08","0","00000","2024000000","人","1566","従業者数_うち常用雇用者","石油製品・石炭製品製造業","100～199人","総数"
"105-2024","17","09","0","00000","2024000000","人","1639","従業者数_うち常用雇用者","石油製品・石炭製品製造業","200～299人","総数"
"105-2024","17","10","0","00000","2024000000","人","13114","従業者数_うち常用雇用者","石油製品・石炭製品製造業","300人以上","総数"
"105-2024","170","00","0","00000","2024000000","人","3036","従業者数_うち常用雇用者","管理、補助的経済活動を行う事業所（17_石油製品・石炭製品製造業）","総数","総数"
"105-2024","170","01","0","00000","2024000000","人","***","従業者数_うち常用雇用者","管理、補助的経済活動を行う事業所（17_石油製品・石炭製品製造業）","0人","総数"
"105-2024","170","02","0","00000","2024000000","人","55","従業者数_うち常用雇用者","管理、補助的経済活動を行う事業所（17_石油製品・石炭製品製造業）","1～4人","総数"
"105-2024","170","03","0","00000","2024000000","人","117","従業者数_うち常用雇用者","管理、補助的経済活動を行う事業所（17_石油製品・石炭製品製造業）","5～9人","総数"
"105-2024","170","04","0","00000","2024000000","人","229","従業者数_うち常用雇用者","管理、補助的経済活動を行う事業所（17_石油製品・石炭製品製造業）","10～19人","総数"
"105-2024","170","05","0","00000","2024000000","人","178","従業者数_うち常用雇用者","管理、補助的経済活動を行う事業所（17_石油製品・石炭製品製造業）","20～29人","総数"
"105-2024","170","06","0","00000","2024000000","人","317","従業者数_うち常用雇用者","管理、補助的経済活動を行う事業所（17_石油製品・石炭製品製造業）","30～49人","総数"
"105-2024","170","07","0","00000","2024000000","人","***","従業者数_うち常用雇用者","管理、補助的経済活動を行う事業所（17_石油製品・石炭製品製造業）","50～99人","総数"
"105-2024","170","08","0","00000","2024000000","人","308","従業者数_うち常用雇用者","管理、補助的経済活動を行う事業所（17_石油製品・石炭製品製造業）","100～199人","総数"
"105-2024","170","09","0","00000","2024000000","人","270","従業者数_うち常用雇用者","管理、補助的経済活動を行う事業所（17_石油製品・石炭製品製造業）","200～299人","総数"
"105-2024","170","10","0","00000","2024000000","人","1562","従業者数_うち常用雇用者","管理、補助的経済活動を行う事業所（17_石油製品・石炭製品製造業）","300人以上","総数"
"105-2024","171","00","0","00000","2024000000","人","11950","従業者数_うち常用雇用者","石油精製業","総数","総数"
"105-2024","171","01","0","00000","2024000000","人","***","従業者数_うち常用雇用者","石油精製業","0人","総数"
"105-2024","171","02","0","00000","2024000000","人","26","従業者数_うち常用雇用者","石油精製業","1～4人","総数"
"105-2024","171","03","0","00000","2024000000","人","35","従業者数_うち常用雇用者","石油精製業","5～9人","総数"
"105-2024","171","04","0","00000","2024000000","人","24","従業者数_うち常用雇用者","石油精製業","10～19人","総数"
"105-2024","171","05","0","00000","2024000000","人","49","従業者数_うち常用雇用者","石油精製業","20～29人","総数"
"105-2024","171","06","0","00000","2024000000","人","114","従業者数_うち常用雇用者","石油精製業","30～49人","総数"
"105-2024","171","07","0","00000","2024000000","人","355","従業者数_うち常用雇用者","石油精製業","50～99人","総数"
"105-2024","171","08","0","00000","2024000000","人","255","従業者数_うち常用雇用者","石油精製業","100～199人","総数"
"105-2024","171","09","0","00000","2024000000","人","938","従業者数_うち常用雇用者","石油精製業","200～299人","総数"
"105-2024","171","10","0","00000","2024000000","人","10154","従業者数_うち常用雇用者","石油精製業","300人以上","総数"
"105-2024","172","00","0","00000","2024000000","人","4275","従業者数_うち常用雇用者","潤滑油・グリース製造業（石油精製によらないもの）","総数","総数"
"105-2024","172","01","0","00000","2024000000","人","***","従業者数_うち常用雇用者","潤滑油・グリース製造業（石油精製によらないもの）","0人","総数"
"105-2024","172","02","0","00000","2024000000","人","107","従業者数_うち常用雇用者","潤滑油・グリース製造業（石油精製によらないもの）","1～4人","総数"
"105-2024","172","03","0","00000","2024000000","人","172","従業者数_うち常用雇用者","潤滑油・グリース製造業（石油精製によらないもの）","5～9人","総数"
"105-2024","172","04","0","00000","2024000000","人","369","従業者数_うち常用雇用者","潤滑油・グリース製造業（石油精製によらないもの）","10～19人","総数"
"105-2024","172","05","0","00000","2024000000","人","382","従業者数_うち常用雇用者","潤滑油・グリース製造業（石油精製によらないもの）","20～29人","総数"
"105-2024","172","06","0","00000","2024000000","人","965","従業者数_うち常用雇用者","潤滑油・グリース製造業（石油精製によらないもの）","30～49人","総数"
"105-2024","172","07","0","00000","2024000000","人","1225","従業者数_うち常用雇用者","潤滑油・グリース製造業（石油精製によらないもの）","50～99人","総数"
"105-2024","172","08","0","00000","2024000000","人","624","従業者数_うち常用雇用者","潤滑油・グリース製造業（石油精製によらないもの）","100～199人","総数"
"105-2024","172","09","0","00000","2024000000","人","431","従業者数_うち常用雇用者","潤滑油・グリース製造業（石油精製によらないもの）","200～299人","総数"
"105-2024","172","10","0","00000","2024000000","人","***","従業者数_うち常用雇用者","潤滑油・グリース製造業（石油精製によらないもの）","300人以上","総数"
"105-2024","173","00","0","00000","2024000000","人","1731","従業者数_うち常用雇用者","コークス製造業","総数","総数"
"105-2024","173","01","0","00000","2024000000","人","***","従業者数_うち常用雇用者","コークス製造業","0人","総数"
"105-2024","173","02","0","00000","2024000000","人","15","従業者数_うち常用雇用者","コークス製造業","1～4人","総数"
"105-2024","173","03","0","00000","2024000000","人","20","従業者数_うち常用雇用者","コークス製造業","5～9人","総数"
"105-2024","173","04","0","00000","2024000000","人","23","従業者数_うち常用雇用者","コークス製造業","10～19人","総数"
"105-2024","173","05","0","00000","2024000000","人","41","従業者数_うち常用雇用者","コークス製造業","20～29人","総数"
"105-2024","173","06","0","00000","2024000000","人","***","従業者数_うち常用雇用者","コークス製造業","30～49人","総数"
"105-2024","173","07","0","00000","2024000000","人","95","従業者数_うち常用雇用者","コークス製造業","50～99人","総数"
"105-2024","173","08","0","00000","2024000000","人","139","従業者数_うち常用雇用者","コークス製造業","100～199人","総数"
"105-2024","173","09","0","00000","2024000000","人","***","従業者数_うち常用雇用者","コークス製造業","200～299人","総数"
"105-2024","173","10","0","00000","2024000000","人","1398","従業者数_うち常用雇用者","コークス製造業","300人以上","総数"
"105-2024","174","00","0","00000","2024000000","人","7766","従業者数_うち常用雇用者","舗装材料製造業","総数","総数"
"105-2024","174","01","0","00000","2024000000","人","***","従業者数_うち常用雇用者","舗装材料製造業","0人","総数"
"105-2024","174","02","0","00000","2024000000","人","1000","従業者数_うち常用雇用者","舗装材料製造業","1～4人","総数"
"105-2024","174","03","0","00000","2024000000","人","3102","従業者数_うち常用雇用者","舗装材料製造業","5～9人","総数"
"105-2024","174","04","0","00000","2024000000","人","2220","従業者数_うち常用雇用者","舗装材料製造業","10～19人","総数"
"105-2024","174","05","0","00000","2024000000","人","837","従業者数_うち常用雇用者","舗装材料製造業","20～29人","総数"
"105-2024","174","06","0","00000","2024000000","人","317","従業者数_うち常用雇用者","舗装材料製造業","30～49人","総数"
"105-2024","174","07","0","00000","2024000000","人","290","従業者数_うち常用雇用者","舗装材料製造業","50～99人","総数"
"105-2024","174","08","0","00000","2024000000","人","***","従業者数_うち常用雇用者","舗装材料製造業","100～199人","総数"
"105-2024","174","09","0","00000","2024000000","人","***","従業者数_うち常用雇用者","舗装材料製造業","200～299人","総数"
"105-2024","174","10","0","00000","2024000000","人","***","従業者数_うち常用雇用者","舗装材料製造業","300人以上","総数"
"105-2024","179","00","0","00000","2024000000","人","2792","従業者数_うち常用雇用者","その他の石油製品・石炭製品製造業","総数","総数"
"105-2024","179","01","0","00000","2024000000","人","***","従業者数_うち常用雇用者","その他の石油製品・石炭製品製造業","0人","総数"
"105-2024","179","02","0","00000","2024000000","人","127","従業者数_うち常用雇用者","その他の石油製品・石炭製品製造業","1～4人","総数"
"105-2024","179","03","0","00000","2024000000","人","247","従業者数_うち常用雇用者","その他の石油製品・石炭製品製造業","5～9人","総数"
"105-2024","179","04","0","00000","2024000000","人","546","従業者数_うち常用雇用者","その他の石油製品・石炭製品製造業","10～19人","総数"
"105-2024","179","05","0","00000","2024000000","人","441","従業者数_うち常用雇用者","その他の石油製品・石炭製品製造業","20～29人","総数"
"105-2024","179","06","0","00000","2024000000","人","432","従業者数_うち常用雇用者","その他の石油製品・石炭製品製造業","30～49人","総数"
"105-2024","179","07","0","00000","2024000000","人","759","従業者数_うち常用雇用者","その他の石油製品・石炭製品製造業","50～99人","総数"
"105-2024","179","08","0","00000","2024000000","人","240","従業者数_うち常用雇用者","その他の石油製品・石炭製品製造業","100～199人","総数"
"105-2024","179","09","0","00000","2024000000","人","***","従業者数_うち常用雇用者","その他の石油製品・石炭製品製造業","200～299人","総数"
"105-2024","179","10","0","00000","2024000000","人","***","従業者数_うち常用雇用者","その他の石油製品・石炭製品製造業","300人以上","総数"
"105-2024","18","00","0","00000","2024000000","人","439885","従業者数_うち常用雇用者","プラスチック製品製造業（別掲を除く）","総数","総数"
"105-2024","18","01","0","00000","2024000000","人","***","従業者数_うち常用雇用者","プラスチック製品製造業（別掲を除く）","0人","総数"
"105-2024","18","02","0","00000","2024000000","人","12580","従業者数_うち常用雇用者","プラスチック製品製造業（別掲を除く）","1～4人","総数"
"105-2024","18","03","0","00000","2024000000","人","22295","従業者数_うち常用雇用者","プラスチック製品製造業（別掲を除く）","5～9人","総数"
"105-2024","18","04","0","00000","2024000000","人","44540","従業者数_うち常用雇用者","プラスチック製品製造業（別掲を除く）","10～19人","総数"
"105-2024","18","05","0","00000","2024000000","人","41350","従業者数_うち常用雇用者","プラスチック製品製造業（別掲を除く）","20～29人","総数"
"105-2024","18","06","0","00000","2024000000","人","61626","従業者数_うち常用雇用者","プラスチック製品製造業（別掲を除く）","30～49人","総数"
"105-2024","18","07","0","00000","2024000000","人","87413","従業者数_うち常用雇用者","プラスチック製品製造業（別掲を除く）","50～99人","総数"
"105-2024","18","08","0","00000","2024000000","人","76206","従業者数_うち常用雇用者","プラスチック製品製造業（別掲を除く）","100～199人","総数"
"105-2024","18","09","0","00000","2024000000","人","39222","従業者数_うち常用雇用者","プラスチック製品製造業（別掲を除く）","200～299人","総数"
"105-2024","18","10","0","00000","2024000000","人","54653","従業者数_うち常用雇用者","プラスチック製品製造業（別掲を除く）","300人以上","総数"
"105-2024","180","00","0","00000","2024000000","人","7071","従業者数_うち常用雇用者","管理、補助的経済活動を行う事業所（18_プラスチック製品製造業）","総数","総数"
"105-2024","180","01","0","00000","2024000000","人","***","従業者数_うち常用雇用者","管理、補助的経済活動を行う事業所（18_プラスチック製品製造業）","0人","総数"
"105-2024","180","02","0","00000","2024000000","人","515","従業者数_うち常用雇用者","管理、補助的経済活動を行う事業所（18_プラスチック製品製造業）","1～4人","総数"
"105-2024","180","03","0","00000","2024000000","人","482","従業者数_うち常用雇用者","管理、補助的経済活動を行う事業所（18_プラスチック製品製造業）","5～9人","総数"
"105-2024","180","04","0","00000","2024000000","人","716","従業者数_うち常用雇用者","管理、補助的経済活動を行う事業所（18_プラスチック製品製造業）","10～19人","総数"
"105-2024","180","05","0","00000","2024000000","人","524","従業者数_うち常用雇用者","管理、補助的経済活動を行う事業所（18_プラスチック製品製造業）","20～29人","総数"
"105-2024","180","06","0","00000","2024000000","人","447","従業者数_うち常用雇用者","管理、補助的経済活動を行う事業所（18_プラスチック製品製造業）","30～49人","総数"
"105-2024","180","07","0","00000","2024000000","人","1168","従業者数_うち常用雇用者","管理、補助的経済活動を行う事業所（18_プラスチック製品製造業）","50～99人","総数"
"105-2024","180","08","0","00000","2024000000","人","1429","従業者数_うち常用雇用者","管理、補助的経済活動を行う事業所（18_プラスチック製品製造業）","100～199人","総数"
"105-2024","180","09","0","00000","2024000000","人","811","従業者数_うち常用雇用者","管理、補助的経済活動を行う事業所（18_プラスチック製品製造業）","200～299人","総数"
"105-2024","180","10","0","00000","2024000000","人","979","従業者数_うち常用雇用者","管理、補助的経済活動を行う事業所（18_プラスチック製品製造業）","300人以上","総数"
"105-2024","181","00","0","00000","2024000000","人","28870","従業者数_うち常用雇用者","プラスチック板・棒・管・継手・異形押出製品製造業","総数","総数"
"105-2024","181","01","0","00000","2024000000","人","***","従業者数_うち常用雇用者","プラスチック板・棒・管・継手・異形押出製品製造業","0人","総数"
"105-2024","181","02","0","00000","2024000000","人","1132","従業者数_うち常用雇用者","プラスチック板・棒・管・継手・異形押出製品製造業","1～4人","総数"
"105-2024","181","03","0","00000","2024000000","人","1668","従業者数_うち常用雇用者","プラスチック板・棒・管・継手・異形押出製品製造業","5～9人","総数"
"105-2024","181","04","0","00000","2024000000","人","3010","従業者数_うち常用雇用者","プラスチック板・棒・管・継手・異形押出製品製造業","10～19人","総数"
"105-2024","181","05","0","00000","2024000000","人","2455","従業者数_うち常用雇用者","プラスチック板・棒・管・継手・異形押出製品製造業","20～29人","総数"
"105-2024","181","06","0","00000","2024000000","人","4699","従業者数_うち常用雇用者","プラスチック板・棒・管・継手・異形押出製品製造業","30～49人","総数"
"105-2024","181","07","0","00000","2024000000","人","5073","従業者数_うち常用雇用者","プラスチック板・棒・管・継手・異形押出製品製造業","50～99人","総数"
"105-2024","181","08","0","00000","2024000000","人","4023","従業者数_うち常用雇用者","プラスチック板・棒・管・継手・異形押出製品製造業","100～199人","総数"
"105-2024","181","09","0","00000","2024000000","人","2282","従業者数_うち常用雇用者","プラスチック板・棒・管・継手・異形押出製品製造業","200～299人","総数"
"105-2024","181","10","0","00000","2024000000","人","4528","従業者数_うち常用雇用者","プラスチック板・棒・管・継手・異形押出製品製造業","300人以上","総数"
"105-2024","182","00","0","00000","2024000000","人","86179","従業者数_うち常用雇用者","プラスチックフィルム・シート・床材・合成皮革製造業","総数","総数"
"105-2024","182","01","0","00000","2024000000","人","***","従業者数_うち常用雇用者","プラスチックフィルム・シート・床材・合成皮革製造業","0人","総数"
"105-2024","182","02","0","00000","2024000000","人","1955","従業者数_うち常用雇用者","プラスチックフィルム・シート・床材・合成皮革製造業","1～4人","総数"
"105-2024","182","03","0","00000","2024000000","人","3189","従業者数_うち常用雇用者","プラスチックフィルム・シート・床材・合成皮革製造業","5～9人","総数"
"105-2024","182","04","0","00000","2024000000","人","5668","従業者数_うち常用雇用者","プラスチックフィルム・シート・床材・合成皮革製造業","10～19人","総数"
"105-2024","182","05","0","00000","2024000000","人","5316","従業者数_うち常用雇用者","プラスチックフィルム・シート・床材・合成皮革製造業","20～29人","総数"
"105-2024","182","06","0","00000","2024000000","人","9564","従業者数_うち常用雇用者","プラスチックフィルム・シート・床材・合成皮革製造業","30～49人","総数"
"105-2024","182","07","0","00000","2024000000","人","14732","従業者数_うち常用雇用者","プラスチックフィルム・シート・床材・合成皮革製造業","50～99人","総数"
"105-2024","182","08","0","00000","2024000000","人","14278","従業者数_うち常用雇用者","プラスチックフィルム・シート・床材・合成皮革製造業","100～199人","総数"
"105-2024","182","09","0","00000","2024000000","人","9067","従業者数_うち常用雇用者","プラスチックフィルム・シート・床材・合成皮革製造業","200～299人","総数"
"105-2024","182","10","0","00000","2024000000","人","22410","従業者数_うち常用雇用者","プラスチックフィルム・シート・床材・合成皮革製造業","300人以上","総数"
"105-2024","183","00","0","00000","2024000000","人","152888","従業者数_うち常用雇用者","工業用プラスチック製品製造業","総数","総数"
"105-2024","183","01","0","00000","2024000000","人","***","従業者数_うち常用雇用者","工業用プラスチック製品製造業","0人","総数"
"105-2024","183","02","0","00000","2024000000","人","3716","従業者数_うち常用雇用者","工業用プラスチック製品製造業","1～4人","総数"
"105-2024","183","03","0","00000","2024000000","人","6924","従業者数_うち常用雇用者","工業用プラスチック製品製造業","5～9人","総数"
"105-2024","183","04","0","00000","2024000000","人","15513","従業者数_うち常用雇用者","工業用プラスチック製品製造業","10～19人","総数"
"105-2024","183","05","0","00000","2024000000","人","14720","従業者数_うち常用雇用者","工業用プラスチック製品製造業","20～29人","総数"
"105-2024","183","06","0","00000","2024000000","人","22244","従業者数_うち常用雇用者","工業用プラスチック製品製造業","30～49人","総数"
"105-2024","183","07","0","00000","2024000000","人","33146","従業者数_うち常用雇用者","工業用プラスチック製品製造業","50～99人","総数"
"105-2024","183","08","0","00000","2024000000","人","28000","従業者数_うち常用雇用者","工業用プラスチック製品製造業","100～199人","総数"
"105-2024","183","09","0","00000","2024000000","人","13053","従業者数_うち常用雇用者","工業用プラスチック製品製造業","200～299人","総数"
"105-2024","183","10","0","00000","2024000000","人","15572","従業者数_うち常用雇用者","工業用プラスチック製品製造業","300人以上","総数"
"105-2024","184","00","0","00000","2024000000","人","32573","従業者数_うち常用雇用者","発泡・強化プラスチック製品製造業","総数","総数"
"105-2024","184","01","0","00000","2024000000","人","***","従業者数_うち常用雇用者","発泡・強化プラスチック製品製造業","0人","総数"
"105-2024","184","02","0","00000","2024000000","人","1223","従業者数_うち常用雇用者","発泡・強化プラスチック製品製造業","1～4人","総数"
"105-2024","184","03","0","00000","2024000000","人","2271","従業者数_うち常用雇用者","発泡・強化プラスチック製品製造業","5～9人","総数"
"105-2024","184","04","0","00000","2024000000","人","4723","従業者数_うち常用雇用者","発泡・強化プラスチック製品製造業","10～19人","総数"
"105-2024","184","05","0","00000","2024000000","人","5033","従業者数_うち常用雇用者","発泡・強化プラスチック製品製造業","20～29人","総数"
"105-2024","184","06","0","00000","2024000000","人","6119","従業者数_うち常用雇用者","発泡・強化プラスチック製品製造業","30～49人","総数"
"105-2024","184","07","0","00000","2024000000","人","6929","従業者数_うち常用雇用者","発泡・強化プラスチック製品製造業","50～99人","総数"
"105-2024","184","08","0","00000","2024000000","人","3491","従業者数_うち常用雇用者","発泡・強化プラスチック製品製造業","100～199人","総数"
"105-2024","184","09","0","00000","2024000000","人","2143","従業者数_うち常用雇用者","発泡・強化プラスチック製品製造業","200～299人","総数"
"105-2024","184","10","0","00000","2024000000","人","641","従業者数_うち常用雇用者","発泡・強化プラスチック製品製造業","300人以上","総数"
"105-2024","185","00","0","00000","2024000000","人","19563","従業者数_うち常用雇用者","プラスチック成形材料製造業（廃プラスチックを含む）","総数","総数"
"105-2024","185","01","0","00000","2024000000","人","***","従業者数_うち常用雇用者","プラスチック成形材料製造業（廃プラスチックを含む）","0人","総数"
"105-2024","185","02","0","00000","2024000000","人","958","従業者数_うち常用雇用者","プラスチック成形材料製造業（廃プラスチックを含む）","1～4人","総数"
"105-2024","185","03","0","00000","2024000000","人","2090","従業者数_うち常用雇用者","プラスチック成形材料製造業（廃プラスチックを含む）","5～9人","総数"
"105-2024","185","04","0","00000","2024000000","人","3162","従業者数_うち常用雇用者","プラスチック成形材料製造業（廃プラスチックを含む）","10～19人","総数"
"105-2024","185","05","0","00000","2024000000","人","2089","従業者数_うち常用雇用者","プラスチック成形材料製造業（廃プラスチックを含む）","20～29人","総数"
"105-2024","185","06","0","00000","2024000000","人","3288","従業者数_うち常用雇用者","プラスチック成形材料製造業（廃プラスチックを含む）","30～49人","総数"
"105-2024","185","07","0","00000","2024000000","人","3505","従業者数_うち常用雇用者","プラスチック成形材料製造業（廃プラスチックを含む）","50～99人","総数"
"105-2024","185","08","0","00000","2024000000","人","2826","従業者数_うち常用雇用者","プラスチック成形材料製造業（廃プラスチックを含む）","100～199人","総数"
"105-2024","185","09","0","00000","2024000000","人","1645","従業者数_うち常用雇用者","プラスチック成形材料製造業（廃プラスチックを含む）","200～299人","総数"
"105-2024","185","10","0","00000","2024000000","人","***","従業者数_うち常用雇用者","プラスチック成形材料製造業（廃プラスチックを含む）","300人以上","総数"
"105-2024","189","00","0","00000","2024000000","人","112728","従業者数_うち常用雇用者","その他のプラスチック製品製造業","総数","総数"
"105-2024","189","01","0","00000","2024000000","人","***","従業者数_うち常用雇用者","その他のプラスチック製品製造業","0人","総数"
"105-2024","189","02","0","00000","2024000000","人","3078","従業者数_うち常用雇用者","その他のプラスチック製品製造業","1～4人","総数"
"105-2024","189","03","0","00000","2024000000","人","5671","従業者数_うち常用雇用者","その他のプラスチック製品製造業","5～9人","総数"
"105-2024","189","04","0","00000","2024000000","人","11738","従業者数_うち常用雇用者","その他のプラスチック製品製造業","10～19人","総数"
"105-2024","189","05","0","00000","2024000000","人","11213","従業者数_うち常用雇用者","その他のプラスチック製品製造業","20～29人","総数"
"105-2024","189","06","0","00000","2024000000","人","15265","従業者数_うち常用雇用者","その他のプラスチック製品製造業","30～49人","総数"
"105-2024","189","07","0","00000","2024000000","人","22860","従業者数_うち常用雇用者","その他のプラスチック製品製造業","50～99人","総数"
"105-2024","189","08","0","00000","2024000000","人","22159","従業者数_うち常用雇用者","その他のプラスチック製品製造業","100～199人","総数"
"105-2024","189","09","0","00000","2024000000","人","10221","従業者数_うち常用雇用者","その他のプラスチック製品製造業","200～299人","総数"
"105-2024","189","10","0","00000","2024000000","人","10523","従業者数_うち常用雇用者","その他のプラスチック製品製造業","300人以上","総数"
"105-2024","19","00","0","00000","2024000000","人","116596","従業者数_うち常用雇用者","ゴム製品製造業","総数","総数"
"105-2024","19","01","0","00000","2024000000","人","***","従業者数_うち常用雇用者","ゴム製品製造業","0人","総数"
"105-2024","19","02","0","00000","2024000000","人","2702","従業者数_うち常用雇用者","ゴム製品製造業","1～4人","総数"
"105-2024","19","03","0","00000","2024000000","人","3893","従業者数_うち常用雇用者","ゴム製品製造業","5～9人","総数"
"105-2024","19","04","0","00000","2024000000","人","7878","従業者数_うち常用雇用者","ゴム製品製造業","10～19人","総数"
"105-2024","19","05","0","00000","2024000000","人","6944","従業者数_うち常用雇用者","ゴム製品製造業","20～29人","総数"
"105-2024","19","06","0","00000","2024000000","人","9744","従業者数_うち常用雇用者","ゴム製品製造業","30～49人","総数"
"105-2024","19","07","0","00000","2024000000","人","14863","従業者数_うち常用雇用者","ゴム製品製造業","50～99人","総数"
"105-2024","19","08","0","00000","2024000000","人","15702","従業者数_うち常用雇用者","ゴム製品製造業","100～199人","総数"
"105-2024","19","09","0","00000","2024000000","人","10584","従業者数_うち常用雇用者","ゴム製品製造業","200～299人","総数"
"105-2024","19","10","0","00000","2024000000","人","44286","従業者数_うち常用雇用者","ゴム製品製造業","300人以上","総数"
"105-2024","190","00","0","00000","2024000000","人","2412","従業者数_うち常用雇用者","管理、補助的経済活動を行う事業所（19_ゴム製品製造業）","総数","総数"
"105-2024","190","01","0","00000","2024000000","人","***","従業者数_うち常用雇用者","管理、補助的経済活動を行う事業所（19_ゴム製品製造業）","0人","総数"
"105-2024","190","02","0","00000","2024000000","人","88","従業者数_うち常用雇用者","管理、補助的経済活動を行う事業所（19_ゴム製品製造業）","1～4人","総数"
"105-2024","190","03","0","00000","2024000000","人","120","従業者数_うち常用雇用者","管理、補助的経済活動を行う事業所（19_ゴム製品製造業）","5～9人","総数"
"105-2024","190","04","0","00000","2024000000","人","103","従業者数_うち常用雇用者","管理、補助的経済活動を行う事業所（19_ゴム製品製造業）","10～19人","総数"
"105-2024","190","05","0","00000","2024000000","人","141","従業者数_うち常用雇用者","管理、補助的経済活動を行う事業所（19_ゴム製品製造業）","20～29人","総数"
"105-2024","190","06","0","00000","2024000000","人","127","従業者数_うち常用雇用者","管理、補助的経済活動を行う事業所（19_ゴム製品製造業）","30～49人","総数"
"105-2024","190","07","0","00000","2024000000","人","402","従業者数_うち常用雇用者","管理、補助的経済活動を行う事業所（19_ゴム製品製造業）","50～99人","総数"
"105-2024","190","08","0","00000","2024000000","人","294","従業者数_うち常用雇用者","管理、補助的経済活動を行う事業所（19_ゴム製品製造業）","100～199人","総数"
"105-2024","190","09","0","00000","2024000000","人","446","従業者数_うち常用雇用者","管理、補助的経済活動を行う事業所（19_ゴム製品製造業）","200～299人","総数"
"105-2024","190","10","0","00000","2024000000","人","691","従業者数_うち常用雇用者","管理、補助的経済活動を行う事業所（19_ゴム製品製造業）","300人以上","総数"
"105-2024","191","00","0","00000","2024000000","人","21920","従業者数_うち常用雇用者","タイヤ・チューブ製造業","総数","総数"
"105-2024","191","01","0","00000","2024000000","人","***","従業者数_うち常用雇用者","タイヤ・チューブ製造業","0人","総数"
"105-2024","191","02","0","00000","2024000000","人","17","従業者数_うち常用雇用者","タイヤ・チューブ製造業","1～4人","総数"
"105-2024","191","03","0","00000","2024000000","人","40","従業者数_うち常用雇用者","タイヤ・チューブ製造業","5～9人","総数"
"105-2024","191","04","0","00000","2024000000","人","107","従業者数_うち常用雇用者","タイヤ・チューブ製造業","10～19人","総数"
"105-2024","191","05","0","00000","2024000000","人","215","従業者数_うち常用雇用者","タイヤ・チューブ製造業","20～29人","総数"
"105-2024","191","06","0","00000","2024000000","人","182","従業者数_うち常用雇用者","タイヤ・チューブ製造業","30～49人","総数"
"105-2024","191","07","0","00000","2024000000","人","343","従業者数_うち常用雇用者","タイヤ・チューブ製造業","50～99人","総数"
"105-2024","191","08","0","00000","2024000000","人","129","従業者数_うち常用雇用者","タイヤ・チューブ製造業","100～199人","総数"
"105-2024","191","09","0","00000","2024000000","人","467","従業者数_うち常用雇用者","タイヤ・チューブ製造業","200～299人","総数"
"105-2024","191","10","0","00000","2024000000","人","20420","従業者数_うち常用雇用者","タイヤ・チューブ製造業","300人以上","総数"
"105-2024","192","00","0","00000","2024000000","人","3513","従業者数_うち常用雇用者","ゴム製・プラスチック製履物・同附属品製造業","総数","総数"
"105-2024","192","01","0","00000","2024000000","人","***","従業者数_うち常用雇用者","ゴム製・プラスチック製履物・同附属品製造業","0人","総数"
"105-2024","192","02","0","00000","2024000000","人","209","従業者数_うち常用雇用者","ゴム製・プラスチック製履物・同附属品製造業","1～4人","総数"
"105-2024","192","03","0","00000","2024000000","人","283","従業者数_うち常用雇用者","ゴム製・プラスチック製履物・同附属品製造業","5～9人","総数"
"105-2024","192","04","0","00000","2024000000","人","454","従業者数_うち常用雇用者","ゴム製・プラスチック製履物・同附属品製造業","10～19人","総数"
"105-2024","192","05","0","00000","2024000000","人","499","従業者数_うち常用雇用者","ゴム製・プラスチック製履物・同附属品製造業","20～29人","総数"
"105-2024","192","06","0","00000","2024000000","人","133","従業者数_うち常用雇用者","ゴム製・プラスチック製履物・同附属品製造業","30～49人","総数"
"105-2024","192","07","0","00000","2024000000","人","695","従業者数_うち常用雇用者","ゴム製・プラスチック製履物・同附属品製造業","50～99人","総数"
"105-2024","192","08","0","00000","2024000000","人","137","従業者数_うち常用雇用者","ゴム製・プラスチック製履物・同附属品製造業","100～199人","総数"
"105-2024","192","09","0","00000","2024000000","人","***","従業者数_うち常用雇用者","ゴム製・プラスチック製履物・同附属品製造業","200～299人","総数"
"105-2024","192","10","0","00000","2024000000","人","1103","従業者数_うち常用雇用者","ゴム製・プラスチック製履物・同附属品製造業","300人以上","総数"
"105-2024","193","00","0","00000","2024000000","人","78302","従業者数_うち常用雇用者","ゴムベルト・ゴムホース・工業用ゴム製品製造業","総数","総数"
"105-2024","193","01","0","00000","2024000000","人","***","従業者数_うち常用雇用者","ゴムベルト・ゴムホース・工業用ゴム製品製造業","0人","総数"
"105-2024","193","02","0","00000","2024000000","人","1936","従業者数_うち常用雇用者","ゴムベルト・ゴムホース・工業用ゴム製品製造業","1～4人","総数"
"105-2024","193","03","0","00000","2024000000","人","2797","従業者数_うち常用雇用者","ゴムベルト・ゴムホース・工業用ゴム製品製造業","5～9人","総数"
"105-2024","193","04","0","00000","2024000000","人","6074","従業者数_うち常用雇用者","ゴムベルト・ゴムホース・工業用ゴム製品製造業","10～19人","総数"
"105-2024","193","05","0","00000","2024000000","人","5142","従業者数_うち常用雇用者","ゴムベルト・ゴムホース・工業用ゴム製品製造業","20～29人","総数"
"105-2024","193","06","0","00000","2024000000","人","7509","従業者数_うち常用雇用者","ゴムベルト・ゴムホース・工業用ゴム製品製造業","30～49人","総数"
"105-2024","193","07","0","00000","2024000000","人","11050","従業者数_うち常用雇用者","ゴムベルト・ゴムホース・工業用ゴム製品製造業","50～99人","総数"
"105-2024","193","08","0","00000","2024000000","人","13036","従業者数_うち常用雇用者","ゴムベルト・ゴムホース・工業用ゴム製品製造業","100～199人","総数"
"105-2024","193","09","0","00000","2024000000","人","8988","従業者数_うち常用雇用者","ゴムベルト・ゴムホース・工業用ゴム製品製造業","200～299人","総数"
"105-2024","193","10","0","00000","2024000000","人","21770","従業者数_うち常用雇用者","ゴムベルト・ゴムホース・工業用ゴム製品製造業","300人以上","総数"
"105-2024","199","00","0","00000","2024000000","人","10443","従業者数_うち常用雇用者","その他のゴム製品製造業","総数","総数"
"105-2024","199","01","0","00000","2024000000","人","***","従業者数_うち常用雇用者","その他のゴム製品製造業","0人","総数"
"105-2024","199","02","0","00000","2024000000","人","452","従業者数_うち常用雇用者","その他のゴム製品製造業","1～4人","総数"
"105-2024","199","03","0","00000","2024000000","人","647","従業者数_うち常用雇用者","その他のゴム製品製造業","5～9人","総数"
"105-2024","199","04","0","00000","2024000000","人","1140","従業者数_うち常用雇用者","その他のゴム製品製造業","10～19人","総数"
"105-2024","199","05","0","00000","2024000000","人","947","従業者数_うち常用雇用者","その他のゴム製品製造業","20～29人","総数"
"105-2024","199","06","0","00000","2024000000","人","1793","従業者数_うち常用雇用者","その他のゴム製品製造業","30～49人","総数"
"105-2024","199","07","0","00000","2024000000","人","2373","従業者数_うち常用雇用者","その他のゴム製品製造業","50～99人","総数"
"105-2024","199","08","0","00000","2024000000","人","2106","従業者数_うち常用雇用者","その他のゴム製品製造業","100～199人","総数"
"105-2024","199","09","0","00000","2024000000","人","683","従業者数_うち常用雇用者","その他のゴム製品製造業","200～299人","総数"
"105-2024","199","10","0","00000","2024000000","人","302","従業者数_うち常用雇用者","その他のゴム製品製造業","300人以上","総数"
"105-2024","20","00","0","00000","2024000000","人","19960","従業者数_うち常用雇用者","なめし革・同製品・毛皮製造業","総数","総数"
"105-2024","20","01","0","00000","2024000000","人","***","従業者数_うち常用雇用者","なめし革・同製品・毛皮製造業","0人","総数"
"105-2024","20","02","0","00000","2024000000","人","2582","従業者数_うち常用雇用者","なめし革・同製品・毛皮製造業","1～4人","総数"
"105-2024","20","03","0","00000","2024000000","人","2804","従業者数_うち常用雇用者","なめし革・同製品・毛皮製造業","5～9人","総数"
"105-2024","20","04","0","00000","2024000000","人","3387","従業者数_うち常用雇用者","なめし革・同製品・毛皮製造業","10～19人","総数"
"105-2024","20","05","0","00000","2024000000","人","2415","従業者数_うち常用雇用者","なめし革・同製品・毛皮製造業","20～29人","総数"
"105-2024","20","06","0","00000","2024000000","人","2938","従業者数_うち常用雇用者","なめし革・同製品・毛皮製造業","30～49人","総数"
"105-2024","20","07","0","00000","2024000000","人","3079","従業者数_うち常用雇用者","なめし革・同製品・毛皮製造業","50～99人","総数"
"105-2024","20","08","0","00000","2024000000","人","1972","従業者数_うち常用雇用者","なめし革・同製品・毛皮製造業","100～199人","総数"
"105-2024","20","09","0","00000","2024000000","人","467","従業者数_うち常用雇用者","なめし革・同製品・毛皮製造業","200～299人","総数"
"105-2024","20","10","0","00000","2024000000","人","316","従業者数_うち常用雇用者","なめし革・同製品・毛皮製造業","300人以上","総数"
"105-2024","200","00","0","00000","2024000000","人","50","従業者数_うち常用雇用者","管理、補助的経済活動を行う事業所（20_なめし革・同製品・毛皮製造業）","総数","総数"
"105-2024","200","01","0","00000","2024000000","人","***","従業者数_うち常用雇用者","管理、補助的経済活動を行う事業所（20_なめし革・同製品・毛皮製造業）","0人","総数"
"105-2024","200","02","0","00000","2024000000","人","19","従業者数_うち常用雇用者","管理、補助的経済活動を行う事業所（20_なめし革・同製品・毛皮製造業）","1～4人","総数"
"105-2024","200","03","0","00000","2024000000","人","14","従業者数_うち常用雇用者","管理、補助的経済活動を行う事業所（20_なめし革・同製品・毛皮製造業）","5～9人","総数"
"105-2024","200","04","0","00000","2024000000","人","17","従業者数_うち常用雇用者","管理、補助的経済活動を行う事業所（20_なめし革・同製品・毛皮製造業）","10～19人","総数"
"105-2024","200","05","0","00000","2024000000","人","***","従業者数_うち常用雇用者","管理、補助的経済活動を行う事業所（20_なめし革・同製品・毛皮製造業）","20～29人","総数"
"105-2024","200","06","0","00000","2024000000","人","***","従業者数_うち常用雇用者","管理、補助的経済活動を行う事業所（20_なめし革・同製品・毛皮製造業）","30～49人","総数"
"105-2024","200","07","0","00000","2024000000","人","***","従業者数_うち常用雇用者","管理、補助的経済活動を行う事業所（20_なめし革・同製品・毛皮製造業）","50～99人","総数"
"105-2024","200","08","0","00000","2024000000","人","***","従業者数_うち常用雇用者","管理、補助的経済活動を行う事業所（20_なめし革・同製品・毛皮製造業）","100～199人","総数"
"105-2024","200","09","0","00000","2024000000","人","***","従業者数_うち常用雇用者","管理、補助的経済活動を行う事業所（20_なめし革・同製品・毛皮製造業）","200～299人","総数"
"105-2024","200","10","0","00000","2024000000","人","***","従業者数_うち常用雇用者","管理、補助的経済活動を行う事業所（20_なめし革・同製品・毛皮製造業）","300人以上","総数"
"105-2024","201","00","0","00000","2024000000","人","1437","従業者数_うち常用雇用者","なめし革製造業","総数","総数"
"105-2024","201","01","0","00000","2024000000","人","***","従業者数_うち常用雇用者","なめし革製造業","0人","総数"
"105-2024","201","02","0","00000","2024000000","人","221","従業者数_うち常用雇用者","なめし革製造業","1～4人","総数"
"105-2024","201","03","0","00000","2024000000","人","349","従業者数_うち常用雇用者","なめし革製造業","5～9人","総数"
"105-2024","201","04","0","00000","2024000000","人","251","従業者数_うち常用雇用者","なめし革製造業","10～19人","総数"
"105-2024","201","05","0","00000","2024000000","人","166","従業者数_うち常用雇用者","なめし革製造業","20～29人","総数"
"105-2024","201","06","0","00000","2024000000","人","62","従業者数_うち常用雇用者","なめし革製造業","30～49人","総数"
"105-2024","201","07","0","00000","2024000000","人","176","従業者数_うち常用雇用者","なめし革製造業","50～99人","総数"
"105-2024","201","08","0","00000","2024000000","人","***","従業者数_うち常用雇用者","なめし革製造業","100～199人","総数"
"105-2024","201","09","0","00000","2024000000","人","212","従業者数_うち常用雇用者","なめし革製造業","200～299人","総数"
"105-2024","201","10","0","00000","2024000000","人","***","従業者数_うち常用雇用者","なめし革製造業","300人以上","総数"
"105-2024","202","00","0","00000","2024000000","人","1192","従業者数_うち常用雇用者","工業用革製品製造業（手袋を除く）","総数","総数"
"105-2024","202","01","0","00000","2024000000","人","***","従業者数_うち常用雇用者","工業用革製品製造業（手袋を除く）","0人","総数"
"105-2024","202","02","0","00000","2024000000","人","43","従業者数_うち常用雇用者","工業用革製品製造業（手袋を除く）","1～4人","総数"
"105-2024","202","03","0","00000","2024000000","人","44","従業者数_うち常用雇用者","工業用革製品製造業（手袋を除く）","5～9人","総数"
"105-2024","202","04","0","00000","2024000000","人","64","従業者数_うち常用雇用者","工業用革製品製造業（手袋を除く）","10～19人","総数"
"105-2024","202","05","0","00000","2024000000","人","43","従業者数_うち常用雇用者","工業用革製品製造業（手袋を除く）","20～29人","総数"
"105-2024","202","06","0","00000","2024000000","人","232","従業者数_うち常用雇用者","工業用革製品製造業（手袋を除く）","30～49人","総数"
"105-2024","202","07","0","00000","2024000000","人","253","従業者数_うち常用雇用者","工業用革製品製造業（手袋を除く）","50～99人","総数"
"105-2024","202","08","0","00000","2024000000","人","197","従業者数_うち常用雇用者","工業用革製品製造業（手袋を除く）","100～199人","総数"
"105-2024","202","09","0","00000","2024000000","人","***","従業者数_うち常用雇用者","工業用革製品製造業（手袋を除く）","200～299人","総数"
"105-2024","202","10","0","00000","2024000000","人","316","従業者数_うち常用雇用者","工業用革製品製造業（手袋を除く）","300人以上","総数"
"105-2024","203","00","0","00000","2024000000","人","889","従業者数_うち常用雇用者","革製履物用材料・同附属品製造業","総数","総数"
"105-2024","203","01","0","00000","2024000000","人","***","従業者数_うち常用雇用者","革製履物用材料・同附属品製造業","0人","総数"
"105-2024","203","02","0","00000","2024000000","人","182","従業者数_うち常用雇用者","革製履物用材料・同附属品製造業","1～4人","総数"
"105-2024","203","03","0","00000","2024000000","人","160","従業者数_うち常用雇用者","革製履物用材料・同附属品製造業","5～9人","総数"
"105-2024","203","04","0","00000","2024000000","人","229","従業者数_うち常用雇用者","革製履物用材料・同附属品製造業","10～19人","総数"
"105-2024","203","05","0","00000","2024000000","人","90","従業者数_うち常用雇用者","革製履物用材料・同附属品製造業","20～29人","総数"
"105-2024","203","06","0","00000","2024000000","人","110","従業者数_うち常用雇用者","革製履物用材料・同附属品製造業","30～49人","総数"
"105-2024","203","07","0","00000","2024000000","人","118","従業者数_うち常用雇用者","革製履物用材料・同附属品製造業","50～99人","総数"
"105-2024","203","08","0","00000","2024000000","人","***","従業者数_うち常用雇用者","革製履物用材料・同附属品製造業","100～199人","総数"
"105-2024","203","09","0","00000","2024000000","人","***","従業者数_うち常用雇用者","革製履物用材料・同附属品製造業","200～299人","総数"
"105-2024","203","10","0","00000","2024000000","人","***","従業者数_うち常用雇用者","革製履物用材料・同附属品製造業","300人以上","総数"
"105-2024","204","00","0","00000","2024000000","人","4615","従業者数_うち常用雇用者","革製履物製造業","総数","総数"
"105-2024","204","01","0","00000","2024000000","人","***","従業者数_うち常用雇用者","革製履物製造業","0人","総数"
"105-2024","204","02","0","00000","2024000000","人","369","従業者数_うち常用雇用者","革製履物製造業","1～4人","総数"
"105-2024","204","03","0","00000","2024000000","人","473","従業者数_うち常用雇用者","革製履物製造業","5～9人","総数"
"105-2024","204","04","0","00000","2024000000","人","839","従業者数_うち常用雇用者","革製履物製造業","10～19人","総数"
"105-2024","204","05","0","00000","2024000000","人","431","従業者数_うち常用雇用者","革製履物製造業","20～29人","総数"
"105-2024","204","06","0","00000","2024000000","人","711","従業者数_うち常用雇用者","革製履物製造業","30～49人","総数"
"105-2024","204","07","0","00000","2024000000","人","1037","従業者数_うち常用雇用者","革製履物製造業","50～99人","総数"
"105-2024","204","08","0","00000","2024000000","人","755","従業者数_うち常用雇用者","革製履物製造業","100～199人","総数"
"105-2024","204","09","0","00000","2024000000","人","***","従業者数_うち常用雇用者","革製履物製造業","200～299人","総数"
"105-2024","204","10","0","00000","2024000000","人","***","従業者数_うち常用雇用者","革製履物製造業","300人以上","総数"
"105-2024","205","00","0","00000","2024000000","人","390","従業者数_うち常用雇用者","革製手袋製造業","総数","総数"
"105-2024","205","01","0","00000","2024000000","人","***","従業者数_うち常用雇用者","革製手袋製造業","0人","総数"
"105-2024","205","02","0","00000","2024000000","人","24","従業者数_うち常用雇用者","革製手袋製造業","1～4人","総数"
"105-2024","205","03","0","00000","2024000000","人","39","従業者数_うち常用雇用者","革製手袋製造業","5～9人","総数"
"105-2024","205","04","0","00000","2024000000","人","91","従業者数_うち常用雇用者","革製手袋製造業","10～19人","総数"
"105-2024","205","05","0","00000","2024000000","人","94","従業者数_うち常用雇用者","革製手袋製造業","20～29人","総数"
"105-2024","205","06","0","00000","2024000000","人","142","従業者数_うち常用雇用者","革製手袋製造業","30～49人","総数"
"105-2024","205","07","0","00000","2024000000","人","***","従業者数_うち常用雇用者","革製手袋製造業","50～99人","総数"
"105-2024","205","08","0","00000","2024000000","人","***","従業者数_うち常用雇用者","革製手袋製造業","100～199人","総数"
"105-2024","205","09","0","00000","2024000000","人","***","従業者数_うち常用雇用者","革製手袋製造業","200～299人","総数"
"105-2024","205","10","0","00000","2024000000","人","***","従業者数_うち常用雇用者","革製手袋製造業","300人以上","総数"
"105-2024","206","00","0","00000","2024000000","人","5509","従業者数_うち常用雇用者","かばん製造業","総数","総数"
"105-2024","206","01","0","00000","2024000000","人","***","従業者数_うち常用雇用者","かばん製造業","0人","総数"
"105-2024","206","02","0","00000","2024000000","人","656","従業者数_うち常用雇用者","かばん製造業","1～4人","総数"
"105-2024","206","03","0","00000","2024000000","人","728","従業者数_うち常用雇用者","かばん製造業","5～9人","総数"
"105-2024","206","04","0","00000","2024000000","人","655","従業者数_うち常用雇用者","かばん製造業","10～19人","総数"
"105-2024","206","05","0","00000","2024000000","人","816","従業者数_うち常用雇用者","かばん製造業","20～29人","総数"
"105-2024","206","06","0","00000","2024000000","人","744","従業者数_うち常用雇用者","かばん製造業","30～49人","総数"
"105-2024","206","07","0","00000","2024000000","人","1037","従業者数_うち常用雇用者","かばん製造業","50～99人","総数"
"105-2024","206","08","0","00000","2024000000","人","618","従業者数_うち常用雇用者","かばん製造業","100～199人","総数"
"105-2024","206","09","0","00000","2024000000","人","255","従業者数_うち常用雇用者","かばん製造業","200～299人","総数"
"105-2024","206","10","0","00000","2024000000","人","***","従業者数_うち常用雇用者","かばん製造業","300人以上","総数"
"105-2024","207","00","0","00000","2024000000","人","4664","従業者数_うち常用雇用者","袋物製造業","総数","総数"
"105-2024","207","01","0","00000","2024000000","人","***","従業者数_うち常用雇用者","袋物製造業","0人","総数"
"105-2024","207","02","0","00000","2024000000","人","831","従業者数_うち常用雇用者","袋物製造業","1～4人","総数"
"105-2024","207","03","0","00000","2024000000","人","804","従業者数_うち常用雇用者","袋物製造業","5～9人","総数"
"105-2024","207","04","0","00000","2024000000","人","1023","従業者数_うち常用雇用者","袋物製造業","10～19人","総数"
"105-2024","207","05","0","00000","2024000000","人","583","従業者数_うち常用雇用者","袋物製造業","20～29人","総数"
"105-2024","207","06","0","00000","2024000000","人","721","従業者数_うち常用雇用者","袋物製造業","30～49人","総数"
"105-2024","207","07","0","00000","2024000000","人","458","従業者数_うち常用雇用者","袋物製造業","50～99人","総数"
"105-2024","207","08","0","00000","2024000000","人","244","従業者数_うち常用雇用者","袋物製造業","100～199人","総数"
"105-2024","207","09","0","00000","2024000000","人","***","従業者数_うち常用雇用者","袋物製造業","200～299人","総数"
"105-2024","207","10","0","00000","2024000000","人","***","従業者数_うち常用雇用者","袋物製造業","300人以上","総数"
"105-2024","208","00","0","00000","2024000000","人","9","従業者数_うち常用雇用者","毛皮製造業","総数","総数"
"105-2024","208","01","0","00000","2024000000","人","***","従業者数_うち常用雇用者","毛皮製造業","0人","総数"
"105-2024","208","02","0","00000","2024000000","人","9","従業者数_うち常用雇用者","毛皮製造業","1～4人","総数"
"105-2024","208","03","0","00000","2024000000","人","***","従業者数_うち常用雇用者","毛皮製造業","5～9人","総数"
"105-2024","208","04","0","00000","2024000000","人","***","従業者数_うち常用雇用者","毛皮製造業","10～19人","総数"
"105-2024","208","05","0","00000","2024000000","人","***","従業者数_うち常用雇用者","毛皮製造業","20～29人","総数"
"105-2024","208","06","0","00000","2024000000","人","***","従業者数_うち常用雇用者","毛皮製造業","30～49人","総数"
"105-2024","208","07","0","00000","2024000000","人","***","従業者数_うち常用雇用者","毛皮製造業","50～99人","総数"
"105-2024","208","08","0","00000","2024000000","人","***","従業者数_うち常用雇用者","毛皮製造業","100～199人","総数"
"105-2024","208","09","0","00000","2024000000","人","***","従業者数_うち常用雇用者","毛皮製造業","200～299人","総数"
"105-2024","208","10","0","00000","2024000000","人","***","従業者数_うち常用雇用者","毛皮製造業","300人以上","総数"
"105-2024","209","00","0","00000","2024000000","人","1205","従業者数_うち常用雇用者","その他のなめし革製品製造業","総数","総数"
"105-2024","209","01","0","00000","2024000000","人","***","従業者数_うち常用雇用者","その他のなめし革製品製造業","0人","総数"
"105-2024","209","02","0","00000","2024000000","人","228","従業者数_うち常用雇用者","その他のなめし革製品製造業","1～4人","総数"
"105-2024","209","03","0","00000","2024000000","人","193","従業者数_うち常用雇用者","その他のなめし革製品製造業","5～9人","総数"
"105-2024","209","04","0","00000","2024000000","人","218","従業者数_うち常用雇用者","その他のなめし革製品製造業","10～19人","総数"
"105-2024","209","05","0","00000","2024000000","人","192","従業者数_うち常用雇用者","その他のなめし革製品製造業","20～29人","総数"
"105-2024","209","06","0","00000","2024000000","人","216","従業者数_うち常用雇用者","その他のなめし革製品製造業","30～49人","総数"
"105-2024","209","07","0","00000","2024000000","人","***","従業者数_うち常用雇用者","その他のなめし革製品製造業","50～99人","総数"
"105-2024","209","08","0","00000","2024000000","人","158","従業者数_うち常用雇用者","その他のなめし革製品製造業","100～199人","総数"
"105-2024","209","09","0","00000","2024000000","人","***","従業者数_うち常用雇用者","その他のなめし革製品製造業","200～299人","総数"
"105-2024","209","10","0","00000","2024000000","人","***","従業者数_うち常用雇用者","その他のなめし革製品製造業","300人以上","総数"
"105-2024","21","00","0","00000","2024000000","人","244659","従業者数_うち常用雇用者","窯業・土石製品製造業","総数","総数"
"105-2024","21","01","0","00000","2024000000","人","***","従業者数_うち常用雇用者","窯業・土石製品製造業","0人","総数"
"105-2024","21","02","0","00000","2024000000","人","10754","従業者数_うち常用雇用者","窯業・土石製品製造業","1～4人","総数"
"105-2024","21","03","0","00000","2024000000","人","19859","従業者数_うち常用雇用者","窯業・土石製品製造業","5～9人","総数"
"105-2024","21","04","0","00000","2024000000","人","42126","従業者数_うち常用雇用者","窯業・土石製品製造業","10～19人","総数"
"105-2024","21","05","0","00000","2024000000","人","30436","従業者数_うち常用雇用者","窯業・土石製品製造業","20～29人","総数"
"105-2024","21","06","0","00000","2024000000","人","29289","従業者数_うち常用雇用者","窯業・土石製品製造業","30～49人","総数"
"105-2024","21","07","0","00000","2024000000","人","34219","従業者数_うち常用雇用者","窯業・土石製品製造業","50～99人","総数"
"105-2024","21","08","0","00000","2024000000","人","26015","従業者数_うち常用雇用者","窯業・土石製品製造業","100～199人","総数"
"105-2024","21","09","0","00000","2024000000","人","14163","従業者数_うち常用雇用者","窯業・土石製品製造業","200～299人","総数"
"105-2024","21","10","0","00000","2024000000","人","37798","従業者数_うち常用雇用者","窯業・土石製品製造業","300人以上","総数"
"105-2024","210","00","0","00000","2024000000","人","4472","従業者数_うち常用雇用者","管理、補助的経済活動を行う事業所（21_窯業・土石製品製造業）","総数","総数"
"105-2024","210","01","0","00000","2024000000","人","***","従業者数_うち常用雇用者","管理、補助的経済活動を行う事業所（21_窯業・土石製品製造業）","0人","総数"
"105-2024","210","02","0","00000","2024000000","人","428","従業者数_うち常用雇用者","管理、補助的経済活動を行う事業所（21_窯業・土石製品製造業）","1～4人","総数"
"105-2024","210","03","0","00000","2024000000","人","423","従業者数_うち常用雇用者","管理、補助的経済活動を行う事業所（21_窯業・土石製品製造業）","5～9人","総数"
"105-2024","210","04","0","00000","2024000000","人","539","従業者数_うち常用雇用者","管理、補助的経済活動を行う事業所（21_窯業・土石製品製造業）","10～19人","総数"
"105-2024","210","05","0","00000","2024000000","人","659","従業者数_うち常用雇用者","管理、補助的経済活動を行う事業所（21_窯業・土石製品製造業）","20～29人","総数"
"105-2024","210","06","0","00000","2024000000","人","444","従業者数_うち常用雇用者","管理、補助的経済活動を行う事業所（21_窯業・土石製品製造業）","30～49人","総数"
"105-2024","210","07","0","00000","2024000000","人","991","従業者数_うち常用雇用者","管理、補助的経済活動を行う事業所（21_窯業・土石製品製造業）","50～99人","総数"
"105-2024","210","08","0","00000","2024000000","人","762","従業者数_うち常用雇用者","管理、補助的経済活動を行う事業所（21_窯業・土石製品製造業）","100～199人","総数"
"105-2024","210","09","0","00000","2024000000","人","226","従業者数_うち常用雇用者","管理、補助的経済活動を行う事業所（21_窯業・土石製品製造業）","200～299人","総数"
"105-2024","210","10","0","00000","2024000000","人","***","従業者数_うち常用雇用者","管理、補助的経済活動を行う事業所（21_窯業・土石製品製造業）","300人以上","総数"
"105-2024","211","00","0","00000","2024000000","人","46399","従業者数_うち常用雇用者","ガラス・同製品製造業","総数","総数"
"105-2024","211","01","0","00000","2024000000","人","***","従業者数_うち常用雇用者","ガラス・同製品製造業","0人","総数"
"105-2024","211","02","0","00000","2024000000","人","1011","従業者数_うち常用雇用者","ガラス・同製品製造業","1～4人","総数"
"105-2024","211","03","0","00000","2024000000","人","1368","従業者数_うち常用雇用者","ガラス・同製品製造業","5～9人","総数"
"105-2024","211","04","0","00000","2024000000","人","2626","従業者数_うち常用雇用者","ガラス・同製品製造業","10～19人","総数"
"105-2024","211","05","0","00000","2024000000","人","2334","従業者数_うち常用雇用者","ガラス・同製品製造業","20～29人","総数"
"105-2024","211","06","0","00000","2024000000","人","3976","従業者数_うち常用雇用者","ガラス・同製品製造業","30～49人","総数"
"105-2024","211","07","0","00000","2024000000","人","6765","従業者数_うち常用雇用者","ガラス・同製品製造業","50～99人","総数"
"105-2024","211","08","0","00000","2024000000","人","7751","従業者数_うち常用雇用者","ガラス・同製品製造業","100～199人","総数"
"105-2024","211","09","0","00000","2024000000","人","5631","従業者数_うち常用雇用者","ガラス・同製品製造業","200～299人","総数"
"105-2024","211","10","0","00000","2024000000","人","14937","従業者数_うち常用雇用者","ガラス・同製品製造業","300人以上","総数"
"105-2024","212","00","0","00000","2024000000","人","83668","従業者数_うち常用雇用者","セメント・同製品製造業","総数","総数"
"105-2024","212","01","0","00000","2024000000","人","***","従業者数_うち常用雇用者","セメント・同製品製造業","0人","総数"
"105-2024","212","02","0","00000","2024000000","人","2361","従業者数_うち常用雇用者","セメント・同製品製造業","1～4人","総数"
"105-2024","212","03","0","00000","2024000000","人","9084","従業者数_うち常用雇用者","セメント・同製品製造業","5～9人","総数"
"105-2024","212","04","0","00000","2024000000","人","24223","従業者数_うち常用雇用者","セメント・同製品製造業","10～19人","総数"
"105-2024","212","05","0","00000","2024000000","人","17012","従業者数_うち常用雇用者","セメント・同製品製造業","20～29人","総数"
"105-2024","212","06","0","00000","2024000000","人","12560","従業者数_うち常用雇用者","セメント・同製品製造業","30～49人","総数"
"105-2024","212","07","0","00000","2024000000","人","9608","従業者数_うち常用雇用者","セメント・同製品製造業","50～99人","総数"
"105-2024","212","08","0","00000","2024000000","人","5655","従業者数_うち常用雇用者","セメント・同製品製造業","100～199人","総数"
"105-2024","212","09","0","00000","2024000000","人","1391","従業者数_うち常用雇用者","セメント・同製品製造業","200～299人","総数"
"105-2024","212","10","0","00000","2024000000","人","1774","従業者数_うち常用雇用者","セメント・同製品製造業","300人以上","総数"
"105-2024","213","00","0","00000","2024000000","人","2263","従業者数_うち常用雇用者","建設用粘土製品製造業（陶磁器製を除く）","総数","総数"
"105-2024","213","01","0","00000","2024000000","人","***","従業者数_うち常用雇用者","建設用粘土製品製造業（陶磁器製を除く）","0人","総数"
"105-2024","213","02","0","00000","2024000000","人","217","従業者数_うち常用雇用者","建設用粘土製品製造業（陶磁器製を除く）","1～4人","総数"
"105-2024","213","03","0","00000","2024000000","人","334","従業者数_うち常用雇用者","建設用粘土製品製造業（陶磁器製を除く）","5～9人","総数"
"105-2024","213","04","0","00000","2024000000","人","436","従業者数_うち常用雇用者","建設用粘土製品製造業（陶磁器製を除く）","10～19人","総数"
"105-2024","213","05","0","00000","2024000000","人","426","従業者数_うち常用雇用者","建設用粘土製品製造業（陶磁器製を除く）","20～29人","総数"
"105-2024","213","06","0","00000","2024000000","人","178","従業者数_うち常用雇用者","建設用粘土製品製造業（陶磁器製を除く）","30～49人","総数"
"105-2024","213","07","0","00000","2024000000","人","420","従業者数_うち常用雇用者","建設用粘土製品製造業（陶磁器製を除く）","50～99人","総数"
"105-2024","213","08","0","00000","2024000000","人","252","従業者数_うち常用雇用者","建設用粘土製品製造業（陶磁器製を除く）","100～199人","総数"
"105-2024","213","09","0","00000","2024000000","人","***","従業者数_うち常用雇用者","建設用粘土製品製造業（陶磁器製を除く）","200～299人","総数"
"105-2024","213","10","0","00000","2024000000","人","***","従業者数_うち常用雇用者","建設用粘土製品製造業（陶磁器製を除く）","300人以上","総数"
"105-2024","214","00","0","00000","2024000000","人","38159","従業者数_うち常用雇用者","陶磁器・同関連製品製造業","総数","総数"
"105-2024","214","01","0","00000","2024000000","人","***","従業者数_うち常用雇用者","陶磁器・同関連製品製造業","0人","総数"
"105-2024","214","02","0","00000","2024000000","人","2429","従業者数_うち常用雇用者","陶磁器・同関連製品製造業","1～4人","総数"
"105-2024","214","03","0","00000","2024000000","人","2091","従業者数_うち常用雇用者","陶磁器・同関連製品製造業","5～9人","総数"
"105-2024","214","04","0","00000","2024000000","人","2851","従業者数_うち常用雇用者","陶磁器・同関連製品製造業","10～19人","総数"
"105-2024","214","05","0","00000","2024000000","人","1810","従業者数_うち常用雇用者","陶磁器・同関連製品製造業","20～29人","総数"
"105-2024","214","06","0","00000","2024000000","人","3399","従業者数_うち常用雇用者","陶磁器・同関連製品製造業","30～49人","総数"
"105-2024","214","07","0","00000","2024000000","人","5431","従業者数_うち常用雇用者","陶磁器・同関連製品製造業","50～99人","総数"
"105-2024","214","08","0","00000","2024000000","人","2904","従業者数_うち常用雇用者","陶磁器・同関連製品製造業","100～199人","総数"
"105-2024","214","09","0","00000","2024000000","人","2608","従業者数_うち常用雇用者","陶磁器・同関連製品製造業","200～299人","総数"
"105-2024","214","10","0","00000","2024000000","人","14636","従業者数_うち常用雇用者","陶磁器・同関連製品製造業","300人以上","総数"
"105-2024","215","00","0","00000","2024000000","人","9418","従業者数_うち常用雇用者","耐火物製造業","総数","総数"
"105-2024","215","01","0","00000","2024000000","人","***","従業者数_うち常用雇用者","耐火物製造業","0人","総数"
"105-2024","215","02","0","00000","2024000000","人","120","従業者数_うち常用雇用者","耐火物製造業","1～4人","総数"
"105-2024","215","03","0","00000","2024000000","人","337","従業者数_うち常用雇用者","耐火物製造業","5～9人","総数"
"105-2024","215","04","0","00000","2024000000","人","508","従業者数_うち常用雇用者","耐火物製造業","10～19人","総数"
"105-2024","215","05","0","00000","2024000000","人","694","従業者数_うち常用雇用者","耐火物製造業","20～29人","総数"
"105-2024","215","06","0","00000","2024000000","人","791","従業者数_うち常用雇用者","耐火物製造業","30～49人","総数"
"105-2024","215","07","0","00000","2024000000","人","2158","従業者数_うち常用雇用者","耐火物製造業","50～99人","総数"
"105-2024","215","08","0","00000","2024000000","人","1676","従業者数_うち常用雇用者","耐火物製造業","100～199人","総数"
"105-2024","215","09","0","00000","2024000000","人","950","従業者数_うち常用雇用者","耐火物製造業","200～299人","総数"
"105-2024","215","10","0","00000","2024000000","人","2184","従業者数_うち常用雇用者","耐火物製造業","300人以上","総数"
"105-2024","216","00","0","00000","2024000000","人","7552","従業者数_うち常用雇用者","炭素・黒鉛製品製造業","総数","総数"
"105-2024","216","01","0","00000","2024000000","人","***","従業者数_うち常用雇用者","炭素・黒鉛製品製造業","0人","総数"
"105-2024","216","02","0","00000","2024000000","人","105","従業者数_うち常用雇用者","炭素・黒鉛製品製造業","1～4人","総数"
"105-2024","216","03","0","00000","2024000000","人","208","従業者数_うち常用雇用者","炭素・黒鉛製品製造業","5～9人","総数"
"105-2024","216","04","0","00000","2024000000","人","357","従業者数_うち常用雇用者","炭素・黒鉛製品製造業","10～19人","総数"
"105-2024","216","05","0","00000","2024000000","人","407","従業者数_うち常用雇用者","炭素・黒鉛製品製造業","20～29人","総数"
"105-2024","216","06","0","00000","2024000000","人","520","従業者数_うち常用雇用者","炭素・黒鉛製品製造業","30～49人","総数"
"105-2024","216","07","0","00000","2024000000","人","1388","従業者数_うち常用雇用者","炭素・黒鉛製品製造業","50～99人","総数"
"105-2024","216","08","0","00000","2024000000","人","2071","従業者数_うち常用雇用者","炭素・黒鉛製品製造業","100～199人","総数"
"105-2024","216","09","0","00000","2024000000","人","638","従業者数_うち常用雇用者","炭素・黒鉛製品製造業","200～299人","総数"
"105-2024","216","10","0","00000","2024000000","人","1858","従業者数_うち常用雇用者","炭素・黒鉛製品製造業","300人以上","総数"
"105-2024","217","00","0","00000","2024000000","人","8755","従業者数_うち常用雇用者","研磨材・同製品製造業","総数","総数"
"105-2024","217","01","0","00000","2024000000","人","***","従業者数_うち常用雇用者","研磨材・同製品製造業","0人","総数"
"105-2024","217","02","0","00000","2024000000","人","212","従業者数_うち常用雇用者","研磨材・同製品製造業","1～4人","総数"
"105-2024","217","03","0","00000","2024000000","人","296","従業者数_うち常用雇用者","研磨材・同製品製造業","5～9人","総数"
"105-2024","217","04","0","00000","2024000000","人","734","従業者数_うち常用雇用者","研磨材・同製品製造業","10～19人","総数"
"105-2024","217","05","0","00000","2024000000","人","567","従業者数_うち常用雇用者","研磨材・同製品製造業","20～29人","総数"
"105-2024","217","06","0","00000","2024000000","人","1046","従業者数_うち常用雇用者","研磨材・同製品製造業","30～49人","総数"
"105-2024","217","07","0","00000","2024000000","人","1779","従業者数_うち常用雇用者","研磨材・同製品製造業","50～99人","総数"
"105-2024","217","08","0","00000","2024000000","人","2244","従業者数_うち常用雇用者","研磨材・同製品製造業","100～199人","総数"
"105-2024","217","09","0","00000","2024000000","人","753","従業者数_うち常用雇用者","研磨材・同製品製造業","200～299人","総数"
"105-2024","217","10","0","00000","2024000000","人","1124","従業者数_うち常用雇用者","研磨材・同製品製造業","300人以上","総数"
"105-2024","218","00","0","00000","2024000000","人","23683","従業者数_うち常用雇用者","骨材・石工品等製造業","総数","総数"
"105-2024","218","01","0","00000","2024000000","人","***","従業者数_うち常用雇用者","骨材・石工品等製造業","0人","総数"
"105-2024","218","02","0","00000","2024000000","人","2948","従業者数_うち常用雇用者","骨材・石工品等製造業","1～4人","総数"
"105-2024","218","03","0","00000","2024000000","人","3997","従業者数_うち常用雇用者","骨材・石工品等製造業","5～9人","総数"
"105-2024","218","04","0","00000","2024000000","人","6716","従業者数_うち常用雇用者","骨材・石工品等製造業","10～19人","総数"
"105-2024","218","05","0","00000","2024000000","人","3846","従業者数_うち常用雇用者","骨材・石工品等製造業","20～29人","総数"
"105-2024","218","06","0","00000","2024000000","人","2914","従業者数_うち常用雇用者","骨材・石工品等製造業","30～49人","総数"
"105-2024","218","07","0","00000","2024000000","人","1679","従業者数_うち常用雇用者","骨材・石工品等製造業","50～99人","総数"
"105-2024","218","08","0","00000","2024000000","人","422","従業者数_うち常用雇用者","骨材・石工品等製造業","100～199人","総数"
"105-2024","218","09","0","00000","2024000000","人","569","従業者数_うち常用雇用者","骨材・石工品等製造業","200～299人","総数"
"105-2024","218","10","0","00000","2024000000","人","592","従業者数_うち常用雇用者","骨材・石工品等製造業","300人以上","総数"
"105-2024","219","00","0","00000","2024000000","人","20290","従業者数_うち常用雇用者","その他の窯業・土石製品製造業","総数","総数"
"105-2024","219","01","0","00000","2024000000","人","***","従業者数_うち常用雇用者","その他の窯業・土石製品製造業","0人","総数"
"105-2024","219","02","0","00000","2024000000","人","923","従業者数_うち常用雇用者","その他の窯業・土石製品製造業","1～4人","総数"
"105-2024","219","03","0","00000","2024000000","人","1721","従業者数_うち常用雇用者","その他の窯業・土石製品製造業","5～9人","総数"
"105-2024","219","04","0","00000","2024000000","人","3136","従業者数_うち常用雇用者","その他の窯業・土石製品製造業","10～19人","総数"
"105-2024","219","05","0","00000","2024000000","人","2681","従業者数_うち常用雇用者","その他の窯業・土石製品製造業","20～29人","総数"
"105-2024","219","06","0","00000","2024000000","人","3461","従業者数_うち常用雇用者","その他の窯業・土石製品製造業","30～49人","総数"
"105-2024","219","07","0","00000","2024000000","人","4000","従業者数_うち常用雇用者","その他の窯業・土石製品製造業","50～99人","総数"
"105-2024","219","08","0","00000","2024000000","人","2278","従業者数_うち常用雇用者","その他の窯業・土石製品製造業","100～199人","総数"
"105-2024","219","09","0","00000","2024000000","人","1397","従業者数_うち常用雇用者","その他の窯業・土石製品製造業","200～299人","総数"
"105-2024","219","10","0","00000","2024000000","人","693","従業者数_うち常用雇用者","その他の窯業・土石製品製造業","300人以上","総数"
"105-2024","22","00","0","00000","2024000000","人","225212","従業者数_うち常用雇用者","鉄鋼業","総数","総数"
"105-2024","22","01","0","00000","2024000000","人","***","従業者数_うち常用雇用者","鉄鋼業","0人","総数"
"105-2024","22","02","0","00000","2024000000","人","4182","従業者数_うち常用雇用者","鉄鋼業","1～4人","総数"
"105-2024","22","03","0","00000","2024000000","人","7402","従業者数_うち常用雇用者","鉄鋼業","5～9人","総数"
"105-2024","22","04","0","00000","2024000000","人","14919","従業者数_うち常用雇用者","鉄鋼業","10～19人","総数"
"105-2024","22","05","0","00000","2024000000","人","14463","従業者数_うち常用雇用者","鉄鋼業","20～29人","総数"
"105-2024","22","06","0","00000","2024000000","人","19776","従業者数_うち常用雇用者","鉄鋼業","30～49人","総数"
"105-2024","22","07","0","00000","2024000000","人","31245","従業者数_うち常用雇用者","鉄鋼業","50～99人","総数"
"105-2024","22","08","0","00000","2024000000","人","30537","従業者数_うち常用雇用者","鉄鋼業","100～199人","総数"
"105-2024","22","09","0","00000","2024000000","人","18356","従業者数_うち常用雇用者","鉄鋼業","200～299人","総数"
"105-2024","22","10","0","00000","2024000000","人","84332","従業者数_うち常用雇用者","鉄鋼業","300人以上","総数"
"105-2024","220","00","0","00000","2024000000","人","4990","従業者数_うち常用雇用者","管理、補助的経済活動を行う事業所（22_鉄鋼業）","総数","総数"
"105-2024","220","01","0","00000","2024000000","人","***","従業者数_うち常用雇用者","管理、補助的経済活動を行う事業所（22_鉄鋼業）","0人","総数"
"105-2024","220","02","0","00000","2024000000","人","189","従業者数_うち常用雇用者","管理、補助的経済活動を行う事業所（22_鉄鋼業）","1～4人","総数"
"105-2024","220","03","0","00000","2024000000","人","200","従業者数_うち常用雇用者","管理、補助的経済活動を行う事業所（22_鉄鋼業）","5～9人","総数"
"105-2024","220","04","0","00000","2024000000","人","203","従業者数_うち常用雇用者","管理、補助的経済活動を行う事業所（22_鉄鋼業）","10～19人","総数"
"105-2024","220","05","0","00000","2024000000","人","311","従業者数_うち常用雇用者","管理、補助的経済活動を行う事業所（22_鉄鋼業）","20～29人","総数"
"105-2024","220","06","0","00000","2024000000","人","305","従業者数_うち常用雇用者","管理、補助的経済活動を行う事業所（22_鉄鋼業）","30～49人","総数"
"105-2024","220","07","0","00000","2024000000","人","467","従業者数_うち常用雇用者","管理、補助的経済活動を行う事業所（22_鉄鋼業）","50～99人","総数"
"105-2024","220","08","0","00000","2024000000","人","454","従業者数_うち常用雇用者","管理、補助的経済活動を行う事業所（22_鉄鋼業）","100～199人","総数"
"105-2024","220","09","0","00000","2024000000","人","***","従業者数_うち常用雇用者","管理、補助的経済活動を行う事業所（22_鉄鋼業）","200～299人","総数"
"105-2024","220","10","0","00000","2024000000","人","2861","従業者数_うち常用雇用者","管理、補助的経済活動を行う事業所（22_鉄鋼業）","300人以上","総数"
"105-2024","221","00","0","00000","2024000000","人","36686","従業者数_うち常用雇用者","製鉄業","総数","総数"
"105-2024","221","01","0","00000","2024000000","人","***","従業者数_うち常用雇用者","製鉄業","0人","総数"
"105-2024","221","02","0","00000","2024000000","人","9","従業者数_うち常用雇用者","製鉄業","1～4人","総数"
"105-2024","221","03","0","00000","2024000000","人","7","従業者数_うち常用雇用者","製鉄業","5～9人","総数"
"105-2024","221","04","0","00000","2024000000","人","28","従業者数_うち常用雇用者","製鉄業","10～19人","総数"
"105-2024","221","05","0","00000","2024000000","人","20","従業者数_うち常用雇用者","製鉄業","20～29人","総数"
"105-2024","221","06","0","00000","2024000000","人","***","従業者数_うち常用雇用者","製鉄業","30～49人","総数"
"105-2024","221","07","0","00000","2024000000","人","314","従業者数_うち常用雇用者","製鉄業","50～99人","総数"
"105-2024","221","08","0","00000","2024000000","人","240","従業者数_うち常用雇用者","製鉄業","100～199人","総数"
"105-2024","221","09","0","00000","2024000000","人","1170","従業者数_うち常用雇用者","製鉄業","200～299人","総数"
"105-2024","221","10","0","00000","2024000000","人","34898","従業者数_うち常用雇用者","製鉄業","300人以上","総数"
"105-2024","222","00","0","00000","2024000000","人","28094","従業者数_うち常用雇用者","製鋼・製鋼圧延業","総数","総数"
"105-2024","222","01","0","00000","2024000000","人","***","従業者数_うち常用雇用者","製鋼・製鋼圧延業","0人","総数"
"105-2024","222","02","0","00000","2024000000","人","25","従業者数_うち常用雇用者","製鋼・製鋼圧延業","1～4人","総数"
"105-2024","222","03","0","00000","2024000000","人","31","従業者数_うち常用雇用者","製鋼・製鋼圧延業","5～9人","総数"
"105-2024","222","04","0","00000","2024000000","人","53","従業者数_うち常用雇用者","製鋼・製鋼圧延業","10～19人","総数"
"105-2024","222","05","0","00000","2024000000","人","126","従業者数_うち常用雇用者","製鋼・製鋼圧延業","20～29人","総数"
"105-2024","222","06","0","00000","2024000000","人","69","従業者数_うち常用雇用者","製鋼・製鋼圧延業","30～49人","総数"
"105-2024","222","07","0","00000","2024000000","人","360","従業者数_うち常用雇用者","製鋼・製鋼圧延業","50～99人","総数"
"105-2024","222","08","0","00000","2024000000","人","3802","従業者数_うち常用雇用者","製鋼・製鋼圧延業","100～199人","総数"
"105-2024","222","09","0","00000","2024000000","人","5468","従業者数_うち常用雇用者","製鋼・製鋼圧延業","200～299人","総数"
"105-2024","222","10","0","00000","2024000000","人","18160","従業者数_うち常用雇用者","製鋼・製鋼圧延業","300人以上","総数"
"105-2024","223","00","0","00000","2024000000","人","40050","従業者数_うち常用雇用者","製鋼を行わない鋼材製造業（表面処理鋼材を除く）","総数","総数"
"105-2024","223","01","0","00000","2024000000","人","***","従業者数_うち常用雇用者","製鋼を行わない鋼材製造業（表面処理鋼材を除く）","0人","総数"
"105-2024","223","02","0","00000","2024000000","人","248","従業者数_うち常用雇用者","製鋼を行わない鋼材製造業（表面処理鋼材を除く）","1～4人","総数"
"105-2024","223","03","0","00000","2024000000","人","514","従業者数_うち常用雇用者","製鋼を行わない鋼材製造業（表面処理鋼材を除く）","5～9人","総数"
"105-2024","223","04","0","00000","2024000000","人","1161","従業者数_うち常用雇用者","製鋼を行わない鋼材製造業（表面処理鋼材を除く）","10～19人","総数"
"105-2024","223","05","0","00000","2024000000","人","1621","従業者数_うち常用雇用者","製鋼を行わない鋼材製造業（表面処理鋼材を除く）","20～29人","総数"
"105-2024","223","06","0","00000","2024000000","人","2770","従業者数_うち常用雇用者","製鋼を行わない鋼材製造業（表面処理鋼材を除く）","30～49人","総数"
"105-2024","223","07","0","00000","2024000000","人","6955","従業者数_うち常用雇用者","製鋼を行わない鋼材製造業（表面処理鋼材を除く）","50～99人","総数"
"105-2024","223","08","0","00000","2024000000","人","8006","従業者数_うち常用雇用者","製鋼を行わない鋼材製造業（表面処理鋼材を除く）","100～199人","総数"
"105-2024","223","09","0","00000","2024000000","人","3764","従業者数_うち常用雇用者","製鋼を行わない鋼材製造業（表面処理鋼材を除く）","200～299人","総数"
"105-2024","223","10","0","00000","2024000000","人","15011","従業者数_うち常用雇用者","製鋼を行わない鋼材製造業（表面処理鋼材を除く）","300人以上","総数"
"105-2024","224","00","0","00000","2024000000","人","4383","従業者数_うち常用雇用者","表面処理鋼材製造業","総数","総数"
"105-2024","224","01","0","00000","2024000000","人","***","従業者数_うち常用雇用者","表面処理鋼材製造業","0人","総数"
"105-2024","224","02","0","00000","2024000000","人","192","従業者数_うち常用雇用者","表面処理鋼材製造業","1～4人","総数"
"105-2024","224","03","0","00000","2024000000","人","280","従業者数_うち常用雇用者","表面処理鋼材製造業","5～9人","総数"
"105-2024","224","04","0","00000","2024000000","人","218","従業者数_うち常用雇用者","表面処理鋼材製造業","10～19人","総数"
"105-2024","224","05","0","00000","2024000000","人","277","従業者数_うち常用雇用者","表面処理鋼材製造業","20～29人","総数"
"105-2024","224","06","0","00000","2024000000","人","639","従業者数_うち常用雇用者","表面処理鋼材製造業","30～49人","総数"
"105-2024","224","07","0","00000","2024000000","人","917","従業者数_うち常用雇用者","表面処理鋼材製造業","50～99人","総数"
"105-2024","224","08","0","00000","2024000000","人","701","従業者数_うち常用雇用者","表面処理鋼材製造業","100～199人","総数"
"105-2024","224","09","0","00000","2024000000","人","480","従業者数_うち常用雇用者","表面処理鋼材製造業","200～299人","総数"
"105-2024","224","10","0","00000","2024000000","人","679","従業者数_うち常用雇用者","表面処理鋼材製造業","300人以上","総数"
"105-2024","225","00","0","00000","2024000000","人","47209","従業者数_うち常用雇用者","鉄素形材製造業","総数","総数"
"105-2024","225","01","0","00000","2024000000","人","***","従業者数_うち常用雇用者","鉄素形材製造業","0人","総数"
"105-2024","225","02","0","00000","2024000000","人","1038","従業者数_うち常用雇用者","鉄素形材製造業","1～4人","総数"
"105-2024","225","03","0","00000","2024000000","人","1632","従業者数_うち常用雇用者","鉄素形材製造業","5～9人","総数"
"105-2024","225","04","0","00000","2024000000","人","3213","従業者数_うち常用雇用者","鉄素形材製造業","10～19人","総数"
"105-2024","225","05","0","00000","2024000000","人","3569","従業者数_うち常用雇用者","鉄素形材製造業","20～29人","総数"
"105-2024","225","06","0","00000","2024000000","人","5534","従業者数_うち常用雇用者","鉄素形材製造業","30～49人","総数"
"105-2024","225","07","0","00000","2024000000","人","9700","従業者数_うち常用雇用者","鉄素形材製造業","50～99人","総数"
"105-2024","225","08","0","00000","2024000000","人","9092","従業者数_うち常用雇用者","鉄素形材製造業","100～199人","総数"
"105-2024","225","09","0","00000","2024000000","人","4838","従業者数_うち常用雇用者","鉄素形材製造業","200～299人","総数"
"105-2024","225","10","0","00000","2024000000","人","8593","従業者数_うち常用雇用者","鉄素形材製造業","300人以上","総数"
"105-2024","229","00","0","00000","2024000000","人","63800","従業者数_うち常用雇用者","その他の鉄鋼業","総数","総数"
"105-2024","229","01","0","00000","2024000000","人","***","従業者数_うち常用雇用者","その他の鉄鋼業","0人","総数"
"105-2024","229","02","0","00000","2024000000","人","2481","従業者数_うち常用雇用者","その他の鉄鋼業","1～4人","総数"
"105-2024","229","03","0","00000","2024000000","人","4738","従業者数_うち常用雇用者","その他の鉄鋼業","5～9人","総数"
"105-2024","229","04","0","00000","2024000000","人","10043","従業者数_うち常用雇用者","その他の鉄鋼業","10～19人","総数"
"105-2024","229","05","0","00000","2024000000","人","8539","従業者数_うち常用雇用者","その他の鉄鋼業","20～29人","総数"
"105-2024","229","06","0","00000","2024000000","人","10459","従業者数_うち常用雇用者","その他の鉄鋼業","30～49人","総数"
"105-2024","229","07","0","00000","2024000000","人","12532","従業者数_うち常用雇用者","その他の鉄鋼業","50～99人","総数"
"105-2024","229","08","0","00000","2024000000","人","8242","従業者数_うち常用雇用者","その他の鉄鋼業","100～199人","総数"
"105-2024","229","09","0","00000","2024000000","人","2636","従業者数_うち常用雇用者","その他の鉄鋼業","200～299人","総数"
"105-2024","229","10","0","00000","2024000000","人","4130","従業者数_うち常用雇用者","その他の鉄鋼業","300人以上","総数"
"105-2024","23","00","0","00000","2024000000","人","148212","従業者数_うち常用雇用者","非鉄金属製造業","総数","総数"
"105-2024","23","01","0","00000","2024000000","人","***","従業者数_うち常用雇用者","非鉄金属製造業","0人","総数"
"105-2024","23","02","0","00000","2024000000","人","2715","従業者数_うち常用雇用者","非鉄金属製造業","1～4人","総数"
"105-2024","23","03","0","00000","2024000000","人","4691","従業者数_うち常用雇用者","非鉄金属製造業","5～9人","総数"
"105-2024","23","04","0","00000","2024000000","人","8864","従業者数_うち常用雇用者","非鉄金属製造業","10～19人","総数"
"105-2024","23","05","0","00000","2024000000","人","8243","従業者数_うち常用雇用者","非鉄金属製造業","20～29人","総数"
"105-2024","23","06","0","00000","2024000000","人","12513","従業者数_うち常用雇用者","非鉄金属製造業","30～49人","総数"
"105-2024","23","07","0","00000","2024000000","人","20702","従業者数_うち常用雇用者","非鉄金属製造業","50～99人","総数"
"105-2024","23","08","0","00000","2024000000","人","26728","従業者数_うち常用雇用者","非鉄金属製造業","100～199人","総数"
"105-2024","23","09","0","00000","2024000000","人","13022","従業者数_うち常用雇用者","非鉄金属製造業","200～299人","総数"
"105-2024","23","10","0","00000","2024000000","人","50734","従業者数_うち常用雇用者","非鉄金属製造業","300人以上","総数"
"105-2024","230","00","0","00000","2024000000","人","5093","従業者数_うち常用雇用者","管理、補助的経済活動を行う事業所（23_非鉄金属製造業）","総数","総数"
"105-2024","230","01","0","00000","2024000000","人","***","従業者数_うち常用雇用者","管理、補助的経済活動を行う事業所（23_非鉄金属製造業）","0人","総数"
"105-2024","230","02","0","00000","2024000000","人","114","従業者数_うち常用雇用者","管理、補助的経済活動を行う事業所（23_非鉄金属製造業）","1～4人","総数"
"105-2024","230","03","0","00000","2024000000","人","145","従業者数_うち常用雇用者","管理、補助的経済活動を行う事業所（23_非鉄金属製造業）","5～9人","総数"
"105-2024","230","04","0","00000","2024000000","人","170","従業者数_うち常用雇用者","管理、補助的経済活動を行う事業所（23_非鉄金属製造業）","10～19人","総数"
"105-2024","230","05","0","00000","2024000000","人","292","従業者数_うち常用雇用者","管理、補助的経済活動を行う事業所（23_非鉄金属製造業）","20～29人","総数"
"105-2024","230","06","0","00000","2024000000","人","238","従業者数_うち常用雇用者","管理、補助的経済活動を行う事業所（23_非鉄金属製造業）","30～49人","総数"
"105-2024","230","07","0","00000","2024000000","人","267","従業者数_うち常用雇用者","管理、補助的経済活動を行う事業所（23_非鉄金属製造業）","50～99人","総数"
"105-2024","230","08","0","00000","2024000000","人","103","従業者数_うち常用雇用者","管理、補助的経済活動を行う事業所（23_非鉄金属製造業）","100～199人","総数"
"105-2024","230","09","0","00000","2024000000","人","279","従業者数_うち常用雇用者","管理、補助的経済活動を行う事業所（23_非鉄金属製造業）","200～299人","総数"
"105-2024","230","10","0","00000","2024000000","人","3485","従業者数_うち常用雇用者","管理、補助的経済活動を行う事業所（23_非鉄金属製造業）","300人以上","総数"
"105-2024","231","00","0","00000","2024000000","人","10237","従業者数_うち常用雇用者","非鉄金属第１次製錬・精製業","総数","総数"
"105-2024","231","01","0","00000","2024000000","人","***","従業者数_うち常用雇用者","非鉄金属第１次製錬・精製業","0人","総数"
"105-2024","231","02","0","00000","2024000000","人","42","従業者数_うち常用雇用者","非鉄金属第１次製錬・精製業","1～4人","総数"
"105-2024","231","03","0","00000","2024000000","人","37","従業者数_うち常用雇用者","非鉄金属第１次製錬・精製業","5～9人","総数"
"105-2024","231","04","0","00000","2024000000","人","119","従業者数_うち常用雇用者","非鉄金属第１次製錬・精製業","10～19人","総数"
"105-2024","231","05","0","00000","2024000000","人","200","従業者数_うち常用雇用者","非鉄金属第１次製錬・精製業","20～29人","総数"
"105-2024","231","06","0","00000","2024000000","人","513","従業者数_うち常用雇用者","非鉄金属第１次製錬・精製業","30～49人","総数"
"105-2024","231","07","0","00000","2024000000","人","773","従業者数_うち常用雇用者","非鉄金属第１次製錬・精製業","50～99人","総数"
"105-2024","231","08","0","00000","2024000000","人","1227","従業者数_うち常用雇用者","非鉄金属第１次製錬・精製業","100～199人","総数"
"105-2024","231","09","0","00000","2024000000","人","2423","従業者数_うち常用雇用者","非鉄金属第１次製錬・精製業","200～299人","総数"
"105-2024","231","10","0","00000","2024000000","人","4903","従業者数_うち常用雇用者","非鉄金属第１次製錬・精製業","300人以上","総数"
"105-2024","232","00","0","00000","2024000000","人","15068","従業者数_うち常用雇用者","非鉄金属第２次製錬・精製業（非鉄金属合金製造業を含む）","総数","総数"
"105-2024","232","01","0","00000","2024000000","人","***","従業者数_うち常用雇用者","非鉄金属第２次製錬・精製業（非鉄金属合金製造業を含む）","0人","総数"
"105-2024","232","02","0","00000","2024000000","人","360","従業者数_うち常用雇用者","非鉄金属第２次製錬・精製業（非鉄金属合金製造業を含む）","1～4人","総数"
"105-2024","232","03","0","00000","2024000000","人","699","従業者数_うち常用雇用者","非鉄金属第２次製錬・精製業（非鉄金属合金製造業を含む）","5～9人","総数"
"105-2024","232","04","0","00000","2024000000","人","1449","従業者数_うち常用雇用者","非鉄金属第２次製錬・精製業（非鉄金属合金製造業を含む）","10～19人","総数"
"105-2024","232","05","0","00000","2024000000","人","1248","従業者数_うち常用雇用者","非鉄金属第２次製錬・精製業（非鉄金属合金製造業を含む）","20～29人","総数"
"105-2024","232","06","0","00000","2024000000","人","2203","従業者数_うち常用雇用者","非鉄金属第２次製錬・精製業（非鉄金属合金製造業を含む）","30～49人","総数"
"105-2024","232","07","0","00000","2024000000","人","2586","従業者数_うち常用雇用者","非鉄金属第２次製錬・精製業（非鉄金属合金製造業を含む）","50～99人","総数"
"105-2024","232","08","0","00000","2024000000","人","2470","従業者数_うち常用雇用者","非鉄金属第２次製錬・精製業（非鉄金属合金製造業を含む）","100～199人","総数"
"105-2024","232","09","0","00000","2024000000","人","461","従業者数_うち常用雇用者","非鉄金属第２次製錬・精製業（非鉄金属合金製造業を含む）","200～299人","総数"
"105-2024","232","10","0","00000","2024000000","人","3592","従業者数_うち常用雇用者","非鉄金属第２次製錬・精製業（非鉄金属合金製造業を含む）","300人以上","総数"
"105-2024","233","00","0","00000","2024000000","人","31256","従業者数_うち常用雇用者","非鉄金属・同合金圧延業（抽伸、押出しを含む）","総数","総数"
"105-2024","233","01","0","00000","2024000000","人","***","従業者数_うち常用雇用者","非鉄金属・同合金圧延業（抽伸、押出しを含む）","0人","総数"
"105-2024","233","02","0","00000","2024000000","人","401","従業者数_うち常用雇用者","非鉄金属・同合金圧延業（抽伸、押出しを含む）","1～4人","総数"
"105-2024","233","03","0","00000","2024000000","人","542","従業者数_うち常用雇用者","非鉄金属・同合金圧延業（抽伸、押出しを含む）","5～9人","総数"
"105-2024","233","04","0","00000","2024000000","人","1086","従業者数_うち常用雇用者","非鉄金属・同合金圧延業（抽伸、押出しを含む）","10～19人","総数"
"105-2024","233","05","0","00000","2024000000","人","1100","従業者数_うち常用雇用者","非鉄金属・同合金圧延業（抽伸、押出しを含む）","20～29人","総数"
"105-2024","233","06","0","00000","2024000000","人","1950","従業者数_うち常用雇用者","非鉄金属・同合金圧延業（抽伸、押出しを含む）","30～49人","総数"
"105-2024","233","07","0","00000","2024000000","人","2896","従業者数_うち常用雇用者","非鉄金属・同合金圧延業（抽伸、押出しを含む）","50～99人","総数"
"105-2024","233","08","0","00000","2024000000","人","5717","従業者数_うち常用雇用者","非鉄金属・同合金圧延業（抽伸、押出しを含む）","100～199人","総数"
"105-2024","233","09","0","00000","2024000000","人","2902","従業者数_うち常用雇用者","非鉄金属・同合金圧延業（抽伸、押出しを含む）","200～299人","総数"
"105-2024","233","10","0","00000","2024000000","人","14662","従業者数_うち常用雇用者","非鉄金属・同合金圧延業（抽伸、押出しを含む）","300人以上","総数"
"105-2024","234","00","0","00000","2024000000","人","27643","従業者数_うち常用雇用者","電線・ケーブル製造業","総数","総数"
"105-2024","234","01","0","00000","2024000000","人","***","従業者数_うち常用雇用者","電線・ケーブル製造業","0人","総数"
"105-2024","234","02","0","00000","2024000000","人","346","従業者数_うち常用雇用者","電線・ケーブル製造業","1～4人","総数"
"105-2024","234","03","0","00000","2024000000","人","754","従業者数_うち常用雇用者","電線・ケーブル製造業","5～9人","総数"
"105-2024","234","04","0","00000","2024000000","人","1510","従業者数_うち常用雇用者","電線・ケーブル製造業","10～19人","総数"
"105-2024","234","05","0","00000","2024000000","人","1383","従業者数_うち常用雇用者","電線・ケーブル製造業","20～29人","総数"
"105-2024","234","06","0","00000","2024000000","人","1913","従業者数_うち常用雇用者","電線・ケーブル製造業","30～49人","総数"
"105-2024","234","07","0","00000","2024000000","人","5761","従業者数_うち常用雇用者","電線・ケーブル製造業","50～99人","総数"
"105-2024","234","08","0","00000","2024000000","人","4650","従業者数_うち常用雇用者","電線・ケーブル製造業","100～199人","総数"
"105-2024","234","09","0","00000","2024000000","人","2368","従業者数_うち常用雇用者","電線・ケーブル製造業","200～299人","総数"
"105-2024","234","10","0","00000","2024000000","人","8958","従業者数_うち常用雇用者","電線・ケーブル製造業","300人以上","総数"
"105-2024","235","00","0","00000","2024000000","人","40262","従業者数_うち常用雇用者","非鉄金属素形材製造業","総数","総数"
"105-2024","235","01","0","00000","2024000000","人","***","従業者数_うち常用雇用者","非鉄金属素形材製造業","0人","総数"
"105-2024","235","02","0","00000","2024000000","人","1086","従業者数_うち常用雇用者","非鉄金属素形材製造業","1～4人","総数"
"105-2024","235","03","0","00000","2024000000","人","1949","従業者数_うち常用雇用者","非鉄金属素形材製造業","5～9人","総数"
"105-2024","235","04","0","00000","2024000000","人","3474","従業者数_うち常用雇用者","非鉄金属素形材製造業","10～19人","総数"
"105-2024","235","05","0","00000","2024000000","人","3090","従業者数_うち常用雇用者","非鉄金属素形材製造業","20～29人","総数"
"105-2024","235","06","0","00000","2024000000","人","4298","従業者数_うち常用雇用者","非鉄金属素形材製造業","30～49人","総数"
"105-2024","235","07","0","00000","2024000000","人","6701","従業者数_うち常用雇用者","非鉄金属素形材製造業","50～99人","総数"
"105-2024","235","08","0","00000","2024000000","人","9027","従業者数_うち常用雇用者","非鉄金属素形材製造業","100～199人","総数"
"105-2024","235","09","0","00000","2024000000","人","2382","従業者数_うち常用雇用者","非鉄金属素形材製造業","200～299人","総数"
"105-2024","235","10","0","00000","2024000000","人","8255","従業者数_うち常用雇用者","非鉄金属素形材製造業","300人以上","総数"
"105-2024","239","00","0","00000","2024000000","人","18653","従業者数_うち常用雇用者","その他の非鉄金属製造業","総数","総数"
"105-2024","239","01","0","00000","2024000000","人","***","従業者数_うち常用雇用者","その他の非鉄金属製造業","0人","総数"
"105-2024","239","02","0","00000","2024000000","人","366","従業者数_うち常用雇用者","その他の非鉄金属製造業","1～4人","総数"
"105-2024","239","03","0","00000","2024000000","人","565","従業者数_うち常用雇用者","その他の非鉄金属製造業","5～9人","総数"
"105-2024","239","04","0","00000","2024000000","人","1056","従業者数_うち常用雇用者","その他の非鉄金属製造業","10～19人","総数"
"105-2024","239","05","0","00000","2024000000","人","930","従業者数_うち常用雇用者","その他の非鉄金属製造業","20～29人","総数"
"105-2024","239","06","0","00000","2024000000","人","1398","従業者数_うち常用雇用者","その他の非鉄金属製造業","30～49人","総数"
"105-2024","239","07","0","00000","2024000000","人","1718","従業者数_うち常用雇用者","その他の非鉄金属製造業","50～99人","総数"
"105-2024","239","08","0","00000","2024000000","人","3534","従業者数_うち常用雇用者","その他の非鉄金属製造業","100～199人","総数"
"105-2024","239","09","0","00000","2024000000","人","2207","従業者数_うち常用雇用者","その他の非鉄金属製造業","200～299人","総数"
"105-2024","239","10","0","00000","2024000000","人","6879","従業者数_うち常用雇用者","その他の非鉄金属製造業","300人以上","総数"
"105-2024","24","00","0","00000","2024000000","人","610044","従業者数_うち常用雇用者","金属製品製造業","総数","総数"
"105-2024","24","01","0","00000","2024000000","人","***","従業者数_うち常用雇用者","金属製品製造業","0人","総数"
"105-2024","24","02","0","00000","2024000000","人","37737","従業者数_うち常用雇用者","金属製品製造業","1～4人","総数"
"105-2024","24","03","0","00000","2024000000","人","54107","従業者数_うち常用雇用者","金属製品製造業","5～9人","総数"
"105-2024","24","04","0","00000","2024000000","人","89546","従業者数_うち常用雇用者","金属製品製造業","10～19人","総数"
"105-2024","24","05","0","00000","2024000000","人","73452","従業者数_うち常用雇用者","金属製品製造業","20～29人","総数"
"105-2024","24","06","0","00000","2024000000","人","90260","従業者数_うち常用雇用者","金属製品製造業","30～49人","総数"
"105-2024","24","07","0","00000","2024000000","人","107265","従業者数_うち常用雇用者","金属製品製造業","50～99人","総数"
"105-2024","24","08","0","00000","2024000000","人","79508","従業者数_うち常用雇用者","金属製品製造業","100～199人","総数"
"105-2024","24","09","0","00000","2024000000","人","28755","従業者数_うち常用雇用者","金属製品製造業","200～299人","総数"
"105-2024","24","10","0","00000","2024000000","人","49414","従業者数_うち常用雇用者","金属製品製造業","300人以上","総数"
"105-2024","240","00","0","00000","2024000000","人","10888","従業者数_うち常用雇用者","管理、補助的経済活動を行う事業所（24_金属製品製造業）","総数","総数"
"105-2024","240","01","0","00000","2024000000","人","***","従業者数_うち常用雇用者","管理、補助的経済活動を行う事業所（24_金属製品製造業）","0人","総数"
"105-2024","240","02","0","00000","2024000000","人","816","従業者数_うち常用雇用者","管理、補助的経済活動を行う事業所（24_金属製品製造業）","1～4人","総数"
"105-2024","240","03","0","00000","2024000000","人","689","従業者数_うち常用雇用者","管理、補助的経済活動を行う事業所（24_金属製品製造業）","5～9人","総数"
"105-2024","240","04","0","00000","2024000000","人","867","従業者数_うち常用雇用者","管理、補助的経済活動を行う事業所（24_金属製品製造業）","10～19人","総数"
"105-2024","240","05","0","00000","2024000000","人","378","従業者数_うち常用雇用者","管理、補助的経済活動を行う事業所（24_金属製品製造業）","20～29人","総数"
"105-2024","240","06","0","00000","2024000000","人","1064","従業者数_うち常用雇用者","管理、補助的経済活動を行う事業所（24_金属製品製造業）","30～49人","総数"
"105-2024","240","07","0","00000","2024000000","人","1141","従業者数_うち常用雇用者","管理、補助的経済活動を行う事業所（24_金属製品製造業）","50～99人","総数"
"105-2024","240","08","0","00000","2024000000","人","1068","従業者数_うち常用雇用者","管理、補助的経済活動を行う事業所（24_金属製品製造業）","100～199人","総数"
"105-2024","240","09","0","00000","2024000000","人","1241","従業者数_うち常用雇用者","管理、補助的経済活動を行う事業所（24_金属製品製造業）","200～299人","総数"
"105-2024","240","10","0","00000","2024000000","人","3624","従業者数_うち常用雇用者","管理、補助的経済活動を行う事業所（24_金属製品製造業）","300人以上","総数"
"105-2024","241","00","0","00000","2024000000","人","6920","従業者数_うち常用雇用者","ブリキ缶・その他のめっき板等製品製造業","総数","総数"
"105-2024","241","01","0","00000","2024000000","人","***","従業者数_うち常用雇用者","ブリキ缶・その他のめっき板等製品製造業","0人","総数"
"105-2024","241","02","0","00000","2024000000","人","156","従業者数_うち常用雇用者","ブリキ缶・その他のめっき板等製品製造業","1～4人","総数"
"105-2024","241","03","0","00000","2024000000","人","359","従業者数_うち常用雇用者","ブリキ缶・その他のめっき板等製品製造業","5～9人","総数"
"105-2024","241","04","0","00000","2024000000","人","649","従業者数_うち常用雇用者","ブリキ缶・その他のめっき板等製品製造業","10～19人","総数"
"105-2024","241","05","0","00000","2024000000","人","1001","従業者数_うち常用雇用者","ブリキ缶・その他のめっき板等製品製造業","20～29人","総数"
"105-2024","241","06","0","00000","2024000000","人","809","従業者数_うち常用雇用者","ブリキ缶・その他のめっき板等製品製造業","30～49人","総数"
"105-2024","241","07","0","00000","2024000000","人","1619","従業者数_うち常用雇用者","ブリキ缶・その他のめっき板等製品製造業","50～99人","総数"
"105-2024","241","08","0","00000","2024000000","人","1566","従業者数_うち常用雇用者","ブリキ缶・その他のめっき板等製品製造業","100～199人","総数"
"105-2024","241","09","0","00000","2024000000","人","761","従業者数_うち常用雇用者","ブリキ缶・その他のめっき板等製品製造業","200～299人","総数"
"105-2024","241","10","0","00000","2024000000","人","***","従業者数_うち常用雇用者","ブリキ缶・その他のめっき板等製品製造業","300人以上","総数"
"105-2024","242","00","0","00000","2024000000","人","41581","従業者数_うち常用雇用者","洋食器・刃物・手道具・金物類製造業","総数","総数"
"105-2024","242","01","0","00000","2024000000","人","***","従業者数_うち常用雇用者","洋食器・刃物・手道具・金物類製造業","0人","総数"
"105-2024","242","02","0","00000","2024000000","人","3775","従業者数_うち常用雇用者","洋食器・刃物・手道具・金物類製造業","1～4人","総数"
"105-2024","242","03","0","00000","2024000000","人","4256","従業者数_うち常用雇用者","洋食器・刃物・手道具・金物類製造業","5～9人","総数"
"105-2024","242","04","0","00000","2024000000","人","5898","従業者数_うち常用雇用者","洋食器・刃物・手道具・金物類製造業","10～19人","総数"
"105-2024","242","05","0","00000","2024000000","人","4586","従業者数_うち常用雇用者","洋食器・刃物・手道具・金物類製造業","20～29人","総数"
"105-2024","242","06","0","00000","2024000000","人","5422","従業者数_うち常用雇用者","洋食器・刃物・手道具・金物類製造業","30～49人","総数"
"105-2024","242","07","0","00000","2024000000","人","7284","従業者数_うち常用雇用者","洋食器・刃物・手道具・金物類製造業","50～99人","総数"
"105-2024","242","08","0","00000","2024000000","人","6324","従業者数_うち常用雇用者","洋食器・刃物・手道具・金物類製造業","100～199人","総数"
"105-2024","242","09","0","00000","2024000000","人","1240","従業者数_うち常用雇用者","洋食器・刃物・手道具・金物類製造業","200～299人","総数"
"105-2024","242","10","0","00000","2024000000","人","2796","従業者数_うち常用雇用者","洋食器・刃物・手道具・金物類製造業","300人以上","総数"
"105-2024","243","00","0","00000","2024000000","人","33778","従業者数_うち常用雇用者","暖房・調理等装置、配管工事用附属品製造業","総数","総数"
"105-2024","243","01","0","00000","2024000000","人","***","従業者数_うち常用雇用者","暖房・調理等装置、配管工事用附属品製造業","0人","総数"
"105-2024","243","02","0","00000","2024000000","人","1204","従業者数_うち常用雇用者","暖房・調理等装置、配管工事用附属品製造業","1～4人","総数"
"105-2024","243","03","0","00000","2024000000","人","1967","従業者数_うち常用雇用者","暖房・調理等装置、配管工事用附属品製造業","5～9人","総数"
"105-2024","243","04","0","00000","2024000000","人","3172","従業者数_うち常用雇用者","暖房・調理等装置、配管工事用附属品製造業","10～19人","総数"
"105-2024","243","05","0","00000","2024000000","人","2654","従業者数_うち常用雇用者","暖房・調理等装置、配管工事用附属品製造業","20～29人","総数"
"105-2024","243","06","0","00000","2024000000","人","3950","従業者数_うち常用雇用者","暖房・調理等装置、配管工事用附属品製造業","30～49人","総数"
"105-2024","243","07","0","00000","2024000000","人","4937","従業者数_うち常用雇用者","暖房・調理等装置、配管工事用附属品製造業","50～99人","総数"
"105-2024","243","08","0","00000","2024000000","人","6247","従業者数_うち常用雇用者","暖房・調理等装置、配管工事用附属品製造業","100～199人","総数"
"105-2024","243","09","0","00000","2024000000","人","2334","従業者数_うち常用雇用者","暖房・調理等装置、配管工事用附属品製造業","200～299人","総数"
"105-2024","243","10","0","00000","2024000000","人","7313","従業者数_うち常用雇用者","暖房・調理等装置、配管工事用附属品製造業","300人以上","総数"
"105-2024","244","00","0","00000","2024000000","人","226873","従業者数_うち常用雇用者","建設用・建築用金属製品製造業（製缶板金業を含む）","総数","総数"
"105-2024","244","01","0","00000","2024000000","人","***","従業者数_うち常用雇用者","建設用・建築用金属製品製造業（製缶板金業を含む）","0人","総数"
"105-2024","244","02","0","00000","2024000000","人","16384","従業者数_うち常用雇用者","建設用・建築用金属製品製造業（製缶板金業を含む）","1～4人","総数"
"105-2024","244","03","0","00000","2024000000","人","24496","従業者数_うち常用雇用者","建設用・建築用金属製品製造業（製缶板金業を含む）","5～9人","総数"
"105-2024","244","04","0","00000","2024000000","人","39534","従業者数_うち常用雇用者","建設用・建築用金属製品製造業（製缶板金業を含む）","10～19人","総数"
"105-2024","244","05","0","00000","2024000000","人","29844","従業者数_うち常用雇用者","建設用・建築用金属製品製造業（製缶板金業を含む）","20～29人","総数"
"105-2024","244","06","0","00000","2024000000","人","33246","従業者数_うち常用雇用者","建設用・建築用金属製品製造業（製缶板金業を含む）","30～49人","総数"
"105-2024","244","07","0","00000","2024000000","人","36931","従業者数_うち常用雇用者","建設用・建築用金属製品製造業（製缶板金業を含む）","50～99人","総数"
"105-2024","244","08","0","00000","2024000000","人","23532","従業者数_うち常用雇用者","建設用・建築用金属製品製造業（製缶板金業を含む）","100～199人","総数"
"105-2024","244","09","0","00000","2024000000","人","8160","従業者数_うち常用雇用者","建設用・建築用金属製品製造業（製缶板金業を含む）","200～299人","総数"
"105-2024","244","10","0","00000","2024000000","人","14746","従業者数_うち常用雇用者","建設用・建築用金属製品製造業（製缶板金業を含む）","300人以上","総数"
"105-2024","245","00","0","00000","2024000000","人","90629","従業者数_うち常用雇用者","金属素形材製品製造業","総数","総数"
"105-2024","245","01","0","00000","2024000000","人","***","従業者数_うち常用雇用者","金属素形材製品製造業","0人","総数"
"105-2024","245","02","0","00000","2024000000","人","4130","従業者数_うち常用雇用者","金属素形材製品製造業","1～4人","総数"
"105-2024","245","03","0","00000","2024000000","人","5830","従業者数_うち常用雇用者","金属素形材製品製造業","5～9人","総数"
"105-2024","245","04","0","00000","2024000000","人","10691","従業者数_うち常用雇用者","金属素形材製品製造業","10～19人","総数"
"105-2024","245","05","0","00000","2024000000","人","9348","従業者数_うち常用雇用者","金属素形材製品製造業","20～29人","総数"
"105-2024","245","06","0","00000","2024000000","人","14204","従業者数_うち常用雇用者","金属素形材製品製造業","30～49人","総数"
"105-2024","245","07","0","00000","2024000000","人","18172","従業者数_うち常用雇用者","金属素形材製品製造業","50～99人","総数"
"105-2024","245","08","0","00000","2024000000","人","14787","従業者数_うち常用雇用者","金属素形材製品製造業","100～199人","総数"
"105-2024","245","09","0","00000","2024000000","人","5756","従業者数_うち常用雇用者","金属素形材製品製造業","200～299人","総数"
"105-2024","245","10","0","00000","2024000000","人","7711","従業者数_うち常用雇用者","金属素形材製品製造業","300人以上","総数"
"105-2024","246","00","0","00000","2024000000","人","102735","従業者数_うち常用雇用者","金属被覆・彫刻業、熱処理業（ほうろう鉄器を除く）","総数","総数"
"105-2024","246","01","0","00000","2024000000","人","***","従業者数_うち常用雇用者","金属被覆・彫刻業、熱処理業（ほうろう鉄器を除く）","0人","総数"
"105-2024","246","02","0","00000","2024000000","人","5702","従業者数_うち常用雇用者","金属被覆・彫刻業、熱処理業（ほうろう鉄器を除く）","1～4人","総数"
"105-2024","246","03","0","00000","2024000000","人","9557","従業者数_うち常用雇用者","金属被覆・彫刻業、熱処理業（ほうろう鉄器を除く）","5～9人","総数"
"105-2024","246","04","0","00000","2024000000","人","16791","従業者数_うち常用雇用者","金属被覆・彫刻業、熱処理業（ほうろう鉄器を除く）","10～19人","総数"
"105-2024","246","05","0","00000","2024000000","人","14829","従業者数_うち常用雇用者","金属被覆・彫刻業、熱処理業（ほうろう鉄器を除く）","20～29人","総数"
"105-2024","246","06","0","00000","2024000000","人","17957","従業者数_うち常用雇用者","金属被覆・彫刻業、熱処理業（ほうろう鉄器を除く）","30～49人","総数"
"105-2024","246","07","0","00000","2024000000","人","19627","従業者数_うち常用雇用者","金属被覆・彫刻業、熱処理業（ほうろう鉄器を除く）","50～99人","総数"
"105-2024","246","08","0","00000","2024000000","人","12662","従業者数_うち常用雇用者","金属被覆・彫刻業、熱処理業（ほうろう鉄器を除く）","100～199人","総数"
"105-2024","246","09","0","00000","2024000000","人","3376","従業者数_うち常用雇用者","金属被覆・彫刻業、熱処理業（ほうろう鉄器を除く）","200～299人","総数"
"105-2024","246","10","0","00000","2024000000","人","2234","従業者数_うち常用雇用者","金属被覆・彫刻業、熱処理業（ほうろう鉄器を除く）","300人以上","総数"
"105-2024","247","00","0","00000","2024000000","人","12502","従業者数_うち常用雇用者","金属線製品製造業（ねじ類を除く）","総数","総数"
"105-2024","247","01","0","00000","2024000000","人","***","従業者数_うち常用雇用者","金属線製品製造業（ねじ類を除く）","0人","総数"
"105-2024","247","02","0","00000","2024000000","人","886","従業者数_うち常用雇用者","金属線製品製造業（ねじ類を除く）","1～4人","総数"
"105-2024","247","03","0","00000","2024000000","人","1638","従業者数_うち常用雇用者","金属線製品製造業（ねじ類を除く）","5～9人","総数"
"105-2024","247","04","0","00000","2024000000","人","2354","従業者数_うち常用雇用者","金属線製品製造業（ねじ類を除く）","10～19人","総数"
"105-2024","247","05","0","00000","2024000000","人","2270","従業者数_うち常用雇用者","金属線製品製造業（ねじ類を除く）","20～29人","総数"
"105-2024","247","06","0","00000","2024000000","人","1671","従業者数_うち常用雇用者","金属線製品製造業（ねじ類を除く）","30～49人","総数"
"105-2024","247","07","0","00000","2024000000","人","1452","従業者数_うち常用雇用者","金属線製品製造業（ねじ類を除く）","50～99人","総数"
"105-2024","247","08","0","00000","2024000000","人","1012","従業者数_うち常用雇用者","金属線製品製造業（ねじ類を除く）","100～199人","総数"
"105-2024","247","09","0","00000","2024000000","人","1219","従業者数_うち常用雇用者","金属線製品製造業（ねじ類を除く）","200～299人","総数"
"105-2024","247","10","0","00000","2024000000","人","***","従業者数_うち常用雇用者","金属線製品製造業（ねじ類を除く）","300人以上","総数"
"105-2024","248","00","0","00000","2024000000","人","36789","従業者数_うち常用雇用者","ボルト・ナット・リベット・小ねじ・木ねじ等製造業","総数","総数"
"105-2024","248","01","0","00000","2024000000","人","***","従業者数_うち常用雇用者","ボルト・ナット・リベット・小ねじ・木ねじ等製造業","0人","総数"
"105-2024","248","02","0","00000","2024000000","人","1970","従業者数_うち常用雇用者","ボルト・ナット・リベット・小ねじ・木ねじ等製造業","1～4人","総数"
"105-2024","248","03","0","00000","2024000000","人","2395","従業者数_うち常用雇用者","ボルト・ナット・リベット・小ねじ・木ねじ等製造業","5～9人","総数"
"105-2024","248","04","0","00000","2024000000","人","4151","従業者数_うち常用雇用者","ボルト・ナット・リベット・小ねじ・木ねじ等製造業","10～19人","総数"
"105-2024","248","05","0","00000","2024000000","人","3401","従業者数_うち常用雇用者","ボルト・ナット・リベット・小ねじ・木ねじ等製造業","20～29人","総数"
"105-2024","248","06","0","00000","2024000000","人","5106","従業者数_うち常用雇用者","ボルト・ナット・リベット・小ねじ・木ねじ等製造業","30～49人","総数"
"105-2024","248","07","0","00000","2024000000","人","8161","従業者数_うち常用雇用者","ボルト・ナット・リベット・小ねじ・木ねじ等製造業","50～99人","総数"
"105-2024","248","08","0","00000","2024000000","人","5767","従業者数_うち常用雇用者","ボルト・ナット・リベット・小ねじ・木ねじ等製造業","100～199人","総数"
"105-2024","248","09","0","00000","2024000000","人","1761","従業者数_うち常用雇用者","ボルト・ナット・リベット・小ねじ・木ねじ等製造業","200～299人","総数"
"105-2024","248","10","0","00000","2024000000","人","4077","従業者数_うち常用雇用者","ボルト・ナット・リベット・小ねじ・木ねじ等製造業","300人以上","総数"
"105-2024","249","00","0","00000","2024000000","人","47320","従業者数_うち常用雇用者","その他の金属製品製造業","総数","総数"
"105-2024","249","01","0","00000","2024000000","人","***","従業者数_うち常用雇用者","その他の金属製品製造業","0人","総数"
"105-2024","249","02","0","00000","2024000000","人","2701","従業者数_うち常用雇用者","その他の金属製品製造業","1～4人","総数"
"105-2024","249","03","0","00000","2024000000","人","2920","従業者数_うち常用雇用者","その他の金属製品製造業","5～9人","総数"
"105-2024","249","04","0","00000","2024000000","人","5423","従業者数_うち常用雇用者","その他の金属製品製造業","10～19人","総数"
"105-2024","249","05","0","00000","2024000000","人","5141","従業者数_うち常用雇用者","その他の金属製品製造業","20～29人","総数"
"105-2024","249","06","0","00000","2024000000","人","6831","従業者数_うち常用雇用者","その他の金属製品製造業","30～49人","総数"
"105-2024","249","07","0","00000","2024000000","人","7941","従業者数_うち常用雇用者","その他の金属製品製造業","50～99人","総数"
"105-2024","249","08","0","00000","2024000000","人","6543","従業者数_うち常用雇用者","その他の金属製品製造業","100～199人","総数"
"105-2024","249","09","0","00000","2024000000","人","2907","従業者数_うち常用雇用者","その他の金属製品製造業","200～299人","総数"
"105-2024","249","10","0","00000","2024000000","人","6913","従業者数_うち常用雇用者","その他の金属製品製造業","300人以上","総数"
"105-2024","25","00","0","00000","2024000000","人","325084","従業者数_うち常用雇用者","はん用機械器具製造業","総数","総数"
"105-2024","25","01","0","00000","2024000000","人","***","従業者数_うち常用雇用者","はん用機械器具製造業","0人","総数"
"105-2024","25","02","0","00000","2024000000","人","10650","従業者数_うち常用雇用者","はん用機械器具製造業","1～4人","総数"
"105-2024","25","03","0","00000","2024000000","人","15091","従業者数_うち常用雇用者","はん用機械器具製造業","5～9人","総数"
"105-2024","25","04","0","00000","2024000000","人","22934","従業者数_うち常用雇用者","はん用機械器具製造業","10～19人","総数"
"105-2024","25","05","0","00000","2024000000","人","18238","従業者数_うち常用雇用者","はん用機械器具製造業","20～29人","総数"
"105-2024","25","06","0","00000","2024000000","人","26929","従業者数_うち常用雇用者","はん用機械器具製造業","30～49人","総数"
"105-2024","25","07","0","00000","2024000000","人","41092","従業者数_うち常用雇用者","はん用機械器具製造業","50～99人","総数"
"105-2024","25","08","0","00000","2024000000","人","43520","従業者数_うち常用雇用者","はん用機械器具製造業","100～199人","総数"
"105-2024","25","09","0","00000","2024000000","人","25521","従業者数_うち常用雇用者","はん用機械器具製造業","200～299人","総数"
"105-2024","25","10","0","00000","2024000000","人","121109","従業者数_うち常用雇用者","はん用機械器具製造業","300人以上","総数"
"105-2024","250","00","0","00000","2024000000","人","7452","従業者数_うち常用雇用者","管理、補助的経済活動を行う事業所（25_はん用機械器具製造業）","総数","総数"
"105-2024","250","01","0","00000","2024000000","人","***","従業者数_うち常用雇用者","管理、補助的経済活動を行う事業所（25_はん用機械器具製造業）","0人","総数"
"105-2024","250","02","0","00000","2024000000","人","236","従業者数_うち常用雇用者","管理、補助的経済活動を行う事業所（25_はん用機械器具製造業）","1～4人","総数"
"105-2024","250","03","0","00000","2024000000","人","248","従業者数_うち常用雇用者","管理、補助的経済活動を行う事業所（25_はん用機械器具製造業）","5～9人","総数"
"105-2024","250","04","0","00000","2024000000","人","315","従業者数_うち常用雇用者","管理、補助的経済活動を行う事業所（25_はん用機械器具製造業）","10～19人","総数"
"105-2024","250","05","0","00000","2024000000","人","224","従業者数_うち常用雇用者","管理、補助的経済活動を行う事業所（25_はん用機械器具製造業）","20～29人","総数"
"105-2024","250","06","0","00000","2024000000","人","693","従業者数_うち常用雇用者","管理、補助的経済活動を行う事業所（25_はん用機械器具製造業）","30～49人","総数"
"105-2024","250","07","0","00000","2024000000","人","689","従業者数_うち常用雇用者","管理、補助的経済活動を行う事業所（25_はん用機械器具製造業）","50～99人","総数"
"105-2024","250","08","0","00000","2024000000","人","389","従業者数_うち常用雇用者","管理、補助的経済活動を行う事業所（25_はん用機械器具製造業）","100～199人","総数"
"105-2024","250","09","0","00000","2024000000","人","499","従業者数_うち常用雇用者","管理、補助的経済活動を行う事業所（25_はん用機械器具製造業）","200～299人","総数"
"105-2024","250","10","0","00000","2024000000","人","4159","従業者数_うち常用雇用者","管理、補助的経済活動を行う事業所（25_はん用機械器具製造業）","300人以上","総数"
"105-2024","251","00","0","00000","2024000000","人","33312","従業者数_うち常用雇用者","ボイラ・原動機製造業","総数","総数"
"105-2024","251","01","0","00000","2024000000","人","***","従業者数_うち常用雇用者","ボイラ・原動機製造業","0人","総数"
"105-2024","251","02","0","00000","2024000000","人","270","従業者数_うち常用雇用者","ボイラ・原動機製造業","1～4人","総数"
"105-2024","251","03","0","00000","2024000000","人","496","従業者数_うち常用雇用者","ボイラ・原動機製造業","5～9人","総数"
"105-2024","251","04","0","00000","2024000000","人","1070","従業者数_うち常用雇用者","ボイラ・原動機製造業","10～19人","総数"
"105-2024","251","05","0","00000","2024000000","人","1139","従業者数_うち常用雇用者","ボイラ・原動機製造業","20～29人","総数"
"105-2024","251","06","0","00000","2024000000","人","1531","従業者数_うち常用雇用者","ボイラ・原動機製造業","30～49人","総数"
"105-2024","251","07","0","00000","2024000000","人","2136","従業者数_うち常用雇用者","ボイラ・原動機製造業","50～99人","総数"
"105-2024","251","08","0","00000","2024000000","人","3242","従業者数_うち常用雇用者","ボイラ・原動機製造業","100～199人","総数"
"105-2024","251","09","0","00000","2024000000","人","1022","従業者数_うち常用雇用者","ボイラ・原動機製造業","200～299人","総数"
"105-2024","251","10","0","00000","2024000000","人","22406","従業者数_うち常用雇用者","ボイラ・原動機製造業","300人以上","総数"
"105-2024","252","00","0","00000","2024000000","人","64316","従業者数_うち常用雇用者","ポンプ・圧縮機器製造業","総数","総数"
"105-2024","252","01","0","00000","2024000000","人","***","従業者数_うち常用雇用者","ポンプ・圧縮機器製造業","0人","総数"
"105-2024","252","02","0","00000","2024000000","人","1322","従業者数_うち常用雇用者","ポンプ・圧縮機器製造業","1～4人","総数"
"105-2024","252","03","0","00000","2024000000","人","2263","従業者数_うち常用雇用者","ポンプ・圧縮機器製造業","5～9人","総数"
"105-2024","252","04","0","00000","2024000000","人","3968","従業者数_うち常用雇用者","ポンプ・圧縮機器製造業","10～19人","総数"
"105-2024","252","05","0","00000","2024000000","人","3191","従業者数_うち常用雇用者","ポンプ・圧縮機器製造業","20～29人","総数"
"105-2024","252","06","0","00000","2024000000","人","5453","従業者数_うち常用雇用者","ポンプ・圧縮機器製造業","30～49人","総数"
"105-2024","252","07","0","00000","2024000000","人","7754","従業者数_うち常用雇用者","ポンプ・圧縮機器製造業","50～99人","総数"
"105-2024","252","08","0","00000","2024000000","人","8747","従業者数_うち常用雇用者","ポンプ・圧縮機器製造業","100～199人","総数"
"105-2024","252","09","0","00000","2024000000","人","6120","従業者数_うち常用雇用者","ポンプ・圧縮機器製造業","200～299人","総数"
"105-2024","252","10","0","00000","2024000000","人","25498","従業者数_うち常用雇用者","ポンプ・圧縮機器製造業","300人以上","総数"
"105-2024","253","00","0","00000","2024000000","人","105108","従業者数_うち常用雇用者","一般産業用機械・装置製造業","総数","総数"
"105-2024","253","01","0","00000","2024000000","人","***","従業者数_うち常用雇用者","一般産業用機械・装置製造業","0人","総数"
"105-2024","253","02","0","00000","2024000000","人","3310","従業者数_うち常用雇用者","一般産業用機械・装置製造業","1～4人","総数"
"105-2024","253","03","0","00000","2024000000","人","5249","従業者数_うち常用雇用者","一般産業用機械・装置製造業","5～9人","総数"
"105-2024","253","04","0","00000","2024000000","人","8043","従業者数_うち常用雇用者","一般産業用機械・装置製造業","10～19人","総数"
"105-2024","253","05","0","00000","2024000000","人","6438","従業者数_うち常用雇用者","一般産業用機械・装置製造業","20～29人","総数"
"105-2024","253","06","0","00000","2024000000","人","8705","従業者数_うち常用雇用者","一般産業用機械・装置製造業","30～49人","総数"
"105-2024","253","07","0","00000","2024000000","人","13951","従業者数_うち常用雇用者","一般産業用機械・装置製造業","50～99人","総数"
"105-2024","253","08","0","00000","2024000000","人","15285","従業者数_うち常用雇用者","一般産業用機械・装置製造業","100～199人","総数"
"105-2024","253","09","0","00000","2024000000","人","8745","従業者数_うち常用雇用者","一般産業用機械・装置製造業","200～299人","総数"
"105-2024","253","10","0","00000","2024000000","人","35382","従業者数_うち常用雇用者","一般産業用機械・装置製造業","300人以上","総数"
"105-2024","259","00","0","00000","2024000000","人","114896","従業者数_うち常用雇用者","その他のはん用機械・同部分品製造業","総数","総数"
"105-2024","259","01","0","00000","2024000000","人","***","従業者数_うち常用雇用者","その他のはん用機械・同部分品製造業","0人","総数"
"105-2024","259","02","0","00000","2024000000","人","5512","従業者数_うち常用雇用者","その他のはん用機械・同部分品製造業","1～4人","総数"
"105-2024","259","03","0","00000","2024000000","人","6835","従業者数_うち常用雇用者","その他のはん用機械・同部分品製造業","5～9人","総数"
"105-2024","259","04","0","00000","2024000000","人","9538","従業者数_うち常用雇用者","その他のはん用機械・同部分品製造業","10～19人","総数"
"105-2024","259","05","0","00000","2024000000","人","7246","従業者数_うち常用雇用者","その他のはん用機械・同部分品製造業","20～29人","総数"
"105-2024","259","06","0","00000","2024000000","人","10547","従業者数_うち常用雇用者","その他のはん用機械・同部分品製造業","30～49人","総数"
"105-2024","259","07","0","00000","2024000000","人","16562","従業者数_うち常用雇用者","その他のはん用機械・同部分品製造業","50～99人","総数"
"105-2024","259","08","0","00000","2024000000","人","15857","従業者数_うち常用雇用者","その他のはん用機械・同部分品製造業","100～199人","総数"
"105-2024","259","09","0","00000","2024000000","人","9135","従業者数_うち常用雇用者","その他のはん用機械・同部分品製造業","200～299人","総数"
"105-2024","259","10","0","00000","2024000000","人","33664","従業者数_うち常用雇用者","その他のはん用機械・同部分品製造業","300人以上","総数"
"105-2024","26","00","0","00000","2024000000","人","651931","従業者数_うち常用雇用者","生産用機械器具製造業","総数","総数"
"105-2024","26","01","0","00000","2024000000","人","***","従業者数_うち常用雇用者","生産用機械器具製造業","0人","総数"
"105-2024","26","02","0","00000","2024000000","人","26682","従業者数_うち常用雇用者","生産用機械器具製造業","1～4人","総数"
"105-2024","26","03","0","00000","2024000000","人","37094","従業者数_うち常用雇用者","生産用機械器具製造業","5～9人","総数"
"105-2024","26","04","0","00000","2024000000","人","59535","従業者数_うち常用雇用者","生産用機械器具製造業","10～19人","総数"
"105-2024","26","05","0","00000","2024000000","人","51072","従業者数_うち常用雇用者","生産用機械器具製造業","20～29人","総数"
"105-2024","26","06","0","00000","2024000000","人","71650","従業者数_うち常用雇用者","生産用機械器具製造業","30～49人","総数"
"105-2024","26","07","0","00000","2024000000","人","102284","従業者数_うち常用雇用者","生産用機械器具製造業","50～99人","総数"
"105-2024","26","08","0","00000","2024000000","人","87758","従業者数_うち常用雇用者","生産用機械器具製造業","100～199人","総数"
"105-2024","26","09","0","00000","2024000000","人","44708","従業者数_うち常用雇用者","生産用機械器具製造業","200～299人","総数"
"105-2024","26","10","0","00000","2024000000","人","171148","従業者数_うち常用雇用者","生産用機械器具製造業","300人以上","総数"
"105-2024","260","00","0","00000","2024000000","人","12297","従業者数_うち常用雇用者","管理、補助的経済活動を行う事業所（26_生産用機械器具製造業）","総数","総数"
"105-2024","260","01","0","00000","2024000000","人","***","従業者数_うち常用雇用者","管理、補助的経済活動を行う事業所（26_生産用機械器具製造業）","0人","総数"
"105-2024","260","02","0","00000","2024000000","人","619","従業者数_うち常用雇用者","管理、補助的経済活動を行う事業所（26_生産用機械器具製造業）","1～4人","総数"
"105-2024","260","03","0","00000","2024000000","人","313","従業者数_うち常用雇用者","管理、補助的経済活動を行う事業所（26_生産用機械器具製造業）","5～9人","総数"
"105-2024","260","04","0","00000","2024000000","人","392","従業者数_うち常用雇用者","管理、補助的経済活動を行う事業所（26_生産用機械器具製造業）","10～19人","総数"
"105-2024","260","05","0","00000","2024000000","人","407","従業者数_うち常用雇用者","管理、補助的経済活動を行う事業所（26_生産用機械器具製造業）","20～29人","総数"
"105-2024","260","06","0","00000","2024000000","人","473","従業者数_うち常用雇用者","管理、補助的経済活動を行う事業所（26_生産用機械器具製造業）","30～49人","総数"
"105-2024","260","07","0","00000","2024000000","人","1129","従業者数_うち常用雇用者","管理、補助的経済活動を行う事業所（26_生産用機械器具製造業）","50～99人","総数"
"105-2024","260","08","0","00000","2024000000","人","871","従業者数_うち常用雇用者","管理、補助的経済活動を行う事業所（26_生産用機械器具製造業）","100～199人","総数"
"105-2024","260","09","0","00000","2024000000","人","***","従業者数_うち常用雇用者","管理、補助的経済活動を行う事業所（26_生産用機械器具製造業）","200～299人","総数"
"105-2024","260","10","0","00000","2024000000","人","8093","従業者数_うち常用雇用者","管理、補助的経済活動を行う事業所（26_生産用機械器具製造業）","300人以上","総数"
"105-2024","261","00","0","00000","2024000000","人","28901","従業者数_うち常用雇用者","農業用機械製造業（農業用器具を除く）","総数","総数"
"105-2024","261","01","0","00000","2024000000","人","***","従業者数_うち常用雇用者","農業用機械製造業（農業用器具を除く）","0人","総数"
"105-2024","261","02","0","00000","2024000000","人","826","従業者数_うち常用雇用者","農業用機械製造業（農業用器具を除く）","1～4人","総数"
"105-2024","261","03","0","00000","2024000000","人","1347","従業者数_うち常用雇用者","農業用機械製造業（農業用器具を除く）","5～9人","総数"
"105-2024","261","04","0","00000","2024000000","人","2310","従業者数_うち常用雇用者","農業用機械製造業（農業用器具を除く）","10～19人","総数"
"105-2024","261","05","0","00000","2024000000","人","1917","従業者数_うち常用雇用者","農業用機械製造業（農業用器具を除く）","20～29人","総数"
"105-2024","261","06","0","00000","2024000000","人","3073","従業者数_うち常用雇用者","農業用機械製造業（農業用器具を除く）","30～49人","総数"
"105-2024","261","07","0","00000","2024000000","人","3748","従業者数_うち常用雇用者","農業用機械製造業（農業用器具を除く）","50～99人","総数"
"105-2024","261","08","0","00000","2024000000","人","4566","従業者数_うち常用雇用者","農業用機械製造業（農業用器具を除く）","100～199人","総数"
"105-2024","261","09","0","00000","2024000000","人","2573","従業者数_うち常用雇用者","農業用機械製造業（農業用器具を除く）","200～299人","総数"
"105-2024","261","10","0","00000","2024000000","人","8541","従業者数_うち常用雇用者","農業用機械製造業（農業用器具を除く）","300人以上","総数"
"105-2024","262","00","0","00000","2024000000","人","76008","従業者数_うち常用雇用者","建設機械・鉱山機械製造業","総数","総数"
"105-2024","262","01","0","00000","2024000000","人","***","従業者数_うち常用雇用者","建設機械・鉱山機械製造業","0人","総数"
"105-2024","262","02","0","00000","2024000000","人","1406","従業者数_うち常用雇用者","建設機械・鉱山機械製造業","1～4人","総数"
"105-2024","262","03","0","00000","2024000000","人","2381","従業者数_うち常用雇用者","建設機械・鉱山機械製造業","5～9人","総数"
"105-2024","262","04","0","00000","2024000000","人","3894","従業者数_うち常用雇用者","建設機械・鉱山機械製造業","10～19人","総数"
"105-2024","262","05","0","00000","2024000000","人","3811","従業者数_うち常用雇用者","建設機械・鉱山機械製造業","20～29人","総数"
"105-2024","262","06","0","00000","2024000000","人","6796","従業者数_うち常用雇用者","建設機械・鉱山機械製造業","30～49人","総数"
"105-2024","262","07","0","00000","2024000000","人","11353","従業者数_うち常用雇用者","建設機械・鉱山機械製造業","50～99人","総数"
"105-2024","262","08","0","00000","2024000000","人","10173","従業者数_うち常用雇用者","建設機械・鉱山機械製造業","100～199人","総数"
"105-2024","262","09","0","00000","2024000000","人","5065","従業者数_うち常用雇用者","建設機械・鉱山機械製造業","200～299人","総数"
"105-2024","262","10","0","00000","2024000000","人","31129","従業者数_うち常用雇用者","建設機械・鉱山機械製造業","300人以上","総数"
"105-2024","263","00","0","00000","2024000000","人","11158","従業者数_うち常用雇用者","繊維機械製造業","総数","総数"
"105-2024","263","01","0","00000","2024000000","人","***","従業者数_うち常用雇用者","繊維機械製造業","0人","総数"
"105-2024","263","02","0","00000","2024000000","人","505","従業者数_うち常用雇用者","繊維機械製造業","1～4人","総数"
"105-2024","263","03","0","00000","2024000000","人","530","従業者数_うち常用雇用者","繊維機械製造業","5～9人","総数"
"105-2024","263","04","0","00000","2024000000","人","867","従業者数_うち常用雇用者","繊維機械製造業","10～19人","総数"
"105-2024","263","05","0","00000","2024000000","人","849","従業者数_うち常用雇用者","繊維機械製造業","20～29人","総数"
"105-2024","263","06","0","00000","2024000000","人","1185","従業者数_うち常用雇用者","繊維機械製造業","30～49人","総数"
"105-2024","263","07","0","00000","2024000000","人","2029","従業者数_うち常用雇用者","繊維機械製造業","50～99人","総数"
"105-2024","263","08","0","00000","2024000000","人","1510","従業者数_うち常用雇用者","繊維機械製造業","100～199人","総数"
"105-2024","263","09","0","00000","2024000000","人","1031","従業者数_うち常用雇用者","繊維機械製造業","200～299人","総数"
"105-2024","263","10","0","00000","2024000000","人","2652","従業者数_うち常用雇用者","繊維機械製造業","300人以上","総数"
"105-2024","264","00","0","00000","2024000000","人","51232","従業者数_うち常用雇用者","生活関連産業用機械製造業","総数","総数"
"105-2024","264","01","0","00000","2024000000","人","***","従業者数_うち常用雇用者","生活関連産業用機械製造業","0人","総数"
"105-2024","264","02","0","00000","2024000000","人","2834","従業者数_うち常用雇用者","生活関連産業用機械製造業","1～4人","総数"
"105-2024","264","03","0","00000","2024000000","人","3573","従業者数_うち常用雇用者","生活関連産業用機械製造業","5～9人","総数"
"105-2024","264","04","0","00000","2024000000","人","5767","従業者数_うち常用雇用者","生活関連産業用機械製造業","10～19人","総数"
"105-2024","264","05","0","00000","2024000000","人","4384","従業者数_うち常用雇用者","生活関連産業用機械製造業","20～29人","総数"
"105-2024","264","06","0","00000","2024000000","人","5746","従業者数_うち常用雇用者","生活関連産業用機械製造業","30～49人","総数"
"105-2024","264","07","0","00000","2024000000","人","9367","従業者数_うち常用雇用者","生活関連産業用機械製造業","50～99人","総数"
"105-2024","264","08","0","00000","2024000000","人","7984","従業者数_うち常用雇用者","生活関連産業用機械製造業","100～199人","総数"
"105-2024","264","09","0","00000","2024000000","人","4936","従業者数_うち常用雇用者","生活関連産業用機械製造業","200～299人","総数"
"105-2024","264","10","0","00000","2024000000","人","6641","従業者数_うち常用雇用者","生活関連産業用機械製造業","300人以上","総数"
"105-2024","265","00","0","00000","2024000000","人","54744","従業者数_うち常用雇用者","基礎素材産業用機械製造業","総数","総数"
"105-2024","265","01","0","00000","2024000000","人","***","従業者数_うち常用雇用者","基礎素材産業用機械製造業","0人","総数"
"105-2024","265","02","0","00000","2024000000","人","1879","従業者数_うち常用雇用者","基礎素材産業用機械製造業","1～4人","総数"
"105-2024","265","03","0","00000","2024000000","人","3058","従業者数_うち常用雇用者","基礎素材産業用機械製造業","5～9人","総数"
"105-2024","265","04","0","00000","2024000000","人","4913","従業者数_うち常用雇用者","基礎素材産業用機械製造業","10～19人","総数"
"105-2024","265","05","0","00000","2024000000","人","3970","従業者数_うち常用雇用者","基礎素材産業用機械製造業","20～29人","総数"
"105-2024","265","06","0","00000","2024000000","人","5229","従業者数_うち常用雇用者","基礎素材産業用機械製造業","30～49人","総数"
"105-2024","265","07","0","00000","2024000000","人","8385","従業者数_うち常用雇用者","基礎素材産業用機械製造業","50～99人","総数"
"105-2024","265","08","0","00000","2024000000","人","7940","従業者数_うち常用雇用者","基礎素材産業用機械製造業","100～199人","総数"
"105-2024","265","09","0","00000","2024000000","人","5257","従業者数_うち常用雇用者","基礎素材産業用機械製造業","200～299人","総数"
"105-2024","265","10","0","00000","2024000000","人","14113","従業者数_うち常用雇用者","基礎素材産業用機械製造業","300人以上","総数"
"105-2024","266","00","0","00000","2024000000","人","154179","従業者数_うち常用雇用者","金属加工機械製造業","総数","総数"
"105-2024","266","01","0","00000","2024000000","人","***","従業者数_うち常用雇用者","金属加工機械製造業","0人","総数"
"105-2024","266","02","0","00000","2024000000","人","8505","従業者数_うち常用雇用者","金属加工機械製造業","1～4人","総数"
"105-2024","266","03","0","00000","2024000000","人","11092","従業者数_うち常用雇用者","金属加工機械製造業","5～9人","総数"
"105-2024","266","04","0","00000","2024000000","人","16793","従業者数_うち常用雇用者","金属加工機械製造業","10～19人","総数"
"105-2024","266","05","0","00000","2024000000","人","13200","従業者数_うち常用雇用者","金属加工機械製造業","20～29人","総数"
"105-2024","266","06","0","00000","2024000000","人","17792","従業者数_うち常用雇用者","金属加工機械製造業","30～49人","総数"
"105-2024","266","07","0","00000","2024000000","人","23505","従業者数_うち常用雇用者","金属加工機械製造業","50～99人","総数"
"105-2024","266","08","0","00000","2024000000","人","17967","従業者数_うち常用雇用者","金属加工機械製造業","100～199人","総数"
"105-2024","266","09","0","00000","2024000000","人","7865","従業者数_うち常用雇用者","金属加工機械製造業","200～299人","総数"
"105-2024","266","10","0","00000","2024000000","人","37460","従業者数_うち常用雇用者","金属加工機械製造業","300人以上","総数"
"105-2024","267","00","0","00000","2024000000","人","96258","従業者数_うち常用雇用者","半導体・フラットパネルディスプレイ製造装置製造業","総数","総数"
"105-2024","267","01","0","00000","2024000000","人","***","従業者数_うち常用雇用者","半導体・フラットパネルディスプレイ製造装置製造業","0人","総数"
"105-2024","267","02","0","00000","2024000000","人","1378","従業者数_うち常用雇用者","半導体・フラットパネルディスプレイ製造装置製造業","1～4人","総数"
"105-2024","267","03","0","00000","2024000000","人","2443","従業者数_うち常用雇用者","半導体・フラットパネルディスプレイ製造装置製造業","5～9人","総数"
"105-2024","267","04","0","00000","2024000000","人","5430","従業者数_うち常用雇用者","半導体・フラットパネルディスプレイ製造装置製造業","10～19人","総数"
"105-2024","267","05","0","00000","2024000000","人","5833","従業者数_うち常用雇用者","半導体・フラットパネルディスプレイ製造装置製造業","20～29人","総数"
"105-2024","267","06","0","00000","2024000000","人","9789","従業者数_うち常用雇用者","半導体・フラットパネルディスプレイ製造装置製造業","30～49人","総数"
"105-2024","267","07","0","00000","2024000000","人","15544","従業者数_うち常用雇用者","半導体・フラットパネルディスプレイ製造装置製造業","50～99人","総数"
"105-2024","267","08","0","00000","2024000000","人","14241","従業者数_うち常用雇用者","半導体・フラットパネルディスプレイ製造装置製造業","100～199人","総数"
"105-2024","267","09","0","00000","2024000000","人","8718","従業者数_うち常用雇用者","半導体・フラットパネルディスプレイ製造装置製造業","200～299人","総数"
"105-2024","267","10","0","00000","2024000000","人","32882","従業者数_うち常用雇用者","半導体・フラットパネルディスプレイ製造装置製造業","300人以上","総数"
"105-2024","269","00","0","00000","2024000000","人","167153","従業者数_うち常用雇用者","その他の生産用機械・同部分品製造業","総数","総数"
"105-2024","269","01","0","00000","2024000000","人","***","従業者数_うち常用雇用者","その他の生産用機械・同部分品製造業","0人","総数"
"105-2024","269","02","0","00000","2024000000","人","8729","従業者数_うち常用雇用者","その他の生産用機械・同部分品製造業","1～4人","総数"
"105-2024","269","03","0","00000","2024000000","人","12357","従業者数_うち常用雇用者","その他の生産用機械・同部分品製造業","5～9人","総数"
"105-2024","269","04","0","00000","2024000000","人","19169","従業者数_うち常用雇用者","その他の生産用機械・同部分品製造業","10～19人","総数"
"105-2024","269","05","0","00000","2024000000","人","16701","従業者数_うち常用雇用者","その他の生産用機械・同部分品製造業","20～29人","総数"
"105-2024","269","06","0","00000","2024000000","人","21567","従業者数_うち常用雇用者","その他の生産用機械・同部分品製造業","30～49人","総数"
"105-2024","269","07","0","00000","2024000000","人","27224","従業者数_うち常用雇用者","その他の生産用機械・同部分品製造業","50～99人","総数"
"105-2024","269","08","0","00000","2024000000","人","22506","従業者数_うち常用雇用者","その他の生産用機械・同部分品製造業","100～199人","総数"
"105-2024","269","09","0","00000","2024000000","人","9263","従業者数_うち常用雇用者","その他の生産用機械・同部分品製造業","200～299人","総数"
"105-2024","269","10","0","00000","2024000000","人","29637","従業者数_うち常用雇用者","その他の生産用機械・同部分品製造業","300人以上","総数"
"105-2024","27","00","0","00000","2024000000","人","233132","従業者数_うち常用雇用者","業務用機械器具製造業","総数","総数"
"105-2024","27","01","0","00000","2024000000","人","***","従業者数_うち常用雇用者","業務用機械器具製造業","0人","総数"
"105-2024","27","02","0","00000","2024000000","人","5646","従業者数_うち常用雇用者","業務用機械器具製造業","1～4人","総数"
"105-2024","27","03","0","00000","2024000000","人","8020","従業者数_うち常用雇用者","業務用機械器具製造業","5～9人","総数"
"105-2024","27","04","0","00000","2024000000","人","13849","従業者数_うち常用雇用者","業務用機械器具製造業","10～19人","総数"
"105-2024","27","05","0","00000","2024000000","人","13240","従業者数_うち常用雇用者","業務用機械器具製造業","20～29人","総数"
"105-2024","27","06","0","00000","2024000000","人","17645","従業者数_うち常用雇用者","業務用機械器具製造業","30～49人","総数"
"105-2024","27","07","0","00000","2024000000","人","29656","従業者数_うち常用雇用者","業務用機械器具製造業","50～99人","総数"
"105-2024","27","08","0","00000","2024000000","人","34184","従業者数_うち常用雇用者","業務用機械器具製造業","100～199人","総数"
"105-2024","27","09","0","00000","2024000000","人","21074","従業者数_うち常用雇用者","業務用機械器具製造業","200～299人","総数"
"105-2024","27","10","0","00000","2024000000","人","89818","従業者数_うち常用雇用者","業務用機械器具製造業","300人以上","総数"
"105-2024","270","00","0","00000","2024000000","人","5691","従業者数_うち常用雇用者","管理、補助的経済活動を行う事業所（27_業務用機械器具製造業）","総数","総数"
"105-2024","270","01","0","00000","2024000000","人","***","従業者数_うち常用雇用者","管理、補助的経済活動を行う事業所（27_業務用機械器具製造業）","0人","総数"
"105-2024","270","02","0","00000","2024000000","人","178","従業者数_うち常用雇用者","管理、補助的経済活動を行う事業所（27_業務用機械器具製造業）","1～4人","総数"
"105-2024","270","03","0","00000","2024000000","人","220","従業者数_うち常用雇用者","管理、補助的経済活動を行う事業所（27_業務用機械器具製造業）","5～9人","総数"
"105-2024","270","04","0","00000","2024000000","人","328","従業者数_うち常用雇用者","管理、補助的経済活動を行う事業所（27_業務用機械器具製造業）","10～19人","総数"
"105-2024","270","05","0","00000","2024000000","人","309","従業者数_うち常用雇用者","管理、補助的経済活動を行う事業所（27_業務用機械器具製造業）","20～29人","総数"
"105-2024","270","06","0","00000","2024000000","人","271","従業者数_うち常用雇用者","管理、補助的経済活動を行う事業所（27_業務用機械器具製造業）","30～49人","総数"
"105-2024","270","07","0","00000","2024000000","人","754","従業者数_うち常用雇用者","管理、補助的経済活動を行う事業所（27_業務用機械器具製造業）","50～99人","総数"
"105-2024","270","08","0","00000","2024000000","人","919","従業者数_うち常用雇用者","管理、補助的経済活動を行う事業所（27_業務用機械器具製造業）","100～199人","総数"
"105-2024","270","09","0","00000","2024000000","人","223","従業者数_うち常用雇用者","管理、補助的経済活動を行う事業所（27_業務用機械器具製造業）","200～299人","総数"
"105-2024","270","10","0","00000","2024000000","人","2489","従業者数_うち常用雇用者","管理、補助的経済活動を行う事業所（27_業務用機械器具製造業）","300人以上","総数"
"105-2024","271","00","0","00000","2024000000","人","37896","従業者数_うち常用雇用者","事務用機械器具製造業","総数","総数"
"105-2024","271","01","0","00000","2024000000","人","***","従業者数_うち常用雇用者","事務用機械器具製造業","0人","総数"
"105-2024","271","02","0","00000","2024000000","人","257","従業者数_うち常用雇用者","事務用機械器具製造業","1～4人","総数"
"105-2024","271","03","0","00000","2024000000","人","296","従業者数_うち常用雇用者","事務用機械器具製造業","5～9人","総数"
"105-2024","271","04","0","00000","2024000000","人","615","従業者数_うち常用雇用者","事務用機械器具製造業","10～19人","総数"
"105-2024","271","05","0","00000","2024000000","人","888","従業者数_うち常用雇用者","事務用機械器具製造業","20～29人","総数"
"105-2024","271","06","0","00000","2024000000","人","1417","従業者数_うち常用雇用者","事務用機械器具製造業","30～49人","総数"
"105-2024","271","07","0","00000","2024000000","人","2602","従業者数_うち常用雇用者","事務用機械器具製造業","50～99人","総数"
"105-2024","271","08","0","00000","2024000000","人","2317","従業者数_うち常用雇用者","事務用機械器具製造業","100～199人","総数"
"105-2024","271","09","0","00000","2024000000","人","3258","従業者数_うち常用雇用者","事務用機械器具製造業","200～299人","総数"
"105-2024","271","10","0","00000","2024000000","人","26246","従業者数_うち常用雇用者","事務用機械器具製造業","300人以上","総数"
"105-2024","272","00","0","00000","2024000000","人","28208","従業者数_うち常用雇用者","サービス用・娯楽用機械器具製造業","総数","総数"
"105-2024","272","01","0","00000","2024000000","人","***","従業者数_うち常用雇用者","サービス用・娯楽用機械器具製造業","0人","総数"
"105-2024","272","02","0","00000","2024000000","人","756","従業者数_うち常用雇用者","サービス用・娯楽用機械器具製造業","1～4人","総数"
"105-2024","272","03","0","00000","2024000000","人","1304","従業者数_うち常用雇用者","サービス用・娯楽用機械器具製造業","5～9人","総数"
"105-2024","272","04","0","00000","2024000000","人","2328","従業者数_うち常用雇用者","サービス用・娯楽用機械器具製造業","10～19人","総数"
"105-2024","272","05","0","00000","2024000000","人","1926","従業者数_うち常用雇用者","サービス用・娯楽用機械器具製造業","20～29人","総数"
"105-2024","272","06","0","00000","2024000000","人","3506","従業者数_うち常用雇用者","サービス用・娯楽用機械器具製造業","30～49人","総数"
"105-2024","272","07","0","00000","2024000000","人","4824","従業者数_うち常用雇用者","サービス用・娯楽用機械器具製造業","50～99人","総数"
"105-2024","272","08","0","00000","2024000000","人","4606","従業者数_うち常用雇用者","サービス用・娯楽用機械器具製造業","100～199人","総数"
"105-2024","272","09","0","00000","2024000000","人","3103","従業者数_うち常用雇用者","サービス用・娯楽用機械器具製造業","200～299人","総数"
"105-2024","272","10","0","00000","2024000000","人","5855","従業者数_うち常用雇用者","サービス用・娯楽用機械器具製造業","300人以上","総数"
"105-2024","273","00","0","00000","2024000000","人","63027","従業者数_うち常用雇用者","計量器・測定器・分析機器・試験機・測量機械器具・理化学機械器具製造業","総数","総数"
"105-2024","273","01","0","00000","2024000000","人","***","従業者数_うち常用雇用者","計量器・測定器・分析機器・試験機・測量機械器具・理化学機械器具製造業","0人","総数"
"105-2024","273","02","0","00000","2024000000","人","2142","従業者数_うち常用雇用者","計量器・測定器・分析機器・試験機・測量機械器具・理化学機械器具製造業","1～4人","総数"
"105-2024","273","03","0","00000","2024000000","人","3003","従業者数_うち常用雇用者","計量器・測定器・分析機器・試験機・測量機械器具・理化学機械器具製造業","5～9人","総数"
"105-2024","273","04","0","00000","2024000000","人","5113","従業者数_うち常用雇用者","計量器・測定器・分析機器・試験機・測量機械器具・理化学機械器具製造業","10～19人","総数"
"105-2024","273","05","0","00000","2024000000","人","4746","従業者数_うち常用雇用者","計量器・測定器・分析機器・試験機・測量機械器具・理化学機械器具製造業","20～29人","総数"
"105-2024","273","06","0","00000","2024000000","人","5806","従業者数_うち常用雇用者","計量器・測定器・分析機器・試験機・測量機械器具・理化学機械器具製造業","30～49人","総数"
"105-2024","273","07","0","00000","2024000000","人","9049","従業者数_うち常用雇用者","計量器・測定器・分析機器・試験機・測量機械器具・理化学機械器具製造業","50～99人","総数"
"105-2024","273","08","0","00000","2024000000","人","10968","従業者数_うち常用雇用者","計量器・測定器・分析機器・試験機・測量機械器具・理化学機械器具製造業","100～199人","総数"
"105-2024","273","09","0","00000","2024000000","人","5186","従業者数_うち常用雇用者","計量器・測定器・分析機器・試験機・測量機械器具・理化学機械器具製造業","200～299人","総数"
"105-2024","273","10","0","00000","2024000000","人","17014","従業者数_うち常用雇用者","計量器・測定器・分析機器・試験機・測量機械器具・理化学機械器具製造業","300人以上","総数"
"105-2024","274","00","0","00000","2024000000","人","65720","従業者数_うち常用雇用者","医療用機械器具・医療用品製造業","総数","総数"
"105-2024","274","01","0","00000","2024000000","人","***","従業者数_うち常用雇用者","医療用機械器具・医療用品製造業","0人","総数"
"105-2024","274","02","0","00000","2024000000","人","1608","従業者数_うち常用雇用者","医療用機械器具・医療用品製造業","1～4人","総数"
"105-2024","274","03","0","00000","2024000000","人","2362","従業者数_うち常用雇用者","医療用機械器具・医療用品製造業","5～9人","総数"
"105-2024","274","04","0","00000","2024000000","人","4083","従業者数_うち常用雇用者","医療用機械器具・医療用品製造業","10～19人","総数"
"105-2024","274","05","0","00000","2024000000","人","3513","従業者数_うち常用雇用者","医療用機械器具・医療用品製造業","20～29人","総数"
"105-2024","274","06","0","00000","2024000000","人","4291","従業者数_うち常用雇用者","医療用機械器具・医療用品製造業","30～49人","総数"
"105-2024","274","07","0","00000","2024000000","人","8820","従業者数_うち常用雇用者","医療用機械器具・医療用品製造業","50～99人","総数"
"105-2024","274","08","0","00000","2024000000","人","10367","従業者数_うち常用雇用者","医療用機械器具・医療用品製造業","100～199人","総数"
"105-2024","274","09","0","00000","2024000000","人","5763","従業者数_うち常用雇用者","医療用機械器具・医療用品製造業","200～299人","総数"
"105-2024","274","10","0","00000","2024000000","人","24913","従業者数_うち常用雇用者","医療用機械器具・医療用品製造業","300人以上","総数"
"105-2024","275","00","0","00000","2024000000","人","24481","従業者数_うち常用雇用者","光学機械器具・レンズ製造業","総数","総数"
"105-2024","275","01","0","00000","2024000000","人","***","従業者数_うち常用雇用者","光学機械器具・レンズ製造業","0人","総数"
"105-2024","275","02","0","00000","2024000000","人","692","従業者数_うち常用雇用者","光学機械器具・レンズ製造業","1～4人","総数"
"105-2024","275","03","0","00000","2024000000","人","813","従業者数_うち常用雇用者","光学機械器具・レンズ製造業","5～9人","総数"
"105-2024","275","04","0","00000","2024000000","人","1317","従業者数_うち常用雇用者","光学機械器具・レンズ製造業","10～19人","総数"
"105-2024","275","05","0","00000","2024000000","人","1722","従業者数_うち常用雇用者","光学機械器具・レンズ製造業","20～29人","総数"
"105-2024","275","06","0","00000","2024000000","人","2179","従業者数_うち常用雇用者","光学機械器具・レンズ製造業","30～49人","総数"
"105-2024","275","07","0","00000","2024000000","人","3386","従業者数_うち常用雇用者","光学機械器具・レンズ製造業","50～99人","総数"
"105-2024","275","08","0","00000","2024000000","人","4328","従業者数_うち常用雇用者","光学機械器具・レンズ製造業","100～199人","総数"
"105-2024","275","09","0","00000","2024000000","人","2741","従業者数_うち常用雇用者","光学機械器具・レンズ製造業","200～299人","総数"
"105-2024","275","10","0","00000","2024000000","人","7303","従業者数_うち常用雇用者","光学機械器具・レンズ製造業","300人以上","総数"
"105-2024","276","00","0","00000","2024000000","人","8109","従業者数_うち常用雇用者","武器製造業","総数","総数"
"105-2024","276","01","0","00000","2024000000","人","***","従業者数_うち常用雇用者","武器製造業","0人","総数"
"105-2024","276","02","0","00000","2024000000","人","13","従業者数_うち常用雇用者","武器製造業","1～4人","総数"
"105-2024","276","03","0","00000","2024000000","人","22","従業者数_うち常用雇用者","武器製造業","5～9人","総数"
"105-2024","276","04","0","00000","2024000000","人","65","従業者数_うち常用雇用者","武器製造業","10～19人","総数"
"105-2024","276","05","0","00000","2024000000","人","136","従業者数_うち常用雇用者","武器製造業","20～29人","総数"
"105-2024","276","06","0","00000","2024000000","人","175","従業者数_うち常用雇用者","武器製造業","30～49人","総数"
"105-2024","276","07","0","00000","2024000000","人","221","従業者数_うち常用雇用者","武器製造業","50～99人","総数"
"105-2024","276","08","0","00000","2024000000","人","679","従業者数_うち常用雇用者","武器製造業","100～199人","総数"
"105-2024","276","09","0","00000","2024000000","人","800","従業者数_うち常用雇用者","武器製造業","200～299人","総数"
"105-2024","276","10","0","00000","2024000000","人","5998","従業者数_うち常用雇用者","武器製造業","300人以上","総数"
"105-2024","28","00","0","00000","2024000000","人","411850","従業者数_うち常用雇用者","電子部品・デバイス・電子回路製造業","総数","総数"
"105-2024","28","01","0","00000","2024000000","人","***","従業者数_うち常用雇用者","電子部品・デバイス・電子回路製造業","0人","総数"
"105-2024","28","02","0","00000","2024000000","人","3573","従業者数_うち常用雇用者","電子部品・デバイス・電子回路製造業","1～4人","総数"
"105-2024","28","03","0","00000","2024000000","人","6529","従業者数_うち常用雇用者","電子部品・デバイス・電子回路製造業","5～9人","総数"
"105-2024","28","04","0","00000","2024000000","人","13449","従業者数_うち常用雇用者","電子部品・デバイス・電子回路製造業","10～19人","総数"
"105-2024","28","05","0","00000","2024000000","人","12778","従業者数_うち常用雇用者","電子部品・デバイス・電子回路製造業","20～29人","総数"
"105-2024","28","06","0","00000","2024000000","人","22280","従業者数_うち常用雇用者","電子部品・デバイス・電子回路製造業","30～49人","総数"
"105-2024","28","07","0","00000","2024000000","人","41451","従業者数_うち常用雇用者","電子部品・デバイス・電子回路製造業","50～99人","総数"
"105-2024","28","08","0","00000","2024000000","人","58446","従業者数_うち常用雇用者","電子部品・デバイス・電子回路製造業","100～199人","総数"
"105-2024","28","09","0","00000","2024000000","人","36000","従業者数_うち常用雇用者","電子部品・デバイス・電子回路製造業","200～299人","総数"
"105-2024","28","10","0","00000","2024000000","人","217344","従業者数_うち常用雇用者","電子部品・デバイス・電子回路製造業","300人以上","総数"
"105-2024","280","00","0","00000","2024000000","人","8473","従業者数_うち常用雇用者","管理、補助的経済活動を行う事業所（28_電子部品・デバイス・電子回路製造業）","総数","総数"
"105-2024","280","01","0","00000","2024000000","人","***","従業者数_うち常用雇用者","管理、補助的経済活動を行う事業所（28_電子部品・デバイス・電子回路製造業）","0人","総数"
"105-2024","280","02","0","00000","2024000000","人","141","従業者数_うち常用雇用者","管理、補助的経済活動を行う事業所（28_電子部品・デバイス・電子回路製造業）","1～4人","総数"
"105-2024","280","03","0","00000","2024000000","人","199","従業者数_うち常用雇用者","管理、補助的経済活動を行う事業所（28_電子部品・デバイス・電子回路製造業）","5～9人","総数"
"105-2024","280","04","0","00000","2024000000","人","466","従業者数_うち常用雇用者","管理、補助的経済活動を行う事業所（28_電子部品・デバイス・電子回路製造業）","10～19人","総数"
"105-2024","280","05","0","00000","2024000000","人","175","従業者数_うち常用雇用者","管理、補助的経済活動を行う事業所（28_電子部品・デバイス・電子回路製造業）","20～29人","総数"
"105-2024","280","06","0","00000","2024000000","人","339","従業者数_うち常用雇用者","管理、補助的経済活動を行う事業所（28_電子部品・デバイス・電子回路製造業）","30～49人","総数"
"105-2024","280","07","0","00000","2024000000","人","697","従業者数_うち常用雇用者","管理、補助的経済活動を行う事業所（28_電子部品・デバイス・電子回路製造業）","50～99人","総数"
"105-2024","280","08","0","00000","2024000000","人","1696","従業者数_うち常用雇用者","管理、補助的経済活動を行う事業所（28_電子部品・デバイス・電子回路製造業）","100～199人","総数"
"105-2024","280","09","0","00000","2024000000","人","457","従業者数_うち常用雇用者","管理、補助的経済活動を行う事業所（28_電子部品・デバイス・電子回路製造業）","200～299人","総数"
"105-2024","280","10","0","00000","2024000000","人","4303","従業者数_うち常用雇用者","管理、補助的経済活動を行う事業所（28_電子部品・デバイス・電子回路製造業）","300人以上","総数"
"105-2024","281","00","0","00000","2024000000","人","109540","従業者数_うち常用雇用者","電子デバイス製造業","総数","総数"
"105-2024","281","01","0","00000","2024000000","人","***","従業者数_うち常用雇用者","電子デバイス製造業","0人","総数"
"105-2024","281","02","0","00000","2024000000","人","392","従業者数_うち常用雇用者","電子デバイス製造業","1～4人","総数"
"105-2024","281","03","0","00000","2024000000","人","490","従業者数_うち常用雇用者","電子デバイス製造業","5～9人","総数"
"105-2024","281","04","0","00000","2024000000","人","1009","従業者数_うち常用雇用者","電子デバイス製造業","10～19人","総数"
"105-2024","281","05","0","00000","2024000000","人","995","従業者数_うち常用雇用者","電子デバイス製造業","20～29人","総数"
"105-2024","281","06","0","00000","2024000000","人","2214","従業者数_うち常用雇用者","電子デバイス製造業","30～49人","総数"
"105-2024","281","07","0","00000","2024000000","人","5264","従業者数_うち常用雇用者","電子デバイス製造業","50～99人","総数"
"105-2024","281","08","0","00000","2024000000","人","9245","従業者数_うち常用雇用者","電子デバイス製造業","100～199人","総数"
"105-2024","281","09","0","00000","2024000000","人","7616","従業者数_うち常用雇用者","電子デバイス製造業","200～299人","総数"
"105-2024","281","10","0","00000","2024000000","人","82315","従業者数_うち常用雇用者","電子デバイス製造業","300人以上","総数"
"105-2024","282","00","0","00000","2024000000","人","89790","従業者数_うち常用雇用者","電子部品製造業","総数","総数"
"105-2024","282","01","0","00000","2024000000","人","***","従業者数_うち常用雇用者","電子部品製造業","0人","総数"
"105-2024","282","02","0","00000","2024000000","人","758","従業者数_うち常用雇用者","電子部品製造業","1～4人","総数"
"105-2024","282","03","0","00000","2024000000","人","1464","従業者数_うち常用雇用者","電子部品製造業","5～9人","総数"
"105-2024","282","04","0","00000","2024000000","人","3028","従業者数_うち常用雇用者","電子部品製造業","10～19人","総数"
"105-2024","282","05","0","00000","2024000000","人","2582","従業者数_うち常用雇用者","電子部品製造業","20～29人","総数"
"105-2024","282","06","0","00000","2024000000","人","4805","従業者数_うち常用雇用者","電子部品製造業","30～49人","総数"
"105-2024","282","07","0","00000","2024000000","人","8663","従業者数_うち常用雇用者","電子部品製造業","50～99人","総数"
"105-2024","282","08","0","00000","2024000000","人","14582","従業者数_うち常用雇用者","電子部品製造業","100～199人","総数"
"105-2024","282","09","0","00000","2024000000","人","6297","従業者数_うち常用雇用者","電子部品製造業","200～299人","総数"
"105-2024","282","10","0","00000","2024000000","人","47611","従業者数_うち常用雇用者","電子部品製造業","300人以上","総数"
"105-2024","283","00","0","00000","2024000000","人","5544","従業者数_うち常用雇用者","記録メディア製造業","総数","総数"
"105-2024","283","01","0","00000","2024000000","人","***","従業者数_うち常用雇用者","記録メディア製造業","0人","総数"
"105-2024","283","02","0","00000","2024000000","人","14","従業者数_うち常用雇用者","記録メディア製造業","1～4人","総数"
"105-2024","283","03","0","00000","2024000000","人","51","従業者数_うち常用雇用者","記録メディア製造業","5～9人","総数"
"105-2024","283","04","0","00000","2024000000","人","39","従業者数_うち常用雇用者","記録メディア製造業","10～19人","総数"
"105-2024","283","05","0","00000","2024000000","人","72","従業者数_うち常用雇用者","記録メディア製造業","20～29人","総数"
"105-2024","283","06","0","00000","2024000000","人","70","従業者数_うち常用雇用者","記録メディア製造業","30～49人","総数"
"105-2024","283","07","0","00000","2024000000","人","396","従業者数_うち常用雇用者","記録メディア製造業","50～99人","総数"
"105-2024","283","08","0","00000","2024000000","人","411","従業者数_うち常用雇用者","記録メディア製造業","100～199人","総数"
"105-2024","283","09","0","00000","2024000000","人","937","従業者数_うち常用雇用者","記録メディア製造業","200～299人","総数"
"105-2024","283","10","0","00000","2024000000","人","3554","従業者数_うち常用雇用者","記録メディア製造業","300人以上","総数"
"105-2024","284","00","0","00000","2024000000","人","79882","従業者数_うち常用雇用者","電子回路製造業","総数","総数"
"105-2024","284","01","0","00000","2024000000","人","***","従業者数_うち常用雇用者","電子回路製造業","0人","総数"
"105-2024","284","02","0","00000","2024000000","人","825","従業者数_うち常用雇用者","電子回路製造業","1～4人","総数"
"105-2024","284","03","0","00000","2024000000","人","1667","従業者数_うち常用雇用者","電子回路製造業","5～9人","総数"
"105-2024","284","04","0","00000","2024000000","人","3668","従業者数_うち常用雇用者","電子回路製造業","10～19人","総数"
"105-2024","284","05","0","00000","2024000000","人","4130","従業者数_うち常用雇用者","電子回路製造業","20～29人","総数"
"105-2024","284","06","0","00000","2024000000","人","6713","従業者数_うち常用雇用者","電子回路製造業","30～49人","総数"
"105-2024","284","07","0","00000","2024000000","人","12237","従業者数_うち常用雇用者","電子回路製造業","50～99人","総数"
"105-2024","284","08","0","00000","2024000000","人","14771","従業者数_うち常用雇用者","電子回路製造業","100～199人","総数"
"105-2024","284","09","0","00000","2024000000","人","9834","従業者数_うち常用雇用者","電子回路製造業","200～299人","総数"
"105-2024","284","10","0","00000","2024000000","人","26037","従業者数_うち常用雇用者","電子回路製造業","300人以上","総数"
"105-2024","285","00","0","00000","2024000000","人","16794","従業者数_うち常用雇用者","ユニット部品製造業","総数","総数"
"105-2024","285","01","0","00000","2024000000","人","***","従業者数_うち常用雇用者","ユニット部品製造業","0人","総数"
"105-2024","285","02","0","00000","2024000000","人","160","従業者数_うち常用雇用者","ユニット部品製造業","1～4人","総数"
"105-2024","285","03","0","00000","2024000000","人","272","従業者数_うち常用雇用者","ユニット部品製造業","5～9人","総数"
"105-2024","285","04","0","00000","2024000000","人","692","従業者数_うち常用雇用者","ユニット部品製造業","10～19人","総数"
"105-2024","285","05","0","00000","2024000000","人","766","従業者数_うち常用雇用者","ユニット部品製造業","20～29人","総数"
"105-2024","285","06","0","00000","2024000000","人","1361","従業者数_うち常用雇用者","ユニット部品製造業","30～49人","総数"
"105-2024","285","07","0","00000","2024000000","人","2827","従業者数_うち常用雇用者","ユニット部品製造業","50～99人","総数"
"105-2024","285","08","0","00000","2024000000","人","3201","従業者数_うち常用雇用者","ユニット部品製造業","100～199人","総数"
"105-2024","285","09","0","00000","2024000000","人","1671","従業者数_うち常用雇用者","ユニット部品製造業","200～299人","総数"
"105-2024","285","10","0","00000","2024000000","人","5844","従業者数_うち常用雇用者","ユニット部品製造業","300人以上","総数"
"105-2024","289","00","0","00000","2024000000","人","101827","従業者数_うち常用雇用者","その他の電子部品・デバイス・電子回路製造業","総数","総数"
"105-2024","289","01","0","00000","2024000000","人","***","従業者数_うち常用雇用者","その他の電子部品・デバイス・電子回路製造業","0人","総数"
"105-2024","289","02","0","00000","2024000000","人","1283","従業者数_うち常用雇用者","その他の電子部品・デバイス・電子回路製造業","1～4人","総数"
"105-2024","289","03","0","00000","2024000000","人","2386","従業者数_うち常用雇用者","その他の電子部品・デバイス・電子回路製造業","5～9人","総数"
"105-2024","289","04","0","00000","2024000000","人","4547","従業者数_うち常用雇用者","その他の電子部品・デバイス・電子回路製造業","10～19人","総数"
"105-2024","289","05","0","00000","2024000000","人","4058","従業者数_うち常用雇用者","その他の電子部品・デバイス・電子回路製造業","20～29人","総数"
"105-2024","289","06","0","00000","2024000000","人","6778","従業者数_うち常用雇用者","その他の電子部品・デバイス・電子回路製造業","30～49人","総数"
"105-2024","289","07","0","00000","2024000000","人","11367","従業者数_うち常用雇用者","その他の電子部品・デバイス・電子回路製造業","50～99人","総数"
"105-2024","289","08","0","00000","2024000000","人","14540","従業者数_うち常用雇用者","その他の電子部品・デバイス・電子回路製造業","100～199人","総数"
"105-2024","289","09","0","00000","2024000000","人","9188","従業者数_うち常用雇用者","その他の電子部品・デバイス・電子回路製造業","200～299人","総数"
"105-2024","289","10","0","00000","2024000000","人","47680","従業者数_うち常用雇用者","その他の電子部品・デバイス・電子回路製造業","300人以上","総数"
"105-2024","29","00","0","00000","2024000000","人","511818","従業者数_うち常用雇用者","電気機械器具製造業","総数","総数"
"105-2024","29","01","0","00000","2024000000","人","***","従業者数_うち常用雇用者","電気機械器具製造業","0人","総数"
"105-2024","29","02","0","00000","2024000000","人","9777","従業者数_うち常用雇用者","電気機械器具製造業","1～4人","総数"
"105-2024","29","03","0","00000","2024000000","人","15608","従業者数_うち常用雇用者","電気機械器具製造業","5～9人","総数"
"105-2024","29","04","0","00000","2024000000","人","29732","従業者数_うち常用雇用者","電気機械器具製造業","10～19人","総数"
"105-2024","29","05","0","00000","2024000000","人","25967","従業者数_うち常用雇用者","電気機械器具製造業","20～29人","総数"
"105-2024","29","06","0","00000","2024000000","人","40808","従業者数_うち常用雇用者","電気機械器具製造業","30～49人","総数"
"105-2024","29","07","0","00000","2024000000","人","64192","従業者数_うち常用雇用者","電気機械器具製造業","50～99人","総数"
"105-2024","29","08","0","00000","2024000000","人","69376","従業者数_うち常用雇用者","電気機械器具製造業","100～199人","総数"
"105-2024","29","09","0","00000","2024000000","人","46235","従業者数_うち常用雇用者","電気機械器具製造業","200～299人","総数"
"105-2024","29","10","0","00000","2024000000","人","210123","従業者数_うち常用雇用者","電気機械器具製造業","300人以上","総数"
"105-2024","290","00","0","00000","2024000000","人","19428","従業者数_うち常用雇用者","管理、補助的経済活動を行う事業所（29_電気機械器具製造業）","総数","総数"
"105-2024","290","01","0","00000","2024000000","人","***","従業者数_うち常用雇用者","管理、補助的経済活動を行う事業所（29_電気機械器具製造業）","0人","総数"
"105-2024","290","02","0","00000","2024000000","人","341","従業者数_うち常用雇用者","管理、補助的経済活動を行う事業所（29_電気機械器具製造業）","1～4人","総数"
"105-2024","290","03","0","00000","2024000000","人","303","従業者数_うち常用雇用者","管理、補助的経済活動を行う事業所（29_電気機械器具製造業）","5～9人","総数"
"105-2024","290","04","0","00000","2024000000","人","475","従業者数_うち常用雇用者","管理、補助的経済活動を行う事業所（29_電気機械器具製造業）","10～19人","総数"
"105-2024","290","05","0","00000","2024000000","人","315","従業者数_うち常用雇用者","管理、補助的経済活動を行う事業所（29_電気機械器具製造業）","20～29人","総数"
"105-2024","290","06","0","00000","2024000000","人","735","従業者数_うち常用雇用者","管理、補助的経済活動を行う事業所（29_電気機械器具製造業）","30～49人","総数"
"105-2024","290","07","0","00000","2024000000","人","964","従業者数_うち常用雇用者","管理、補助的経済活動を行う事業所（29_電気機械器具製造業）","50～99人","総数"
"105-2024","290","08","0","00000","2024000000","人","1255","従業者数_うち常用雇用者","管理、補助的経済活動を行う事業所（29_電気機械器具製造業）","100～199人","総数"
"105-2024","290","09","0","00000","2024000000","人","1880","従業者数_うち常用雇用者","管理、補助的経済活動を行う事業所（29_電気機械器具製造業）","200～299人","総数"
"105-2024","290","10","0","00000","2024000000","人","13160","従業者数_うち常用雇用者","管理、補助的経済活動を行う事業所（29_電気機械器具製造業）","300人以上","総数"
"105-2024","291","00","0","00000","2024000000","人","174792","従業者数_うち常用雇用者","発電用・送電用・配電用電気機械器具製造業","総数","総数"
"105-2024","291","01","0","00000","2024000000","人","***","従業者数_うち常用雇用者","発電用・送電用・配電用電気機械器具製造業","0人","総数"
"105-2024","291","02","0","00000","2024000000","人","4837","従業者数_うち常用雇用者","発電用・送電用・配電用電気機械器具製造業","1～4人","総数"
"105-2024","291","03","0","00000","2024000000","人","7368","従業者数_うち常用雇用者","発電用・送電用・配電用電気機械器具製造業","5～9人","総数"
"105-2024","291","04","0","00000","2024000000","人","13095","従業者数_うち常用雇用者","発電用・送電用・配電用電気機械器具製造業","10～19人","総数"
"105-2024","291","05","0","00000","2024000000","人","10050","従業者数_うち常用雇用者","発電用・送電用・配電用電気機械器具製造業","20～29人","総数"
"105-2024","291","06","0","00000","2024000000","人","17085","従業者数_うち常用雇用者","発電用・送電用・配電用電気機械器具製造業","30～49人","総数"
"105-2024","291","07","0","00000","2024000000","人","25264","従業者数_うち常用雇用者","発電用・送電用・配電用電気機械器具製造業","50～99人","総数"
"105-2024","291","08","0","00000","2024000000","人","22959","従業者数_うち常用雇用者","発電用・送電用・配電用電気機械器具製造業","100～199人","総数"
"105-2024","291","09","0","00000","2024000000","人","13019","従業者数_うち常用雇用者","発電用・送電用・配電用電気機械器具製造業","200～299人","総数"
"105-2024","291","10","0","00000","2024000000","人","61115","従業者数_うち常用雇用者","発電用・送電用・配電用電気機械器具製造業","300人以上","総数"
"105-2024","292","00","0","00000","2024000000","人","105641","従業者数_うち常用雇用者","産業用電気機械器具製造業","総数","総数"
"105-2024","292","01","0","00000","2024000000","人","***","従業者数_うち常用雇用者","産業用電気機械器具製造業","0人","総数"
"105-2024","292","02","0","00000","2024000000","人","1165","従業者数_うち常用雇用者","産業用電気機械器具製造業","1～4人","総数"
"105-2024","292","03","0","00000","2024000000","人","2352","従業者数_うち常用雇用者","産業用電気機械器具製造業","5～9人","総数"
"105-2024","292","04","0","00000","2024000000","人","5456","従業者数_うち常用雇用者","産業用電気機械器具製造業","10～19人","総数"
"105-2024","292","05","0","00000","2024000000","人","5280","従業者数_うち常用雇用者","産業用電気機械器具製造業","20～29人","総数"
"105-2024","292","06","0","00000","2024000000","人","8677","従業者数_うち常用雇用者","産業用電気機械器具製造業","30～49人","総数"
"105-2024","292","07","0","00000","2024000000","人","11996","従業者数_うち常用雇用者","産業用電気機械器具製造業","50～99人","総数"
"105-2024","292","08","0","00000","2024000000","人","14839","従業者数_うち常用雇用者","産業用電気機械器具製造業","100～199人","総数"
"105-2024","292","09","0","00000","2024000000","人","9195","従業者数_うち常用雇用者","産業用電気機械器具製造業","200～299人","総数"
"105-2024","292","10","0","00000","2024000000","人","46681","従業者数_うち常用雇用者","産業用電気機械器具製造業","300人以上","総数"
"105-2024","293","00","0","00000","2024000000","人","60053","従業者数_うち常用雇用者","民生用電気機械器具製造業","総数","総数"
"105-2024","293","01","0","00000","2024000000","人","***","従業者数_うち常用雇用者","民生用電気機械器具製造業","0人","総数"
"105-2024","293","02","0","00000","2024000000","人","834","従業者数_うち常用雇用者","民生用電気機械器具製造業","1～4人","総数"
"105-2024","293","03","0","00000","2024000000","人","1429","従業者数_うち常用雇用者","民生用電気機械器具製造業","5～9人","総数"
"105-2024","293","04","0","00000","2024000000","人","2600","従業者数_うち常用雇用者","民生用電気機械器具製造業","10～19人","総数"
"105-2024","293","05","0","00000","2024000000","人","2983","従業者数_うち常用雇用者","民生用電気機械器具製造業","20～29人","総数"
"105-2024","293","06","0","00000","2024000000","人","3903","従業者数_うち常用雇用者","民生用電気機械器具製造業","30～49人","総数"
"105-2024","293","07","0","00000","2024000000","人","6686","従業者数_うち常用雇用者","民生用電気機械器具製造業","50～99人","総数"
"105-2024","293","08","0","00000","2024000000","人","9753","従業者数_うち常用雇用者","民生用電気機械器具製造業","100～199人","総数"
"105-2024","293","09","0","00000","2024000000","人","9149","従業者数_うち常用雇用者","民生用電気機械器具製造業","200～299人","総数"
"105-2024","293","10","0","00000","2024000000","人","22716","従業者数_うち常用雇用者","民生用電気機械器具製造業","300人以上","総数"
"105-2024","294","00","0","00000","2024000000","人","32122","従業者数_うち常用雇用者","電球・電気照明器具製造業","総数","総数"
"105-2024","294","01","0","00000","2024000000","人","***","従業者数_うち常用雇用者","電球・電気照明器具製造業","0人","総数"
"105-2024","294","02","0","00000","2024000000","人","696","従業者数_うち常用雇用者","電球・電気照明器具製造業","1～4人","総数"
"105-2024","294","03","0","00000","2024000000","人","1184","従業者数_うち常用雇用者","電球・電気照明器具製造業","5～9人","総数"
"105-2024","294","04","0","00000","2024000000","人","2058","従業者数_うち常用雇用者","電球・電気照明器具製造業","10～19人","総数"
"105-2024","294","05","0","00000","2024000000","人","1668","従業者数_うち常用雇用者","電球・電気照明器具製造業","20～29人","総数"
"105-2024","294","06","0","00000","2024000000","人","2364","従業者数_うち常用雇用者","電球・電気照明器具製造業","30～49人","総数"
"105-2024","294","07","0","00000","2024000000","人","5015","従業者数_うち常用雇用者","電球・電気照明器具製造業","50～99人","総数"
"105-2024","294","08","0","00000","2024000000","人","3763","従業者数_うち常用雇用者","電球・電気照明器具製造業","100～199人","総数"
"105-2024","294","09","0","00000","2024000000","人","1498","従業者数_うち常用雇用者","電球・電気照明器具製造業","200～299人","総数"
"105-2024","294","10","0","00000","2024000000","人","13876","従業者数_うち常用雇用者","電球・電気照明器具製造業","300人以上","総数"
"105-2024","295","00","0","00000","2024000000","人","31506","従業者数_うち常用雇用者","電池製造業","総数","総数"
"105-2024","295","01","0","00000","2024000000","人","***","従業者数_うち常用雇用者","電池製造業","0人","総数"
"105-2024","295","02","0","00000","2024000000","人","114","従業者数_うち常用雇用者","電池製造業","1～4人","総数"
"105-2024","295","03","0","00000","2024000000","人","170","従業者数_うち常用雇用者","電池製造業","5～9人","総数"
"105-2024","295","04","0","00000","2024000000","人","466","従業者数_うち常用雇用者","電池製造業","10～19人","総数"
"105-2024","295","05","0","00000","2024000000","人","519","従業者数_うち常用雇用者","電池製造業","20～29人","総数"
"105-2024","295","06","0","00000","2024000000","人","792","従業者数_うち常用雇用者","電池製造業","30～49人","総数"
"105-2024","295","07","0","00000","2024000000","人","1439","従業者数_うち常用雇用者","電池製造業","50～99人","総数"
"105-2024","295","08","0","00000","2024000000","人","2311","従業者数_うち常用雇用者","電池製造業","100～199人","総数"
"105-2024","295","09","0","00000","2024000000","人","2885","従業者数_うち常用雇用者","電池製造業","200～299人","総数"
"105-2024","295","10","0","00000","2024000000","人","22810","従業者数_うち常用雇用者","電池製造業","300人以上","総数"
"105-2024","296","00","0","00000","2024000000","人","29555","従業者数_うち常用雇用者","電子応用装置製造業","総数","総数"
"105-2024","296","01","0","00000","2024000000","人","***","従業者数_うち常用雇用者","電子応用装置製造業","0人","総数"
"105-2024","296","02","0","00000","2024000000","人","670","従業者数_うち常用雇用者","電子応用装置製造業","1～4人","総数"
"105-2024","296","03","0","00000","2024000000","人","1041","従業者数_うち常用雇用者","電子応用装置製造業","5～9人","総数"
"105-2024","296","04","0","00000","2024000000","人","2383","従業者数_うち常用雇用者","電子応用装置製造業","10～19人","総数"
"105-2024","296","05","0","00000","2024000000","人","1756","従業者数_うち常用雇用者","電子応用装置製造業","20～29人","総数"
"105-2024","296","06","0","00000","2024000000","人","2517","従業者数_うち常用雇用者","電子応用装置製造業","30～49人","総数"
"105-2024","296","07","0","00000","2024000000","人","4393","従業者数_うち常用雇用者","電子応用装置製造業","50～99人","総数"
"105-2024","296","08","0","00000","2024000000","人","4332","従業者数_うち常用雇用者","電子応用装置製造業","100～199人","総数"
"105-2024","296","09","0","00000","2024000000","人","1711","従業者数_うち常用雇用者","電子応用装置製造業","200～299人","総数"
"105-2024","296","10","0","00000","2024000000","人","10752","従業者数_うち常用雇用者","電子応用装置製造業","300人以上","総数"
"105-2024","297","00","0","00000","2024000000","人","44366","従業者数_うち常用雇用者","電気計測器製造業","総数","総数"
"105-2024","297","01","0","00000","2024000000","人","***","従業者数_うち常用雇用者","電気計測器製造業","0人","総数"
"105-2024","297","02","0","00000","2024000000","人","797","従業者数_うち常用雇用者","電気計測器製造業","1～4人","総数"
"105-2024","297","03","0","00000","2024000000","人","1184","従業者数_うち常用雇用者","電気計測器製造業","5～9人","総数"
"105-2024","297","04","0","00000","2024000000","人","2323","従業者数_うち常用雇用者","電気計測器製造業","10～19人","総数"
"105-2024","297","05","0","00000","2024000000","人","2429","従業者数_うち常用雇用者","電気計測器製造業","20～29人","総数"
"105-2024","297","06","0","00000","2024000000","人","3456","従業者数_うち常用雇用者","電気計測器製造業","30～49人","総数"
"105-2024","297","07","0","00000","2024000000","人","6120","従業者数_うち常用雇用者","電気計測器製造業","50～99人","総数"
"105-2024","297","08","0","00000","2024000000","人","6744","従業者数_うち常用雇用者","電気計測器製造業","100～199人","総数"
"105-2024","297","09","0","00000","2024000000","人","5206","従業者数_うち常用雇用者","電気計測器製造業","200～299人","総数"
"105-2024","297","10","0","00000","2024000000","人","16107","従業者数_うち常用雇用者","電気計測器製造業","300人以上","総数"
"105-2024","299","00","0","00000","2024000000","人","14350","従業者数_うち常用雇用者","その他の電気機械器具製造業","総数","総数"
"105-2024","299","01","0","00000","2024000000","人","***","従業者数_うち常用雇用者","その他の電気機械器具製造業","0人","総数"
"105-2024","299","02","0","00000","2024000000","人","323","従業者数_うち常用雇用者","その他の電気機械器具製造業","1～4人","総数"
"105-2024","299","03","0","00000","2024000000","人","572","従業者数_うち常用雇用者","その他の電気機械器具製造業","5～9人","総数"
"105-2024","299","04","0","00000","2024000000","人","876","従業者数_うち常用雇用者","その他の電気機械器具製造業","10～19人","総数"
"105-2024","299","05","0","00000","2024000000","人","967","従業者数_うち常用雇用者","その他の電気機械器具製造業","20～29人","総数"
"105-2024","299","06","0","00000","2024000000","人","1279","従業者数_うち常用雇用者","その他の電気機械器具製造業","30～49人","総数"
"105-2024","299","07","0","00000","2024000000","人","2315","従業者数_うち常用雇用者","その他の電気機械器具製造業","50～99人","総数"
"105-2024","299","08","0","00000","2024000000","人","3420","従業者数_うち常用雇用者","その他の電気機械器具製造業","100～199人","総数"
"105-2024","299","09","0","00000","2024000000","人","1692","従業者数_うち常用雇用者","その他の電気機械器具製造業","200～299人","総数"
"105-2024","299","10","0","00000","2024000000","人","2906","従業者数_うち常用雇用者","その他の電気機械器具製造業","300人以上","総数"
"105-2024","30","00","0","00000","2024000000","人","138241","従業者数_うち常用雇用者","情報通信機械器具製造業","総数","総数"
"105-2024","30","01","0","00000","2024000000","人","***","従業者数_うち常用雇用者","情報通信機械器具製造業","0人","総数"
"105-2024","30","02","0","00000","2024000000","人","1253","従業者数_うち常用雇用者","情報通信機械器具製造業","1～4人","総数"
"105-2024","30","03","0","00000","2024000000","人","1916","従業者数_うち常用雇用者","情報通信機械器具製造業","5～9人","総数"
"105-2024","30","04","0","00000","2024000000","人","4092","従業者数_うち常用雇用者","情報通信機械器具製造業","10～19人","総数"
"105-2024","30","05","0","00000","2024000000","人","3788","従業者数_うち常用雇用者","情報通信機械器具製造業","20～29人","総数"
"105-2024","30","06","0","00000","2024000000","人","6658","従業者数_うち常用雇用者","情報通信機械器具製造業","30～49人","総数"
"105-2024","30","07","0","00000","2024000000","人","11860","従業者数_うち常用雇用者","情報通信機械器具製造業","50～99人","総数"
"105-2024","30","08","0","00000","2024000000","人","15693","従業者数_うち常用雇用者","情報通信機械器具製造業","100～199人","総数"
"105-2024","30","09","0","00000","2024000000","人","13098","従業者数_うち常用雇用者","情報通信機械器具製造業","200～299人","総数"
"105-2024","30","10","0","00000","2024000000","人","79883","従業者数_うち常用雇用者","情報通信機械器具製造業","300人以上","総数"
"105-2024","300","00","0","00000","2024000000","人","10414","従業者数_うち常用雇用者","管理、補助的経済活動を行う事業所（30_情報通信機械器具製造業）","総数","総数"
"105-2024","300","01","0","00000","2024000000","人","***","従業者数_うち常用雇用者","管理、補助的経済活動を行う事業所（30_情報通信機械器具製造業）","0人","総数"
"105-2024","300","02","0","00000","2024000000","人","39","従業者数_うち常用雇用者","管理、補助的経済活動を行う事業所（30_情報通信機械器具製造業）","1～4人","総数"
"105-2024","300","03","0","00000","2024000000","人","59","従業者数_うち常用雇用者","管理、補助的経済活動を行う事業所（30_情報通信機械器具製造業）","5～9人","総数"
"105-2024","300","04","0","00000","2024000000","人","81","従業者数_うち常用雇用者","管理、補助的経済活動を行う事業所（30_情報通信機械器具製造業）","10～19人","総数"
"105-2024","300","05","0","00000","2024000000","人","183","従業者数_うち常用雇用者","管理、補助的経済活動を行う事業所（30_情報通信機械器具製造業）","20～29人","総数"
"105-2024","300","06","0","00000","2024000000","人","72","従業者数_うち常用雇用者","管理、補助的経済活動を行う事業所（30_情報通信機械器具製造業）","30～49人","総数"
"105-2024","300","07","0","00000","2024000000","人","86","従業者数_うち常用雇用者","管理、補助的経済活動を行う事業所（30_情報通信機械器具製造業）","50～99人","総数"
"105-2024","300","08","0","00000","2024000000","人","592","従業者数_うち常用雇用者","管理、補助的経済活動を行う事業所（30_情報通信機械器具製造業）","100～199人","総数"
"105-2024","300","09","0","00000","2024000000","人","655","従業者数_うち常用雇用者","管理、補助的経済活動を行う事業所（30_情報通信機械器具製造業）","200～299人","総数"
"105-2024","300","10","0","00000","2024000000","人","8647","従業者数_うち常用雇用者","管理、補助的経済活動を行う事業所（30_情報通信機械器具製造業）","300人以上","総数"
"105-2024","301","00","0","00000","2024000000","人","71788","従業者数_うち常用雇用者","通信機械器具・同関連機械器具製造業","総数","総数"
"105-2024","301","01","0","00000","2024000000","人","***","従業者数_うち常用雇用者","通信機械器具・同関連機械器具製造業","0人","総数"
"105-2024","301","02","0","00000","2024000000","人","387","従業者数_うち常用雇用者","通信機械器具・同関連機械器具製造業","1～4人","総数"
"105-2024","301","03","0","00000","2024000000","人","716","従業者数_うち常用雇用者","通信機械器具・同関連機械器具製造業","5～9人","総数"
"105-2024","301","04","0","00000","2024000000","人","1779","従業者数_うち常用雇用者","通信機械器具・同関連機械器具製造業","10～19人","総数"
"105-2024","301","05","0","00000","2024000000","人","1771","従業者数_うち常用雇用者","通信機械器具・同関連機械器具製造業","20～29人","総数"
"105-2024","301","06","0","00000","2024000000","人","3508","従業者数_うち常用雇用者","通信機械器具・同関連機械器具製造業","30～49人","総数"
"105-2024","301","07","0","00000","2024000000","人","6331","従業者数_うち常用雇用者","通信機械器具・同関連機械器具製造業","50～99人","総数"
"105-2024","301","08","0","00000","2024000000","人","6981","従業者数_うち常用雇用者","通信機械器具・同関連機械器具製造業","100～199人","総数"
"105-2024","301","09","0","00000","2024000000","人","7382","従業者数_うち常用雇用者","通信機械器具・同関連機械器具製造業","200～299人","総数"
"105-2024","301","10","0","00000","2024000000","人","42933","従業者数_うち常用雇用者","通信機械器具・同関連機械器具製造業","300人以上","総数"
"105-2024","302","00","0","00000","2024000000","人","21441","従業者数_うち常用雇用者","映像・音響機械器具製造業","総数","総数"
"105-2024","302","01","0","00000","2024000000","人","***","従業者数_うち常用雇用者","映像・音響機械器具製造業","0人","総数"
"105-2024","302","02","0","00000","2024000000","人","461","従業者数_うち常用雇用者","映像・音響機械器具製造業","1～4人","総数"
"105-2024","302","03","0","00000","2024000000","人","595","従業者数_うち常用雇用者","映像・音響機械器具製造業","5～9人","総数"
"105-2024","302","04","0","00000","2024000000","人","1024","従業者数_うち常用雇用者","映像・音響機械器具製造業","10～19人","総数"
"105-2024","302","05","0","00000","2024000000","人","798","従業者数_うち常用雇用者","映像・音響機械器具製造業","20～29人","総数"
"105-2024","302","06","0","00000","2024000000","人","966","従業者数_うち常用雇用者","映像・音響機械器具製造業","30～49人","総数"
"105-2024","302","07","0","00000","2024000000","人","2022","従業者数_うち常用雇用者","映像・音響機械器具製造業","50～99人","総数"
"105-2024","302","08","0","00000","2024000000","人","2971","従業者数_うち常用雇用者","映像・音響機械器具製造業","100～199人","総数"
"105-2024","302","09","0","00000","2024000000","人","1502","従業者数_うち常用雇用者","映像・音響機械器具製造業","200～299人","総数"
"105-2024","302","10","0","00000","2024000000","人","11102","従業者数_うち常用雇用者","映像・音響機械器具製造業","300人以上","総数"
"105-2024","303","00","0","00000","2024000000","人","34598","従業者数_うち常用雇用者","電子計算機・同附属装置製造業","総数","総数"
"105-2024","303","01","0","00000","2024000000","人","***","従業者数_うち常用雇用者","電子計算機・同附属装置製造業","0人","総数"
"105-2024","303","02","0","00000","2024000000","人","366","従業者数_うち常用雇用者","電子計算機・同附属装置製造業","1～4人","総数"
"105-2024","303","03","0","00000","2024000000","人","546","従業者数_うち常用雇用者","電子計算機・同附属装置製造業","5～9人","総数"
"105-2024","303","04","0","00000","2024000000","人","1208","従業者数_うち常用雇用者","電子計算機・同附属装置製造業","10～19人","総数"
"105-2024","303","05","0","00000","2024000000","人","1036","従業者数_うち常用雇用者","電子計算機・同附属装置製造業","20～29人","総数"
"105-2024","303","06","0","00000","2024000000","人","2112","従業者数_うち常用雇用者","電子計算機・同附属装置製造業","30～49人","総数"
"105-2024","303","07","0","00000","2024000000","人","3421","従業者数_うち常用雇用者","電子計算機・同附属装置製造業","50～99人","総数"
"105-2024","303","08","0","00000","2024000000","人","5149","従業者数_うち常用雇用者","電子計算機・同附属装置製造業","100～199人","総数"
"105-2024","303","09","0","00000","2024000000","人","3559","従業者数_うち常用雇用者","電子計算機・同附属装置製造業","200～299人","総数"
"105-2024","303","10","0","00000","2024000000","人","17201","従業者数_うち常用雇用者","電子計算機・同附属装置製造業","300人以上","総数"
"105-2024","31","00","0","00000","2024000000","人","1032171","従業者数_うち常用雇用者","輸送用機械器具製造業","総数","総数"
"105-2024","31","01","0","00000","2024000000","人","***","従業者数_うち常用雇用者","輸送用機械器具製造業","0人","総数"
"105-2024","31","02","0","00000","2024000000","人","9863","従業者数_うち常用雇用者","輸送用機械器具製造業","1～4人","総数"
"105-2024","31","03","0","00000","2024000000","人","16972","従業者数_うち常用雇用者","輸送用機械器具製造業","5～9人","総数"
"105-2024","31","04","0","00000","2024000000","人","34111","従業者数_うち常用雇用者","輸送用機械器具製造業","10～19人","総数"
"105-2024","31","05","0","00000","2024000000","人","29606","従業者数_うち常用雇用者","輸送用機械器具製造業","20～29人","総数"
"105-2024","31","06","0","00000","2024000000","人","53238","従業者数_うち常用雇用者","輸送用機械器具製造業","30～49人","総数"
"105-2024","31","07","0","00000","2024000000","人","87662","従業者数_うち常用雇用者","輸送用機械器具製造業","50～99人","総数"
"105-2024","31","08","0","00000","2024000000","人","106133","従業者数_うち常用雇用者","輸送用機械器具製造業","100～199人","総数"
"105-2024","31","09","0","00000","2024000000","人","68313","従業者数_うち常用雇用者","輸送用機械器具製造業","200～299人","総数"
"105-2024","31","10","0","00000","2024000000","人","626273","従業者数_うち常用雇用者","輸送用機械器具製造業","300人以上","総数"
"105-2024","310","00","0","00000","2024000000","人","41466","従業者数_うち常用雇用者","管理、補助的経済活動を行う事業所（31_輸送用機械器具製造業）","総数","総数"
"105-2024","310","01","0","00000","2024000000","人","***","従業者数_うち常用雇用者","管理、補助的経済活動を行う事業所（31_輸送用機械器具製造業）","0人","総数"
"105-2024","310","02","0","00000","2024000000","人","383","従業者数_うち常用雇用者","管理、補助的経済活動を行う事業所（31_輸送用機械器具製造業）","1～4人","総数"
"105-2024","310","03","0","00000","2024000000","人","395","従業者数_うち常用雇用者","管理、補助的経済活動を行う事業所（31_輸送用機械器具製造業）","5～9人","総数"
"105-2024","310","04","0","00000","2024000000","人","537","従業者数_うち常用雇用者","管理、補助的経済活動を行う事業所（31_輸送用機械器具製造業）","10～19人","総数"
"105-2024","310","05","0","00000","2024000000","人","505","従業者数_うち常用雇用者","管理、補助的経済活動を行う事業所（31_輸送用機械器具製造業）","20～29人","総数"
"105-2024","310","06","0","00000","2024000000","人","480","従業者数_うち常用雇用者","管理、補助的経済活動を行う事業所（31_輸送用機械器具製造業）","30～49人","総数"
"105-2024","310","07","0","00000","2024000000","人","1159","従業者数_うち常用雇用者","管理、補助的経済活動を行う事業所（31_輸送用機械器具製造業）","50～99人","総数"
"105-2024","310","08","0","00000","2024000000","人","1129","従業者数_うち常用雇用者","管理、補助的経済活動を行う事業所（31_輸送用機械器具製造業）","100～199人","総数"
"105-2024","310","09","0","00000","2024000000","人","1373","従業者数_うち常用雇用者","管理、補助的経済活動を行う事業所（31_輸送用機械器具製造業）","200～299人","総数"
"105-2024","310","10","0","00000","2024000000","人","35505","従業者数_うち常用雇用者","管理、補助的経済活動を行う事業所（31_輸送用機械器具製造業）","300人以上","総数"
"105-2024","311","00","0","00000","2024000000","人","812236","従業者数_うち常用雇用者","自動車・同附属品製造業","総数","総数"
"105-2024","311","01","0","00000","2024000000","人","***","従業者数_うち常用雇用者","自動車・同附属品製造業","0人","総数"
"105-2024","311","02","0","00000","2024000000","人","5516","従業者数_うち常用雇用者","自動車・同附属品製造業","1～4人","総数"
"105-2024","311","03","0","00000","2024000000","人","9709","従業者数_うち常用雇用者","自動車・同附属品製造業","5～9人","総数"
"105-2024","311","04","0","00000","2024000000","人","21150","従業者数_うち常用雇用者","自動車・同附属品製造業","10～19人","総数"
"105-2024","311","05","0","00000","2024000000","人","19811","従業者数_うち常用雇用者","自動車・同附属品製造業","20～29人","総数"
"105-2024","311","06","0","00000","2024000000","人","37670","従業者数_うち常用雇用者","自動車・同附属品製造業","30～49人","総数"
"105-2024","311","07","0","00000","2024000000","人","65885","従業者数_うち常用雇用者","自動車・同附属品製造業","50～99人","総数"
"105-2024","311","08","0","00000","2024000000","人","83960","従業者数_うち常用雇用者","自動車・同附属品製造業","100～199人","総数"
"105-2024","311","09","0","00000","2024000000","人","56597","従業者数_うち常用雇用者","自動車・同附属品製造業","200～299人","総数"
"105-2024","311","10","0","00000","2024000000","人","511938","従業者数_うち常用雇用者","自動車・同附属品製造業","300人以上","総数"
"105-2024","312","00","0","00000","2024000000","人","30373","従業者数_うち常用雇用者","鉄道車両・同部分品製造業","総数","総数"
"105-2024","312","01","0","00000","2024000000","人","***","従業者数_うち常用雇用者","鉄道車両・同部分品製造業","0人","総数"
"105-2024","312","02","0","00000","2024000000","人","467","従業者数_うち常用雇用者","鉄道車両・同部分品製造業","1～4人","総数"
"105-2024","312","03","0","00000","2024000000","人","866","従業者数_うち常用雇用者","鉄道車両・同部分品製造業","5～9人","総数"
"105-2024","312","04","0","00000","2024000000","人","1894","従業者数_うち常用雇用者","鉄道車両・同部分品製造業","10～19人","総数"
"105-2024","312","05","0","00000","2024000000","人","1556","従業者数_うち常用雇用者","鉄道車両・同部分品製造業","20～29人","総数"
"105-2024","312","06","0","00000","2024000000","人","2775","従業者数_うち常用雇用者","鉄道車両・同部分品製造業","30～49人","総数"
"105-2024","312","07","0","00000","2024000000","人","3367","従業者数_うち常用雇用者","鉄道車両・同部分品製造業","50～99人","総数"
"105-2024","312","08","0","00000","2024000000","人","4407","従業者数_うち常用雇用者","鉄道車両・同部分品製造業","100～199人","総数"
"105-2024","312","09","0","00000","2024000000","人","2594","従業者数_うち常用雇用者","鉄道車両・同部分品製造業","200～299人","総数"
"105-2024","312","10","0","00000","2024000000","人","12447","従業者数_うち常用雇用者","鉄道車両・同部分品製造業","300人以上","総数"
"105-2024","313","00","0","00000","2024000000","人","72862","従業者数_うち常用雇用者","船舶製造・修理業、舶用機関製造業","総数","総数"
"105-2024","313","01","0","00000","2024000000","人","***","従業者数_うち常用雇用者","船舶製造・修理業、舶用機関製造業","0人","総数"
"105-2024","313","02","0","00000","2024000000","人","2438","従業者数_うち常用雇用者","船舶製造・修理業、舶用機関製造業","1～4人","総数"
"105-2024","313","03","0","00000","2024000000","人","4232","従業者数_うち常用雇用者","船舶製造・修理業、舶用機関製造業","5～9人","総数"
"105-2024","313","04","0","00000","2024000000","人","7199","従業者数_うち常用雇用者","船舶製造・修理業、舶用機関製造業","10～19人","総数"
"105-2024","313","05","0","00000","2024000000","人","4927","従業者数_うち常用雇用者","船舶製造・修理業、舶用機関製造業","20～29人","総数"
"105-2024","313","06","0","00000","2024000000","人","7211","従業者数_うち常用雇用者","船舶製造・修理業、舶用機関製造業","30～49人","総数"
"105-2024","313","07","0","00000","2024000000","人","8447","従業者数_うち常用雇用者","船舶製造・修理業、舶用機関製造業","50～99人","総数"
"105-2024","313","08","0","00000","2024000000","人","7389","従業者数_うち常用雇用者","船舶製造・修理業、舶用機関製造業","100～199人","総数"
"105-2024","313","09","0","00000","2024000000","人","4166","従業者数_うち常用雇用者","船舶製造・修理業、舶用機関製造業","200～299人","総数"
"105-2024","313","10","0","00000","2024000000","人","26853","従業者数_うち常用雇用者","船舶製造・修理業、舶用機関製造業","300人以上","総数"
"105-2024","314","00","0","00000","2024000000","人","43857","従業者数_うち常用雇用者","航空機・同附属品製造業","総数","総数"
"105-2024","314","01","0","00000","2024000000","人","***","従業者数_うち常用雇用者","航空機・同附属品製造業","0人","総数"
"105-2024","314","02","0","00000","2024000000","人","236","従業者数_うち常用雇用者","航空機・同附属品製造業","1～4人","総数"
"105-2024","314","03","0","00000","2024000000","人","438","従業者数_うち常用雇用者","航空機・同附属品製造業","5～9人","総数"
"105-2024","314","04","0","00000","2024000000","人","754","従業者数_うち常用雇用者","航空機・同附属品製造業","10～19人","総数"
"105-2024","314","05","0","00000","2024000000","人","1186","従業者数_うち常用雇用者","航空機・同附属品製造業","20～29人","総数"
"105-2024","314","06","0","00000","2024000000","人","2186","従業者数_うち常用雇用者","航空機・同附属品製造業","30～49人","総数"
"105-2024","314","07","0","00000","2024000000","人","3533","従業者数_うち常用雇用者","航空機・同附属品製造業","50～99人","総数"
"105-2024","314","08","0","00000","2024000000","人","4899","従業者数_うち常用雇用者","航空機・同附属品製造業","100～199人","総数"
"105-2024","314","09","0","00000","2024000000","人","2257","従業者数_うち常用雇用者","航空機・同附属品製造業","200～299人","総数"
"105-2024","314","10","0","00000","2024000000","人","28368","従業者数_うち常用雇用者","航空機・同附属品製造業","300人以上","総数"
"105-2024","315","00","0","00000","2024000000","人","14813","従業者数_うち常用雇用者","産業用運搬車両・同部分品・附属品製造業","総数","総数"
"105-2024","315","01","0","00000","2024000000","人","***","従業者数_うち常用雇用者","産業用運搬車両・同部分品・附属品製造業","0人","総数"
"105-2024","315","02","0","00000","2024000000","人","305","従業者数_うち常用雇用者","産業用運搬車両・同部分品・附属品製造業","1～4人","総数"
"105-2024","315","03","0","00000","2024000000","人","447","従業者数_うち常用雇用者","産業用運搬車両・同部分品・附属品製造業","5～9人","総数"
"105-2024","315","04","0","00000","2024000000","人","1112","従業者数_うち常用雇用者","産業用運搬車両・同部分品・附属品製造業","10～19人","総数"
"105-2024","315","05","0","00000","2024000000","人","911","従業者数_うち常用雇用者","産業用運搬車両・同部分品・附属品製造業","20～29人","総数"
"105-2024","315","06","0","00000","2024000000","人","1090","従業者数_うち常用雇用者","産業用運搬車両・同部分品・附属品製造業","30～49人","総数"
"105-2024","315","07","0","00000","2024000000","人","2013","従業者数_うち常用雇用者","産業用運搬車両・同部分品・附属品製造業","50～99人","総数"
"105-2024","315","08","0","00000","2024000000","人","1647","従業者数_うち常用雇用者","産業用運搬車両・同部分品・附属品製造業","100～199人","総数"
"105-2024","315","09","0","00000","2024000000","人","787","従業者数_うち常用雇用者","産業用運搬車両・同部分品・附属品製造業","200～299人","総数"
"105-2024","315","10","0","00000","2024000000","人","6501","従業者数_うち常用雇用者","産業用運搬車両・同部分品・附属品製造業","300人以上","総数"
"105-2024","319","00","0","00000","2024000000","人","16564","従業者数_うち常用雇用者","その他の輸送用機械器具製造業","総数","総数"
"105-2024","319","01","0","00000","2024000000","人","***","従業者数_うち常用雇用者","その他の輸送用機械器具製造業","0人","総数"
"105-2024","319","02","0","00000","2024000000","人","518","従業者数_うち常用雇用者","その他の輸送用機械器具製造業","1～4人","総数"
"105-2024","319","03","0","00000","2024000000","人","885","従業者数_うち常用雇用者","その他の輸送用機械器具製造業","5～9人","総数"
"105-2024","319","04","0","00000","2024000000","人","1465","従業者数_うち常用雇用者","その他の輸送用機械器具製造業","10～19人","総数"
"105-2024","319","05","0","00000","2024000000","人","710","従業者数_うち常用雇用者","その他の輸送用機械器具製造業","20～29人","総数"
"105-2024","319","06","0","00000","2024000000","人","1826","従業者数_うち常用雇用者","その他の輸送用機械器具製造業","30～49人","総数"
"105-2024","319","07","0","00000","2024000000","人","3258","従業者数_うち常用雇用者","その他の輸送用機械器具製造業","50～99人","総数"
"105-2024","319","08","0","00000","2024000000","人","2702","従業者数_うち常用雇用者","その他の輸送用機械器具製造業","100～199人","総数"
"105-2024","319","09","0","00000","2024000000","人","539","従業者数_うち常用雇用者","その他の輸送用機械器具製造業","200～299人","総数"
"105-2024","319","10","0","00000","2024000000","人","4661","従業者数_うち常用雇用者","その他の輸送用機械器具製造業","300人以上","総数"
"105-2024","32","00","0","00000","2024000000","人","181445","従業者数_うち常用雇用者","その他の製造業","総数","総数"
"105-2024","32","01","0","00000","2024000000","人","***","従業者数_うち常用雇用者","その他の製造業","0人","総数"
"105-2024","32","02","0","00000","2024000000","人","19363","従業者数_うち常用雇用者","その他の製造業","1～4人","総数"
"105-2024","32","03","0","00000","2024000000","人","18746","従業者数_うち常用雇用者","その他の製造業","5～9人","総数"
"105-2024","32","04","0","00000","2024000000","人","23464","従業者数_うち常用雇用者","その他の製造業","10～19人","総数"
"105-2024","32","05","0","00000","2024000000","人","16079","従業者数_うち常用雇用者","その他の製造業","20～29人","総数"
"105-2024","32","06","0","00000","2024000000","人","20533","従業者数_うち常用雇用者","その他の製造業","30～49人","総数"
"105-2024","32","07","0","00000","2024000000","人","23157","従業者数_うち常用雇用者","その他の製造業","50～99人","総数"
"105-2024","32","08","0","00000","2024000000","人","25013","従業者数_うち常用雇用者","その他の製造業","100～199人","総数"
"105-2024","32","09","0","00000","2024000000","人","12665","従業者数_うち常用雇用者","その他の製造業","200～299人","総数"
"105-2024","32","10","0","00000","2024000000","人","22425","従業者数_うち常用雇用者","その他の製造業","300人以上","総数"
"105-2024","320","00","0","00000","2024000000","人","3335","従業者数_うち常用雇用者","管理、補助的経済活動を行う事業所（32_その他の製造業）","総数","総数"
"105-2024","320","01","0","00000","2024000000","人","***","従業者数_うち常用雇用者","管理、補助的経済活動を行う事業所（32_その他の製造業）","0人","総数"
"105-2024","320","02","0","00000","2024000000","人","167","従業者数_うち常用雇用者","管理、補助的経済活動を行う事業所（32_その他の製造業）","1～4人","総数"
"105-2024","320","03","0","00000","2024000000","人","156","従業者数_うち常用雇用者","管理、補助的経済活動を行う事業所（32_その他の製造業）","5～9人","総数"
"105-2024","320","04","0","00000","2024000000","人","165","従業者数_うち常用雇用者","管理、補助的経済活動を行う事業所（32_その他の製造業）","10～19人","総数"
"105-2024","320","05","0","00000","2024000000","人","118","従業者数_うち常用雇用者","管理、補助的経済活動を行う事業所（32_その他の製造業）","20～29人","総数"
"105-2024","320","06","0","00000","2024000000","人","330","従業者数_うち常用雇用者","管理、補助的経済活動を行う事業所（32_その他の製造業）","30～49人","総数"
"105-2024","320","07","0","00000","2024000000","人","692","従業者数_うち常用雇用者","管理、補助的経済活動を行う事業所（32_その他の製造業）","50～99人","総数"
"105-2024","320","08","0","00000","2024000000","人","371","従業者数_うち常用雇用者","管理、補助的経済活動を行う事業所（32_その他の製造業）","100～199人","総数"
"105-2024","320","09","0","00000","2024000000","人","645","従業者数_うち常用雇用者","管理、補助的経済活動を行う事業所（32_その他の製造業）","200～299人","総数"
"105-2024","320","10","0","00000","2024000000","人","691","従業者数_うち常用雇用者","管理、補助的経済活動を行う事業所（32_その他の製造業）","300人以上","総数"
"105-2024","321","00","0","00000","2024000000","人","8296","従業者数_うち常用雇用者","貴金属・宝石製品製造業","総数","総数"
"105-2024","321","01","0","00000","2024000000","人","***","従業者数_うち常用雇用者","貴金属・宝石製品製造業","0人","総数"
"105-2024","321","02","0","00000","2024000000","人","1260","従業者数_うち常用雇用者","貴金属・宝石製品製造業","1～4人","総数"
"105-2024","321","03","0","00000","2024000000","人","1138","従業者数_うち常用雇用者","貴金属・宝石製品製造業","5～9人","総数"
"105-2024","321","04","0","00000","2024000000","人","1277","従業者数_うち常用雇用者","貴金属・宝石製品製造業","10～19人","総数"
"105-2024","321","05","0","00000","2024000000","人","774","従業者数_うち常用雇用者","貴金属・宝石製品製造業","20～29人","総数"
"105-2024","321","06","0","00000","2024000000","人","989","従業者数_うち常用雇用者","貴金属・宝石製品製造業","30～49人","総数"
"105-2024","321","07","0","00000","2024000000","人","1051","従業者数_うち常用雇用者","貴金属・宝石製品製造業","50～99人","総数"
"105-2024","321","08","0","00000","2024000000","人","1002","従業者数_うち常用雇用者","貴金属・宝石製品製造業","100～199人","総数"
"105-2024","321","09","0","00000","2024000000","人","501","従業者数_うち常用雇用者","貴金属・宝石製品製造業","200～299人","総数"
"105-2024","321","10","0","00000","2024000000","人","304","従業者数_うち常用雇用者","貴金属・宝石製品製造業","300人以上","総数"
"105-2024","322","00","0","00000","2024000000","人","11734","従業者数_うち常用雇用者","装身具・装飾品・ボタン・同関連品製造業（貴金属・宝石製を除く）","総数","総数"
"105-2024","322","01","0","00000","2024000000","人","***","従業者数_うち常用雇用者","装身具・装飾品・ボタン・同関連品製造業（貴金属・宝石製を除く）","0人","総数"
"105-2024","322","02","0","00000","2024000000","人","980","従業者数_うち常用雇用者","装身具・装飾品・ボタン・同関連品製造業（貴金属・宝石製を除く）","1～4人","総数"
"105-2024","322","03","0","00000","2024000000","人","1090","従業者数_うち常用雇用者","装身具・装飾品・ボタン・同関連品製造業（貴金属・宝石製を除く）","5～9人","総数"
"105-2024","322","04","0","00000","2024000000","人","1153","従業者数_うち常用雇用者","装身具・装飾品・ボタン・同関連品製造業（貴金属・宝石製を除く）","10～19人","総数"
"105-2024","322","05","0","00000","2024000000","人","1021","従業者数_うち常用雇用者","装身具・装飾品・ボタン・同関連品製造業（貴金属・宝石製を除く）","20～29人","総数"
"105-2024","322","06","0","00000","2024000000","人","1156","従業者数_うち常用雇用者","装身具・装飾品・ボタン・同関連品製造業（貴金属・宝石製を除く）","30～49人","総数"
"105-2024","322","07","0","00000","2024000000","人","1188","従業者数_うち常用雇用者","装身具・装飾品・ボタン・同関連品製造業（貴金属・宝石製を除く）","50～99人","総数"
"105-2024","322","08","0","00000","2024000000","人","1206","従業者数_うち常用雇用者","装身具・装飾品・ボタン・同関連品製造業（貴金属・宝石製を除く）","100～199人","総数"
"105-2024","322","09","0","00000","2024000000","人","264","従業者数_うち常用雇用者","装身具・装飾品・ボタン・同関連品製造業（貴金属・宝石製を除く）","200～299人","総数"
"105-2024","322","10","0","00000","2024000000","人","3676","従業者数_うち常用雇用者","装身具・装飾品・ボタン・同関連品製造業（貴金属・宝石製を除く）","300人以上","総数"
"105-2024","323","00","0","00000","2024000000","人","6041","従業者数_うち常用雇用者","時計・同部分品製造業","総数","総数"
"105-2024","323","01","0","00000","2024000000","人","***","従業者数_うち常用雇用者","時計・同部分品製造業","0人","総数"
"105-2024","323","02","0","00000","2024000000","人","81","従業者数_うち常用雇用者","時計・同部分品製造業","1～4人","総数"
"105-2024","323","03","0","00000","2024000000","人","159","従業者数_うち常用雇用者","時計・同部分品製造業","5～9人","総数"
"105-2024","323","04","0","00000","2024000000","人","177","従業者数_うち常用雇用者","時計・同部分品製造業","10～19人","総数"
"105-2024","323","05","0","00000","2024000000","人","344","従業者数_うち常用雇用者","時計・同部分品製造業","20～29人","総数"
"105-2024","323","06","0","00000","2024000000","人","410","従業者数_うち常用雇用者","時計・同部分品製造業","30～49人","総数"
"105-2024","323","07","0","00000","2024000000","人","1090","従業者数_うち常用雇用者","時計・同部分品製造業","50～99人","総数"
"105-2024","323","08","0","00000","2024000000","人","901","従業者数_うち常用雇用者","時計・同部分品製造業","100～199人","総数"
"105-2024","323","09","0","00000","2024000000","人","1157","従業者数_うち常用雇用者","時計・同部分品製造業","200～299人","総数"
"105-2024","323","10","0","00000","2024000000","人","1722","従業者数_うち常用雇用者","時計・同部分品製造業","300人以上","総数"
"105-2024","324","00","0","00000","2024000000","人","5983","従業者数_うち常用雇用者","楽器製造業","総数","総数"
"105-2024","324","01","0","00000","2024000000","人","***","従業者数_うち常用雇用者","楽器製造業","0人","総数"
"105-2024","324","02","0","00000","2024000000","人","389","従業者数_うち常用雇用者","楽器製造業","1～4人","総数"
"105-2024","324","03","0","00000","2024000000","人","396","従業者数_うち常用雇用者","楽器製造業","5～9人","総数"
"105-2024","324","04","0","00000","2024000000","人","589","従業者数_うち常用雇用者","楽器製造業","10～19人","総数"
"105-2024","324","05","0","00000","2024000000","人","404","従業者数_うち常用雇用者","楽器製造業","20～29人","総数"
"105-2024","324","06","0","00000","2024000000","人","719","従業者数_うち常用雇用者","楽器製造業","30～49人","総数"
"105-2024","324","07","0","00000","2024000000","人","1337","従業者数_うち常用雇用者","楽器製造業","50～99人","総数"
"105-2024","324","08","0","00000","2024000000","人","540","従業者数_うち常用雇用者","楽器製造業","100～199人","総数"
"105-2024","324","09","0","00000","2024000000","人","696","従業者数_うち常用雇用者","楽器製造業","200～299人","総数"
"105-2024","324","10","0","00000","2024000000","人","913","従業者数_うち常用雇用者","楽器製造業","300人以上","総数"
"105-2024","325","00","0","00000","2024000000","人","27730","従業者数_うち常用雇用者","がん具・運動用具製造業","総数","総数"
"105-2024","325","01","0","00000","2024000000","人","***","従業者数_うち常用雇用者","がん具・運動用具製造業","0人","総数"
"105-2024","325","02","0","00000","2024000000","人","2104","従業者数_うち常用雇用者","がん具・運動用具製造業","1～4人","総数"
"105-2024","325","03","0","00000","2024000000","人","2435","従業者数_うち常用雇用者","がん具・運動用具製造業","5～9人","総数"
"105-2024","325","04","0","00000","2024000000","人","3585","従業者数_うち常用雇用者","がん具・運動用具製造業","10～19人","総数"
"105-2024","325","05","0","00000","2024000000","人","2740","従業者数_うち常用雇用者","がん具・運動用具製造業","20～29人","総数"
"105-2024","325","06","0","00000","2024000000","人","3658","従業者数_うち常用雇用者","がん具・運動用具製造業","30～49人","総数"
"105-2024","325","07","0","00000","2024000000","人","3734","従業者数_うち常用雇用者","がん具・運動用具製造業","50～99人","総数"
"105-2024","325","08","0","00000","2024000000","人","5071","従業者数_うち常用雇用者","がん具・運動用具製造業","100～199人","総数"
"105-2024","325","09","0","00000","2024000000","人","2425","従業者数_うち常用雇用者","がん具・運動用具製造業","200～299人","総数"
"105-2024","325","10","0","00000","2024000000","人","1978","従業者数_うち常用雇用者","がん具・運動用具製造業","300人以上","総数"
"105-2024","32A","00","0","00000","2024000000","人","11873","従業者数_うち常用雇用者","がん具製造業","総数","総数"
"105-2024","32A","01","0","00000","2024000000","人","***","従業者数_うち常用雇用者","がん具製造業","0人","総数"
"105-2024","32A","02","0","00000","2024000000","人","1148","従業者数_うち常用雇用者","がん具製造業","1～4人","総数"
"105-2024","32A","03","0","00000","2024000000","人","1384","従業者数_うち常用雇用者","がん具製造業","5～9人","総数"
"105-2024","32A","04","0","00000","2024000000","人","1850","従業者数_うち常用雇用者","がん具製造業","10～19人","総数"
"105-2024","32A","05","0","00000","2024000000","人","1216","従業者数_うち常用雇用者","がん具製造業","20～29人","総数"
"105-2024","32A","06","0","00000","2024000000","人","1451","従業者数_うち常用雇用者","がん具製造業","30～49人","総数"
"105-2024","32A","07","0","00000","2024000000","人","1701","従業者数_うち常用雇用者","がん具製造業","50～99人","総数"
"105-2024","32A","08","0","00000","2024000000","人","1699","従業者数_うち常用雇用者","がん具製造業","100～199人","総数"
"105-2024","32A","09","0","00000","2024000000","人","1003","従業者数_うち常用雇用者","がん具製造業","200～299人","総数"
"105-2024","32A","10","0","00000","2024000000","人","421","従業者数_うち常用雇用者","がん具製造業","300人以上","総数"
"105-2024","32B","00","0","00000","2024000000","人","15857","従業者数_うち常用雇用者","運動用具製造業","総数","総数"
"105-2024","32B","01","0","00000","2024000000","人","***","従業者数_うち常用雇用者","運動用具製造業","0人","総数"
"105-2024","32B","02","0","00000","2024000000","人","956","従業者数_うち常用雇用者","運動用具製造業","1～4人","総数"
"105-2024","32B","03","0","00000","2024000000","人","1051","従業者数_うち常用雇用者","運動用具製造業","5～9人","総数"
"105-2024","32B","04","0","00000","2024000000","人","1735","従業者数_うち常用雇用者","運動用具製造業","10～19人","総数"
"105-2024","32B","05","0","00000","2024000000","人","1524","従業者数_うち常用雇用者","運動用具製造業","20～29人","総数"
"105-2024","32B","06","0","00000","2024000000","人","2207","従業者数_うち常用雇用者","運動用具製造業","30～49人","総数"
"105-2024","32B","07","0","00000","2024000000","人","2033","従業者数_うち常用雇用者","運動用具製造業","50～99人","総数"
"105-2024","32B","08","0","00000","2024000000","人","3372","従業者数_うち常用雇用者","運動用具製造業","100～199人","総数"
"105-2024","32B","09","0","00000","2024000000","人","1422","従業者数_うち常用雇用者","運動用具製造業","200～299人","総数"
"105-2024","32B","10","0","00000","2024000000","人","1557","従業者数_うち常用雇用者","運動用具製造業","300人以上","総数"
"105-2024","326","00","0","00000","2024000000","人","14005","従業者数_うち常用雇用者","ペン・鉛筆・絵画用品・その他の事務用品製造業","総数","総数"
"105-2024","326","01","0","00000","2024000000","人","***","従業者数_うち常用雇用者","ペン・鉛筆・絵画用品・その他の事務用品製造業","0人","総数"
"105-2024","326","02","0","00000","2024000000","人","708","従業者数_うち常用雇用者","ペン・鉛筆・絵画用品・その他の事務用品製造業","1～4人","総数"
"105-2024","326","03","0","00000","2024000000","人","953","従業者数_うち常用雇用者","ペン・鉛筆・絵画用品・その他の事務用品製造業","5～9人","総数"
"105-2024","326","04","0","00000","2024000000","人","1506","従業者数_うち常用雇用者","ペン・鉛筆・絵画用品・その他の事務用品製造業","10～19人","総数"
"105-2024","326","05","0","00000","2024000000","人","1045","従業者数_うち常用雇用者","ペン・鉛筆・絵画用品・その他の事務用品製造業","20～29人","総数"
"105-2024","326","06","0","00000","2024000000","人","1863","従業者数_うち常用雇用者","ペン・鉛筆・絵画用品・その他の事務用品製造業","30～49人","総数"
"105-2024","326","07","0","00000","2024000000","人","2179","従業者数_うち常用雇用者","ペン・鉛筆・絵画用品・その他の事務用品製造業","50～99人","総数"
"105-2024","326","08","0","00000","2024000000","人","2328","従業者数_うち常用雇用者","ペン・鉛筆・絵画用品・その他の事務用品製造業","100～199人","総数"
"105-2024","326","09","0","00000","2024000000","人","1594","従業者数_うち常用雇用者","ペン・鉛筆・絵画用品・その他の事務用品製造業","200～299人","総数"
"105-2024","326","10","0","00000","2024000000","人","1829","従業者数_うち常用雇用者","ペン・鉛筆・絵画用品・その他の事務用品製造業","300人以上","総数"
"105-2024","327","00","0","00000","2024000000","人","2268","従業者数_うち常用雇用者","漆器製造業","総数","総数"
"105-2024","327","01","0","00000","2024000000","人","***","従業者数_うち常用雇用者","漆器製造業","0人","総数"
"105-2024","327","02","0","00000","2024000000","人","617","従業者数_うち常用雇用者","漆器製造業","1～4人","総数"
"105-2024","327","03","0","00000","2024000000","人","438","従業者数_うち常用雇用者","漆器製造業","5～9人","総数"
"105-2024","327","04","0","00000","2024000000","人","445","従業者数_うち常用雇用者","漆器製造業","10～19人","総数"
"105-2024","327","05","0","00000","2024000000","人","259","従業者数_うち常用雇用者","漆器製造業","20～29人","総数"
"105-2024","327","06","0","00000","2024000000","人","***","従業者数_うち常用雇用者","漆器製造業","30～49人","総数"
"105-2024","327","07","0","00000","2024000000","人","359","従業者数_うち常用雇用者","漆器製造業","50～99人","総数"
"105-2024","327","08","0","00000","2024000000","人","150","従業者数_うち常用雇用者","漆器製造業","100～199人","総数"
"105-2024","327","09","0","00000","2024000000","人","***","従業者数_うち常用雇用者","漆器製造業","200～299人","総数"
"105-2024","327","10","0","00000","2024000000","人","***","従業者数_うち常用雇用者","漆器製造業","300人以上","総数"
"105-2024","328","00","0","00000","2024000000","人","14563","従業者数_うち常用雇用者","畳等生活雑貨製品製造業","総数","総数"
"105-2024","328","01","0","00000","2024000000","人","***","従業者数_うち常用雇用者","畳等生活雑貨製品製造業","0人","総数"
"105-2024","328","02","0","00000","2024000000","人","2567","従業者数_うち常用雇用者","畳等生活雑貨製品製造業","1～4人","総数"
"105-2024","328","03","0","00000","2024000000","人","1842","従業者数_うち常用雇用者","畳等生活雑貨製品製造業","5～9人","総数"
"105-2024","328","04","0","00000","2024000000","人","2370","従業者数_うち常用雇用者","畳等生活雑貨製品製造業","10～19人","総数"
"105-2024","328","05","0","00000","2024000000","人","1596","従業者数_うち常用雇用者","畳等生活雑貨製品製造業","20～29人","総数"
"105-2024","328","06","0","00000","2024000000","人","2150","従業者数_うち常用雇用者","畳等生活雑貨製品製造業","30～49人","総数"
"105-2024","328","07","0","00000","2024000000","人","1513","従業者数_うち常用雇用者","畳等生活雑貨製品製造業","50～99人","総数"
"105-2024","328","08","0","00000","2024000000","人","1675","従業者数_うち常用雇用者","畳等生活雑貨製品製造業","100～199人","総数"
"105-2024","328","09","0","00000","2024000000","人","235","従業者数_うち常用雇用者","畳等生活雑貨製品製造業","200～299人","総数"
"105-2024","328","10","0","00000","2024000000","人","615","従業者数_うち常用雇用者","畳等生活雑貨製品製造業","300人以上","総数"
"105-2024","329","00","0","00000","2024000000","人","87487","従業者数_うち常用雇用者","他に分類されない製造業","総数","総数"
"105-2024","329","01","0","00000","2024000000","人","***","従業者数_うち常用雇用者","他に分類されない製造業","0人","総数"
"105-2024","329","02","0","00000","2024000000","人","10487","従業者数_うち常用雇用者","他に分類されない製造業","1～4人","総数"
"105-2024","329","03","0","00000","2024000000","人","10139","従業者数_うち常用雇用者","他に分類されない製造業","5～9人","総数"
"105-2024","329","04","0","00000","2024000000","人","12197","従業者数_うち常用雇用者","他に分類されない製造業","10～19人","総数"
"105-2024","329","05","0","00000","2024000000","人","7778","従業者数_うち常用雇用者","他に分類されない製造業","20～29人","総数"
"105-2024","329","06","0","00000","2024000000","人","9258","従業者数_うち常用雇用者","他に分類されない製造業","30～49人","総数"
"105-2024","329","07","0","00000","2024000000","人","10014","従業者数_うち常用雇用者","他に分類されない製造業","50～99人","総数"
"105-2024","329","08","0","00000","2024000000","人","11769","従業者数_うち常用雇用者","他に分類されない製造業","100～199人","総数"
"105-2024","329","09","0","00000","2024000000","人","5148","従業者数_うち常用雇用者","他に分類されない製造業","200～299人","総数"
"105-2024","329","10","0","00000","2024000000","人","10697","従業者数_うち常用雇用者","他に分類されない製造業","300人以上","総数"
"105-2024","32C","00","0","00000","2024000000","人","3557","従業者数_うち常用雇用者","情報記録物製造業（新聞、書籍等の印刷物を除く）","総数","総数"
"105-2024","32C","01","0","00000","2024000000","人","***","従業者数_うち常用雇用者","情報記録物製造業（新聞、書籍等の印刷物を除く）","0人","総数"
"105-2024","32C","02","0","00000","2024000000","人","105","従業者数_うち常用雇用者","情報記録物製造業（新聞、書籍等の印刷物を除く）","1～4人","総数"
"105-2024","32C","03","0","00000","2024000000","人","204","従業者数_うち常用雇用者","情報記録物製造業（新聞、書籍等の印刷物を除く）","5～9人","総数"
"105-2024","32C","04","0","00000","2024000000","人","316","従業者数_うち常用雇用者","情報記録物製造業（新聞、書籍等の印刷物を除く）","10～19人","総数"
"105-2024","32C","05","0","00000","2024000000","人","114","従業者数_うち常用雇用者","情報記録物製造業（新聞、書籍等の印刷物を除く）","20～29人","総数"
"105-2024","32C","06","0","00000","2024000000","人","494","従業者数_うち常用雇用者","情報記録物製造業（新聞、書籍等の印刷物を除く）","30～49人","総数"
"105-2024","32C","07","0","00000","2024000000","人","239","従業者数_うち常用雇用者","情報記録物製造業（新聞、書籍等の印刷物を除く）","50～99人","総数"
"105-2024","32C","08","0","00000","2024000000","人","783","従業者数_うち常用雇用者","情報記録物製造業（新聞、書籍等の印刷物を除く）","100～199人","総数"
"105-2024","32C","09","0","00000","2024000000","人","505","従業者数_うち常用雇用者","情報記録物製造業（新聞、書籍等の印刷物を除く）","200～299人","総数"
"105-2024","32C","10","0","00000","2024000000","人","797","従業者数_うち常用雇用者","情報記録物製造業（新聞、書籍等の印刷物を除く）","300人以上","総数"
"105-2024","32D","00","0","00000","2024000000","人","83930","従業者数_うち常用雇用者","他に分類されないその他の製造業","総数","総数"
"105-2024","32D","01","0","00000","2024000000","人","***","従業者数_うち常用雇用者","他に分類されないその他の製造業","0人","総数"
"105-2024","32D","02","0","00000","2024000000","人","10382","従業者数_うち常用雇用者","他に分類されないその他の製造業","1～4人","総数"
"105-2024","32D","03","0","00000","2024000000","人","9935","従業者数_うち常用雇用者","他に分類されないその他の製造業","5～9人","総数"
"105-2024","32D","04","0","00000","2024000000","人","11881","従業者数_うち常用雇用者","他に分類されないその他の製造業","10～19人","総数"
"105-2024","32D","05","0","00000","2024000000","人","7664","従業者数_うち常用雇用者","他に分類されないその他の製造業","20～29人","総数"
"105-2024","32D","06","0","00000","2024000000","人","8764","従業者数_うち常用雇用者","他に分類されないその他の製造業","30～49人","総数"
"105-2024","32D","07","0","00000","2024000000","人","9775","従業者数_うち常用雇用者","他に分類されないその他の製造業","50～99人","総数"
"105-2024","32D","08","0","00000","2024000000","人","10986","従業者数_うち常用雇用者","他に分類されないその他の製造業","100～199人","総数"
"105-2024","32D","09","0","00000","2024000000","人","4643","従業者数_うち常用雇用者","他に分類されないその他の製造業","200～299人","総数"
"105-2024","32D","10","0","00000","2024000000","人","9900","従業者数_うち常用雇用者","他に分類されないその他の製造業","300人以上","総数"
"105-2024","F","00","0","00000","2024000000","人","211104","従業者数_うち常用雇用者","電気・ガス・熱供給・水道業","総数","総数"
"105-2024","F","01","0","00000","2024000000","人","***","従業者数_うち常用雇用者","電気・ガス・熱供給・水道業","0人","総数"
"105-2024","F","02","0","00000","2024000000","人","8150","従業者数_うち常用雇用者","電気・ガス・熱供給・水道業","1～4人","総数"
"105-2024","F","03","0","00000","2024000000","人","7186","従業者数_うち常用雇用者","電気・ガス・熱供給・水道業","5～9人","総数"
"105-2024","F","04","0","00000","2024000000","人","14954","従業者数_うち常用雇用者","電気・ガス・熱供給・水道業","10～19人","総数"
"105-2024","F","05","0","00000","2024000000","人","12458","従業者数_うち常用雇用者","電気・ガス・熱供給・水道業","20～29人","総数"
"105-2024","F","06","0","00000","2024000000","人","17856","従業者数_うち常用雇用者","電気・ガス・熱供給・水道業","30～49人","総数"
"105-2024","F","07","0","00000","2024000000","人","32956","従業者数_うち常用雇用者","電気・ガス・熱供給・水道業","50～99人","総数"
"105-2024","F","08","0","00000","2024000000","人","28022","従業者数_うち常用雇用者","電気・ガス・熱供給・水道業","100～199人","総数"
"105-2024","F","09","0","00000","2024000000","人","13647","従業者数_うち常用雇用者","電気・ガス・熱供給・水道業","200～299人","総数"
"105-2024","F","10","0","00000","2024000000","人","75875","従業者数_うち常用雇用者","電気・ガス・熱供給・水道業","300人以上","総数"
"105-2024","33","00","0","00000","2024000000","人","144877","従業者数_うち常用雇用者","電気業","総数","総数"
"105-2024","33","01","0","00000","2024000000","人","***","従業者数_うち常用雇用者","電気業","0人","総数"
"105-2024","33","02","0","00000","2024000000","人","6392","従業者数_うち常用雇用者","電気業","1～4人","総数"
"105-2024","33","03","0","00000","2024000000","人","3145","従業者数_うち常用雇用者","電気業","5～9人","総数"
"105-2024","33","04","0","00000","2024000000","人","6159","従業者数_うち常用雇用者","電気業","10～19人","総数"
"105-2024","33","05","0","00000","2024000000","人","6049","従業者数_うち常用雇用者","電気業","20～29人","総数"
"105-2024","33","06","0","00000","2024000000","人","11045","従業者数_うち常用雇用者","電気業","30～49人","総数"
"105-2024","33","07","0","00000","2024000000","人","22639","従業者数_うち常用雇用者","電気業","50～99人","総数"
"105-2024","33","08","0","00000","2024000000","人","21291","従業者数_うち常用雇用者","電気業","100～199人","総数"
"105-2024","33","09","0","00000","2024000000","人","9342","従業者数_うち常用雇用者","電気業","200～299人","総数"
"105-2024","33","10","0","00000","2024000000","人","58815","従業者数_うち常用雇用者","電気業","300人以上","総数"
"105-2024","330","00","0","00000","2024000000","人","53042","従業者数_うち常用雇用者","管理、補助的経済活動を行う事業所（33_電気業）","総数","総数"
"105-2024","330","01","0","00000","2024000000","人","***","従業者数_うち常用雇用者","管理、補助的経済活動を行う事業所（33_電気業）","0人","総数"
"105-2024","330","02","0","00000","2024000000","人","138","従業者数_うち常用雇用者","管理、補助的経済活動を行う事業所（33_電気業）","1～4人","総数"
"105-2024","330","03","0","00000","2024000000","人","445","従業者数_うち常用雇用者","管理、補助的経済活動を行う事業所（33_電気業）","5～9人","総数"
"105-2024","330","04","0","00000","2024000000","人","1246","従業者数_うち常用雇用者","管理、補助的経済活動を行う事業所（33_電気業）","10～19人","総数"
"105-2024","330","05","0","00000","2024000000","人","2410","従業者数_うち常用雇用者","管理、補助的経済活動を行う事業所（33_電気業）","20～29人","総数"
"105-2024","330","06","0","00000","2024000000","人","4981","従業者数_うち常用雇用者","管理、補助的経済活動を行う事業所（33_電気業）","30～49人","総数"
"105-2024","330","07","0","00000","2024000000","人","8071","従業者数_うち常用雇用者","管理、補助的経済活動を行う事業所（33_電気業）","50～99人","総数"
"105-2024","330","08","0","00000","2024000000","人","6588","従業者数_うち常用雇用者","管理、補助的経済活動を行う事業所（33_電気業）","100～199人","総数"
"105-2024","330","09","0","00000","2024000000","人","1931","従業者数_うち常用雇用者","管理、補助的経済活動を行う事業所（33_電気業）","200～299人","総数"
"105-2024","330","10","0","00000","2024000000","人","27232","従業者数_うち常用雇用者","管理、補助的経済活動を行う事業所（33_電気業）","300人以上","総数"
"105-2024","331","00","0","00000","2024000000","人","91835","従業者数_うち常用雇用者","電気業","総数","総数"
"105-2024","331","01","0","00000","2024000000","人","***","従業者数_うち常用雇用者","電気業","0人","総数"
"105-2024","331","02","0","00000","2024000000","人","6254","従業者数_うち常用雇用者","電気業","1～4人","総数"
"105-2024","331","03","0","00000","2024000000","人","2700","従業者数_うち常用雇用者","電気業","5～9人","総数"
"105-2024","331","04","0","00000","2024000000","人","4913","従業者数_うち常用雇用者","電気業","10～19人","総数"
"105-2024","331","05","0","00000","2024000000","人","3639","従業者数_うち常用雇用者","電気業","20～29人","総数"
"105-2024","331","06","0","00000","2024000000","人","6064","従業者数_うち常用雇用者","電気業","30～49人","総数"
"105-2024","331","07","0","00000","2024000000","人","14568","従業者数_うち常用雇用者","電気業","50～99人","総数"
"105-2024","331","08","0","00000","2024000000","人","14703","従業者数_うち常用雇用者","電気業","100～199人","総数"
"105-2024","331","09","0","00000","2024000000","人","7411","従業者数_うち常用雇用者","電気業","200～299人","総数"
"105-2024","331","10","0","00000","2024000000","人","31583","従業者数_うち常用雇用者","電気業","300人以上","総数"
"105-2024","34","00","0","00000","2024000000","人","35552","従業者数_うち常用雇用者","ガス業","総数","総数"
"105-2024","34","01","0","00000","2024000000","人","***","従業者数_うち常用雇用者","ガス業","0人","総数"
"105-2024","34","02","0","00000","2024000000","人","254","従業者数_うち常用雇用者","ガス業","1～4人","総数"
"105-2024","34","03","0","00000","2024000000","人","462","従業者数_うち常用雇用者","ガス業","5～9人","総数"
"105-2024","34","04","0","00000","2024000000","人","1825","従業者数_うち常用雇用者","ガス業","10～19人","総数"
"105-2024","34","05","0","00000","2024000000","人","1365","従業者数_うち常用雇用者","ガス業","20～29人","総数"
"105-2024","34","06","0","00000","2024000000","人","2384","従業者数_うち常用雇用者","ガス業","30～49人","総数"
"105-2024","34","07","0","00000","2024000000","人","6470","従業者数_うち常用雇用者","ガス業","50～99人","総数"
"105-2024","34","08","0","00000","2024000000","人","4765","従業者数_うち常用雇用者","ガス業","100～199人","総数"
"105-2024","34","09","0","00000","2024000000","人","2685","従業者数_うち常用雇用者","ガス業","200～299人","総数"
"105-2024","34","10","0","00000","2024000000","人","15342","従業者数_うち常用雇用者","ガス業","300人以上","総数"
"105-2024","340","00","0","00000","2024000000","人","18564","従業者数_うち常用雇用者","管理、補助的経済活動を行う事業所（34_ガス業）","総数","総数"
"105-2024","340","01","0","00000","2024000000","人","***","従業者数_うち常用雇用者","管理、補助的経済活動を行う事業所（34_ガス業）","0人","総数"
"105-2024","340","02","0","00000","2024000000","人","61","従業者数_うち常用雇用者","管理、補助的経済活動を行う事業所（34_ガス業）","1～4人","総数"
"105-2024","340","03","0","00000","2024000000","人","54","従業者数_うち常用雇用者","管理、補助的経済活動を行う事業所（34_ガス業）","5～9人","総数"
"105-2024","340","04","0","00000","2024000000","人","316","従業者数_うち常用雇用者","管理、補助的経済活動を行う事業所（34_ガス業）","10～19人","総数"
"105-2024","340","05","0","00000","2024000000","人","387","従業者数_うち常用雇用者","管理、補助的経済活動を行う事業所（34_ガス業）","20～29人","総数"
"105-2024","340","06","0","00000","2024000000","人","574","従業者数_うち常用雇用者","管理、補助的経済活動を行う事業所（34_ガス業）","30～49人","総数"
"105-2024","340","07","0","00000","2024000000","人","1691","従業者数_うち常用雇用者","管理、補助的経済活動を行う事業所（34_ガス業）","50～99人","総数"
"105-2024","340","08","0","00000","2024000000","人","1633","従業者数_うち常用雇用者","管理、補助的経済活動を行う事業所（34_ガス業）","100～199人","総数"
"105-2024","340","09","0","00000","2024000000","人","1492","従業者数_うち常用雇用者","管理、補助的経済活動を行う事業所（34_ガス業）","200～299人","総数"
"105-2024","340","10","0","00000","2024000000","人","12356","従業者数_うち常用雇用者","管理、補助的経済活動を行う事業所（34_ガス業）","300人以上","総数"
"105-2024","341","00","0","00000","2024000000","人","16988","従業者数_うち常用雇用者","ガス業","総数","総数"
"105-2024","341","01","0","00000","2024000000","人","***","従業者数_うち常用雇用者","ガス業","0人","総数"
"105-2024","341","02","0","00000","2024000000","人","193","従業者数_うち常用雇用者","ガス業","1～4人","総数"
"105-2024","341","03","0","00000","2024000000","人","408","従業者数_うち常用雇用者","ガス業","5～9人","総数"
"105-2024","341","04","0","00000","2024000000","人","1509","従業者数_うち常用雇用者","ガス業","10～19人","総数"
"105-2024","341","05","0","00000","2024000000","人","978","従業者数_うち常用雇用者","ガス業","20～29人","総数"
"105-2024","341","06","0","00000","2024000000","人","1810","従業者数_うち常用雇用者","ガス業","30～49人","総数"
"105-2024","341","07","0","00000","2024000000","人","4779","従業者数_うち常用雇用者","ガス業","50～99人","総数"
"105-2024","341","08","0","00000","2024000000","人","3132","従業者数_うち常用雇用者","ガス業","100～199人","総数"
"105-2024","341","09","0","00000","2024000000","人","1193","従業者数_うち常用雇用者","ガス業","200～299人","総数"
"105-2024","341","10","0","00000","2024000000","人","2986","従業者数_うち常用雇用者","ガス業","300人以上","総数"
"105-2024","35","00","0","00000","2024000000","人","2695","従業者数_うち常用雇用者","熱供給業","総数","総数"
"105-2024","35","01","0","00000","2024000000","人","***","従業者数_うち常用雇用者","熱供給業","0人","総数"
"105-2024","35","02","0","00000","2024000000","人","177","従業者数_うち常用雇用者","熱供給業","1～4人","総数"
"105-2024","35","03","0","00000","2024000000","人","211","従業者数_うち常用雇用者","熱供給業","5～9人","総数"
"105-2024","35","04","0","00000","2024000000","人","513","従業者数_うち常用雇用者","熱供給業","10～19人","総数"
"105-2024","35","05","0","00000","2024000000","人","280","従業者数_うち常用雇用者","熱供給業","20～29人","総数"
"105-2024","35","06","0","00000","2024000000","人","433","従業者数_うち常用雇用者","熱供給業","30～49人","総数"
"105-2024","35","07","0","00000","2024000000","人","142","従業者数_うち常用雇用者","熱供給業","50～99人","総数"
"105-2024","35","08","0","00000","2024000000","人","101","従業者数_うち常用雇用者","熱供給業","100～199人","総数"
"105-2024","35","09","0","00000","2024000000","人","298","従業者数_うち常用雇用者","熱供給業","200～299人","総数"
"105-2024","35","10","0","00000","2024000000","人","540","従業者数_うち常用雇用者","熱供給業","300人以上","総数"
"105-2024","350","00","0","00000","2024000000","人","554","従業者数_うち常用雇用者","管理、補助的経済活動を行う事業所（35_熱供給業）","総数","総数"
"105-2024","350","01","0","00000","2024000000","人","***","従業者数_うち常用雇用者","管理、補助的経済活動を行う事業所（35_熱供給業）","0人","総数"
"105-2024","350","02","0","00000","2024000000","人","9","従業者数_うち常用雇用者","管理、補助的経済活動を行う事業所（35_熱供給業）","1～4人","総数"
"105-2024","350","03","0","00000","2024000000","人","5","従業者数_うち常用雇用者","管理、補助的経済活動を行う事業所（35_熱供給業）","5～9人","総数"
"105-2024","350","04","0","00000","2024000000","人","***","従業者数_うち常用雇用者","管理、補助的経済活動を行う事業所（35_熱供給業）","10～19人","総数"
"105-2024","350","05","0","00000","2024000000","人","***","従業者数_うち常用雇用者","管理、補助的経済活動を行う事業所（35_熱供給業）","20～29人","総数"
"105-2024","350","06","0","00000","2024000000","人","***","従業者数_うち常用雇用者","管理、補助的経済活動を行う事業所（35_熱供給業）","30～49人","総数"
"105-2024","350","07","0","00000","2024000000","人","***","従業者数_うち常用雇用者","管理、補助的経済活動を行う事業所（35_熱供給業）","50～99人","総数"
"105-2024","350","08","0","00000","2024000000","人","***","従業者数_うち常用雇用者","管理、補助的経済活動を行う事業所（35_熱供給業）","100～199人","総数"
"105-2024","350","09","0","00000","2024000000","人","***","従業者数_うち常用雇用者","管理、補助的経済活動を行う事業所（35_熱供給業）","200～299人","総数"
"105-2024","350","10","0","00000","2024000000","人","540","従業者数_うち常用雇用者","管理、補助的経済活動を行う事業所（35_熱供給業）","300人以上","総数"
"105-2024","351","00","0","00000","2024000000","人","2141","従業者数_うち常用雇用者","熱供給業","総数","総数"
"105-2024","351","01","0","00000","2024000000","人","***","従業者数_うち常用雇用者","熱供給業","0人","総数"
"105-2024","351","02","0","00000","2024000000","人","168","従業者数_うち常用雇用者","熱供給業","1～4人","総数"
"105-2024","351","03","0","00000","2024000000","人","206","従業者数_うち常用雇用者","熱供給業","5～9人","総数"
"105-2024","351","04","0","00000","2024000000","人","513","従業者数_うち常用雇用者","熱供給業","10～19人","総数"
"105-2024","351","05","0","00000","2024000000","人","280","従業者数_うち常用雇用者","熱供給業","20～29人","総数"
"105-2024","351","06","0","00000","2024000000","人","433","従業者数_うち常用雇用者","熱供給業","30～49人","総数"
"105-2024","351","07","0","00000","2024000000","人","142","従業者数_うち常用雇用者","熱供給業","50～99人","総数"
"105-2024","351","08","0","00000","2024000000","人","101","従業者数_うち常用雇用者","熱供給業","100～199人","総数"
"105-2024","351","09","0","00000","2024000000","人","298","従業者数_うち常用雇用者","熱供給業","200～299人","総数"
"105-2024","351","10","0","00000","2024000000","人","***","従業者数_うち常用雇用者","熱供給業","300人以上","総数"
"105-2024","36","00","0","00000","2024000000","人","27980","従業者数_うち常用雇用者","水道業","総数","総数"
"105-2024","36","01","0","00000","2024000000","人","***","従業者数_うち常用雇用者","水道業","0人","総数"
"105-2024","36","02","0","00000","2024000000","人","1327","従業者数_うち常用雇用者","水道業","1～4人","総数"
"105-2024","36","03","0","00000","2024000000","人","3368","従業者数_うち常用雇用者","水道業","5～9人","総数"
"105-2024","36","04","0","00000","2024000000","人","6457","従業者数_うち常用雇用者","水道業","10～19人","総数"
"105-2024","36","05","0","00000","2024000000","人","4764","従業者数_うち常用雇用者","水道業","20～29人","総数"
"105-2024","36","06","0","00000","2024000000","人","3994","従業者数_うち常用雇用者","水道業","30～49人","総数"
"105-2024","36","07","0","00000","2024000000","人","3705","従業者数_うち常用雇用者","水道業","50～99人","総数"
"105-2024","36","08","0","00000","2024000000","人","1865","従業者数_うち常用雇用者","水道業","100～199人","総数"
"105-2024","36","09","0","00000","2024000000","人","1322","従業者数_うち常用雇用者","水道業","200～299人","総数"
"105-2024","36","10","0","00000","2024000000","人","1178","従業者数_うち常用雇用者","水道業","300人以上","総数"
"105-2024","360","00","0","00000","2024000000","人","1536","従業者数_うち常用雇用者","管理、補助的経済活動を行う事業所（36_水道業）","総数","総数"
"105-2024","360","01","0","00000","2024000000","人","***","従業者数_うち常用雇用者","管理、補助的経済活動を行う事業所（36_水道業）","0人","総数"
"105-2024","360","02","0","00000","2024000000","人","46","従業者数_うち常用雇用者","管理、補助的経済活動を行う事業所（36_水道業）","1～4人","総数"
"105-2024","360","03","0","00000","2024000000","人","20","従業者数_うち常用雇用者","管理、補助的経済活動を行う事業所（36_水道業）","5～9人","総数"
"105-2024","360","04","0","00000","2024000000","人","80","従業者数_うち常用雇用者","管理、補助的経済活動を行う事業所（36_水道業）","10～19人","総数"
"105-2024","360","05","0","00000","2024000000","人","23","従業者数_うち常用雇用者","管理、補助的経済活動を行う事業所（36_水道業）","20～29人","総数"
"105-2024","360","06","0","00000","2024000000","人","171","従業者数_うち常用雇用者","管理、補助的経済活動を行う事業所（36_水道業）","30～49人","総数"
"105-2024","360","07","0","00000","2024000000","人","68","従業者数_うち常用雇用者","管理、補助的経済活動を行う事業所（36_水道業）","50～99人","総数"
"105-2024","360","08","0","00000","2024000000","人","***","従業者数_うち常用雇用者","管理、補助的経済活動を行う事業所（36_水道業）","100～199人","総数"
"105-2024","360","09","0","00000","2024000000","人","270","従業者数_うち常用雇用者","管理、補助的経済活動を行う事業所（36_水道業）","200～299人","総数"
"105-2024","360","10","0","00000","2024000000","人","858","従業者数_うち常用雇用者","管理、補助的経済活動を行う事業所（36_水道業）","300人以上","総数"
"105-2024","361","00","0","00000","2024000000","人","6696","従業者数_うち常用雇用者","上水道業","総数","総数"
"105-2024","361","01","0","00000","2024000000","人","***","従業者数_うち常用雇用者","上水道業","0人","総数"
"105-2024","361","02","0","00000","2024000000","人","345","従業者数_うち常用雇用者","上水道業","1～4人","総数"
"105-2024","361","03","0","00000","2024000000","人","971","従業者数_うち常用雇用者","上水道業","5～9人","総数"
"105-2024","361","04","0","00000","2024000000","人","1859","従業者数_うち常用雇用者","上水道業","10～19人","総数"
"105-2024","361","05","0","00000","2024000000","人","958","従業者数_うち常用雇用者","上水道業","20～29人","総数"
"105-2024","361","06","0","00000","2024000000","人","694","従業者数_うち常用雇用者","上水道業","30～49人","総数"
"105-2024","361","07","0","00000","2024000000","人","829","従業者数_うち常用雇用者","上水道業","50～99人","総数"
"105-2024","361","08","0","00000","2024000000","人","426","従業者数_うち常用雇用者","上水道業","100～199人","総数"
"105-2024","361","09","0","00000","2024000000","人","294","従業者数_うち常用雇用者","上水道業","200～299人","総数"
"105-2024","361","10","0","00000","2024000000","人","320","従業者数_うち常用雇用者","上水道業","300人以上","総数"
"105-2024","362","00","0","00000","2024000000","人","175","従業者数_うち常用雇用者","工業用水道業","総数","総数"
"105-2024","362","01","0","00000","2024000000","人","***","従業者数_うち常用雇用者","工業用水道業","0人","総数"
"105-2024","362","02","0","00000","2024000000","人","19","従業者数_うち常用雇用者","工業用水道業","1～4人","総数"
"105-2024","362","03","0","00000","2024000000","人","44","従業者数_うち常用雇用者","工業用水道業","5～9人","総数"
"105-2024","362","04","0","00000","2024000000","人","45","従業者数_うち常用雇用者","工業用水道業","10～19人","総数"
"105-2024","362","05","0","00000","2024000000","人","22","従業者数_うち常用雇用者","工業用水道業","20～29人","総数"
"105-2024","362","06","0","00000","2024000000","人","45","従業者数_うち常用雇用者","工業用水道業","30～49人","総数"
"105-2024","362","07","0","00000","2024000000","人","***","従業者数_うち常用雇用者","工業用水道業","50～99人","総数"
"105-2024","362","08","0","00000","2024000000","人","***","従業者数_うち常用雇用者","工業用水道業","100～199人","総数"
"105-2024","362","09","0","00000","2024000000","人","***","従業者数_うち常用雇用者","工業用水道業","200～299人","総数"
"105-2024","362","10","0","00000","2024000000","人","***","従業者数_うち常用雇用者","工業用水道業","300人以上","総数"
"105-2024","363","00","0","00000","2024000000","人","19573","従業者数_うち常用雇用者","下水道業","総数","総数"
"105-2024","363","01","0","00000","2024000000","人","***","従業者数_うち常用雇用者","下水道業","0人","総数"
"105-2024","363","02","0","00000","2024000000","人","917","従業者数_うち常用雇用者","下水道業","1～4人","総数"
"105-2024","363","03","0","00000","2024000000","人","2333","従業者数_うち常用雇用者","下水道業","5～9人","総数"
"105-2024","363","04","0","00000","2024000000","人","4473","従業者数_うち常用雇用者","下水道業","10～19人","総数"
"105-2024","363","05","0","00000","2024000000","人","3761","従業者数_うち常用雇用者","下水道業","20～29人","総数"
"105-2024","363","06","0","00000","2024000000","人","3084","従業者数_うち常用雇用者","下水道業","30～49人","総数"
"105-2024","363","07","0","00000","2024000000","人","2808","従業者数_うち常用雇用者","下水道業","50～99人","総数"
"105-2024","363","08","0","00000","2024000000","人","1439","従業者数_うち常用雇用者","下水道業","100～199人","総数"
"105-2024","363","09","0","00000","2024000000","人","758","従業者数_うち常用雇用者","下水道業","200～299人","総数"
"105-2024","363","10","0","00000","2024000000","人","***","従業者数_うち常用雇用者","下水道業","300人以上","総数"
"105-2024","G","00","0","00000","2024000000","人","2067616","従業者数_うち常用雇用者","情報通信業","総数","総数"
"105-2024","G","01","0","00000","2024000000","人","***","従業者数_うち常用雇用者","情報通信業","0人","総数"
"105-2024","G","02","0","00000","2024000000","人","66989","従業者数_うち常用雇用者","情報通信業","1～4人","総数"
"105-2024","G","03","0","00000","2024000000","人","73792","従業者数_うち常用雇用者","情報通信業","5～9人","総数"
"105-2024","G","04","0","00000","2024000000","人","118637","従業者数_うち常用雇用者","情報通信業","10～19人","総数"
"105-2024","G","05","0","00000","2024000000","人","98640","従業者数_うち常用雇用者","情報通信業","20～29人","総数"
"105-2024","G","06","0","00000","2024000000","人","165104","従業者数_うち常用雇用者","情報通信業","30～49人","総数"
"105-2024","G","07","0","00000","2024000000","人","265981","従業者数_うち常用雇用者","情報通信業","50～99人","総数"
"105-2024","G","08","0","00000","2024000000","人","288591","従業者数_うち常用雇用者","情報通信業","100～199人","総数"
"105-2024","G","09","0","00000","2024000000","人","167755","従業者数_うち常用雇用者","情報通信業","200～299人","総数"
"105-2024","G","10","0","00000","2024000000","人","822127","従業者数_うち常用雇用者","情報通信業","300人以上","総数"
"105-2024","G1","00","0","00000","2024000000","人","428151","従業者数_うち常用雇用者","情報通信業（通信業、放送業、映像・音声・文字情報制作業）","総数","総数"
"105-2024","G1","01","0","00000","2024000000","人","***","従業者数_うち常用雇用者","情報通信業（通信業、放送業、映像・音声・文字情報制作業）","0人","総数"
"105-2024","G1","02","0","00000","2024000000","人","22128","従業者数_うち常用雇用者","情報通信業（通信業、放送業、映像・音声・文字情報制作業）","1～4人","総数"
"105-2024","G1","03","0","00000","2024000000","人","22662","従業者数_うち常用雇用者","情報通信業（通信業、放送業、映像・音声・文字情報制作業）","5～9人","総数"
"105-2024","G1","04","0","00000","2024000000","人","30430","従業者数_うち常用雇用者","情報通信業（通信業、放送業、映像・音声・文字情報制作業）","10～19人","総数"
"105-2024","G1","05","0","00000","2024000000","人","21036","従業者数_うち常用雇用者","情報通信業（通信業、放送業、映像・音声・文字情報制作業）","20～29人","総数"
"105-2024","G1","06","0","00000","2024000000","人","33480","従業者数_うち常用雇用者","情報通信業（通信業、放送業、映像・音声・文字情報制作業）","30～49人","総数"
"105-2024","G1","07","0","00000","2024000000","人","56509","従業者数_うち常用雇用者","情報通信業（通信業、放送業、映像・音声・文字情報制作業）","50～99人","総数"
"105-2024","G1","08","0","00000","2024000000","人","54773","従業者数_うち常用雇用者","情報通信業（通信業、放送業、映像・音声・文字情報制作業）","100～199人","総数"
"105-2024","G1","09","0","00000","2024000000","人","33091","従業者数_うち常用雇用者","情報通信業（通信業、放送業、映像・音声・文字情報制作業）","200～299人","総数"
"105-2024","G1","10","0","00000","2024000000","人","154042","従業者数_うち常用雇用者","情報通信業（通信業、放送業、映像・音声・文字情報制作業）","300人以上","総数"
"105-2024","37","00","0","00000","2024000000","人","147748","従業者数_うち常用雇用者","通信業","総数","総数"
"105-2024","37","01","0","00000","2024000000","人","***","従業者数_うち常用雇用者","通信業","0人","総数"
"105-2024","37","02","0","00000","2024000000","人","1804","従業者数_うち常用雇用者","通信業","1～4人","総数"
"105-2024","37","03","0","00000","2024000000","人","3786","従業者数_うち常用雇用者","通信業","5～9人","総数"
"105-2024","37","04","0","00000","2024000000","人","4583","従業者数_うち常用雇用者","通信業","10～19人","総数"
"105-2024","37","05","0","00000","2024000000","人","3053","従業者数_うち常用雇用者","通信業","20～29人","総数"
"105-2024","37","06","0","00000","2024000000","人","5370","従業者数_うち常用雇用者","通信業","30～49人","総数"
"105-2024","37","07","0","00000","2024000000","人","11182","従業者数_うち常用雇用者","通信業","50～99人","総数"
"105-2024","37","08","0","00000","2024000000","人","14673","従業者数_うち常用雇用者","通信業","100～199人","総数"
"105-2024","37","09","0","00000","2024000000","人","9032","従業者数_うち常用雇用者","通信業","200～299人","総数"
"105-2024","37","10","0","00000","2024000000","人","94265","従業者数_うち常用雇用者","通信業","300人以上","総数"
"105-2024","370","00","0","00000","2024000000","人","2185","従業者数_うち常用雇用者","管理、補助的経済活動を行う事業所（37_通信業）","総数","総数"
"105-2024","370","01","0","00000","2024000000","人","***","従業者数_うち常用雇用者","管理、補助的経済活動を行う事業所（37_通信業）","0人","総数"
"105-2024","370","02","0","00000","2024000000","人","7","従業者数_うち常用雇用者","管理、補助的経済活動を行う事業所（37_通信業）","1～4人","総数"
"105-2024","370","03","0","00000","2024000000","人","7","従業者数_うち常用雇用者","管理、補助的経済活動を行う事業所（37_通信業）","5～9人","総数"
"105-2024","370","04","0","00000","2024000000","人","***","従業者数_うち常用雇用者","管理、補助的経済活動を行う事業所（37_通信業）","10～19人","総数"
"105-2024","370","05","0","00000","2024000000","人","76","従業者数_うち常用雇用者","管理、補助的経済活動を行う事業所（37_通信業）","20～29人","総数"
"105-2024","370","06","0","00000","2024000000","人","42","従業者数_うち常用雇用者","管理、補助的経済活動を行う事業所（37_通信業）","30～49人","総数"
"105-2024","370","07","0","00000","2024000000","人","***","従業者数_うち常用雇用者","管理、補助的経済活動を行う事業所（37_通信業）","50～99人","総数"
"105-2024","370","08","0","00000","2024000000","人","817","従業者数_うち常用雇用者","管理、補助的経済活動を行う事業所（37_通信業）","100～199人","総数"
"105-2024","370","09","0","00000","2024000000","人","***","従業者数_うち常用雇用者","管理、補助的経済活動を行う事業所（37_通信業）","200～299人","総数"
"105-2024","370","10","0","00000","2024000000","人","1236","従業者数_うち常用雇用者","管理、補助的経済活動を行う事業所（37_通信業）","300人以上","総数"
"105-2024","371","00","0","00000","2024000000","人","54345","従業者数_うち常用雇用者","固定電気通信業","総数","総数"
"105-2024","371","01","0","00000","2024000000","人","***","従業者数_うち常用雇用者","固定電気通信業","0人","総数"
"105-2024","371","02","0","00000","2024000000","人","793","従業者数_うち常用雇用者","固定電気通信業","1～4人","総数"
"105-2024","371","03","0","00000","2024000000","人","1134","従業者数_うち常用雇用者","固定電気通信業","5～9人","総数"
"105-2024","371","04","0","00000","2024000000","人","1736","従業者数_うち常用雇用者","固定電気通信業","10～19人","総数"
"105-2024","371","05","0","00000","2024000000","人","1469","従業者数_うち常用雇用者","固定電気通信業","20～29人","総数"
"105-2024","371","06","0","00000","2024000000","人","2486","従業者数_うち常用雇用者","固定電気通信業","30～49人","総数"
"105-2024","371","07","0","00000","2024000000","人","3552","従業者数_うち常用雇用者","固定電気通信業","50～99人","総数"
"105-2024","371","08","0","00000","2024000000","人","5369","従業者数_うち常用雇用者","固定電気通信業","100～199人","総数"
"105-2024","371","09","0","00000","2024000000","人","3439","従業者数_うち常用雇用者","固定電気通信業","200～299人","総数"
"105-2024","371","10","0","00000","2024000000","人","34367","従業者数_うち常用雇用者","固定電気通信業","300人以上","総数"
"105-2024","372","00","0","00000","2024000000","人","55249","従業者数_うち常用雇用者","移動電気通信業","総数","総数"
"105-2024","372","01","0","00000","2024000000","人","***","従業者数_うち常用雇用者","移動電気通信業","0人","総数"
"105-2024","372","02","0","00000","2024000000","人","289","従業者数_うち常用雇用者","移動電気通信業","1～4人","総数"
"105-2024","372","03","0","00000","2024000000","人","750","従業者数_うち常用雇用者","移動電気通信業","5～9人","総数"
"105-2024","372","04","0","00000","2024000000","人","524","従業者数_うち常用雇用者","移動電気通信業","10～19人","総数"
"105-2024","372","05","0","00000","2024000000","人","376","従業者数_うち常用雇用者","移動電気通信業","20～29人","総数"
"105-2024","372","06","0","00000","2024000000","人","570","従業者数_うち常用雇用者","移動電気通信業","30～49人","総数"
"105-2024","372","07","0","00000","2024000000","人","1616","従業者数_うち常用雇用者","移動電気通信業","50～99人","総数"
"105-2024","372","08","0","00000","2024000000","人","2807","従業者数_うち常用雇用者","移動電気通信業","100～199人","総数"
"105-2024","372","09","0","00000","2024000000","人","1593","従業者数_うち常用雇用者","移動電気通信業","200～299人","総数"
"105-2024","372","10","0","00000","2024000000","人","46724","従業者数_うち常用雇用者","移動電気通信業","300人以上","総数"
"105-2024","373","00","0","00000","2024000000","人","35967","従業者数_うち常用雇用者","電気通信に附帯するサービス業","総数","総数"
"105-2024","373","01","0","00000","2024000000","人","***","従業者数_うち常用雇用者","電気通信に附帯するサービス業","0人","総数"
"105-2024","373","02","0","00000","2024000000","人","713","従業者数_うち常用雇用者","電気通信に附帯するサービス業","1～4人","総数"
"105-2024","373","03","0","00000","2024000000","人","1895","従業者数_うち常用雇用者","電気通信に附帯するサービス業","5～9人","総数"
"105-2024","373","04","0","00000","2024000000","人","2323","従業者数_うち常用雇用者","電気通信に附帯するサービス業","10～19人","総数"
"105-2024","373","05","0","00000","2024000000","人","1132","従業者数_うち常用雇用者","電気通信に附帯するサービス業","20～29人","総数"
"105-2024","373","06","0","00000","2024000000","人","2272","従業者数_うち常用雇用者","電気通信に附帯するサービス業","30～49人","総数"
"105-2024","373","07","0","00000","2024000000","人","6014","従業者数_うち常用雇用者","電気通信に附帯するサービス業","50～99人","総数"
"105-2024","373","08","0","00000","2024000000","人","5680","従業者数_うち常用雇用者","電気通信に附帯するサービス業","100～199人","総数"
"105-2024","373","09","0","00000","2024000000","人","4000","従業者数_うち常用雇用者","電気通信に附帯するサービス業","200～299人","総数"
"105-2024","373","10","0","00000","2024000000","人","11938","従業者数_うち常用雇用者","電気通信に附帯するサービス業","300人以上","総数"
"105-2024","38","00","0","00000","2024000000","人","59020","従業者数_うち常用雇用者","放送業","総数","総数"
"105-2024","38","01","0","00000","2024000000","人","***","従業者数_うち常用雇用者","放送業","0人","総数"
"105-2024","38","02","0","00000","2024000000","人","1311","従業者数_うち常用雇用者","放送業","1～4人","総数"
"105-2024","38","03","0","00000","2024000000","人","1888","従業者数_うち常用雇用者","放送業","5～9人","総数"
"105-2024","38","04","0","00000","2024000000","人","3081","従業者数_うち常用雇用者","放送業","10～19人","総数"
"105-2024","38","05","0","00000","2024000000","人","2376","従業者数_うち常用雇用者","放送業","20～29人","総数"
"105-2024","38","06","0","00000","2024000000","人","4441","従業者数_うち常用雇用者","放送業","30～49人","総数"
"105-2024","38","07","0","00000","2024000000","人","13298","従業者数_うち常用雇用者","放送業","50～99人","総数"
"105-2024","38","08","0","00000","2024000000","人","9364","従業者数_うち常用雇用者","放送業","100～199人","総数"
"105-2024","38","09","0","00000","2024000000","人","4299","従業者数_うち常用雇用者","放送業","200～299人","総数"
"105-2024","38","10","0","00000","2024000000","人","18962","従業者数_うち常用雇用者","放送業","300人以上","総数"
"105-2024","380","00","0","00000","2024000000","人","222","従業者数_うち常用雇用者","管理、補助的経済活動を行う事業所（38_放送業）","総数","総数"
"105-2024","380","01","0","00000","2024000000","人","***","従業者数_うち常用雇用者","管理、補助的経済活動を行う事業所（38_放送業）","0人","総数"
"105-2024","380","02","0","00000","2024000000","人","4","従業者数_うち常用雇用者","管理、補助的経済活動を行う事業所（38_放送業）","1～4人","総数"
"105-2024","380","03","0","00000","2024000000","人","***","従業者数_うち常用雇用者","管理、補助的経済活動を行う事業所（38_放送業）","5～9人","総数"
"105-2024","380","04","0","00000","2024000000","人","55","従業者数_うち常用雇用者","管理、補助的経済活動を行う事業所（38_放送業）","10～19人","総数"
"105-2024","380","05","0","00000","2024000000","人","***","従業者数_うち常用雇用者","管理、補助的経済活動を行う事業所（38_放送業）","20～29人","総数"
"105-2024","380","06","0","00000","2024000000","人","33","従業者数_うち常用雇用者","管理、補助的経済活動を行う事業所（38_放送業）","30～49人","総数"
"105-2024","380","07","0","00000","2024000000","人","***","従業者数_うち常用雇用者","管理、補助的経済活動を行う事業所（38_放送業）","50～99人","総数"
"105-2024","380","08","0","00000","2024000000","人","130","従業者数_うち常用雇用者","管理、補助的経済活動を行う事業所（38_放送業）","100～199人","総数"
"105-2024","380","09","0","00000","2024000000","人","***","従業者数_うち常用雇用者","管理、補助的経済活動を行う事業所（38_放送業）","200～299人","総数"
"105-2024","380","10","0","00000","2024000000","人","***","従業者数_うち常用雇用者","管理、補助的経済活動を行う事業所（38_放送業）","300人以上","総数"
"105-2024","381","00","0","00000","2024000000","人","12050","従業者数_うち常用雇用者","公共放送業（有線放送業を除く）","総数","総数"
"105-2024","381","01","0","00000","2024000000","人","***","従業者数_うち常用雇用者","公共放送業（有線放送業を除く）","0人","総数"
"105-2024","381","02","0","00000","2024000000","人","***","従業者数_うち常用雇用者","公共放送業（有線放送業を除く）","1～4人","総数"
"105-2024","381","03","0","00000","2024000000","人","***","従業者数_うち常用雇用者","公共放送業（有線放送業を除く）","5～9人","総数"
"105-2024","381","04","0","00000","2024000000","人","44","従業者数_うち常用雇用者","公共放送業（有線放送業を除く）","10～19人","総数"
"105-2024","381","05","0","00000","2024000000","人","20","従業者数_うち常用雇用者","公共放送業（有線放送業を除く）","20～29人","総数"
"105-2024","381","06","0","00000","2024000000","人","96","従業者数_うち常用雇用者","公共放送業（有線放送業を除く）","30～49人","総数"
"105-2024","381","07","0","00000","2024000000","人","2836","従業者数_うち常用雇用者","公共放送業（有線放送業を除く）","50～99人","総数"
"105-2024","381","08","0","00000","2024000000","人","528","従業者数_うち常用雇用者","公共放送業（有線放送業を除く）","100～199人","総数"
"105-2024","381","09","0","00000","2024000000","人","502","従業者数_うち常用雇用者","公共放送業（有線放送業を除く）","200～299人","総数"
"105-2024","381","10","0","00000","2024000000","人","8024","従業者数_うち常用雇用者","公共放送業（有線放送業を除く）","300人以上","総数"
"105-2024","382","00","0","00000","2024000000","人","27143","従業者数_うち常用雇用者","民間放送業（有線放送業を除く）","総数","総数"
"105-2024","382","01","0","00000","2024000000","人","***","従業者数_うち常用雇用者","民間放送業（有線放送業を除く）","0人","総数"
"105-2024","382","02","0","00000","2024000000","人","856","従業者数_うち常用雇用者","民間放送業（有線放送業を除く）","1～4人","総数"
"105-2024","382","03","0","00000","2024000000","人","1092","従業者数_うち常用雇用者","民間放送業（有線放送業を除く）","5～9人","総数"
"105-2024","382","04","0","00000","2024000000","人","1399","従業者数_うち常用雇用者","民間放送業（有線放送業を除く）","10～19人","総数"
"105-2024","382","05","0","00000","2024000000","人","757","従業者数_うち常用雇用者","民間放送業（有線放送業を除く）","20～29人","総数"
"105-2024","382","06","0","00000","2024000000","人","1371","従業者数_うち常用雇用者","民間放送業（有線放送業を除く）","30～49人","総数"
"105-2024","382","07","0","00000","2024000000","人","5852","従業者数_うち常用雇用者","民間放送業（有線放送業を除く）","50～99人","総数"
"105-2024","382","08","0","00000","2024000000","人","5536","従業者数_うち常用雇用者","民間放送業（有線放送業を除く）","100～199人","総数"
"105-2024","382","09","0","00000","2024000000","人","2124","従業者数_うち常用雇用者","民間放送業（有線放送業を除く）","200～299人","総数"
"105-2024","382","10","0","00000","2024000000","人","8156","従業者数_うち常用雇用者","民間放送業（有線放送業を除く）","300人以上","総数"
"105-2024","383","00","0","00000","2024000000","人","19605","従業者数_うち常用雇用者","有線放送業","総数","総数"
"105-2024","383","01","0","00000","2024000000","人","***","従業者数_うち常用雇用者","有線放送業","0人","総数"
"105-2024","383","02","0","00000","2024000000","人","451","従業者数_うち常用雇用者","有線放送業","1～4人","総数"
"105-2024","383","03","0","00000","2024000000","人","796","従業者数_うち常用雇用者","有線放送業","5～9人","総数"
"105-2024","383","04","0","00000","2024000000","人","1583","従業者数_うち常用雇用者","有線放送業","10～19人","総数"
"105-2024","383","05","0","00000","2024000000","人","1599","従業者数_うち常用雇用者","有線放送業","20～29人","総数"
"105-2024","383","06","0","00000","2024000000","人","2941","従業者数_うち常用雇用者","有線放送業","30～49人","総数"
"105-2024","383","07","0","00000","2024000000","人","4610","従業者数_うち常用雇用者","有線放送業","50～99人","総数"
"105-2024","383","08","0","00000","2024000000","人","3170","従業者数_うち常用雇用者","有線放送業","100～199人","総数"
"105-2024","383","09","0","00000","2024000000","人","1673","従業者数_うち常用雇用者","有線放送業","200～299人","総数"
"105-2024","383","10","0","00000","2024000000","人","2782","従業者数_うち常用雇用者","有線放送業","300人以上","総数"
"105-2024","41","00","0","00000","2024000000","人","221383","従業者数_うち常用雇用者","映像・音声・文字情報制作業","総数","総数"
"105-2024","41","01","0","00000","2024000000","人","***","従業者数_うち常用雇用者","映像・音声・文字情報制作業","0人","総数"
"105-2024","41","02","0","00000","2024000000","人","19013","従業者数_うち常用雇用者","映像・音声・文字情報制作業","1～4人","総数"
"105-2024","41","03","0","00000","2024000000","人","16988","従業者数_うち常用雇用者","映像・音声・文字情報制作業","5～9人","総数"
"105-2024","41","04","0","00000","2024000000","人","22766","従業者数_うち常用雇用者","映像・音声・文字情報制作業","10～19人","総数"
"105-2024","41","05","0","00000","2024000000","人","15607","従業者数_うち常用雇用者","映像・音声・文字情報制作業","20～29人","総数"
"105-2024","41","06","0","00000","2024000000","人","23669","従業者数_うち常用雇用者","映像・音声・文字情報制作業","30～49人","総数"
"105-2024","41","07","0","00000","2024000000","人","32029","従業者数_うち常用雇用者","映像・音声・文字情報制作業","50～99人","総数"
"105-2024","41","08","0","00000","2024000000","人","30736","従業者数_うち常用雇用者","映像・音声・文字情報制作業","100～199人","総数"
"105-2024","41","09","0","00000","2024000000","人","19760","従業者数_うち常用雇用者","映像・音声・文字情報制作業","200～299人","総数"
"105-2024","41","10","0","00000","2024000000","人","40815","従業者数_うち常用雇用者","映像・音声・文字情報制作業","300人以上","総数"
"105-2024","410","00","0","00000","2024000000","人","1168","従業者数_うち常用雇用者","管理、補助的経済活動を行う事業所（41_映像・音声・文字情報制作業）","総数","総数"
"105-2024","410","01","0","00000","2024000000","人","***","従業者数_うち常用雇用者","管理、補助的経済活動を行う事業所（41_映像・音声・文字情報制作業）","0人","総数"
"105-2024","410","02","0","00000","2024000000","人","53","従業者数_うち常用雇用者","管理、補助的経済活動を行う事業所（41_映像・音声・文字情報制作業）","1～4人","総数"
"105-2024","410","03","0","00000","2024000000","人","65","従業者数_うち常用雇用者","管理、補助的経済活動を行う事業所（41_映像・音声・文字情報制作業）","5～9人","総数"
"105-2024","410","04","0","00000","2024000000","人","211","従業者数_うち常用雇用者","管理、補助的経済活動を行う事業所（41_映像・音声・文字情報制作業）","10～19人","総数"
"105-2024","410","05","0","00000","2024000000","人","75","従業者数_うち常用雇用者","管理、補助的経済活動を行う事業所（41_映像・音声・文字情報制作業）","20～29人","総数"
"105-2024","410","06","0","00000","2024000000","人","111","従業者数_うち常用雇用者","管理、補助的経済活動を行う事業所（41_映像・音声・文字情報制作業）","30～49人","総数"
"105-2024","410","07","0","00000","2024000000","人","***","従業者数_うち常用雇用者","管理、補助的経済活動を行う事業所（41_映像・音声・文字情報制作業）","50～99人","総数"
"105-2024","410","08","0","00000","2024000000","人","356","従業者数_うち常用雇用者","管理、補助的経済活動を行う事業所（41_映像・音声・文字情報制作業）","100～199人","総数"
"105-2024","410","09","0","00000","2024000000","人","297","従業者数_うち常用雇用者","管理、補助的経済活動を行う事業所（41_映像・音声・文字情報制作業）","200～299人","総数"
"105-2024","410","10","0","00000","2024000000","人","***","従業者数_うち常用雇用者","管理、補助的経済活動を行う事業所（41_映像・音声・文字情報制作業）","300人以上","総数"
"105-2024","411","00","0","00000","2024000000","人","80323","従業者数_うち常用雇用者","映像情報制作・配給業","総数","総数"
"105-2024","411","01","0","00000","2024000000","人","***","従業者数_うち常用雇用者","映像情報制作・配給業","0人","総数"
"105-2024","411","02","0","00000","2024000000","人","6493","従業者数_うち常用雇用者","映像情報制作・配給業","1～4人","総数"
"105-2024","411","03","0","00000","2024000000","人","5642","従業者数_うち常用雇用者","映像情報制作・配給業","5～9人","総数"
"105-2024","411","04","0","00000","2024000000","人","8668","従業者数_うち常用雇用者","映像情報制作・配給業","10～19人","総数"
"105-2024","411","05","0","00000","2024000000","人","6433","従業者数_うち常用雇用者","映像情報制作・配給業","20～29人","総数"
"105-2024","411","06","0","00000","2024000000","人","9986","従業者数_うち常用雇用者","映像情報制作・配給業","30～49人","総数"
"105-2024","411","07","0","00000","2024000000","人","14035","従業者数_うち常用雇用者","映像情報制作・配給業","50～99人","総数"
"105-2024","411","08","0","00000","2024000000","人","13303","従業者数_うち常用雇用者","映像情報制作・配給業","100～199人","総数"
"105-2024","411","09","0","00000","2024000000","人","5680","従業者数_うち常用雇用者","映像情報制作・配給業","200～299人","総数"
"105-2024","411","10","0","00000","2024000000","人","10083","従業者数_うち常用雇用者","映像情報制作・配給業","300人以上","総数"
"105-2024","412","00","0","00000","2024000000","人","5222","従業者数_うち常用雇用者","音声情報制作業","総数","総数"
"105-2024","412","01","0","00000","2024000000","人","***","従業者数_うち常用雇用者","音声情報制作業","0人","総数"
"105-2024","412","02","0","00000","2024000000","人","804","従業者数_うち常用雇用者","音声情報制作業","1～4人","総数"
"105-2024","412","03","0","00000","2024000000","人","495","従業者数_うち常用雇用者","音声情報制作業","5～9人","総数"
"105-2024","412","04","0","00000","2024000000","人","454","従業者数_うち常用雇用者","音声情報制作業","10～19人","総数"
"105-2024","412","05","0","00000","2024000000","人","95","従業者数_うち常用雇用者","音声情報制作業","20～29人","総数"
"105-2024","412","06","0","00000","2024000000","人","279","従業者数_うち常用雇用者","音声情報制作業","30～49人","総数"
"105-2024","412","07","0","00000","2024000000","人","834","従業者数_うち常用雇用者","音声情報制作業","50～99人","総数"
"105-2024","412","08","0","00000","2024000000","人","657","従業者数_うち常用雇用者","音声情報制作業","100～199人","総数"
"105-2024","412","09","0","00000","2024000000","人","207","従業者数_うち常用雇用者","音声情報制作業","200～299人","総数"
"105-2024","412","10","0","00000","2024000000","人","1397","従業者数_うち常用雇用者","音声情報制作業","300人以上","総数"
"105-2024","413","00","0","00000","2024000000","人","40358","従業者数_うち常用雇用者","新聞業","総数","総数"
"105-2024","413","01","0","00000","2024000000","人","***","従業者数_うち常用雇用者","新聞業","0人","総数"
"105-2024","413","02","0","00000","2024000000","人","1444","従業者数_うち常用雇用者","新聞業","1～4人","総数"
"105-2024","413","03","0","00000","2024000000","人","1646","従業者数_うち常用雇用者","新聞業","5～9人","総数"
"105-2024","413","04","0","00000","2024000000","人","2348","従業者数_うち常用雇用者","新聞業","10～19人","総数"
"105-2024","413","05","0","00000","2024000000","人","2016","従業者数_うち常用雇用者","新聞業","20～29人","総数"
"105-2024","413","06","0","00000","2024000000","人","1947","従業者数_うち常用雇用者","新聞業","30～49人","総数"
"105-2024","413","07","0","00000","2024000000","人","3061","従業者数_うち常用雇用者","新聞業","50～99人","総数"
"105-2024","413","08","0","00000","2024000000","人","4045","従業者数_うち常用雇用者","新聞業","100～199人","総数"
"105-2024","413","09","0","00000","2024000000","人","5925","従業者数_うち常用雇用者","新聞業","200～299人","総数"
"105-2024","413","10","0","00000","2024000000","人","17926","従業者数_うち常用雇用者","新聞業","300人以上","総数"
"105-2024","414","00","0","00000","2024000000","人","50787","従業者数_うち常用雇用者","出版業","総数","総数"
"105-2024","414","01","0","00000","2024000000","人","***","従業者数_うち常用雇用者","出版業","0人","総数"
"105-2024","414","02","0","00000","2024000000","人","4096","従業者数_うち常用雇用者","出版業","1～4人","総数"
"105-2024","414","03","0","00000","2024000000","人","4164","従業者数_うち常用雇用者","出版業","5～9人","総数"
"105-2024","414","04","0","00000","2024000000","人","5621","従業者数_うち常用雇用者","出版業","10～19人","総数"
"105-2024","414","05","0","00000","2024000000","人","3853","従業者数_うち常用雇用者","出版業","20～29人","総数"
"105-2024","414","06","0","00000","2024000000","人","6134","従業者数_うち常用雇用者","出版業","30～49人","総数"
"105-2024","414","07","0","00000","2024000000","人","7854","従業者数_うち常用雇用者","出版業","50～99人","総数"
"105-2024","414","08","0","00000","2024000000","人","7489","従業者数_うち常用雇用者","出版業","100～199人","総数"
"105-2024","414","09","0","00000","2024000000","人","5473","従業者数_うち常用雇用者","出版業","200～299人","総数"
"105-2024","414","10","0","00000","2024000000","人","6103","従業者数_うち常用雇用者","出版業","300人以上","総数"
"105-2024","415","00","0","00000","2024000000","人","17968","従業者数_うち常用雇用者","広告制作業","総数","総数"
"105-2024","415","01","0","00000","2024000000","人","***","従業者数_うち常用雇用者","広告制作業","0人","総数"
"105-2024","415","02","0","00000","2024000000","人","1869","従業者数_うち常用雇用者","広告制作業","1～4人","総数"
"105-2024","415","03","0","00000","2024000000","人","1535","従業者数_うち常用雇用者","広告制作業","5～9人","総数"
"105-2024","415","04","0","00000","2024000000","人","1950","従業者数_うち常用雇用者","広告制作業","10～19人","総数"
"105-2024","415","05","0","00000","2024000000","人","1251","従業者数_うち常用雇用者","広告制作業","20～29人","総数"
"105-2024","415","06","0","00000","2024000000","人","2271","従業者数_うち常用雇用者","広告制作業","30～49人","総数"
"105-2024","415","07","0","00000","2024000000","人","2453","従業者数_うち常用雇用者","広告制作業","50～99人","総数"
"105-2024","415","08","0","00000","2024000000","人","2387","従業者数_うち常用雇用者","広告制作業","100～199人","総数"
"105-2024","415","09","0","00000","2024000000","人","1156","従業者数_うち常用雇用者","広告制作業","200～299人","総数"
"105-2024","415","10","0","00000","2024000000","人","3096","従業者数_うち常用雇用者","広告制作業","300人以上","総数"
"105-2024","416","00","0","00000","2024000000","人","25556","従業者数_うち常用雇用者","映像・音声・文字情報制作に附帯するサービス業","総数","総数"
"105-2024","416","01","0","00000","2024000000","人","***","従業者数_うち常用雇用者","映像・音声・文字情報制作に附帯するサービス業","0人","総数"
"105-2024","416","02","0","00000","2024000000","人","4253","従業者数_うち常用雇用者","映像・音声・文字情報制作に附帯するサービス業","1～4人","総数"
"105-2024","416","03","0","00000","2024000000","人","3441","従業者数_うち常用雇用者","映像・音声・文字情報制作に附帯するサービス業","5～9人","総数"
"105-2024","416","04","0","00000","2024000000","人","3514","従業者数_うち常用雇用者","映像・音声・文字情報制作に附帯するサービス業","10～19人","総数"
"105-2024","416","05","0","00000","2024000000","人","1884","従業者数_うち常用雇用者","映像・音声・文字情報制作に附帯するサービス業","20～29人","総数"
"105-2024","416","06","0","00000","2024000000","人","2941","従業者数_うち常用雇用者","映像・音声・文字情報制作に附帯するサービス業","30～49人","総数"
"105-2024","416","07","0","00000","2024000000","人","3792","従業者数_うち常用雇用者","映像・音声・文字情報制作に附帯するサービス業","50～99人","総数"
"105-2024","416","08","0","00000","2024000000","人","2499","従業者数_うち常用雇用者","映像・音声・文字情報制作に附帯するサービス業","100～199人","総数"
"105-2024","416","09","0","00000","2024000000","人","1022","従業者数_うち常用雇用者","映像・音声・文字情報制作に附帯するサービス業","200～299人","総数"
"105-2024","416","10","0","00000","2024000000","人","2210","従業者数_うち常用雇用者","映像・音声・文字情報制作に附帯するサービス業","300人以上","総数"
"105-2024","G2","00","0","00000","2024000000","人","1639465","従業者数_うち常用雇用者","情報通信業（情報サービス業、インターネット附随サービス業）","総数","総数"
"105-2024","G2","01","0","00000","2024000000","人","***","従業者数_うち常用雇用者","情報通信業（情報サービス業、インターネット附随サービス業）","0人","総数"
"105-2024","G2","02","0","00000","2024000000","人","44861","従業者数_うち常用雇用者","情報通信業（情報サービス業、インターネット附随サービス業）","1～4人","総数"
"105-2024","G2","03","0","00000","2024000000","人","51130","従業者数_うち常用雇用者","情報通信業（情報サービス業、インターネット附随サービス業）","5～9人","総数"
"105-2024","G2","04","0","00000","2024000000","人","88207","従業者数_うち常用雇用者","情報通信業（情報サービス業、インターネット附随サービス業）","10～19人","総数"
"105-2024","G2","05","0","00000","2024000000","人","77604","従業者数_うち常用雇用者","情報通信業（情報サービス業、インターネット附随サービス業）","20～29人","総数"
"105-2024","G2","06","0","00000","2024000000","人","131624","従業者数_うち常用雇用者","情報通信業（情報サービス業、インターネット附随サービス業）","30～49人","総数"
"105-2024","G2","07","0","00000","2024000000","人","209472","従業者数_うち常用雇用者","情報通信業（情報サービス業、インターネット附随サービス業）","50～99人","総数"
"105-2024","G2","08","0","00000","2024000000","人","233818","従業者数_うち常用雇用者","情報通信業（情報サービス業、インターネット附随サービス業）","100～199人","総数"
"105-2024","G2","09","0","00000","2024000000","人","134664","従業者数_うち常用雇用者","情報通信業（情報サービス業、インターネット附随サービス業）","200～299人","総数"
"105-2024","G2","10","0","00000","2024000000","人","668085","従業者数_うち常用雇用者","情報通信業（情報サービス業、インターネット附随サービス業）","300人以上","総数"
"105-2024","39","00","0","00000","2024000000","人","1398748","従業者数_うち常用雇用者","情報サービス業","総数","総数"
"105-2024","39","01","0","00000","2024000000","人","***","従業者数_うち常用雇用者","情報サービス業","0人","総数"
"105-2024","39","02","0","00000","2024000000","人","35898","従業者数_うち常用雇用者","情報サービス業","1～4人","総数"
"105-2024","39","03","0","00000","2024000000","人","42702","従業者数_うち常用雇用者","情報サービス業","5～9人","総数"
"105-2024","39","04","0","00000","2024000000","人","75665","従業者数_うち常用雇用者","情報サービス業","10～19人","総数"
"105-2024","39","05","0","00000","2024000000","人","67899","従業者数_うち常用雇用者","情報サービス業","20～29人","総数"
"105-2024","39","06","0","00000","2024000000","人","117193","従業者数_うち常用雇用者","情報サービス業","30～49人","総数"
"105-2024","39","07","0","00000","2024000000","人","184160","従業者数_うち常用雇用者","情報サービス業","50～99人","総数"
"105-2024","39","08","0","00000","2024000000","人","199632","従業者数_うち常用雇用者","情報サービス業","100～199人","総数"
"105-2024","39","09","0","00000","2024000000","人","119086","従業者数_うち常用雇用者","情報サービス業","200～299人","総数"
"105-2024","39","10","0","00000","2024000000","人","556513","従業者数_うち常用雇用者","情報サービス業","300人以上","総数"
"105-2024","390","00","0","00000","2024000000","人","8162","従業者数_うち常用雇用者","管理、補助的経済活動を行う事業所（39_情報サービス業）","総数","総数"
"105-2024","390","01","0","00000","2024000000","人","***","従業者数_うち常用雇用者","管理、補助的経済活動を行う事業所（39_情報サービス業）","0人","総数"
"105-2024","390","02","0","00000","2024000000","人","224","従業者数_うち常用雇用者","管理、補助的経済活動を行う事業所（39_情報サービス業）","1～4人","総数"
"105-2024","390","03","0","00000","2024000000","人","216","従業者数_うち常用雇用者","管理、補助的経済活動を行う事業所（39_情報サービス業）","5～9人","総数"
"105-2024","390","04","0","00000","2024000000","人","291","従業者数_うち常用雇用者","管理、補助的経済活動を行う事業所（39_情報サービス業）","10～19人","総数"
"105-2024","390","05","0","00000","2024000000","人","302","従業者数_うち常用雇用者","管理、補助的経済活動を行う事業所（39_情報サービス業）","20～29人","総数"
"105-2024","390","06","0","00000","2024000000","人","485","従業者数_うち常用雇用者","管理、補助的経済活動を行う事業所（39_情報サービス業）","30～49人","総数"
"105-2024","390","07","0","00000","2024000000","人","1360","従業者数_うち常用雇用者","管理、補助的経済活動を行う事業所（39_情報サービス業）","50～99人","総数"
"105-2024","390","08","0","00000","2024000000","人","2307","従業者数_うち常用雇用者","管理、補助的経済活動を行う事業所（39_情報サービス業）","100～199人","総数"
"105-2024","390","09","0","00000","2024000000","人","718","従業者数_うち常用雇用者","管理、補助的経済活動を行う事業所（39_情報サービス業）","200～299人","総数"
"105-2024","390","10","0","00000","2024000000","人","2259","従業者数_うち常用雇用者","管理、補助的経済活動を行う事業所（39_情報サービス業）","300人以上","総数"
"105-2024","391","00","0","00000","2024000000","人","1239698","従業者数_うち常用雇用者","ソフトウェア業","総数","総数"
"105-2024","391","01","0","00000","2024000000","人","***","従業者数_うち常用雇用者","ソフトウェア業","0人","総数"
"105-2024","391","02","0","00000","2024000000","人","30478","従業者数_うち常用雇用者","ソフトウェア業","1～4人","総数"
"105-2024","391","03","0","00000","2024000000","人","36835","従業者数_うち常用雇用者","ソフトウェア業","5～9人","総数"
"105-2024","391","04","0","00000","2024000000","人","66029","従業者数_うち常用雇用者","ソフトウェア業","10～19人","総数"
"105-2024","391","05","0","00000","2024000000","人","60677","従業者数_うち常用雇用者","ソフトウェア業","20～29人","総数"
"105-2024","391","06","0","00000","2024000000","人","104305","従業者数_うち常用雇用者","ソフトウェア業","30～49人","総数"
"105-2024","391","07","0","00000","2024000000","人","162674","従業者数_うち常用雇用者","ソフトウェア業","50～99人","総数"
"105-2024","391","08","0","00000","2024000000","人","171254","従業者数_うち常用雇用者","ソフトウェア業","100～199人","総数"
"105-2024","391","09","0","00000","2024000000","人","105564","従業者数_うち常用雇用者","ソフトウェア業","200～299人","総数"
"105-2024","391","10","0","00000","2024000000","人","501882","従業者数_うち常用雇用者","ソフトウェア業","300人以上","総数"
"105-2024","392","00","0","00000","2024000000","人","150880","従業者数_うち常用雇用者","情報処理・提供サービス業","総数","総数"
"105-2024","392","01","0","00000","2024000000","人","***","従業者数_うち常用雇用者","情報処理・提供サービス業","0人","総数"
"105-2024","392","02","0","00000","2024000000","人","5188","従業者数_うち常用雇用者","情報処理・提供サービス業","1～4人","総数"
"105-2024","392","03","0","00000","2024000000","人","5651","従業者数_うち常用雇用者","情報処理・提供サービス業","5～9人","総数"
"105-2024","392","04","0","00000","2024000000","人","9345","従業者数_うち常用雇用者","情報処理・提供サービス業","10～19人","総数"
"105-2024","392","05","0","00000","2024000000","人","6920","従業者数_うち常用雇用者","情報処理・提供サービス業","20～29人","総数"
"105-2024","392","06","0","00000","2024000000","人","12403","従業者数_うち常用雇用者","情報処理・提供サービス業","30～49人","総数"
"105-2024","392","07","0","00000","2024000000","人","20126","従業者数_うち常用雇用者","情報処理・提供サービス業","50～99人","総数"
"105-2024","392","08","0","00000","2024000000","人","26071","従業者数_うち常用雇用者","情報処理・提供サービス業","100～199人","総数"
"105-2024","392","09","0","00000","2024000000","人","12804","従業者数_うち常用雇用者","情報処理・提供サービス業","200～299人","総数"
"105-2024","392","10","0","00000","2024000000","人","52372","従業者数_うち常用雇用者","情報処理・提供サービス業","300人以上","総数"
"105-2024","39A","00","0","00000","2024000000","人","90406","従業者数_うち常用雇用者","情報処理サービス業","総数","総数"
"105-2024","39A","01","0","00000","2024000000","人","***","従業者数_うち常用雇用者","情報処理サービス業","0人","総数"
"105-2024","39A","02","0","00000","2024000000","人","2487","従業者数_うち常用雇用者","情報処理サービス業","1～4人","総数"
"105-2024","39A","03","0","00000","2024000000","人","2848","従業者数_うち常用雇用者","情報処理サービス業","5～9人","総数"
"105-2024","39A","04","0","00000","2024000000","人","4135","従業者数_うち常用雇用者","情報処理サービス業","10～19人","総数"
"105-2024","39A","05","0","00000","2024000000","人","3226","従業者数_うち常用雇用者","情報処理サービス業","20～29人","総数"
"105-2024","39A","06","0","00000","2024000000","人","6679","従業者数_うち常用雇用者","情報処理サービス業","30～49人","総数"
"105-2024","39A","07","0","00000","2024000000","人","12301","従業者数_うち常用雇用者","情報処理サービス業","50～99人","総数"
"105-2024","39A","08","0","00000","2024000000","人","15965","従業者数_うち常用雇用者","情報処理サービス業","100～199人","総数"
"105-2024","39A","09","0","00000","2024000000","人","7936","従業者数_うち常用雇用者","情報処理サービス業","200～299人","総数"
"105-2024","39A","10","0","00000","2024000000","人","34829","従業者数_うち常用雇用者","情報処理サービス業","300人以上","総数"
"105-2024","39B","00","0","00000","2024000000","人","27813","従業者数_うち常用雇用者","情報提供サービス業","総数","総数"
"105-2024","39B","01","0","00000","2024000000","人","***","従業者数_うち常用雇用者","情報提供サービス業","0人","総数"
"105-2024","39B","02","0","00000","2024000000","人","1276","従業者数_うち常用雇用者","情報提供サービス業","1～4人","総数"
"105-2024","39B","03","0","00000","2024000000","人","1584","従業者数_うち常用雇用者","情報提供サービス業","5～9人","総数"
"105-2024","39B","04","0","00000","2024000000","人","3001","従業者数_うち常用雇用者","情報提供サービス業","10～19人","総数"
"105-2024","39B","05","0","00000","2024000000","人","1893","従業者数_うち常用雇用者","情報提供サービス業","20～29人","総数"
"105-2024","39B","06","0","00000","2024000000","人","2896","従業者数_うち常用雇用者","情報提供サービス業","30～49人","総数"
"105-2024","39B","07","0","00000","2024000000","人","4586","従業者数_うち常用雇用者","情報提供サービス業","50～99人","総数"
"105-2024","39B","08","0","00000","2024000000","人","4955","従業者数_うち常用雇用者","情報提供サービス業","100～199人","総数"
"105-2024","39B","09","0","00000","2024000000","人","2509","従業者数_うち常用雇用者","情報提供サービス業","200～299人","総数"
"105-2024","39B","10","0","00000","2024000000","人","5113","従業者数_うち常用雇用者","情報提供サービス業","300人以上","総数"
"105-2024","39C","00","0","00000","2024000000","人","32661","従業者数_うち常用雇用者","その他の情報処理・提供サービス業","総数","総数"
"105-2024","39C","01","0","00000","2024000000","人","***","従業者数_うち常用雇用者","その他の情報処理・提供サービス業","0人","総数"
"105-2024","39C","02","0","00000","2024000000","人","1425","従業者数_うち常用雇用者","その他の情報処理・提供サービス業","1～4人","総数"
"105-2024","39C","03","0","00000","2024000000","人","1219","従業者数_うち常用雇用者","その他の情報処理・提供サービス業","5～9人","総数"
"105-2024","39C","04","0","00000","2024000000","人","2209","従業者数_うち常用雇用者","その他の情報処理・提供サービス業","10～19人","総数"
"105-2024","39C","05","0","00000","2024000000","人","1801","従業者数_うち常用雇用者","その他の情報処理・提供サービス業","20～29人","総数"
"105-2024","39C","06","0","00000","2024000000","人","2828","従業者数_うち常用雇用者","その他の情報処理・提供サービス業","30～49人","総数"
"105-2024","39C","07","0","00000","2024000000","人","3239","従業者数_うち常用雇用者","その他の情報処理・提供サービス業","50～99人","総数"
"105-2024","39C","08","0","00000","2024000000","人","5151","従業者数_うち常用雇用者","その他の情報処理・提供サービス業","100～199人","総数"
"105-2024","39C","09","0","00000","2024000000","人","2359","従業者数_うち常用雇用者","その他の情報処理・提供サービス業","200～299人","総数"
"105-2024","39C","10","0","00000","2024000000","人","12430","従業者数_うち常用雇用者","その他の情報処理・提供サービス業","300人以上","総数"
"105-2024","40","00","0","00000","2024000000","人","240657","従業者数_うち常用雇用者","インターネット附随サービス業","総数","総数"
"105-2024","40","01","0","00000","2024000000","人","***","従業者数_うち常用雇用者","インターネット附随サービス業","0人","総数"
"105-2024","40","02","0","00000","2024000000","人","8955","従業者数_うち常用雇用者","インターネット附随サービス業","1～4人","総数"
"105-2024","40","03","0","00000","2024000000","人","8428","従業者数_うち常用雇用者","インターネット附随サービス業","5～9人","総数"
"105-2024","40","04","0","00000","2024000000","人","12490","従業者数_うち常用雇用者","インターネット附随サービス業","10～19人","総数"
"105-2024","40","05","0","00000","2024000000","人","9705","従業者数_うち常用雇用者","インターネット附随サービス業","20～29人","総数"
"105-2024","40","06","0","00000","2024000000","人","14431","従業者数_うち常用雇用者","インターネット附随サービス業","30～49人","総数"
"105-2024","40","07","0","00000","2024000000","人","25312","従業者数_うち常用雇用者","インターネット附随サービス業","50～99人","総数"
"105-2024","40","08","0","00000","2024000000","人","34186","従業者数_うち常用雇用者","インターネット附随サービス業","100～199人","総数"
"105-2024","40","09","0","00000","2024000000","人","15578","従業者数_うち常用雇用者","インターネット附随サービス業","200～299人","総数"
"105-2024","40","10","0","00000","2024000000","人","111572","従業者数_うち常用雇用者","インターネット附随サービス業","300人以上","総数"
"105-2024","400","00","0","00000","2024000000","人","15867","従業者数_うち常用雇用者","管理、補助的経済活動を行う事業所（40_インターネット附随サービス業）","総数","総数"
"105-2024","400","01","0","00000","2024000000","人","***","従業者数_うち常用雇用者","管理、補助的経済活動を行う事業所（40_インターネット附随サービス業）","0人","総数"
"105-2024","400","02","0","00000","2024000000","人","80","従業者数_うち常用雇用者","管理、補助的経済活動を行う事業所（40_インターネット附随サービス業）","1～4人","総数"
"105-2024","400","03","0","00000","2024000000","人","54","従業者数_うち常用雇用者","管理、補助的経済活動を行う事業所（40_インターネット附随サービス業）","5～9人","総数"
"105-2024","400","04","0","00000","2024000000","人","63","従業者数_うち常用雇用者","管理、補助的経済活動を行う事業所（40_インターネット附随サービス業）","10～19人","総数"
"105-2024","400","05","0","00000","2024000000","人","103","従業者数_うち常用雇用者","管理、補助的経済活動を行う事業所（40_インターネット附随サービス業）","20～29人","総数"
"105-2024","400","06","0","00000","2024000000","人","308","従業者数_うち常用雇用者","管理、補助的経済活動を行う事業所（40_インターネット附随サービス業）","30～49人","総数"
"105-2024","400","07","0","00000","2024000000","人","1750","従業者数_うち常用雇用者","管理、補助的経済活動を行う事業所（40_インターネット附随サービス業）","50～99人","総数"
"105-2024","400","08","0","00000","2024000000","人","4922","従業者数_うち常用雇用者","管理、補助的経済活動を行う事業所（40_インターネット附随サービス業）","100～199人","総数"
"105-2024","400","09","0","00000","2024000000","人","663","従業者数_うち常用雇用者","管理、補助的経済活動を行う事業所（40_インターネット附随サービス業）","200～299人","総数"
"105-2024","400","10","0","00000","2024000000","人","7924","従業者数_うち常用雇用者","管理、補助的経済活動を行う事業所（40_インターネット附随サービス業）","300人以上","総数"
"105-2024","401","00","0","00000","2024000000","人","224790","従業者数_うち常用雇用者","インターネット附随サービス業","総数","総数"
"105-2024","401","01","0","00000","2024000000","人","***","従業者数_うち常用雇用者","インターネット附随サービス業","0人","総数"
"105-2024","401","02","0","00000","2024000000","人","8875","従業者数_うち常用雇用者","インターネット附随サービス業","1～4人","総数"
"105-2024","401","03","0","00000","2024000000","人","8374","従業者数_うち常用雇用者","インターネット附随サービス業","5～9人","総数"
"105-2024","401","04","0","00000","2024000000","人","12427","従業者数_うち常用雇用者","インターネット附随サービス業","10～19人","総数"
"105-2024","401","05","0","00000","2024000000","人","9602","従業者数_うち常用雇用者","インターネット附随サービス業","20～29人","総数"
"105-2024","401","06","0","00000","2024000000","人","14123","従業者数_うち常用雇用者","インターネット附随サービス業","30～49人","総数"
"105-2024","401","07","0","00000","2024000000","人","23562","従業者数_うち常用雇用者","インターネット附随サービス業","50～99人","総数"
"105-2024","401","08","0","00000","2024000000","人","29264","従業者数_うち常用雇用者","インターネット附随サービス業","100～199人","総数"
"105-2024","401","09","0","00000","2024000000","人","14915","従業者数_うち常用雇用者","インターネット附随サービス業","200～299人","総数"
"105-2024","401","10","0","00000","2024000000","人","103648","従業者数_うち常用雇用者","インターネット附随サービス業","300人以上","総数"
"105-2024","H","00","0","00000","2024000000","人","2962587","従業者数_うち常用雇用者","運輸業、郵便業","総数","総数"
"105-2024","H","01","0","00000","2024000000","人","***","従業者数_うち常用雇用者","運輸業、郵便業","0人","総数"
"105-2024","H","02","0","00000","2024000000","人","62683","従業者数_うち常用雇用者","運輸業、郵便業","1～4人","総数"
"105-2024","H","03","0","00000","2024000000","人","156472","従業者数_うち常用雇用者","運輸業、郵便業","5～9人","総数"
"105-2024","H","04","0","00000","2024000000","人","353281","従業者数_うち常用雇用者","運輸業、郵便業","10～19人","総数"
"105-2024","H","05","0","00000","2024000000","人","315929","従業者数_うち常用雇用者","運輸業、郵便業","20～29人","総数"
"105-2024","H","06","0","00000","2024000000","人","491878","従業者数_うち常用雇用者","運輸業、郵便業","30～49人","総数"
"105-2024","H","07","0","00000","2024000000","人","587417","従業者数_うち常用雇用者","運輸業、郵便業","50～99人","総数"
"105-2024","H","08","0","00000","2024000000","人","431130","従業者数_うち常用雇用者","運輸業、郵便業","100～199人","総数"
"105-2024","H","09","0","00000","2024000000","人","204268","従業者数_うち常用雇用者","運輸業、郵便業","200～299人","総数"
"105-2024","H","10","0","00000","2024000000","人","359529","従業者数_うち常用雇用者","運輸業、郵便業","300人以上","総数"
"105-2024","42","00","0","00000","2024000000","人","194700","従業者数_うち常用雇用者","鉄道業","総数","総数"
"105-2024","42","01","0","00000","2024000000","人","***","従業者数_うち常用雇用者","鉄道業","0人","総数"
"105-2024","42","02","0","00000","2024000000","人","1041","従業者数_うち常用雇用者","鉄道業","1～4人","総数"
"105-2024","42","03","0","00000","2024000000","人","2770","従業者数_うち常用雇用者","鉄道業","5～9人","総数"
"105-2024","42","04","0","00000","2024000000","人","7436","従業者数_うち常用雇用者","鉄道業","10～19人","総数"
"105-2024","42","05","0","00000","2024000000","人","8538","従業者数_うち常用雇用者","鉄道業","20～29人","総数"
"105-2024","42","06","0","00000","2024000000","人","15385","従業者数_うち常用雇用者","鉄道業","30～49人","総数"
"105-2024","42","07","0","00000","2024000000","人","26283","従業者数_うち常用雇用者","鉄道業","50～99人","総数"
"105-2024","42","08","0","00000","2024000000","人","36597","従業者数_うち常用雇用者","鉄道業","100～199人","総数"
"105-2024","42","09","0","00000","2024000000","人","31906","従業者数_うち常用雇用者","鉄道業","200～299人","総数"
"105-2024","42","10","0","00000","2024000000","人","64744","従業者数_うち常用雇用者","鉄道業","300人以上","総数"
"105-2024","420","00","0","00000","2024000000","人","10234","従業者数_うち常用雇用者","管理、補助的経済活動を行う事業所（42_鉄道業）","総数","総数"
"105-2024","420","01","0","00000","2024000000","人","***","従業者数_うち常用雇用者","管理、補助的経済活動を行う事業所（42_鉄道業）","0人","総数"
"105-2024","420","02","0","00000","2024000000","人","41","従業者数_うち常用雇用者","管理、補助的経済活動を行う事業所（42_鉄道業）","1～4人","総数"
"105-2024","420","03","0","00000","2024000000","人","157","従業者数_うち常用雇用者","管理、補助的経済活動を行う事業所（42_鉄道業）","5～9人","総数"
"105-2024","420","04","0","00000","2024000000","人","285","従業者数_うち常用雇用者","管理、補助的経済活動を行う事業所（42_鉄道業）","10～19人","総数"
"105-2024","420","05","0","00000","2024000000","人","251","従業者数_うち常用雇用者","管理、補助的経済活動を行う事業所（42_鉄道業）","20～29人","総数"
"105-2024","420","06","0","00000","2024000000","人","456","従業者数_うち常用雇用者","管理、補助的経済活動を行う事業所（42_鉄道業）","30～49人","総数"
"105-2024","420","07","0","00000","2024000000","人","619","従業者数_うち常用雇用者","管理、補助的経済活動を行う事業所（42_鉄道業）","50～99人","総数"
"105-2024","420","08","0","00000","2024000000","人","660","従業者数_うち常用雇用者","管理、補助的経済活動を行う事業所（42_鉄道業）","100～199人","総数"
"105-2024","420","09","0","00000","2024000000","人","2580","従業者数_うち常用雇用者","管理、補助的経済活動を行う事業所（42_鉄道業）","200～299人","総数"
"105-2024","420","10","0","00000","2024000000","人","5185","従業者数_うち常用雇用者","管理、補助的経済活動を行う事業所（42_鉄道業）","300人以上","総数"
"105-2024","421","00","0","00000","2024000000","人","184466","従業者数_うち常用雇用者","鉄道業","総数","総数"
"105-2024","421","01","0","00000","2024000000","人","***","従業者数_うち常用雇用者","鉄道業","0人","総数"
"105-2024","421","02","0","00000","2024000000","人","1000","従業者数_うち常用雇用者","鉄道業","1～4人","総数"
"105-2024","421","03","0","00000","2024000000","人","2613","従業者数_うち常用雇用者","鉄道業","5～9人","総数"
"105-2024","421","04","0","00000","2024000000","人","7151","従業者数_うち常用雇用者","鉄道業","10～19人","総数"
"105-2024","421","05","0","00000","2024000000","人","8287","従業者数_うち常用雇用者","鉄道業","20～29人","総数"
"105-2024","421","06","0","00000","2024000000","人","14929","従業者数_うち常用雇用者","鉄道業","30～49人","総数"
"105-2024","421","07","0","00000","2024000000","人","25664","従業者数_うち常用雇用者","鉄道業","50～99人","総数"
"105-2024","421","08","0","00000","2024000000","人","35937","従業者数_うち常用雇用者","鉄道業","100～199人","総数"
"105-2024","421","09","0","00000","2024000000","人","29326","従業者数_うち常用雇用者","鉄道業","200～299人","総数"
"105-2024","421","10","0","00000","2024000000","人","59559","従業者数_うち常用雇用者","鉄道業","300人以上","総数"
"105-2024","43","00","0","00000","2024000000","人","395206","従業者数_うち常用雇用者","道路旅客運送業","総数","総数"
"105-2024","43","01","0","00000","2024000000","人","***","従業者数_うち常用雇用者","道路旅客運送業","0人","総数"
"105-2024","43","02","0","00000","2024000000","人","5817","従業者数_うち常用雇用者","道路旅客運送業","1～4人","総数"
"105-2024","43","03","0","00000","2024000000","人","13221","従業者数_うち常用雇用者","道路旅客運送業","5～9人","総数"
"105-2024","43","04","0","00000","2024000000","人","29964","従業者数_うち常用雇用者","道路旅客運送業","10～19人","総数"
"105-2024","43","05","0","00000","2024000000","人","30401","従業者数_うち常用雇用者","道路旅客運送業","20～29人","総数"
"105-2024","43","06","0","00000","2024000000","人","53377","従業者数_うち常用雇用者","道路旅客運送業","30～49人","総数"
"105-2024","43","07","0","00000","2024000000","人","93044","従業者数_うち常用雇用者","道路旅客運送業","50～99人","総数"
"105-2024","43","08","0","00000","2024000000","人","96460","従業者数_うち常用雇用者","道路旅客運送業","100～199人","総数"
"105-2024","43","09","0","00000","2024000000","人","34243","従業者数_うち常用雇用者","道路旅客運送業","200～299人","総数"
"105-2024","43","10","0","00000","2024000000","人","38679","従業者数_うち常用雇用者","道路旅客運送業","300人以上","総数"
"105-2024","430","00","0","00000","2024000000","人","4197","従業者数_うち常用雇用者","管理、補助的経済活動を行う事業所（43_道路旅客運送業）","総数","総数"
"105-2024","430","01","0","00000","2024000000","人","***","従業者数_うち常用雇用者","管理、補助的経済活動を行う事業所（43_道路旅客運送業）","0人","総数"
"105-2024","430","02","0","00000","2024000000","人","119","従業者数_うち常用雇用者","管理、補助的経済活動を行う事業所（43_道路旅客運送業）","1～4人","総数"
"105-2024","430","03","0","00000","2024000000","人","270","従業者数_うち常用雇用者","管理、補助的経済活動を行う事業所（43_道路旅客運送業）","5～9人","総数"
"105-2024","430","04","0","00000","2024000000","人","608","従業者数_うち常用雇用者","管理、補助的経済活動を行う事業所（43_道路旅客運送業）","10～19人","総数"
"105-2024","430","05","0","00000","2024000000","人","357","従業者数_うち常用雇用者","管理、補助的経済活動を行う事業所（43_道路旅客運送業）","20～29人","総数"
"105-2024","430","06","0","00000","2024000000","人","674","従業者数_うち常用雇用者","管理、補助的経済活動を行う事業所（43_道路旅客運送業）","30～49人","総数"
"105-2024","430","07","0","00000","2024000000","人","526","従業者数_うち常用雇用者","管理、補助的経済活動を行う事業所（43_道路旅客運送業）","50～99人","総数"
"105-2024","430","08","0","00000","2024000000","人","895","従業者数_うち常用雇用者","管理、補助的経済活動を行う事業所（43_道路旅客運送業）","100～199人","総数"
"105-2024","430","09","0","00000","2024000000","人","***","従業者数_うち常用雇用者","管理、補助的経済活動を行う事業所（43_道路旅客運送業）","200～299人","総数"
"105-2024","430","10","0","00000","2024000000","人","748","従業者数_うち常用雇用者","管理、補助的経済活動を行う事業所（43_道路旅客運送業）","300人以上","総数"
"105-2024","431","00","0","00000","2024000000","人","93027","従業者数_うち常用雇用者","一般乗合旅客自動車運送業","総数","総数"
"105-2024","431","01","0","00000","2024000000","人","***","従業者数_うち常用雇用者","一般乗合旅客自動車運送業","0人","総数"
"105-2024","431","02","0","00000","2024000000","人","679","従業者数_うち常用雇用者","一般乗合旅客自動車運送業","1～4人","総数"
"105-2024","431","03","0","00000","2024000000","人","1320","従業者数_うち常用雇用者","一般乗合旅客自動車運送業","5～9人","総数"
"105-2024","431","04","0","00000","2024000000","人","3254","従業者数_うち常用雇用者","一般乗合旅客自動車運送業","10～19人","総数"
"105-2024","431","05","0","00000","2024000000","人","4715","従業者数_うち常用雇用者","一般乗合旅客自動車運送業","20～29人","総数"
"105-2024","431","06","0","00000","2024000000","人","10171","従業者数_うち常用雇用者","一般乗合旅客自動車運送業","30～49人","総数"
"105-2024","431","07","0","00000","2024000000","人","22074","従業者数_うち常用雇用者","一般乗合旅客自動車運送業","50～99人","総数"
"105-2024","431","08","0","00000","2024000000","人","32851","従業者数_うち常用雇用者","一般乗合旅客自動車運送業","100～199人","総数"
"105-2024","431","09","0","00000","2024000000","人","11885","従業者数_うち常用雇用者","一般乗合旅客自動車運送業","200～299人","総数"
"105-2024","431","10","0","00000","2024000000","人","6078","従業者数_うち常用雇用者","一般乗合旅客自動車運送業","300人以上","総数"
"105-2024","432","00","0","00000","2024000000","人","244470","従業者数_うち常用雇用者","一般乗用旅客自動車運送業","総数","総数"
"105-2024","432","01","0","00000","2024000000","人","***","従業者数_うち常用雇用者","一般乗用旅客自動車運送業","0人","総数"
"105-2024","432","02","0","00000","2024000000","人","3678","従業者数_うち常用雇用者","一般乗用旅客自動車運送業","1～4人","総数"
"105-2024","432","03","0","00000","2024000000","人","6809","従業者数_うち常用雇用者","一般乗用旅客自動車運送業","5～9人","総数"
"105-2024","432","04","0","00000","2024000000","人","16099","従業者数_うち常用雇用者","一般乗用旅客自動車運送業","10～19人","総数"
"105-2024","432","05","0","00000","2024000000","人","17477","従業者数_うち常用雇用者","一般乗用旅客自動車運送業","20～29人","総数"
"105-2024","432","06","0","00000","2024000000","人","33086","従業者数_うち常用雇用者","一般乗用旅客自動車運送業","30～49人","総数"
"105-2024","432","07","0","00000","2024000000","人","60649","従業者数_うち常用雇用者","一般乗用旅客自動車運送業","50～99人","総数"
"105-2024","432","08","0","00000","2024000000","人","56562","従業者数_うち常用雇用者","一般乗用旅客自動車運送業","100～199人","総数"
"105-2024","432","09","0","00000","2024000000","人","20438","従業者数_うち常用雇用者","一般乗用旅客自動車運送業","200～299人","総数"
"105-2024","432","10","0","00000","2024000000","人","29672","従業者数_うち常用雇用者","一般乗用旅客自動車運送業","300人以上","総数"
"105-2024","433","00","0","00000","2024000000","人","45974","従業者数_うち常用雇用者","一般貸切旅客自動車運送業","総数","総数"
"105-2024","433","01","0","00000","2024000000","人","***","従業者数_うち常用雇用者","一般貸切旅客自動車運送業","0人","総数"
"105-2024","433","02","0","00000","2024000000","人","1191","従業者数_うち常用雇用者","一般貸切旅客自動車運送業","1～4人","総数"
"105-2024","433","03","0","00000","2024000000","人","4485","従業者数_うち常用雇用者","一般貸切旅客自動車運送業","5～9人","総数"
"105-2024","433","04","0","00000","2024000000","人","9322","従業者数_うち常用雇用者","一般貸切旅客自動車運送業","10～19人","総数"
"105-2024","433","05","0","00000","2024000000","人","7351","従業者数_うち常用雇用者","一般貸切旅客自動車運送業","20～29人","総数"
"105-2024","433","06","0","00000","2024000000","人","8482","従業者数_うち常用雇用者","一般貸切旅客自動車運送業","30～49人","総数"
"105-2024","433","07","0","00000","2024000000","人","7952","従業者数_うち常用雇用者","一般貸切旅客自動車運送業","50～99人","総数"
"105-2024","433","08","0","00000","2024000000","人","4581","従業者数_うち常用雇用者","一般貸切旅客自動車運送業","100～199人","総数"
"105-2024","433","09","0","00000","2024000000","人","1192","従業者数_うち常用雇用者","一般貸切旅客自動車運送業","200～299人","総数"
"105-2024","433","10","0","00000","2024000000","人","1418","従業者数_うち常用雇用者","一般貸切旅客自動車運送業","300人以上","総数"
"105-2024","439","00","0","00000","2024000000","人","7538","従業者数_うち常用雇用者","その他の道路旅客運送業","総数","総数"
"105-2024","439","01","0","00000","2024000000","人","***","従業者数_うち常用雇用者","その他の道路旅客運送業","0人","総数"
"105-2024","439","02","0","00000","2024000000","人","150","従業者数_うち常用雇用者","その他の道路旅客運送業","1～4人","総数"
"105-2024","439","03","0","00000","2024000000","人","337","従業者数_うち常用雇用者","その他の道路旅客運送業","5～9人","総数"
"105-2024","439","04","0","00000","2024000000","人","681","従業者数_うち常用雇用者","その他の道路旅客運送業","10～19人","総数"
"105-2024","439","05","0","00000","2024000000","人","501","従業者数_うち常用雇用者","その他の道路旅客運送業","20～29人","総数"
"105-2024","439","06","0","00000","2024000000","人","964","従業者数_うち常用雇用者","その他の道路旅客運送業","30～49人","総数"
"105-2024","439","07","0","00000","2024000000","人","1843","従業者数_うち常用雇用者","その他の道路旅客運送業","50～99人","総数"
"105-2024","439","08","0","00000","2024000000","人","1571","従業者数_うち常用雇用者","その他の道路旅客運送業","100～199人","総数"
"105-2024","439","09","0","00000","2024000000","人","728","従業者数_うち常用雇用者","その他の道路旅客運送業","200～299人","総数"
"105-2024","439","10","0","00000","2024000000","人","763","従業者数_うち常用雇用者","その他の道路旅客運送業","300人以上","総数"
"105-2024","44","00","0","00000","2024000000","人","1594676","従業者数_うち常用雇用者","道路貨物運送業","総数","総数"
"105-2024","44","01","0","00000","2024000000","人","***","従業者数_うち常用雇用者","道路貨物運送業","0人","総数"
"105-2024","44","02","0","00000","2024000000","人","30699","従業者数_うち常用雇用者","道路貨物運送業","1～4人","総数"
"105-2024","44","03","0","00000","2024000000","人","94049","従業者数_うち常用雇用者","道路貨物運送業","5～9人","総数"
"105-2024","44","04","0","00000","2024000000","人","229318","従業者数_うち常用雇用者","道路貨物運送業","10～19人","総数"
"105-2024","44","05","0","00000","2024000000","人","212201","従業者数_うち常用雇用者","道路貨物運送業","20～29人","総数"
"105-2024","44","06","0","00000","2024000000","人","327271","従業者数_うち常用雇用者","道路貨物運送業","30～49人","総数"
"105-2024","44","07","0","00000","2024000000","人","355284","従業者数_うち常用雇用者","道路貨物運送業","50～99人","総数"
"105-2024","44","08","0","00000","2024000000","人","191960","従業者数_うち常用雇用者","道路貨物運送業","100～199人","総数"
"105-2024","44","09","0","00000","2024000000","人","65889","従業者数_うち常用雇用者","道路貨物運送業","200～299人","総数"
"105-2024","44","10","0","00000","2024000000","人","88005","従業者数_うち常用雇用者","道路貨物運送業","300人以上","総数"
"105-2024","440","00","0","00000","2024000000","人","19468","従業者数_うち常用雇用者","管理、補助的経済活動を行う事業所（44_道路貨物運送業）","総数","総数"
"105-2024","440","01","0","00000","2024000000","人","***","従業者数_うち常用雇用者","管理、補助的経済活動を行う事業所（44_道路貨物運送業）","0人","総数"
"105-2024","440","02","0","00000","2024000000","人","1389","従業者数_うち常用雇用者","管理、補助的経済活動を行う事業所（44_道路貨物運送業）","1～4人","総数"
"105-2024","440","03","0","00000","2024000000","人","1949","従業者数_うち常用雇用者","管理、補助的経済活動を行う事業所（44_道路貨物運送業）","5～9人","総数"
"105-2024","440","04","0","00000","2024000000","人","3000","従業者数_うち常用雇用者","管理、補助的経済活動を行う事業所（44_道路貨物運送業）","10～19人","総数"
"105-2024","440","05","0","00000","2024000000","人","2099","従業者数_うち常用雇用者","管理、補助的経済活動を行う事業所（44_道路貨物運送業）","20～29人","総数"
"105-2024","440","06","0","00000","2024000000","人","2914","従業者数_うち常用雇用者","管理、補助的経済活動を行う事業所（44_道路貨物運送業）","30～49人","総数"
"105-2024","440","07","0","00000","2024000000","人","3452","従業者数_うち常用雇用者","管理、補助的経済活動を行う事業所（44_道路貨物運送業）","50～99人","総数"
"105-2024","440","08","0","00000","2024000000","人","2231","従業者数_うち常用雇用者","管理、補助的経済活動を行う事業所（44_道路貨物運送業）","100～199人","総数"
"105-2024","440","09","0","00000","2024000000","人","1370","従業者数_うち常用雇用者","管理、補助的経済活動を行う事業所（44_道路貨物運送業）","200～299人","総数"
"105-2024","440","10","0","00000","2024000000","人","1064","従業者数_うち常用雇用者","管理、補助的経済活動を行う事業所（44_道路貨物運送業）","300人以上","総数"
"105-2024","441","00","0","00000","2024000000","人","1501912","従業者数_うち常用雇用者","一般貨物自動車運送業","総数","総数"
"105-2024","441","01","0","00000","2024000000","人","***","従業者数_うち常用雇用者","一般貨物自動車運送業","0人","総数"
"105-2024","441","02","0","00000","2024000000","人","24718","従業者数_うち常用雇用者","一般貨物自動車運送業","1～4人","総数"
"105-2024","441","03","0","00000","2024000000","人","85822","従業者数_うち常用雇用者","一般貨物自動車運送業","5～9人","総数"
"105-2024","441","04","0","00000","2024000000","人","216153","従業者数_うち常用雇用者","一般貨物自動車運送業","10～19人","総数"
"105-2024","441","05","0","00000","2024000000","人","202648","従業者数_うち常用雇用者","一般貨物自動車運送業","20～29人","総数"
"105-2024","441","06","0","00000","2024000000","人","314962","従業者数_うち常用雇用者","一般貨物自動車運送業","30～49人","総数"
"105-2024","441","07","0","00000","2024000000","人","336840","従業者数_うち常用雇用者","一般貨物自動車運送業","50～99人","総数"
"105-2024","441","08","0","00000","2024000000","人","177140","従業者数_うち常用雇用者","一般貨物自動車運送業","100～199人","総数"
"105-2024","441","09","0","00000","2024000000","人","61370","従業者数_うち常用雇用者","一般貨物自動車運送業","200～299人","総数"
"105-2024","441","10","0","00000","2024000000","人","82259","従業者数_うち常用雇用者","一般貨物自動車運送業","300人以上","総数"
"105-2024","442","00","0","00000","2024000000","人","17439","従業者数_うち常用雇用者","特定貨物自動車運送業","総数","総数"
"105-2024","442","01","0","00000","2024000000","人","***","従業者数_うち常用雇用者","特定貨物自動車運送業","0人","総数"
"105-2024","442","02","0","00000","2024000000","人","562","従業者数_うち常用雇用者","特定貨物自動車運送業","1～4人","総数"
"105-2024","442","03","0","00000","2024000000","人","1362","従業者数_うち常用雇用者","特定貨物自動車運送業","5～9人","総数"
"105-2024","442","04","0","00000","2024000000","人","2662","従業者数_うち常用雇用者","特定貨物自動車運送業","10～19人","総数"
"105-2024","442","05","0","00000","2024000000","人","2404","従業者数_うち常用雇用者","特定貨物自動車運送業","20～29人","総数"
"105-2024","442","06","0","00000","2024000000","人","3234","従業者数_うち常用雇用者","特定貨物自動車運送業","30～49人","総数"
"105-2024","442","07","0","00000","2024000000","人","3643","従業者数_うち常用雇用者","特定貨物自動車運送業","50～99人","総数"
"105-2024","442","08","0","00000","2024000000","人","1565","従業者数_うち常用雇用者","特定貨物自動車運送業","100～199人","総数"
"105-2024","442","09","0","00000","2024000000","人","470","従業者数_うち常用雇用者","特定貨物自動車運送業","200～299人","総数"
"105-2024","442","10","0","00000","2024000000","人","1537","従業者数_うち常用雇用者","特定貨物自動車運送業","300人以上","総数"
"105-2024","443","00","0","00000","2024000000","人","17019","従業者数_うち常用雇用者","貨物軽自動車運送業","総数","総数"
"105-2024","443","01","0","00000","2024000000","人","***","従業者数_うち常用雇用者","貨物軽自動車運送業","0人","総数"
"105-2024","443","02","0","00000","2024000000","人","3094","従業者数_うち常用雇用者","貨物軽自動車運送業","1～4人","総数"
"105-2024","443","03","0","00000","2024000000","人","2638","従業者数_うち常用雇用者","貨物軽自動車運送業","5～9人","総数"
"105-2024","443","04","0","00000","2024000000","人","3480","従業者数_うち常用雇用者","貨物軽自動車運送業","10～19人","総数"
"105-2024","443","05","0","00000","2024000000","人","2033","従業者数_うち常用雇用者","貨物軽自動車運送業","20～29人","総数"
"105-2024","443","06","0","00000","2024000000","人","2432","従業者数_うち常用雇用者","貨物軽自動車運送業","30～49人","総数"
"105-2024","443","07","0","00000","2024000000","人","1532","従業者数_うち常用雇用者","貨物軽自動車運送業","50～99人","総数"
"105-2024","443","08","0","00000","2024000000","人","558","従業者数_うち常用雇用者","貨物軽自動車運送業","100～199人","総数"
"105-2024","443","09","0","00000","2024000000","人","445","従業者数_うち常用雇用者","貨物軽自動車運送業","200～299人","総数"
"105-2024","443","10","0","00000","2024000000","人","807","従業者数_うち常用雇用者","貨物軽自動車運送業","300人以上","総数"
"105-2024","444","00","0","00000","2024000000","人","37662","従業者数_うち常用雇用者","集配利用運送業","総数","総数"
"105-2024","444","01","0","00000","2024000000","人","***","従業者数_うち常用雇用者","集配利用運送業","0人","総数"
"105-2024","444","02","0","00000","2024000000","人","793","従業者数_うち常用雇用者","集配利用運送業","1～4人","総数"
"105-2024","444","03","0","00000","2024000000","人","2113","従業者数_うち常用雇用者","集配利用運送業","5～9人","総数"
"105-2024","444","04","0","00000","2024000000","人","3928","従業者数_うち常用雇用者","集配利用運送業","10～19人","総数"
"105-2024","444","05","0","00000","2024000000","人","2762","従業者数_うち常用雇用者","集配利用運送業","20～29人","総数"
"105-2024","444","06","0","00000","2024000000","人","3589","従業者数_うち常用雇用者","集配利用運送業","30～49人","総数"
"105-2024","444","07","0","00000","2024000000","人","9603","従業者数_うち常用雇用者","集配利用運送業","50～99人","総数"
"105-2024","444","08","0","00000","2024000000","人","10302","従業者数_うち常用雇用者","集配利用運送業","100～199人","総数"
"105-2024","444","09","0","00000","2024000000","人","2234","従業者数_うち常用雇用者","集配利用運送業","200～299人","総数"
"105-2024","444","10","0","00000","2024000000","人","2338","従業者数_うち常用雇用者","集配利用運送業","300人以上","総数"
"105-2024","449","00","0","00000","2024000000","人","1124","従業者数_うち常用雇用者","その他の道路貨物運送業","総数","総数"
"105-2024","449","01","0","00000","2024000000","人","***","従業者数_うち常用雇用者","その他の道路貨物運送業","0人","総数"
"105-2024","449","02","0","00000","2024000000","人","141","従業者数_うち常用雇用者","その他の道路貨物運送業","1～4人","総数"
"105-2024","449","03","0","00000","2024000000","人","152","従業者数_うち常用雇用者","その他の道路貨物運送業","5～9人","総数"
"105-2024","449","04","0","00000","2024000000","人","85","従業者数_うち常用雇用者","その他の道路貨物運送業","10～19人","総数"
"105-2024","449","05","0","00000","2024000000","人","228","従業者数_うち常用雇用者","その他の道路貨物運送業","20～29人","総数"
"105-2024","449","06","0","00000","2024000000","人","140","従業者数_うち常用雇用者","その他の道路貨物運送業","30～49人","総数"
"105-2024","449","07","0","00000","2024000000","人","214","従業者数_うち常用雇用者","その他の道路貨物運送業","50～99人","総数"
"105-2024","449","08","0","00000","2024000000","人","164","従業者数_うち常用雇用者","その他の道路貨物運送業","100～199人","総数"
"105-2024","449","09","0","00000","2024000000","人","***","従業者数_うち常用雇用者","その他の道路貨物運送業","200～299人","総数"
"105-2024","449","10","0","00000","2024000000","人","***","従業者数_うち常用雇用者","その他の道路貨物運送業","300人以上","総数"
"105-2024","45","00","0","00000","2024000000","人","45533","従業者数_うち常用雇用者","水運業","総数","総数"
"105-2024","45","01","0","00000","2024000000","人","***","従業者数_うち常用雇用者","水運業","0人","総数"
"105-2024","45","02","0","00000","2024000000","人","2156","従業者数_うち常用雇用者","水運業","1～4人","総数"
"105-2024","45","03","0","00000","2024000000","人","3992","従業者数_うち常用雇用者","水運業","5～9人","総数"
"105-2024","45","04","0","00000","2024000000","人","5878","従業者数_うち常用雇用者","水運業","10～19人","総数"
"105-2024","45","05","0","00000","2024000000","人","4406","従業者数_うち常用雇用者","水運業","20～29人","総数"
"105-2024","45","06","0","00000","2024000000","人","6970","従業者数_うち常用雇用者","水運業","30～49人","総数"
"105-2024","45","07","0","00000","2024000000","人","8080","従業者数_うち常用雇用者","水運業","50～99人","総数"
"105-2024","45","08","0","00000","2024000000","人","5428","従業者数_うち常用雇用者","水運業","100～199人","総数"
"105-2024","45","09","0","00000","2024000000","人","2926","従業者数_うち常用雇用者","水運業","200～299人","総数"
"105-2024","45","10","0","00000","2024000000","人","5697","従業者数_うち常用雇用者","水運業","300人以上","総数"
"105-2024","450","00","0","00000","2024000000","人","384","従業者数_うち常用雇用者","管理、補助的経済活動を行う事業所（45_水運業）","総数","総数"
"105-2024","450","01","0","00000","2024000000","人","***","従業者数_うち常用雇用者","管理、補助的経済活動を行う事業所（45_水運業）","0人","総数"
"105-2024","450","02","0","00000","2024000000","人","27","従業者数_うち常用雇用者","管理、補助的経済活動を行う事業所（45_水運業）","1～4人","総数"
"105-2024","450","03","0","00000","2024000000","人","52","従業者数_うち常用雇用者","管理、補助的経済活動を行う事業所（45_水運業）","5～9人","総数"
"105-2024","450","04","0","00000","2024000000","人","54","従業者数_うち常用雇用者","管理、補助的経済活動を行う事業所（45_水運業）","10～19人","総数"
"105-2024","450","05","0","00000","2024000000","人","93","従業者数_うち常用雇用者","管理、補助的経済活動を行う事業所（45_水運業）","20～29人","総数"
"105-2024","450","06","0","00000","2024000000","人","***","従業者数_うち常用雇用者","管理、補助的経済活動を行う事業所（45_水運業）","30～49人","総数"
"105-2024","450","07","0","00000","2024000000","人","158","従業者数_うち常用雇用者","管理、補助的経済活動を行う事業所（45_水運業）","50～99人","総数"
"105-2024","450","08","0","00000","2024000000","人","***","従業者数_うち常用雇用者","管理、補助的経済活動を行う事業所（45_水運業）","100～199人","総数"
"105-2024","450","09","0","00000","2024000000","人","***","従業者数_うち常用雇用者","管理、補助的経済活動を行う事業所（45_水運業）","200～299人","総数"
"105-2024","450","10","0","00000","2024000000","人","***","従業者数_うち常用雇用者","管理、補助的経済活動を行う事業所（45_水運業）","300人以上","総数"
"105-2024","451","00","0","00000","2024000000","人","10563","従業者数_うち常用雇用者","外航海運業","総数","総数"
"105-2024","451","01","0","00000","2024000000","人","***","従業者数_うち常用雇用者","外航海運業","0人","総数"
"105-2024","451","02","0","00000","2024000000","人","189","従業者数_うち常用雇用者","外航海運業","1～4人","総数"
"105-2024","451","03","0","00000","2024000000","人","389","従業者数_うち常用雇用者","外航海運業","5～9人","総数"
"105-2024","451","04","0","00000","2024000000","人","412","従業者数_うち常用雇用者","外航海運業","10～19人","総数"
"105-2024","451","05","0","00000","2024000000","人","528","従業者数_うち常用雇用者","外航海運業","20～29人","総数"
"105-2024","451","06","0","00000","2024000000","人","774","従業者数_うち常用雇用者","外航海運業","30～49人","総数"
"105-2024","451","07","0","00000","2024000000","人","1287","従業者数_うち常用雇用者","外航海運業","50～99人","総数"
"105-2024","451","08","0","00000","2024000000","人","1535","従業者数_うち常用雇用者","外航海運業","100～199人","総数"
"105-2024","451","09","0","00000","2024000000","人","950","従業者数_うち常用雇用者","外航海運業","200～299人","総数"
"105-2024","451","10","0","00000","2024000000","人","4499","従業者数_うち常用雇用者","外航海運業","300人以上","総数"
"105-2024","452","00","0","00000","2024000000","人","22146","従業者数_うち常用雇用者","沿海海運業","総数","総数"
"105-2024","452","01","0","00000","2024000000","人","***","従業者数_うち常用雇用者","沿海海運業","0人","総数"
"105-2024","452","02","0","00000","2024000000","人","1181","従業者数_うち常用雇用者","沿海海運業","1～4人","総数"
"105-2024","452","03","0","00000","2024000000","人","2153","従業者数_うち常用雇用者","沿海海運業","5～9人","総数"
"105-2024","452","04","0","00000","2024000000","人","3301","従業者数_うち常用雇用者","沿海海運業","10～19人","総数"
"105-2024","452","05","0","00000","2024000000","人","2259","従業者数_うち常用雇用者","沿海海運業","20～29人","総数"
"105-2024","452","06","0","00000","2024000000","人","3296","従業者数_うち常用雇用者","沿海海運業","30～49人","総数"
"105-2024","452","07","0","00000","2024000000","人","3944","従業者数_うち常用雇用者","沿海海運業","50～99人","総数"
"105-2024","452","08","0","00000","2024000000","人","2838","従業者数_うち常用雇用者","沿海海運業","100～199人","総数"
"105-2024","452","09","0","00000","2024000000","人","1976","従業者数_うち常用雇用者","沿海海運業","200～299人","総数"
"105-2024","452","10","0","00000","2024000000","人","1198","従業者数_うち常用雇用者","沿海海運業","300人以上","総数"
"105-2024","453","00","0","00000","2024000000","人","3346","従業者数_うち常用雇用者","内陸水運業","総数","総数"
"105-2024","453","01","0","00000","2024000000","人","***","従業者数_うち常用雇用者","内陸水運業","0人","総数"
"105-2024","453","02","0","00000","2024000000","人","336","従業者数_うち常用雇用者","内陸水運業","1～4人","総数"
"105-2024","453","03","0","00000","2024000000","人","531","従業者数_うち常用雇用者","内陸水運業","5～9人","総数"
"105-2024","453","04","0","00000","2024000000","人","563","従業者数_うち常用雇用者","内陸水運業","10～19人","総数"
"105-2024","453","05","0","00000","2024000000","人","455","従業者数_うち常用雇用者","内陸水運業","20～29人","総数"
"105-2024","453","06","0","00000","2024000000","人","352","従業者数_うち常用雇用者","内陸水運業","30～49人","総数"
"105-2024","453","07","0","00000","2024000000","人","501","従業者数_うち常用雇用者","内陸水運業","50～99人","総数"
"105-2024","453","08","0","00000","2024000000","人","608","従業者数_うち常用雇用者","内陸水運業","100～199人","総数"
"105-2024","453","09","0","00000","2024000000","人","***","従業者数_うち常用雇用者","内陸水運業","200～299人","総数"
"105-2024","453","10","0","00000","2024000000","人","***","従業者数_うち常用雇用者","内陸水運業","300人以上","総数"
"105-2024","454","00","0","00000","2024000000","人","9092","従業者数_うち常用雇用者","船舶貸渡業","総数","総数"
"105-2024","454","01","0","00000","2024000000","人","***","従業者数_うち常用雇用者","船舶貸渡業","0人","総数"
"105-2024","454","02","0","00000","2024000000","人","421","従業者数_うち常用雇用者","船舶貸渡業","1～4人","総数"
"105-2024","454","03","0","00000","2024000000","人","867","従業者数_うち常用雇用者","船舶貸渡業","5～9人","総数"
"105-2024","454","04","0","00000","2024000000","人","1548","従業者数_うち常用雇用者","船舶貸渡業","10～19人","総数"
"105-2024","454","05","0","00000","2024000000","人","1071","従業者数_うち常用雇用者","船舶貸渡業","20～29人","総数"
"105-2024","454","06","0","00000","2024000000","人","2548","従業者数_うち常用雇用者","船舶貸渡業","30～49人","総数"
"105-2024","454","07","0","00000","2024000000","人","2190","従業者数_うち常用雇用者","船舶貸渡業","50～99人","総数"
"105-2024","454","08","0","00000","2024000000","人","447","従業者数_うち常用雇用者","船舶貸渡業","100～199人","総数"
"105-2024","454","09","0","00000","2024000000","人","***","従業者数_うち常用雇用者","船舶貸渡業","200～299人","総数"
"105-2024","454","10","0","00000","2024000000","人","***","従業者数_うち常用雇用者","船舶貸渡業","300人以上","総数"
"105-2024","46","00","0","00000","2024000000","人","49923","従業者数_うち常用雇用者","航空運輸業","総数","総数"
"105-2024","46","01","0","00000","2024000000","人","***","従業者数_うち常用雇用者","航空運輸業","0人","総数"
"105-2024","46","02","0","00000","2024000000","人","585","従業者数_うち常用雇用者","航空運輸業","1～4人","総数"
"105-2024","46","03","0","00000","2024000000","人","910","従業者数_うち常用雇用者","航空運輸業","5～9人","総数"
"105-2024","46","04","0","00000","2024000000","人","1331","従業者数_うち常用雇用者","航空運輸業","10～19人","総数"
"105-2024","46","05","0","00000","2024000000","人","901","従業者数_うち常用雇用者","航空運輸業","20～29人","総数"
"105-2024","46","06","0","00000","2024000000","人","1875","従業者数_うち常用雇用者","航空運輸業","30～49人","総数"
"105-2024","46","07","0","00000","2024000000","人","3130","従業者数_うち常用雇用者","航空運輸業","50～99人","総数"
"105-2024","46","08","0","00000","2024000000","人","3139","従業者数_うち常用雇用者","航空運輸業","100～199人","総数"
"105-2024","46","09","0","00000","2024000000","人","2571","従業者数_うち常用雇用者","航空運輸業","200～299人","総数"
"105-2024","46","10","0","00000","2024000000","人","35481","従業者数_うち常用雇用者","航空運輸業","300人以上","総数"
"105-2024","460","00","0","00000","2024000000","人","229","従業者数_うち常用雇用者","管理、補助的経済活動を行う事業所（46_航空運輸業）","総数","総数"
"105-2024","460","01","0","00000","2024000000","人","***","従業者数_うち常用雇用者","管理、補助的経済活動を行う事業所（46_航空運輸業）","0人","総数"
"105-2024","460","02","0","00000","2024000000","人","6","従業者数_うち常用雇用者","管理、補助的経済活動を行う事業所（46_航空運輸業）","1～4人","総数"
"105-2024","460","03","0","00000","2024000000","人","***","従業者数_うち常用雇用者","管理、補助的経済活動を行う事業所（46_航空運輸業）","5～9人","総数"
"105-2024","460","04","0","00000","2024000000","人","14","従業者数_うち常用雇用者","管理、補助的経済活動を行う事業所（46_航空運輸業）","10～19人","総数"
"105-2024","460","05","0","00000","2024000000","人","26","従業者数_うち常用雇用者","管理、補助的経済活動を行う事業所（46_航空運輸業）","20～29人","総数"
"105-2024","460","06","0","00000","2024000000","人","102","従業者数_うち常用雇用者","管理、補助的経済活動を行う事業所（46_航空運輸業）","30～49人","総数"
"105-2024","460","07","0","00000","2024000000","人","81","従業者数_うち常用雇用者","管理、補助的経済活動を行う事業所（46_航空運輸業）","50～99人","総数"
"105-2024","460","08","0","00000","2024000000","人","***","従業者数_うち常用雇用者","管理、補助的経済活動を行う事業所（46_航空運輸業）","100～199人","総数"
"105-2024","460","09","0","00000","2024000000","人","***","従業者数_うち常用雇用者","管理、補助的経済活動を行う事業所（46_航空運輸業）","200～299人","総数"
"105-2024","460","10","0","00000","2024000000","人","***","従業者数_うち常用雇用者","管理、補助的経済活動を行う事業所（46_航空運輸業）","300人以上","総数"
"105-2024","461","00","0","00000","2024000000","人","48307","従業者数_うち常用雇用者","航空運送業","総数","総数"
"105-2024","461","01","0","00000","2024000000","人","***","従業者数_うち常用雇用者","航空運送業","0人","総数"
"105-2024","461","02","0","00000","2024000000","人","499","従業者数_うち常用雇用者","航空運送業","1～4人","総数"
"105-2024","461","03","0","00000","2024000000","人","867","従業者数_うち常用雇用者","航空運送業","5～9人","総数"
"105-2024","461","04","0","00000","2024000000","人","1146","従業者数_うち常用雇用者","航空運送業","10～19人","総数"
"105-2024","461","05","0","00000","2024000000","人","780","従業者数_うち常用雇用者","航空運送業","20～29人","総数"
"105-2024","461","06","0","00000","2024000000","人","1608","従業者数_うち常用雇用者","航空運送業","30～49人","総数"
"105-2024","461","07","0","00000","2024000000","人","2744","従業者数_うち常用雇用者","航空運送業","50～99人","総数"
"105-2024","461","08","0","00000","2024000000","人","2611","従業者数_うち常用雇用者","航空運送業","100～199人","総数"
"105-2024","461","09","0","00000","2024000000","人","2571","従業者数_うち常用雇用者","航空運送業","200～299人","総数"
"105-2024","461","10","0","00000","2024000000","人","35481","従業者数_うち常用雇用者","航空運送業","300人以上","総数"
"105-2024","462","00","0","00000","2024000000","人","1369","従業者数_うち常用雇用者","航空機使用業（航空運送業を除く）","総数","総数"
"105-2024","462","01","0","00000","2024000000","人","***","従業者数_うち常用雇用者","航空機使用業（航空運送業を除く）","0人","総数"
"105-2024","462","02","0","00000","2024000000","人","78","従業者数_うち常用雇用者","航空機使用業（航空運送業を除く）","1～4人","総数"
"105-2024","462","03","0","00000","2024000000","人","43","従業者数_うち常用雇用者","航空機使用業（航空運送業を除く）","5～9人","総数"
"105-2024","462","04","0","00000","2024000000","人","155","従業者数_うち常用雇用者","航空機使用業（航空運送業を除く）","10～19人","総数"
"105-2024","462","05","0","00000","2024000000","人","95","従業者数_うち常用雇用者","航空機使用業（航空運送業を除く）","20～29人","総数"
"105-2024","462","06","0","00000","2024000000","人","165","従業者数_うち常用雇用者","航空機使用業（航空運送業を除く）","30～49人","総数"
"105-2024","462","07","0","00000","2024000000","人","305","従業者数_うち常用雇用者","航空機使用業（航空運送業を除く）","50～99人","総数"
"105-2024","462","08","0","00000","2024000000","人","528","従業者数_うち常用雇用者","航空機使用業（航空運送業を除く）","100～199人","総数"
"105-2024","462","09","0","00000","2024000000","人","***","従業者数_うち常用雇用者","航空機使用業（航空運送業を除く）","200～299人","総数"
"105-2024","462","10","0","00000","2024000000","人","***","従業者数_うち常用雇用者","航空機使用業（航空運送業を除く）","300人以上","総数"
"105-2024","47","00","0","00000","2024000000","人","219589","従業者数_うち常用雇用者","倉庫業","総数","総数"
"105-2024","47","01","0","00000","2024000000","人","***","従業者数_うち常用雇用者","倉庫業","0人","総数"
"105-2024","47","02","0","00000","2024000000","人","8354","従業者数_うち常用雇用者","倉庫業","1～4人","総数"
"105-2024","47","03","0","00000","2024000000","人","15851","従業者数_うち常用雇用者","倉庫業","5～9人","総数"
"105-2024","47","04","0","00000","2024000000","人","28712","従業者数_うち常用雇用者","倉庫業","10～19人","総数"
"105-2024","47","05","0","00000","2024000000","人","22963","従業者数_うち常用雇用者","倉庫業","20～29人","総数"
"105-2024","47","06","0","00000","2024000000","人","31722","従業者数_うち常用雇用者","倉庫業","30～49人","総数"
"105-2024","47","07","0","00000","2024000000","人","41101","従業者数_うち常用雇用者","倉庫業","50～99人","総数"
"105-2024","47","08","0","00000","2024000000","人","37692","従業者数_うち常用雇用者","倉庫業","100～199人","総数"
"105-2024","47","09","0","00000","2024000000","人","17949","従業者数_うち常用雇用者","倉庫業","200～299人","総数"
"105-2024","47","10","0","00000","2024000000","人","15245","従業者数_うち常用雇用者","倉庫業","300人以上","総数"
"105-2024","470","00","0","00000","2024000000","人","6123","従業者数_うち常用雇用者","管理、補助的経済活動を行う事業所（47_倉庫業）","総数","総数"
"105-2024","470","01","0","00000","2024000000","人","***","従業者数_うち常用雇用者","管理、補助的経済活動を行う事業所（47_倉庫業）","0人","総数"
"105-2024","470","02","0","00000","2024000000","人","237","従業者数_うち常用雇用者","管理、補助的経済活動を行う事業所（47_倉庫業）","1～4人","総数"
"105-2024","470","03","0","00000","2024000000","人","216","従業者数_うち常用雇用者","管理、補助的経済活動を行う事業所（47_倉庫業）","5～9人","総数"
"105-2024","470","04","0","00000","2024000000","人","401","従業者数_うち常用雇用者","管理、補助的経済活動を行う事業所（47_倉庫業）","10～19人","総数"
"105-2024","470","05","0","00000","2024000000","人","458","従業者数_うち常用雇用者","管理、補助的経済活動を行う事業所（47_倉庫業）","20～29人","総数"
"105-2024","470","06","0","00000","2024000000","人","498","従業者数_うち常用雇用者","管理、補助的経済活動を行う事業所（47_倉庫業）","30～49人","総数"
"105-2024","470","07","0","00000","2024000000","人","811","従業者数_うち常用雇用者","管理、補助的経済活動を行う事業所（47_倉庫業）","50～99人","総数"
"105-2024","470","08","0","00000","2024000000","人","1066","従業者数_うち常用雇用者","管理、補助的経済活動を行う事業所（47_倉庫業）","100～199人","総数"
"105-2024","470","09","0","00000","2024000000","人","200","従業者数_うち常用雇用者","管理、補助的経済活動を行う事業所（47_倉庫業）","200～299人","総数"
"105-2024","470","10","0","00000","2024000000","人","2236","従業者数_うち常用雇用者","管理、補助的経済活動を行う事業所（47_倉庫業）","300人以上","総数"
"105-2024","471","00","0","00000","2024000000","人","185745","従業者数_うち常用雇用者","倉庫業（冷蔵倉庫業を除く）","総数","総数"
"105-2024","471","01","0","00000","2024000000","人","***","従業者数_うち常用雇用者","倉庫業（冷蔵倉庫業を除く）","0人","総数"
"105-2024","471","02","0","00000","2024000000","人","7069","従業者数_うち常用雇用者","倉庫業（冷蔵倉庫業を除く）","1～4人","総数"
"105-2024","471","03","0","00000","2024000000","人","13114","従業者数_うち常用雇用者","倉庫業（冷蔵倉庫業を除く）","5～9人","総数"
"105-2024","471","04","0","00000","2024000000","人","23435","従業者数_うち常用雇用者","倉庫業（冷蔵倉庫業を除く）","10～19人","総数"
"105-2024","471","05","0","00000","2024000000","人","18771","従業者数_うち常用雇用者","倉庫業（冷蔵倉庫業を除く）","20～29人","総数"
"105-2024","471","06","0","00000","2024000000","人","26692","従業者数_うち常用雇用者","倉庫業（冷蔵倉庫業を除く）","30～49人","総数"
"105-2024","471","07","0","00000","2024000000","人","36134","従業者数_うち常用雇用者","倉庫業（冷蔵倉庫業を除く）","50～99人","総数"
"105-2024","471","08","0","00000","2024000000","人","32048","従業者数_うち常用雇用者","倉庫業（冷蔵倉庫業を除く）","100～199人","総数"
"105-2024","471","09","0","00000","2024000000","人","15773","従業者数_うち常用雇用者","倉庫業（冷蔵倉庫業を除く）","200～299人","総数"
"105-2024","471","10","0","00000","2024000000","人","12709","従業者数_うち常用雇用者","倉庫業（冷蔵倉庫業を除く）","300人以上","総数"
"105-2024","472","00","0","00000","2024000000","人","27706","従業者数_うち常用雇用者","冷蔵倉庫業","総数","総数"
"105-2024","472","01","0","00000","2024000000","人","***","従業者数_うち常用雇用者","冷蔵倉庫業","0人","総数"
"105-2024","472","02","0","00000","2024000000","人","1048","従業者数_うち常用雇用者","冷蔵倉庫業","1～4人","総数"
"105-2024","472","03","0","00000","2024000000","人","2521","従業者数_うち常用雇用者","冷蔵倉庫業","5～9人","総数"
"105-2024","472","04","0","00000","2024000000","人","4861","従業者数_うち常用雇用者","冷蔵倉庫業","10～19人","総数"
"105-2024","472","05","0","00000","2024000000","人","3734","従業者数_うち常用雇用者","冷蔵倉庫業","20～29人","総数"
"105-2024","472","06","0","00000","2024000000","人","4532","従業者数_うち常用雇用者","冷蔵倉庫業","30～49人","総数"
"105-2024","472","07","0","00000","2024000000","人","4156","従業者数_うち常用雇用者","冷蔵倉庫業","50～99人","総数"
"105-2024","472","08","0","00000","2024000000","人","4578","従業者数_うち常用雇用者","冷蔵倉庫業","100～199人","総数"
"105-2024","472","09","0","00000","2024000000","人","1976","従業者数_うち常用雇用者","冷蔵倉庫業","200～299人","総数"
"105-2024","472","10","0","00000","2024000000","人","300","従業者数_うち常用雇用者","冷蔵倉庫業","300人以上","総数"
"105-2024","48","00","0","00000","2024000000","人","371233","従業者数_うち常用雇用者","運輸に附帯するサービス業","総数","総数"
"105-2024","48","01","0","00000","2024000000","人","***","従業者数_うち常用雇用者","運輸に附帯するサービス業","0人","総数"
"105-2024","48","02","0","00000","2024000000","人","13975","従業者数_うち常用雇用者","運輸に附帯するサービス業","1～4人","総数"
"105-2024","48","03","0","00000","2024000000","人","25564","従業者数_うち常用雇用者","運輸に附帯するサービス業","5～9人","総数"
"105-2024","48","04","0","00000","2024000000","人","50261","従業者数_うち常用雇用者","運輸に附帯するサービス業","10～19人","総数"
"105-2024","48","05","0","00000","2024000000","人","36376","従業者数_うち常用雇用者","運輸に附帯するサービス業","20～29人","総数"
"105-2024","48","06","0","00000","2024000000","人","54886","従業者数_うち常用雇用者","運輸に附帯するサービス業","30～49人","総数"
"105-2024","48","07","0","00000","2024000000","人","59459","従業者数_うち常用雇用者","運輸に附帯するサービス業","50～99人","総数"
"105-2024","48","08","0","00000","2024000000","人","54500","従業者数_うち常用雇用者","運輸に附帯するサービス業","100～199人","総数"
"105-2024","48","09","0","00000","2024000000","人","23393","従業者数_うち常用雇用者","運輸に附帯するサービス業","200～299人","総数"
"105-2024","48","10","0","00000","2024000000","人","52819","従業者数_うち常用雇用者","運輸に附帯するサービス業","300人以上","総数"
"105-2024","480","00","0","00000","2024000000","人","6783","従業者数_うち常用雇用者","管理、補助的経済活動を行う事業所（48_運輸に附帯するサービス業）","総数","総数"
"105-2024","480","01","0","00000","2024000000","人","***","従業者数_うち常用雇用者","管理、補助的経済活動を行う事業所（48_運輸に附帯するサービス業）","0人","総数"
"105-2024","480","02","0","00000","2024000000","人","284","従業者数_うち常用雇用者","管理、補助的経済活動を行う事業所（48_運輸に附帯するサービス業）","1～4人","総数"
"105-2024","480","03","0","00000","2024000000","人","540","従業者数_うち常用雇用者","管理、補助的経済活動を行う事業所（48_運輸に附帯するサービス業）","5～9人","総数"
"105-2024","480","04","0","00000","2024000000","人","924","従業者数_うち常用雇用者","管理、補助的経済活動を行う事業所（48_運輸に附帯するサービス業）","10～19人","総数"
"105-2024","480","05","0","00000","2024000000","人","631","従業者数_うち常用雇用者","管理、補助的経済活動を行う事業所（48_運輸に附帯するサービス業）","20～29人","総数"
"105-2024","480","06","0","00000","2024000000","人","1208","従業者数_うち常用雇用者","管理、補助的経済活動を行う事業所（48_運輸に附帯するサービス業）","30～49人","総数"
"105-2024","480","07","0","00000","2024000000","人","1116","従業者数_うち常用雇用者","管理、補助的経済活動を行う事業所（48_運輸に附帯するサービス業）","50～99人","総数"
"105-2024","480","08","0","00000","2024000000","人","1132","従業者数_うち常用雇用者","管理、補助的経済活動を行う事業所（48_運輸に附帯するサービス業）","100～199人","総数"
"105-2024","480","09","0","00000","2024000000","人","422","従業者数_うち常用雇用者","管理、補助的経済活動を行う事業所（48_運輸に附帯するサービス業）","200～299人","総数"
"105-2024","480","10","0","00000","2024000000","人","526","従業者数_うち常用雇用者","管理、補助的経済活動を行う事業所（48_運輸に附帯するサービス業）","300人以上","総数"
"105-2024","481","00","0","00000","2024000000","人","57944","従業者数_うち常用雇用者","港湾運送業","総数","総数"
"105-2024","481","01","0","00000","2024000000","人","***","従業者数_うち常用雇用者","港湾運送業","0人","総数"
"105-2024","481","02","0","00000","2024000000","人","1272","従業者数_うち常用雇用者","港湾運送業","1～4人","総数"
"105-2024","481","03","0","00000","2024000000","人","2871","従業者数_うち常用雇用者","港湾運送業","5～9人","総数"
"105-2024","481","04","0","00000","2024000000","人","5915","従業者数_うち常用雇用者","港湾運送業","10～19人","総数"
"105-2024","481","05","0","00000","2024000000","人","4938","従業者数_うち常用雇用者","港湾運送業","20～29人","総数"
"105-2024","481","06","0","00000","2024000000","人","10043","従業者数_うち常用雇用者","港湾運送業","30～49人","総数"
"105-2024","481","07","0","00000","2024000000","人","12290","従業者数_うち常用雇用者","港湾運送業","50～99人","総数"
"105-2024","481","08","0","00000","2024000000","人","10377","従業者数_うち常用雇用者","港湾運送業","100～199人","総数"
"105-2024","481","09","0","00000","2024000000","人","4688","従業者数_うち常用雇用者","港湾運送業","200～299人","総数"
"105-2024","481","10","0","00000","2024000000","人","5550","従業者数_うち常用雇用者","港湾運送業","300人以上","総数"
"105-2024","482","00","0","00000","2024000000","人","71465","従業者数_うち常用雇用者","貨物運送取扱業（集配利用運送業を除く）","総数","総数"
"105-2024","482","01","0","00000","2024000000","人","***","従業者数_うち常用雇用者","貨物運送取扱業（集配利用運送業を除く）","0人","総数"
"105-2024","482","02","0","00000","2024000000","人","3579","従業者数_うち常用雇用者","貨物運送取扱業（集配利用運送業を除く）","1～4人","総数"
"105-2024","482","03","0","00000","2024000000","人","5908","従業者数_うち常用雇用者","貨物運送取扱業（集配利用運送業を除く）","5～9人","総数"
"105-2024","482","04","0","00000","2024000000","人","10025","従業者数_うち常用雇用者","貨物運送取扱業（集配利用運送業を除く）","10～19人","総数"
"105-2024","482","05","0","00000","2024000000","人","7914","従業者数_うち常用雇用者","貨物運送取扱業（集配利用運送業を除く）","20～29人","総数"
"105-2024","482","06","0","00000","2024000000","人","10691","従業者数_うち常用雇用者","貨物運送取扱業（集配利用運送業を除く）","30～49人","総数"
"105-2024","482","07","0","00000","2024000000","人","12964","従業者数_うち常用雇用者","貨物運送取扱業（集配利用運送業を除く）","50～99人","総数"
"105-2024","482","08","0","00000","2024000000","人","9297","従業者数_うち常用雇用者","貨物運送取扱業（集配利用運送業を除く）","100～199人","総数"
"105-2024","482","09","0","00000","2024000000","人","3485","従業者数_うち常用雇用者","貨物運送取扱業（集配利用運送業を除く）","200～299人","総数"
"105-2024","482","10","0","00000","2024000000","人","7602","従業者数_うち常用雇用者","貨物運送取扱業（集配利用運送業を除く）","300人以上","総数"
"105-2024","483","00","0","00000","2024000000","人","10118","従業者数_うち常用雇用者","運送代理店","総数","総数"
"105-2024","483","01","0","00000","2024000000","人","***","従業者数_うち常用雇用者","運送代理店","0人","総数"
"105-2024","483","02","0","00000","2024000000","人","638","従業者数_うち常用雇用者","運送代理店","1～4人","総数"
"105-2024","483","03","0","00000","2024000000","人","873","従業者数_うち常用雇用者","運送代理店","5～9人","総数"
"105-2024","483","04","0","00000","2024000000","人","1509","従業者数_うち常用雇用者","運送代理店","10～19人","総数"
"105-2024","483","05","0","00000","2024000000","人","1173","従業者数_うち常用雇用者","運送代理店","20～29人","総数"
"105-2024","483","06","0","00000","2024000000","人","1753","従業者数_うち常用雇用者","運送代理店","30～49人","総数"
"105-2024","483","07","0","00000","2024000000","人","1128","従業者数_うち常用雇用者","運送代理店","50～99人","総数"
"105-2024","483","08","0","00000","2024000000","人","1655","従業者数_うち常用雇用者","運送代理店","100～199人","総数"
"105-2024","483","09","0","00000","2024000000","人","1389","従業者数_うち常用雇用者","運送代理店","200～299人","総数"
"105-2024","483","10","0","00000","2024000000","人","***","従業者数_うち常用雇用者","運送代理店","300人以上","総数"
"105-2024","484","00","0","00000","2024000000","人","60209","従業者数_うち常用雇用者","こん包業","総数","総数"
"105-2024","484","01","0","00000","2024000000","人","***","従業者数_うち常用雇用者","こん包業","0人","総数"
"105-2024","484","02","0","00000","2024000000","人","1372","従業者数_うち常用雇用者","こん包業","1～4人","総数"
"105-2024","484","03","0","00000","2024000000","人","3077","従業者数_うち常用雇用者","こん包業","5～9人","総数"
"105-2024","484","04","0","00000","2024000000","人","6647","従業者数_うち常用雇用者","こん包業","10～19人","総数"
"105-2024","484","05","0","00000","2024000000","人","6276","従業者数_うち常用雇用者","こん包業","20～29人","総数"
"105-2024","484","06","0","00000","2024000000","人","9919","従業者数_うち常用雇用者","こん包業","30～49人","総数"
"105-2024","484","07","0","00000","2024000000","人","13098","従業者数_うち常用雇用者","こん包業","50～99人","総数"
"105-2024","484","08","0","00000","2024000000","人","9501","従業者数_うち常用雇用者","こん包業","100～199人","総数"
"105-2024","484","09","0","00000","2024000000","人","2817","従業者数_うち常用雇用者","こん包業","200～299人","総数"
"105-2024","484","10","0","00000","2024000000","人","7502","従業者数_うち常用雇用者","こん包業","300人以上","総数"
"105-2024","485","00","0","00000","2024000000","人","23376","従業者数_うち常用雇用者","運輸施設提供業","総数","総数"
"105-2024","485","01","0","00000","2024000000","人","***","従業者数_うち常用雇用者","運輸施設提供業","0人","総数"
"105-2024","485","02","0","00000","2024000000","人","409","従業者数_うち常用雇用者","運輸施設提供業","1～4人","総数"
"105-2024","485","03","0","00000","2024000000","人","716","従業者数_うち常用雇用者","運輸施設提供業","5～9人","総数"
"105-2024","485","04","0","00000","2024000000","人","1932","従業者数_うち常用雇用者","運輸施設提供業","10～19人","総数"
"105-2024","485","05","0","00000","2024000000","人","2063","従業者数_うち常用雇用者","運輸施設提供業","20～29人","総数"
"105-2024","485","06","0","00000","2024000000","人","4351","従業者数_うち常用雇用者","運輸施設提供業","30～49人","総数"
"105-2024","485","07","0","00000","2024000000","人","2640","従業者数_うち常用雇用者","運輸施設提供業","50～99人","総数"
"105-2024","485","08","0","00000","2024000000","人","4369","従業者数_うち常用雇用者","運輸施設提供業","100～199人","総数"
"105-2024","485","09","0","00000","2024000000","人","2418","従業者数_うち常用雇用者","運輸施設提供業","200～299人","総数"
"105-2024","485","10","0","00000","2024000000","人","4478","従業者数_うち常用雇用者","運輸施設提供業","300人以上","総数"
"105-2024","489","00","0","00000","2024000000","人","141338","従業者数_うち常用雇用者","その他の運輸に附帯するサービス業","総数","総数"
"105-2024","489","01","0","00000","2024000000","人","***","従業者数_うち常用雇用者","その他の運輸に附帯するサービス業","0人","総数"
"105-2024","489","02","0","00000","2024000000","人","6421","従業者数_うち常用雇用者","その他の運輸に附帯するサービス業","1～4人","総数"
"105-2024","489","03","0","00000","2024000000","人","11579","従業者数_うち常用雇用者","その他の運輸に附帯するサービス業","5～9人","総数"
"105-2024","489","04","0","00000","2024000000","人","23309","従業者数_うち常用雇用者","その他の運輸に附帯するサービス業","10～19人","総数"
"105-2024","489","05","0","00000","2024000000","人","13381","従業者数_うち常用雇用者","その他の運輸に附帯するサービス業","20～29人","総数"
"105-2024","489","06","0","00000","2024000000","人","16921","従業者数_うち常用雇用者","その他の運輸に附帯するサービス業","30～49人","総数"
"105-2024","489","07","0","00000","2024000000","人","16223","従業者数_うち常用雇用者","その他の運輸に附帯するサービス業","50～99人","総数"
"105-2024","489","08","0","00000","2024000000","人","18169","従業者数_うち常用雇用者","その他の運輸に附帯するサービス業","100～199人","総数"
"105-2024","489","09","0","00000","2024000000","人","8174","従業者数_うち常用雇用者","その他の運輸に附帯するサービス業","200～299人","総数"
"105-2024","489","10","0","00000","2024000000","人","27161","従業者数_うち常用雇用者","その他の運輸に附帯するサービス業","300人以上","総数"
"105-2024","49","00","0","00000","2024000000","人","91709","従業者数_うち常用雇用者","郵便業（信書便事業を含む）","総数","総数"
"105-2024","49","01","0","00000","2024000000","人","***","従業者数_うち常用雇用者","郵便業（信書便事業を含む）","0人","総数"
"105-2024","49","02","0","00000","2024000000","人","56","従業者数_うち常用雇用者","郵便業（信書便事業を含む）","1～4人","総数"
"105-2024","49","03","0","00000","2024000000","人","115","従業者数_うち常用雇用者","郵便業（信書便事業を含む）","5～9人","総数"
"105-2024","49","04","0","00000","2024000000","人","363","従業者数_うち常用雇用者","郵便業（信書便事業を含む）","10～19人","総数"
"105-2024","49","05","0","00000","2024000000","人","143","従業者数_うち常用雇用者","郵便業（信書便事業を含む）","20～29人","総数"
"105-2024","49","06","0","00000","2024000000","人","392","従業者数_うち常用雇用者","郵便業（信書便事業を含む）","30～49人","総数"
"105-2024","49","07","0","00000","2024000000","人","1036","従業者数_うち常用雇用者","郵便業（信書便事業を含む）","50～99人","総数"
"105-2024","49","08","0","00000","2024000000","人","5354","従業者数_うち常用雇用者","郵便業（信書便事業を含む）","100～199人","総数"
"105-2024","49","09","0","00000","2024000000","人","25391","従業者数_うち常用雇用者","郵便業（信書便事業を含む）","200～299人","総数"
"105-2024","49","10","0","00000","2024000000","人","58859","従業者数_うち常用雇用者","郵便業（信書便事業を含む）","300人以上","総数"
"105-2024","490","00","0","00000","2024000000","人","1226","従業者数_うち常用雇用者","管理、補助的経済活動を行う事業所（49_郵便業）","総数","総数"
"105-2024","490","01","0","00000","2024000000","人","***","従業者数_うち常用雇用者","管理、補助的経済活動を行う事業所（49_郵便業）","0人","総数"
"105-2024","490","02","0","00000","2024000000","人","15","従業者数_うち常用雇用者","管理、補助的経済活動を行う事業所（49_郵便業）","1～4人","総数"
"105-2024","490","03","0","00000","2024000000","人","60","従業者数_うち常用雇用者","管理、補助的経済活動を行う事業所（49_郵便業）","5～9人","総数"
"105-2024","490","04","0","00000","2024000000","人","135","従業者数_うち常用雇用者","管理、補助的経済活動を行う事業所（49_郵便業）","10～19人","総数"
"105-2024","490","05","0","00000","2024000000","人","29","従業者数_うち常用雇用者","管理、補助的経済活動を行う事業所（49_郵便業）","20～29人","総数"
"105-2024","490","06","0","00000","2024000000","人","161","従業者数_うち常用雇用者","管理、補助的経済活動を行う事業所（49_郵便業）","30～49人","総数"
"105-2024","490","07","0","00000","2024000000","人","431","従業者数_うち常用雇用者","管理、補助的経済活動を行う事業所（49_郵便業）","50～99人","総数"
"105-2024","490","08","0","00000","2024000000","人","194","従業者数_うち常用雇用者","管理、補助的経済活動を行う事業所（49_郵便業）","100～199人","総数"
"105-2024","490","09","0","00000","2024000000","人","201","従業者数_うち常用雇用者","管理、補助的経済活動を行う事業所（49_郵便業）","200～299人","総数"
"105-2024","490","10","0","00000","2024000000","人","***","従業者数_うち常用雇用者","管理、補助的経済活動を行う事業所（49_郵便業）","300人以上","総数"
"105-2024","491","00","0","00000","2024000000","人","90483","従業者数_うち常用雇用者","郵便業（信書便事業を含む）","総数","総数"
"105-2024","491","01","0","00000","2024000000","人","***","従業者数_うち常用雇用者","郵便業（信書便事業を含む）","0人","総数"
"105-2024","491","02","0","00000","2024000000","人","41","従業者数_うち常用雇用者","郵便業（信書便事業を含む）","1～4人","総数"
"105-2024","491","03","0","00000","2024000000","人","55","従業者数_うち常用雇用者","郵便業（信書便事業を含む）","5～9人","総数"
"105-2024","491","04","0","00000","2024000000","人","228","従業者数_うち常用雇用者","郵便業（信書便事業を含む）","10～19人","総数"
"105-2024","491","05","0","00000","2024000000","人","114","従業者数_うち常用雇用者","郵便業（信書便事業を含む）","20～29人","総数"
"105-2024","491","06","0","00000","2024000000","人","231","従業者数_うち常用雇用者","郵便業（信書便事業を含む）","30～49人","総数"
"105-2024","491","07","0","00000","2024000000","人","605","従業者数_うち常用雇用者","郵便業（信書便事業を含む）","50～99人","総数"
"105-2024","491","08","0","00000","2024000000","人","5160","従業者数_うち常用雇用者","郵便業（信書便事業を含む）","100～199人","総数"
"105-2024","491","09","0","00000","2024000000","人","25190","従業者数_うち常用雇用者","郵便業（信書便事業を含む）","200～299人","総数"
"105-2024","491","10","0","00000","2024000000","人","58859","従業者数_うち常用雇用者","郵便業（信書便事業を含む）","300人以上","総数"
"105-2024","I","00","0","00000","2024000000","人","9885362","従業者数_うち常用雇用者","卸売業、小売業","総数","総数"
"105-2024","I","01","0","00000","2024000000","人","***","従業者数_うち常用雇用者","卸売業、小売業","0人","総数"
"105-2024","I","02","0","00000","2024000000","人","978451","従業者数_うち常用雇用者","卸売業、小売業","1～4人","総数"
"105-2024","I","03","0","00000","2024000000","人","1358086","従業者数_うち常用雇用者","卸売業、小売業","5～9人","総数"
"105-2024","I","04","0","00000","2024000000","人","1988212","従業者数_うち常用雇用者","卸売業、小売業","10～19人","総数"
"105-2024","I","05","0","00000","2024000000","人","1171088","従業者数_うち常用雇用者","卸売業、小売業","20～29人","総数"
"105-2024","I","06","0","00000","2024000000","人","1143822","従業者数_うち常用雇用者","卸売業、小売業","30～49人","総数"
"105-2024","I","07","0","00000","2024000000","人","1226675","従業者数_うち常用雇用者","卸売業、小売業","50～99人","総数"
"105-2024","I","08","0","00000","2024000000","人","907832","従業者数_うち常用雇用者","卸売業、小売業","100～199人","総数"
"105-2024","I","09","0","00000","2024000000","人","319102","従業者数_うち常用雇用者","卸売業、小売業","200～299人","総数"
"105-2024","I","10","0","00000","2024000000","人","792094","従業者数_うち常用雇用者","卸売業、小売業","300人以上","総数"
"105-2024","I1","00","0","00000","2024000000","人","3467338","従業者数_うち常用雇用者","卸売業","総数","総数"
"105-2024","I1","01","0","00000","2024000000","人","***","従業者数_うち常用雇用者","卸売業","0人","総数"
"105-2024","I1","02","0","00000","2024000000","人","323302","従業者数_うち常用雇用者","卸売業","1～4人","総数"
"105-2024","I1","03","0","00000","2024000000","人","451950","従業者数_うち常用雇用者","卸売業","5～9人","総数"
"105-2024","I1","04","0","00000","2024000000","人","575402","従業者数_うち常用雇用者","卸売業","10～19人","総数"
"105-2024","I1","05","0","00000","2024000000","人","342182","従業者数_うち常用雇用者","卸売業","20～29人","総数"
"105-2024","I1","06","0","00000","2024000000","人","403660","従業者数_うち常用雇用者","卸売業","30～49人","総数"
"105-2024","I1","07","0","00000","2024000000","人","408117","従業者数_うち常用雇用者","卸売業","50～99人","総数"
"105-2024","I1","08","0","00000","2024000000","人","302671","従業者数_うち常用雇用者","卸売業","100～199人","総数"
"105-2024","I1","09","0","00000","2024000000","人","142928","従業者数_うち常用雇用者","卸売業","200～299人","総数"
"105-2024","I1","10","0","00000","2024000000","人","517126","従業者数_うち常用雇用者","卸売業","300人以上","総数"
"105-2024","50","00","0","00000","2024000000","人","30533","従業者数_うち常用雇用者","各種商品卸売業","総数","総数"
"105-2024","50","01","0","00000","2024000000","人","***","従業者数_うち常用雇用者","各種商品卸売業","0人","総数"
"105-2024","50","02","0","00000","2024000000","人","859","従業者数_うち常用雇用者","各種商品卸売業","1～4人","総数"
"105-2024","50","03","0","00000","2024000000","人","2435","従業者数_うち常用雇用者","各種商品卸売業","5～9人","総数"
"105-2024","50","04","0","00000","2024000000","人","2467","従業者数_うち常用雇用者","各種商品卸売業","10～19人","総数"
"105-2024","50","05","0","00000","2024000000","人","649","従業者数_うち常用雇用者","各種商品卸売業","20～29人","総数"
"105-2024","50","06","0","00000","2024000000","人","1054","従業者数_うち常用雇用者","各種商品卸売業","30～49人","総数"
"105-2024","50","07","0","00000","2024000000","人","1197","従業者数_うち常用雇用者","各種商品卸売業","50～99人","総数"
"105-2024","50","08","0","00000","2024000000","人","1607","従業者数_うち常用雇用者","各種商品卸売業","100～199人","総数"
"105-2024","50","09","0","00000","2024000000","人","251","従業者数_うち常用雇用者","各種商品卸売業","200～299人","総数"
"105-2024","50","10","0","00000","2024000000","人","20014","従業者数_うち常用雇用者","各種商品卸売業","300人以上","総数"
"105-2024","500","00","0","00000","2024000000","人","319","従業者数_うち常用雇用者","管理、補助的経済活動を行う事業所（50_各種商品卸売業）","総数","総数"
"105-2024","500","01","0","00000","2024000000","人","***","従業者数_うち常用雇用者","管理、補助的経済活動を行う事業所（50_各種商品卸売業）","0人","総数"
"105-2024","500","02","0","00000","2024000000","人","24","従業者数_うち常用雇用者","管理、補助的経済活動を行う事業所（50_各種商品卸売業）","1～4人","総数"
"105-2024","500","03","0","00000","2024000000","人","32","従業者数_うち常用雇用者","管理、補助的経済活動を行う事業所（50_各種商品卸売業）","5～9人","総数"
"105-2024","500","04","0","00000","2024000000","人","24","従業者数_うち常用雇用者","管理、補助的経済活動を行う事業所（50_各種商品卸売業）","10～19人","総数"
"105-2024","500","05","0","00000","2024000000","人","46","従業者数_うち常用雇用者","管理、補助的経済活動を行う事業所（50_各種商品卸売業）","20～29人","総数"
"105-2024","500","06","0","00000","2024000000","人","***","従業者数_うち常用雇用者","管理、補助的経済活動を行う事業所（50_各種商品卸売業）","30～49人","総数"
"105-2024","500","07","0","00000","2024000000","人","***","従業者数_うち常用雇用者","管理、補助的経済活動を行う事業所（50_各種商品卸売業）","50～99人","総数"
"105-2024","500","08","0","00000","2024000000","人","193","従業者数_うち常用雇用者","管理、補助的経済活動を行う事業所（50_各種商品卸売業）","100～199人","総数"
"105-2024","500","09","0","00000","2024000000","人","***","従業者数_うち常用雇用者","管理、補助的経済活動を行う事業所（50_各種商品卸売業）","200～299人","総数"
"105-2024","500","10","0","00000","2024000000","人","***","従業者数_うち常用雇用者","管理、補助的経済活動を行う事業所（50_各種商品卸売業）","300人以上","総数"
"105-2024","501","00","0","00000","2024000000","人","30214","従業者数_うち常用雇用者","各種商品卸売業","総数","総数"
"105-2024","501","01","0","00000","2024000000","人","***","従業者数_うち常用雇用者","各種商品卸売業","0人","総数"
"105-2024","501","02","0","00000","2024000000","人","835","従業者数_うち常用雇用者","各種商品卸売業","1～4人","総数"
"105-2024","501","03","0","00000","2024000000","人","2403","従業者数_うち常用雇用者","各種商品卸売業","5～9人","総数"
"105-2024","501","04","0","00000","2024000000","人","2443","従業者数_うち常用雇用者","各種商品卸売業","10～19人","総数"
"105-2024","501","05","0","00000","2024000000","人","603","従業者数_うち常用雇用者","各種商品卸売業","20～29人","総数"
"105-2024","501","06","0","00000","2024000000","人","1054","従業者数_うち常用雇用者","各種商品卸売業","30～49人","総数"
"105-2024","501","07","0","00000","2024000000","人","1197","従業者数_うち常用雇用者","各種商品卸売業","50～99人","総数"
"105-2024","501","08","0","00000","2024000000","人","1414","従業者数_うち常用雇用者","各種商品卸売業","100～199人","総数"
"105-2024","501","09","0","00000","2024000000","人","251","従業者数_うち常用雇用者","各種商品卸売業","200～299人","総数"
"105-2024","501","10","0","00000","2024000000","人","20014","従業者数_うち常用雇用者","各種商品卸売業","300人以上","総数"
"105-2024","50A","00","0","00000","2024000000","人","21679","従業者数_うち常用雇用者","各種商品卸売業（従業者が常時100人以上のもの）","総数","総数"
"105-2024","50A","01","0","00000","2024000000","人","***","従業者数_うち常用雇用者","各種商品卸売業（従業者が常時100人以上のもの）","0人","総数"
"105-2024","50A","02","0","00000","2024000000","人","***","従業者数_うち常用雇用者","各種商品卸売業（従業者が常時100人以上のもの）","1～4人","総数"
"105-2024","50A","03","0","00000","2024000000","人","***","従業者数_うち常用雇用者","各種商品卸売業（従業者が常時100人以上のもの）","5～9人","総数"
"105-2024","50A","04","0","00000","2024000000","人","***","従業者数_うち常用雇用者","各種商品卸売業（従業者が常時100人以上のもの）","10～19人","総数"
"105-2024","50A","05","0","00000","2024000000","人","***","従業者数_うち常用雇用者","各種商品卸売業（従業者が常時100人以上のもの）","20～29人","総数"
"105-2024","50A","06","0","00000","2024000000","人","***","従業者数_うち常用雇用者","各種商品卸売業（従業者が常時100人以上のもの）","30～49人","総数"
"105-2024","50A","07","0","00000","2024000000","人","***","従業者数_うち常用雇用者","各種商品卸売業（従業者が常時100人以上のもの）","50～99人","総数"
"105-2024","50A","08","0","00000","2024000000","人","1414","従業者数_うち常用雇用者","各種商品卸売業（従業者が常時100人以上のもの）","100～199人","総数"
"105-2024","50A","09","0","00000","2024000000","人","251","従業者数_うち常用雇用者","各種商品卸売業（従業者が常時100人以上のもの）","200～299人","総数"
"105-2024","50A","10","0","00000","2024000000","人","20014","従業者数_うち常用雇用者","各種商品卸売業（従業者が常時100人以上のもの）","300人以上","総数"
"105-2024","50B","00","0","00000","2024000000","人","8535","従業者数_うち常用雇用者","その他の各種商品卸売業","総数","総数"
"105-2024","50B","01","0","00000","2024000000","人","***","従業者数_うち常用雇用者","その他の各種商品卸売業","0人","総数"
"105-2024","50B","02","0","00000","2024000000","人","835","従業者数_うち常用雇用者","その他の各種商品卸売業","1～4人","総数"
"105-2024","50B","03","0","00000","2024000000","人","2403","従業者数_うち常用雇用者","その他の各種商品卸売業","5～9人","総数"
"105-2024","50B","04","0","00000","2024000000","人","2443","従業者数_うち常用雇用者","その他の各種商品卸売業","10～19人","総数"
"105-2024","50B","05","0","00000","2024000000","人","603","従業者数_うち常用雇用者","その他の各種商品卸売業","20～29人","総数"
"105-2024","50B","06","0","00000","2024000000","人","1054","従業者数_うち常用雇用者","その他の各種商品卸売業","30～49人","総数"
"105-2024","50B","07","0","00000","2024000000","人","1197","従業者数_うち常用雇用者","その他の各種商品卸売業","50～99人","総数"
"105-2024","50B","08","0","00000","2024000000","人","***","従業者数_うち常用雇用者","その他の各種商品卸売業","100～199人","総数"
"105-2024","50B","09","0","00000","2024000000","人","***","従業者数_うち常用雇用者","その他の各種商品卸売業","200～299人","総数"
"105-2024","50B","10","0","00000","2024000000","人","***","従業者数_うち常用雇用者","その他の各種商品卸売業","300人以上","総数"
"105-2024","51","00","0","00000","2024000000","人","157276","従業者数_うち常用雇用者","繊維・衣服等卸売業","総数","総数"
"105-2024","51","01","0","00000","2024000000","人","***","従業者数_うち常用雇用者","繊維・衣服等卸売業","0人","総数"
"105-2024","51","02","0","00000","2024000000","人","18215","従業者数_うち常用雇用者","繊維・衣服等卸売業","1～4人","総数"
"105-2024","51","03","0","00000","2024000000","人","18849","従業者数_うち常用雇用者","繊維・衣服等卸売業","5～9人","総数"
"105-2024","51","04","0","00000","2024000000","人","22562","従業者数_うち常用雇用者","繊維・衣服等卸売業","10～19人","総数"
"105-2024","51","05","0","00000","2024000000","人","14294","従業者数_うち常用雇用者","繊維・衣服等卸売業","20～29人","総数"
"105-2024","51","06","0","00000","2024000000","人","17616","従業者数_うち常用雇用者","繊維・衣服等卸売業","30～49人","総数"
"105-2024","51","07","0","00000","2024000000","人","18061","従業者数_うち常用雇用者","繊維・衣服等卸売業","50～99人","総数"
"105-2024","51","08","0","00000","2024000000","人","17183","従業者数_うち常用雇用者","繊維・衣服等卸売業","100～199人","総数"
"105-2024","51","09","0","00000","2024000000","人","7500","従業者数_うち常用雇用者","繊維・衣服等卸売業","200～299人","総数"
"105-2024","51","10","0","00000","2024000000","人","22996","従業者数_うち常用雇用者","繊維・衣服等卸売業","300人以上","総数"
"105-2024","510","00","0","00000","2024000000","人","5711","従業者数_うち常用雇用者","管理、補助的経済活動を行う事業所（51_繊維・衣服等卸売業）","総数","総数"
"105-2024","510","01","0","00000","2024000000","人","***","従業者数_うち常用雇用者","管理、補助的経済活動を行う事業所（51_繊維・衣服等卸売業）","0人","総数"
"105-2024","510","02","0","00000","2024000000","人","395","従業者数_うち常用雇用者","管理、補助的経済活動を行う事業所（51_繊維・衣服等卸売業）","1～4人","総数"
"105-2024","510","03","0","00000","2024000000","人","526","従業者数_うち常用雇用者","管理、補助的経済活動を行う事業所（51_繊維・衣服等卸売業）","5～9人","総数"
"105-2024","510","04","0","00000","2024000000","人","847","従業者数_うち常用雇用者","管理、補助的経済活動を行う事業所（51_繊維・衣服等卸売業）","10～19人","総数"
"105-2024","510","05","0","00000","2024000000","人","583","従業者数_うち常用雇用者","管理、補助的経済活動を行う事業所（51_繊維・衣服等卸売業）","20～29人","総数"
"105-2024","510","06","0","00000","2024000000","人","823","従業者数_うち常用雇用者","管理、補助的経済活動を行う事業所（51_繊維・衣服等卸売業）","30～49人","総数"
"105-2024","510","07","0","00000","2024000000","人","1082","従業者数_うち常用雇用者","管理、補助的経済活動を行う事業所（51_繊維・衣服等卸売業）","50～99人","総数"
"105-2024","510","08","0","00000","2024000000","人","1181","従業者数_うち常用雇用者","管理、補助的経済活動を行う事業所（51_繊維・衣服等卸売業）","100～199人","総数"
"105-2024","510","09","0","00000","2024000000","人","274","従業者数_うち常用雇用者","管理、補助的経済活動を行う事業所（51_繊維・衣服等卸売業）","200～299人","総数"
"105-2024","510","10","0","00000","2024000000","人","***","従業者数_うち常用雇用者","管理、補助的経済活動を行う事業所（51_繊維・衣服等卸売業）","300人以上","総数"
"105-2024","511","00","0","00000","2024000000","人","23357","従業者数_うち常用雇用者","繊維品卸売業（衣服、身の回り品を除く）","総数","総数"
"105-2024","511","01","0","00000","2024000000","人","***","従業者数_うち常用雇用者","繊維品卸売業（衣服、身の回り品を除く）","0人","総数"
"105-2024","511","02","0","00000","2024000000","人","3422","従業者数_うち常用雇用者","繊維品卸売業（衣服、身の回り品を除く）","1～4人","総数"
"105-2024","511","03","0","00000","2024000000","人","3175","従業者数_うち常用雇用者","繊維品卸売業（衣服、身の回り品を除く）","5～9人","総数"
"105-2024","511","04","0","00000","2024000000","人","3540","従業者数_うち常用雇用者","繊維品卸売業（衣服、身の回り品を除く）","10～19人","総数"
"105-2024","511","05","0","00000","2024000000","人","1836","従業者数_うち常用雇用者","繊維品卸売業（衣服、身の回り品を除く）","20～29人","総数"
"105-2024","511","06","0","00000","2024000000","人","2147","従業者数_うち常用雇用者","繊維品卸売業（衣服、身の回り品を除く）","30～49人","総数"
"105-2024","511","07","0","00000","2024000000","人","1950","従業者数_うち常用雇用者","繊維品卸売業（衣服、身の回り品を除く）","50～99人","総数"
"105-2024","511","08","0","00000","2024000000","人","1899","従業者数_うち常用雇用者","繊維品卸売業（衣服、身の回り品を除く）","100～199人","総数"
"105-2024","511","09","0","00000","2024000000","人","935","従業者数_うち常用雇用者","繊維品卸売業（衣服、身の回り品を除く）","200～299人","総数"
"105-2024","511","10","0","00000","2024000000","人","4453","従業者数_うち常用雇用者","繊維品卸売業（衣服、身の回り品を除く）","300人以上","総数"
"105-2024","512","00","0","00000","2024000000","人","71435","従業者数_うち常用雇用者","衣服卸売業","総数","総数"
"105-2024","512","01","0","00000","2024000000","人","***","従業者数_うち常用雇用者","衣服卸売業","0人","総数"
"105-2024","512","02","0","00000","2024000000","人","7485","従業者数_うち常用雇用者","衣服卸売業","1～4人","総数"
"105-2024","512","03","0","00000","2024000000","人","7963","従業者数_うち常用雇用者","衣服卸売業","5～9人","総数"
"105-2024","512","04","0","00000","2024000000","人","8724","従業者数_うち常用雇用者","衣服卸売業","10～19人","総数"
"105-2024","512","05","0","00000","2024000000","人","6028","従業者数_うち常用雇用者","衣服卸売業","20～29人","総数"
"105-2024","512","06","0","00000","2024000000","人","7247","従業者数_うち常用雇用者","衣服卸売業","30～49人","総数"
"105-2024","512","07","0","00000","2024000000","人","8213","従業者数_うち常用雇用者","衣服卸売業","50～99人","総数"
"105-2024","512","08","0","00000","2024000000","人","7123","従業者数_うち常用雇用者","衣服卸売業","100～199人","総数"
"105-2024","512","09","0","00000","2024000000","人","3884","従業者数_うち常用雇用者","衣服卸売業","200～299人","総数"
"105-2024","512","10","0","00000","2024000000","人","14768","従業者数_うち常用雇用者","衣服卸売業","300人以上","総数"
"105-2024","513","00","0","00000","2024000000","人","56773","従業者数_うち常用雇用者","身の回り品卸売業","総数","総数"
"105-2024","513","01","0","00000","2024000000","人","***","従業者数_うち常用雇用者","身の回り品卸売業","0人","総数"
"105-2024","513","02","0","00000","2024000000","人","6913","従業者数_うち常用雇用者","身の回り品卸売業","1～4人","総数"
"105-2024","513","03","0","00000","2024000000","人","7185","従業者数_うち常用雇用者","身の回り品卸売業","5～9人","総数"
"105-2024","513","04","0","00000","2024000000","人","9451","従業者数_うち常用雇用者","身の回り品卸売業","10～19人","総数"
"105-2024","513","05","0","00000","2024000000","人","5847","従業者数_うち常用雇用者","身の回り品卸売業","20～29人","総数"
"105-2024","513","06","0","00000","2024000000","人","7399","従業者数_うち常用雇用者","身の回り品卸売業","30～49人","総数"
"105-2024","513","07","0","00000","2024000000","人","6816","従業者数_うち常用雇用者","身の回り品卸売業","50～99人","総数"
"105-2024","513","08","0","00000","2024000000","人","6980","従業者数_うち常用雇用者","身の回り品卸売業","100～199人","総数"
"105-2024","513","09","0","00000","2024000000","人","2407","従業者数_うち常用雇用者","身の回り品卸売業","200～299人","総数"
"105-2024","513","10","0","00000","2024000000","人","3775","従業者数_うち常用雇用者","身の回り品卸売業","300人以上","総数"
"105-2024","52","00","0","00000","2024000000","人","606564","従業者数_うち常用雇用者","飲食料品卸売業","総数","総数"
"105-2024","52","01","0","00000","2024000000","人","***","従業者数_うち常用雇用者","飲食料品卸売業","0人","総数"
"105-2024","52","02","0","00000","2024000000","人","54423","従業者数_うち常用雇用者","飲食料品卸売業","1～4人","総数"
"105-2024","52","03","0","00000","2024000000","人","72629","従業者数_うち常用雇用者","飲食料品卸売業","5～9人","総数"
"105-2024","52","04","0","00000","2024000000","人","108882","従業者数_うち常用雇用者","飲食料品卸売業","10～19人","総数"
"105-2024","52","05","0","00000","2024000000","人","74447","従業者数_うち常用雇用者","飲食料品卸売業","20～29人","総数"
"105-2024","52","06","0","00000","2024000000","人","84587","従業者数_うち常用雇用者","飲食料品卸売業","30～49人","総数"
"105-2024","52","07","0","00000","2024000000","人","82918","従業者数_うち常用雇用者","飲食料品卸売業","50～99人","総数"
"105-2024","52","08","0","00000","2024000000","人","60499","従業者数_うち常用雇用者","飲食料品卸売業","100～199人","総数"
"105-2024","52","09","0","00000","2024000000","人","23911","従業者数_うち常用雇用者","飲食料品卸売業","200～299人","総数"
"105-2024","52","10","0","00000","2024000000","人","44268","従業者数_うち常用雇用者","飲食料品卸売業","300人以上","総数"
"105-2024","520","00","0","00000","2024000000","人","17148","従業者数_うち常用雇用者","管理、補助的経済活動を行う事業所（52_飲食料品卸売業）","総数","総数"
"105-2024","520","01","0","00000","2024000000","人","***","従業者数_うち常用雇用者","管理、補助的経済活動を行う事業所（52_飲食料品卸売業）","0人","総数"
"105-2024","520","02","0","00000","2024000000","人","1403","従業者数_うち常用雇用者","管理、補助的経済活動を行う事業所（52_飲食料品卸売業）","1～4人","総数"
"105-2024","520","03","0","00000","2024000000","人","1567","従業者数_うち常用雇用者","管理、補助的経済活動を行う事業所（52_飲食料品卸売業）","5～9人","総数"
"105-2024","520","04","0","00000","2024000000","人","2337","従業者数_うち常用雇用者","管理、補助的経済活動を行う事業所（52_飲食料品卸売業）","10～19人","総数"
"105-2024","520","05","0","00000","2024000000","人","1627","従業者数_うち常用雇用者","管理、補助的経済活動を行う事業所（52_飲食料品卸売業）","20～29人","総数"
"105-2024","520","06","0","00000","2024000000","人","2200","従業者数_うち常用雇用者","管理、補助的経済活動を行う事業所（52_飲食料品卸売業）","30～49人","総数"
"105-2024","520","07","0","00000","2024000000","人","2760","従業者数_うち常用雇用者","管理、補助的経済活動を行う事業所（52_飲食料品卸売業）","50～99人","総数"
"105-2024","520","08","0","00000","2024000000","人","2180","従業者数_うち常用雇用者","管理、補助的経済活動を行う事業所（52_飲食料品卸売業）","100～199人","総数"
"105-2024","520","09","0","00000","2024000000","人","1082","従業者数_うち常用雇用者","管理、補助的経済活動を行う事業所（52_飲食料品卸売業）","200～299人","総数"
"105-2024","520","10","0","00000","2024000000","人","1992","従業者数_うち常用雇用者","管理、補助的経済活動を行う事業所（52_飲食料品卸売業）","300人以上","総数"
"105-2024","521","00","0","00000","2024000000","人","249709","従業者数_うち常用雇用者","農畜産物・水産物卸売業","総数","総数"
"105-2024","521","01","0","00000","2024000000","人","***","従業者数_うち常用雇用者","農畜産物・水産物卸売業","0人","総数"
"105-2024","521","02","0","00000","2024000000","人","25393","従業者数_うち常用雇用者","農畜産物・水産物卸売業","1～4人","総数"
"105-2024","521","03","0","00000","2024000000","人","34924","従業者数_うち常用雇用者","農畜産物・水産物卸売業","5～9人","総数"
"105-2024","521","04","0","00000","2024000000","人","49096","従業者数_うち常用雇用者","農畜産物・水産物卸売業","10～19人","総数"
"105-2024","521","05","0","00000","2024000000","人","33935","従業者数_うち常用雇用者","農畜産物・水産物卸売業","20～29人","総数"
"105-2024","521","06","0","00000","2024000000","人","37321","従業者数_うち常用雇用者","農畜産物・水産物卸売業","30～49人","総数"
"105-2024","521","07","0","00000","2024000000","人","34059","従業者数_うち常用雇用者","農畜産物・水産物卸売業","50～99人","総数"
"105-2024","521","08","0","00000","2024000000","人","21736","従業者数_うち常用雇用者","農畜産物・水産物卸売業","100～199人","総数"
"105-2024","521","09","0","00000","2024000000","人","7234","従業者数_うち常用雇用者","農畜産物・水産物卸売業","200～299人","総数"
"105-2024","521","10","0","00000","2024000000","人","6011","従業者数_うち常用雇用者","農畜産物・水産物卸売業","300人以上","総数"
"105-2024","52A","00","0","00000","2024000000","人","22101","従業者数_うち常用雇用者","米穀類卸売業","総数","総数"
"105-2024","52A","01","0","00000","2024000000","人","***","従業者数_うち常用雇用者","米穀類卸売業","0人","総数"
"105-2024","52A","02","0","00000","2024000000","人","3439","従業者数_うち常用雇用者","米穀類卸売業","1～4人","総数"
"105-2024","52A","03","0","00000","2024000000","人","3531","従業者数_うち常用雇用者","米穀類卸売業","5～9人","総数"
"105-2024","52A","04","0","00000","2024000000","人","4115","従業者数_うち常用雇用者","米穀類卸売業","10～19人","総数"
"105-2024","52A","05","0","00000","2024000000","人","2366","従業者数_うち常用雇用者","米穀類卸売業","20～29人","総数"
"105-2024","52A","06","0","00000","2024000000","人","2415","従業者数_うち常用雇用者","米穀類卸売業","30～49人","総数"
"105-2024","52A","07","0","00000","2024000000","人","2981","従業者数_うち常用雇用者","米穀類卸売業","50～99人","総数"
"105-2024","52A","08","0","00000","2024000000","人","1534","従業者数_うち常用雇用者","米穀類卸売業","100～199人","総数"
"105-2024","52A","09","0","00000","2024000000","人","1265","従業者数_うち常用雇用者","米穀類卸売業","200～299人","総数"
"105-2024","52A","10","0","00000","2024000000","人","455","従業者数_うち常用雇用者","米穀類卸売業","300人以上","総数"
"105-2024","52B","00","0","00000","2024000000","人","99391","従業者数_うち常用雇用者","野菜・果実卸売業","総数","総数"
"105-2024","52B","01","0","00000","2024000000","人","***","従業者数_うち常用雇用者","野菜・果実卸売業","0人","総数"
"105-2024","52B","02","0","00000","2024000000","人","7418","従業者数_うち常用雇用者","野菜・果実卸売業","1～4人","総数"
"105-2024","52B","03","0","00000","2024000000","人","10745","従業者数_うち常用雇用者","野菜・果実卸売業","5～9人","総数"
"105-2024","52B","04","0","00000","2024000000","人","16502","従業者数_うち常用雇用者","野菜・果実卸売業","10～19人","総数"
"105-2024","52B","05","0","00000","2024000000","人","13856","従業者数_うち常用雇用者","野菜・果実卸売業","20～29人","総数"
"105-2024","52B","06","0","00000","2024000000","人","16490","従業者数_うち常用雇用者","野菜・果実卸売業","30～49人","総数"
"105-2024","52B","07","0","00000","2024000000","人","16639","従業者数_うち常用雇用者","野菜・果実卸売業","50～99人","総数"
"105-2024","52B","08","0","00000","2024000000","人","10447","従業者数_うち常用雇用者","野菜・果実卸売業","100～199人","総数"
"105-2024","52B","09","0","00000","2024000000","人","3710","従業者数_うち常用雇用者","野菜・果実卸売業","200～299人","総数"
"105-2024","52B","10","0","00000","2024000000","人","3584","従業者数_うち常用雇用者","野菜・果実卸売業","300人以上","総数"
"105-2024","52C","00","0","00000","2024000000","人","50643","従業者数_うち常用雇用者","食肉卸売業","総数","総数"
"105-2024","52C","01","0","00000","2024000000","人","***","従業者数_うち常用雇用者","食肉卸売業","0人","総数"
"105-2024","52C","02","0","00000","2024000000","人","4564","従業者数_うち常用雇用者","食肉卸売業","1～4人","総数"
"105-2024","52C","03","0","00000","2024000000","人","7478","従業者数_うち常用雇用者","食肉卸売業","5～9人","総数"
"105-2024","52C","04","0","00000","2024000000","人","11247","従業者数_うち常用雇用者","食肉卸売業","10～19人","総数"
"105-2024","52C","05","0","00000","2024000000","人","7629","従業者数_うち常用雇用者","食肉卸売業","20～29人","総数"
"105-2024","52C","06","0","00000","2024000000","人","7574","従業者数_うち常用雇用者","食肉卸売業","30～49人","総数"
"105-2024","52C","07","0","00000","2024000000","人","5536","従業者数_うち常用雇用者","食肉卸売業","50～99人","総数"
"105-2024","52C","08","0","00000","2024000000","人","4246","従業者数_うち常用雇用者","食肉卸売業","100～199人","総数"
"105-2024","52C","09","0","00000","2024000000","人","1279","従業者数_うち常用雇用者","食肉卸売業","200～299人","総数"
"105-2024","52C","10","0","00000","2024000000","人","1090","従業者数_うち常用雇用者","食肉卸売業","300人以上","総数"
"105-2024","52D","00","0","00000","2024000000","人","63313","従業者数_うち常用雇用者","生鮮魚介卸売業","総数","総数"
"105-2024","52D","01","0","00000","2024000000","人","***","従業者数_うち常用雇用者","生鮮魚介卸売業","0人","総数"
"105-2024","52D","02","0","00000","2024000000","人","8236","従業者数_うち常用雇用者","生鮮魚介卸売業","1～4人","総数"
"105-2024","52D","03","0","00000","2024000000","人","11134","従業者数_うち常用雇用者","生鮮魚介卸売業","5～9人","総数"
"105-2024","52D","04","0","00000","2024000000","人","14400","従業者数_うち常用雇用者","生鮮魚介卸売業","10～19人","総数"
"105-2024","52D","05","0","00000","2024000000","人","8188","従業者数_うち常用雇用者","生鮮魚介卸売業","20～29人","総数"
"105-2024","52D","06","0","00000","2024000000","人","8451","従業者数_うち常用雇用者","生鮮魚介卸売業","30～49人","総数"
"105-2024","52D","07","0","00000","2024000000","人","7322","従業者数_うち常用雇用者","生鮮魚介卸売業","50～99人","総数"
"105-2024","52D","08","0","00000","2024000000","人","4170","従業者数_うち常用雇用者","生鮮魚介卸売業","100～199人","総数"
"105-2024","52D","09","0","00000","2024000000","人","980","従業者数_うち常用雇用者","生鮮魚介卸売業","200～299人","総数"
"105-2024","52D","10","0","00000","2024000000","人","432","従業者数_うち常用雇用者","生鮮魚介卸売業","300人以上","総数"
"105-2024","52E","00","0","00000","2024000000","人","14261","従業者数_うち常用雇用者","その他の農畜産物・水産物卸売業","総数","総数"
"105-2024","52E","01","0","00000","2024000000","人","***","従業者数_うち常用雇用者","その他の農畜産物・水産物卸売業","0人","総数"
"105-2024","52E","02","0","00000","2024000000","人","1736","従業者数_うち常用雇用者","その他の農畜産物・水産物卸売業","1～4人","総数"
"105-2024","52E","03","0","00000","2024000000","人","2036","従業者数_うち常用雇用者","その他の農畜産物・水産物卸売業","5～9人","総数"
"105-2024","52E","04","0","00000","2024000000","人","2832","従業者数_うち常用雇用者","その他の農畜産物・水産物卸売業","10～19人","総数"
"105-2024","52E","05","0","00000","2024000000","人","1896","従業者数_うち常用雇用者","その他の農畜産物・水産物卸売業","20～29人","総数"
"105-2024","52E","06","0","00000","2024000000","人","2391","従業者数_うち常用雇用者","その他の農畜産物・水産物卸売業","30～49人","総数"
"105-2024","52E","07","0","00000","2024000000","人","1581","従業者数_うち常用雇用者","その他の農畜産物・水産物卸売業","50～99人","総数"
"105-2024","52E","08","0","00000","2024000000","人","1339","従業者数_うち常用雇用者","その他の農畜産物・水産物卸売業","100～199人","総数"
"105-2024","52E","09","0","00000","2024000000","人","***","従業者数_うち常用雇用者","その他の農畜産物・水産物卸売業","200～299人","総数"
"105-2024","52E","10","0","00000","2024000000","人","450","従業者数_うち常用雇用者","その他の農畜産物・水産物卸売業","300人以上","総数"
"105-2024","522","00","0","00000","2024000000","人","339691","従業者数_うち常用雇用者","食料・飲料卸売業","総数","総数"
"105-2024","522","01","0","00000","2024000000","人","***","従業者数_うち常用雇用者","食料・飲料卸売業","0人","総数"
"105-2024","522","02","0","00000","2024000000","人","27621","従業者数_うち常用雇用者","食料・飲料卸売業","1～4人","総数"
"105-2024","522","03","0","00000","2024000000","人","36128","従業者数_うち常用雇用者","食料・飲料卸売業","5～9人","総数"
"105-2024","522","04","0","00000","2024000000","人","57449","従業者数_うち常用雇用者","食料・飲料卸売業","10～19人","総数"
"105-2024","522","05","0","00000","2024000000","人","38885","従業者数_うち常用雇用者","食料・飲料卸売業","20～29人","総数"
"105-2024","522","06","0","00000","2024000000","人","45066","従業者数_うち常用雇用者","食料・飲料卸売業","30～49人","総数"
"105-2024","522","07","0","00000","2024000000","人","46099","従業者数_うち常用雇用者","食料・飲料卸売業","50～99人","総数"
"105-2024","522","08","0","00000","2024000000","人","36583","従業者数_うち常用雇用者","食料・飲料卸売業","100～199人","総数"
"105-2024","522","09","0","00000","2024000000","人","15595","従業者数_うち常用雇用者","食料・飲料卸売業","200～299人","総数"
"105-2024","522","10","0","00000","2024000000","人","36265","従業者数_うち常用雇用者","食料・飲料卸売業","300人以上","総数"
"105-2024","53","00","0","00000","2024000000","人","658566","従業者数_うち常用雇用者","建築材料、鉱物・金属材料等卸売業","総数","総数"
"105-2024","53","01","0","00000","2024000000","人","***","従業者数_うち常用雇用者","建築材料、鉱物・金属材料等卸売業","0人","総数"
"105-2024","53","02","0","00000","2024000000","人","75525","従業者数_うち常用雇用者","建築材料、鉱物・金属材料等卸売業","1～4人","総数"
"105-2024","53","03","0","00000","2024000000","人","109328","従業者数_うち常用雇用者","建築材料、鉱物・金属材料等卸売業","5～9人","総数"
"105-2024","53","04","0","00000","2024000000","人","133263","従業者数_うち常用雇用者","建築材料、鉱物・金属材料等卸売業","10～19人","総数"
"105-2024","53","05","0","00000","2024000000","人","70960","従業者数_うち常用雇用者","建築材料、鉱物・金属材料等卸売業","20～29人","総数"
"105-2024","53","06","0","00000","2024000000","人","75509","従業者数_うち常用雇用者","建築材料、鉱物・金属材料等卸売業","30～49人","総数"
"105-2024","53","07","0","00000","2024000000","人","63306","従業者数_うち常用雇用者","建築材料、鉱物・金属材料等卸売業","50～99人","総数"
"105-2024","53","08","0","00000","2024000000","人","38213","従業者数_うち常用雇用者","建築材料、鉱物・金属材料等卸売業","100～199人","総数"
"105-2024","53","09","0","00000","2024000000","人","24677","従業者数_うち常用雇用者","建築材料、鉱物・金属材料等卸売業","200～299人","総数"
"105-2024","53","10","0","00000","2024000000","人","67785","従業者数_うち常用雇用者","建築材料、鉱物・金属材料等卸売業","300人以上","総数"
"105-2024","530","00","0","00000","2024000000","人","12975","従業者数_うち常用雇用者","管理、補助的経済活動を行う事業所（53_建築材料、鉱物・金属材料等卸売業）","総数","総数"
"105-2024","530","01","0","00000","2024000000","人","***","従業者数_うち常用雇用者","管理、補助的経済活動を行う事業所（53_建築材料、鉱物・金属材料等卸売業）","0人","総数"
"105-2024","530","02","0","00000","2024000000","人","1589","従業者数_うち常用雇用者","管理、補助的経済活動を行う事業所（53_建築材料、鉱物・金属材料等卸売業）","1～4人","総数"
"105-2024","530","03","0","00000","2024000000","人","2075","従業者数_うち常用雇用者","管理、補助的経済活動を行う事業所（53_建築材料、鉱物・金属材料等卸売業）","5～9人","総数"
"105-2024","530","04","0","00000","2024000000","人","2307","従業者数_うち常用雇用者","管理、補助的経済活動を行う事業所（53_建築材料、鉱物・金属材料等卸売業）","10～19人","総数"
"105-2024","530","05","0","00000","2024000000","人","1383","従業者数_うち常用雇用者","管理、補助的経済活動を行う事業所（53_建築材料、鉱物・金属材料等卸売業）","20～29人","総数"
"105-2024","530","06","0","00000","2024000000","人","1734","従業者数_うち常用雇用者","管理、補助的経済活動を行う事業所（53_建築材料、鉱物・金属材料等卸売業）","30～49人","総数"
"105-2024","530","07","0","00000","2024000000","人","1951","従業者数_うち常用雇用者","管理、補助的経済活動を行う事業所（53_建築材料、鉱物・金属材料等卸売業）","50～99人","総数"
"105-2024","530","08","0","00000","2024000000","人","1171","従業者数_うち常用雇用者","管理、補助的経済活動を行う事業所（53_建築材料、鉱物・金属材料等卸売業）","100～199人","総数"
"105-2024","530","09","0","00000","2024000000","人","421","従業者数_うち常用雇用者","管理、補助的経済活動を行う事業所（53_建築材料、鉱物・金属材料等卸売業）","200～299人","総数"
"105-2024","530","10","0","00000","2024000000","人","344","従業者数_うち常用雇用者","管理、補助的経済活動を行う事業所（53_建築材料、鉱物・金属材料等卸売業）","300人以上","総数"
"105-2024","531","00","0","00000","2024000000","人","228703","従業者数_うち常用雇用者","建築材料卸売業","総数","総数"
"105-2024","531","01","0","00000","2024000000","人","***","従業者数_うち常用雇用者","建築材料卸売業","0人","総数"
"105-2024","531","02","0","00000","2024000000","人","32201","従業者数_うち常用雇用者","建築材料卸売業","1～4人","総数"
"105-2024","531","03","0","00000","2024000000","人","44214","従業者数_うち常用雇用者","建築材料卸売業","5～9人","総数"
"105-2024","531","04","0","00000","2024000000","人","51324","従業者数_うち常用雇用者","建築材料卸売業","10～19人","総数"
"105-2024","531","05","0","00000","2024000000","人","25512","従業者数_うち常用雇用者","建築材料卸売業","20～29人","総数"
"105-2024","531","06","0","00000","2024000000","人","26049","従業者数_うち常用雇用者","建築材料卸売業","30～49人","総数"
"105-2024","531","07","0","00000","2024000000","人","21210","従業者数_うち常用雇用者","建築材料卸売業","50～99人","総数"
"105-2024","531","08","0","00000","2024000000","人","8012","従業者数_うち常用雇用者","建築材料卸売業","100～199人","総数"
"105-2024","531","09","0","00000","2024000000","人","5817","従業者数_うち常用雇用者","建築材料卸売業","200～299人","総数"
"105-2024","531","10","0","00000","2024000000","人","14364","従業者数_うち常用雇用者","建築材料卸売業","300人以上","総数"
"105-2024","532","00","0","00000","2024000000","人","164032","従業者数_うち常用雇用者","化学製品卸売業","総数","総数"
"105-2024","532","01","0","00000","2024000000","人","***","従業者数_うち常用雇用者","化学製品卸売業","0人","総数"
"105-2024","532","02","0","00000","2024000000","人","16171","従業者数_うち常用雇用者","化学製品卸売業","1～4人","総数"
"105-2024","532","03","0","00000","2024000000","人","23888","従業者数_うち常用雇用者","化学製品卸売業","5～9人","総数"
"105-2024","532","04","0","00000","2024000000","人","26905","従業者数_うち常用雇用者","化学製品卸売業","10～19人","総数"
"105-2024","532","05","0","00000","2024000000","人","14794","従業者数_うち常用雇用者","化学製品卸売業","20～29人","総数"
"105-2024","532","06","0","00000","2024000000","人","16334","従業者数_うち常用雇用者","化学製品卸売業","30～49人","総数"
"105-2024","532","07","0","00000","2024000000","人","16757","従業者数_うち常用雇用者","化学製品卸売業","50～99人","総数"
"105-2024","532","08","0","00000","2024000000","人","13339","従業者数_うち常用雇用者","化学製品卸売業","100～199人","総数"
"105-2024","532","09","0","00000","2024000000","人","10142","従業者数_うち常用雇用者","化学製品卸売業","200～299人","総数"
"105-2024","532","10","0","00000","2024000000","人","25702","従業者数_うち常用雇用者","化学製品卸売業","300人以上","総数"
"105-2024","533","00","0","00000","2024000000","人","63406","従業者数_うち常用雇用者","石油・鉱物卸売業","総数","総数"
"105-2024","533","01","0","00000","2024000000","人","***","従業者数_うち常用雇用者","石油・鉱物卸売業","0人","総数"
"105-2024","533","02","0","00000","2024000000","人","5358","従業者数_うち常用雇用者","石油・鉱物卸売業","1～4人","総数"
"105-2024","533","03","0","00000","2024000000","人","9135","従業者数_うち常用雇用者","石油・鉱物卸売業","5～9人","総数"
"105-2024","533","04","0","00000","2024000000","人","12172","従業者数_うち常用雇用者","石油・鉱物卸売業","10～19人","総数"
"105-2024","533","05","0","00000","2024000000","人","7000","従業者数_うち常用雇用者","石油・鉱物卸売業","20～29人","総数"
"105-2024","533","06","0","00000","2024000000","人","7971","従業者数_うち常用雇用者","石油・鉱物卸売業","30～49人","総数"
"105-2024","533","07","0","00000","2024000000","人","6321","従業者数_うち常用雇用者","石油・鉱物卸売業","50～99人","総数"
"105-2024","533","08","0","00000","2024000000","人","5147","従業者数_うち常用雇用者","石油・鉱物卸売業","100～199人","総数"
"105-2024","533","09","0","00000","2024000000","人","2582","従業者数_うち常用雇用者","石油・鉱物卸売業","200～299人","総数"
"105-2024","533","10","0","00000","2024000000","人","7720","従業者数_うち常用雇用者","石油・鉱物卸売業","300人以上","総数"
"105-2024","534","00","0","00000","2024000000","人","88792","従業者数_うち常用雇用者","鉄鋼製品卸売業","総数","総数"
"105-2024","534","01","0","00000","2024000000","人","***","従業者数_うち常用雇用者","鉄鋼製品卸売業","0人","総数"
"105-2024","534","02","0","00000","2024000000","人","7301","従業者数_うち常用雇用者","鉄鋼製品卸売業","1～4人","総数"
"105-2024","534","03","0","00000","2024000000","人","11852","従業者数_うち常用雇用者","鉄鋼製品卸売業","5～9人","総数"
"105-2024","534","04","0","00000","2024000000","人","17080","従業者数_うち常用雇用者","鉄鋼製品卸売業","10～19人","総数"
"105-2024","534","05","0","00000","2024000000","人","9942","従業者数_うち常用雇用者","鉄鋼製品卸売業","20～29人","総数"
"105-2024","534","06","0","00000","2024000000","人","9974","従業者数_うち常用雇用者","鉄鋼製品卸売業","30～49人","総数"
"105-2024","534","07","0","00000","2024000000","人","8408","従業者数_うち常用雇用者","鉄鋼製品卸売業","50～99人","総数"
"105-2024","534","08","0","00000","2024000000","人","4190","従業者数_うち常用雇用者","鉄鋼製品卸売業","100～199人","総数"
"105-2024","534","09","0","00000","2024000000","人","3662","従業者数_うち常用雇用者","鉄鋼製品卸売業","200～299人","総数"
"105-2024","534","10","0","00000","2024000000","人","16383","従業者数_うち常用雇用者","鉄鋼製品卸売業","300人以上","総数"
"105-2024","535","00","0","00000","2024000000","人","25857","従業者数_うち常用雇用者","非鉄金属卸売業","総数","総数"
"105-2024","535","01","0","00000","2024000000","人","***","従業者数_うち常用雇用者","非鉄金属卸売業","0人","総数"
"105-2024","535","02","0","00000","2024000000","人","3449","従業者数_うち常用雇用者","非鉄金属卸売業","1～4人","総数"
"105-2024","535","03","0","00000","2024000000","人","4142","従業者数_うち常用雇用者","非鉄金属卸売業","5～9人","総数"
"105-2024","535","04","0","00000","2024000000","人","4139","従業者数_うち常用雇用者","非鉄金属卸売業","10～19人","総数"
"105-2024","535","05","0","00000","2024000000","人","2574","従業者数_うち常用雇用者","非鉄金属卸売業","20～29人","総数"
"105-2024","535","06","0","00000","2024000000","人","2386","従業者数_うち常用雇用者","非鉄金属卸売業","30～49人","総数"
"105-2024","535","07","0","00000","2024000000","人","2123","従業者数_うち常用雇用者","非鉄金属卸売業","50～99人","総数"
"105-2024","535","08","0","00000","2024000000","人","2987","従業者数_うち常用雇用者","非鉄金属卸売業","100～199人","総数"
"105-2024","535","09","0","00000","2024000000","人","1146","従業者数_うち常用雇用者","非鉄金属卸売業","200～299人","総数"
"105-2024","535","10","0","00000","2024000000","人","2911","従業者数_うち常用雇用者","非鉄金属卸売業","300人以上","総数"
"105-2024","536","00","0","00000","2024000000","人","74792","従業者数_うち常用雇用者","再生資源卸売業","総数","総数"
"105-2024","536","01","0","00000","2024000000","人","***","従業者数_うち常用雇用者","再生資源卸売業","0人","総数"
"105-2024","536","02","0","00000","2024000000","人","9456","従業者数_うち常用雇用者","再生資源卸売業","1～4人","総数"
"105-2024","536","03","0","00000","2024000000","人","14013","従業者数_うち常用雇用者","再生資源卸売業","5～9人","総数"
"105-2024","536","04","0","00000","2024000000","人","19336","従業者数_うち常用雇用者","再生資源卸売業","10～19人","総数"
"105-2024","536","05","0","00000","2024000000","人","9755","従業者数_うち常用雇用者","再生資源卸売業","20～29人","総数"
"105-2024","536","06","0","00000","2024000000","人","11061","従業者数_うち常用雇用者","再生資源卸売業","30～49人","総数"
"105-2024","536","07","0","00000","2024000000","人","6536","従業者数_うち常用雇用者","再生資源卸売業","50～99人","総数"
"105-2024","536","08","0","00000","2024000000","人","3367","従業者数_うち常用雇用者","再生資源卸売業","100～199人","総数"
"105-2024","536","09","0","00000","2024000000","人","907","従業者数_うち常用雇用者","再生資源卸売業","200～299人","総数"
"105-2024","536","10","0","00000","2024000000","人","361","従業者数_うち常用雇用者","再生資源卸売業","300人以上","総数"
"105-2024","54","00","0","00000","2024000000","人","1207252","従業者数_うち常用雇用者","機械器具卸売業","総数","総数"
"105-2024","54","01","0","00000","2024000000","人","***","従業者数_うち常用雇用者","機械器具卸売業","0人","総数"
"105-2024","54","02","0","00000","2024000000","人","95202","従業者数_うち常用雇用者","機械器具卸売業","1～4人","総数"
"105-2024","54","03","0","00000","2024000000","人","152335","従業者数_うち常用雇用者","機械器具卸売業","5～9人","総数"
"105-2024","54","04","0","00000","2024000000","人","183404","従業者数_うち常用雇用者","機械器具卸売業","10～19人","総数"
"105-2024","54","05","0","00000","2024000000","人","105336","従業者数_うち常用雇用者","機械器具卸売業","20～29人","総数"
"105-2024","54","06","0","00000","2024000000","人","132992","従業者数_うち常用雇用者","機械器具卸売業","30～49人","総数"
"105-2024","54","07","0","00000","2024000000","人","145925","従業者数_うち常用雇用者","機械器具卸売業","50～99人","総数"
"105-2024","54","08","0","00000","2024000000","人","107526","従業者数_うち常用雇用者","機械器具卸売業","100～199人","総数"
"105-2024","54","09","0","00000","2024000000","人","51481","従業者数_うち常用雇用者","機械器具卸売業","200～299人","総数"
"105-2024","54","10","0","00000","2024000000","人","233051","従業者数_うち常用雇用者","機械器具卸売業","300人以上","総数"
"105-2024","540","00","0","00000","2024000000","人","38960","従業者数_うち常用雇用者","管理、補助的経済活動を行う事業所（54_機械器具卸売業）","総数","総数"
"105-2024","540","01","0","00000","2024000000","人","***","従業者数_うち常用雇用者","管理、補助的経済活動を行う事業所（54_機械器具卸売業）","0人","総数"
"105-2024","540","02","0","00000","2024000000","人","1708","従業者数_うち常用雇用者","管理、補助的経済活動を行う事業所（54_機械器具卸売業）","1～4人","総数"
"105-2024","540","03","0","00000","2024000000","人","2705","従業者数_うち常用雇用者","管理、補助的経済活動を行う事業所（54_機械器具卸売業）","5～9人","総数"
"105-2024","540","04","0","00000","2024000000","人","3856","従業者数_うち常用雇用者","管理、補助的経済活動を行う事業所（54_機械器具卸売業）","10～19人","総数"
"105-2024","540","05","0","00000","2024000000","人","2761","従業者数_うち常用雇用者","管理、補助的経済活動を行う事業所（54_機械器具卸売業）","20～29人","総数"
"105-2024","540","06","0","00000","2024000000","人","4373","従業者数_うち常用雇用者","管理、補助的経済活動を行う事業所（54_機械器具卸売業）","30～49人","総数"
"105-2024","540","07","0","00000","2024000000","人","6529","従業者数_うち常用雇用者","管理、補助的経済活動を行う事業所（54_機械器具卸売業）","50～99人","総数"
"105-2024","540","08","0","00000","2024000000","人","4802","従業者数_うち常用雇用者","管理、補助的経済活動を行う事業所（54_機械器具卸売業）","100～199人","総数"
"105-2024","540","09","0","00000","2024000000","人","4615","従業者数_うち常用雇用者","管理、補助的経済活動を行う事業所（54_機械器具卸売業）","200～299人","総数"
"105-2024","540","10","0","00000","2024000000","人","7611","従業者数_うち常用雇用者","管理、補助的経済活動を行う事業所（54_機械器具卸売業）","300人以上","総数"
"105-2024","541","00","0","00000","2024000000","人","389407","従業者数_うち常用雇用者","産業機械器具卸売業","総数","総数"
"105-2024","541","01","0","00000","2024000000","人","***","従業者数_うち常用雇用者","産業機械器具卸売業","0人","総数"
"105-2024","541","02","0","00000","2024000000","人","41069","従業者数_うち常用雇用者","産業機械器具卸売業","1～4人","総数"
"105-2024","541","03","0","00000","2024000000","人","63098","従業者数_うち常用雇用者","産業機械器具卸売業","5～9人","総数"
"105-2024","541","04","0","00000","2024000000","人","70434","従業者数_うち常用雇用者","産業機械器具卸売業","10～19人","総数"
"105-2024","541","05","0","00000","2024000000","人","36864","従業者数_うち常用雇用者","産業機械器具卸売業","20～29人","総数"
"105-2024","541","06","0","00000","2024000000","人","40089","従業者数_うち常用雇用者","産業機械器具卸売業","30～49人","総数"
"105-2024","541","07","0","00000","2024000000","人","43091","従業者数_うち常用雇用者","産業機械器具卸売業","50～99人","総数"
"105-2024","541","08","0","00000","2024000000","人","32321","従業者数_うち常用雇用者","産業機械器具卸売業","100～199人","総数"
"105-2024","541","09","0","00000","2024000000","人","14479","従業者数_うち常用雇用者","産業機械器具卸売業","200～299人","総数"
"105-2024","541","10","0","00000","2024000000","人","47962","従業者数_うち常用雇用者","産業機械器具卸売業","300人以上","総数"
"105-2024","542","00","0","00000","2024000000","人","191726","従業者数_うち常用雇用者","自動車卸売業","総数","総数"
"105-2024","542","01","0","00000","2024000000","人","***","従業者数_うち常用雇用者","自動車卸売業","0人","総数"
"105-2024","542","02","0","00000","2024000000","人","15266","従業者数_うち常用雇用者","自動車卸売業","1～4人","総数"
"105-2024","542","03","0","00000","2024000000","人","26300","従業者数_うち常用雇用者","自動車卸売業","5～9人","総数"
"105-2024","542","04","0","00000","2024000000","人","30029","従業者数_うち常用雇用者","自動車卸売業","10～19人","総数"
"105-2024","542","05","0","00000","2024000000","人","18548","従業者数_うち常用雇用者","自動車卸売業","20～29人","総数"
"105-2024","542","06","0","00000","2024000000","人","29370","従業者数_うち常用雇用者","自動車卸売業","30～49人","総数"
"105-2024","542","07","0","00000","2024000000","人","24869","従業者数_うち常用雇用者","自動車卸売業","50～99人","総数"
"105-2024","542","08","0","00000","2024000000","人","12731","従業者数_うち常用雇用者","自動車卸売業","100～199人","総数"
"105-2024","542","09","0","00000","2024000000","人","4415","従業者数_うち常用雇用者","自動車卸売業","200～299人","総数"
"105-2024","542","10","0","00000","2024000000","人","30198","従業者数_うち常用雇用者","自動車卸売業","300人以上","総数"
"105-2024","543","00","0","00000","2024000000","人","405967","従業者数_うち常用雇用者","電気機械器具卸売業","総数","総数"
"105-2024","543","01","0","00000","2024000000","人","***","従業者数_うち常用雇用者","電気機械器具卸売業","0人","総数"
"105-2024","543","02","0","00000","2024000000","人","23709","従業者数_うち常用雇用者","電気機械器具卸売業","1～4人","総数"
"105-2024","543","03","0","00000","2024000000","人","38480","従業者数_うち常用雇用者","電気機械器具卸売業","5～9人","総数"
"105-2024","543","04","0","00000","2024000000","人","50672","従業者数_うち常用雇用者","電気機械器具卸売業","10～19人","総数"
"105-2024","543","05","0","00000","2024000000","人","28483","従業者数_うち常用雇用者","電気機械器具卸売業","20～29人","総数"
"105-2024","543","06","0","00000","2024000000","人","36519","従業者数_うち常用雇用者","電気機械器具卸売業","30～49人","総数"
"105-2024","543","07","0","00000","2024000000","人","46744","従業者数_うち常用雇用者","電気機械器具卸売業","50～99人","総数"
"105-2024","543","08","0","00000","2024000000","人","38241","従業者数_うち常用雇用者","電気機械器具卸売業","100～199人","総数"
"105-2024","543","09","0","00000","2024000000","人","21837","従業者数_うち常用雇用者","電気機械器具卸売業","200～299人","総数"
"105-2024","543","10","0","00000","2024000000","人","121282","従業者数_うち常用雇用者","電気機械器具卸売業","300人以上","総数"
"105-2024","549","00","0","00000","2024000000","人","181191","従業者数_うち常用雇用者","その他の機械器具卸売業","総数","総数"
"105-2024","549","01","0","00000","2024000000","人","***","従業者数_うち常用雇用者","その他の機械器具卸売業","0人","総数"
"105-2024","549","02","0","00000","2024000000","人","13449","従業者数_うち常用雇用者","その他の機械器具卸売業","1～4人","総数"
"105-2024","549","03","0","00000","2024000000","人","21752","従業者数_うち常用雇用者","その他の機械器具卸売業","5～9人","総数"
"105-2024","549","04","0","00000","2024000000","人","28413","従業者数_うち常用雇用者","その他の機械器具卸売業","10～19人","総数"
"105-2024","549","05","0","00000","2024000000","人","18680","従業者数_うち常用雇用者","その他の機械器具卸売業","20～29人","総数"
"105-2024","549","06","0","00000","2024000000","人","22641","従業者数_うち常用雇用者","その他の機械器具卸売業","30～49人","総数"
"105-2024","549","07","0","00000","2024000000","人","24692","従業者数_うち常用雇用者","その他の機械器具卸売業","50～99人","総数"
"105-2024","549","08","0","00000","2024000000","人","19431","従業者数_うち常用雇用者","その他の機械器具卸売業","100～199人","総数"
"105-2024","549","09","0","00000","2024000000","人","6135","従業者数_うち常用雇用者","その他の機械器具卸売業","200～299人","総数"
"105-2024","549","10","0","00000","2024000000","人","25998","従業者数_うち常用雇用者","その他の機械器具卸売業","300人以上","総数"
"105-2024","55","00","0","00000","2024000000","人","807126","従業者数_うち常用雇用者","その他の卸売業","総数","総数"
"105-2024","55","01","0","00000","2024000000","人","***","従業者数_うち常用雇用者","その他の卸売業","0人","総数"
"105-2024","55","02","0","00000","2024000000","人","79062","従業者数_うち常用雇用者","その他の卸売業","1～4人","総数"
"105-2024","55","03","0","00000","2024000000","人","96369","従業者数_うち常用雇用者","その他の卸売業","5～9人","総数"
"105-2024","55","04","0","00000","2024000000","人","124824","従業者数_うち常用雇用者","その他の卸売業","10～19人","総数"
"105-2024","55","05","0","00000","2024000000","人","76496","従業者数_うち常用雇用者","その他の卸売業","20～29人","総数"
"105-2024","55","06","0","00000","2024000000","人","91902","従業者数_うち常用雇用者","その他の卸売業","30～49人","総数"
"105-2024","55","07","0","00000","2024000000","人","96710","従業者数_うち常用雇用者","その他の卸売業","50～99人","総数"
"105-2024","55","08","0","00000","2024000000","人","77643","従業者数_うち常用雇用者","その他の卸売業","100～199人","総数"
"105-2024","55","09","0","00000","2024000000","人","35108","従業者数_うち常用雇用者","その他の卸売業","200～299人","総数"
"105-2024","55","10","0","00000","2024000000","人","129012","従業者数_うち常用雇用者","その他の卸売業","300人以上","総数"
"105-2024","550","00","0","00000","2024000000","人","48052","従業者数_うち常用雇用者","管理、補助的経済活動を行う事業所（55_その他の卸売業）","総数","総数"
"105-2024","550","01","0","00000","2024000000","人","***","従業者数_うち常用雇用者","管理、補助的経済活動を行う事業所（55_その他の卸売業）","0人","総数"
"105-2024","550","02","0","00000","2024000000","人","1322","従業者数_うち常用雇用者","管理、補助的経済活動を行う事業所（55_その他の卸売業）","1～4人","総数"
"105-2024","550","03","0","00000","2024000000","人","2067","従業者数_うち常用雇用者","管理、補助的経済活動を行う事業所（55_その他の卸売業）","5～9人","総数"
"105-2024","550","04","0","00000","2024000000","人","3568","従業者数_うち常用雇用者","管理、補助的経済活動を行う事業所（55_その他の卸売業）","10～19人","総数"
"105-2024","550","05","0","00000","2024000000","人","2269","従業者数_うち常用雇用者","管理、補助的経済活動を行う事業所（55_その他の卸売業）","20～29人","総数"
"105-2024","550","06","0","00000","2024000000","人","4290","従業者数_うち常用雇用者","管理、補助的経済活動を行う事業所（55_その他の卸売業）","30～49人","総数"
"105-2024","550","07","0","00000","2024000000","人","6735","従業者数_うち常用雇用者","管理、補助的経済活動を行う事業所（55_その他の卸売業）","50～99人","総数"
"105-2024","550","08","0","00000","2024000000","人","8240","従業者数_うち常用雇用者","管理、補助的経済活動を行う事業所（55_その他の卸売業）","100～199人","総数"
"105-2024","550","09","0","00000","2024000000","人","4605","従業者数_うち常用雇用者","管理、補助的経済活動を行う事業所（55_その他の卸売業）","200～299人","総数"
"105-2024","550","10","0","00000","2024000000","人","14956","従業者数_うち常用雇用者","管理、補助的経済活動を行う事業所（55_その他の卸売業）","300人以上","総数"
"105-2024","551","00","0","00000","2024000000","人","100317","従業者数_うち常用雇用者","家具・建具・じゅう器等卸売業","総数","総数"
"105-2024","551","01","0","00000","2024000000","人","***","従業者数_うち常用雇用者","家具・建具・じゅう器等卸売業","0人","総数"
"105-2024","551","02","0","00000","2024000000","人","11025","従業者数_うち常用雇用者","家具・建具・じゅう器等卸売業","1～4人","総数"
"105-2024","551","03","0","00000","2024000000","人","15457","従業者数_うち常用雇用者","家具・建具・じゅう器等卸売業","5～9人","総数"
"105-2024","551","04","0","00000","2024000000","人","17527","従業者数_うち常用雇用者","家具・建具・じゅう器等卸売業","10～19人","総数"
"105-2024","551","05","0","00000","2024000000","人","10308","従業者数_うち常用雇用者","家具・建具・じゅう器等卸売業","20～29人","総数"
"105-2024","551","06","0","00000","2024000000","人","13251","従業者数_うち常用雇用者","家具・建具・じゅう器等卸売業","30～49人","総数"
"105-2024","551","07","0","00000","2024000000","人","12202","従業者数_うち常用雇用者","家具・建具・じゅう器等卸売業","50～99人","総数"
"105-2024","551","08","0","00000","2024000000","人","9095","従業者数_うち常用雇用者","家具・建具・じゅう器等卸売業","100～199人","総数"
"105-2024","551","09","0","00000","2024000000","人","4220","従業者数_うち常用雇用者","家具・建具・じゅう器等卸売業","200～299人","総数"
"105-2024","551","10","0","00000","2024000000","人","7232","従業者数_うち常用雇用者","家具・建具・じゅう器等卸売業","300人以上","総数"
"105-2024","552","00","0","00000","2024000000","人","255196","従業者数_うち常用雇用者","医薬品・化粧品等卸売業","総数","総数"
"105-2024","552","01","0","00000","2024000000","人","***","従業者数_うち常用雇用者","医薬品・化粧品等卸売業","0人","総数"
"105-2024","552","02","0","00000","2024000000","人","11926","従業者数_うち常用雇用者","医薬品・化粧品等卸売業","1～4人","総数"
"105-2024","552","03","0","00000","2024000000","人","18345","従業者数_うち常用雇用者","医薬品・化粧品等卸売業","5～9人","総数"
"105-2024","552","04","0","00000","2024000000","人","32152","従業者数_うち常用雇用者","医薬品・化粧品等卸売業","10～19人","総数"
"105-2024","552","05","0","00000","2024000000","人","22358","従業者数_うち常用雇用者","医薬品・化粧品等卸売業","20～29人","総数"
"105-2024","552","06","0","00000","2024000000","人","27787","従業者数_うち常用雇用者","医薬品・化粧品等卸売業","30～49人","総数"
"105-2024","552","07","0","00000","2024000000","人","29191","従業者数_うち常用雇用者","医薬品・化粧品等卸売業","50～99人","総数"
"105-2024","552","08","0","00000","2024000000","人","27662","従業者数_うち常用雇用者","医薬品・化粧品等卸売業","100～199人","総数"
"105-2024","552","09","0","00000","2024000000","人","12505","従業者数_うち常用雇用者","医薬品・化粧品等卸売業","200～299人","総数"
"105-2024","552","10","0","00000","2024000000","人","73270","従業者数_うち常用雇用者","医薬品・化粧品等卸売業","300人以上","総数"
"105-2024","553","00","0","00000","2024000000","人","54368","従業者数_うち常用雇用者","紙・紙製品卸売業","総数","総数"
"105-2024","553","01","0","00000","2024000000","人","***","従業者数_うち常用雇用者","紙・紙製品卸売業","0人","総数"
"105-2024","553","02","0","00000","2024000000","人","5654","従業者数_うち常用雇用者","紙・紙製品卸売業","1～4人","総数"
"105-2024","553","03","0","00000","2024000000","人","6749","従業者数_うち常用雇用者","紙・紙製品卸売業","5～9人","総数"
"105-2024","553","04","0","00000","2024000000","人","9149","従業者数_うち常用雇用者","紙・紙製品卸売業","10～19人","総数"
"105-2024","553","05","0","00000","2024000000","人","5756","従業者数_うち常用雇用者","紙・紙製品卸売業","20～29人","総数"
"105-2024","553","06","0","00000","2024000000","人","6175","従業者数_うち常用雇用者","紙・紙製品卸売業","30～49人","総数"
"105-2024","553","07","0","00000","2024000000","人","6708","従業者数_うち常用雇用者","紙・紙製品卸売業","50～99人","総数"
"105-2024","553","08","0","00000","2024000000","人","5725","従業者数_うち常用雇用者","紙・紙製品卸売業","100～199人","総数"
"105-2024","553","09","0","00000","2024000000","人","1770","従業者数_うち常用雇用者","紙・紙製品卸売業","200～299人","総数"
"105-2024","553","10","0","00000","2024000000","人","6682","従業者数_うち常用雇用者","紙・紙製品卸売業","300人以上","総数"
"105-2024","559","00","0","00000","2024000000","人","349185","従業者数_うち常用雇用者","他に分類されない卸売業","総数","総数"
"105-2024","559","01","0","00000","2024000000","人","***","従業者数_うち常用雇用者","他に分類されない卸売業","0人","総数"
"105-2024","559","02","0","00000","2024000000","人","49127","従業者数_うち常用雇用者","他に分類されない卸売業","1～4人","総数"
"105-2024","559","03","0","00000","2024000000","人","53751","従業者数_うち常用雇用者","他に分類されない卸売業","5～9人","総数"
"105-2024","559","04","0","00000","2024000000","人","62428","従業者数_うち常用雇用者","他に分類されない卸売業","10～19人","総数"
"105-2024","559","05","0","00000","2024000000","人","35805","従業者数_うち常用雇用者","他に分類されない卸売業","20～29人","総数"
"105-2024","559","06","0","00000","2024000000","人","40399","従業者数_うち常用雇用者","他に分類されない卸売業","30～49人","総数"
"105-2024","559","07","0","00000","2024000000","人","41874","従業者数_うち常用雇用者","他に分類されない卸売業","50～99人","総数"
"105-2024","559","08","0","00000","2024000000","人","26921","従業者数_うち常用雇用者","他に分類されない卸売業","100～199人","総数"
"105-2024","559","09","0","00000","2024000000","人","12008","従業者数_うち常用雇用者","他に分類されない卸売業","200～299人","総数"
"105-2024","559","10","0","00000","2024000000","人","26872","従業者数_うち常用雇用者","他に分類されない卸売業","300人以上","総数"
"105-2024","55A","00","0","00000","2024000000","人","12819","従業者数_うち常用雇用者","代理商、仲立業","総数","総数"
"105-2024","55A","01","0","00000","2024000000","人","***","従業者数_うち常用雇用者","代理商、仲立業","0人","総数"
"105-2024","55A","02","0","00000","2024000000","人","2564","従業者数_うち常用雇用者","代理商、仲立業","1～4人","総数"
"105-2024","55A","03","0","00000","2024000000","人","1859","従業者数_うち常用雇用者","代理商、仲立業","5～9人","総数"
"105-2024","55A","04","0","00000","2024000000","人","2247","従業者数_うち常用雇用者","代理商、仲立業","10～19人","総数"
"105-2024","55A","05","0","00000","2024000000","人","1511","従業者数_うち常用雇用者","代理商、仲立業","20～29人","総数"
"105-2024","55A","06","0","00000","2024000000","人","1718","従業者数_うち常用雇用者","代理商、仲立業","30～49人","総数"
"105-2024","55A","07","0","00000","2024000000","人","1265","従業者数_うち常用雇用者","代理商、仲立業","50～99人","総数"
"105-2024","55A","08","0","00000","2024000000","人","1655","従業者数_うち常用雇用者","代理商、仲立業","100～199人","総数"
"105-2024","55A","09","0","00000","2024000000","人","***","従業者数_うち常用雇用者","代理商、仲立業","200～299人","総数"
"105-2024","55A","10","0","00000","2024000000","人","***","従業者数_うち常用雇用者","代理商、仲立業","300人以上","総数"
"105-2024","55B","00","0","00000","2024000000","人","336366","従業者数_うち常用雇用者","他に分類されないその他の卸売業","総数","総数"
"105-2024","55B","01","0","00000","2024000000","人","***","従業者数_うち常用雇用者","他に分類されないその他の卸売業","0人","総数"
"105-2024","55B","02","0","00000","2024000000","人","46563","従業者数_うち常用雇用者","他に分類されないその他の卸売業","1～4人","総数"
"105-2024","55B","03","0","00000","2024000000","人","51892","従業者数_うち常用雇用者","他に分類されないその他の卸売業","5～9人","総数"
"105-2024","55B","04","0","00000","2024000000","人","60181","従業者数_うち常用雇用者","他に分類されないその他の卸売業","10～19人","総数"
"105-2024","55B","05","0","00000","2024000000","人","34294","従業者数_うち常用雇用者","他に分類されないその他の卸売業","20～29人","総数"
"105-2024","55B","06","0","00000","2024000000","人","38681","従業者数_うち常用雇用者","他に分類されないその他の卸売業","30～49人","総数"
"105-2024","55B","07","0","00000","2024000000","人","40609","従業者数_うち常用雇用者","他に分類されないその他の卸売業","50～99人","総数"
"105-2024","55B","08","0","00000","2024000000","人","25266","従業者数_うち常用雇用者","他に分類されないその他の卸売業","100～199人","総数"
"105-2024","55B","09","0","00000","2024000000","人","12008","従業者数_うち常用雇用者","他に分類されないその他の卸売業","200～299人","総数"
"105-2024","55B","10","0","00000","2024000000","人","26872","従業者数_うち常用雇用者","他に分類されないその他の卸売業","300人以上","総数"
"105-2024","I2","00","0","00000","2024000000","人","6418024","従業者数_うち常用雇用者","小売業","総数","総数"
"105-2024","I2","01","0","00000","2024000000","人","***","従業者数_うち常用雇用者","小売業","0人","総数"
"105-2024","I2","02","0","00000","2024000000","人","655149","従業者数_うち常用雇用者","小売業","1～4人","総数"
"105-2024","I2","03","0","00000","2024000000","人","906136","従業者数_うち常用雇用者","小売業","5～9人","総数"
"105-2024","I2","04","0","00000","2024000000","人","1412810","従業者数_うち常用雇用者","小売業","10～19人","総数"
"105-2024","I2","05","0","00000","2024000000","人","828906","従業者数_うち常用雇用者","小売業","20～29人","総数"
"105-2024","I2","06","0","00000","2024000000","人","740162","従業者数_うち常用雇用者","小売業","30～49人","総数"
"105-2024","I2","07","0","00000","2024000000","人","818558","従業者数_うち常用雇用者","小売業","50～99人","総数"
"105-2024","I2","08","0","00000","2024000000","人","605161","従業者数_うち常用雇用者","小売業","100～199人","総数"
"105-2024","I2","09","0","00000","2024000000","人","176174","従業者数_うち常用雇用者","小売業","200～299人","総数"
"105-2024","I2","10","0","00000","2024000000","人","274968","従業者数_うち常用雇用者","小売業","300人以上","総数"
"105-2024","56","00","0","00000","2024000000","人","1727012","従業者数_うち常用雇用者","各種商品小売業","総数","総数"
"105-2024","56","01","0","00000","2024000000","人","***","従業者数_うち常用雇用者","各種商品小売業","0人","総数"
"105-2024","56","02","0","00000","2024000000","人","18860","従業者数_うち常用雇用者","各種商品小売業","1～4人","総数"
"105-2024","56","03","0","00000","2024000000","人","97252","従業者数_うち常用雇用者","各種商品小売業","5～9人","総数"
"105-2024","56","04","0","00000","2024000000","人","518128","従業者数_うち常用雇用者","各種商品小売業","10～19人","総数"
"105-2024","56","05","0","00000","2024000000","人","337526","従業者数_うち常用雇用者","各種商品小売業","20～29人","総数"
"105-2024","56","06","0","00000","2024000000","人","217272","従業者数_うち常用雇用者","各種商品小売業","30～49人","総数"
"105-2024","56","07","0","00000","2024000000","人","131724","従業者数_うち常用雇用者","各種商品小売業","50～99人","総数"
"105-2024","56","08","0","00000","2024000000","人","138171","従業者数_うち常用雇用者","各種商品小売業","100～199人","総数"
"105-2024","56","09","0","00000","2024000000","人","93322","従業者数_うち常用雇用者","各種商品小売業","200～299人","総数"
"105-2024","56","10","0","00000","2024000000","人","174757","従業者数_うち常用雇用者","各種商品小売業","300人以上","総数"
"105-2024","560","00","0","00000","2024000000","人","51935","従業者数_うち常用雇用者","管理、補助的経済活動を行う事業所（56_各種商品小売業）","総数","総数"
"105-2024","560","01","0","00000","2024000000","人","***","従業者数_うち常用雇用者","管理、補助的経済活動を行う事業所（56_各種商品小売業）","0人","総数"
"105-2024","560","02","0","00000","2024000000","人","731","従業者数_うち常用雇用者","管理、補助的経済活動を行う事業所（56_各種商品小売業）","1～4人","総数"
"105-2024","560","03","0","00000","2024000000","人","529","従業者数_うち常用雇用者","管理、補助的経済活動を行う事業所（56_各種商品小売業）","5～9人","総数"
"105-2024","560","04","0","00000","2024000000","人","1022","従業者数_うち常用雇用者","管理、補助的経済活動を行う事業所（56_各種商品小売業）","10～19人","総数"
"105-2024","560","05","0","00000","2024000000","人","941","従業者数_うち常用雇用者","管理、補助的経済活動を行う事業所（56_各種商品小売業）","20～29人","総数"
"105-2024","560","06","0","00000","2024000000","人","1589","従業者数_うち常用雇用者","管理、補助的経済活動を行う事業所（56_各種商品小売業）","30～49人","総数"
"105-2024","560","07","0","00000","2024000000","人","3007","従業者数_うち常用雇用者","管理、補助的経済活動を行う事業所（56_各種商品小売業）","50～99人","総数"
"105-2024","560","08","0","00000","2024000000","人","5211","従業者数_うち常用雇用者","管理、補助的経済活動を行う事業所（56_各種商品小売業）","100～199人","総数"
"105-2024","560","09","0","00000","2024000000","人","2738","従業者数_うち常用雇用者","管理、補助的経済活動を行う事業所（56_各種商品小売業）","200～299人","総数"
"105-2024","560","10","0","00000","2024000000","人","36167","従業者数_うち常用雇用者","管理、補助的経済活動を行う事業所（56_各種商品小売業）","300人以上","総数"
"105-2024","561","00","0","00000","2024000000","人","48739","従業者数_うち常用雇用者","百貨店","総数","総数"
"105-2024","561","01","0","00000","2024000000","人","***","従業者数_うち常用雇用者","百貨店","0人","総数"
"105-2024","561","02","0","00000","2024000000","人","***","従業者数_うち常用雇用者","百貨店","1～4人","総数"
"105-2024","561","03","0","00000","2024000000","人","***","従業者数_うち常用雇用者","百貨店","5～9人","総数"
"105-2024","561","04","0","00000","2024000000","人","***","従業者数_うち常用雇用者","百貨店","10～19人","総数"
"105-2024","561","05","0","00000","2024000000","人","***","従業者数_うち常用雇用者","百貨店","20～29人","総数"
"105-2024","561","06","0","00000","2024000000","人","***","従業者数_うち常用雇用者","百貨店","30～49人","総数"
"105-2024","561","07","0","00000","2024000000","人","3388","従業者数_うち常用雇用者","百貨店","50～99人","総数"
"105-2024","561","08","0","00000","2024000000","人","7031","従業者数_うち常用雇用者","百貨店","100～199人","総数"
"105-2024","561","09","0","00000","2024000000","人","8016","従業者数_うち常用雇用者","百貨店","200～299人","総数"
"105-2024","561","10","0","00000","2024000000","人","30304","従業者数_うち常用雇用者","百貨店","300人以上","総数"
"105-2024","562","00","0","00000","2024000000","人","315991","従業者数_うち常用雇用者","総合スーパーマーケット","総数","総数"
"105-2024","562","01","0","00000","2024000000","人","***","従業者数_うち常用雇用者","総合スーパーマーケット","0人","総数"
"105-2024","562","02","0","00000","2024000000","人","***","従業者数_うち常用雇用者","総合スーパーマーケット","1～4人","総数"
"105-2024","562","03","0","00000","2024000000","人","***","従業者数_うち常用雇用者","総合スーパーマーケット","5～9人","総数"
"105-2024","562","04","0","00000","2024000000","人","***","従業者数_うち常用雇用者","総合スーパーマーケット","10～19人","総数"
"105-2024","562","05","0","00000","2024000000","人","***","従業者数_うち常用雇用者","総合スーパーマーケット","20～29人","総数"
"105-2024","562","06","0","00000","2024000000","人","***","従業者数_うち常用雇用者","総合スーパーマーケット","30～49人","総数"
"105-2024","562","07","0","00000","2024000000","人","46044","従業者数_うち常用雇用者","総合スーパーマーケット","50～99人","総数"
"105-2024","562","08","0","00000","2024000000","人","93668","従業者数_うち常用雇用者","総合スーパーマーケット","100～199人","総数"
"105-2024","562","09","0","00000","2024000000","人","73859","従業者数_うち常用雇用者","総合スーパーマーケット","200～299人","総数"
"105-2024","562","10","0","00000","2024000000","人","102420","従業者数_うち常用雇用者","総合スーパーマーケット","300人以上","総数"
"105-2024","563","00","0","00000","2024000000","人","673717","従業者数_うち常用雇用者","コンビニエンスストア","総数","総数"
"105-2024","563","01","0","00000","2024000000","人","***","従業者数_うち常用雇用者","コンビニエンスストア","0人","総数"
"105-2024","563","02","0","00000","2024000000","人","11813","従業者数_うち常用雇用者","コンビニエンスストア","1～4人","総数"
"105-2024","563","03","0","00000","2024000000","人","53690","従業者数_うち常用雇用者","コンビニエンスストア","5～9人","総数"
"105-2024","563","04","0","00000","2024000000","人","324564","従業者数_うち常用雇用者","コンビニエンスストア","10～19人","総数"
"105-2024","563","05","0","00000","2024000000","人","195175","従業者数_うち常用雇用者","コンビニエンスストア","20～29人","総数"
"105-2024","563","06","0","00000","2024000000","人","63496","従業者数_うち常用雇用者","コンビニエンスストア","30～49人","総数"
"105-2024","563","07","0","00000","2024000000","人","19261","従業者数_うち常用雇用者","コンビニエンスストア","50～99人","総数"
"105-2024","563","08","0","00000","2024000000","人","3707","従業者数_うち常用雇用者","コンビニエンスストア","100～199人","総数"
"105-2024","563","09","0","00000","2024000000","人","1353","従業者数_うち常用雇用者","コンビニエンスストア","200～299人","総数"
"105-2024","563","10","0","00000","2024000000","人","658","従業者数_うち常用雇用者","コンビニエンスストア","300人以上","総数"
"105-2024","564","00","0","00000","2024000000","人","348042","従業者数_うち常用雇用者","ドラッグストア","総数","総数"
"105-2024","564","01","0","00000","2024000000","人","***","従業者数_うち常用雇用者","ドラッグストア","0人","総数"
"105-2024","564","02","0","00000","2024000000","人","1668","従業者数_うち常用雇用者","ドラッグストア","1～4人","総数"
"105-2024","564","03","0","00000","2024000000","人","22920","従業者数_うち常用雇用者","ドラッグストア","5～9人","総数"
"105-2024","564","04","0","00000","2024000000","人","133896","従業者数_うち常用雇用者","ドラッグストア","10～19人","総数"
"105-2024","564","05","0","00000","2024000000","人","91165","従業者数_うち常用雇用者","ドラッグストア","20～29人","総数"
"105-2024","564","06","0","00000","2024000000","人","87444","従業者数_うち常用雇用者","ドラッグストア","30～49人","総数"
"105-2024","564","07","0","00000","2024000000","人","10095","従業者数_うち常用雇用者","ドラッグストア","50～99人","総数"
"105-2024","564","08","0","00000","2024000000","人","854","従業者数_うち常用雇用者","ドラッグストア","100～199人","総数"
"105-2024","564","09","0","00000","2024000000","人","***","従業者数_うち常用雇用者","ドラッグストア","200～299人","総数"
"105-2024","564","10","0","00000","2024000000","人","***","従業者数_うち常用雇用者","ドラッグストア","300人以上","総数"
"105-2024","565","00","0","00000","2024000000","人","138639","従業者数_うち常用雇用者","ホームセンター","総数","総数"
"105-2024","565","01","0","00000","2024000000","人","***","従業者数_うち常用雇用者","ホームセンター","0人","総数"
"105-2024","565","02","0","00000","2024000000","人","1039","従業者数_うち常用雇用者","ホームセンター","1～4人","総数"
"105-2024","565","03","0","00000","2024000000","人","7767","従業者数_うち常用雇用者","ホームセンター","5～9人","総数"
"105-2024","565","04","0","00000","2024000000","人","12410","従業者数_うち常用雇用者","ホームセンター","10～19人","総数"
"105-2024","565","05","0","00000","2024000000","人","13287","従業者数_うち常用雇用者","ホームセンター","20～29人","総数"
"105-2024","565","06","0","00000","2024000000","人","25924","従業者数_うち常用雇用者","ホームセンター","30～49人","総数"
"105-2024","565","07","0","00000","2024000000","人","41827","従業者数_うち常用雇用者","ホームセンター","50～99人","総数"
"105-2024","565","08","0","00000","2024000000","人","25364","従業者数_うち常用雇用者","ホームセンター","100～199人","総数"
"105-2024","565","09","0","00000","2024000000","人","6611","従業者数_うち常用雇用者","ホームセンター","200～299人","総数"
"105-2024","565","10","0","00000","2024000000","人","4410","従業者数_うち常用雇用者","ホームセンター","300人以上","総数"
"105-2024","566","00","0","00000","2024000000","人","118559","従業者数_うち常用雇用者","均一価格店","総数","総数"
"105-2024","566","01","0","00000","2024000000","人","***","従業者数_うち常用雇用者","均一価格店","0人","総数"
"105-2024","566","02","0","00000","2024000000","人","3057","従業者数_うち常用雇用者","均一価格店","1～4人","総数"
"105-2024","566","03","0","00000","2024000000","人","11277","従業者数_うち常用雇用者","均一価格店","5～9人","総数"
"105-2024","566","04","0","00000","2024000000","人","41590","従業者数_うち常用雇用者","均一価格店","10～19人","総数"
"105-2024","566","05","0","00000","2024000000","人","27670","従業者数_うち常用雇用者","均一価格店","20～29人","総数"
"105-2024","566","06","0","00000","2024000000","人","22984","従業者数_うち常用雇用者","均一価格店","30～49人","総数"
"105-2024","566","07","0","00000","2024000000","人","8102","従業者数_うち常用雇用者","均一価格店","50～99人","総数"
"105-2024","566","08","0","00000","2024000000","人","2336","従業者数_うち常用雇用者","均一価格店","100～199人","総数"
"105-2024","566","09","0","00000","2024000000","人","745","従業者数_うち常用雇用者","均一価格店","200～299人","総数"
"105-2024","566","10","0","00000","2024000000","人","798","従業者数_うち常用雇用者","均一価格店","300人以上","総数"
"105-2024","569","00","0","00000","2024000000","人","31390","従業者数_うち常用雇用者","その他の各種商品小売業","総数","総数"
"105-2024","569","01","0","00000","2024000000","人","***","従業者数_うち常用雇用者","その他の各種商品小売業","0人","総数"
"105-2024","569","02","0","00000","2024000000","人","552","従業者数_うち常用雇用者","その他の各種商品小売業","1～4人","総数"
"105-2024","569","03","0","00000","2024000000","人","1069","従業者数_うち常用雇用者","その他の各種商品小売業","5～9人","総数"
"105-2024","569","04","0","00000","2024000000","人","4646","従業者数_うち常用雇用者","その他の各種商品小売業","10～19人","総数"
"105-2024","569","05","0","00000","2024000000","人","9288","従業者数_うち常用雇用者","その他の各種商品小売業","20～29人","総数"
"105-2024","569","06","0","00000","2024000000","人","15835","従業者数_うち常用雇用者","その他の各種商品小売業","30～49人","総数"
"105-2024","569","07","0","00000","2024000000","人","***","従業者数_うち常用雇用者","その他の各種商品小売業","50～99人","総数"
"105-2024","569","08","0","00000","2024000000","人","***","従業者数_うち常用雇用者","その他の各種商品小売業","100～199人","総数"
"105-2024","569","09","0","00000","2024000000","人","***","従業者数_うち常用雇用者","その他の各種商品小売業","200～299人","総数"
"105-2024","569","10","0","00000","2024000000","人","***","従業者数_うち常用雇用者","その他の各種商品小売業","300人以上","総数"
"105-2024","57","00","0","00000","2024000000","人","430835","従業者数_うち常用雇用者","織物・衣服・身の回り品小売業","総数","総数"
"105-2024","57","01","0","00000","2024000000","人","***","従業者数_うち常用雇用者","織物・衣服・身の回り品小売業","0人","総数"
"105-2024","57","02","0","00000","2024000000","人","97750","従業者数_うち常用雇用者","織物・衣服・身の回り品小売業","1～4人","総数"
"105-2024","57","03","0","00000","2024000000","人","133578","従業者数_うち常用雇用者","織物・衣服・身の回り品小売業","5～9人","総数"
"105-2024","57","04","0","00000","2024000000","人","92681","従業者数_うち常用雇用者","織物・衣服・身の回り品小売業","10～19人","総数"
"105-2024","57","05","0","00000","2024000000","人","28791","従業者数_うち常用雇用者","織物・衣服・身の回り品小売業","20～29人","総数"
"105-2024","57","06","0","00000","2024000000","人","30746","従業者数_うち常用雇用者","織物・衣服・身の回り品小売業","30～49人","総数"
"105-2024","57","07","0","00000","2024000000","人","21108","従業者数_うち常用雇用者","織物・衣服・身の回り品小売業","50～99人","総数"
"105-2024","57","08","0","00000","2024000000","人","12960","従業者数_うち常用雇用者","織物・衣服・身の回り品小売業","100～199人","総数"
"105-2024","57","09","0","00000","2024000000","人","4691","従業者数_うち常用雇用者","織物・衣服・身の回り品小売業","200～299人","総数"
"105-2024","57","10","0","00000","2024000000","人","8530","従業者数_うち常用雇用者","織物・衣服・身の回り品小売業","300人以上","総数"
"105-2024","570","00","0","00000","2024000000","人","16172","従業者数_うち常用雇用者","管理、補助的経済活動を行う事業所（57_織物・衣服・身の回り品小売業）","総数","総数"
"105-2024","570","01","0","00000","2024000000","人","***","従業者数_うち常用雇用者","管理、補助的経済活動を行う事業所（57_織物・衣服・身の回り品小売業）","0人","総数"
"105-2024","570","02","0","00000","2024000000","人","911","従業者数_うち常用雇用者","管理、補助的経済活動を行う事業所（57_織物・衣服・身の回り品小売業）","1～4人","総数"
"105-2024","570","03","0","00000","2024000000","人","921","従業者数_うち常用雇用者","管理、補助的経済活動を行う事業所（57_織物・衣服・身の回り品小売業）","5～9人","総数"
"105-2024","570","04","0","00000","2024000000","人","1451","従業者数_うち常用雇用者","管理、補助的経済活動を行う事業所（57_織物・衣服・身の回り品小売業）","10～19人","総数"
"105-2024","570","05","0","00000","2024000000","人","1054","従業者数_うち常用雇用者","管理、補助的経済活動を行う事業所（57_織物・衣服・身の回り品小売業）","20～29人","総数"
"105-2024","570","06","0","00000","2024000000","人","1638","従業者数_うち常用雇用者","管理、補助的経済活動を行う事業所（57_織物・衣服・身の回り品小売業）","30～49人","総数"
"105-2024","570","07","0","00000","2024000000","人","2262","従業者数_うち常用雇用者","管理、補助的経済活動を行う事業所（57_織物・衣服・身の回り品小売業）","50～99人","総数"
"105-2024","570","08","0","00000","2024000000","人","2644","従業者数_うち常用雇用者","管理、補助的経済活動を行う事業所（57_織物・衣服・身の回り品小売業）","100～199人","総数"
"105-2024","570","09","0","00000","2024000000","人","1430","従業者数_うち常用雇用者","管理、補助的経済活動を行う事業所（57_織物・衣服・身の回り品小売業）","200～299人","総数"
"105-2024","570","10","0","00000","2024000000","人","3861","従業者数_うち常用雇用者","管理、補助的経済活動を行う事業所（57_織物・衣服・身の回り品小売業）","300人以上","総数"
"105-2024","571","00","0","00000","2024000000","人","25536","従業者数_うち常用雇用者","呉服・服地・寝具小売業","総数","総数"
"105-2024","571","01","0","00000","2024000000","人","***","従業者数_うち常用雇用者","呉服・服地・寝具小売業","0人","総数"
"105-2024","571","02","0","00000","2024000000","人","8213","従業者数_うち常用雇用者","呉服・服地・寝具小売業","1～4人","総数"
"105-2024","571","03","0","00000","2024000000","人","8807","従業者数_うち常用雇用者","呉服・服地・寝具小売業","5～9人","総数"
"105-2024","571","04","0","00000","2024000000","人","4980","従業者数_うち常用雇用者","呉服・服地・寝具小売業","10～19人","総数"
"105-2024","571","05","0","00000","2024000000","人","1590","従業者数_うち常用雇用者","呉服・服地・寝具小売業","20～29人","総数"
"105-2024","571","06","0","00000","2024000000","人","1228","従業者数_うち常用雇用者","呉服・服地・寝具小売業","30～49人","総数"
"105-2024","571","07","0","00000","2024000000","人","434","従業者数_うち常用雇用者","呉服・服地・寝具小売業","50～99人","総数"
"105-2024","571","08","0","00000","2024000000","人","284","従業者数_うち常用雇用者","呉服・服地・寝具小売業","100～199人","総数"
"105-2024","571","09","0","00000","2024000000","人","***","従業者数_うち常用雇用者","呉服・服地・寝具小売業","200～299人","総数"
"105-2024","571","10","0","00000","2024000000","人","***","従業者数_うち常用雇用者","呉服・服地・寝具小売業","300人以上","総数"
"105-2024","572","00","0","00000","2024000000","人","58324","従業者数_うち常用雇用者","男子服小売業","総数","総数"
"105-2024","572","01","0","00000","2024000000","人","***","従業者数_うち常用雇用者","男子服小売業","0人","総数"
"105-2024","572","02","0","00000","2024000000","人","13733","従業者数_うち常用雇用者","男子服小売業","1～4人","総数"
"105-2024","572","03","0","00000","2024000000","人","25358","従業者数_うち常用雇用者","男子服小売業","5～9人","総数"
"105-2024","572","04","0","00000","2024000000","人","11315","従業者数_うち常用雇用者","男子服小売業","10～19人","総数"
"105-2024","572","05","0","00000","2024000000","人","2590","従業者数_うち常用雇用者","男子服小売業","20～29人","総数"
"105-2024","572","06","0","00000","2024000000","人","2418","従業者数_うち常用雇用者","男子服小売業","30～49人","総数"
"105-2024","572","07","0","00000","2024000000","人","948","従業者数_うち常用雇用者","男子服小売業","50～99人","総数"
"105-2024","572","08","0","00000","2024000000","人","898","従業者数_うち常用雇用者","男子服小売業","100～199人","総数"
"105-2024","572","09","0","00000","2024000000","人","763","従業者数_うち常用雇用者","男子服小売業","200～299人","総数"
"105-2024","572","10","0","00000","2024000000","人","301","従業者数_うち常用雇用者","男子服小売業","300人以上","総数"
"105-2024","573","00","0","00000","2024000000","人","202021","従業者数_うち常用雇用者","婦人・子供服小売業","総数","総数"
"105-2024","573","01","0","00000","2024000000","人","***","従業者数_うち常用雇用者","婦人・子供服小売業","0人","総数"
"105-2024","573","02","0","00000","2024000000","人","41935","従業者数_うち常用雇用者","婦人・子供服小売業","1～4人","総数"
"105-2024","573","03","0","00000","2024000000","人","50708","従業者数_うち常用雇用者","婦人・子供服小売業","5～9人","総数"
"105-2024","573","04","0","00000","2024000000","人","49351","従業者数_うち常用雇用者","婦人・子供服小売業","10～19人","総数"
"105-2024","573","05","0","00000","2024000000","人","16682","従業者数_うち常用雇用者","婦人・子供服小売業","20～29人","総数"
"105-2024","573","06","0","00000","2024000000","人","18671","従業者数_うち常用雇用者","婦人・子供服小売業","30～49人","総数"
"105-2024","573","07","0","00000","2024000000","人","12597","従業者数_うち常用雇用者","婦人・子供服小売業","50～99人","総数"
"105-2024","573","08","0","00000","2024000000","人","6131","従業者数_うち常用雇用者","婦人・子供服小売業","100～199人","総数"
"105-2024","573","09","0","00000","2024000000","人","2230","従業者数_うち常用雇用者","婦人・子供服小売業","200～299人","総数"
"105-2024","573","10","0","00000","2024000000","人","3716","従業者数_うち常用雇用者","婦人・子供服小売業","300人以上","総数"
"105-2024","574","00","0","00000","2024000000","人","26322","従業者数_うち常用雇用者","靴・履物小売業","総数","総数"
"105-2024","574","01","0","00000","2024000000","人","***","従業者数_うち常用雇用者","靴・履物小売業","0人","総数"
"105-2024","574","02","0","00000","2024000000","人","9329","従業者数_うち常用雇用者","靴・履物小売業","1～4人","総数"
"105-2024","574","03","0","00000","2024000000","人","10405","従業者数_うち常用雇用者","靴・履物小売業","5～9人","総数"
"105-2024","574","04","0","00000","2024000000","人","4428","従業者数_うち常用雇用者","靴・履物小売業","10～19人","総数"
"105-2024","574","05","0","00000","2024000000","人","589","従業者数_うち常用雇用者","靴・履物小売業","20～29人","総数"
"105-2024","574","06","0","00000","2024000000","人","1021","従業者数_うち常用雇用者","靴・履物小売業","30～49人","総数"
"105-2024","574","07","0","00000","2024000000","人","282","従業者数_うち常用雇用者","靴・履物小売業","50～99人","総数"
"105-2024","574","08","0","00000","2024000000","人","***","従業者数_うち常用雇用者","靴・履物小売業","100～199人","総数"
"105-2024","574","09","0","00000","2024000000","人","268","従業者数_うち常用雇用者","靴・履物小売業","200～299人","総数"
"105-2024","574","10","0","00000","2024000000","人","***","従業者数_うち常用雇用者","靴・履物小売業","300人以上","総数"
"105-2024","579","00","0","00000","2024000000","人","102436","従業者数_うち常用雇用者","その他の織物・衣服・身の回り品小売業","総数","総数"
"105-2024","579","01","0","00000","2024000000","人","***","従業者数_うち常用雇用者","その他の織物・衣服・身の回り品小売業","0人","総数"
"105-2024","579","02","0","00000","2024000000","人","23622","従業者数_うち常用雇用者","その他の織物・衣服・身の回り品小売業","1～4人","総数"
"105-2024","579","03","0","00000","2024000000","人","37362","従業者数_うち常用雇用者","その他の織物・衣服・身の回り品小売業","5～9人","総数"
"105-2024","579","04","0","00000","2024000000","人","21156","従業者数_うち常用雇用者","その他の織物・衣服・身の回り品小売業","10～19人","総数"
"105-2024","579","05","0","00000","2024000000","人","6286","従業者数_うち常用雇用者","その他の織物・衣服・身の回り品小売業","20～29人","総数"
"105-2024","579","06","0","00000","2024000000","人","5770","従業者数_うち常用雇用者","その他の織物・衣服・身の回り品小売業","30～49人","総数"
"105-2024","579","07","0","00000","2024000000","人","4585","従業者数_うち常用雇用者","その他の織物・衣服・身の回り品小売業","50～99人","総数"
"105-2024","579","08","0","00000","2024000000","人","3003","従業者数_うち常用雇用者","その他の織物・衣服・身の回り品小売業","100～199人","総数"
"105-2024","579","09","0","00000","2024000000","人","***","従業者数_うち常用雇用者","その他の織物・衣服・身の回り品小売業","200～299人","総数"
"105-2024","579","10","0","00000","2024000000","人","652","従業者数_うち常用雇用者","その他の織物・衣服・身の回り品小売業","300人以上","総数"
"105-2024","58","00","0","00000","2024000000","人","1845798","従業者数_うち常用雇用者","飲食料品小売業","総数","総数"
"105-2024","58","01","0","00000","2024000000","人","***","従業者数_うち常用雇用者","飲食料品小売業","0人","総数"
"105-2024","58","02","0","00000","2024000000","人","131154","従業者数_うち常用雇用者","飲食料品小売業","1～4人","総数"
"105-2024","58","03","0","00000","2024000000","人","153757","従業者数_うち常用雇用者","飲食料品小売業","5～9人","総数"
"105-2024","58","04","0","00000","2024000000","人","229341","従業者数_うち常用雇用者","飲食料品小売業","10～19人","総数"
"105-2024","58","05","0","00000","2024000000","人","173763","従業者数_うち常用雇用者","飲食料品小売業","20～29人","総数"
"105-2024","58","06","0","00000","2024000000","人","243742","従業者数_うち常用雇用者","飲食料品小売業","30～49人","総数"
"105-2024","58","07","0","00000","2024000000","人","479327","従業者数_うち常用雇用者","飲食料品小売業","50～99人","総数"
"105-2024","58","08","0","00000","2024000000","人","359057","従業者数_うち常用雇用者","飲食料品小売業","100～199人","総数"
"105-2024","58","09","0","00000","2024000000","人","42259","従業者数_うち常用雇用者","飲食料品小売業","200～299人","総数"
"105-2024","58","10","0","00000","2024000000","人","33398","従業者数_うち常用雇用者","飲食料品小売業","300人以上","総数"
"105-2024","580","00","0","00000","2024000000","人","49415","従業者数_うち常用雇用者","管理、補助的経済活動を行う事業所（58_飲食料品小売業）","総数","総数"
"105-2024","580","01","0","00000","2024000000","人","***","従業者数_うち常用雇用者","管理、補助的経済活動を行う事業所（58_飲食料品小売業）","0人","総数"
"105-2024","580","02","0","00000","2024000000","人","1334","従業者数_うち常用雇用者","管理、補助的経済活動を行う事業所（58_飲食料品小売業）","1～4人","総数"
"105-2024","580","03","0","00000","2024000000","人","1793","従業者数_うち常用雇用者","管理、補助的経済活動を行う事業所（58_飲食料品小売業）","5～9人","総数"
"105-2024","580","04","0","00000","2024000000","人","2783","従業者数_うち常用雇用者","管理、補助的経済活動を行う事業所（58_飲食料品小売業）","10～19人","総数"
"105-2024","580","05","0","00000","2024000000","人","2340","従業者数_うち常用雇用者","管理、補助的経済活動を行う事業所（58_飲食料品小売業）","20～29人","総数"
"105-2024","580","06","0","00000","2024000000","人","4051","従業者数_うち常用雇用者","管理、補助的経済活動を行う事業所（58_飲食料品小売業）","30～49人","総数"
"105-2024","580","07","0","00000","2024000000","人","7292","従業者数_うち常用雇用者","管理、補助的経済活動を行う事業所（58_飲食料品小売業）","50～99人","総数"
"105-2024","580","08","0","00000","2024000000","人","10168","従業者数_うち常用雇用者","管理、補助的経済活動を行う事業所（58_飲食料品小売業）","100～199人","総数"
"105-2024","580","09","0","00000","2024000000","人","4009","従業者数_うち常用雇用者","管理、補助的経済活動を行う事業所（58_飲食料品小売業）","200～299人","総数"
"105-2024","580","10","0","00000","2024000000","人","15645","従業者数_うち常用雇用者","管理、補助的経済活動を行う事業所（58_飲食料品小売業）","300人以上","総数"
"105-2024","581","00","0","00000","2024000000","人","1065957","従業者数_うち常用雇用者","各種食料品小売業","総数","総数"
"105-2024","581","01","0","00000","2024000000","人","***","従業者数_うち常用雇用者","各種食料品小売業","0人","総数"
"105-2024","581","02","0","00000","2024000000","人","4629","従業者数_うち常用雇用者","各種食料品小売業","1～4人","総数"
"105-2024","581","03","0","00000","2024000000","人","7607","従業者数_うち常用雇用者","各種食料品小売業","5～9人","総数"
"105-2024","581","04","0","00000","2024000000","人","37863","従業者数_うち常用雇用者","各種食料品小売業","10～19人","総数"
"105-2024","581","05","0","00000","2024000000","人","71174","従業者数_うち常用雇用者","各種食料品小売業","20～29人","総数"
"105-2024","581","06","0","00000","2024000000","人","158504","従業者数_うち常用雇用者","各種食料品小売業","30～49人","総数"
"105-2024","581","07","0","00000","2024000000","人","416187","従業者数_うち常用雇用者","各種食料品小売業","50～99人","総数"
"105-2024","581","08","0","00000","2024000000","人","331253","従業者数_うち常用雇用者","各種食料品小売業","100～199人","総数"
"105-2024","581","09","0","00000","2024000000","人","31192","従業者数_うち常用雇用者","各種食料品小売業","200～299人","総数"
"105-2024","581","10","0","00000","2024000000","人","7548","従業者数_うち常用雇用者","各種食料品小売業","300人以上","総数"
"105-2024","582","00","0","00000","2024000000","人","55943","従業者数_うち常用雇用者","野菜・果実小売業","総数","総数"
"105-2024","582","01","0","00000","2024000000","人","***","従業者数_うち常用雇用者","野菜・果実小売業","0人","総数"
"105-2024","582","02","0","00000","2024000000","人","9318","従業者数_うち常用雇用者","野菜・果実小売業","1～4人","総数"
"105-2024","582","03","0","00000","2024000000","人","11337","従業者数_うち常用雇用者","野菜・果実小売業","5～9人","総数"
"105-2024","582","04","0","00000","2024000000","人","13929","従業者数_うち常用雇用者","野菜・果実小売業","10～19人","総数"
"105-2024","582","05","0","00000","2024000000","人","8060","従業者数_うち常用雇用者","野菜・果実小売業","20～29人","総数"
"105-2024","582","06","0","00000","2024000000","人","8271","従業者数_うち常用雇用者","野菜・果実小売業","30～49人","総数"
"105-2024","582","07","0","00000","2024000000","人","4098","従業者数_うち常用雇用者","野菜・果実小売業","50～99人","総数"
"105-2024","582","08","0","00000","2024000000","人","930","従業者数_うち常用雇用者","野菜・果実小売業","100～199人","総数"
"105-2024","582","09","0","00000","2024000000","人","***","従業者数_うち常用雇用者","野菜・果実小売業","200～299人","総数"
"105-2024","582","10","0","00000","2024000000","人","***","従業者数_うち常用雇用者","野菜・果実小売業","300人以上","総数"
"105-2024","583","00","0","00000","2024000000","人","39800","従業者数_うち常用雇用者","食肉小売業","総数","総数"
"105-2024","583","01","0","00000","2024000000","人","***","従業者数_うち常用雇用者","食肉小売業","0人","総数"
"105-2024","583","02","0","00000","2024000000","人","8083","従業者数_うち常用雇用者","食肉小売業","1～4人","総数"
"105-2024","583","03","0","00000","2024000000","人","9740","従業者数_うち常用雇用者","食肉小売業","5～9人","総数"
"105-2024","583","04","0","00000","2024000000","人","10147","従業者数_うち常用雇用者","食肉小売業","10～19人","総数"
"105-2024","583","05","0","00000","2024000000","人","4619","従業者数_うち常用雇用者","食肉小売業","20～29人","総数"
"105-2024","583","06","0","00000","2024000000","人","3750","従業者数_うち常用雇用者","食肉小売業","30～49人","総数"
"105-2024","583","07","0","00000","2024000000","人","2193","従業者数_うち常用雇用者","食肉小売業","50～99人","総数"
"105-2024","583","08","0","00000","2024000000","人","773","従業者数_うち常用雇用者","食肉小売業","100～199人","総数"
"105-2024","583","09","0","00000","2024000000","人","495","従業者数_うち常用雇用者","食肉小売業","200～299人","総数"
"105-2024","583","10","0","00000","2024000000","人","***","従業者数_うち常用雇用者","食肉小売業","300人以上","総数"
"105-2024","584","00","0","00000","2024000000","人","30635","従業者数_うち常用雇用者","鮮魚小売業","総数","総数"
"105-2024","584","01","0","00000","2024000000","人","***","従業者数_うち常用雇用者","鮮魚小売業","0人","総数"
"105-2024","584","02","0","00000","2024000000","人","6554","従業者数_うち常用雇用者","鮮魚小売業","1～4人","総数"
"105-2024","584","03","0","00000","2024000000","人","7933","従業者数_うち常用雇用者","鮮魚小売業","5～9人","総数"
"105-2024","584","04","0","00000","2024000000","人","8154","従業者数_うち常用雇用者","鮮魚小売業","10～19人","総数"
"105-2024","584","05","0","00000","2024000000","人","3522","従業者数_うち常用雇用者","鮮魚小売業","20～29人","総数"
"105-2024","584","06","0","00000","2024000000","人","2538","従業者数_うち常用雇用者","鮮魚小売業","30～49人","総数"
"105-2024","584","07","0","00000","2024000000","人","1039","従業者数_うち常用雇用者","鮮魚小売業","50～99人","総数"
"105-2024","584","08","0","00000","2024000000","人","208","従業者数_うち常用雇用者","鮮魚小売業","100～199人","総数"
"105-2024","584","09","0","00000","2024000000","人","687","従業者数_うち常用雇用者","鮮魚小売業","200～299人","総数"
"105-2024","584","10","0","00000","2024000000","人","***","従業者数_うち常用雇用者","鮮魚小売業","300人以上","総数"
"105-2024","585","00","0","00000","2024000000","人","38486","従業者数_うち常用雇用者","酒小売業","総数","総数"
"105-2024","585","01","0","00000","2024000000","人","***","従業者数_うち常用雇用者","酒小売業","0人","総数"
"105-2024","585","02","0","00000","2024000000","人","13825","従業者数_うち常用雇用者","酒小売業","1～4人","総数"
"105-2024","585","03","0","00000","2024000000","人","8246","従業者数_うち常用雇用者","酒小売業","5～9人","総数"
"105-2024","585","04","0","00000","2024000000","人","10285","従業者数_うち常用雇用者","酒小売業","10～19人","総数"
"105-2024","585","05","0","00000","2024000000","人","2702","従業者数_うち常用雇用者","酒小売業","20～29人","総数"
"105-2024","585","06","0","00000","2024000000","人","1904","従業者数_うち常用雇用者","酒小売業","30～49人","総数"
"105-2024","585","07","0","00000","2024000000","人","1284","従業者数_うち常用雇用者","酒小売業","50～99人","総数"
"105-2024","585","08","0","00000","2024000000","人","240","従業者数_うち常用雇用者","酒小売業","100～199人","総数"
"105-2024","585","09","0","00000","2024000000","人","***","従業者数_うち常用雇用者","酒小売業","200～299人","総数"
"105-2024","585","10","0","00000","2024000000","人","***","従業者数_うち常用雇用者","酒小売業","300人以上","総数"
"105-2024","586","00","0","00000","2024000000","人","287360","従業者数_うち常用雇用者","菓子・パン小売業","総数","総数"
"105-2024","586","01","0","00000","2024000000","人","***","従業者数_うち常用雇用者","菓子・パン小売業","0人","総数"
"105-2024","586","02","0","00000","2024000000","人","43636","従業者数_うち常用雇用者","菓子・パン小売業","1～4人","総数"
"105-2024","586","03","0","00000","2024000000","人","57203","従業者数_うち常用雇用者","菓子・パン小売業","5～9人","総数"
"105-2024","586","04","0","00000","2024000000","人","77395","従業者数_うち常用雇用者","菓子・パン小売業","10～19人","総数"
"105-2024","586","05","0","00000","2024000000","人","46760","従業者数_うち常用雇用者","菓子・パン小売業","20～29人","総数"
"105-2024","586","06","0","00000","2024000000","人","36541","従業者数_うち常用雇用者","菓子・パン小売業","30～49人","総数"
"105-2024","586","07","0","00000","2024000000","人","18362","従業者数_うち常用雇用者","菓子・パン小売業","50～99人","総数"
"105-2024","586","08","0","00000","2024000000","人","3789","従業者数_うち常用雇用者","菓子・パン小売業","100～199人","総数"
"105-2024","586","09","0","00000","2024000000","人","1732","従業者数_うち常用雇用者","菓子・パン小売業","200～299人","総数"
"105-2024","586","10","0","00000","2024000000","人","1942","従業者数_うち常用雇用者","菓子・パン小売業","300人以上","総数"
"105-2024","589","00","0","00000","2024000000","人","277875","従業者数_うち常用雇用者","その他の飲食料品小売業","総数","総数"
"105-2024","589","01","0","00000","2024000000","人","***","従業者数_うち常用雇用者","その他の飲食料品小売業","0人","総数"
"105-2024","589","02","0","00000","2024000000","人","43770","従業者数_うち常用雇用者","その他の飲食料品小売業","1～4人","総数"
"105-2024","589","03","0","00000","2024000000","人","49576","従業者数_うち常用雇用者","その他の飲食料品小売業","5～9人","総数"
"105-2024","589","04","0","00000","2024000000","人","68785","従業者数_うち常用雇用者","その他の飲食料品小売業","10～19人","総数"
"105-2024","589","05","0","00000","2024000000","人","34586","従業者数_うち常用雇用者","その他の飲食料品小売業","20～29人","総数"
"105-2024","589","06","0","00000","2024000000","人","28183","従業者数_うち常用雇用者","その他の飲食料品小売業","30～49人","総数"
"105-2024","589","07","0","00000","2024000000","人","28872","従業者数_うち常用雇用者","その他の飲食料品小売業","50～99人","総数"
"105-2024","589","08","0","00000","2024000000","人","11696","従業者数_うち常用雇用者","その他の飲食料品小売業","100～199人","総数"
"105-2024","589","09","0","00000","2024000000","人","4144","従業者数_うち常用雇用者","その他の飲食料品小売業","200～299人","総数"
"105-2024","589","10","0","00000","2024000000","人","8263","従業者数_うち常用雇用者","その他の飲食料品小売業","300人以上","総数"
"105-2024","58A","00","0","00000","2024000000","人","96790","従業者数_うち常用雇用者","料理品小売業","総数","総数"
"105-2024","58A","01","0","00000","2024000000","人","***","従業者数_うち常用雇用者","料理品小売業","0人","総数"
"105-2024","58A","02","0","00000","2024000000","人","10834","従業者数_うち常用雇用者","料理品小売業","1～4人","総数"
"105-2024","58A","03","0","00000","2024000000","人","22624","従業者数_うち常用雇用者","料理品小売業","5～9人","総数"
"105-2024","58A","04","0","00000","2024000000","人","34970","従業者数_うち常用雇用者","料理品小売業","10～19人","総数"
"105-2024","58A","05","0","00000","2024000000","人","12571","従業者数_うち常用雇用者","料理品小売業","20～29人","総数"
"105-2024","58A","06","0","00000","2024000000","人","7058","従業者数_うち常用雇用者","料理品小売業","30～49人","総数"
"105-2024","58A","07","0","00000","2024000000","人","4513","従業者数_うち常用雇用者","料理品小売業","50～99人","総数"
"105-2024","58A","08","0","00000","2024000000","人","1849","従業者数_うち常用雇用者","料理品小売業","100～199人","総数"
"105-2024","58A","09","0","00000","2024000000","人","289","従業者数_うち常用雇用者","料理品小売業","200～299人","総数"
"105-2024","58A","10","0","00000","2024000000","人","2082","従業者数_うち常用雇用者","料理品小売業","300人以上","総数"
"105-2024","58B","00","0","00000","2024000000","人","181085","従業者数_うち常用雇用者","他に分類されない飲食料品小売業","総数","総数"
"105-2024","58B","01","0","00000","2024000000","人","***","従業者数_うち常用雇用者","他に分類されない飲食料品小売業","0人","総数"
"105-2024","58B","02","0","00000","2024000000","人","32936","従業者数_うち常用雇用者","他に分類されない飲食料品小売業","1～4人","総数"
"105-2024","58B","03","0","00000","2024000000","人","26952","従業者数_うち常用雇用者","他に分類されない飲食料品小売業","5～9人","総数"
"105-2024","58B","04","0","00000","2024000000","人","33815","従業者数_うち常用雇用者","他に分類されない飲食料品小売業","10～19人","総数"
"105-2024","58B","05","0","00000","2024000000","人","22015","従業者数_うち常用雇用者","他に分類されない飲食料品小売業","20～29人","総数"
"105-2024","58B","06","0","00000","2024000000","人","21125","従業者数_うち常用雇用者","他に分類されない飲食料品小売業","30～49人","総数"
"105-2024","58B","07","0","00000","2024000000","人","24359","従業者数_うち常用雇用者","他に分類されない飲食料品小売業","50～99人","総数"
"105-2024","58B","08","0","00000","2024000000","人","9847","従業者数_うち常用雇用者","他に分類されない飲食料品小売業","100～199人","総数"
"105-2024","58B","09","0","00000","2024000000","人","3855","従業者数_うち常用雇用者","他に分類されない飲食料品小売業","200～299人","総数"
"105-2024","58B","10","0","00000","2024000000","人","6181","従業者数_うち常用雇用者","他に分類されない飲食料品小売業","300人以上","総数"
"105-2024","59","00","0","00000","2024000000","人","725785","従業者数_うち常用雇用者","機械器具小売業","総数","総数"
"105-2024","59","01","0","00000","2024000000","人","***","従業者数_うち常用雇用者","機械器具小売業","0人","総数"
"105-2024","59","02","0","00000","2024000000","人","106791","従業者数_うち常用雇用者","機械器具小売業","1～4人","総数"
"105-2024","59","03","0","00000","2024000000","人","121206","従業者数_うち常用雇用者","機械器具小売業","5～9人","総数"
"105-2024","59","04","0","00000","2024000000","人","213517","従業者数_うち常用雇用者","機械器具小売業","10～19人","総数"
"105-2024","59","05","0","00000","2024000000","人","116027","従業者数_うち常用雇用者","機械器具小売業","20～29人","総数"
"105-2024","59","06","0","00000","2024000000","人","76365","従業者数_うち常用雇用者","機械器具小売業","30～49人","総数"
"105-2024","59","07","0","00000","2024000000","人","47152","従業者数_うち常用雇用者","機械器具小売業","50～99人","総数"
"105-2024","59","08","0","00000","2024000000","人","24923","従業者数_うち常用雇用者","機械器具小売業","100～199人","総数"
"105-2024","59","09","0","00000","2024000000","人","9605","従業者数_うち常用雇用者","機械器具小売業","200～299人","総数"
"105-2024","59","10","0","00000","2024000000","人","10199","従業者数_うち常用雇用者","機械器具小売業","300人以上","総数"
"105-2024","590","00","0","00000","2024000000","人","22512","従業者数_うち常用雇用者","管理、補助的経済活動を行う事業所（59_機械器具小売業）","総数","総数"
"105-2024","590","01","0","00000","2024000000","人","***","従業者数_うち常用雇用者","管理、補助的経済活動を行う事業所（59_機械器具小売業）","0人","総数"
"105-2024","590","02","0","00000","2024000000","人","667","従業者数_うち常用雇用者","管理、補助的経済活動を行う事業所（59_機械器具小売業）","1～4人","総数"
"105-2024","590","03","0","00000","2024000000","人","934","従業者数_うち常用雇用者","管理、補助的経済活動を行う事業所（59_機械器具小売業）","5～9人","総数"
"105-2024","590","04","0","00000","2024000000","人","1751","従業者数_うち常用雇用者","管理、補助的経済活動を行う事業所（59_機械器具小売業）","10～19人","総数"
"105-2024","590","05","0","00000","2024000000","人","2183","従業者数_うち常用雇用者","管理、補助的経済活動を行う事業所（59_機械器具小売業）","20～29人","総数"
"105-2024","590","06","0","00000","2024000000","人","2840","従業者数_うち常用雇用者","管理、補助的経済活動を行う事業所（59_機械器具小売業）","30～49人","総数"
"105-2024","590","07","0","00000","2024000000","人","3794","従業者数_うち常用雇用者","管理、補助的経済活動を行う事業所（59_機械器具小売業）","50～99人","総数"
"105-2024","590","08","0","00000","2024000000","人","4607","従業者数_うち常用雇用者","管理、補助的経済活動を行う事業所（59_機械器具小売業）","100～199人","総数"
"105-2024","590","09","0","00000","2024000000","人","1681","従業者数_うち常用雇用者","管理、補助的経済活動を行う事業所（59_機械器具小売業）","200～299人","総数"
"105-2024","590","10","0","00000","2024000000","人","4055","従業者数_うち常用雇用者","管理、補助的経済活動を行う事業所（59_機械器具小売業）","300人以上","総数"
"105-2024","591","00","0","00000","2024000000","人","479167","従業者数_うち常用雇用者","自動車小売業","総数","総数"
"105-2024","591","01","0","00000","2024000000","人","***","従業者数_うち常用雇用者","自動車小売業","0人","総数"
"105-2024","591","02","0","00000","2024000000","人","70132","従業者数_うち常用雇用者","自動車小売業","1～4人","総数"
"105-2024","591","03","0","00000","2024000000","人","79778","従業者数_うち常用雇用者","自動車小売業","5～9人","総数"
"105-2024","591","04","0","00000","2024000000","人","164223","従業者数_うち常用雇用者","自動車小売業","10～19人","総数"
"105-2024","591","05","0","00000","2024000000","人","87877","従業者数_うち常用雇用者","自動車小売業","20～29人","総数"
"105-2024","591","06","0","00000","2024000000","人","43913","従業者数_うち常用雇用者","自動車小売業","30～49人","総数"
"105-2024","591","07","0","00000","2024000000","人","21249","従業者数_うち常用雇用者","自動車小売業","50～99人","総数"
"105-2024","591","08","0","00000","2024000000","人","6763","従業者数_うち常用雇用者","自動車小売業","100～199人","総数"
"105-2024","591","09","0","00000","2024000000","人","2835","従業者数_うち常用雇用者","自動車小売業","200～299人","総数"
"105-2024","591","10","0","00000","2024000000","人","2397","従業者数_うち常用雇用者","自動車小売業","300人以上","総数"
"105-2024","592","00","0","00000","2024000000","人","14337","従業者数_うち常用雇用者","自転車小売業","総数","総数"
"105-2024","592","01","0","00000","2024000000","人","***","従業者数_うち常用雇用者","自転車小売業","0人","総数"
"105-2024","592","02","0","00000","2024000000","人","4935","従業者数_うち常用雇用者","自転車小売業","1～4人","総数"
"105-2024","592","03","0","00000","2024000000","人","5684","従業者数_うち常用雇用者","自転車小売業","5～9人","総数"
"105-2024","592","04","0","00000","2024000000","人","3185","従業者数_うち常用雇用者","自転車小売業","10～19人","総数"
"105-2024","592","05","0","00000","2024000000","人","314","従業者数_うち常用雇用者","自転車小売業","20～29人","総数"
"105-2024","592","06","0","00000","2024000000","人","109","従業者数_うち常用雇用者","自転車小売業","30～49人","総数"
"105-2024","592","07","0","00000","2024000000","人","110","従業者数_うち常用雇用者","自転車小売業","50～99人","総数"
"105-2024","592","08","0","00000","2024000000","人","***","従業者数_うち常用雇用者","自転車小売業","100～199人","総数"
"105-2024","592","09","0","00000","2024000000","人","***","従業者数_うち常用雇用者","自転車小売業","200～299人","総数"
"105-2024","592","10","0","00000","2024000000","人","***","従業者数_うち常用雇用者","自転車小売業","300人以上","総数"
"105-2024","593","00","0","00000","2024000000","人","209769","従業者数_うち常用雇用者","機械器具小売業（自動車、自転車を除く）","総数","総数"
"105-2024","593","01","0","00000","2024000000","人","***","従業者数_うち常用雇用者","機械器具小売業（自動車、自転車を除く）","0人","総数"
"105-2024","593","02","0","00000","2024000000","人","31057","従業者数_うち常用雇用者","機械器具小売業（自動車、自転車を除く）","1～4人","総数"
"105-2024","593","03","0","00000","2024000000","人","34810","従業者数_うち常用雇用者","機械器具小売業（自動車、自転車を除く）","5～9人","総数"
"105-2024","593","04","0","00000","2024000000","人","44358","従業者数_うち常用雇用者","機械器具小売業（自動車、自転車を除く）","10～19人","総数"
"105-2024","593","05","0","00000","2024000000","人","25653","従業者数_うち常用雇用者","機械器具小売業（自動車、自転車を除く）","20～29人","総数"
"105-2024","593","06","0","00000","2024000000","人","29503","従業者数_うち常用雇用者","機械器具小売業（自動車、自転車を除く）","30～49人","総数"
"105-2024","593","07","0","00000","2024000000","人","21999","従業者数_うち常用雇用者","機械器具小売業（自動車、自転車を除く）","50～99人","総数"
"105-2024","593","08","0","00000","2024000000","人","13553","従業者数_うち常用雇用者","機械器具小売業（自動車、自転車を除く）","100～199人","総数"
"105-2024","593","09","0","00000","2024000000","人","5089","従業者数_うち常用雇用者","機械器具小売業（自動車、自転車を除く）","200～299人","総数"
"105-2024","593","10","0","00000","2024000000","人","3747","従業者数_うち常用雇用者","機械器具小売業（自動車、自転車を除く）","300人以上","総数"
"105-2024","60","00","0","00000","2024000000","人","1423404","従業者数_うち常用雇用者","その他の小売業","総数","総数"
"105-2024","60","01","0","00000","2024000000","人","***","従業者数_うち常用雇用者","その他の小売業","0人","総数"
"105-2024","60","02","0","00000","2024000000","人","272616","従業者数_うち常用雇用者","その他の小売業","1～4人","総数"
"105-2024","60","03","0","00000","2024000000","人","369892","従業者数_うち常用雇用者","その他の小売業","5～9人","総数"
"105-2024","60","04","0","00000","2024000000","人","321694","従業者数_うち常用雇用者","その他の小売業","10～19人","総数"
"105-2024","60","05","0","00000","2024000000","人","148841","従業者数_うち常用雇用者","その他の小売業","20～29人","総数"
"105-2024","60","06","0","00000","2024000000","人","138443","従業者数_うち常用雇用者","その他の小売業","30～49人","総数"
"105-2024","60","07","0","00000","2024000000","人","94640","従業者数_うち常用雇用者","その他の小売業","50～99人","総数"
"105-2024","60","08","0","00000","2024000000","人","43613","従業者数_うち常用雇用者","その他の小売業","100～199人","総数"
"105-2024","60","09","0","00000","2024000000","人","17789","従業者数_うち常用雇用者","その他の小売業","200～299人","総数"
"105-2024","60","10","0","00000","2024000000","人","15876","従業者数_うち常用雇用者","その他の小売業","300人以上","総数"
"105-2024","600","00","0","00000","2024000000","人","31967","従業者数_うち常用雇用者","管理、補助的経済活動を行う事業所（60_その他の小売業）","総数","総数"
"105-2024","600","01","0","00000","2024000000","人","***","従業者数_うち常用雇用者","管理、補助的経済活動を行う事業所（60_その他の小売業）","0人","総数"
"105-2024","600","02","0","00000","2024000000","人","3195","従業者数_うち常用雇用者","管理、補助的経済活動を行う事業所（60_その他の小売業）","1～4人","総数"
"105-2024","600","03","0","00000","2024000000","人","3015","従業者数_うち常用雇用者","管理、補助的経済活動を行う事業所（60_その他の小売業）","5～9人","総数"
"105-2024","600","04","0","00000","2024000000","人","3970","従業者数_うち常用雇用者","管理、補助的経済活動を行う事業所（60_その他の小売業）","10～19人","総数"
"105-2024","600","05","0","00000","2024000000","人","2324","従業者数_うち常用雇用者","管理、補助的経済活動を行う事業所（60_その他の小売業）","20～29人","総数"
"105-2024","600","06","0","00000","2024000000","人","3862","従業者数_うち常用雇用者","管理、補助的経済活動を行う事業所（60_その他の小売業）","30～49人","総数"
"105-2024","600","07","0","00000","2024000000","人","3979","従業者数_うち常用雇用者","管理、補助的経済活動を行う事業所（60_その他の小売業）","50～99人","総数"
"105-2024","600","08","0","00000","2024000000","人","4986","従業者数_うち常用雇用者","管理、補助的経済活動を行う事業所（60_その他の小売業）","100～199人","総数"
"105-2024","600","09","0","00000","2024000000","人","1931","従業者数_うち常用雇用者","管理、補助的経済活動を行う事業所（60_その他の小売業）","200～299人","総数"
"105-2024","600","10","0","00000","2024000000","人","4705","従業者数_うち常用雇用者","管理、補助的経済活動を行う事業所（60_その他の小売業）","300人以上","総数"
"105-2024","601","00","0","00000","2024000000","人","70063","従業者数_うち常用雇用者","家具・建具・畳小売業","総数","総数"
"105-2024","601","01","0","00000","2024000000","人","***","従業者数_うち常用雇用者","家具・建具・畳小売業","0人","総数"
"105-2024","601","02","0","00000","2024000000","人","11276","従業者数_うち常用雇用者","家具・建具・畳小売業","1～4人","総数"
"105-2024","601","03","0","00000","2024000000","人","9700","従業者数_うち常用雇用者","家具・建具・畳小売業","5～9人","総数"
"105-2024","601","04","0","00000","2024000000","人","6871","従業者数_うち常用雇用者","家具・建具・畳小売業","10～19人","総数"
"105-2024","601","05","0","00000","2024000000","人","4918","従業者数_うち常用雇用者","家具・建具・畳小売業","20～29人","総数"
"105-2024","601","06","0","00000","2024000000","人","11584","従業者数_うち常用雇用者","家具・建具・畳小売業","30～49人","総数"
"105-2024","601","07","0","00000","2024000000","人","17640","従業者数_うち常用雇用者","家具・建具・畳小売業","50～99人","総数"
"105-2024","601","08","0","00000","2024000000","人","4794","従業者数_うち常用雇用者","家具・建具・畳小売業","100～199人","総数"
"105-2024","601","09","0","00000","2024000000","人","1681","従業者数_うち常用雇用者","家具・建具・畳小売業","200～299人","総数"
"105-2024","601","10","0","00000","2024000000","人","1599","従業者数_うち常用雇用者","家具・建具・畳小売業","300人以上","総数"
"105-2024","602","00","0","00000","2024000000","人","26807","従業者数_うち常用雇用者","じゅう器小売業","総数","総数"
"105-2024","602","01","0","00000","2024000000","人","***","従業者数_うち常用雇用者","じゅう器小売業","0人","総数"
"105-2024","602","02","0","00000","2024000000","人","9127","従業者数_うち常用雇用者","じゅう器小売業","1～4人","総数"
"105-2024","602","03","0","00000","2024000000","人","8131","従業者数_うち常用雇用者","じゅう器小売業","5～9人","総数"
"105-2024","602","04","0","00000","2024000000","人","5002","従業者数_うち常用雇用者","じゅう器小売業","10～19人","総数"
"105-2024","602","05","0","00000","2024000000","人","1465","従業者数_うち常用雇用者","じゅう器小売業","20～29人","総数"
"105-2024","602","06","0","00000","2024000000","人","1285","従業者数_うち常用雇用者","じゅう器小売業","30～49人","総数"
"105-2024","602","07","0","00000","2024000000","人","1138","従業者数_うち常用雇用者","じゅう器小売業","50～99人","総数"
"105-2024","602","08","0","00000","2024000000","人","226","従業者数_うち常用雇用者","じゅう器小売業","100～199人","総数"
"105-2024","602","09","0","00000","2024000000","人","433","従業者数_うち常用雇用者","じゅう器小売業","200～299人","総数"
"105-2024","602","10","0","00000","2024000000","人","***","従業者数_うち常用雇用者","じゅう器小売業","300人以上","総数"
"105-2024","603","00","0","00000","2024000000","人","332861","従業者数_うち常用雇用者","医薬品・化粧品小売業","総数","総数"
"105-2024","603","01","0","00000","2024000000","人","***","従業者数_うち常用雇用者","医薬品・化粧品小売業","0人","総数"
"105-2024","603","02","0","00000","2024000000","人","82498","従業者数_うち常用雇用者","医薬品・化粧品小売業","1～4人","総数"
"105-2024","603","03","0","00000","2024000000","人","138009","従業者数_うち常用雇用者","医薬品・化粧品小売業","5～9人","総数"
"105-2024","603","04","0","00000","2024000000","人","78268","従業者数_うち常用雇用者","医薬品・化粧品小売業","10～19人","総数"
"105-2024","603","05","0","00000","2024000000","人","16708","従業者数_うち常用雇用者","医薬品・化粧品小売業","20～29人","総数"
"105-2024","603","06","0","00000","2024000000","人","9267","従業者数_うち常用雇用者","医薬品・化粧品小売業","30～49人","総数"
"105-2024","603","07","0","00000","2024000000","人","5297","従業者数_うち常用雇用者","医薬品・化粧品小売業","50～99人","総数"
"105-2024","603","08","0","00000","2024000000","人","1732","従業者数_うち常用雇用者","医薬品・化粧品小売業","100～199人","総数"
"105-2024","603","09","0","00000","2024000000","人","537","従業者数_うち常用雇用者","医薬品・化粧品小売業","200～299人","総数"
"105-2024","603","10","0","00000","2024000000","人","545","従業者数_うち常用雇用者","医薬品・化粧品小売業","300人以上","総数"
"105-2024","604","00","0","00000","2024000000","人","44089","従業者数_うち常用雇用者","農耕用品小売業","総数","総数"
"105-2024","604","01","0","00000","2024000000","人","***","従業者数_うち常用雇用者","農耕用品小売業","0人","総数"
"105-2024","604","02","0","00000","2024000000","人","9414","従業者数_うち常用雇用者","農耕用品小売業","1～4人","総数"
"105-2024","604","03","0","00000","2024000000","人","15879","従業者数_うち常用雇用者","農耕用品小売業","5～9人","総数"
"105-2024","604","04","0","00000","2024000000","人","11023","従業者数_うち常用雇用者","農耕用品小売業","10～19人","総数"
"105-2024","604","05","0","00000","2024000000","人","3084","従業者数_うち常用雇用者","農耕用品小売業","20～29人","総数"
"105-2024","604","06","0","00000","2024000000","人","2587","従業者数_うち常用雇用者","農耕用品小売業","30～49人","総数"
"105-2024","604","07","0","00000","2024000000","人","1530","従業者数_うち常用雇用者","農耕用品小売業","50～99人","総数"
"105-2024","604","08","0","00000","2024000000","人","572","従業者数_うち常用雇用者","農耕用品小売業","100～199人","総数"
"105-2024","604","09","0","00000","2024000000","人","***","従業者数_うち常用雇用者","農耕用品小売業","200～299人","総数"
"105-2024","604","10","0","00000","2024000000","人","***","従業者数_うち常用雇用者","農耕用品小売業","300人以上","総数"
"105-2024","605","00","0","00000","2024000000","人","229062","従業者数_うち常用雇用者","燃料小売業","総数","総数"
"105-2024","605","01","0","00000","2024000000","人","***","従業者数_うち常用雇用者","燃料小売業","0人","総数"
"105-2024","605","02","0","00000","2024000000","人","46832","従業者数_うち常用雇用者","燃料小売業","1～4人","総数"
"105-2024","605","03","0","00000","2024000000","人","72878","従業者数_うち常用雇用者","燃料小売業","5～9人","総数"
"105-2024","605","04","0","00000","2024000000","人","67598","従業者数_うち常用雇用者","燃料小売業","10～19人","総数"
"105-2024","605","05","0","00000","2024000000","人","19604","従業者数_うち常用雇用者","燃料小売業","20～29人","総数"
"105-2024","605","06","0","00000","2024000000","人","10228","従業者数_うち常用雇用者","燃料小売業","30～49人","総数"
"105-2024","605","07","0","00000","2024000000","人","5457","従業者数_うち常用雇用者","燃料小売業","50～99人","総数"
"105-2024","605","08","0","00000","2024000000","人","2297","従業者数_うち常用雇用者","燃料小売業","100～199人","総数"
"105-2024","605","09","0","00000","2024000000","人","926","従業者数_うち常用雇用者","燃料小売業","200～299人","総数"
"105-2024","605","10","0","00000","2024000000","人","3242","従業者数_うち常用雇用者","燃料小売業","300人以上","総数"
"105-2024","606","00","0","00000","2024000000","人","255632","従業者数_うち常用雇用者","書籍・文房具小売業","総数","総数"
"105-2024","606","01","0","00000","2024000000","人","***","従業者数_うち常用雇用者","書籍・文房具小売業","0人","総数"
"105-2024","606","02","0","00000","2024000000","人","13901","従業者数_うち常用雇用者","書籍・文房具小売業","1～4人","総数"
"105-2024","606","03","0","00000","2024000000","人","22657","従業者数_うち常用雇用者","書籍・文房具小売業","5～9人","総数"
"105-2024","606","04","0","00000","2024000000","人","60619","従業者数_うち常用雇用者","書籍・文房具小売業","10～19人","総数"
"105-2024","606","05","0","00000","2024000000","人","53938","従業者数_うち常用雇用者","書籍・文房具小売業","20～29人","総数"
"105-2024","606","06","0","00000","2024000000","人","57921","従業者数_うち常用雇用者","書籍・文房具小売業","30～49人","総数"
"105-2024","606","07","0","00000","2024000000","人","30699","従業者数_うち常用雇用者","書籍・文房具小売業","50～99人","総数"
"105-2024","606","08","0","00000","2024000000","人","11835","従業者数_うち常用雇用者","書籍・文房具小売業","100～199人","総数"
"105-2024","606","09","0","00000","2024000000","人","2351","従業者数_うち常用雇用者","書籍・文房具小売業","200～299人","総数"
"105-2024","606","10","0","00000","2024000000","人","1711","従業者数_うち常用雇用者","書籍・文房具小売業","300人以上","総数"
"105-2024","607","00","0","00000","2024000000","人","107572","従業者数_うち常用雇用者","スポーツ用品・がん具・娯楽用品・楽器小売業","総数","総数"
"105-2024","607","01","0","00000","2024000000","人","***","従業者数_うち常用雇用者","スポーツ用品・がん具・娯楽用品・楽器小売業","0人","総数"
"105-2024","607","02","0","00000","2024000000","人","14806","従業者数_うち常用雇用者","スポーツ用品・がん具・娯楽用品・楽器小売業","1～4人","総数"
"105-2024","607","03","0","00000","2024000000","人","19257","従業者数_うち常用雇用者","スポーツ用品・がん具・娯楽用品・楽器小売業","5～9人","総数"
"105-2024","607","04","0","00000","2024000000","人","22442","従業者数_うち常用雇用者","スポーツ用品・がん具・娯楽用品・楽器小売業","10～19人","総数"
"105-2024","607","05","0","00000","2024000000","人","14398","従業者数_うち常用雇用者","スポーツ用品・がん具・娯楽用品・楽器小売業","20～29人","総数"
"105-2024","607","06","0","00000","2024000000","人","20513","従業者数_うち常用雇用者","スポーツ用品・がん具・娯楽用品・楽器小売業","30～49人","総数"
"105-2024","607","07","0","00000","2024000000","人","12384","従業者数_うち常用雇用者","スポーツ用品・がん具・娯楽用品・楽器小売業","50～99人","総数"
"105-2024","607","08","0","00000","2024000000","人","2682","従業者数_うち常用雇用者","スポーツ用品・がん具・娯楽用品・楽器小売業","100～199人","総数"
"105-2024","607","09","0","00000","2024000000","人","421","従業者数_うち常用雇用者","スポーツ用品・がん具・娯楽用品・楽器小売業","200～299人","総数"
"105-2024","607","10","0","00000","2024000000","人","669","従業者数_うち常用雇用者","スポーツ用品・がん具・娯楽用品・楽器小売業","300人以上","総数"
"105-2024","60A","00","0","00000","2024000000","人","71489","従業者数_うち常用雇用者","スポーツ用品小売業","総数","総数"
"105-2024","60A","01","0","00000","2024000000","人","***","従業者数_うち常用雇用者","スポーツ用品小売業","0人","総数"
"105-2024","60A","02","0","00000","2024000000","人","9496","従業者数_うち常用雇用者","スポーツ用品小売業","1～4人","総数"
"105-2024","60A","03","0","00000","2024000000","人","11342","従業者数_うち常用雇用者","スポーツ用品小売業","5～9人","総数"
"105-2024","60A","04","0","00000","2024000000","人","13954","従業者数_うち常用雇用者","スポーツ用品小売業","10～19人","総数"
"105-2024","60A","05","0","00000","2024000000","人","9623","従業者数_うち常用雇用者","スポーツ用品小売業","20～29人","総数"
"105-2024","60A","06","0","00000","2024000000","人","15122","従業者数_うち常用雇用者","スポーツ用品小売業","30～49人","総数"
"105-2024","60A","07","0","00000","2024000000","人","9794","従業者数_うち常用雇用者","スポーツ用品小売業","50～99人","総数"
"105-2024","60A","08","0","00000","2024000000","人","1807","従業者数_うち常用雇用者","スポーツ用品小売業","100～199人","総数"
"105-2024","60A","09","0","00000","2024000000","人","***","従業者数_うち常用雇用者","スポーツ用品小売業","200～299人","総数"
"105-2024","60A","10","0","00000","2024000000","人","351","従業者数_うち常用雇用者","スポーツ用品小売業","300人以上","総数"
"105-2024","60B","00","0","00000","2024000000","人","24418","従業者数_うち常用雇用者","がん具・娯楽用品小売業","総数","総数"
"105-2024","60B","01","0","00000","2024000000","人","***","従業者数_うち常用雇用者","がん具・娯楽用品小売業","0人","総数"
"105-2024","60B","02","0","00000","2024000000","人","3287","従業者数_うち常用雇用者","がん具・娯楽用品小売業","1～4人","総数"
"105-2024","60B","03","0","00000","2024000000","人","4928","従業者数_うち常用雇用者","がん具・娯楽用品小売業","5～9人","総数"
"105-2024","60B","04","0","00000","2024000000","人","4891","従業者数_うち常用雇用者","がん具・娯楽用品小売業","10～19人","総数"
"105-2024","60B","05","0","00000","2024000000","人","3622","従業者数_うち常用雇用者","がん具・娯楽用品小売業","20～29人","総数"
"105-2024","60B","06","0","00000","2024000000","人","4590","従業者数_うち常用雇用者","がん具・娯楽用品小売業","30～49人","総数"
"105-2024","60B","07","0","00000","2024000000","人","2205","従業者数_うち常用雇用者","がん具・娯楽用品小売業","50～99人","総数"
"105-2024","60B","08","0","00000","2024000000","人","694","従業者数_うち常用雇用者","がん具・娯楽用品小売業","100～199人","総数"
"105-2024","60B","09","0","00000","2024000000","人","201","従業者数_うち常用雇用者","がん具・娯楽用品小売業","200～299人","総数"
"105-2024","60B","10","0","00000","2024000000","人","***","従業者数_うち常用雇用者","がん具・娯楽用品小売業","300人以上","総数"
"105-2024","60C","00","0","00000","2024000000","人","11665","従業者数_うち常用雇用者","楽器小売業","総数","総数"
"105-2024","60C","01","0","00000","2024000000","人","***","従業者数_うち常用雇用者","楽器小売業","0人","総数"
"105-2024","60C","02","0","00000","2024000000","人","2023","従業者数_うち常用雇用者","楽器小売業","1～4人","総数"
"105-2024","60C","03","0","00000","2024000000","人","2987","従業者数_うち常用雇用者","楽器小売業","5～9人","総数"
"105-2024","60C","04","0","00000","2024000000","人","3597","従業者数_うち常用雇用者","楽器小売業","10～19人","総数"
"105-2024","60C","05","0","00000","2024000000","人","1153","従業者数_うち常用雇用者","楽器小売業","20～29人","総数"
"105-2024","60C","06","0","00000","2024000000","人","801","従業者数_うち常用雇用者","楽器小売業","30～49人","総数"
"105-2024","60C","07","0","00000","2024000000","人","385","従業者数_うち常用雇用者","楽器小売業","50～99人","総数"
"105-2024","60C","08","0","00000","2024000000","人","181","従業者数_うち常用雇用者","楽器小売業","100～199人","総数"
"105-2024","60C","09","0","00000","2024000000","人","220","従業者数_うち常用雇用者","楽器小売業","200～299人","総数"
"105-2024","60C","10","0","00000","2024000000","人","318","従業者数_うち常用雇用者","楽器小売業","300人以上","総数"
"105-2024","608","00","0","00000","2024000000","人","58530","従業者数_うち常用雇用者","写真機・時計・眼鏡小売業","総数","総数"
"105-2024","608","01","0","00000","2024000000","人","***","従業者数_うち常用雇用者","写真機・時計・眼鏡小売業","0人","総数"
"105-2024","608","02","0","00000","2024000000","人","19515","従業者数_うち常用雇用者","写真機・時計・眼鏡小売業","1～4人","総数"
"105-2024","608","03","0","00000","2024000000","人","24872","従業者数_うち常用雇用者","写真機・時計・眼鏡小売業","5～9人","総数"
"105-2024","608","04","0","00000","2024000000","人","9383","従業者数_うち常用雇用者","写真機・時計・眼鏡小売業","10～19人","総数"
"105-2024","608","05","0","00000","2024000000","人","1594","従業者数_うち常用雇用者","写真機・時計・眼鏡小売業","20～29人","総数"
"105-2024","608","06","0","00000","2024000000","人","1352","従業者数_うち常用雇用者","写真機・時計・眼鏡小売業","30～49人","総数"
"105-2024","608","07","0","00000","2024000000","人","789","従業者数_うち常用雇用者","写真機・時計・眼鏡小売業","50～99人","総数"
"105-2024","608","08","0","00000","2024000000","人","755","従業者数_うち常用雇用者","写真機・時計・眼鏡小売業","100～199人","総数"
"105-2024","608","09","0","00000","2024000000","人","270","従業者数_うち常用雇用者","写真機・時計・眼鏡小売業","200～299人","総数"
"105-2024","608","10","0","00000","2024000000","人","***","従業者数_うち常用雇用者","写真機・時計・眼鏡小売業","300人以上","総数"
"105-2024","609","00","0","00000","2024000000","人","266819","従業者数_うち常用雇用者","他に分類されない小売業","総数","総数"
"105-2024","609","01","0","00000","2024000000","人","***","従業者数_うち常用雇用者","他に分類されない小売業","0人","総数"
"105-2024","609","02","0","00000","2024000000","人","62050","従業者数_うち常用雇用者","他に分類されない小売業","1～4人","総数"
"105-2024","609","03","0","00000","2024000000","人","55494","従業者数_うち常用雇用者","他に分類されない小売業","5～9人","総数"
"105-2024","609","04","0","00000","2024000000","人","56518","従業者数_うち常用雇用者","他に分類されない小売業","10～19人","総数"
"105-2024","609","05","0","00000","2024000000","人","30808","従業者数_うち常用雇用者","他に分類されない小売業","20～29人","総数"
"105-2024","609","06","0","00000","2024000000","人","19844","従業者数_うち常用雇用者","他に分類されない小売業","30～49人","総数"
"105-2024","609","07","0","00000","2024000000","人","15727","従業者数_うち常用雇用者","他に分類されない小売業","50～99人","総数"
"105-2024","609","08","0","00000","2024000000","人","13734","従業者数_うち常用雇用者","他に分類されない小売業","100～199人","総数"
"105-2024","609","09","0","00000","2024000000","人","9239","従業者数_うち常用雇用者","他に分類されない小売業","200～299人","総数"
"105-2024","609","10","0","00000","2024000000","人","3405","従業者数_うち常用雇用者","他に分類されない小売業","300人以上","総数"
"105-2024","60D","00","0","00000","2024000000","人","35064","従業者数_うち常用雇用者","花・植木小売業","総数","総数"
"105-2024","60D","01","0","00000","2024000000","人","***","従業者数_うち常用雇用者","花・植木小売業","0人","総数"
"105-2024","60D","02","0","00000","2024000000","人","15768","従業者数_うち常用雇用者","花・植木小売業","1～4人","総数"
"105-2024","60D","03","0","00000","2024000000","人","9841","従業者数_うち常用雇用者","花・植木小売業","5～9人","総数"
"105-2024","60D","04","0","00000","2024000000","人","5032","従業者数_うち常用雇用者","花・植木小売業","10～19人","総数"
"105-2024","60D","05","0","00000","2024000000","人","1851","従業者数_うち常用雇用者","花・植木小売業","20～29人","総数"
"105-2024","60D","06","0","00000","2024000000","人","1219","従業者数_うち常用雇用者","花・植木小売業","30～49人","総数"
"105-2024","60D","07","0","00000","2024000000","人","815","従業者数_うち常用雇用者","花・植木小売業","50～99人","総数"
"105-2024","60D","08","0","00000","2024000000","人","299","従業者数_うち常用雇用者","花・植木小売業","100～199人","総数"
"105-2024","60D","09","0","00000","2024000000","人","239","従業者数_うち常用雇用者","花・植木小売業","200～299人","総数"
"105-2024","60D","10","0","00000","2024000000","人","***","従業者数_うち常用雇用者","花・植木小売業","300人以上","総数"
"105-2024","60E","00","0","00000","2024000000","人","25552","従業者数_うち常用雇用者","ペット・ペット用品小売業","総数","総数"
"105-2024","60E","01","0","00000","2024000000","人","***","従業者数_うち常用雇用者","ペット・ペット用品小売業","0人","総数"
"105-2024","60E","02","0","00000","2024000000","人","3367","従業者数_うち常用雇用者","ペット・ペット用品小売業","1～4人","総数"
"105-2024","60E","03","0","00000","2024000000","人","7034","従業者数_うち常用雇用者","ペット・ペット用品小売業","5～9人","総数"
"105-2024","60E","04","0","00000","2024000000","人","8686","従業者数_うち常用雇用者","ペット・ペット用品小売業","10～19人","総数"
"105-2024","60E","05","0","00000","2024000000","人","3358","従業者数_うち常用雇用者","ペット・ペット用品小売業","20～29人","総数"
"105-2024","60E","06","0","00000","2024000000","人","2120","従業者数_うち常用雇用者","ペット・ペット用品小売業","30～49人","総数"
"105-2024","60E","07","0","00000","2024000000","人","333","従業者数_うち常用雇用者","ペット・ペット用品小売業","50～99人","総数"
"105-2024","60E","08","0","00000","2024000000","人","272","従業者数_うち常用雇用者","ペット・ペット用品小売業","100～199人","総数"
"105-2024","60E","09","0","00000","2024000000","人","***","従業者数_うち常用雇用者","ペット・ペット用品小売業","200～299人","総数"
"105-2024","60E","10","0","00000","2024000000","人","382","従業者数_うち常用雇用者","ペット・ペット用品小売業","300人以上","総数"
"105-2024","60F","00","0","00000","2024000000","人","67213","従業者数_うち常用雇用者","中古品小売業（他に分類されないもの）","総数","総数"
"105-2024","60F","01","0","00000","2024000000","人","***","従業者数_うち常用雇用者","中古品小売業（他に分類されないもの）","0人","総数"
"105-2024","60F","02","0","00000","2024000000","人","6252","従業者数_うち常用雇用者","中古品小売業（他に分類されないもの）","1～4人","総数"
"105-2024","60F","03","0","00000","2024000000","人","10628","従業者数_うち常用雇用者","中古品小売業（他に分類されないもの）","5～9人","総数"
"105-2024","60F","04","0","00000","2024000000","人","22801","従業者数_うち常用雇用者","中古品小売業（他に分類されないもの）","10～19人","総数"
"105-2024","60F","05","0","00000","2024000000","人","14545","従業者数_うち常用雇用者","中古品小売業（他に分類されないもの）","20～29人","総数"
"105-2024","60F","06","0","00000","2024000000","人","7385","従業者数_うち常用雇用者","中古品小売業（他に分類されないもの）","30～49人","総数"
"105-2024","60F","07","0","00000","2024000000","人","4293","従業者数_うち常用雇用者","中古品小売業（他に分類されないもの）","50～99人","総数"
"105-2024","60F","08","0","00000","2024000000","人","1052","従業者数_うち常用雇用者","中古品小売業（他に分類されないもの）","100～199人","総数"
"105-2024","60F","09","0","00000","2024000000","人","257","従業者数_うち常用雇用者","中古品小売業（他に分類されないもの）","200～299人","総数"
"105-2024","60F","10","0","00000","2024000000","人","***","従業者数_うち常用雇用者","中古品小売業（他に分類されないもの）","300人以上","総数"
"105-2024","60G","00","0","00000","2024000000","人","138990","従業者数_うち常用雇用者","他に分類されないその他の小売業","総数","総数"
"105-2024","60G","01","0","00000","2024000000","人","***","従業者数_うち常用雇用者","他に分類されないその他の小売業","0人","総数"
"105-2024","60G","02","0","00000","2024000000","人","36663","従業者数_うち常用雇用者","他に分類されないその他の小売業","1～4人","総数"
"105-2024","60G","03","0","00000","2024000000","人","27991","従業者数_うち常用雇用者","他に分類されないその他の小売業","5～9人","総数"
"105-2024","60G","04","0","00000","2024000000","人","19999","従業者数_うち常用雇用者","他に分類されないその他の小売業","10～19人","総数"
"105-2024","60G","05","0","00000","2024000000","人","11054","従業者数_うち常用雇用者","他に分類されないその他の小売業","20～29人","総数"
"105-2024","60G","06","0","00000","2024000000","人","9120","従業者数_うち常用雇用者","他に分類されないその他の小売業","30～49人","総数"
"105-2024","60G","07","0","00000","2024000000","人","10286","従業者数_うち常用雇用者","他に分類されないその他の小売業","50～99人","総数"
"105-2024","60G","08","0","00000","2024000000","人","12111","従業者数_うち常用雇用者","他に分類されないその他の小売業","100～199人","総数"
"105-2024","60G","09","0","00000","2024000000","人","8743","従業者数_うち常用雇用者","他に分類されないその他の小売業","200～299人","総数"
"105-2024","60G","10","0","00000","2024000000","人","3023","従業者数_うち常用雇用者","他に分類されないその他の小売業","300人以上","総数"
"105-2024","61","00","0","00000","2024000000","人","264951","従業者数_うち常用雇用者","無店舗小売業","総数","総数"
"105-2024","61","01","0","00000","2024000000","人","***","従業者数_うち常用雇用者","無店舗小売業","0人","総数"
"105-2024","61","02","0","00000","2024000000","人","27971","従業者数_うち常用雇用者","無店舗小売業","1～4人","総数"
"105-2024","61","03","0","00000","2024000000","人","30446","従業者数_うち常用雇用者","無店舗小売業","5～9人","総数"
"105-2024","61","04","0","00000","2024000000","人","37435","従業者数_うち常用雇用者","無店舗小売業","10～19人","総数"
"105-2024","61","05","0","00000","2024000000","人","23958","従業者数_うち常用雇用者","無店舗小売業","20～29人","総数"
"105-2024","61","06","0","00000","2024000000","人","33561","従業者数_うち常用雇用者","無店舗小売業","30～49人","総数"
"105-2024","61","07","0","00000","2024000000","人","44607","従業者数_うち常用雇用者","無店舗小売業","50～99人","総数"
"105-2024","61","08","0","00000","2024000000","人","26257","従業者数_うち常用雇用者","無店舗小売業","100～199人","総数"
"105-2024","61","09","0","00000","2024000000","人","8508","従業者数_うち常用雇用者","無店舗小売業","200～299人","総数"
"105-2024","61","10","0","00000","2024000000","人","32208","従業者数_うち常用雇用者","無店舗小売業","300人以上","総数"
"105-2024","610","00","0","00000","2024000000","人","6606","従業者数_うち常用雇用者","管理、補助的経済活動を行う事業所（61_無店舗小売業）","総数","総数"
"105-2024","610","01","0","00000","2024000000","人","***","従業者数_うち常用雇用者","管理、補助的経済活動を行う事業所（61_無店舗小売業）","0人","総数"
"105-2024","610","02","0","00000","2024000000","人","161","従業者数_うち常用雇用者","管理、補助的経済活動を行う事業所（61_無店舗小売業）","1～4人","総数"
"105-2024","610","03","0","00000","2024000000","人","252","従業者数_うち常用雇用者","管理、補助的経済活動を行う事業所（61_無店舗小売業）","5～9人","総数"
"105-2024","610","04","0","00000","2024000000","人","399","従業者数_うち常用雇用者","管理、補助的経済活動を行う事業所（61_無店舗小売業）","10～19人","総数"
"105-2024","610","05","0","00000","2024000000","人","240","従業者数_うち常用雇用者","管理、補助的経済活動を行う事業所（61_無店舗小売業）","20～29人","総数"
"105-2024","610","06","0","00000","2024000000","人","827","従業者数_うち常用雇用者","管理、補助的経済活動を行う事業所（61_無店舗小売業）","30～49人","総数"
"105-2024","610","07","0","00000","2024000000","人","1422","従業者数_うち常用雇用者","管理、補助的経済活動を行う事業所（61_無店舗小売業）","50～99人","総数"
"105-2024","610","08","0","00000","2024000000","人","1587","従業者数_うち常用雇用者","管理、補助的経済活動を行う事業所（61_無店舗小売業）","100～199人","総数"
"105-2024","610","09","0","00000","2024000000","人","656","従業者数_うち常用雇用者","管理、補助的経済活動を行う事業所（61_無店舗小売業）","200～299人","総数"
"105-2024","610","10","0","00000","2024000000","人","1062","従業者数_うち常用雇用者","管理、補助的経済活動を行う事業所（61_無店舗小売業）","300人以上","総数"
"105-2024","611","00","0","00000","2024000000","人","197851","従業者数_うち常用雇用者","通信販売・訪問販売小売業","総数","総数"
"105-2024","611","01","0","00000","2024000000","人","***","従業者数_うち常用雇用者","通信販売・訪問販売小売業","0人","総数"
"105-2024","611","02","0","00000","2024000000","人","21795","従業者数_うち常用雇用者","通信販売・訪問販売小売業","1～4人","総数"
"105-2024","611","03","0","00000","2024000000","人","22184","従業者数_うち常用雇用者","通信販売・訪問販売小売業","5～9人","総数"
"105-2024","611","04","0","00000","2024000000","人","26456","従業者数_うち常用雇用者","通信販売・訪問販売小売業","10～19人","総数"
"105-2024","611","05","0","00000","2024000000","人","14967","従業者数_うち常用雇用者","通信販売・訪問販売小売業","20～29人","総数"
"105-2024","611","06","0","00000","2024000000","人","21947","従業者数_うち常用雇用者","通信販売・訪問販売小売業","30～49人","総数"
"105-2024","611","07","0","00000","2024000000","人","34932","従業者数_うち常用雇用者","通信販売・訪問販売小売業","50～99人","総数"
"105-2024","611","08","0","00000","2024000000","人","20739","従業者数_うち常用雇用者","通信販売・訪問販売小売業","100～199人","総数"
"105-2024","611","09","0","00000","2024000000","人","7080","従業者数_うち常用雇用者","通信販売・訪問販売小売業","200～299人","総数"
"105-2024","611","10","0","00000","2024000000","人","27751","従業者数_うち常用雇用者","通信販売・訪問販売小売業","300人以上","総数"
"105-2024","612","00","0","00000","2024000000","人","25254","従業者数_うち常用雇用者","自動販売機による小売業","総数","総数"
"105-2024","612","01","0","00000","2024000000","人","***","従業者数_うち常用雇用者","自動販売機による小売業","0人","総数"
"105-2024","612","02","0","00000","2024000000","人","1119","従業者数_うち常用雇用者","自動販売機による小売業","1～4人","総数"
"105-2024","612","03","0","00000","2024000000","人","3155","従業者数_うち常用雇用者","自動販売機による小売業","5～9人","総数"
"105-2024","612","04","0","00000","2024000000","人","4905","従業者数_うち常用雇用者","自動販売機による小売業","10～19人","総数"
"105-2024","612","05","0","00000","2024000000","人","5114","従業者数_うち常用雇用者","自動販売機による小売業","20～29人","総数"
"105-2024","612","06","0","00000","2024000000","人","6866","従業者数_うち常用雇用者","自動販売機による小売業","30～49人","総数"
"105-2024","612","07","0","00000","2024000000","人","3300","従業者数_うち常用雇用者","自動販売機による小売業","50～99人","総数"
"105-2024","612","08","0","00000","2024000000","人","561","従業者数_うち常用雇用者","自動販売機による小売業","100～199人","総数"
"105-2024","612","09","0","00000","2024000000","人","234","従業者数_うち常用雇用者","自動販売機による小売業","200～299人","総数"
"105-2024","612","10","0","00000","2024000000","人","***","従業者数_うち常用雇用者","自動販売機による小売業","300人以上","総数"
"105-2024","619","00","0","00000","2024000000","人","35240","従業者数_うち常用雇用者","その他の無店舗小売業","総数","総数"
"105-2024","619","01","0","00000","2024000000","人","***","従業者数_うち常用雇用者","その他の無店舗小売業","0人","総数"
"105-2024","619","02","0","00000","2024000000","人","4896","従業者数_うち常用雇用者","その他の無店舗小売業","1～4人","総数"
"105-2024","619","03","0","00000","2024000000","人","4855","従業者数_うち常用雇用者","その他の無店舗小売業","5～9人","総数"
"105-2024","619","04","0","00000","2024000000","人","5675","従業者数_うち常用雇用者","その他の無店舗小売業","10～19人","総数"
"105-2024","619","05","0","00000","2024000000","人","3637","従業者数_うち常用雇用者","その他の無店舗小売業","20～29人","総数"
"105-2024","619","06","0","00000","2024000000","人","3921","従業者数_うち常用雇用者","その他の無店舗小売業","30～49人","総数"
"105-2024","619","07","0","00000","2024000000","人","4953","従業者数_うち常用雇用者","その他の無店舗小売業","50～99人","総数"
"105-2024","619","08","0","00000","2024000000","人","3370","従業者数_うち常用雇用者","その他の無店舗小売業","100～199人","総数"
"105-2024","619","09","0","00000","2024000000","人","538","従業者数_うち常用雇用者","その他の無店舗小売業","200～299人","総数"
"105-2024","619","10","0","00000","2024000000","人","3395","従業者数_うち常用雇用者","その他の無店舗小売業","300人以上","総数"
"105-2024","J","00","0","00000","2024000000","人","1385413","従業者数_うち常用雇用者","金融業、保険業","総数","総数"
"105-2024","J","01","0","00000","2024000000","人","***","従業者数_うち常用雇用者","金融業、保険業","0人","総数"
"105-2024","J","02","0","00000","2024000000","人","55461","従業者数_うち常用雇用者","金融業、保険業","1～4人","総数"
"105-2024","J","03","0","00000","2024000000","人","104074","従業者数_うち常用雇用者","金融業、保険業","5～9人","総数"
"105-2024","J","04","0","00000","2024000000","人","227758","従業者数_うち常用雇用者","金融業、保険業","10～19人","総数"
"105-2024","J","05","0","00000","2024000000","人","163080","従業者数_うち常用雇用者","金融業、保険業","20～29人","総数"
"105-2024","J","06","0","00000","2024000000","人","198956","従業者数_うち常用雇用者","金融業、保険業","30～49人","総数"
"105-2024","J","07","0","00000","2024000000","人","178946","従業者数_うち常用雇用者","金融業、保険業","50～99人","総数"
"105-2024","J","08","0","00000","2024000000","人","106016","従業者数_うち常用雇用者","金融業、保険業","100～199人","総数"
"105-2024","J","09","0","00000","2024000000","人","52175","従業者数_うち常用雇用者","金融業、保険業","200～299人","総数"
"105-2024","J","10","0","00000","2024000000","人","298947","従業者数_うち常用雇用者","金融業、保険業","300人以上","総数"
"105-2024","62","00","0","00000","2024000000","人","362452","従業者数_うち常用雇用者","銀行業","総数","総数"
"105-2024","62","01","0","00000","2024000000","人","***","従業者数_うち常用雇用者","銀行業","0人","総数"
"105-2024","62","02","0","00000","2024000000","人","3140","従業者数_うち常用雇用者","銀行業","1～4人","総数"
"105-2024","62","03","0","00000","2024000000","人","19036","従業者数_うち常用雇用者","銀行業","5～9人","総数"
"105-2024","62","04","0","00000","2024000000","人","63840","従業者数_うち常用雇用者","銀行業","10～19人","総数"
"105-2024","62","05","0","00000","2024000000","人","44727","従業者数_うち常用雇用者","銀行業","20～29人","総数"
"105-2024","62","06","0","00000","2024000000","人","49256","従業者数_うち常用雇用者","銀行業","30～49人","総数"
"105-2024","62","07","0","00000","2024000000","人","35168","従業者数_うち常用雇用者","銀行業","50～99人","総数"
"105-2024","62","08","0","00000","2024000000","人","21600","従業者数_うち常用雇用者","銀行業","100～199人","総数"
"105-2024","62","09","0","00000","2024000000","人","11705","従業者数_うち常用雇用者","銀行業","200～299人","総数"
"105-2024","62","10","0","00000","2024000000","人","113980","従業者数_うち常用雇用者","銀行業","300人以上","総数"
"105-2024","620","00","0","00000","2024000000","人","6580","従業者数_うち常用雇用者","管理、補助的経済活動を行う事業所（62_銀行業）","総数","総数"
"105-2024","620","01","0","00000","2024000000","人","***","従業者数_うち常用雇用者","管理、補助的経済活動を行う事業所（62_銀行業）","0人","総数"
"105-2024","620","02","0","00000","2024000000","人","29","従業者数_うち常用雇用者","管理、補助的経済活動を行う事業所（62_銀行業）","1～4人","総数"
"105-2024","620","03","0","00000","2024000000","人","52","従業者数_うち常用雇用者","管理、補助的経済活動を行う事業所（62_銀行業）","5～9人","総数"
"105-2024","620","04","0","00000","2024000000","人","391","従業者数_うち常用雇用者","管理、補助的経済活動を行う事業所（62_銀行業）","10～19人","総数"
"105-2024","620","05","0","00000","2024000000","人","335","従業者数_うち常用雇用者","管理、補助的経済活動を行う事業所（62_銀行業）","20～29人","総数"
"105-2024","620","06","0","00000","2024000000","人","391","従業者数_うち常用雇用者","管理、補助的経済活動を行う事業所（62_銀行業）","30～49人","総数"
"105-2024","620","07","0","00000","2024000000","人","951","従業者数_うち常用雇用者","管理、補助的経済活動を行う事業所（62_銀行業）","50～99人","総数"
"105-2024","620","08","0","00000","2024000000","人","254","従業者数_うち常用雇用者","管理、補助的経済活動を行う事業所（62_銀行業）","100～199人","総数"
"105-2024","620","09","0","00000","2024000000","人","265","従業者数_うち常用雇用者","管理、補助的経済活動を行う事業所（62_銀行業）","200～299人","総数"
"105-2024","620","10","0","00000","2024000000","人","3912","従業者数_うち常用雇用者","管理、補助的経済活動を行う事業所（62_銀行業）","300人以上","総数"
"105-2024","621","00","0","00000","2024000000","人","4720","従業者数_うち常用雇用者","中央銀行","総数","総数"
"105-2024","621","01","0","00000","2024000000","人","***","従業者数_うち常用雇用者","中央銀行","0人","総数"
"105-2024","621","02","0","00000","2024000000","人","36","従業者数_うち常用雇用者","中央銀行","1～4人","総数"
"105-2024","621","03","0","00000","2024000000","人","16","従業者数_うち常用雇用者","中央銀行","5～9人","総数"
"105-2024","621","04","0","00000","2024000000","人","***","従業者数_うち常用雇用者","中央銀行","10～19人","総数"
"105-2024","621","05","0","00000","2024000000","人","***","従業者数_うち常用雇用者","中央銀行","20～29人","総数"
"105-2024","621","06","0","00000","2024000000","人","739","従業者数_うち常用雇用者","中央銀行","30～49人","総数"
"105-2024","621","07","0","00000","2024000000","人","792","従業者数_うち常用雇用者","中央銀行","50～99人","総数"
"105-2024","621","08","0","00000","2024000000","人","322","従業者数_うち常用雇用者","中央銀行","100～199人","総数"
"105-2024","621","09","0","00000","2024000000","人","***","従業者数_うち常用雇用者","中央銀行","200～299人","総数"
"105-2024","621","10","0","00000","2024000000","人","2815","従業者数_うち常用雇用者","中央銀行","300人以上","総数"
"105-2024","622","00","0","00000","2024000000","人","351152","従業者数_うち常用雇用者","銀行（中央銀行を除く）","総数","総数"
"105-2024","622","01","0","00000","2024000000","人","***","従業者数_うち常用雇用者","銀行（中央銀行を除く）","0人","総数"
"105-2024","622","02","0","00000","2024000000","人","3075","従業者数_うち常用雇用者","銀行（中央銀行を除く）","1～4人","総数"
"105-2024","622","03","0","00000","2024000000","人","18968","従業者数_うち常用雇用者","銀行（中央銀行を除く）","5～9人","総数"
"105-2024","622","04","0","00000","2024000000","人","63449","従業者数_うち常用雇用者","銀行（中央銀行を除く）","10～19人","総数"
"105-2024","622","05","0","00000","2024000000","人","44392","従業者数_うち常用雇用者","銀行（中央銀行を除く）","20～29人","総数"
"105-2024","622","06","0","00000","2024000000","人","48126","従業者数_うち常用雇用者","銀行（中央銀行を除く）","30～49人","総数"
"105-2024","622","07","0","00000","2024000000","人","33425","従業者数_うち常用雇用者","銀行（中央銀行を除く）","50～99人","総数"
"105-2024","622","08","0","00000","2024000000","人","21024","従業者数_うち常用雇用者","銀行（中央銀行を除く）","100～199人","総数"
"105-2024","622","09","0","00000","2024000000","人","11440","従業者数_うち常用雇用者","銀行（中央銀行を除く）","200～299人","総数"
"105-2024","622","10","0","00000","2024000000","人","107253","従業者数_うち常用雇用者","銀行（中央銀行を除く）","300人以上","総数"
"105-2024","63","00","0","00000","2024000000","人","159225","従業者数_うち常用雇用者","協同組織金融業","総数","総数"
"105-2024","63","01","0","00000","2024000000","人","***","従業者数_うち常用雇用者","協同組織金融業","0人","総数"
"105-2024","63","02","0","00000","2024000000","人","4614","従業者数_うち常用雇用者","協同組織金融業","1～4人","総数"
"105-2024","63","03","0","00000","2024000000","人","23157","従業者数_うち常用雇用者","協同組織金融業","5～9人","総数"
"105-2024","63","04","0","00000","2024000000","人","58809","従業者数_うち常用雇用者","協同組織金融業","10～19人","総数"
"105-2024","63","05","0","00000","2024000000","人","18179","従業者数_うち常用雇用者","協同組織金融業","20～29人","総数"
"105-2024","63","06","0","00000","2024000000","人","9235","従業者数_うち常用雇用者","協同組織金融業","30～49人","総数"
"105-2024","63","07","0","00000","2024000000","人","12422","従業者数_うち常用雇用者","協同組織金融業","50～99人","総数"
"105-2024","63","08","0","00000","2024000000","人","12335","従業者数_うち常用雇用者","協同組織金融業","100～199人","総数"
"105-2024","63","09","0","00000","2024000000","人","7804","従業者数_うち常用雇用者","協同組織金融業","200～299人","総数"
"105-2024","63","10","0","00000","2024000000","人","12670","従業者数_うち常用雇用者","協同組織金融業","300人以上","総数"
"105-2024","630","00","0","00000","2024000000","人","4323","従業者数_うち常用雇用者","管理、補助的経済活動を行う事業所（63_協同組織金融業）","総数","総数"
"105-2024","630","01","0","00000","2024000000","人","***","従業者数_うち常用雇用者","管理、補助的経済活動を行う事業所（63_協同組織金融業）","0人","総数"
"105-2024","630","02","0","00000","2024000000","人","18","従業者数_うち常用雇用者","管理、補助的経済活動を行う事業所（63_協同組織金融業）","1～4人","総数"
"105-2024","630","03","0","00000","2024000000","人","113","従業者数_うち常用雇用者","管理、補助的経済活動を行う事業所（63_協同組織金融業）","5～9人","総数"
"105-2024","630","04","0","00000","2024000000","人","109","従業者数_うち常用雇用者","管理、補助的経済活動を行う事業所（63_協同組織金融業）","10～19人","総数"
"105-2024","630","05","0","00000","2024000000","人","120","従業者数_うち常用雇用者","管理、補助的経済活動を行う事業所（63_協同組織金融業）","20～29人","総数"
"105-2024","630","06","0","00000","2024000000","人","406","従業者数_うち常用雇用者","管理、補助的経済活動を行う事業所（63_協同組織金融業）","30～49人","総数"
"105-2024","630","07","0","00000","2024000000","人","472","従業者数_うち常用雇用者","管理、補助的経済活動を行う事業所（63_協同組織金融業）","50～99人","総数"
"105-2024","630","08","0","00000","2024000000","人","926","従業者数_うち常用雇用者","管理、補助的経済活動を行う事業所（63_協同組織金融業）","100～199人","総数"
"105-2024","630","09","0","00000","2024000000","人","884","従業者数_うち常用雇用者","管理、補助的経済活動を行う事業所（63_協同組織金融業）","200～299人","総数"
"105-2024","630","10","0","00000","2024000000","人","1275","従業者数_うち常用雇用者","管理、補助的経済活動を行う事業所（63_協同組織金融業）","300人以上","総数"
"105-2024","631","00","0","00000","2024000000","人","139908","従業者数_うち常用雇用者","中小企業等金融業","総数","総数"
"105-2024","631","01","0","00000","2024000000","人","***","従業者数_うち常用雇用者","中小企業等金融業","0人","総数"
"105-2024","631","02","0","00000","2024000000","人","3850","従業者数_うち常用雇用者","中小企業等金融業","1～4人","総数"
"105-2024","631","03","0","00000","2024000000","人","21312","従業者数_うち常用雇用者","中小企業等金融業","5～9人","総数"
"105-2024","631","04","0","00000","2024000000","人","56593","従業者数_うち常用雇用者","中小企業等金融業","10～19人","総数"
"105-2024","631","05","0","00000","2024000000","人","17190","従業者数_うち常用雇用者","中小企業等金融業","20～29人","総数"
"105-2024","631","06","0","00000","2024000000","人","8113","従業者数_うち常用雇用者","中小企業等金融業","30～49人","総数"
"105-2024","631","07","0","00000","2024000000","人","9033","従業者数_うち常用雇用者","中小企業等金融業","50～99人","総数"
"105-2024","631","08","0","00000","2024000000","人","8819","従業者数_うち常用雇用者","中小企業等金融業","100～199人","総数"
"105-2024","631","09","0","00000","2024000000","人","5509","従業者数_うち常用雇用者","中小企業等金融業","200～299人","総数"
"105-2024","631","10","0","00000","2024000000","人","9489","従業者数_うち常用雇用者","中小企業等金融業","300人以上","総数"
"105-2024","632","00","0","00000","2024000000","人","14994","従業者数_うち常用雇用者","農林水産金融業","総数","総数"
"105-2024","632","01","0","00000","2024000000","人","***","従業者数_うち常用雇用者","農林水産金融業","0人","総数"
"105-2024","632","02","0","00000","2024000000","人","746","従業者数_うち常用雇用者","農林水産金融業","1～4人","総数"
"105-2024","632","03","0","00000","2024000000","人","1732","従業者数_うち常用雇用者","農林水産金融業","5～9人","総数"
"105-2024","632","04","0","00000","2024000000","人","2107","従業者数_うち常用雇用者","農林水産金融業","10～19人","総数"
"105-2024","632","05","0","00000","2024000000","人","869","従業者数_うち常用雇用者","農林水産金融業","20～29人","総数"
"105-2024","632","06","0","00000","2024000000","人","716","従業者数_うち常用雇用者","農林水産金融業","30～49人","総数"
"105-2024","632","07","0","00000","2024000000","人","2917","従業者数_うち常用雇用者","農林水産金融業","50～99人","総数"
"105-2024","632","08","0","00000","2024000000","人","2590","従業者数_うち常用雇用者","農林水産金融業","100～199人","総数"
"105-2024","632","09","0","00000","2024000000","人","1411","従業者数_うち常用雇用者","農林水産金融業","200～299人","総数"
"105-2024","632","10","0","00000","2024000000","人","1906","従業者数_うち常用雇用者","農林水産金融業","300人以上","総数"
"105-2024","64","00","0","00000","2024000000","人","90515","従業者数_うち常用雇用者","貸金業、クレジットカード業等非預金信用機関","総数","総数"
"105-2024","64","01","0","00000","2024000000","人","***","従業者数_うち常用雇用者","貸金業、クレジットカード業等非預金信用機関","0人","総数"
"105-2024","64","02","0","00000","2024000000","人","3985","従業者数_うち常用雇用者","貸金業、クレジットカード業等非預金信用機関","1～4人","総数"
"105-2024","64","03","0","00000","2024000000","人","3943","従業者数_うち常用雇用者","貸金業、クレジットカード業等非預金信用機関","5～9人","総数"
"105-2024","64","04","0","00000","2024000000","人","6291","従業者数_うち常用雇用者","貸金業、クレジットカード業等非預金信用機関","10～19人","総数"
"105-2024","64","05","0","00000","2024000000","人","4232","従業者数_うち常用雇用者","貸金業、クレジットカード業等非預金信用機関","20～29人","総数"
"105-2024","64","06","0","00000","2024000000","人","6771","従業者数_うち常用雇用者","貸金業、クレジットカード業等非預金信用機関","30～49人","総数"
"105-2024","64","07","0","00000","2024000000","人","9841","従業者数_うち常用雇用者","貸金業、クレジットカード業等非預金信用機関","50～99人","総数"
"105-2024","64","08","0","00000","2024000000","人","13463","従業者数_うち常用雇用者","貸金業、クレジットカード業等非預金信用機関","100～199人","総数"
"105-2024","64","09","0","00000","2024000000","人","5337","従業者数_うち常用雇用者","貸金業、クレジットカード業等非預金信用機関","200～299人","総数"
"105-2024","64","10","0","00000","2024000000","人","36652","従業者数_うち常用雇用者","貸金業、クレジットカード業等非預金信用機関","300人以上","総数"
"105-2024","640","00","0","00000","2024000000","人","2561","従業者数_うち常用雇用者","管理、補助的経済活動を行う事業所（64_貸金業、クレジットカード業等非預金信用機関）","総数","総数"
"105-2024","640","01","0","00000","2024000000","人","***","従業者数_うち常用雇用者","管理、補助的経済活動を行う事業所（64_貸金業、クレジットカード業等非預金信用機関）","0人","総数"
"105-2024","640","02","0","00000","2024000000","人","20","従業者数_うち常用雇用者","管理、補助的経済活動を行う事業所（64_貸金業、クレジットカード業等非預金信用機関）","1～4人","総数"
"105-2024","640","03","0","00000","2024000000","人","18","従業者数_うち常用雇用者","管理、補助的経済活動を行う事業所（64_貸金業、クレジットカード業等非預金信用機関）","5～9人","総数"
"105-2024","640","04","0","00000","2024000000","人","29","従業者数_うち常用雇用者","管理、補助的経済活動を行う事業所（64_貸金業、クレジットカード業等非預金信用機関）","10～19人","総数"
"105-2024","640","05","0","00000","2024000000","人","75","従業者数_うち常用雇用者","管理、補助的経済活動を行う事業所（64_貸金業、クレジットカード業等非預金信用機関）","20～29人","総数"
"105-2024","640","06","0","00000","2024000000","人","46","従業者数_うち常用雇用者","管理、補助的経済活動を行う事業所（64_貸金業、クレジットカード業等非預金信用機関）","30～49人","総数"
"105-2024","640","07","0","00000","2024000000","人","136","従業者数_うち常用雇用者","管理、補助的経済活動を行う事業所（64_貸金業、クレジットカード業等非預金信用機関）","50～99人","総数"
"105-2024","640","08","0","00000","2024000000","人","961","従業者数_うち常用雇用者","管理、補助的経済活動を行う事業所（64_貸金業、クレジットカード業等非預金信用機関）","100～199人","総数"
"105-2024","640","09","0","00000","2024000000","人","230","従業者数_うち常用雇用者","管理、補助的経済活動を行う事業所（64_貸金業、クレジットカード業等非預金信用機関）","200～299人","総数"
"105-2024","640","10","0","00000","2024000000","人","1046","従業者数_うち常用雇用者","管理、補助的経済活動を行う事業所（64_貸金業、クレジットカード業等非預金信用機関）","300人以上","総数"
"105-2024","641","00","0","00000","2024000000","人","13167","従業者数_うち常用雇用者","貸金業","総数","総数"
"105-2024","641","01","0","00000","2024000000","人","***","従業者数_うち常用雇用者","貸金業","0人","総数"
"105-2024","641","02","0","00000","2024000000","人","935","従業者数_うち常用雇用者","貸金業","1～4人","総数"
"105-2024","641","03","0","00000","2024000000","人","1051","従業者数_うち常用雇用者","貸金業","5～9人","総数"
"105-2024","641","04","0","00000","2024000000","人","682","従業者数_うち常用雇用者","貸金業","10～19人","総数"
"105-2024","641","05","0","00000","2024000000","人","435","従業者数_うち常用雇用者","貸金業","20～29人","総数"
"105-2024","641","06","0","00000","2024000000","人","690","従業者数_うち常用雇用者","貸金業","30～49人","総数"
"105-2024","641","07","0","00000","2024000000","人","924","従業者数_うち常用雇用者","貸金業","50～99人","総数"
"105-2024","641","08","0","00000","2024000000","人","1167","従業者数_うち常用雇用者","貸金業","100～199人","総数"
"105-2024","641","09","0","00000","2024000000","人","567","従業者数_うち常用雇用者","貸金業","200～299人","総数"
"105-2024","641","10","0","00000","2024000000","人","6716","従業者数_うち常用雇用者","貸金業","300人以上","総数"
"105-2024","642","00","0","00000","2024000000","人","1969","従業者数_うち常用雇用者","質屋","総数","総数"
"105-2024","642","01","0","00000","2024000000","人","***","従業者数_うち常用雇用者","質屋","0人","総数"
"105-2024","642","02","0","00000","2024000000","人","1404","従業者数_うち常用雇用者","質屋","1～4人","総数"
"105-2024","642","03","0","00000","2024000000","人","430","従業者数_うち常用雇用者","質屋","5～9人","総数"
"105-2024","642","04","0","00000","2024000000","人","103","従業者数_うち常用雇用者","質屋","10～19人","総数"
"105-2024","642","05","0","00000","2024000000","人","***","従業者数_うち常用雇用者","質屋","20～29人","総数"
"105-2024","642","06","0","00000","2024000000","人","32","従業者数_うち常用雇用者","質屋","30～49人","総数"
"105-2024","642","07","0","00000","2024000000","人","***","従業者数_うち常用雇用者","質屋","50～99人","総数"
"105-2024","642","08","0","00000","2024000000","人","***","従業者数_うち常用雇用者","質屋","100～199人","総数"
"105-2024","642","09","0","00000","2024000000","人","***","従業者数_うち常用雇用者","質屋","200～299人","総数"
"105-2024","642","10","0","00000","2024000000","人","***","従業者数_うち常用雇用者","質屋","300人以上","総数"
"105-2024","643","00","0","00000","2024000000","人","53510","従業者数_うち常用雇用者","クレジットカード業、割賦金融業","総数","総数"
"105-2024","643","01","0","00000","2024000000","人","***","従業者数_うち常用雇用者","クレジットカード業、割賦金融業","0人","総数"
"105-2024","643","02","0","00000","2024000000","人","796","従業者数_うち常用雇用者","クレジットカード業、割賦金融業","1～4人","総数"
"105-2024","643","03","0","00000","2024000000","人","1715","従業者数_うち常用雇用者","クレジットカード業、割賦金融業","5～9人","総数"
"105-2024","643","04","0","00000","2024000000","人","3607","従業者数_うち常用雇用者","クレジットカード業、割賦金融業","10～19人","総数"
"105-2024","643","05","0","00000","2024000000","人","2288","従業者数_うち常用雇用者","クレジットカード業、割賦金融業","20～29人","総数"
"105-2024","643","06","0","00000","2024000000","人","3355","従業者数_うち常用雇用者","クレジットカード業、割賦金融業","30～49人","総数"
"105-2024","643","07","0","00000","2024000000","人","6087","従業者数_うち常用雇用者","クレジットカード業、割賦金融業","50～99人","総数"
"105-2024","643","08","0","00000","2024000000","人","9414","従業者数_うち常用雇用者","クレジットカード業、割賦金融業","100～199人","総数"
"105-2024","643","09","0","00000","2024000000","人","3998","従業者数_うち常用雇用者","クレジットカード業、割賦金融業","200～299人","総数"
"105-2024","643","10","0","00000","2024000000","人","22250","従業者数_うち常用雇用者","クレジットカード業、割賦金融業","300人以上","総数"
"105-2024","649","00","0","00000","2024000000","人","19308","従業者数_うち常用雇用者","その他の非預金信用機関","総数","総数"
"105-2024","649","01","0","00000","2024000000","人","***","従業者数_うち常用雇用者","その他の非預金信用機関","0人","総数"
"105-2024","649","02","0","00000","2024000000","人","830","従業者数_うち常用雇用者","その他の非預金信用機関","1～4人","総数"
"105-2024","649","03","0","00000","2024000000","人","729","従業者数_うち常用雇用者","その他の非預金信用機関","5～9人","総数"
"105-2024","649","04","0","00000","2024000000","人","1870","従業者数_うち常用雇用者","その他の非預金信用機関","10～19人","総数"
"105-2024","649","05","0","00000","2024000000","人","1434","従業者数_うち常用雇用者","その他の非預金信用機関","20～29人","総数"
"105-2024","649","06","0","00000","2024000000","人","2648","従業者数_うち常用雇用者","その他の非預金信用機関","30～49人","総数"
"105-2024","649","07","0","00000","2024000000","人","2694","従業者数_うち常用雇用者","その他の非預金信用機関","50～99人","総数"
"105-2024","649","08","0","00000","2024000000","人","1921","従業者数_うち常用雇用者","その他の非預金信用機関","100～199人","総数"
"105-2024","649","09","0","00000","2024000000","人","542","従業者数_うち常用雇用者","その他の非預金信用機関","200～299人","総数"
"105-2024","649","10","0","00000","2024000000","人","6640","従業者数_うち常用雇用者","その他の非預金信用機関","300人以上","総数"
"105-2024","65","00","0","00000","2024000000","人","105100","従業者数_うち常用雇用者","金融商品取引業、商品先物取引業","総数","総数"
"105-2024","65","01","0","00000","2024000000","人","***","従業者数_うち常用雇用者","金融商品取引業、商品先物取引業","0人","総数"
"105-2024","65","02","0","00000","2024000000","人","4374","従業者数_うち常用雇用者","金融商品取引業、商品先物取引業","1～4人","総数"
"105-2024","65","03","0","00000","2024000000","人","4968","従業者数_うち常用雇用者","金融商品取引業、商品先物取引業","5～9人","総数"
"105-2024","65","04","0","00000","2024000000","人","8878","従業者数_うち常用雇用者","金融商品取引業、商品先物取引業","10～19人","総数"
"105-2024","65","05","0","00000","2024000000","人","8144","従業者数_うち常用雇用者","金融商品取引業、商品先物取引業","20～29人","総数"
"105-2024","65","06","0","00000","2024000000","人","11237","従業者数_うち常用雇用者","金融商品取引業、商品先物取引業","30～49人","総数"
"105-2024","65","07","0","00000","2024000000","人","14722","従業者数_うち常用雇用者","金融商品取引業、商品先物取引業","50～99人","総数"
"105-2024","65","08","0","00000","2024000000","人","9880","従業者数_うち常用雇用者","金融商品取引業、商品先物取引業","100～199人","総数"
"105-2024","65","09","0","00000","2024000000","人","4473","従業者数_うち常用雇用者","金融商品取引業、商品先物取引業","200～299人","総数"
"105-2024","65","10","0","00000","2024000000","人","38424","従業者数_うち常用雇用者","金融商品取引業、商品先物取引業","300人以上","総数"
"105-2024","650","00","0","00000","2024000000","人","184","従業者数_うち常用雇用者","管理、補助的経済活動を行う事業所（65_金融商品取引業、商品先物取引業）","総数","総数"
"105-2024","650","01","0","00000","2024000000","人","***","従業者数_うち常用雇用者","管理、補助的経済活動を行う事業所（65_金融商品取引業、商品先物取引業）","0人","総数"
"105-2024","650","02","0","00000","2024000000","人","7","従業者数_うち常用雇用者","管理、補助的経済活動を行う事業所（65_金融商品取引業、商品先物取引業）","1～4人","総数"
"105-2024","650","03","0","00000","2024000000","人","***","従業者数_うち常用雇用者","管理、補助的経済活動を行う事業所（65_金融商品取引業、商品先物取引業）","5～9人","総数"
"105-2024","650","04","0","00000","2024000000","人","***","従業者数_うち常用雇用者","管理、補助的経済活動を行う事業所（65_金融商品取引業、商品先物取引業）","10～19人","総数"
"105-2024","650","05","0","00000","2024000000","人","***","従業者数_うち常用雇用者","管理、補助的経済活動を行う事業所（65_金融商品取引業、商品先物取引業）","20～29人","総数"
"105-2024","650","06","0","00000","2024000000","人","73","従業者数_うち常用雇用者","管理、補助的経済活動を行う事業所（65_金融商品取引業、商品先物取引業）","30～49人","総数"
"105-2024","650","07","0","00000","2024000000","人","***","従業者数_うち常用雇用者","管理、補助的経済活動を行う事業所（65_金融商品取引業、商品先物取引業）","50～99人","総数"
"105-2024","650","08","0","00000","2024000000","人","104","従業者数_うち常用雇用者","管理、補助的経済活動を行う事業所（65_金融商品取引業、商品先物取引業）","100～199人","総数"
"105-2024","650","09","0","00000","2024000000","人","***","従業者数_うち常用雇用者","管理、補助的経済活動を行う事業所（65_金融商品取引業、商品先物取引業）","200～299人","総数"
"105-2024","650","10","0","00000","2024000000","人","***","従業者数_うち常用雇用者","管理、補助的経済活動を行う事業所（65_金融商品取引業、商品先物取引業）","300人以上","総数"
"105-2024","651","00","0","00000","2024000000","人","103777","従業者数_うち常用雇用者","金融商品取引業","総数","総数"
"105-2024","651","01","0","00000","2024000000","人","***","従業者数_うち常用雇用者","金融商品取引業","0人","総数"
"105-2024","651","02","0","00000","2024000000","人","4298","従業者数_うち常用雇用者","金融商品取引業","1～4人","総数"
"105-2024","651","03","0","00000","2024000000","人","4930","従業者数_うち常用雇用者","金融商品取引業","5～9人","総数"
"105-2024","651","04","0","00000","2024000000","人","8750","従業者数_うち常用雇用者","金融商品取引業","10～19人","総数"
"105-2024","651","05","0","00000","2024000000","人","8010","従業者数_うち常用雇用者","金融商品取引業","20～29人","総数"
"105-2024","651","06","0","00000","2024000000","人","10885","従業者数_うち常用雇用者","金融商品取引業","30～49人","総数"
"105-2024","651","07","0","00000","2024000000","人","14335","従業者数_うち常用雇用者","金融商品取引業","50～99人","総数"
"105-2024","651","08","0","00000","2024000000","人","9672","従業者数_うち常用雇用者","金融商品取引業","100～199人","総数"
"105-2024","651","09","0","00000","2024000000","人","4473","従業者数_うち常用雇用者","金融商品取引業","200～299人","総数"
"105-2024","651","10","0","00000","2024000000","人","38424","従業者数_うち常用雇用者","金融商品取引業","300人以上","総数"
"105-2024","652","00","0","00000","2024000000","人","1139","従業者数_うち常用雇用者","商品先物取引業、商品投資顧問業","総数","総数"
"105-2024","652","01","0","00000","2024000000","人","***","従業者数_うち常用雇用者","商品先物取引業、商品投資顧問業","0人","総数"
"105-2024","652","02","0","00000","2024000000","人","69","従業者数_うち常用雇用者","商品先物取引業、商品投資顧問業","1～4人","総数"
"105-2024","652","03","0","00000","2024000000","人","38","従業者数_うち常用雇用者","商品先物取引業、商品投資顧問業","5～9人","総数"
"105-2024","652","04","0","00000","2024000000","人","128","従業者数_うち常用雇用者","商品先物取引業、商品投資顧問業","10～19人","総数"
"105-2024","652","05","0","00000","2024000000","人","134","従業者数_うち常用雇用者","商品先物取引業、商品投資顧問業","20～29人","総数"
"105-2024","652","06","0","00000","2024000000","人","279","従業者数_うち常用雇用者","商品先物取引業、商品投資顧問業","30～49人","総数"
"105-2024","652","07","0","00000","2024000000","人","387","従業者数_うち常用雇用者","商品先物取引業、商品投資顧問業","50～99人","総数"
"105-2024","652","08","0","00000","2024000000","人","104","従業者数_うち常用雇用者","商品先物取引業、商品投資顧問業","100～199人","総数"
"105-2024","652","09","0","00000","2024000000","人","***","従業者数_うち常用雇用者","商品先物取引業、商品投資顧問業","200～299人","総数"
"105-2024","652","10","0","00000","2024000000","人","***","従業者数_うち常用雇用者","商品先物取引業、商品投資顧問業","300人以上","総数"
"105-2024","66","00","0","00000","2024000000","人","39348","従業者数_うち常用雇用者","補助的金融業等","総数","総数"
"105-2024","66","01","0","00000","2024000000","人","***","従業者数_うち常用雇用者","補助的金融業等","0人","総数"
"105-2024","66","02","0","00000","2024000000","人","1696","従業者数_うち常用雇用者","補助的金融業等","1～4人","総数"
"105-2024","66","03","0","00000","2024000000","人","3213","従業者数_うち常用雇用者","補助的金融業等","5～9人","総数"
"105-2024","66","04","0","00000","2024000000","人","4142","従業者数_うち常用雇用者","補助的金融業等","10～19人","総数"
"105-2024","66","05","0","00000","2024000000","人","2728","従業者数_うち常用雇用者","補助的金融業等","20～29人","総数"
"105-2024","66","06","0","00000","2024000000","人","3931","従業者数_うち常用雇用者","補助的金融業等","30～49人","総数"
"105-2024","66","07","0","00000","2024000000","人","7823","従業者数_うち常用雇用者","補助的金融業等","50～99人","総数"
"105-2024","66","08","0","00000","2024000000","人","7121","従業者数_うち常用雇用者","補助的金融業等","100～199人","総数"
"105-2024","66","09","0","00000","2024000000","人","3621","従業者数_うち常用雇用者","補助的金融業等","200～299人","総数"
"105-2024","66","10","0","00000","2024000000","人","5073","従業者数_うち常用雇用者","補助的金融業等","300人以上","総数"
"105-2024","660","00","0","00000","2024000000","人","398","従業者数_うち常用雇用者","管理、補助的経済活動を行う事業所（66_補助的金融業等）","総数","総数"
"105-2024","660","01","0","00000","2024000000","人","***","従業者数_うち常用雇用者","管理、補助的経済活動を行う事業所（66_補助的金融業等）","0人","総数"
"105-2024","660","02","0","00000","2024000000","人","2","従業者数_うち常用雇用者","管理、補助的経済活動を行う事業所（66_補助的金融業等）","1～4人","総数"
"105-2024","660","03","0","00000","2024000000","人","31","従業者数_うち常用雇用者","管理、補助的経済活動を行う事業所（66_補助的金融業等）","5～9人","総数"
"105-2024","660","04","0","00000","2024000000","人","25","従業者数_うち常用雇用者","管理、補助的経済活動を行う事業所（66_補助的金融業等）","10～19人","総数"
"105-2024","660","05","0","00000","2024000000","人","48","従業者数_うち常用雇用者","管理、補助的経済活動を行う事業所（66_補助的金融業等）","20～29人","総数"
"105-2024","660","06","0","00000","2024000000","人","117","従業者数_うち常用雇用者","管理、補助的経済活動を行う事業所（66_補助的金融業等）","30～49人","総数"
"105-2024","660","07","0","00000","2024000000","人","75","従業者数_うち常用雇用者","管理、補助的経済活動を行う事業所（66_補助的金融業等）","50～99人","総数"
"105-2024","660","08","0","00000","2024000000","人","100","従業者数_うち常用雇用者","管理、補助的経済活動を行う事業所（66_補助的金融業等）","100～199人","総数"
"105-2024","660","09","0","00000","2024000000","人","***","従業者数_うち常用雇用者","管理、補助的経済活動を行う事業所（66_補助的金融業等）","200～299人","総数"
"105-2024","660","10","0","00000","2024000000","人","***","従業者数_うち常用雇用者","管理、補助的経済活動を行う事業所（66_補助的金融業等）","300人以上","総数"
"105-2024","661","00","0","00000","2024000000","人","31613","従業者数_うち常用雇用者","補助的金融業、金融附帯業","総数","総数"
"105-2024","661","01","0","00000","2024000000","人","***","従業者数_うち常用雇用者","補助的金融業、金融附帯業","0人","総数"
"105-2024","661","02","0","00000","2024000000","人","1085","従業者数_うち常用雇用者","補助的金融業、金融附帯業","1～4人","総数"
"105-2024","661","03","0","00000","2024000000","人","2214","従業者数_うち常用雇用者","補助的金融業、金融附帯業","5～9人","総数"
"105-2024","661","04","0","00000","2024000000","人","3091","従業者数_うち常用雇用者","補助的金融業、金融附帯業","10～19人","総数"
"105-2024","661","05","0","00000","2024000000","人","1998","従業者数_うち常用雇用者","補助的金融業、金融附帯業","20～29人","総数"
"105-2024","661","06","0","00000","2024000000","人","3435","従業者数_うち常用雇用者","補助的金融業、金融附帯業","30～49人","総数"
"105-2024","661","07","0","00000","2024000000","人","6488","従業者数_うち常用雇用者","補助的金融業、金融附帯業","50～99人","総数"
"105-2024","661","08","0","00000","2024000000","人","6651","従業者数_うち常用雇用者","補助的金融業、金融附帯業","100～199人","総数"
"105-2024","661","09","0","00000","2024000000","人","3119","従業者数_うち常用雇用者","補助的金融業、金融附帯業","200～299人","総数"
"105-2024","661","10","0","00000","2024000000","人","3532","従業者数_うち常用雇用者","補助的金融業、金融附帯業","300人以上","総数"
"105-2024","662","00","0","00000","2024000000","人","415","従業者数_うち常用雇用者","信託業","総数","総数"
"105-2024","662","01","0","00000","2024000000","人","***","従業者数_うち常用雇用者","信託業","0人","総数"
"105-2024","662","02","0","00000","2024000000","人","12","従業者数_うち常用雇用者","信託業","1～4人","総数"
"105-2024","662","03","0","00000","2024000000","人","56","従業者数_うち常用雇用者","信託業","5～9人","総数"
"105-2024","662","04","0","00000","2024000000","人","111","従業者数_うち常用雇用者","信託業","10～19人","総数"
"105-2024","662","05","0","00000","2024000000","人","104","従業者数_うち常用雇用者","信託業","20～29人","総数"
"105-2024","662","06","0","00000","2024000000","人","82","従業者数_うち常用雇用者","信託業","30～49人","総数"
"105-2024","662","07","0","00000","2024000000","人","50","従業者数_うち常用雇用者","信託業","50～99人","総数"
"105-2024","662","08","0","00000","2024000000","人","***","従業者数_うち常用雇用者","信託業","100～199人","総数"
"105-2024","662","09","0","00000","2024000000","人","***","従業者数_うち常用雇用者","信託業","200～299人","総数"
"105-2024","662","10","0","00000","2024000000","人","***","従業者数_うち常用雇用者","信託業","300人以上","総数"
"105-2024","663","00","0","00000","2024000000","人","6922","従業者数_うち常用雇用者","金融代理業","総数","総数"
"105-2024","663","01","0","00000","2024000000","人","***","従業者数_うち常用雇用者","金融代理業","0人","総数"
"105-2024","663","02","0","00000","2024000000","人","597","従業者数_うち常用雇用者","金融代理業","1～4人","総数"
"105-2024","663","03","0","00000","2024000000","人","912","従業者数_うち常用雇用者","金融代理業","5～9人","総数"
"105-2024","663","04","0","00000","2024000000","人","915","従業者数_うち常用雇用者","金融代理業","10～19人","総数"
"105-2024","663","05","0","00000","2024000000","人","578","従業者数_うち常用雇用者","金融代理業","20～29人","総数"
"105-2024","663","06","0","00000","2024000000","人","297","従業者数_うち常用雇用者","金融代理業","30～49人","総数"
"105-2024","663","07","0","00000","2024000000","人","1210","従業者数_うち常用雇用者","金融代理業","50～99人","総数"
"105-2024","663","08","0","00000","2024000000","人","370","従業者数_うち常用雇用者","金融代理業","100～199人","総数"
"105-2024","663","09","0","00000","2024000000","人","502","従業者数_うち常用雇用者","金融代理業","200～299人","総数"
"105-2024","663","10","0","00000","2024000000","人","1541","従業者数_うち常用雇用者","金融代理業","300人以上","総数"
"105-2024","67","00","0","00000","2024000000","人","628769","従業者数_うち常用雇用者","保険業（保険媒介代理業、保険サービス業を含む）","総数","総数"
"105-2024","67","01","0","00000","2024000000","人","***","従業者数_うち常用雇用者","保険業（保険媒介代理業、保険サービス業を含む）","0人","総数"
"105-2024","67","02","0","00000","2024000000","人","37648","従業者数_うち常用雇用者","保険業（保険媒介代理業、保険サービス業を含む）","1～4人","総数"
"105-2024","67","03","0","00000","2024000000","人","49757","従業者数_うち常用雇用者","保険業（保険媒介代理業、保険サービス業を含む）","5～9人","総数"
"105-2024","67","04","0","00000","2024000000","人","85798","従業者数_うち常用雇用者","保険業（保険媒介代理業、保険サービス業を含む）","10～19人","総数"
"105-2024","67","05","0","00000","2024000000","人","85070","従業者数_うち常用雇用者","保険業（保険媒介代理業、保険サービス業を含む）","20～29人","総数"
"105-2024","67","06","0","00000","2024000000","人","118526","従業者数_うち常用雇用者","保険業（保険媒介代理業、保険サービス業を含む）","30～49人","総数"
"105-2024","67","07","0","00000","2024000000","人","98970","従業者数_うち常用雇用者","保険業（保険媒介代理業、保険サービス業を含む）","50～99人","総数"
"105-2024","67","08","0","00000","2024000000","人","41617","従業者数_うち常用雇用者","保険業（保険媒介代理業、保険サービス業を含む）","100～199人","総数"
"105-2024","67","09","0","00000","2024000000","人","19235","従業者数_うち常用雇用者","保険業（保険媒介代理業、保険サービス業を含む）","200～299人","総数"
"105-2024","67","10","0","00000","2024000000","人","92148","従業者数_うち常用雇用者","保険業（保険媒介代理業、保険サービス業を含む）","300人以上","総数"
"105-2024","670","00","0","00000","2024000000","人","4733","従業者数_うち常用雇用者","管理、補助的経済活動を行う事業所（67_保険業）","総数","総数"
"105-2024","670","01","0","00000","2024000000","人","***","従業者数_うち常用雇用者","管理、補助的経済活動を行う事業所（67_保険業）","0人","総数"
"105-2024","670","02","0","00000","2024000000","人","71","従業者数_うち常用雇用者","管理、補助的経済活動を行う事業所（67_保険業）","1～4人","総数"
"105-2024","670","03","0","00000","2024000000","人","259","従業者数_うち常用雇用者","管理、補助的経済活動を行う事業所（67_保険業）","5～9人","総数"
"105-2024","670","04","0","00000","2024000000","人","331","従業者数_うち常用雇用者","管理、補助的経済活動を行う事業所（67_保険業）","10～19人","総数"
"105-2024","670","05","0","00000","2024000000","人","88","従業者数_うち常用雇用者","管理、補助的経済活動を行う事業所（67_保険業）","20～29人","総数"
"105-2024","670","06","0","00000","2024000000","人","175","従業者数_うち常用雇用者","管理、補助的経済活動を行う事業所（67_保険業）","30～49人","総数"
"105-2024","670","07","0","00000","2024000000","人","729","従業者数_うち常用雇用者","管理、補助的経済活動を行う事業所（67_保険業）","50～99人","総数"
"105-2024","670","08","0","00000","2024000000","人","150","従業者数_うち常用雇用者","管理、補助的経済活動を行う事業所（67_保険業）","100～199人","総数"
"105-2024","670","09","0","00000","2024000000","人","***","従業者数_うち常用雇用者","管理、補助的経済活動を行う事業所（67_保険業）","200～299人","総数"
"105-2024","670","10","0","00000","2024000000","人","2930","従業者数_うち常用雇用者","管理、補助的経済活動を行う事業所（67_保険業）","300人以上","総数"
"105-2024","671","00","0","00000","2024000000","人","347916","従業者数_うち常用雇用者","生命保険業","総数","総数"
"105-2024","671","01","0","00000","2024000000","人","***","従業者数_うち常用雇用者","生命保険業","0人","総数"
"105-2024","671","02","0","00000","2024000000","人","2099","従業者数_うち常用雇用者","生命保険業","1～4人","総数"
"105-2024","671","03","0","00000","2024000000","人","9481","従業者数_うち常用雇用者","生命保険業","5～9人","総数"
"105-2024","671","04","0","00000","2024000000","人","43934","従業者数_うち常用雇用者","生命保険業","10～19人","総数"
"105-2024","671","05","0","00000","2024000000","人","61716","従業者数_うち常用雇用者","生命保険業","20～29人","総数"
"105-2024","671","06","0","00000","2024000000","人","87754","従業者数_うち常用雇用者","生命保険業","30～49人","総数"
"105-2024","671","07","0","00000","2024000000","人","65538","従業者数_うち常用雇用者","生命保険業","50～99人","総数"
"105-2024","671","08","0","00000","2024000000","人","18391","従業者数_うち常用雇用者","生命保険業","100～199人","総数"
"105-2024","671","09","0","00000","2024000000","人","6927","従業者数_うち常用雇用者","生命保険業","200～299人","総数"
"105-2024","671","10","0","00000","2024000000","人","52076","従業者数_うち常用雇用者","生命保険業","300人以上","総数"
"105-2024","672","00","0","00000","2024000000","人","93406","従業者数_うち常用雇用者","損害保険業","総数","総数"
"105-2024","672","01","0","00000","2024000000","人","***","従業者数_うち常用雇用者","損害保険業","0人","総数"
"105-2024","672","02","0","00000","2024000000","人","868","従業者数_うち常用雇用者","損害保険業","1～4人","総数"
"105-2024","672","03","0","00000","2024000000","人","2838","従業者数_うち常用雇用者","損害保険業","5～9人","総数"
"105-2024","672","04","0","00000","2024000000","人","9158","従業者数_うち常用雇用者","損害保険業","10～19人","総数"
"105-2024","672","05","0","00000","2024000000","人","6604","従業者数_うち常用雇用者","損害保険業","20～29人","総数"
"105-2024","672","06","0","00000","2024000000","人","11086","従業者数_うち常用雇用者","損害保険業","30～49人","総数"
"105-2024","672","07","0","00000","2024000000","人","13907","従業者数_うち常用雇用者","損害保険業","50～99人","総数"
"105-2024","672","08","0","00000","2024000000","人","11947","従業者数_うち常用雇用者","損害保険業","100～199人","総数"
"105-2024","672","09","0","00000","2024000000","人","8022","従業者数_うち常用雇用者","損害保険業","200～299人","総数"
"105-2024","672","10","0","00000","2024000000","人","28976","従業者数_うち常用雇用者","損害保険業","300人以上","総数"
"105-2024","673","00","0","00000","2024000000","人","35818","従業者数_うち常用雇用者","共済事業、少額短期保険業","総数","総数"
"105-2024","673","01","0","00000","2024000000","人","***","従業者数_うち常用雇用者","共済事業、少額短期保険業","0人","総数"
"105-2024","673","02","0","00000","2024000000","人","1778","従業者数_うち常用雇用者","共済事業、少額短期保険業","1～4人","総数"
"105-2024","673","03","0","00000","2024000000","人","3049","従業者数_うち常用雇用者","共済事業、少額短期保険業","5～9人","総数"
"105-2024","673","04","0","00000","2024000000","人","5327","従業者数_うち常用雇用者","共済事業、少額短期保険業","10～19人","総数"
"105-2024","673","05","0","00000","2024000000","人","4212","従業者数_うち常用雇用者","共済事業、少額短期保険業","20～29人","総数"
"105-2024","673","06","0","00000","2024000000","人","6782","従業者数_うち常用雇用者","共済事業、少額短期保険業","30～49人","総数"
"105-2024","673","07","0","00000","2024000000","人","6765","従業者数_うち常用雇用者","共済事業、少額短期保険業","50～99人","総数"
"105-2024","673","08","0","00000","2024000000","人","4031","従業者数_うち常用雇用者","共済事業、少額短期保険業","100～199人","総数"
"105-2024","673","09","0","00000","2024000000","人","1168","従業者数_うち常用雇用者","共済事業、少額短期保険業","200～299人","総数"
"105-2024","673","10","0","00000","2024000000","人","2706","従業者数_うち常用雇用者","共済事業、少額短期保険業","300人以上","総数"
"105-2024","674","00","0","00000","2024000000","人","136594","従業者数_うち常用雇用者","保険媒介代理業","総数","総数"
"105-2024","674","01","0","00000","2024000000","人","***","従業者数_うち常用雇用者","保険媒介代理業","0人","総数"
"105-2024","674","02","0","00000","2024000000","人","31856","従業者数_うち常用雇用者","保険媒介代理業","1～4人","総数"
"105-2024","674","03","0","00000","2024000000","人","32763","従業者数_うち常用雇用者","保険媒介代理業","5～9人","総数"
"105-2024","674","04","0","00000","2024000000","人","26002","従業者数_うち常用雇用者","保険媒介代理業","10～19人","総数"
"105-2024","674","05","0","00000","2024000000","人","11817","従業者数_うち常用雇用者","保険媒介代理業","20～29人","総数"
"105-2024","674","06","0","00000","2024000000","人","11188","従業者数_うち常用雇用者","保険媒介代理業","30～49人","総数"
"105-2024","674","07","0","00000","2024000000","人","10074","従業者数_うち常用雇用者","保険媒介代理業","50～99人","総数"
"105-2024","674","08","0","00000","2024000000","人","6032","従業者数_うち常用雇用者","保険媒介代理業","100～199人","総数"
"105-2024","674","09","0","00000","2024000000","人","3118","従業者数_うち常用雇用者","保険媒介代理業","200～299人","総数"
"105-2024","674","10","0","00000","2024000000","人","3744","従業者数_うち常用雇用者","保険媒介代理業","300人以上","総数"
"105-2024","675","00","0","00000","2024000000","人","10302","従業者数_うち常用雇用者","保険サービス業","総数","総数"
"105-2024","675","01","0","00000","2024000000","人","***","従業者数_うち常用雇用者","保険サービス業","0人","総数"
"105-2024","675","02","0","00000","2024000000","人","976","従業者数_うち常用雇用者","保険サービス業","1～4人","総数"
"105-2024","675","03","0","00000","2024000000","人","1367","従業者数_うち常用雇用者","保険サービス業","5～9人","総数"
"105-2024","675","04","0","00000","2024000000","人","1046","従業者数_うち常用雇用者","保険サービス業","10～19人","総数"
"105-2024","675","05","0","00000","2024000000","人","633","従業者数_うち常用雇用者","保険サービス業","20～29人","総数"
"105-2024","675","06","0","00000","2024000000","人","1541","従業者数_うち常用雇用者","保険サービス業","30～49人","総数"
"105-2024","675","07","0","00000","2024000000","人","1957","従業者数_うち常用雇用者","保険サービス業","50～99人","総数"
"105-2024","675","08","0","00000","2024000000","人","1066","従業者数_うち常用雇用者","保険サービス業","100～199人","総数"
"105-2024","675","09","0","00000","2024000000","人","***","従業者数_うち常用雇用者","保険サービス業","200～299人","総数"
"105-2024","675","10","0","00000","2024000000","人","1716","従業者数_うち常用雇用者","保険サービス業","300人以上","総数"
"105-2024","K","00","0","00000","2024000000","人","1168164","従業者数_うち常用雇用者","不動産業、物品賃貸業","総数","総数"
"105-2024","K","01","0","00000","2024000000","人","***","従業者数_うち常用雇用者","不動産業、物品賃貸業","0人","総数"
"105-2024","K","02","0","00000","2024000000","人","303593","従業者数_うち常用雇用者","不動産業、物品賃貸業","1～4人","総数"
"105-2024","K","03","0","00000","2024000000","人","174347","従業者数_うち常用雇用者","不動産業、物品賃貸業","5～9人","総数"
"105-2024","K","04","0","00000","2024000000","人","163383","従業者数_うち常用雇用者","不動産業、物品賃貸業","10～19人","総数"
"105-2024","K","05","0","00000","2024000000","人","82370","従業者数_うち常用雇用者","不動産業、物品賃貸業","20～29人","総数"
"105-2024","K","06","0","00000","2024000000","人","89322","従業者数_うち常用雇用者","不動産業、物品賃貸業","30～49人","総数"
"105-2024","K","07","0","00000","2024000000","人","94858","従業者数_うち常用雇用者","不動産業、物品賃貸業","50～99人","総数"
"105-2024","K","08","0","00000","2024000000","人","84727","従業者数_うち常用雇用者","不動産業、物品賃貸業","100～199人","総数"
"105-2024","K","09","0","00000","2024000000","人","46707","従業者数_うち常用雇用者","不動産業、物品賃貸業","200～299人","総数"
"105-2024","K","10","0","00000","2024000000","人","128857","従業者数_うち常用雇用者","不動産業、物品賃貸業","300人以上","総数"
"105-2024","K1","00","0","00000","2024000000","人","898849","従業者数_うち常用雇用者","不動産業","総数","総数"
"105-2024","K1","01","0","00000","2024000000","人","***","従業者数_うち常用雇用者","不動産業","0人","総数"
"105-2024","K1","02","0","00000","2024000000","人","275969","従業者数_うち常用雇用者","不動産業","1～4人","総数"
"105-2024","K1","03","0","00000","2024000000","人","121063","従業者数_うち常用雇用者","不動産業","5～9人","総数"
"105-2024","K1","04","0","00000","2024000000","人","100705","従業者数_うち常用雇用者","不動産業","10～19人","総数"
"105-2024","K1","05","0","00000","2024000000","人","51520","従業者数_うち常用雇用者","不動産業","20～29人","総数"
"105-2024","K1","06","0","00000","2024000000","人","61507","従業者数_うち常用雇用者","不動産業","30～49人","総数"
"105-2024","K1","07","0","00000","2024000000","人","69153","従業者数_うち常用雇用者","不動産業","50～99人","総数"
"105-2024","K1","08","0","00000","2024000000","人","68909","従業者数_うち常用雇用者","不動産業","100～199人","総数"
"105-2024","K1","09","0","00000","2024000000","人","40440","従業者数_うち常用雇用者","不動産業","200～299人","総数"
"105-2024","K1","10","0","00000","2024000000","人","109583","従業者数_うち常用雇用者","不動産業","300人以上","総数"
"105-2024","68","00","0","00000","2024000000","人","295610","従業者数_うち常用雇用者","不動産取引業","総数","総数"
"105-2024","68","01","0","00000","2024000000","人","***","従業者数_うち常用雇用者","不動産取引業","0人","総数"
"105-2024","68","02","0","00000","2024000000","人","72034","従業者数_うち常用雇用者","不動産取引業","1～4人","総数"
"105-2024","68","03","0","00000","2024000000","人","59432","従業者数_うち常用雇用者","不動産取引業","5～9人","総数"
"105-2024","68","04","0","00000","2024000000","人","47375","従業者数_うち常用雇用者","不動産取引業","10～19人","総数"
"105-2024","68","05","0","00000","2024000000","人","19555","従業者数_うち常用雇用者","不動産取引業","20～29人","総数"
"105-2024","68","06","0","00000","2024000000","人","22463","従業者数_うち常用雇用者","不動産取引業","30～49人","総数"
"105-2024","68","07","0","00000","2024000000","人","22824","従業者数_うち常用雇用者","不動産取引業","50～99人","総数"
"105-2024","68","08","0","00000","2024000000","人","18920","従業者数_うち常用雇用者","不動産取引業","100～199人","総数"
"105-2024","68","09","0","00000","2024000000","人","9937","従業者数_うち常用雇用者","不動産取引業","200～299人","総数"
"105-2024","68","10","0","00000","2024000000","人","23070","従業者数_うち常用雇用者","不動産取引業","300人以上","総数"
"105-2024","680","00","0","00000","2024000000","人","2757","従業者数_うち常用雇用者","管理、補助的経済活動を行う事業所（68_不動産取引業）","総数","総数"
"105-2024","680","01","0","00000","2024000000","人","***","従業者数_うち常用雇用者","管理、補助的経済活動を行う事業所（68_不動産取引業）","0人","総数"
"105-2024","680","02","0","00000","2024000000","人","102","従業者数_うち常用雇用者","管理、補助的経済活動を行う事業所（68_不動産取引業）","1～4人","総数"
"105-2024","680","03","0","00000","2024000000","人","89","従業者数_うち常用雇用者","管理、補助的経済活動を行う事業所（68_不動産取引業）","5～9人","総数"
"105-2024","680","04","0","00000","2024000000","人","215","従業者数_うち常用雇用者","管理、補助的経済活動を行う事業所（68_不動産取引業）","10～19人","総数"
"105-2024","680","05","0","00000","2024000000","人","67","従業者数_うち常用雇用者","管理、補助的経済活動を行う事業所（68_不動産取引業）","20～29人","総数"
"105-2024","680","06","0","00000","2024000000","人","143","従業者数_うち常用雇用者","管理、補助的経済活動を行う事業所（68_不動産取引業）","30～49人","総数"
"105-2024","680","07","0","00000","2024000000","人","510","従業者数_うち常用雇用者","管理、補助的経済活動を行う事業所（68_不動産取引業）","50～99人","総数"
"105-2024","680","08","0","00000","2024000000","人","355","従業者数_うち常用雇用者","管理、補助的経済活動を行う事業所（68_不動産取引業）","100～199人","総数"
"105-2024","680","09","0","00000","2024000000","人","776","従業者数_うち常用雇用者","管理、補助的経済活動を行う事業所（68_不動産取引業）","200～299人","総数"
"105-2024","680","10","0","00000","2024000000","人","500","従業者数_うち常用雇用者","管理、補助的経済活動を行う事業所（68_不動産取引業）","300人以上","総数"
"105-2024","681","00","0","00000","2024000000","人","123971","従業者数_うち常用雇用者","建物売買業、土地売買業","総数","総数"
"105-2024","681","01","0","00000","2024000000","人","***","従業者数_うち常用雇用者","建物売買業、土地売買業","0人","総数"
"105-2024","681","02","0","00000","2024000000","人","23142","従業者数_うち常用雇用者","建物売買業、土地売買業","1～4人","総数"
"105-2024","681","03","0","00000","2024000000","人","18500","従業者数_うち常用雇用者","建物売買業、土地売買業","5～9人","総数"
"105-2024","681","04","0","00000","2024000000","人","17117","従業者数_うち常用雇用者","建物売買業、土地売買業","10～19人","総数"
"105-2024","681","05","0","00000","2024000000","人","9328","従業者数_うち常用雇用者","建物売買業、土地売買業","20～29人","総数"
"105-2024","681","06","0","00000","2024000000","人","11441","従業者数_うち常用雇用者","建物売買業、土地売買業","30～49人","総数"
"105-2024","681","07","0","00000","2024000000","人","12117","従業者数_うち常用雇用者","建物売買業、土地売買業","50～99人","総数"
"105-2024","681","08","0","00000","2024000000","人","11422","従業者数_うち常用雇用者","建物売買業、土地売買業","100～199人","総数"
"105-2024","681","09","0","00000","2024000000","人","6084","従業者数_うち常用雇用者","建物売買業、土地売買業","200～299人","総数"
"105-2024","681","10","0","00000","2024000000","人","14820","従業者数_うち常用雇用者","建物売買業、土地売買業","300人以上","総数"
"105-2024","682","00","0","00000","2024000000","人","168881","従業者数_うち常用雇用者","不動産代理業・仲介業","総数","総数"
"105-2024","682","01","0","00000","2024000000","人","***","従業者数_うち常用雇用者","不動産代理業・仲介業","0人","総数"
"105-2024","682","02","0","00000","2024000000","人","48789","従業者数_うち常用雇用者","不動産代理業・仲介業","1～4人","総数"
"105-2024","682","03","0","00000","2024000000","人","40843","従業者数_うち常用雇用者","不動産代理業・仲介業","5～9人","総数"
"105-2024","682","04","0","00000","2024000000","人","30043","従業者数_うち常用雇用者","不動産代理業・仲介業","10～19人","総数"
"105-2024","682","05","0","00000","2024000000","人","10160","従業者数_うち常用雇用者","不動産代理業・仲介業","20～29人","総数"
"105-2024","682","06","0","00000","2024000000","人","10879","従業者数_うち常用雇用者","不動産代理業・仲介業","30～49人","総数"
"105-2024","682","07","0","00000","2024000000","人","10197","従業者数_うち常用雇用者","不動産代理業・仲介業","50～99人","総数"
"105-2024","682","08","0","00000","2024000000","人","7143","従業者数_うち常用雇用者","不動産代理業・仲介業","100～199人","総数"
"105-2024","682","09","0","00000","2024000000","人","3077","従業者数_うち常用雇用者","不動産代理業・仲介業","200～299人","総数"
"105-2024","682","10","0","00000","2024000000","人","7750","従業者数_うち常用雇用者","不動産代理業・仲介業","300人以上","総数"
"105-2024","69","00","0","00000","2024000000","人","603151","従業者数_うち常用雇用者","不動産賃貸業・管理業","総数","総数"
"105-2024","69","01","0","00000","2024000000","人","***","従業者数_うち常用雇用者","不動産賃貸業・管理業","0人","総数"
"105-2024","69","02","0","00000","2024000000","人","203909","従業者数_うち常用雇用者","不動産賃貸業・管理業","1～4人","総数"
"105-2024","69","03","0","00000","2024000000","人","61616","従業者数_うち常用雇用者","不動産賃貸業・管理業","5～9人","総数"
"105-2024","69","04","0","00000","2024000000","人","53320","従業者数_うち常用雇用者","不動産賃貸業・管理業","10～19人","総数"
"105-2024","69","05","0","00000","2024000000","人","31965","従業者数_うち常用雇用者","不動産賃貸業・管理業","20～29人","総数"
"105-2024","69","06","0","00000","2024000000","人","39007","従業者数_うち常用雇用者","不動産賃貸業・管理業","30～49人","総数"
"105-2024","69","07","0","00000","2024000000","人","46329","従業者数_うち常用雇用者","不動産賃貸業・管理業","50～99人","総数"
"105-2024","69","08","0","00000","2024000000","人","49989","従業者数_うち常用雇用者","不動産賃貸業・管理業","100～199人","総数"
"105-2024","69","09","0","00000","2024000000","人","30503","従業者数_うち常用雇用者","不動産賃貸業・管理業","200～299人","総数"
"105-2024","69","10","0","00000","2024000000","人","86513","従業者数_うち常用雇用者","不動産賃貸業・管理業","300人以上","総数"
"105-2024","690","00","0","00000","2024000000","人","2655","従業者数_うち常用雇用者","管理、補助的経済活動を行う事業所（69_不動産賃貸業・管理業）","総数","総数"
"105-2024","690","01","0","00000","2024000000","人","***","従業者数_うち常用雇用者","管理、補助的経済活動を行う事業所（69_不動産賃貸業・管理業）","0人","総数"
"105-2024","690","02","0","00000","2024000000","人","120","従業者数_うち常用雇用者","管理、補助的経済活動を行う事業所（69_不動産賃貸業・管理業）","1～4人","総数"
"105-2024","690","03","0","00000","2024000000","人","108","従業者数_うち常用雇用者","管理、補助的経済活動を行う事業所（69_不動産賃貸業・管理業）","5～9人","総数"
"105-2024","690","04","0","00000","2024000000","人","268","従業者数_うち常用雇用者","管理、補助的経済活動を行う事業所（69_不動産賃貸業・管理業）","10～19人","総数"
"105-2024","690","05","0","00000","2024000000","人","152","従業者数_うち常用雇用者","管理、補助的経済活動を行う事業所（69_不動産賃貸業・管理業）","20～29人","総数"
"105-2024","690","06","0","00000","2024000000","人","444","従業者数_うち常用雇用者","管理、補助的経済活動を行う事業所（69_不動産賃貸業・管理業）","30～49人","総数"
"105-2024","690","07","0","00000","2024000000","人","671","従業者数_うち常用雇用者","管理、補助的経済活動を行う事業所（69_不動産賃貸業・管理業）","50～99人","総数"
"105-2024","690","08","0","00000","2024000000","人","519","従業者数_うち常用雇用者","管理、補助的経済活動を行う事業所（69_不動産賃貸業・管理業）","100～199人","総数"
"105-2024","690","09","0","00000","2024000000","人","***","従業者数_うち常用雇用者","管理、補助的経済活動を行う事業所（69_不動産賃貸業・管理業）","200～299人","総数"
"105-2024","690","10","0","00000","2024000000","人","373","従業者数_うち常用雇用者","管理、補助的経済活動を行う事業所（69_不動産賃貸業・管理業）","300人以上","総数"
"105-2024","691","00","0","00000","2024000000","人","168163","従業者数_うち常用雇用者","不動産賃貸業（貸家業、貸間業を除く）","総数","総数"
"105-2024","691","01","0","00000","2024000000","人","***","従業者数_うち常用雇用者","不動産賃貸業（貸家業、貸間業を除く）","0人","総数"
"105-2024","691","02","0","00000","2024000000","人","51476","従業者数_うち常用雇用者","不動産賃貸業（貸家業、貸間業を除く）","1～4人","総数"
"105-2024","691","03","0","00000","2024000000","人","18847","従業者数_うち常用雇用者","不動産賃貸業（貸家業、貸間業を除く）","5～9人","総数"
"105-2024","691","04","0","00000","2024000000","人","17468","従業者数_うち常用雇用者","不動産賃貸業（貸家業、貸間業を除く）","10～19人","総数"
"105-2024","691","05","0","00000","2024000000","人","10836","従業者数_うち常用雇用者","不動産賃貸業（貸家業、貸間業を除く）","20～29人","総数"
"105-2024","691","06","0","00000","2024000000","人","12916","従業者数_うち常用雇用者","不動産賃貸業（貸家業、貸間業を除く）","30～49人","総数"
"105-2024","691","07","0","00000","2024000000","人","13693","従業者数_うち常用雇用者","不動産賃貸業（貸家業、貸間業を除く）","50～99人","総数"
"105-2024","691","08","0","00000","2024000000","人","12182","従業者数_うち常用雇用者","不動産賃貸業（貸家業、貸間業を除く）","100～199人","総数"
"105-2024","691","09","0","00000","2024000000","人","5765","従業者数_うち常用雇用者","不動産賃貸業（貸家業、貸間業を除く）","200～299人","総数"
"105-2024","691","10","0","00000","2024000000","人","24980","従業者数_うち常用雇用者","不動産賃貸業（貸家業、貸間業を除く）","300人以上","総数"
"105-2024","692","00","0","00000","2024000000","人","177864","従業者数_うち常用雇用者","貸家業、貸間業","総数","総数"
"105-2024","692","01","0","00000","2024000000","人","***","従業者数_うち常用雇用者","貸家業、貸間業","0人","総数"
"105-2024","692","02","0","00000","2024000000","人","103360","従業者数_うち常用雇用者","貸家業、貸間業","1～4人","総数"
"105-2024","692","03","0","00000","2024000000","人","22635","従業者数_うち常用雇用者","貸家業、貸間業","5～9人","総数"
"105-2024","692","04","0","00000","2024000000","人","14485","従業者数_うち常用雇用者","貸家業、貸間業","10～19人","総数"
"105-2024","692","05","0","00000","2024000000","人","8390","従業者数_うち常用雇用者","貸家業、貸間業","20～29人","総数"
"105-2024","692","06","0","00000","2024000000","人","8416","従業者数_うち常用雇用者","貸家業、貸間業","30～49人","総数"
"105-2024","692","07","0","00000","2024000000","人","7077","従業者数_うち常用雇用者","貸家業、貸間業","50～99人","総数"
"105-2024","692","08","0","00000","2024000000","人","6397","従業者数_うち常用雇用者","貸家業、貸間業","100～199人","総数"
"105-2024","692","09","0","00000","2024000000","人","1793","従業者数_うち常用雇用者","貸家業、貸間業","200～299人","総数"
"105-2024","692","10","0","00000","2024000000","人","5311","従業者数_うち常用雇用者","貸家業、貸間業","300人以上","総数"
"105-2024","693","00","0","00000","2024000000","人","33617","従業者数_うち常用雇用者","駐車場業","総数","総数"
"105-2024","693","01","0","00000","2024000000","人","***","従業者数_うち常用雇用者","駐車場業","0人","総数"
"105-2024","693","02","0","00000","2024000000","人","10067","従業者数_うち常用雇用者","駐車場業","1～4人","総数"
"105-2024","693","03","0","00000","2024000000","人","4551","従業者数_うち常用雇用者","駐車場業","5～9人","総数"
"105-2024","693","04","0","00000","2024000000","人","4642","従業者数_うち常用雇用者","駐車場業","10～19人","総数"
"105-2024","693","05","0","00000","2024000000","人","2412","従業者数_うち常用雇用者","駐車場業","20～29人","総数"
"105-2024","693","06","0","00000","2024000000","人","2977","従業者数_うち常用雇用者","駐車場業","30～49人","総数"
"105-2024","693","07","0","00000","2024000000","人","4142","従業者数_うち常用雇用者","駐車場業","50～99人","総数"
"105-2024","693","08","0","00000","2024000000","人","2291","従業者数_うち常用雇用者","駐車場業","100～199人","総数"
"105-2024","693","09","0","00000","2024000000","人","481","従業者数_うち常用雇用者","駐車場業","200～299人","総数"
"105-2024","693","10","0","00000","2024000000","人","2054","従業者数_うち常用雇用者","駐車場業","300人以上","総数"
"105-2024","694","00","0","00000","2024000000","人","220844","従業者数_うち常用雇用者","不動産管理業","総数","総数"
"105-2024","694","01","0","00000","2024000000","人","***","従業者数_うち常用雇用者","不動産管理業","0人","総数"
"105-2024","694","02","0","00000","2024000000","人","38878","従業者数_うち常用雇用者","不動産管理業","1～4人","総数"
"105-2024","694","03","0","00000","2024000000","人","15475","従業者数_うち常用雇用者","不動産管理業","5～9人","総数"
"105-2024","694","04","0","00000","2024000000","人","16457","従業者数_うち常用雇用者","不動産管理業","10～19人","総数"
"105-2024","694","05","0","00000","2024000000","人","10175","従業者数_うち常用雇用者","不動産管理業","20～29人","総数"
"105-2024","694","06","0","00000","2024000000","人","14254","従業者数_うち常用雇用者","不動産管理業","30～49人","総数"
"105-2024","694","07","0","00000","2024000000","人","20746","従業者数_うち常用雇用者","不動産管理業","50～99人","総数"
"105-2024","694","08","0","00000","2024000000","人","28600","従業者数_うち常用雇用者","不動産管理業","100～199人","総数"
"105-2024","694","09","0","00000","2024000000","人","22464","従業者数_うち常用雇用者","不動産管理業","200～299人","総数"
"105-2024","694","10","0","00000","2024000000","人","53795","従業者数_うち常用雇用者","不動産管理業","300人以上","総数"
"105-2024","K2","00","0","00000","2024000000","人","269315","従業者数_うち常用雇用者","物品賃貸業","総数","総数"
"105-2024","K2","01","0","00000","2024000000","人","***","従業者数_うち常用雇用者","物品賃貸業","0人","総数"
"105-2024","K2","02","0","00000","2024000000","人","27624","従業者数_うち常用雇用者","物品賃貸業","1～4人","総数"
"105-2024","K2","03","0","00000","2024000000","人","53284","従業者数_うち常用雇用者","物品賃貸業","5～9人","総数"
"105-2024","K2","04","0","00000","2024000000","人","62678","従業者数_うち常用雇用者","物品賃貸業","10～19人","総数"
"105-2024","K2","05","0","00000","2024000000","人","30850","従業者数_うち常用雇用者","物品賃貸業","20～29人","総数"
"105-2024","K2","06","0","00000","2024000000","人","27815","従業者数_うち常用雇用者","物品賃貸業","30～49人","総数"
"105-2024","K2","07","0","00000","2024000000","人","25705","従業者数_うち常用雇用者","物品賃貸業","50～99人","総数"
"105-2024","K2","08","0","00000","2024000000","人","15818","従業者数_うち常用雇用者","物品賃貸業","100～199人","総数"
"105-2024","K2","09","0","00000","2024000000","人","6267","従業者数_うち常用雇用者","物品賃貸業","200～299人","総数"
"105-2024","K2","10","0","00000","2024000000","人","19274","従業者数_うち常用雇用者","物品賃貸業","300人以上","総数"
"105-2024","70","00","0","00000","2024000000","人","269315","従業者数_うち常用雇用者","物品賃貸業","総数","総数"
"105-2024","70","01","0","00000","2024000000","人","***","従業者数_うち常用雇用者","物品賃貸業","0人","総数"
"105-2024","70","02","0","00000","2024000000","人","27624","従業者数_うち常用雇用者","物品賃貸業","1～4人","総数"
"105-2024","70","03","0","00000","2024000000","人","53284","従業者数_うち常用雇用者","物品賃貸業","5～9人","総数"
"105-2024","70","04","0","00000","2024000000","人","62678","従業者数_うち常用雇用者","物品賃貸業","10～19人","総数"
"105-2024","70","05","0","00000","2024000000","人","30850","従業者数_うち常用雇用者","物品賃貸業","20～29人","総数"
"105-2024","70","06","0","00000","2024000000","人","27815","従業者数_うち常用雇用者","物品賃貸業","30～49人","総数"
"105-2024","70","07","0","00000","2024000000","人","25705","従業者数_うち常用雇用者","物品賃貸業","50～99人","総数"
"105-2024","70","08","0","00000","2024000000","人","15818","従業者数_うち常用雇用者","物品賃貸業","100～199人","総数"
"105-2024","70","09","0","00000","2024000000","人","6267","従業者数_うち常用雇用者","物品賃貸業","200～299人","総数"
"105-2024","70","10","0","00000","2024000000","人","19274","従業者数_うち常用雇用者","物品賃貸業","300人以上","総数"
"105-2024","700","00","0","00000","2024000000","人","12390","従業者数_うち常用雇用者","管理、補助的経済活動を行う事業所（70_物品賃貸業）","総数","総数"
"105-2024","700","01","0","00000","2024000000","人","***","従業者数_うち常用雇用者","管理、補助的経済活動を行う事業所（70_物品賃貸業）","0人","総数"
"105-2024","700","02","0","00000","2024000000","人","1191","従業者数_うち常用雇用者","管理、補助的経済活動を行う事業所（70_物品賃貸業）","1～4人","総数"
"105-2024","700","03","0","00000","2024000000","人","1933","従業者数_うち常用雇用者","管理、補助的経済活動を行う事業所（70_物品賃貸業）","5～9人","総数"
"105-2024","700","04","0","00000","2024000000","人","2571","従業者数_うち常用雇用者","管理、補助的経済活動を行う事業所（70_物品賃貸業）","10～19人","総数"
"105-2024","700","05","0","00000","2024000000","人","1392","従業者数_うち常用雇用者","管理、補助的経済活動を行う事業所（70_物品賃貸業）","20～29人","総数"
"105-2024","700","06","0","00000","2024000000","人","1038","従業者数_うち常用雇用者","管理、補助的経済活動を行う事業所（70_物品賃貸業）","30～49人","総数"
"105-2024","700","07","0","00000","2024000000","人","1664","従業者数_うち常用雇用者","管理、補助的経済活動を行う事業所（70_物品賃貸業）","50～99人","総数"
"105-2024","700","08","0","00000","2024000000","人","1231","従業者数_うち常用雇用者","管理、補助的経済活動を行う事業所（70_物品賃貸業）","100～199人","総数"
"105-2024","700","09","0","00000","2024000000","人","1023","従業者数_うち常用雇用者","管理、補助的経済活動を行う事業所（70_物品賃貸業）","200～299人","総数"
"105-2024","700","10","0","00000","2024000000","人","347","従業者数_うち常用雇用者","管理、補助的経済活動を行う事業所（70_物品賃貸業）","300人以上","総数"
"105-2024","701","00","0","00000","2024000000","人","23977","従業者数_うち常用雇用者","各種物品賃貸業","総数","総数"
"105-2024","701","01","0","00000","2024000000","人","***","従業者数_うち常用雇用者","各種物品賃貸業","0人","総数"
"105-2024","701","02","0","00000","2024000000","人","952","従業者数_うち常用雇用者","各種物品賃貸業","1～4人","総数"
"105-2024","701","03","0","00000","2024000000","人","2418","従業者数_うち常用雇用者","各種物品賃貸業","5～9人","総数"
"105-2024","701","04","0","00000","2024000000","人","2726","従業者数_うち常用雇用者","各種物品賃貸業","10～19人","総数"
"105-2024","701","05","0","00000","2024000000","人","1175","従業者数_うち常用雇用者","各種物品賃貸業","20～29人","総数"
"105-2024","701","06","0","00000","2024000000","人","1705","従業者数_うち常用雇用者","各種物品賃貸業","30～49人","総数"
"105-2024","701","07","0","00000","2024000000","人","1995","従業者数_うち常用雇用者","各種物品賃貸業","50～99人","総数"
"105-2024","701","08","0","00000","2024000000","人","2161","従業者数_うち常用雇用者","各種物品賃貸業","100～199人","総数"
"105-2024","701","09","0","00000","2024000000","人","1335","従業者数_うち常用雇用者","各種物品賃貸業","200～299人","総数"
"105-2024","701","10","0","00000","2024000000","人","9510","従業者数_うち常用雇用者","各種物品賃貸業","300人以上","総数"
"105-2024","70C","00","0","00000","2024000000","人","20487","従業者数_うち常用雇用者","総合リース業","総数","総数"
"105-2024","70C","01","0","00000","2024000000","人","***","従業者数_うち常用雇用者","総合リース業","0人","総数"
"105-2024","70C","02","0","00000","2024000000","人","684","従業者数_うち常用雇用者","総合リース業","1～4人","総数"
"105-2024","70C","03","0","00000","2024000000","人","1500","従業者数_うち常用雇用者","総合リース業","5～9人","総数"
"105-2024","70C","04","0","00000","2024000000","人","1270","従業者数_うち常用雇用者","総合リース業","10～19人","総数"
"105-2024","70C","05","0","00000","2024000000","人","886","従業者数_うち常用雇用者","総合リース業","20～29人","総数"
"105-2024","70C","06","0","00000","2024000000","人","1462","従業者数_うち常用雇用者","総合リース業","30～49人","総数"
"105-2024","70C","07","0","00000","2024000000","人","1679","従業者数_うち常用雇用者","総合リース業","50～99人","総数"
"105-2024","70C","08","0","00000","2024000000","人","2161","従業者数_うち常用雇用者","総合リース業","100～199人","総数"
"105-2024","70C","09","0","00000","2024000000","人","1335","従業者数_うち常用雇用者","総合リース業","200～299人","総数"
"105-2024","70C","10","0","00000","2024000000","人","9510","従業者数_うち常用雇用者","総合リース業","300人以上","総数"
"105-2024","70D","00","0","00000","2024000000","人","3490","従業者数_うち常用雇用者","その他の各種物品賃貸業","総数","総数"
"105-2024","70D","01","0","00000","2024000000","人","***","従業者数_うち常用雇用者","その他の各種物品賃貸業","0人","総数"
"105-2024","70D","02","0","00000","2024000000","人","268","従業者数_うち常用雇用者","その他の各種物品賃貸業","1～4人","総数"
"105-2024","70D","03","0","00000","2024000000","人","918","従業者数_うち常用雇用者","その他の各種物品賃貸業","5～9人","総数"
"105-2024","70D","04","0","00000","2024000000","人","1456","従業者数_うち常用雇用者","その他の各種物品賃貸業","10～19人","総数"
"105-2024","70D","05","0","00000","2024000000","人","289","従業者数_うち常用雇用者","その他の各種物品賃貸業","20～29人","総数"
"105-2024","70D","06","0","00000","2024000000","人","243","従業者数_うち常用雇用者","その他の各種物品賃貸業","30～49人","総数"
"105-2024","70D","07","0","00000","2024000000","人","316","従業者数_うち常用雇用者","その他の各種物品賃貸業","50～99人","総数"
"105-2024","70D","08","0","00000","2024000000","人","***","従業者数_うち常用雇用者","その他の各種物品賃貸業","100～199人","総数"
"105-2024","70D","09","0","00000","2024000000","人","***","従業者数_うち常用雇用者","その他の各種物品賃貸業","200～299人","総数"
"105-2024","70D","10","0","00000","2024000000","人","***","従業者数_うち常用雇用者","その他の各種物品賃貸業","300人以上","総数"
"105-2024","702","00","0","00000","2024000000","人","94023","従業者数_うち常用雇用者","産業用機械器具賃貸業","総数","総数"
"105-2024","702","01","0","00000","2024000000","人","***","従業者数_うち常用雇用者","産業用機械器具賃貸業","0人","総数"
"105-2024","702","02","0","00000","2024000000","人","8897","従業者数_うち常用雇用者","産業用機械器具賃貸業","1～4人","総数"
"105-2024","702","03","0","00000","2024000000","人","20298","従業者数_うち常用雇用者","産業用機械器具賃貸業","5～9人","総数"
"105-2024","702","04","0","00000","2024000000","人","23917","従業者数_うち常用雇用者","産業用機械器具賃貸業","10～19人","総数"
"105-2024","702","05","0","00000","2024000000","人","12157","従業者数_うち常用雇用者","産業用機械器具賃貸業","20～29人","総数"
"105-2024","702","06","0","00000","2024000000","人","10129","従業者数_うち常用雇用者","産業用機械器具賃貸業","30～49人","総数"
"105-2024","702","07","0","00000","2024000000","人","8112","従業者数_うち常用雇用者","産業用機械器具賃貸業","50～99人","総数"
"105-2024","702","08","0","00000","2024000000","人","4603","従業者数_うち常用雇用者","産業用機械器具賃貸業","100～199人","総数"
"105-2024","702","09","0","00000","2024000000","人","1857","従業者数_うち常用雇用者","産業用機械器具賃貸業","200～299人","総数"
"105-2024","702","10","0","00000","2024000000","人","4053","従業者数_うち常用雇用者","産業用機械器具賃貸業","300人以上","総数"
"105-2024","703","00","0","00000","2024000000","人","6638","従業者数_うち常用雇用者","事務用機械器具賃貸業","総数","総数"
"105-2024","703","01","0","00000","2024000000","人","***","従業者数_うち常用雇用者","事務用機械器具賃貸業","0人","総数"
"105-2024","703","02","0","00000","2024000000","人","489","従業者数_うち常用雇用者","事務用機械器具賃貸業","1～4人","総数"
"105-2024","703","03","0","00000","2024000000","人","716","従業者数_うち常用雇用者","事務用機械器具賃貸業","5～9人","総数"
"105-2024","703","04","0","00000","2024000000","人","1148","従業者数_うち常用雇用者","事務用機械器具賃貸業","10～19人","総数"
"105-2024","703","05","0","00000","2024000000","人","684","従業者数_うち常用雇用者","事務用機械器具賃貸業","20～29人","総数"
"105-2024","703","06","0","00000","2024000000","人","787","従業者数_うち常用雇用者","事務用機械器具賃貸業","30～49人","総数"
"105-2024","703","07","0","00000","2024000000","人","939","従業者数_うち常用雇用者","事務用機械器具賃貸業","50～99人","総数"
"105-2024","703","08","0","00000","2024000000","人","469","従業者数_うち常用雇用者","事務用機械器具賃貸業","100～199人","総数"
"105-2024","703","09","0","00000","2024000000","人","264","従業者数_うち常用雇用者","事務用機械器具賃貸業","200～299人","総数"
"105-2024","703","10","0","00000","2024000000","人","1142","従業者数_うち常用雇用者","事務用機械器具賃貸業","300人以上","総数"
"105-2024","704","00","0","00000","2024000000","人","51471","従業者数_うち常用雇用者","自動車賃貸業","総数","総数"
"105-2024","704","01","0","00000","2024000000","人","***","従業者数_うち常用雇用者","自動車賃貸業","0人","総数"
"105-2024","704","02","0","00000","2024000000","人","5654","従業者数_うち常用雇用者","自動車賃貸業","1～4人","総数"
"105-2024","704","03","0","00000","2024000000","人","11911","従業者数_うち常用雇用者","自動車賃貸業","5～9人","総数"
"105-2024","704","04","0","00000","2024000000","人","12528","従業者数_うち常用雇用者","自動車賃貸業","10～19人","総数"
"105-2024","704","05","0","00000","2024000000","人","5515","従業者数_うち常用雇用者","自動車賃貸業","20～29人","総数"
"105-2024","704","06","0","00000","2024000000","人","4423","従業者数_うち常用雇用者","自動車賃貸業","30～49人","総数"
"105-2024","704","07","0","00000","2024000000","人","4492","従業者数_うち常用雇用者","自動車賃貸業","50～99人","総数"
"105-2024","704","08","0","00000","2024000000","人","2590","従業者数_うち常用雇用者","自動車賃貸業","100～199人","総数"
"105-2024","704","09","0","00000","2024000000","人","780","従業者数_うち常用雇用者","自動車賃貸業","200～299人","総数"
"105-2024","704","10","0","00000","2024000000","人","3578","従業者数_うち常用雇用者","自動車賃貸業","300人以上","総数"
"105-2024","705","00","0","00000","2024000000","人","2648","従業者数_うち常用雇用者","スポーツ・娯楽用品賃貸業","総数","総数"
"105-2024","705","01","0","00000","2024000000","人","***","従業者数_うち常用雇用者","スポーツ・娯楽用品賃貸業","0人","総数"
"105-2024","705","02","0","00000","2024000000","人","599","従業者数_うち常用雇用者","スポーツ・娯楽用品賃貸業","1～4人","総数"
"105-2024","705","03","0","00000","2024000000","人","491","従業者数_うち常用雇用者","スポーツ・娯楽用品賃貸業","5～9人","総数"
"105-2024","705","04","0","00000","2024000000","人","747","従業者数_うち常用雇用者","スポーツ・娯楽用品賃貸業","10～19人","総数"
"105-2024","705","05","0","00000","2024000000","人","251","従業者数_うち常用雇用者","スポーツ・娯楽用品賃貸業","20～29人","総数"
"105-2024","705","06","0","00000","2024000000","人","146","従業者数_うち常用雇用者","スポーツ・娯楽用品賃貸業","30～49人","総数"
"105-2024","705","07","0","00000","2024000000","人","230","従業者数_うち常用雇用者","スポーツ・娯楽用品賃貸業","50～99人","総数"
"105-2024","705","08","0","00000","2024000000","人","184","従業者数_うち常用雇用者","スポーツ・娯楽用品賃貸業","100～199人","総数"
"105-2024","705","09","0","00000","2024000000","人","***","従業者数_うち常用雇用者","スポーツ・娯楽用品賃貸業","200～299人","総数"
"105-2024","705","10","0","00000","2024000000","人","***","従業者数_うち常用雇用者","スポーツ・娯楽用品賃貸業","300人以上","総数"
"105-2024","709","00","0","00000","2024000000","人","78168","従業者数_うち常用雇用者","その他の物品賃貸業","総数","総数"
"105-2024","709","01","0","00000","2024000000","人","***","従業者数_うち常用雇用者","その他の物品賃貸業","0人","総数"
"105-2024","709","02","0","00000","2024000000","人","9842","従業者数_うち常用雇用者","その他の物品賃貸業","1～4人","総数"
"105-2024","709","03","0","00000","2024000000","人","15517","従業者数_うち常用雇用者","その他の物品賃貸業","5～9人","総数"
"105-2024","709","04","0","00000","2024000000","人","19041","従業者数_うち常用雇用者","その他の物品賃貸業","10～19人","総数"
"105-2024","709","05","0","00000","2024000000","人","9676","従業者数_うち常用雇用者","その他の物品賃貸業","20～29人","総数"
"105-2024","709","06","0","00000","2024000000","人","9587","従業者数_うち常用雇用者","その他の物品賃貸業","30～49人","総数"
"105-2024","709","07","0","00000","2024000000","人","8273","従業者数_うち常用雇用者","その他の物品賃貸業","50～99人","総数"
"105-2024","709","08","0","00000","2024000000","人","4580","従業者数_うち常用雇用者","その他の物品賃貸業","100～199人","総数"
"105-2024","709","09","0","00000","2024000000","人","1008","従業者数_うち常用雇用者","その他の物品賃貸業","200～299人","総数"
"105-2024","709","10","0","00000","2024000000","人","644","従業者数_うち常用雇用者","その他の物品賃貸業","300人以上","総数"
"105-2024","70A","00","0","00000","2024000000","人","3317","従業者数_うち常用雇用者","音楽・映像記録物賃貸業（別掲を除く）","総数","総数"
"105-2024","70A","01","0","00000","2024000000","人","***","従業者数_うち常用雇用者","音楽・映像記録物賃貸業（別掲を除く）","0人","総数"
"105-2024","70A","02","0","00000","2024000000","人","156","従業者数_うち常用雇用者","音楽・映像記録物賃貸業（別掲を除く）","1～4人","総数"
"105-2024","70A","03","0","00000","2024000000","人","289","従業者数_うち常用雇用者","音楽・映像記録物賃貸業（別掲を除く）","5～9人","総数"
"105-2024","70A","04","0","00000","2024000000","人","1122","従業者数_うち常用雇用者","音楽・映像記録物賃貸業（別掲を除く）","10～19人","総数"
"105-2024","70A","05","0","00000","2024000000","人","455","従業者数_うち常用雇用者","音楽・映像記録物賃貸業（別掲を除く）","20～29人","総数"
"105-2024","70A","06","0","00000","2024000000","人","860","従業者数_うち常用雇用者","音楽・映像記録物賃貸業（別掲を除く）","30～49人","総数"
"105-2024","70A","07","0","00000","2024000000","人","435","従業者数_うち常用雇用者","音楽・映像記録物賃貸業（別掲を除く）","50～99人","総数"
"105-2024","70A","08","0","00000","2024000000","人","***","従業者数_うち常用雇用者","音楽・映像記録物賃貸業（別掲を除く）","100～199人","総数"
"105-2024","70A","09","0","00000","2024000000","人","***","従業者数_うち常用雇用者","音楽・映像記録物賃貸業（別掲を除く）","200～299人","総数"
"105-2024","70A","10","0","00000","2024000000","人","***","従業者数_うち常用雇用者","音楽・映像記録物賃貸業（別掲を除く）","300人以上","総数"
"105-2024","70B","00","0","00000","2024000000","人","74851","従業者数_うち常用雇用者","他に分類されない物品賃貸業","総数","総数"
"105-2024","70B","01","0","00000","2024000000","人","***","従業者数_うち常用雇用者","他に分類されない物品賃貸業","0人","総数"
"105-2024","70B","02","0","00000","2024000000","人","9686","従業者数_うち常用雇用者","他に分類されない物品賃貸業","1～4人","総数"
"105-2024","70B","03","0","00000","2024000000","人","15228","従業者数_うち常用雇用者","他に分類されない物品賃貸業","5～9人","総数"
"105-2024","70B","04","0","00000","2024000000","人","17919","従業者数_うち常用雇用者","他に分類されない物品賃貸業","10～19人","総数"
"105-2024","70B","05","0","00000","2024000000","人","9221","従業者数_うち常用雇用者","他に分類されない物品賃貸業","20～29人","総数"
"105-2024","70B","06","0","00000","2024000000","人","8727","従業者数_うち常用雇用者","他に分類されない物品賃貸業","30～49人","総数"
"105-2024","70B","07","0","00000","2024000000","人","7838","従業者数_うち常用雇用者","他に分類されない物品賃貸業","50～99人","総数"
"105-2024","70B","08","0","00000","2024000000","人","4580","従業者数_うち常用雇用者","他に分類されない物品賃貸業","100～199人","総数"
"105-2024","70B","09","0","00000","2024000000","人","1008","従業者数_うち常用雇用者","他に分類されない物品賃貸業","200～299人","総数"
"105-2024","70B","10","0","00000","2024000000","人","644","従業者数_うち常用雇用者","他に分類されない物品賃貸業","300人以上","総数"
"105-2024","L","00","0","00000","2024000000","人","1974840","従業者数_うち常用雇用者","学術研究、専門・技術サービス業","総数","総数"
"105-2024","L","01","0","00000","2024000000","人","***","従業者数_うち常用雇用者","学術研究、専門・技術サービス業","0人","総数"
"105-2024","L","02","0","00000","2024000000","人","247621","従業者数_うち常用雇用者","学術研究、専門・技術サービス業","1～4人","総数"
"105-2024","L","03","0","00000","2024000000","人","205505","従業者数_うち常用雇用者","学術研究、専門・技術サービス業","5～9人","総数"
"105-2024","L","04","0","00000","2024000000","人","222532","従業者数_うち常用雇用者","学術研究、専門・技術サービス業","10～19人","総数"
"105-2024","L","05","0","00000","2024000000","人","137045","従業者数_うち常用雇用者","学術研究、専門・技術サービス業","20～29人","総数"
"105-2024","L","06","0","00000","2024000000","人","169638","従業者数_うち常用雇用者","学術研究、専門・技術サービス業","30～49人","総数"
"105-2024","L","07","0","00000","2024000000","人","209297","従業者数_うち常用雇用者","学術研究、専門・技術サービス業","50～99人","総数"
"105-2024","L","08","0","00000","2024000000","人","199377","従業者数_うち常用雇用者","学術研究、専門・技術サービス業","100～199人","総数"
"105-2024","L","09","0","00000","2024000000","人","93752","従業者数_うち常用雇用者","学術研究、専門・技術サービス業","200～299人","総数"
"105-2024","L","10","0","00000","2024000000","人","490073","従業者数_うち常用雇用者","学術研究、専門・技術サービス業","300人以上","総数"
"105-2024","71","00","0","00000","2024000000","人","293722","従業者数_うち常用雇用者","学術・開発研究機関","総数","総数"
"105-2024","71","01","0","00000","2024000000","人","***","従業者数_うち常用雇用者","学術・開発研究機関","0人","総数"
"105-2024","71","02","0","00000","2024000000","人","4187","従業者数_うち常用雇用者","学術・開発研究機関","1～4人","総数"
"105-2024","71","03","0","00000","2024000000","人","6156","従業者数_うち常用雇用者","学術・開発研究機関","5～9人","総数"
"105-2024","71","04","0","00000","2024000000","人","11390","従業者数_うち常用雇用者","学術・開発研究機関","10～19人","総数"
"105-2024","71","05","0","00000","2024000000","人","8710","従業者数_うち常用雇用者","学術・開発研究機関","20～29人","総数"
"105-2024","71","06","0","00000","2024000000","人","16945","従業者数_うち常用雇用者","学術・開発研究機関","30～49人","総数"
"105-2024","71","07","0","00000","2024000000","人","28612","従業者数_うち常用雇用者","学術・開発研究機関","50～99人","総数"
"105-2024","71","08","0","00000","2024000000","人","41076","従業者数_うち常用雇用者","学術・開発研究機関","100～199人","総数"
"105-2024","71","09","0","00000","2024000000","人","25807","従業者数_うち常用雇用者","学術・開発研究機関","200～299人","総数"
"105-2024","71","10","0","00000","2024000000","人","150839","従業者数_うち常用雇用者","学術・開発研究機関","300人以上","総数"
"105-2024","710","00","0","00000","2024000000","人","915","従業者数_うち常用雇用者","管理、補助的経済活動を行う事業所（71_学術・開発研究機関）","総数","総数"
"105-2024","710","01","0","00000","2024000000","人","***","従業者数_うち常用雇用者","管理、補助的経済活動を行う事業所（71_学術・開発研究機関）","0人","総数"
"105-2024","710","02","0","00000","2024000000","人","44","従業者数_うち常用雇用者","管理、補助的経済活動を行う事業所（71_学術・開発研究機関）","1～4人","総数"
"105-2024","710","03","0","00000","2024000000","人","64","従業者数_うち常用雇用者","管理、補助的経済活動を行う事業所（71_学術・開発研究機関）","5～9人","総数"
"105-2024","710","04","0","00000","2024000000","人","47","従業者数_うち常用雇用者","管理、補助的経済活動を行う事業所（71_学術・開発研究機関）","10～19人","総数"
"105-2024","710","05","0","00000","2024000000","人","28","従業者数_うち常用雇用者","管理、補助的経済活動を行う事業所（71_学術・開発研究機関）","20～29人","総数"
"105-2024","710","06","0","00000","2024000000","人","44","従業者数_うち常用雇用者","管理、補助的経済活動を行う事業所（71_学術・開発研究機関）","30～49人","総数"
"105-2024","710","07","0","00000","2024000000","人","74","従業者数_うち常用雇用者","管理、補助的経済活動を行う事業所（71_学術・開発研究機関）","50～99人","総数"
"105-2024","710","08","0","00000","2024000000","人","268","従業者数_うち常用雇用者","管理、補助的経済活動を行う事業所（71_学術・開発研究機関）","100～199人","総数"
"105-2024","710","09","0","00000","2024000000","人","***","従業者数_うち常用雇用者","管理、補助的経済活動を行う事業所（71_学術・開発研究機関）","200～299人","総数"
"105-2024","710","10","0","00000","2024000000","人","346","従業者数_うち常用雇用者","管理、補助的経済活動を行う事業所（71_学術・開発研究機関）","300人以上","総数"
"105-2024","711","00","0","00000","2024000000","人","284521","従業者数_うち常用雇用者","自然科学研究所","総数","総数"
"105-2024","711","01","0","00000","2024000000","人","***","従業者数_うち常用雇用者","自然科学研究所","0人","総数"
"105-2024","711","02","0","00000","2024000000","人","3674","従業者数_うち常用雇用者","自然科学研究所","1～4人","総数"
"105-2024","711","03","0","00000","2024000000","人","5454","従業者数_うち常用雇用者","自然科学研究所","5～9人","総数"
"105-2024","711","04","0","00000","2024000000","人","10285","従業者数_うち常用雇用者","自然科学研究所","10～19人","総数"
"105-2024","711","05","0","00000","2024000000","人","8074","従業者数_うち常用雇用者","自然科学研究所","20～29人","総数"
"105-2024","711","06","0","00000","2024000000","人","15609","従業者数_うち常用雇用者","自然科学研究所","30～49人","総数"
"105-2024","711","07","0","00000","2024000000","人","26998","従業者数_うち常用雇用者","自然科学研究所","50～99人","総数"
"105-2024","711","08","0","00000","2024000000","人","38663","従業者数_うち常用雇用者","自然科学研究所","100～199人","総数"
"105-2024","711","09","0","00000","2024000000","人","25600","従業者数_うち常用雇用者","自然科学研究所","200～299人","総数"
"105-2024","711","10","0","00000","2024000000","人","150164","従業者数_うち常用雇用者","自然科学研究所","300人以上","総数"
"105-2024","712","00","0","00000","2024000000","人","8286","従業者数_うち常用雇用者","人文・社会科学研究所","総数","総数"
"105-2024","712","01","0","00000","2024000000","人","***","従業者数_うち常用雇用者","人文・社会科学研究所","0人","総数"
"105-2024","712","02","0","00000","2024000000","人","469","従業者数_うち常用雇用者","人文・社会科学研究所","1～4人","総数"
"105-2024","712","03","0","00000","2024000000","人","638","従業者数_うち常用雇用者","人文・社会科学研究所","5～9人","総数"
"105-2024","712","04","0","00000","2024000000","人","1058","従業者数_うち常用雇用者","人文・社会科学研究所","10～19人","総数"
"105-2024","712","05","0","00000","2024000000","人","608","従業者数_うち常用雇用者","人文・社会科学研究所","20～29人","総数"
"105-2024","712","06","0","00000","2024000000","人","1292","従業者数_うち常用雇用者","人文・社会科学研究所","30～49人","総数"
"105-2024","712","07","0","00000","2024000000","人","1540","従業者数_うち常用雇用者","人文・社会科学研究所","50～99人","総数"
"105-2024","712","08","0","00000","2024000000","人","2145","従業者数_うち常用雇用者","人文・社会科学研究所","100～199人","総数"
"105-2024","712","09","0","00000","2024000000","人","207","従業者数_うち常用雇用者","人文・社会科学研究所","200～299人","総数"
"105-2024","712","10","0","00000","2024000000","人","329","従業者数_うち常用雇用者","人文・社会科学研究所","300人以上","総数"
"105-2024","72","00","0","00000","2024000000","人","765586","従業者数_うち常用雇用者","専門サービス業（他に分類されないもの）","総数","総数"
"105-2024","72","01","0","00000","2024000000","人","***","従業者数_うち常用雇用者","専門サービス業（他に分類されないもの）","0人","総数"
"105-2024","72","02","0","00000","2024000000","人","144285","従業者数_うち常用雇用者","専門サービス業（他に分類されないもの）","1～4人","総数"
"105-2024","72","03","0","00000","2024000000","人","103362","従業者数_うち常用雇用者","専門サービス業（他に分類されないもの）","5～9人","総数"
"105-2024","72","04","0","00000","2024000000","人","90458","従業者数_うち常用雇用者","専門サービス業（他に分類されないもの）","10～19人","総数"
"105-2024","72","05","0","00000","2024000000","人","50923","従業者数_うち常用雇用者","専門サービス業（他に分類されないもの）","20～29人","総数"
"105-2024","72","06","0","00000","2024000000","人","53994","従業者数_うち常用雇用者","専門サービス業（他に分類されないもの）","30～49人","総数"
"105-2024","72","07","0","00000","2024000000","人","62592","従業者数_うち常用雇用者","専門サービス業（他に分類されないもの）","50～99人","総数"
"105-2024","72","08","0","00000","2024000000","人","59880","従業者数_うち常用雇用者","専門サービス業（他に分類されないもの）","100～199人","総数"
"105-2024","72","09","0","00000","2024000000","人","31330","従業者数_うち常用雇用者","専門サービス業（他に分類されないもの）","200～299人","総数"
"105-2024","72","10","0","00000","2024000000","人","168762","従業者数_うち常用雇用者","専門サービス業（他に分類されないもの）","300人以上","総数"
"105-2024","720","00","0","00000","2024000000","人","1609","従業者数_うち常用雇用者","管理、補助的経済活動を行う事業所（72_専門サービス業）","総数","総数"
"105-2024","720","01","0","00000","2024000000","人","***","従業者数_うち常用雇用者","管理、補助的経済活動を行う事業所（72_専門サービス業）","0人","総数"
"105-2024","720","02","0","00000","2024000000","人","249","従業者数_うち常用雇用者","管理、補助的経済活動を行う事業所（72_専門サービス業）","1～4人","総数"
"105-2024","720","03","0","00000","2024000000","人","128","従業者数_うち常用雇用者","管理、補助的経済活動を行う事業所（72_専門サービス業）","5～9人","総数"
"105-2024","720","04","0","00000","2024000000","人","226","従業者数_うち常用雇用者","管理、補助的経済活動を行う事業所（72_専門サービス業）","10～19人","総数"
"105-2024","720","05","0","00000","2024000000","人","164","従業者数_うち常用雇用者","管理、補助的経済活動を行う事業所（72_専門サービス業）","20～29人","総数"
"105-2024","720","06","0","00000","2024000000","人","161","従業者数_うち常用雇用者","管理、補助的経済活動を行う事業所（72_専門サービス業）","30～49人","総数"
"105-2024","720","07","0","00000","2024000000","人","194","従業者数_うち常用雇用者","管理、補助的経済活動を行う事業所（72_専門サービス業）","50～99人","総数"
"105-2024","720","08","0","00000","2024000000","人","265","従業者数_うち常用雇用者","管理、補助的経済活動を行う事業所（72_専門サービス業）","100～199人","総数"
"105-2024","720","09","0","00000","2024000000","人","222","従業者数_うち常用雇用者","管理、補助的経済活動を行う事業所（72_専門サービス業）","200～299人","総数"
"105-2024","720","10","0","00000","2024000000","人","***","従業者数_うち常用雇用者","管理、補助的経済活動を行う事業所（72_専門サービス業）","300人以上","総数"
"105-2024","721","00","0","00000","2024000000","人","45517","従業者数_うち常用雇用者","法律事務所、特許事務所","総数","総数"
"105-2024","721","01","0","00000","2024000000","人","***","従業者数_うち常用雇用者","法律事務所、特許事務所","0人","総数"
"105-2024","721","02","0","00000","2024000000","人","15575","従業者数_うち常用雇用者","法律事務所、特許事務所","1～4人","総数"
"105-2024","721","03","0","00000","2024000000","人","8833","従業者数_うち常用雇用者","法律事務所、特許事務所","5～9人","総数"
"105-2024","721","04","0","00000","2024000000","人","6281","従業者数_うち常用雇用者","法律事務所、特許事務所","10～19人","総数"
"105-2024","721","05","0","00000","2024000000","人","3578","従業者数_うち常用雇用者","法律事務所、特許事務所","20～29人","総数"
"105-2024","721","06","0","00000","2024000000","人","3066","従業者数_うち常用雇用者","法律事務所、特許事務所","30～49人","総数"
"105-2024","721","07","0","00000","2024000000","人","3330","従業者数_うち常用雇用者","法律事務所、特許事務所","50～99人","総数"
"105-2024","721","08","0","00000","2024000000","人","2711","従業者数_うち常用雇用者","法律事務所、特許事務所","100～199人","総数"
"105-2024","721","09","0","00000","2024000000","人","479","従業者数_うち常用雇用者","法律事務所、特許事務所","200～299人","総数"
"105-2024","721","10","0","00000","2024000000","人","1664","従業者数_うち常用雇用者","法律事務所、特許事務所","300人以上","総数"
"105-2024","72A","00","0","00000","2024000000","人","35788","従業者数_うち常用雇用者","法律事務所","総数","総数"
"105-2024","72A","01","0","00000","2024000000","人","***","従業者数_うち常用雇用者","法律事務所","0人","総数"
"105-2024","72A","02","0","00000","2024000000","人","14508","従業者数_うち常用雇用者","法律事務所","1～4人","総数"
"105-2024","72A","03","0","00000","2024000000","人","7563","従業者数_うち常用雇用者","法律事務所","5～9人","総数"
"105-2024","72A","04","0","00000","2024000000","人","4780","従業者数_うち常用雇用者","法律事務所","10～19人","総数"
"105-2024","72A","05","0","00000","2024000000","人","2530","従業者数_うち常用雇用者","法律事務所","20～29人","総数"
"105-2024","72A","06","0","00000","2024000000","人","1806","従業者数_うち常用雇用者","法律事務所","30～49人","総数"
"105-2024","72A","07","0","00000","2024000000","人","1674","従業者数_うち常用雇用者","法律事務所","50～99人","総数"
"105-2024","72A","08","0","00000","2024000000","人","1734","従業者数_うち常用雇用者","法律事務所","100～199人","総数"
"105-2024","72A","09","0","00000","2024000000","人","219","従業者数_うち常用雇用者","法律事務所","200～299人","総数"
"105-2024","72A","10","0","00000","2024000000","人","974","従業者数_うち常用雇用者","法律事務所","300人以上","総数"
"105-2024","72B","00","0","00000","2024000000","人","9729","従業者数_うち常用雇用者","特許事務所","総数","総数"
"105-2024","72B","01","0","00000","2024000000","人","***","従業者数_うち常用雇用者","特許事務所","0人","総数"
"105-2024","72B","02","0","00000","2024000000","人","1067","従業者数_うち常用雇用者","特許事務所","1～4人","総数"
"105-2024","72B","03","0","00000","2024000000","人","1270","従業者数_うち常用雇用者","特許事務所","5～9人","総数"
"105-2024","72B","04","0","00000","2024000000","人","1501","従業者数_うち常用雇用者","特許事務所","10～19人","総数"
"105-2024","72B","05","0","00000","2024000000","人","1048","従業者数_うち常用雇用者","特許事務所","20～29人","総数"
"105-2024","72B","06","0","00000","2024000000","人","1260","従業者数_うち常用雇用者","特許事務所","30～49人","総数"
"105-2024","72B","07","0","00000","2024000000","人","1656","従業者数_うち常用雇用者","特許事務所","50～99人","総数"
"105-2024","72B","08","0","00000","2024000000","人","977","従業者数_うち常用雇用者","特許事務所","100～199人","総数"
"105-2024","72B","09","0","00000","2024000000","人","260","従業者数_うち常用雇用者","特許事務所","200～299人","総数"
"105-2024","72B","10","0","00000","2024000000","人","690","従業者数_うち常用雇用者","特許事務所","300人以上","総数"
"105-2024","722","00","0","00000","2024000000","人","26025","従業者数_うち常用雇用者","公証人役場、司法書士事務所、土地家屋調査士事務所","総数","総数"
"105-2024","722","01","0","00000","2024000000","人","***","従業者数_うち常用雇用者","公証人役場、司法書士事務所、土地家屋調査士事務所","0人","総数"
"105-2024","722","02","0","00000","2024000000","人","14825","従業者数_うち常用雇用者","公証人役場、司法書士事務所、土地家屋調査士事務所","1～4人","総数"
"105-2024","722","03","0","00000","2024000000","人","5670","従業者数_うち常用雇用者","公証人役場、司法書士事務所、土地家屋調査士事務所","5～9人","総数"
"105-2024","722","04","0","00000","2024000000","人","2810","従業者数_うち常用雇用者","公証人役場、司法書士事務所、土地家屋調査士事務所","10～19人","総数"
"105-2024","722","05","0","00000","2024000000","人","1394","従業者数_うち常用雇用者","公証人役場、司法書士事務所、土地家屋調査士事務所","20～29人","総数"
"105-2024","722","06","0","00000","2024000000","人","719","従業者数_うち常用雇用者","公証人役場、司法書士事務所、土地家屋調査士事務所","30～49人","総数"
"105-2024","722","07","0","00000","2024000000","人","400","従業者数_うち常用雇用者","公証人役場、司法書士事務所、土地家屋調査士事務所","50～99人","総数"
"105-2024","722","08","0","00000","2024000000","人","207","従業者数_うち常用雇用者","公証人役場、司法書士事務所、土地家屋調査士事務所","100～199人","総数"
"105-2024","722","09","0","00000","2024000000","人","***","従業者数_うち常用雇用者","公証人役場、司法書士事務所、土地家屋調査士事務所","200～299人","総数"
"105-2024","722","10","0","00000","2024000000","人","***","従業者数_うち常用雇用者","公証人役場、司法書士事務所、土地家屋調査士事務所","300人以上","総数"
"105-2024","72J","00","0","00000","2024000000","人","19008","従業者数_うち常用雇用者","公証人役場、司法書士事務所","総数","総数"
"105-2024","72J","01","0","00000","2024000000","人","***","従業者数_うち常用雇用者","公証人役場、司法書士事務所","0人","総数"
"105-2024","72J","02","0","00000","2024000000","人","10369","従業者数_うち常用雇用者","公証人役場、司法書士事務所","1～4人","総数"
"105-2024","72J","03","0","00000","2024000000","人","4325","従業者数_うち常用雇用者","公証人役場、司法書士事務所","5～9人","総数"
"105-2024","72J","04","0","00000","2024000000","人","1981","従業者数_うち常用雇用者","公証人役場、司法書士事務所","10～19人","総数"
"105-2024","72J","05","0","00000","2024000000","人","1220","従業者数_うち常用雇用者","公証人役場、司法書士事務所","20～29人","総数"
"105-2024","72J","06","0","00000","2024000000","人","556","従業者数_うち常用雇用者","公証人役場、司法書士事務所","30～49人","総数"
"105-2024","72J","07","0","00000","2024000000","人","350","従業者数_うち常用雇用者","公証人役場、司法書士事務所","50～99人","総数"
"105-2024","72J","08","0","00000","2024000000","人","207","従業者数_うち常用雇用者","公証人役場、司法書士事務所","100～199人","総数"
"105-2024","72J","09","0","00000","2024000000","人","***","従業者数_うち常用雇用者","公証人役場、司法書士事務所","200～299人","総数"
"105-2024","72J","10","0","00000","2024000000","人","***","従業者数_うち常用雇用者","公証人役場、司法書士事務所","300人以上","総数"
"105-2024","72K","00","0","00000","2024000000","人","7017","従業者数_うち常用雇用者","土地家屋調査士事務所","総数","総数"
"105-2024","72K","01","0","00000","2024000000","人","***","従業者数_うち常用雇用者","土地家屋調査士事務所","0人","総数"
"105-2024","72K","02","0","00000","2024000000","人","4456","従業者数_うち常用雇用者","土地家屋調査士事務所","1～4人","総数"
"105-2024","72K","03","0","00000","2024000000","人","1345","従業者数_うち常用雇用者","土地家屋調査士事務所","5～9人","総数"
"105-2024","72K","04","0","00000","2024000000","人","829","従業者数_うち常用雇用者","土地家屋調査士事務所","10～19人","総数"
"105-2024","72K","05","0","00000","2024000000","人","174","従業者数_うち常用雇用者","土地家屋調査士事務所","20～29人","総数"
"105-2024","72K","06","0","00000","2024000000","人","163","従業者数_うち常用雇用者","土地家屋調査士事務所","30～49人","総数"
"105-2024","72K","07","0","00000","2024000000","人","50","従業者数_うち常用雇用者","土地家屋調査士事務所","50～99人","総数"
"105-2024","72K","08","0","00000","2024000000","人","***","従業者数_うち常用雇用者","土地家屋調査士事務所","100～199人","総数"
"105-2024","72K","09","0","00000","2024000000","人","***","従業者数_うち常用雇用者","土地家屋調査士事務所","200～299人","総数"
"105-2024","72K","10","0","00000","2024000000","人","***","従業者数_うち常用雇用者","土地家屋調査士事務所","300人以上","総数"
"105-2024","723","00","0","00000","2024000000","人","7453","従業者数_うち常用雇用者","行政書士事務所","総数","総数"
"105-2024","723","01","0","00000","2024000000","人","***","従業者数_うち常用雇用者","行政書士事務所","0人","総数"
"105-2024","723","02","0","00000","2024000000","人","3515","従業者数_うち常用雇用者","行政書士事務所","1～4人","総数"
"105-2024","723","03","0","00000","2024000000","人","1698","従業者数_うち常用雇用者","行政書士事務所","5～9人","総数"
"105-2024","723","04","0","00000","2024000000","人","1061","従業者数_うち常用雇用者","行政書士事務所","10～19人","総数"
"105-2024","723","05","0","00000","2024000000","人","433","従業者数_うち常用雇用者","行政書士事務所","20～29人","総数"
"105-2024","723","06","0","00000","2024000000","人","503","従業者数_うち常用雇用者","行政書士事務所","30～49人","総数"
"105-2024","723","07","0","00000","2024000000","人","141","従業者数_うち常用雇用者","行政書士事務所","50～99人","総数"
"105-2024","723","08","0","00000","2024000000","人","102","従業者数_うち常用雇用者","行政書士事務所","100～199人","総数"
"105-2024","723","09","0","00000","2024000000","人","***","従業者数_うち常用雇用者","行政書士事務所","200～299人","総数"
"105-2024","723","10","0","00000","2024000000","人","***","従業者数_うち常用雇用者","行政書士事務所","300人以上","総数"
"105-2024","724","00","0","00000","2024000000","人","162784","従業者数_うち常用雇用者","公認会計士事務所、税理士事務所","総数","総数"
"105-2024","724","01","0","00000","2024000000","人","***","従業者数_うち常用雇用者","公認会計士事務所、税理士事務所","0人","総数"
"105-2024","724","02","0","00000","2024000000","人","33346","従業者数_うち常用雇用者","公認会計士事務所、税理士事務所","1～4人","総数"
"105-2024","724","03","0","00000","2024000000","人","36249","従業者数_うち常用雇用者","公認会計士事務所、税理士事務所","5～9人","総数"
"105-2024","724","04","0","00000","2024000000","人","31976","従業者数_うち常用雇用者","公認会計士事務所、税理士事務所","10～19人","総数"
"105-2024","724","05","0","00000","2024000000","人","13343","従業者数_うち常用雇用者","公認会計士事務所、税理士事務所","20～29人","総数"
"105-2024","724","06","0","00000","2024000000","人","10629","従業者数_うち常用雇用者","公認会計士事務所、税理士事務所","30～49人","総数"
"105-2024","724","07","0","00000","2024000000","人","8167","従業者数_うち常用雇用者","公認会計士事務所、税理士事務所","50～99人","総数"
"105-2024","724","08","0","00000","2024000000","人","2326","従業者数_うち常用雇用者","公認会計士事務所、税理士事務所","100～199人","総数"
"105-2024","724","09","0","00000","2024000000","人","1984","従業者数_うち常用雇用者","公認会計士事務所、税理士事務所","200～299人","総数"
"105-2024","724","10","0","00000","2024000000","人","24764","従業者数_うち常用雇用者","公認会計士事務所、税理士事務所","300人以上","総数"
"105-2024","72C","00","0","00000","2024000000","人","34469","従業者数_うち常用雇用者","公認会計士事務所","総数","総数"
"105-2024","72C","01","0","00000","2024000000","人","***","従業者数_うち常用雇用者","公認会計士事務所","0人","総数"
"105-2024","72C","02","0","00000","2024000000","人","2114","従業者数_うち常用雇用者","公認会計士事務所","1～4人","総数"
"105-2024","72C","03","0","00000","2024000000","人","2388","従業者数_うち常用雇用者","公認会計士事務所","5～9人","総数"
"105-2024","72C","04","0","00000","2024000000","人","1875","従業者数_うち常用雇用者","公認会計士事務所","10～19人","総数"
"105-2024","72C","05","0","00000","2024000000","人","1088","従業者数_うち常用雇用者","公認会計士事務所","20～29人","総数"
"105-2024","72C","06","0","00000","2024000000","人","1141","従業者数_うち常用雇用者","公認会計士事務所","30～49人","総数"
"105-2024","72C","07","0","00000","2024000000","人","1306","従業者数_うち常用雇用者","公認会計士事務所","50～99人","総数"
"105-2024","72C","08","0","00000","2024000000","人","1129","従業者数_うち常用雇用者","公認会計士事務所","100～199人","総数"
"105-2024","72C","09","0","00000","2024000000","人","1434","従業者数_うち常用雇用者","公認会計士事務所","200～299人","総数"
"105-2024","72C","10","0","00000","2024000000","人","21994","従業者数_うち常用雇用者","公認会計士事務所","300人以上","総数"
"105-2024","72D","00","0","00000","2024000000","人","128315","従業者数_うち常用雇用者","税理士事務所","総数","総数"
"105-2024","72D","01","0","00000","2024000000","人","***","従業者数_うち常用雇用者","税理士事務所","0人","総数"
"105-2024","72D","02","0","00000","2024000000","人","31232","従業者数_うち常用雇用者","税理士事務所","1～4人","総数"
"105-2024","72D","03","0","00000","2024000000","人","33861","従業者数_うち常用雇用者","税理士事務所","5～9人","総数"
"105-2024","72D","04","0","00000","2024000000","人","30101","従業者数_うち常用雇用者","税理士事務所","10～19人","総数"
"105-2024","72D","05","0","00000","2024000000","人","12255","従業者数_うち常用雇用者","税理士事務所","20～29人","総数"
"105-2024","72D","06","0","00000","2024000000","人","9488","従業者数_うち常用雇用者","税理士事務所","30～49人","総数"
"105-2024","72D","07","0","00000","2024000000","人","6861","従業者数_うち常用雇用者","税理士事務所","50～99人","総数"
"105-2024","72D","08","0","00000","2024000000","人","1197","従業者数_うち常用雇用者","税理士事務所","100～199人","総数"
"105-2024","72D","09","0","00000","2024000000","人","550","従業者数_うち常用雇用者","税理士事務所","200～299人","総数"
"105-2024","72D","10","0","00000","2024000000","人","2770","従業者数_うち常用雇用者","税理士事務所","300人以上","総数"
"105-2024","725","00","0","00000","2024000000","人","21069","従業者数_うち常用雇用者","社会保険労務士事務所","総数","総数"
"105-2024","725","01","0","00000","2024000000","人","***","従業者数_うち常用雇用者","社会保険労務士事務所","0人","総数"
"105-2024","725","02","0","00000","2024000000","人","6917","従業者数_うち常用雇用者","社会保険労務士事務所","1～4人","総数"
"105-2024","725","03","0","00000","2024000000","人","5909","従業者数_うち常用雇用者","社会保険労務士事務所","5～9人","総数"
"105-2024","725","04","0","00000","2024000000","人","3591","従業者数_うち常用雇用者","社会保険労務士事務所","10～19人","総数"
"105-2024","725","05","0","00000","2024000000","人","2032","従業者数_うち常用雇用者","社会保険労務士事務所","20～29人","総数"
"105-2024","725","06","0","00000","2024000000","人","1380","従業者数_うち常用雇用者","社会保険労務士事務所","30～49人","総数"
"105-2024","725","07","0","00000","2024000000","人","595","従業者数_うち常用雇用者","社会保険労務士事務所","50～99人","総数"
"105-2024","725","08","0","00000","2024000000","人","311","従業者数_うち常用雇用者","社会保険労務士事務所","100～199人","総数"
"105-2024","725","09","0","00000","2024000000","人","***","従業者数_うち常用雇用者","社会保険労務士事務所","200～299人","総数"
"105-2024","725","10","0","00000","2024000000","人","334","従業者数_うち常用雇用者","社会保険労務士事務所","300人以上","総数"
"105-2024","726","00","0","00000","2024000000","人","35102","従業者数_うち常用雇用者","デザイン業","総数","総数"
"105-2024","726","01","0","00000","2024000000","人","***","従業者数_うち常用雇用者","デザイン業","0人","総数"
"105-2024","726","02","0","00000","2024000000","人","9550","従業者数_うち常用雇用者","デザイン業","1～4人","総数"
"105-2024","726","03","0","00000","2024000000","人","5844","従業者数_うち常用雇用者","デザイン業","5～9人","総数"
"105-2024","726","04","0","00000","2024000000","人","5707","従業者数_うち常用雇用者","デザイン業","10～19人","総数"
"105-2024","726","05","0","00000","2024000000","人","3296","従業者数_うち常用雇用者","デザイン業","20～29人","総数"
"105-2024","726","06","0","00000","2024000000","人","3130","従業者数_うち常用雇用者","デザイン業","30～49人","総数"
"105-2024","726","07","0","00000","2024000000","人","3977","従業者数_うち常用雇用者","デザイン業","50～99人","総数"
"105-2024","726","08","0","00000","2024000000","人","2798","従業者数_うち常用雇用者","デザイン業","100～199人","総数"
"105-2024","726","09","0","00000","2024000000","人","480","従業者数_うち常用雇用者","デザイン業","200～299人","総数"
"105-2024","726","10","0","00000","2024000000","人","320","従業者数_うち常用雇用者","デザイン業","300人以上","総数"
"105-2024","727","00","0","00000","2024000000","人","232","従業者数_うち常用雇用者","著述・芸術家業","総数","総数"
"105-2024","727","01","0","00000","2024000000","人","***","従業者数_うち常用雇用者","著述・芸術家業","0人","総数"
"105-2024","727","02","0","00000","2024000000","人","198","従業者数_うち常用雇用者","著述・芸術家業","1～4人","総数"
"105-2024","727","03","0","00000","2024000000","人","20","従業者数_うち常用雇用者","著述・芸術家業","5～9人","総数"
"105-2024","727","04","0","00000","2024000000","人","14","従業者数_うち常用雇用者","著述・芸術家業","10～19人","総数"
"105-2024","727","05","0","00000","2024000000","人","***","従業者数_うち常用雇用者","著述・芸術家業","20～29人","総数"
"105-2024","727","06","0","00000","2024000000","人","***","従業者数_うち常用雇用者","著述・芸術家業","30～49人","総数"
"105-2024","727","07","0","00000","2024000000","人","***","従業者数_うち常用雇用者","著述・芸術家業","50～99人","総数"
"105-2024","727","08","0","00000","2024000000","人","***","従業者数_うち常用雇用者","著述・芸術家業","100～199人","総数"
"105-2024","727","09","0","00000","2024000000","人","***","従業者数_うち常用雇用者","著述・芸術家業","200～299人","総数"
"105-2024","727","10","0","00000","2024000000","人","***","従業者数_うち常用雇用者","著述・芸術家業","300人以上","総数"
"105-2024","728","00","0","00000","2024000000","人","285368","従業者数_うち常用雇用者","経営コンサルタント業、純粋持株会社","総数","総数"
"105-2024","728","01","0","00000","2024000000","人","***","従業者数_うち常用雇用者","経営コンサルタント業、純粋持株会社","0人","総数"
"105-2024","728","02","0","00000","2024000000","人","23731","従業者数_うち常用雇用者","経営コンサルタント業、純粋持株会社","1～4人","総数"
"105-2024","728","03","0","00000","2024000000","人","15718","従業者数_うち常用雇用者","経営コンサルタント業、純粋持株会社","5～9人","総数"
"105-2024","728","04","0","00000","2024000000","人","16657","従業者数_うち常用雇用者","経営コンサルタント業、純粋持株会社","10～19人","総数"
"105-2024","728","05","0","00000","2024000000","人","13743","従業者数_うち常用雇用者","経営コンサルタント業、純粋持株会社","20～29人","総数"
"105-2024","728","06","0","00000","2024000000","人","18310","従業者数_うち常用雇用者","経営コンサルタント業、純粋持株会社","30～49人","総数"
"105-2024","728","07","0","00000","2024000000","人","24942","従業者数_うち常用雇用者","経営コンサルタント業、純粋持株会社","50～99人","総数"
"105-2024","728","08","0","00000","2024000000","人","30823","従業者数_うち常用雇用者","経営コンサルタント業、純粋持株会社","100～199人","総数"
"105-2024","728","09","0","00000","2024000000","人","18669","従業者数_うち常用雇用者","経営コンサルタント業、純粋持株会社","200～299人","総数"
"105-2024","728","10","0","00000","2024000000","人","122775","従業者数_うち常用雇用者","経営コンサルタント業、純粋持株会社","300人以上","総数"
"105-2024","72E","00","0","00000","2024000000","人","191295","従業者数_うち常用雇用者","経営コンサルタント業","総数","総数"
"105-2024","72E","01","0","00000","2024000000","人","***","従業者数_うち常用雇用者","経営コンサルタント業","0人","総数"
"105-2024","72E","02","0","00000","2024000000","人","21713","従業者数_うち常用雇用者","経営コンサルタント業","1～4人","総数"
"105-2024","72E","03","0","00000","2024000000","人","13951","従業者数_うち常用雇用者","経営コンサルタント業","5～9人","総数"
"105-2024","72E","04","0","00000","2024000000","人","13182","従業者数_うち常用雇用者","経営コンサルタント業","10～19人","総数"
"105-2024","72E","05","0","00000","2024000000","人","9982","従業者数_うち常用雇用者","経営コンサルタント業","20～29人","総数"
"105-2024","72E","06","0","00000","2024000000","人","12678","従業者数_うち常用雇用者","経営コンサルタント業","30～49人","総数"
"105-2024","72E","07","0","00000","2024000000","人","14344","従業者数_うち常用雇用者","経営コンサルタント業","50～99人","総数"
"105-2024","72E","08","0","00000","2024000000","人","17377","従業者数_うち常用雇用者","経営コンサルタント業","100～199人","総数"
"105-2024","72E","09","0","00000","2024000000","人","9571","従業者数_うち常用雇用者","経営コンサルタント業","200～299人","総数"
"105-2024","72E","10","0","00000","2024000000","人","78497","従業者数_うち常用雇用者","経営コンサルタント業","300人以上","総数"
"105-2024","72F","00","0","00000","2024000000","人","94073","従業者数_うち常用雇用者","純粋持株会社","総数","総数"
"105-2024","72F","01","0","00000","2024000000","人","***","従業者数_うち常用雇用者","純粋持株会社","0人","総数"
"105-2024","72F","02","0","00000","2024000000","人","2018","従業者数_うち常用雇用者","純粋持株会社","1～4人","総数"
"105-2024","72F","03","0","00000","2024000000","人","1767","従業者数_うち常用雇用者","純粋持株会社","5～9人","総数"
"105-2024","72F","04","0","00000","2024000000","人","3475","従業者数_うち常用雇用者","純粋持株会社","10～19人","総数"
"105-2024","72F","05","0","00000","2024000000","人","3761","従業者数_うち常用雇用者","純粋持株会社","20～29人","総数"
"105-2024","72F","06","0","00000","2024000000","人","5632","従業者数_うち常用雇用者","純粋持株会社","30～49人","総数"
"105-2024","72F","07","0","00000","2024000000","人","10598","従業者数_うち常用雇用者","純粋持株会社","50～99人","総数"
"105-2024","72F","08","0","00000","2024000000","人","13446","従業者数_うち常用雇用者","純粋持株会社","100～199人","総数"
"105-2024","72F","09","0","00000","2024000000","人","9098","従業者数_うち常用雇用者","純粋持株会社","200～299人","総数"
"105-2024","72F","10","0","00000","2024000000","人","44278","従業者数_うち常用雇用者","純粋持株会社","300人以上","総数"
"105-2024","729","00","0","00000","2024000000","人","180427","従業者数_うち常用雇用者","その他の専門サービス業","総数","総数"
"105-2024","729","01","0","00000","2024000000","人","***","従業者数_うち常用雇用者","その他の専門サービス業","0人","総数"
"105-2024","729","02","0","00000","2024000000","人","36379","従業者数_うち常用雇用者","その他の専門サービス業","1～4人","総数"
"105-2024","729","03","0","00000","2024000000","人","23293","従業者数_うち常用雇用者","その他の専門サービス業","5～9人","総数"
"105-2024","729","04","0","00000","2024000000","人","22135","従業者数_うち常用雇用者","その他の専門サービス業","10～19人","総数"
"105-2024","729","05","0","00000","2024000000","人","12940","従業者数_うち常用雇用者","その他の専門サービス業","20～29人","総数"
"105-2024","729","06","0","00000","2024000000","人","16096","従業者数_うち常用雇用者","その他の専門サービス業","30～49人","総数"
"105-2024","729","07","0","00000","2024000000","人","20846","従業者数_うち常用雇用者","その他の専門サービス業","50～99人","総数"
"105-2024","729","08","0","00000","2024000000","人","20337","従業者数_うち常用雇用者","その他の専門サービス業","100～199人","総数"
"105-2024","729","09","0","00000","2024000000","人","9496","従業者数_うち常用雇用者","その他の専門サービス業","200～299人","総数"
"105-2024","729","10","0","00000","2024000000","人","18905","従業者数_うち常用雇用者","その他の専門サービス業","300人以上","総数"
"105-2024","72G","00","0","00000","2024000000","人","3934","従業者数_うち常用雇用者","興信所","総数","総数"
"105-2024","72G","01","0","00000","2024000000","人","***","従業者数_うち常用雇用者","興信所","0人","総数"
"105-2024","72G","02","0","00000","2024000000","人","385","従業者数_うち常用雇用者","興信所","1～4人","総数"
"105-2024","72G","03","0","00000","2024000000","人","413","従業者数_うち常用雇用者","興信所","5～9人","総数"
"105-2024","72G","04","0","00000","2024000000","人","701","従業者数_うち常用雇用者","興信所","10～19人","総数"
"105-2024","72G","05","0","00000","2024000000","人","231","従業者数_うち常用雇用者","興信所","20～29人","総数"
"105-2024","72G","06","0","00000","2024000000","人","545","従業者数_うち常用雇用者","興信所","30～49人","総数"
"105-2024","72G","07","0","00000","2024000000","人","414","従業者数_うち常用雇用者","興信所","50～99人","総数"
"105-2024","72G","08","0","00000","2024000000","人","286","従業者数_うち常用雇用者","興信所","100～199人","総数"
"105-2024","72G","09","0","00000","2024000000","人","***","従業者数_うち常用雇用者","興信所","200～299人","総数"
"105-2024","72G","10","0","00000","2024000000","人","959","従業者数_うち常用雇用者","興信所","300人以上","総数"
"105-2024","72H","00","0","00000","2024000000","人","176493","従業者数_うち常用雇用者","他に分類されない専門サービス業","総数","総数"
"105-2024","72H","01","0","00000","2024000000","人","***","従業者数_うち常用雇用者","他に分類されない専門サービス業","0人","総数"
"105-2024","72H","02","0","00000","2024000000","人","35994","従業者数_うち常用雇用者","他に分類されない専門サービス業","1～4人","総数"
"105-2024","72H","03","0","00000","2024000000","人","22880","従業者数_うち常用雇用者","他に分類されない専門サービス業","5～9人","総数"
"105-2024","72H","04","0","00000","2024000000","人","21434","従業者数_うち常用雇用者","他に分類されない専門サービス業","10～19人","総数"
"105-2024","72H","05","0","00000","2024000000","人","12709","従業者数_うち常用雇用者","他に分類されない専門サービス業","20～29人","総数"
"105-2024","72H","06","0","00000","2024000000","人","15551","従業者数_うち常用雇用者","他に分類されない専門サービス業","30～49人","総数"
"105-2024","72H","07","0","00000","2024000000","人","20432","従業者数_うち常用雇用者","他に分類されない専門サービス業","50～99人","総数"
"105-2024","72H","08","0","00000","2024000000","人","20051","従業者数_うち常用雇用者","他に分類されない専門サービス業","100～199人","総数"
"105-2024","72H","09","0","00000","2024000000","人","9496","従業者数_うち常用雇用者","他に分類されない専門サービス業","200～299人","総数"
"105-2024","72H","10","0","00000","2024000000","人","17946","従業者数_うち常用雇用者","他に分類されない専門サービス業","300人以上","総数"
"105-2024","73","00","0","00000","2024000000","人","131561","従業者数_うち常用雇用者","広告業","総数","総数"
"105-2024","73","01","0","00000","2024000000","人","***","従業者数_うち常用雇用者","広告業","0人","総数"
"105-2024","73","02","0","00000","2024000000","人","11139","従業者数_うち常用雇用者","広告業","1～4人","総数"
"105-2024","73","03","0","00000","2024000000","人","11338","従業者数_うち常用雇用者","広告業","5～9人","総数"
"105-2024","73","04","0","00000","2024000000","人","15194","従業者数_うち常用雇用者","広告業","10～19人","総数"
"105-2024","73","05","0","00000","2024000000","人","9799","従業者数_うち常用雇用者","広告業","20～29人","総数"
"105-2024","73","06","0","00000","2024000000","人","12811","従業者数_うち常用雇用者","広告業","30～49人","総数"
"105-2024","73","07","0","00000","2024000000","人","17558","従業者数_うち常用雇用者","広告業","50～99人","総数"
"105-2024","73","08","0","00000","2024000000","人","15781","従業者数_うち常用雇用者","広告業","100～199人","総数"
"105-2024","73","09","0","00000","2024000000","人","4303","従業者数_うち常用雇用者","広告業","200～299人","総数"
"105-2024","73","10","0","00000","2024000000","人","33638","従業者数_うち常用雇用者","広告業","300人以上","総数"
"105-2024","730","00","0","00000","2024000000","人","210","従業者数_うち常用雇用者","管理、補助的経済活動を行う事業所（73_広告業）","総数","総数"
"105-2024","730","01","0","00000","2024000000","人","***","従業者数_うち常用雇用者","管理、補助的経済活動を行う事業所（73_広告業）","0人","総数"
"105-2024","730","02","0","00000","2024000000","人","22","従業者数_うち常用雇用者","管理、補助的経済活動を行う事業所（73_広告業）","1～4人","総数"
"105-2024","730","03","0","00000","2024000000","人","37","従業者数_うち常用雇用者","管理、補助的経済活動を行う事業所（73_広告業）","5～9人","総数"
"105-2024","730","04","0","00000","2024000000","人","65","従業者数_うち常用雇用者","管理、補助的経済活動を行う事業所（73_広告業）","10～19人","総数"
"105-2024","730","05","0","00000","2024000000","人","22","従業者数_うち常用雇用者","管理、補助的経済活動を行う事業所（73_広告業）","20～29人","総数"
"105-2024","730","06","0","00000","2024000000","人","***","従業者数_うち常用雇用者","管理、補助的経済活動を行う事業所（73_広告業）","30～49人","総数"
"105-2024","730","07","0","00000","2024000000","人","64","従業者数_うち常用雇用者","管理、補助的経済活動を行う事業所（73_広告業）","50～99人","総数"
"105-2024","730","08","0","00000","2024000000","人","***","従業者数_うち常用雇用者","管理、補助的経済活動を行う事業所（73_広告業）","100～199人","総数"
"105-2024","730","09","0","00000","2024000000","人","***","従業者数_うち常用雇用者","管理、補助的経済活動を行う事業所（73_広告業）","200～299人","総数"
"105-2024","730","10","0","00000","2024000000","人","***","従業者数_うち常用雇用者","管理、補助的経済活動を行う事業所（73_広告業）","300人以上","総数"
"105-2024","731","00","0","00000","2024000000","人","131351","従業者数_うち常用雇用者","広告業","総数","総数"
"105-2024","731","01","0","00000","2024000000","人","***","従業者数_うち常用雇用者","広告業","0人","総数"
"105-2024","731","02","0","00000","2024000000","人","11117","従業者数_うち常用雇用者","広告業","1～4人","総数"
"105-2024","731","03","0","00000","2024000000","人","11301","従業者数_うち常用雇用者","広告業","5～9人","総数"
"105-2024","731","04","0","00000","2024000000","人","15129","従業者数_うち常用雇用者","広告業","10～19人","総数"
"105-2024","731","05","0","00000","2024000000","人","9777","従業者数_うち常用雇用者","広告業","20～29人","総数"
"105-2024","731","06","0","00000","2024000000","人","12811","従業者数_うち常用雇用者","広告業","30～49人","総数"
"105-2024","731","07","0","00000","2024000000","人","17494","従業者数_うち常用雇用者","広告業","50～99人","総数"
"105-2024","731","08","0","00000","2024000000","人","15781","従業者数_うち常用雇用者","広告業","100～199人","総数"
"105-2024","731","09","0","00000","2024000000","人","4303","従業者数_うち常用雇用者","広告業","200～299人","総数"
"105-2024","731","10","0","00000","2024000000","人","33638","従業者数_うち常用雇用者","広告業","300人以上","総数"
"105-2024","74","00","0","00000","2024000000","人","783971","従業者数_うち常用雇用者","技術サービス業（他に分類されないもの）","総数","総数"
"105-2024","74","01","0","00000","2024000000","人","***","従業者数_うち常用雇用者","技術サービス業（他に分類されないもの）","0人","総数"
"105-2024","74","02","0","00000","2024000000","人","88010","従業者数_うち常用雇用者","技術サービス業（他に分類されないもの）","1～4人","総数"
"105-2024","74","03","0","00000","2024000000","人","84649","従業者数_うち常用雇用者","技術サービス業（他に分類されないもの）","5～9人","総数"
"105-2024","74","04","0","00000","2024000000","人","105490","従業者数_うち常用雇用者","技術サービス業（他に分類されないもの）","10～19人","総数"
"105-2024","74","05","0","00000","2024000000","人","67613","従業者数_うち常用雇用者","技術サービス業（他に分類されないもの）","20～29人","総数"
"105-2024","74","06","0","00000","2024000000","人","85888","従業者数_うち常用雇用者","技術サービス業（他に分類されないもの）","30～49人","総数"
"105-2024","74","07","0","00000","2024000000","人","100535","従業者数_うち常用雇用者","技術サービス業（他に分類されないもの）","50～99人","総数"
"105-2024","74","08","0","00000","2024000000","人","82640","従業者数_うち常用雇用者","技術サービス業（他に分類されないもの）","100～199人","総数"
"105-2024","74","09","0","00000","2024000000","人","32312","従業者数_うち常用雇用者","技術サービス業（他に分類されないもの）","200～299人","総数"
"105-2024","74","10","0","00000","2024000000","人","136834","従業者数_うち常用雇用者","技術サービス業（他に分類されないもの）","300人以上","総数"
"105-2024","740","00","0","00000","2024000000","人","5201","従業者数_うち常用雇用者","管理、補助的経済活動を行う事業所（74_技術サービス業）","総数","総数"
"105-2024","740","01","0","00000","2024000000","人","***","従業者数_うち常用雇用者","管理、補助的経済活動を行う事業所（74_技術サービス業）","0人","総数"
"105-2024","740","02","0","00000","2024000000","人","430","従業者数_うち常用雇用者","管理、補助的経済活動を行う事業所（74_技術サービス業）","1～4人","総数"
"105-2024","740","03","0","00000","2024000000","人","304","従業者数_うち常用雇用者","管理、補助的経済活動を行う事業所（74_技術サービス業）","5～9人","総数"
"105-2024","740","04","0","00000","2024000000","人","464","従業者数_うち常用雇用者","管理、補助的経済活動を行う事業所（74_技術サービス業）","10～19人","総数"
"105-2024","740","05","0","00000","2024000000","人","461","従業者数_うち常用雇用者","管理、補助的経済活動を行う事業所（74_技術サービス業）","20～29人","総数"
"105-2024","740","06","0","00000","2024000000","人","966","従業者数_うち常用雇用者","管理、補助的経済活動を行う事業所（74_技術サービス業）","30～49人","総数"
"105-2024","740","07","0","00000","2024000000","人","1012","従業者数_うち常用雇用者","管理、補助的経済活動を行う事業所（74_技術サービス業）","50～99人","総数"
"105-2024","740","08","0","00000","2024000000","人","960","従業者数_うち常用雇用者","管理、補助的経済活動を行う事業所（74_技術サービス業）","100～199人","総数"
"105-2024","740","09","0","00000","2024000000","人","217","従業者数_うち常用雇用者","管理、補助的経済活動を行う事業所（74_技術サービス業）","200～299人","総数"
"105-2024","740","10","0","00000","2024000000","人","387","従業者数_うち常用雇用者","管理、補助的経済活動を行う事業所（74_技術サービス業）","300人以上","総数"
"105-2024","741","00","0","00000","2024000000","人","46143","従業者数_うち常用雇用者","獣医業","総数","総数"
"105-2024","741","01","0","00000","2024000000","人","***","従業者数_うち常用雇用者","獣医業","0人","総数"
"105-2024","741","02","0","00000","2024000000","人","11381","従業者数_うち常用雇用者","獣医業","1～4人","総数"
"105-2024","741","03","0","00000","2024000000","人","14276","従業者数_うち常用雇用者","獣医業","5～9人","総数"
"105-2024","741","04","0","00000","2024000000","人","10779","従業者数_うち常用雇用者","獣医業","10～19人","総数"
"105-2024","741","05","0","00000","2024000000","人","4309","従業者数_うち常用雇用者","獣医業","20～29人","総数"
"105-2024","741","06","0","00000","2024000000","人","3212","従業者数_うち常用雇用者","獣医業","30～49人","総数"
"105-2024","741","07","0","00000","2024000000","人","1468","従業者数_うち常用雇用者","獣医業","50～99人","総数"
"105-2024","741","08","0","00000","2024000000","人","718","従業者数_うち常用雇用者","獣医業","100～199人","総数"
"105-2024","741","09","0","00000","2024000000","人","***","従業者数_うち常用雇用者","獣医業","200～299人","総数"
"105-2024","741","10","0","00000","2024000000","人","***","従業者数_うち常用雇用者","獣医業","300人以上","総数"
"105-2024","742","00","0","00000","2024000000","人","326336","従業者数_うち常用雇用者","土木建築サービス業","総数","総数"
"105-2024","742","01","0","00000","2024000000","人","***","従業者数_うち常用雇用者","土木建築サービス業","0人","総数"
"105-2024","742","02","0","00000","2024000000","人","49448","従業者数_うち常用雇用者","土木建築サービス業","1～4人","総数"
"105-2024","742","03","0","00000","2024000000","人","39888","従業者数_うち常用雇用者","土木建築サービス業","5～9人","総数"
"105-2024","742","04","0","00000","2024000000","人","49396","従業者数_うち常用雇用者","土木建築サービス業","10～19人","総数"
"105-2024","742","05","0","00000","2024000000","人","32772","従業者数_うち常用雇用者","土木建築サービス業","20～29人","総数"
"105-2024","742","06","0","00000","2024000000","人","42173","従業者数_うち常用雇用者","土木建築サービス業","30～49人","総数"
"105-2024","742","07","0","00000","2024000000","人","43852","従業者数_うち常用雇用者","土木建築サービス業","50～99人","総数"
"105-2024","742","08","0","00000","2024000000","人","32596","従業者数_うち常用雇用者","土木建築サービス業","100～199人","総数"
"105-2024","742","09","0","00000","2024000000","人","10827","従業者数_うち常用雇用者","土木建築サービス業","200～299人","総数"
"105-2024","742","10","0","00000","2024000000","人","25384","従業者数_うち常用雇用者","土木建築サービス業","300人以上","総数"
"105-2024","74A","00","0","00000","2024000000","人","245272","従業者数_うち常用雇用者","建築設計業","総数","総数"
"105-2024","74A","01","0","00000","2024000000","人","***","従業者数_うち常用雇用者","建築設計業","0人","総数"
"105-2024","74A","02","0","00000","2024000000","人","36079","従業者数_うち常用雇用者","建築設計業","1～4人","総数"
"105-2024","74A","03","0","00000","2024000000","人","25668","従業者数_うち常用雇用者","建築設計業","5～9人","総数"
"105-2024","74A","04","0","00000","2024000000","人","32104","従業者数_うち常用雇用者","建築設計業","10～19人","総数"
"105-2024","74A","05","0","00000","2024000000","人","23075","従業者数_うち常用雇用者","建築設計業","20～29人","総数"
"105-2024","74A","06","0","00000","2024000000","人","30743","従業者数_うち常用雇用者","建築設計業","30～49人","総数"
"105-2024","74A","07","0","00000","2024000000","人","35590","従業者数_うち常用雇用者","建築設計業","50～99人","総数"
"105-2024","74A","08","0","00000","2024000000","人","28656","従業者数_うち常用雇用者","建築設計業","100～199人","総数"
"105-2024","74A","09","0","00000","2024000000","人","9897","従業者数_うち常用雇用者","建築設計業","200～299人","総数"
"105-2024","74A","10","0","00000","2024000000","人","23460","従業者数_うち常用雇用者","建築設計業","300人以上","総数"
"105-2024","74B","00","0","00000","2024000000","人","54754","従業者数_うち常用雇用者","測量業","総数","総数"
"105-2024","74B","01","0","00000","2024000000","人","***","従業者数_うち常用雇用者","測量業","0人","総数"
"105-2024","74B","02","0","00000","2024000000","人","10231","従業者数_うち常用雇用者","測量業","1～4人","総数"
"105-2024","74B","03","0","00000","2024000000","人","10222","従業者数_うち常用雇用者","測量業","5～9人","総数"
"105-2024","74B","04","0","00000","2024000000","人","11838","従業者数_うち常用雇用者","測量業","10～19人","総数"
"105-2024","74B","05","0","00000","2024000000","人","6568","従業者数_うち常用雇用者","測量業","20～29人","総数"
"105-2024","74B","06","0","00000","2024000000","人","6878","従業者数_うち常用雇用者","測量業","30～49人","総数"
"105-2024","74B","07","0","00000","2024000000","人","3559","従業者数_うち常用雇用者","測量業","50～99人","総数"
"105-2024","74B","08","0","00000","2024000000","人","3029","従業者数_うち常用雇用者","測量業","100～199人","総数"
"105-2024","74B","09","0","00000","2024000000","人","505","従業者数_うち常用雇用者","測量業","200～299人","総数"
"105-2024","74B","10","0","00000","2024000000","人","1924","従業者数_うち常用雇用者","測量業","300人以上","総数"
"105-2024","74C","00","0","00000","2024000000","人","26310","従業者数_うち常用雇用者","その他の土木建築サービス業","総数","総数"
"105-2024","74C","01","0","00000","2024000000","人","***","従業者数_うち常用雇用者","その他の土木建築サービス業","0人","総数"
"105-2024","74C","02","0","00000","2024000000","人","3138","従業者数_うち常用雇用者","その他の土木建築サービス業","1～4人","総数"
"105-2024","74C","03","0","00000","2024000000","人","3998","従業者数_うち常用雇用者","その他の土木建築サービス業","5～9人","総数"
"105-2024","74C","04","0","00000","2024000000","人","5454","従業者数_うち常用雇用者","その他の土木建築サービス業","10～19人","総数"
"105-2024","74C","05","0","00000","2024000000","人","3129","従業者数_うち常用雇用者","その他の土木建築サービス業","20～29人","総数"
"105-2024","74C","06","0","00000","2024000000","人","4552","従業者数_うち常用雇用者","その他の土木建築サービス業","30～49人","総数"
"105-2024","74C","07","0","00000","2024000000","人","4703","従業者数_うち常用雇用者","その他の土木建築サービス業","50～99人","総数"
"105-2024","74C","08","0","00000","2024000000","人","911","従業者数_うち常用雇用者","その他の土木建築サービス業","100～199人","総数"
"105-2024","74C","09","0","00000","2024000000","人","425","従業者数_うち常用雇用者","その他の土木建築サービス業","200～299人","総数"
"105-2024","74C","10","0","00000","2024000000","人","***","従業者数_うち常用雇用者","その他の土木建築サービス業","300人以上","総数"
"105-2024","743","00","0","00000","2024000000","人","123001","従業者数_うち常用雇用者","機械設計業","総数","総数"
"105-2024","743","01","0","00000","2024000000","人","***","従業者数_うち常用雇用者","機械設計業","0人","総数"
"105-2024","743","02","0","00000","2024000000","人","5636","従業者数_うち常用雇用者","機械設計業","1～4人","総数"
"105-2024","743","03","0","00000","2024000000","人","4850","従業者数_うち常用雇用者","機械設計業","5～9人","総数"
"105-2024","743","04","0","00000","2024000000","人","7118","従業者数_うち常用雇用者","機械設計業","10～19人","総数"
"105-2024","743","05","0","00000","2024000000","人","5694","従業者数_うち常用雇用者","機械設計業","20～29人","総数"
"105-2024","743","06","0","00000","2024000000","人","8311","従業者数_うち常用雇用者","機械設計業","30～49人","総数"
"105-2024","743","07","0","00000","2024000000","人","14421","従業者数_うち常用雇用者","機械設計業","50～99人","総数"
"105-2024","743","08","0","00000","2024000000","人","17575","従業者数_うち常用雇用者","機械設計業","100～199人","総数"
"105-2024","743","09","0","00000","2024000000","人","8122","従業者数_うち常用雇用者","機械設計業","200～299人","総数"
"105-2024","743","10","0","00000","2024000000","人","51274","従業者数_うち常用雇用者","機械設計業","300人以上","総数"
"105-2024","744","00","0","00000","2024000000","人","64193","従業者数_うち常用雇用者","商品・非破壊検査業","総数","総数"
"105-2024","744","01","0","00000","2024000000","人","***","従業者数_うち常用雇用者","商品・非破壊検査業","0人","総数"
"105-2024","744","02","0","00000","2024000000","人","2525","従業者数_うち常用雇用者","商品・非破壊検査業","1～4人","総数"
"105-2024","744","03","0","00000","2024000000","人","4946","従業者数_うち常用雇用者","商品・非破壊検査業","5～9人","総数"
"105-2024","744","04","0","00000","2024000000","人","9509","従業者数_うち常用雇用者","商品・非破壊検査業","10～19人","総数"
"105-2024","744","05","0","00000","2024000000","人","6356","従業者数_うち常用雇用者","商品・非破壊検査業","20～29人","総数"
"105-2024","744","06","0","00000","2024000000","人","7806","従業者数_うち常用雇用者","商品・非破壊検査業","30～49人","総数"
"105-2024","744","07","0","00000","2024000000","人","9885","従業者数_うち常用雇用者","商品・非破壊検査業","50～99人","総数"
"105-2024","744","08","0","00000","2024000000","人","7681","従業者数_うち常用雇用者","商品・非破壊検査業","100～199人","総数"
"105-2024","744","09","0","00000","2024000000","人","3520","従業者数_うち常用雇用者","商品・非破壊検査業","200～299人","総数"
"105-2024","744","10","0","00000","2024000000","人","11965","従業者数_うち常用雇用者","商品・非破壊検査業","300人以上","総数"
"105-2024","745","00","0","00000","2024000000","人","30751","従業者数_うち常用雇用者","計量証明業","総数","総数"
"105-2024","745","01","0","00000","2024000000","人","***","従業者数_うち常用雇用者","計量証明業","0人","総数"
"105-2024","745","02","0","00000","2024000000","人","1263","従業者数_うち常用雇用者","計量証明業","1～4人","総数"
"105-2024","745","03","0","00000","2024000000","人","1843","従業者数_うち常用雇用者","計量証明業","5～9人","総数"
"105-2024","745","04","0","00000","2024000000","人","3089","従業者数_うち常用雇用者","計量証明業","10～19人","総数"
"105-2024","745","05","0","00000","2024000000","人","2548","従業者数_うち常用雇用者","計量証明業","20～29人","総数"
"105-2024","745","06","0","00000","2024000000","人","5254","従業者数_うち常用雇用者","計量証明業","30～49人","総数"
"105-2024","745","07","0","00000","2024000000","人","6233","従業者数_うち常用雇用者","計量証明業","50～99人","総数"
"105-2024","745","08","0","00000","2024000000","人","5905","従業者数_うち常用雇用者","計量証明業","100～199人","総数"
"105-2024","745","09","0","00000","2024000000","人","2519","従業者数_うち常用雇用者","計量証明業","200～299人","総数"
"105-2024","745","10","0","00000","2024000000","人","2097","従業者数_うち常用雇用者","計量証明業","300人以上","総数"
"105-2024","746","00","0","00000","2024000000","人","30226","従業者数_うち常用雇用者","写真業","総数","総数"
"105-2024","746","01","0","00000","2024000000","人","***","従業者数_うち常用雇用者","写真業","0人","総数"
"105-2024","746","02","0","00000","2024000000","人","8685","従業者数_うち常用雇用者","写真業","1～4人","総数"
"105-2024","746","03","0","00000","2024000000","人","7790","従業者数_うち常用雇用者","写真業","5～9人","総数"
"105-2024","746","04","0","00000","2024000000","人","7733","従業者数_うち常用雇用者","写真業","10～19人","総数"
"105-2024","746","05","0","00000","2024000000","人","2497","従業者数_うち常用雇用者","写真業","20～29人","総数"
"105-2024","746","06","0","00000","2024000000","人","1618","従業者数_うち常用雇用者","写真業","30～49人","総数"
"105-2024","746","07","0","00000","2024000000","人","1204","従業者数_うち常用雇用者","写真業","50～99人","総数"
"105-2024","746","08","0","00000","2024000000","人","699","従業者数_うち常用雇用者","写真業","100～199人","総数"
"105-2024","746","09","0","00000","2024000000","人","***","従業者数_うち常用雇用者","写真業","200～299人","総数"
"105-2024","746","10","0","00000","2024000000","人","***","従業者数_うち常用雇用者","写真業","300人以上","総数"
"105-2024","74D","00","0","00000","2024000000","人","26179","従業者数_うち常用雇用者","写真業（商業写真業を除く）","総数","総数"
"105-2024","74D","01","0","00000","2024000000","人","***","従業者数_うち常用雇用者","写真業（商業写真業を除く）","0人","総数"
"105-2024","74D","02","0","00000","2024000000","人","7141","従業者数_うち常用雇用者","写真業（商業写真業を除く）","1～4人","総数"
"105-2024","74D","03","0","00000","2024000000","人","7116","従業者数_うち常用雇用者","写真業（商業写真業を除く）","5～9人","総数"
"105-2024","74D","04","0","00000","2024000000","人","6961","従業者数_うち常用雇用者","写真業（商業写真業を除く）","10～19人","総数"
"105-2024","74D","05","0","00000","2024000000","人","2099","従業者数_うち常用雇用者","写真業（商業写真業を除く）","20～29人","総数"
"105-2024","74D","06","0","00000","2024000000","人","1292","従業者数_うち常用雇用者","写真業（商業写真業を除く）","30～49人","総数"
"105-2024","74D","07","0","00000","2024000000","人","871","従業者数_うち常用雇用者","写真業（商業写真業を除く）","50～99人","総数"
"105-2024","74D","08","0","00000","2024000000","人","699","従業者数_うち常用雇用者","写真業（商業写真業を除く）","100～199人","総数"
"105-2024","74D","09","0","00000","2024000000","人","***","従業者数_うち常用雇用者","写真業（商業写真業を除く）","200～299人","総数"
"105-2024","74D","10","0","00000","2024000000","人","***","従業者数_うち常用雇用者","写真業（商業写真業を除く）","300人以上","総数"
"105-2024","74E","00","0","00000","2024000000","人","4047","従業者数_うち常用雇用者","商業写真業","総数","総数"
"105-2024","74E","01","0","00000","2024000000","人","***","従業者数_うち常用雇用者","商業写真業","0人","総数"
"105-2024","74E","02","0","00000","2024000000","人","1544","従業者数_うち常用雇用者","商業写真業","1～4人","総数"
"105-2024","74E","03","0","00000","2024000000","人","674","従業者数_うち常用雇用者","商業写真業","5～9人","総数"
"105-2024","74E","04","0","00000","2024000000","人","772","従業者数_うち常用雇用者","商業写真業","10～19人","総数"
"105-2024","74E","05","0","00000","2024000000","人","398","従業者数_うち常用雇用者","商業写真業","20～29人","総数"
"105-2024","74E","06","0","00000","2024000000","人","326","従業者数_うち常用雇用者","商業写真業","30～49人","総数"
"105-2024","74E","07","0","00000","2024000000","人","333","従業者数_うち常用雇用者","商業写真業","50～99人","総数"
"105-2024","74E","08","0","00000","2024000000","人","***","従業者数_うち常用雇用者","商業写真業","100～199人","総数"
"105-2024","74E","09","0","00000","2024000000","人","***","従業者数_うち常用雇用者","商業写真業","200～299人","総数"
"105-2024","74E","10","0","00000","2024000000","人","***","従業者数_うち常用雇用者","商業写真業","300人以上","総数"
"105-2024","749","00","0","00000","2024000000","人","158118","従業者数_うち常用雇用者","その他の技術サービス業","総数","総数"
"105-2024","749","01","0","00000","2024000000","人","***","従業者数_うち常用雇用者","その他の技術サービス業","0人","総数"
"105-2024","749","02","0","00000","2024000000","人","8640","従業者数_うち常用雇用者","その他の技術サービス業","1～4人","総数"
"105-2024","749","03","0","00000","2024000000","人","10752","従業者数_うち常用雇用者","その他の技術サービス業","5～9人","総数"
"105-2024","749","04","0","00000","2024000000","人","17402","従業者数_うち常用雇用者","その他の技術サービス業","10～19人","総数"
"105-2024","749","05","0","00000","2024000000","人","12976","従業者数_うち常用雇用者","その他の技術サービス業","20～29人","総数"
"105-2024","749","06","0","00000","2024000000","人","16548","従業者数_うち常用雇用者","その他の技術サービス業","30～49人","総数"
"105-2024","749","07","0","00000","2024000000","人","22460","従業者数_うち常用雇用者","その他の技術サービス業","50～99人","総数"
"105-2024","749","08","0","00000","2024000000","人","16506","従業者数_うち常用雇用者","その他の技術サービス業","100～199人","総数"
"105-2024","749","09","0","00000","2024000000","人","7107","従業者数_うち常用雇用者","その他の技術サービス業","200～299人","総数"
"105-2024","749","10","0","00000","2024000000","人","45727","従業者数_うち常用雇用者","その他の技術サービス業","300人以上","総数"
"105-2024","M","00","0","00000","2024000000","人","4005205","従業者数_うち常用雇用者","宿泊業、飲食サービス業","総数","総数"
"105-2024","M","01","0","00000","2024000000","人","***","従業者数_うち常用雇用者","宿泊業、飲食サービス業","0人","総数"
"105-2024","M","02","0","00000","2024000000","人","340752","従業者数_うち常用雇用者","宿泊業、飲食サービス業","1～4人","総数"
"105-2024","M","03","0","00000","2024000000","人","485063","従業者数_うち常用雇用者","宿泊業、飲食サービス業","5～9人","総数"
"105-2024","M","04","0","00000","2024000000","人","809214","従業者数_うち常用雇用者","宿泊業、飲食サービス業","10～19人","総数"
"105-2024","M","05","0","00000","2024000000","人","748763","従業者数_うち常用雇用者","宿泊業、飲食サービス業","20～29人","総数"
"105-2024","M","06","0","00000","2024000000","人","727922","従業者数_うち常用雇用者","宿泊業、飲食サービス業","30～49人","総数"
"105-2024","M","07","0","00000","2024000000","人","552579","従業者数_うち常用雇用者","宿泊業、飲食サービス業","50～99人","総数"
"105-2024","M","08","0","00000","2024000000","人","192477","従業者数_うち常用雇用者","宿泊業、飲食サービス業","100～199人","総数"
"105-2024","M","09","0","00000","2024000000","人","53613","従業者数_うち常用雇用者","宿泊業、飲食サービス業","200～299人","総数"
"105-2024","M","10","0","00000","2024000000","人","94822","従業者数_うち常用雇用者","宿泊業、飲食サービス業","300人以上","総数"
"105-2024","M1","00","0","00000","2024000000","人","534483","従業者数_うち常用雇用者","宿泊業","総数","総数"
"105-2024","M1","01","0","00000","2024000000","人","***","従業者数_うち常用雇用者","宿泊業","0人","総数"
"105-2024","M1","02","0","00000","2024000000","人","25914","従業者数_うち常用雇用者","宿泊業","1～4人","総数"
"105-2024","M1","03","0","00000","2024000000","人","36385","従業者数_うち常用雇用者","宿泊業","5～9人","総数"
"105-2024","M1","04","0","00000","2024000000","人","76938","従業者数_うち常用雇用者","宿泊業","10～19人","総数"
"105-2024","M1","05","0","00000","2024000000","人","58754","従業者数_うち常用雇用者","宿泊業","20～29人","総数"
"105-2024","M1","06","0","00000","2024000000","人","87719","従業者数_うち常用雇用者","宿泊業","30～49人","総数"
"105-2024","M1","07","0","00000","2024000000","人","101335","従業者数_うち常用雇用者","宿泊業","50～99人","総数"
"105-2024","M1","08","0","00000","2024000000","人","64925","従業者数_うち常用雇用者","宿泊業","100～199人","総数"
"105-2024","M1","09","0","00000","2024000000","人","31039","従業者数_うち常用雇用者","宿泊業","200～299人","総数"
"105-2024","M1","10","0","00000","2024000000","人","51474","従業者数_うち常用雇用者","宿泊業","300人以上","総数"
"105-2024","75","00","0","00000","2024000000","人","534483","従業者数_うち常用雇用者","宿泊業","総数","総数"
"105-2024","75","01","0","00000","2024000000","人","***","従業者数_うち常用雇用者","宿泊業","0人","総数"
"105-2024","75","02","0","00000","2024000000","人","25914","従業者数_うち常用雇用者","宿泊業","1～4人","総数"
"105-2024","75","03","0","00000","2024000000","人","36385","従業者数_うち常用雇用者","宿泊業","5～9人","総数"
"105-2024","75","04","0","00000","2024000000","人","76938","従業者数_うち常用雇用者","宿泊業","10～19人","総数"
"105-2024","75","05","0","00000","2024000000","人","58754","従業者数_うち常用雇用者","宿泊業","20～29人","総数"
"105-2024","75","06","0","00000","2024000000","人","87719","従業者数_うち常用雇用者","宿泊業","30～49人","総数"
"105-2024","75","07","0","00000","2024000000","人","101335","従業者数_うち常用雇用者","宿泊業","50～99人","総数"
"105-2024","75","08","0","00000","2024000000","人","64925","従業者数_うち常用雇用者","宿泊業","100～199人","総数"
"105-2024","75","09","0","00000","2024000000","人","31039","従業者数_うち常用雇用者","宿泊業","200～299人","総数"
"105-2024","75","10","0","00000","2024000000","人","51474","従業者数_うち常用雇用者","宿泊業","300人以上","総数"
"105-2024","750","00","0","00000","2024000000","人","5243","従業者数_うち常用雇用者","管理、補助的経済活動を行う事業所（75_宿泊業）","総数","総数"
"105-2024","750","01","0","00000","2024000000","人","***","従業者数_うち常用雇用者","管理、補助的経済活動を行う事業所（75_宿泊業）","0人","総数"
"105-2024","750","02","0","00000","2024000000","人","263","従業者数_うち常用雇用者","管理、補助的経済活動を行う事業所（75_宿泊業）","1～4人","総数"
"105-2024","750","03","0","00000","2024000000","人","346","従業者数_うち常用雇用者","管理、補助的経済活動を行う事業所（75_宿泊業）","5～9人","総数"
"105-2024","750","04","0","00000","2024000000","人","394","従業者数_うち常用雇用者","管理、補助的経済活動を行う事業所（75_宿泊業）","10～19人","総数"
"105-2024","750","05","0","00000","2024000000","人","425","従業者数_うち常用雇用者","管理、補助的経済活動を行う事業所（75_宿泊業）","20～29人","総数"
"105-2024","750","06","0","00000","2024000000","人","787","従業者数_うち常用雇用者","管理、補助的経済活動を行う事業所（75_宿泊業）","30～49人","総数"
"105-2024","750","07","0","00000","2024000000","人","796","従業者数_うち常用雇用者","管理、補助的経済活動を行う事業所（75_宿泊業）","50～99人","総数"
"105-2024","750","08","0","00000","2024000000","人","340","従業者数_うち常用雇用者","管理、補助的経済活動を行う事業所（75_宿泊業）","100～199人","総数"
"105-2024","750","09","0","00000","2024000000","人","732","従業者数_うち常用雇用者","管理、補助的経済活動を行う事業所（75_宿泊業）","200～299人","総数"
"105-2024","750","10","0","00000","2024000000","人","1160","従業者数_うち常用雇用者","管理、補助的経済活動を行う事業所（75_宿泊業）","300人以上","総数"
"105-2024","751","00","0","00000","2024000000","人","485728","従業者数_うち常用雇用者","旅館、ホテル","総数","総数"
"105-2024","751","01","0","00000","2024000000","人","***","従業者数_うち常用雇用者","旅館、ホテル","0人","総数"
"105-2024","751","02","0","00000","2024000000","人","17852","従業者数_うち常用雇用者","旅館、ホテル","1～4人","総数"
"105-2024","751","03","0","00000","2024000000","人","28314","従業者数_うち常用雇用者","旅館、ホテル","5～9人","総数"
"105-2024","751","04","0","00000","2024000000","人","68861","従業者数_うち常用雇用者","旅館、ホテル","10～19人","総数"
"105-2024","751","05","0","00000","2024000000","人","54504","従業者数_うち常用雇用者","旅館、ホテル","20～29人","総数"
"105-2024","751","06","0","00000","2024000000","人","82811","従業者数_うち常用雇用者","旅館、ホテル","30～49人","総数"
"105-2024","751","07","0","00000","2024000000","人","96261","従業者数_うち常用雇用者","旅館、ホテル","50～99人","総数"
"105-2024","751","08","0","00000","2024000000","人","62816","従業者数_うち常用雇用者","旅館、ホテル","100～199人","総数"
"105-2024","751","09","0","00000","2024000000","人","27911","従業者数_うち常用雇用者","旅館、ホテル","200～299人","総数"
"105-2024","751","10","0","00000","2024000000","人","46398","従業者数_うち常用雇用者","旅館、ホテル","300人以上","総数"
"105-2024","752","00","0","00000","2024000000","人","9061","従業者数_うち常用雇用者","簡易宿所","総数","総数"
"105-2024","752","01","0","00000","2024000000","人","***","従業者数_うち常用雇用者","簡易宿所","0人","総数"
"105-2024","752","02","0","00000","2024000000","人","2207","従業者数_うち常用雇用者","簡易宿所","1～4人","総数"
"105-2024","752","03","0","00000","2024000000","人","1720","従業者数_うち常用雇用者","簡易宿所","5～9人","総数"
"105-2024","752","04","0","00000","2024000000","人","1779","従業者数_うち常用雇用者","簡易宿所","10～19人","総数"
"105-2024","752","05","0","00000","2024000000","人","1232","従業者数_うち常用雇用者","簡易宿所","20～29人","総数"
"105-2024","752","06","0","00000","2024000000","人","1139","従業者数_うち常用雇用者","簡易宿所","30～49人","総数"
"105-2024","752","07","0","00000","2024000000","人","704","従業者数_うち常用雇用者","簡易宿所","50～99人","総数"
"105-2024","752","08","0","00000","2024000000","人","***","従業者数_うち常用雇用者","簡易宿所","100～199人","総数"
"105-2024","752","09","0","00000","2024000000","人","280","従業者数_うち常用雇用者","簡易宿所","200～299人","総数"
"105-2024","752","10","0","00000","2024000000","人","***","従業者数_うち常用雇用者","簡易宿所","300人以上","総数"
"105-2024","753","00","0","00000","2024000000","人","936","従業者数_うち常用雇用者","下宿業","総数","総数"
"105-2024","753","01","0","00000","2024000000","人","***","従業者数_うち常用雇用者","下宿業","0人","総数"
"105-2024","753","02","0","00000","2024000000","人","338","従業者数_うち常用雇用者","下宿業","1～4人","総数"
"105-2024","753","03","0","00000","2024000000","人","251","従業者数_うち常用雇用者","下宿業","5～9人","総数"
"105-2024","753","04","0","00000","2024000000","人","203","従業者数_うち常用雇用者","下宿業","10～19人","総数"
"105-2024","753","05","0","00000","2024000000","人","20","従業者数_うち常用雇用者","下宿業","20～29人","総数"
"105-2024","753","06","0","00000","2024000000","人","***","従業者数_うち常用雇用者","下宿業","30～49人","総数"
"105-2024","753","07","0","00000","2024000000","人","***","従業者数_うち常用雇用者","下宿業","50～99人","総数"
"105-2024","753","08","0","00000","2024000000","人","124","従業者数_うち常用雇用者","下宿業","100～199人","総数"
"105-2024","753","09","0","00000","2024000000","人","***","従業者数_うち常用雇用者","下宿業","200～299人","総数"
"105-2024","753","10","0","00000","2024000000","人","***","従業者数_うち常用雇用者","下宿業","300人以上","総数"
"105-2024","759","00","0","00000","2024000000","人","33513","従業者数_うち常用雇用者","その他の宿泊業","総数","総数"
"105-2024","759","01","0","00000","2024000000","人","***","従業者数_うち常用雇用者","その他の宿泊業","0人","総数"
"105-2024","759","02","0","00000","2024000000","人","5252","従業者数_うち常用雇用者","その他の宿泊業","1～4人","総数"
"105-2024","759","03","0","00000","2024000000","人","5754","従業者数_うち常用雇用者","その他の宿泊業","5～9人","総数"
"105-2024","759","04","0","00000","2024000000","人","5701","従業者数_うち常用雇用者","その他の宿泊業","10～19人","総数"
"105-2024","759","05","0","00000","2024000000","人","2573","従業者数_うち常用雇用者","その他の宿泊業","20～29人","総数"
"105-2024","759","06","0","00000","2024000000","人","2982","従業者数_うち常用雇用者","その他の宿泊業","30～49人","総数"
"105-2024","759","07","0","00000","2024000000","人","3574","従業者数_うち常用雇用者","その他の宿泊業","50～99人","総数"
"105-2024","759","08","0","00000","2024000000","人","1645","従業者数_うち常用雇用者","その他の宿泊業","100～199人","総数"
"105-2024","759","09","0","00000","2024000000","人","2116","従業者数_うち常用雇用者","その他の宿泊業","200～299人","総数"
"105-2024","759","10","0","00000","2024000000","人","3916","従業者数_うち常用雇用者","その他の宿泊業","300人以上","総数"
"105-2024","75A","00","0","00000","2024000000","人","7528","従業者数_うち常用雇用者","会社・団体の宿泊所","総数","総数"
"105-2024","75A","01","0","00000","2024000000","人","***","従業者数_うち常用雇用者","会社・団体の宿泊所","0人","総数"
"105-2024","75A","02","0","00000","2024000000","人","649","従業者数_うち常用雇用者","会社・団体の宿泊所","1～4人","総数"
"105-2024","75A","03","0","00000","2024000000","人","688","従業者数_うち常用雇用者","会社・団体の宿泊所","5～9人","総数"
"105-2024","75A","04","0","00000","2024000000","人","1255","従業者数_うち常用雇用者","会社・団体の宿泊所","10～19人","総数"
"105-2024","75A","05","0","00000","2024000000","人","850","従業者数_うち常用雇用者","会社・団体の宿泊所","20～29人","総数"
"105-2024","75A","06","0","00000","2024000000","人","1656","従業者数_うち常用雇用者","会社・団体の宿泊所","30～49人","総数"
"105-2024","75A","07","0","00000","2024000000","人","2054","従業者数_うち常用雇用者","会社・団体の宿泊所","50～99人","総数"
"105-2024","75A","08","0","00000","2024000000","人","376","従業者数_うち常用雇用者","会社・団体の宿泊所","100～199人","総数"
"105-2024","75A","09","0","00000","2024000000","人","***","従業者数_うち常用雇用者","会社・団体の宿泊所","200～299人","総数"
"105-2024","75A","10","0","00000","2024000000","人","***","従業者数_うち常用雇用者","会社・団体の宿泊所","300人以上","総数"
"105-2024","75B","00","0","00000","2024000000","人","25985","従業者数_うち常用雇用者","他に分類されない宿泊業","総数","総数"
"105-2024","75B","01","0","00000","2024000000","人","***","従業者数_うち常用雇用者","他に分類されない宿泊業","0人","総数"
"105-2024","75B","02","0","00000","2024000000","人","4603","従業者数_うち常用雇用者","他に分類されない宿泊業","1～4人","総数"
"105-2024","75B","03","0","00000","2024000000","人","5066","従業者数_うち常用雇用者","他に分類されない宿泊業","5～9人","総数"
"105-2024","75B","04","0","00000","2024000000","人","4446","従業者数_うち常用雇用者","他に分類されない宿泊業","10～19人","総数"
"105-2024","75B","05","0","00000","2024000000","人","1723","従業者数_うち常用雇用者","他に分類されない宿泊業","20～29人","総数"
"105-2024","75B","06","0","00000","2024000000","人","1326","従業者数_うち常用雇用者","他に分類されない宿泊業","30～49人","総数"
"105-2024","75B","07","0","00000","2024000000","人","1520","従業者数_うち常用雇用者","他に分類されない宿泊業","50～99人","総数"
"105-2024","75B","08","0","00000","2024000000","人","1269","従業者数_うち常用雇用者","他に分類されない宿泊業","100～199人","総数"
"105-2024","75B","09","0","00000","2024000000","人","2116","従業者数_うち常用雇用者","他に分類されない宿泊業","200～299人","総数"
"105-2024","75B","10","0","00000","2024000000","人","3916","従業者数_うち常用雇用者","他に分類されない宿泊業","300人以上","総数"
"105-2024","M2","00","0","00000","2024000000","人","3470722","従業者数_うち常用雇用者","飲食店、持ち帰り・配達飲食サービス業","総数","総数"
"105-2024","M2","01","0","00000","2024000000","人","***","従業者数_うち常用雇用者","飲食店、持ち帰り・配達飲食サービス業","0人","総数"
"105-2024","M2","02","0","00000","2024000000","人","314838","従業者数_うち常用雇用者","飲食店、持ち帰り・配達飲食サービス業","1～4人","総数"
"105-2024","M2","03","0","00000","2024000000","人","448678","従業者数_うち常用雇用者","飲食店、持ち帰り・配達飲食サービス業","5～9人","総数"
"105-2024","M2","04","0","00000","2024000000","人","732276","従業者数_うち常用雇用者","飲食店、持ち帰り・配達飲食サービス業","10～19人","総数"
"105-2024","M2","05","0","00000","2024000000","人","690009","従業者数_うち常用雇用者","飲食店、持ち帰り・配達飲食サービス業","20～29人","総数"
"105-2024","M2","06","0","00000","2024000000","人","640203","従業者数_うち常用雇用者","飲食店、持ち帰り・配達飲食サービス業","30～49人","総数"
"105-2024","M2","07","0","00000","2024000000","人","451244","従業者数_うち常用雇用者","飲食店、持ち帰り・配達飲食サービス業","50～99人","総数"
"105-2024","M2","08","0","00000","2024000000","人","127552","従業者数_うち常用雇用者","飲食店、持ち帰り・配達飲食サービス業","100～199人","総数"
"105-2024","M2","09","0","00000","2024000000","人","22574","従業者数_うち常用雇用者","飲食店、持ち帰り・配達飲食サービス業","200～299人","総数"
"105-2024","M2","10","0","00000","2024000000","人","43348","従業者数_うち常用雇用者","飲食店、持ち帰り・配達飲食サービス業","300人以上","総数"
"105-2024","76","00","0","00000","2024000000","人","2931612","従業者数_うち常用雇用者","飲食店","総数","総数"
"105-2024","76","01","0","00000","2024000000","人","***","従業者数_うち常用雇用者","飲食店","0人","総数"
"105-2024","76","02","0","00000","2024000000","人","275532","従業者数_うち常用雇用者","飲食店","1～4人","総数"
"105-2024","76","03","0","00000","2024000000","人","335085","従業者数_うち常用雇用者","飲食店","5～9人","総数"
"105-2024","76","04","0","00000","2024000000","人","584835","従業者数_うち常用雇用者","飲食店","10～19人","総数"
"105-2024","76","05","0","00000","2024000000","人","617434","従業者数_うち常用雇用者","飲食店","20～29人","総数"
"105-2024","76","06","0","00000","2024000000","人","573501","従業者数_うち常用雇用者","飲食店","30～49人","総数"
"105-2024","76","07","0","00000","2024000000","人","409156","従業者数_うち常用雇用者","飲食店","50～99人","総数"
"105-2024","76","08","0","00000","2024000000","人","105354","従業者数_うち常用雇用者","飲食店","100～199人","総数"
"105-2024","76","09","0","00000","2024000000","人","11202","従業者数_うち常用雇用者","飲食店","200～299人","総数"
"105-2024","76","10","0","00000","2024000000","人","19513","従業者数_うち常用雇用者","飲食店","300人以上","総数"
"105-2024","760","00","0","00000","2024000000","人","28543","従業者数_うち常用雇用者","管理、補助的経済活動を行う事業所（76_飲食店）","総数","総数"
"105-2024","760","01","0","00000","2024000000","人","***","従業者数_うち常用雇用者","管理、補助的経済活動を行う事業所（76_飲食店）","0人","総数"
"105-2024","760","02","0","00000","2024000000","人","3587","従業者数_うち常用雇用者","管理、補助的経済活動を行う事業所（76_飲食店）","1～4人","総数"
"105-2024","760","03","0","00000","2024000000","人","2674","従業者数_うち常用雇用者","管理、補助的経済活動を行う事業所（76_飲食店）","5～9人","総数"
"105-2024","760","04","0","00000","2024000000","人","2879","従業者数_うち常用雇用者","管理、補助的経済活動を行う事業所（76_飲食店）","10～19人","総数"
"105-2024","760","05","0","00000","2024000000","人","2340","従業者数_うち常用雇用者","管理、補助的経済活動を行う事業所（76_飲食店）","20～29人","総数"
"105-2024","760","06","0","00000","2024000000","人","2678","従業者数_うち常用雇用者","管理、補助的経済活動を行う事業所（76_飲食店）","30～49人","総数"
"105-2024","760","07","0","00000","2024000000","人","4405","従業者数_うち常用雇用者","管理、補助的経済活動を行う事業所（76_飲食店）","50～99人","総数"
"105-2024","760","08","0","00000","2024000000","人","3721","従業者数_うち常用雇用者","管理、補助的経済活動を行う事業所（76_飲食店）","100～199人","総数"
"105-2024","760","09","0","00000","2024000000","人","2170","従業者数_うち常用雇用者","管理、補助的経済活動を行う事業所（76_飲食店）","200～299人","総数"
"105-2024","760","10","0","00000","2024000000","人","4089","従業者数_うち常用雇用者","管理、補助的経済活動を行う事業所（76_飲食店）","300人以上","総数"
"105-2024","761","00","0","00000","2024000000","人","300050","従業者数_うち常用雇用者","食堂、レストラン（専門料理店を除く）","総数","総数"
"105-2024","761","01","0","00000","2024000000","人","***","従業者数_うち常用雇用者","食堂、レストラン（専門料理店を除く）","0人","総数"
"105-2024","761","02","0","00000","2024000000","人","26654","従業者数_うち常用雇用者","食堂、レストラン（専門料理店を除く）","1～4人","総数"
"105-2024","761","03","0","00000","2024000000","人","34761","従業者数_うち常用雇用者","食堂、レストラン（専門料理店を除く）","5～9人","総数"
"105-2024","761","04","0","00000","2024000000","人","50064","従業者数_うち常用雇用者","食堂、レストラン（専門料理店を除く）","10～19人","総数"
"105-2024","761","05","0","00000","2024000000","人","90387","従業者数_うち常用雇用者","食堂、レストラン（専門料理店を除く）","20～29人","総数"
"105-2024","761","06","0","00000","2024000000","人","65382","従業者数_うち常用雇用者","食堂、レストラン（専門料理店を除く）","30～49人","総数"
"105-2024","761","07","0","00000","2024000000","人","17925","従業者数_うち常用雇用者","食堂、レストラン（専門料理店を除く）","50～99人","総数"
"105-2024","761","08","0","00000","2024000000","人","6328","従業者数_うち常用雇用者","食堂、レストラン（専門料理店を除く）","100～199人","総数"
"105-2024","761","09","0","00000","2024000000","人","2000","従業者数_うち常用雇用者","食堂、レストラン（専門料理店を除く）","200～299人","総数"
"105-2024","761","10","0","00000","2024000000","人","6549","従業者数_うち常用雇用者","食堂、レストラン（専門料理店を除く）","300人以上","総数"
"105-2024","762","00","0","00000","2024000000","人","1222440","従業者数_うち常用雇用者","専門料理店","総数","総数"
"105-2024","762","01","0","00000","2024000000","人","***","従業者数_うち常用雇用者","専門料理店","0人","総数"
"105-2024","762","02","0","00000","2024000000","人","108575","従業者数_うち常用雇用者","専門料理店","1～4人","総数"
"105-2024","762","03","0","00000","2024000000","人","159758","従業者数_うち常用雇用者","専門料理店","5～9人","総数"
"105-2024","762","04","0","00000","2024000000","人","286131","従業者数_うち常用雇用者","専門料理店","10～19人","総数"
"105-2024","762","05","0","00000","2024000000","人","276670","従業者数_うち常用雇用者","専門料理店","20～29人","総数"
"105-2024","762","06","0","00000","2024000000","人","239289","従業者数_うち常用雇用者","専門料理店","30～49人","総数"
"105-2024","762","07","0","00000","2024000000","人","124827","従業者数_うち常用雇用者","専門料理店","50～99人","総数"
"105-2024","762","08","0","00000","2024000000","人","21897","従業者数_うち常用雇用者","専門料理店","100～199人","総数"
"105-2024","762","09","0","00000","2024000000","人","3036","従業者数_うち常用雇用者","専門料理店","200～299人","総数"
"105-2024","762","10","0","00000","2024000000","人","2257","従業者数_うち常用雇用者","専門料理店","300人以上","総数"
"105-2024","76A","00","0","00000","2024000000","人","416816","従業者数_うち常用雇用者","日本料理店","総数","総数"
"105-2024","76A","01","0","00000","2024000000","人","***","従業者数_うち常用雇用者","日本料理店","0人","総数"
"105-2024","76A","02","0","00000","2024000000","人","34833","従業者数_うち常用雇用者","日本料理店","1～4人","総数"
"105-2024","76A","03","0","00000","2024000000","人","59099","従業者数_うち常用雇用者","日本料理店","5～9人","総数"
"105-2024","76A","04","0","00000","2024000000","人","94051","従業者数_うち常用雇用者","日本料理店","10～19人","総数"
"105-2024","76A","05","0","00000","2024000000","人","106750","従業者数_うち常用雇用者","日本料理店","20～29人","総数"
"105-2024","76A","06","0","00000","2024000000","人","79678","従業者数_うち常用雇用者","日本料理店","30～49人","総数"
"105-2024","76A","07","0","00000","2024000000","人","36260","従業者数_うち常用雇用者","日本料理店","50～99人","総数"
"105-2024","76A","08","0","00000","2024000000","人","5346","従業者数_うち常用雇用者","日本料理店","100～199人","総数"
"105-2024","76A","09","0","00000","2024000000","人","450","従業者数_うち常用雇用者","日本料理店","200～299人","総数"
"105-2024","76A","10","0","00000","2024000000","人","349","従業者数_うち常用雇用者","日本料理店","300人以上","総数"
"105-2024","76B","00","0","00000","2024000000","人","293624","従業者数_うち常用雇用者","中華料理店","総数","総数"
"105-2024","76B","01","0","00000","2024000000","人","***","従業者数_うち常用雇用者","中華料理店","0人","総数"
"105-2024","76B","02","0","00000","2024000000","人","32572","従業者数_うち常用雇用者","中華料理店","1～4人","総数"
"105-2024","76B","03","0","00000","2024000000","人","44911","従業者数_うち常用雇用者","中華料理店","5～9人","総数"
"105-2024","76B","04","0","00000","2024000000","人","79977","従業者数_うち常用雇用者","中華料理店","10～19人","総数"
"105-2024","76B","05","0","00000","2024000000","人","66062","従業者数_うち常用雇用者","中華料理店","20～29人","総数"
"105-2024","76B","06","0","00000","2024000000","人","42509","従業者数_うち常用雇用者","中華料理店","30～49人","総数"
"105-2024","76B","07","0","00000","2024000000","人","21570","従業者数_うち常用雇用者","中華料理店","50～99人","総数"
"105-2024","76B","08","0","00000","2024000000","人","4869","従業者数_うち常用雇用者","中華料理店","100～199人","総数"
"105-2024","76B","09","0","00000","2024000000","人","819","従業者数_うち常用雇用者","中華料理店","200～299人","総数"
"105-2024","76B","10","0","00000","2024000000","人","335","従業者数_うち常用雇用者","中華料理店","300人以上","総数"
"105-2024","76C","00","0","00000","2024000000","人","178876","従業者数_うち常用雇用者","焼肉店","総数","総数"
"105-2024","76C","01","0","00000","2024000000","人","***","従業者数_うち常用雇用者","焼肉店","0人","総数"
"105-2024","76C","02","0","00000","2024000000","人","10790","従業者数_うち常用雇用者","焼肉店","1～4人","総数"
"105-2024","76C","03","0","00000","2024000000","人","17044","従業者数_うち常用雇用者","焼肉店","5～9人","総数"
"105-2024","76C","04","0","00000","2024000000","人","38749","従業者数_うち常用雇用者","焼肉店","10～19人","総数"
"105-2024","76C","05","0","00000","2024000000","人","31070","従業者数_うち常用雇用者","焼肉店","20～29人","総数"
"105-2024","76C","06","0","00000","2024000000","人","39181","従業者数_うち常用雇用者","焼肉店","30～49人","総数"
"105-2024","76C","07","0","00000","2024000000","人","36926","従業者数_うち常用雇用者","焼肉店","50～99人","総数"
"105-2024","76C","08","0","00000","2024000000","人","4868","従業者数_うち常用雇用者","焼肉店","100～199人","総数"
"105-2024","76C","09","0","00000","2024000000","人","248","従業者数_うち常用雇用者","焼肉店","200～299人","総数"
"105-2024","76C","10","0","00000","2024000000","人","***","従業者数_うち常用雇用者","焼肉店","300人以上","総数"
"105-2024","76D","00","0","00000","2024000000","人","333124","従業者数_うち常用雇用者","その他の専門料理店","総数","総数"
"105-2024","76D","01","0","00000","2024000000","人","***","従業者数_うち常用雇用者","その他の専門料理店","0人","総数"
"105-2024","76D","02","0","00000","2024000000","人","30380","従業者数_うち常用雇用者","その他の専門料理店","1～4人","総数"
"105-2024","76D","03","0","00000","2024000000","人","38704","従業者数_うち常用雇用者","その他の専門料理店","5～9人","総数"
"105-2024","76D","04","0","00000","2024000000","人","73354","従業者数_うち常用雇用者","その他の専門料理店","10～19人","総数"
"105-2024","76D","05","0","00000","2024000000","人","72788","従業者数_うち常用雇用者","その他の専門料理店","20～29人","総数"
"105-2024","76D","06","0","00000","2024000000","人","77921","従業者数_うち常用雇用者","その他の専門料理店","30～49人","総数"
"105-2024","76D","07","0","00000","2024000000","人","30071","従業者数_うち常用雇用者","その他の専門料理店","50～99人","総数"
"105-2024","76D","08","0","00000","2024000000","人","6814","従業者数_うち常用雇用者","その他の専門料理店","100～199人","総数"
"105-2024","76D","09","0","00000","2024000000","人","1519","従業者数_うち常用雇用者","その他の専門料理店","200～299人","総数"
"105-2024","76D","10","0","00000","2024000000","人","1573","従業者数_うち常用雇用者","その他の専門料理店","300人以上","総数"
"105-2024","763","00","0","00000","2024000000","人","144172","従業者数_うち常用雇用者","そば・うどん店","総数","総数"
"105-2024","763","01","0","00000","2024000000","人","***","従業者数_うち常用雇用者","そば・うどん店","0人","総数"
"105-2024","763","02","0","00000","2024000000","人","18343","従業者数_うち常用雇用者","そば・うどん店","1～4人","総数"
"105-2024","763","03","0","00000","2024000000","人","22196","従業者数_うち常用雇用者","そば・うどん店","5～9人","総数"
"105-2024","763","04","0","00000","2024000000","人","40140","従業者数_うち常用雇用者","そば・うどん店","10～19人","総数"
"105-2024","763","05","0","00000","2024000000","人","34158","従業者数_うち常用雇用者","そば・うどん店","20～29人","総数"
"105-2024","763","06","0","00000","2024000000","人","24656","従業者数_うち常用雇用者","そば・うどん店","30～49人","総数"
"105-2024","763","07","0","00000","2024000000","人","2619","従業者数_うち常用雇用者","そば・うどん店","50～99人","総数"
"105-2024","763","08","0","00000","2024000000","人","746","従業者数_うち常用雇用者","そば・うどん店","100～199人","総数"
"105-2024","763","09","0","00000","2024000000","人","490","従業者数_うち常用雇用者","そば・うどん店","200～299人","総数"
"105-2024","763","10","0","00000","2024000000","人","824","従業者数_うち常用雇用者","そば・うどん店","300人以上","総数"
"105-2024","764","00","0","00000","2024000000","人","236643","従業者数_うち常用雇用者","すし店","総数","総数"
"105-2024","764","01","0","00000","2024000000","人","***","従業者数_うち常用雇用者","すし店","0人","総数"
"105-2024","764","02","0","00000","2024000000","人","12165","従業者数_うち常用雇用者","すし店","1～4人","総数"
"105-2024","764","03","0","00000","2024000000","人","9824","従業者数_うち常用雇用者","すし店","5～9人","総数"
"105-2024","764","04","0","00000","2024000000","人","15292","従業者数_うち常用雇用者","すし店","10～19人","総数"
"105-2024","764","05","0","00000","2024000000","人","25734","従業者数_うち常用雇用者","すし店","20～29人","総数"
"105-2024","764","06","0","00000","2024000000","人","31887","従業者数_うち常用雇用者","すし店","30～49人","総数"
"105-2024","764","07","0","00000","2024000000","人","92345","従業者数_うち常用雇用者","すし店","50～99人","総数"
"105-2024","764","08","0","00000","2024000000","人","47934","従業者数_うち常用雇用者","すし店","100～199人","総数"
"105-2024","764","09","0","00000","2024000000","人","724","従業者数_うち常用雇用者","すし店","200～299人","総数"
"105-2024","764","10","0","00000","2024000000","人","738","従業者数_うち常用雇用者","すし店","300人以上","総数"
"105-2024","765","00","0","00000","2024000000","人","319089","従業者数_うち常用雇用者","酒場、ビヤホール","総数","総数"
"105-2024","765","01","0","00000","2024000000","人","***","従業者数_うち常用雇用者","酒場、ビヤホール","0人","総数"
"105-2024","765","02","0","00000","2024000000","人","49191","従業者数_うち常用雇用者","酒場、ビヤホール","1～4人","総数"
"105-2024","765","03","0","00000","2024000000","人","51828","従業者数_うち常用雇用者","酒場、ビヤホール","5～9人","総数"
"105-2024","765","04","0","00000","2024000000","人","88654","従業者数_うち常用雇用者","酒場、ビヤホール","10～19人","総数"
"105-2024","765","05","0","00000","2024000000","人","55496","従業者数_うち常用雇用者","酒場、ビヤホール","20～29人","総数"
"105-2024","765","06","0","00000","2024000000","人","48738","従業者数_うち常用雇用者","酒場、ビヤホール","30～49人","総数"
"105-2024","765","07","0","00000","2024000000","人","15889","従業者数_うち常用雇用者","酒場、ビヤホール","50～99人","総数"
"105-2024","765","08","0","00000","2024000000","人","5269","従業者数_うち常用雇用者","酒場、ビヤホール","100～199人","総数"
"105-2024","765","09","0","00000","2024000000","人","1624","従業者数_うち常用雇用者","酒場、ビヤホール","200～299人","総数"
"105-2024","765","10","0","00000","2024000000","人","2400","従業者数_うち常用雇用者","酒場、ビヤホール","300人以上","総数"
"105-2024","766","00","0","00000","2024000000","人","64090","従業者数_うち常用雇用者","バー、キャバレー、ナイトクラブ","総数","総数"
"105-2024","766","01","0","00000","2024000000","人","***","従業者数_うち常用雇用者","バー、キャバレー、ナイトクラブ","0人","総数"
"105-2024","766","02","0","00000","2024000000","人","22557","従業者数_うち常用雇用者","バー、キャバレー、ナイトクラブ","1～4人","総数"
"105-2024","766","03","0","00000","2024000000","人","14797","従業者数_うち常用雇用者","バー、キャバレー、ナイトクラブ","5～9人","総数"
"105-2024","766","04","0","00000","2024000000","人","13338","従業者数_うち常用雇用者","バー、キャバレー、ナイトクラブ","10～19人","総数"
"105-2024","766","05","0","00000","2024000000","人","5999","従業者数_うち常用雇用者","バー、キャバレー、ナイトクラブ","20～29人","総数"
"105-2024","766","06","0","00000","2024000000","人","5051","従業者数_うち常用雇用者","バー、キャバレー、ナイトクラブ","30～49人","総数"
"105-2024","766","07","0","00000","2024000000","人","1324","従業者数_うち常用雇用者","バー、キャバレー、ナイトクラブ","50～99人","総数"
"105-2024","766","08","0","00000","2024000000","人","425","従業者数_うち常用雇用者","バー、キャバレー、ナイトクラブ","100～199人","総数"
"105-2024","766","09","0","00000","2024000000","人","270","従業者数_うち常用雇用者","バー、キャバレー、ナイトクラブ","200～299人","総数"
"105-2024","766","10","0","00000","2024000000","人","329","従業者数_うち常用雇用者","バー、キャバレー、ナイトクラブ","300人以上","総数"
"105-2024","767","00","0","00000","2024000000","人","266610","従業者数_うち常用雇用者","喫茶店","総数","総数"
"105-2024","767","01","0","00000","2024000000","人","***","従業者数_うち常用雇用者","喫茶店","0人","総数"
"105-2024","767","02","0","00000","2024000000","人","25329","従業者数_うち常用雇用者","喫茶店","1～4人","総数"
"105-2024","767","03","0","00000","2024000000","人","25389","従業者数_うち常用雇用者","喫茶店","5～9人","総数"
"105-2024","767","04","0","00000","2024000000","人","49676","従業者数_うち常用雇用者","喫茶店","10～19人","総数"
"105-2024","767","05","0","00000","2024000000","人","72636","従業者数_うち常用雇用者","喫茶店","20～29人","総数"
"105-2024","767","06","0","00000","2024000000","人","76967","従業者数_うち常用雇用者","喫茶店","30～49人","総数"
"105-2024","767","07","0","00000","2024000000","人","12604","従業者数_うち常用雇用者","喫茶店","50～99人","総数"
"105-2024","767","08","0","00000","2024000000","人","3202","従業者数_うち常用雇用者","喫茶店","100～199人","総数"
"105-2024","767","09","0","00000","2024000000","人","457","従業者数_うち常用雇用者","喫茶店","200～299人","総数"
"105-2024","767","10","0","00000","2024000000","人","350","従業者数_うち常用雇用者","喫茶店","300人以上","総数"
"105-2024","769","00","0","00000","2024000000","人","349402","従業者数_うち常用雇用者","その他の飲食店","総数","総数"
"105-2024","769","01","0","00000","2024000000","人","***","従業者数_うち常用雇用者","その他の飲食店","0人","総数"
"105-2024","769","02","0","00000","2024000000","人","9056","従業者数_うち常用雇用者","その他の飲食店","1～4人","総数"
"105-2024","769","03","0","00000","2024000000","人","13752","従業者数_うち常用雇用者","その他の飲食店","5～9人","総数"
"105-2024","769","04","0","00000","2024000000","人","38516","従業者数_うち常用雇用者","その他の飲食店","10～19人","総数"
"105-2024","769","05","0","00000","2024000000","人","53946","従業者数_うち常用雇用者","その他の飲食店","20～29人","総数"
"105-2024","769","06","0","00000","2024000000","人","78853","従業者数_うち常用雇用者","その他の飲食店","30～49人","総数"
"105-2024","769","07","0","00000","2024000000","人","137218","従業者数_うち常用雇用者","その他の飲食店","50～99人","総数"
"105-2024","769","08","0","00000","2024000000","人","15653","従業者数_うち常用雇用者","その他の飲食店","100～199人","総数"
"105-2024","769","09","0","00000","2024000000","人","431","従業者数_うち常用雇用者","その他の飲食店","200～299人","総数"
"105-2024","769","10","0","00000","2024000000","人","1977","従業者数_うち常用雇用者","その他の飲食店","300人以上","総数"
"105-2024","76E","00","0","00000","2024000000","人","224411","従業者数_うち常用雇用者","ハンバーガー店","総数","総数"
"105-2024","76E","01","0","00000","2024000000","人","***","従業者数_うち常用雇用者","ハンバーガー店","0人","総数"
"105-2024","76E","02","0","00000","2024000000","人","1061","従業者数_うち常用雇用者","ハンバーガー店","1～4人","総数"
"105-2024","76E","03","0","00000","2024000000","人","2212","従業者数_うち常用雇用者","ハンバーガー店","5～9人","総数"
"105-2024","76E","04","0","00000","2024000000","人","11339","従業者数_うち常用雇用者","ハンバーガー店","10～19人","総数"
"105-2024","76E","05","0","00000","2024000000","人","21736","従業者数_うち常用雇用者","ハンバーガー店","20～29人","総数"
"105-2024","76E","06","0","00000","2024000000","人","41578","従業者数_うち常用雇用者","ハンバーガー店","30～49人","総数"
"105-2024","76E","07","0","00000","2024000000","人","129720","従業者数_うち常用雇用者","ハンバーガー店","50～99人","総数"
"105-2024","76E","08","0","00000","2024000000","人","14837","従業者数_うち常用雇用者","ハンバーガー店","100～199人","総数"
"105-2024","76E","09","0","00000","2024000000","人","431","従業者数_うち常用雇用者","ハンバーガー店","200～299人","総数"
"105-2024","76E","10","0","00000","2024000000","人","1497","従業者数_うち常用雇用者","ハンバーガー店","300人以上","総数"
"105-2024","76F","00","0","00000","2024000000","人","34761","従業者数_うち常用雇用者","お好み焼・焼きそば・たこ焼店","総数","総数"
"105-2024","76F","01","0","00000","2024000000","人","***","従業者数_うち常用雇用者","お好み焼・焼きそば・たこ焼店","0人","総数"
"105-2024","76F","02","0","00000","2024000000","人","5445","従業者数_うち常用雇用者","お好み焼・焼きそば・たこ焼店","1～4人","総数"
"105-2024","76F","03","0","00000","2024000000","人","6063","従業者数_うち常用雇用者","お好み焼・焼きそば・たこ焼店","5～9人","総数"
"105-2024","76F","04","0","00000","2024000000","人","9560","従業者数_うち常用雇用者","お好み焼・焼きそば・たこ焼店","10～19人","総数"
"105-2024","76F","05","0","00000","2024000000","人","6068","従業者数_うち常用雇用者","お好み焼・焼きそば・たこ焼店","20～29人","総数"
"105-2024","76F","06","0","00000","2024000000","人","4751","従業者数_うち常用雇用者","お好み焼・焼きそば・たこ焼店","30～49人","総数"
"105-2024","76F","07","0","00000","2024000000","人","1708","従業者数_うち常用雇用者","お好み焼・焼きそば・たこ焼店","50～99人","総数"
"105-2024","76F","08","0","00000","2024000000","人","686","従業者数_うち常用雇用者","お好み焼・焼きそば・たこ焼店","100～199人","総数"
"105-2024","76F","09","0","00000","2024000000","人","***","従業者数_うち常用雇用者","お好み焼・焼きそば・たこ焼店","200～299人","総数"
"105-2024","76F","10","0","00000","2024000000","人","480","従業者数_うち常用雇用者","お好み焼・焼きそば・たこ焼店","300人以上","総数"
"105-2024","76G","00","0","00000","2024000000","人","90230","従業者数_うち常用雇用者","他に分類されない飲食店","総数","総数"
"105-2024","76G","01","0","00000","2024000000","人","***","従業者数_うち常用雇用者","他に分類されない飲食店","0人","総数"
"105-2024","76G","02","0","00000","2024000000","人","2550","従業者数_うち常用雇用者","他に分類されない飲食店","1～4人","総数"
"105-2024","76G","03","0","00000","2024000000","人","5477","従業者数_うち常用雇用者","他に分類されない飲食店","5～9人","総数"
"105-2024","76G","04","0","00000","2024000000","人","17617","従業者数_うち常用雇用者","他に分類されない飲食店","10～19人","総数"
"105-2024","76G","05","0","00000","2024000000","人","26142","従業者数_うち常用雇用者","他に分類されない飲食店","20～29人","総数"
"105-2024","76G","06","0","00000","2024000000","人","32524","従業者数_うち常用雇用者","他に分類されない飲食店","30～49人","総数"
"105-2024","76G","07","0","00000","2024000000","人","5790","従業者数_うち常用雇用者","他に分類されない飲食店","50～99人","総数"
"105-2024","76G","08","0","00000","2024000000","人","130","従業者数_うち常用雇用者","他に分類されない飲食店","100～199人","総数"
"105-2024","76G","09","0","00000","2024000000","人","***","従業者数_うち常用雇用者","他に分類されない飲食店","200～299人","総数"
"105-2024","76G","10","0","00000","2024000000","人","***","従業者数_うち常用雇用者","他に分類されない飲食店","300人以上","総数"
"105-2024","77","00","0","00000","2024000000","人","538822","従業者数_うち常用雇用者","持ち帰り・配達飲食サービス業","総数","総数"
"105-2024","77","01","0","00000","2024000000","人","***","従業者数_うち常用雇用者","持ち帰り・配達飲食サービス業","0人","総数"
"105-2024","77","02","0","00000","2024000000","人","39261","従業者数_うち常用雇用者","持ち帰り・配達飲食サービス業","1～4人","総数"
"105-2024","77","03","0","00000","2024000000","人","113576","従業者数_うち常用雇用者","持ち帰り・配達飲食サービス業","5～9人","総数"
"105-2024","77","04","0","00000","2024000000","人","147362","従業者数_うち常用雇用者","持ち帰り・配達飲食サービス業","10～19人","総数"
"105-2024","77","05","0","00000","2024000000","人","72555","従業者数_うち常用雇用者","持ち帰り・配達飲食サービス業","20～29人","総数"
"105-2024","77","06","0","00000","2024000000","人","66702","従業者数_うち常用雇用者","持ち帰り・配達飲食サービス業","30～49人","総数"
"105-2024","77","07","0","00000","2024000000","人","41961","従業者数_うち常用雇用者","持ち帰り・配達飲食サービス業","50～99人","総数"
"105-2024","77","08","0","00000","2024000000","人","22198","従業者数_うち常用雇用者","持ち帰り・配達飲食サービス業","100～199人","総数"
"105-2024","77","09","0","00000","2024000000","人","11372","従業者数_うち常用雇用者","持ち帰り・配達飲食サービス業","200～299人","総数"
"105-2024","77","10","0","00000","2024000000","人","23835","従業者数_うち常用雇用者","持ち帰り・配達飲食サービス業","300人以上","総数"
"105-2024","770","00","0","00000","2024000000","人","7769","従業者数_うち常用雇用者","管理、補助的経済活動を行う事業所（77_持ち帰り・配達飲食サービス業）","総数","総数"
"105-2024","770","01","0","00000","2024000000","人","***","従業者数_うち常用雇用者","管理、補助的経済活動を行う事業所（77_持ち帰り・配達飲食サービス業）","0人","総数"
"105-2024","770","02","0","00000","2024000000","人","936","従業者数_うち常用雇用者","管理、補助的経済活動を行う事業所（77_持ち帰り・配達飲食サービス業）","1～4人","総数"
"105-2024","770","03","0","00000","2024000000","人","530","従業者数_うち常用雇用者","管理、補助的経済活動を行う事業所（77_持ち帰り・配達飲食サービス業）","5～9人","総数"
"105-2024","770","04","0","00000","2024000000","人","957","従業者数_うち常用雇用者","管理、補助的経済活動を行う事業所（77_持ち帰り・配達飲食サービス業）","10～19人","総数"
"105-2024","770","05","0","00000","2024000000","人","744","従業者数_うち常用雇用者","管理、補助的経済活動を行う事業所（77_持ち帰り・配達飲食サービス業）","20～29人","総数"
"105-2024","770","06","0","00000","2024000000","人","751","従業者数_うち常用雇用者","管理、補助的経済活動を行う事業所（77_持ち帰り・配達飲食サービス業）","30～49人","総数"
"105-2024","770","07","0","00000","2024000000","人","1013","従業者数_うち常用雇用者","管理、補助的経済活動を行う事業所（77_持ち帰り・配達飲食サービス業）","50～99人","総数"
"105-2024","770","08","0","00000","2024000000","人","530","従業者数_うち常用雇用者","管理、補助的経済活動を行う事業所（77_持ち帰り・配達飲食サービス業）","100～199人","総数"
"105-2024","770","09","0","00000","2024000000","人","1031","従業者数_うち常用雇用者","管理、補助的経済活動を行う事業所（77_持ち帰り・配達飲食サービス業）","200～299人","総数"
"105-2024","770","10","0","00000","2024000000","人","1277","従業者数_うち常用雇用者","管理、補助的経済活動を行う事業所（77_持ち帰り・配達飲食サービス業）","300人以上","総数"
"105-2024","771","00","0","00000","2024000000","人","73026","従業者数_うち常用雇用者","持ち帰り飲食サービス業","総数","総数"
"105-2024","771","01","0","00000","2024000000","人","***","従業者数_うち常用雇用者","持ち帰り飲食サービス業","0人","総数"
"105-2024","771","02","0","00000","2024000000","人","6227","従業者数_うち常用雇用者","持ち帰り飲食サービス業","1～4人","総数"
"105-2024","771","03","0","00000","2024000000","人","14204","従業者数_うち常用雇用者","持ち帰り飲食サービス業","5～9人","総数"
"105-2024","771","04","0","00000","2024000000","人","35845","従業者数_うち常用雇用者","持ち帰り飲食サービス業","10～19人","総数"
"105-2024","771","05","0","00000","2024000000","人","9030","従業者数_うち常用雇用者","持ち帰り飲食サービス業","20～29人","総数"
"105-2024","771","06","0","00000","2024000000","人","4881","従業者数_うち常用雇用者","持ち帰り飲食サービス業","30～49人","総数"
"105-2024","771","07","0","00000","2024000000","人","2322","従業者数_うち常用雇用者","持ち帰り飲食サービス業","50～99人","総数"
"105-2024","771","08","0","00000","2024000000","人","517","従業者数_うち常用雇用者","持ち帰り飲食サービス業","100～199人","総数"
"105-2024","771","09","0","00000","2024000000","人","***","従業者数_うち常用雇用者","持ち帰り飲食サービス業","200～299人","総数"
"105-2024","771","10","0","00000","2024000000","人","***","従業者数_うち常用雇用者","持ち帰り飲食サービス業","300人以上","総数"
"105-2024","772","00","0","00000","2024000000","人","133268","従業者数_うち常用雇用者","配達飲食サービス業","総数","総数"
"105-2024","772","01","0","00000","2024000000","人","***","従業者数_うち常用雇用者","配達飲食サービス業","0人","総数"
"105-2024","772","02","0","00000","2024000000","人","6687","従業者数_うち常用雇用者","配達飲食サービス業","1～4人","総数"
"105-2024","772","03","0","00000","2024000000","人","10923","従業者数_うち常用雇用者","配達飲食サービス業","5～9人","総数"
"105-2024","772","04","0","00000","2024000000","人","23410","従業者数_うち常用雇用者","配達飲食サービス業","10～19人","総数"
"105-2024","772","05","0","00000","2024000000","人","28643","従業者数_うち常用雇用者","配達飲食サービス業","20～29人","総数"
"105-2024","772","06","0","00000","2024000000","人","33774","従業者数_うち常用雇用者","配達飲食サービス業","30～49人","総数"
"105-2024","772","07","0","00000","2024000000","人","15489","従業者数_うち常用雇用者","配達飲食サービス業","50～99人","総数"
"105-2024","772","08","0","00000","2024000000","人","7806","従業者数_うち常用雇用者","配達飲食サービス業","100～199人","総数"
"105-2024","772","09","0","00000","2024000000","人","2380","従業者数_うち常用雇用者","配達飲食サービス業","200～299人","総数"
"105-2024","772","10","0","00000","2024000000","人","4156","従業者数_うち常用雇用者","配達飲食サービス業","300人以上","総数"
"105-2024","773","00","0","00000","2024000000","人","324758","従業者数_うち常用雇用者","施設給食業","総数","総数"
"105-2024","773","01","0","00000","2024000000","人","***","従業者数_うち常用雇用者","施設給食業","0人","総数"
"105-2024","773","02","0","00000","2024000000","人","25410","従業者数_うち常用雇用者","施設給食業","1～4人","総数"
"105-2024","773","03","0","00000","2024000000","人","87919","従業者数_うち常用雇用者","施設給食業","5～9人","総数"
"105-2024","773","04","0","00000","2024000000","人","87150","従業者数_うち常用雇用者","施設給食業","10～19人","総数"
"105-2024","773","05","0","00000","2024000000","人","34138","従業者数_うち常用雇用者","施設給食業","20～29人","総数"
"105-2024","773","06","0","00000","2024000000","人","27296","従業者数_うち常用雇用者","施設給食業","30～49人","総数"
"105-2024","773","07","0","00000","2024000000","人","23137","従業者数_うち常用雇用者","施設給食業","50～99人","総数"
"105-2024","773","08","0","00000","2024000000","人","13345","従業者数_うち常用雇用者","施設給食業","100～199人","総数"
"105-2024","773","09","0","00000","2024000000","人","7961","従業者数_うち常用雇用者","施設給食業","200～299人","総数"
"105-2024","773","10","0","00000","2024000000","人","18402","従業者数_うち常用雇用者","施設給食業","300人以上","総数"
"105-2024","N","00","0","00000","2024000000","人","1635533","従業者数_うち常用雇用者","生活関連サービス業、娯楽業","総数","総数"
"105-2024","N","01","0","00000","2024000000","人","***","従業者数_うち常用雇用者","生活関連サービス業、娯楽業","0人","総数"
"105-2024","N","02","0","00000","2024000000","人","280194","従業者数_うち常用雇用者","生活関連サービス業、娯楽業","1～4人","総数"
"105-2024","N","03","0","00000","2024000000","人","220265","従業者数_うち常用雇用者","生活関連サービス業、娯楽業","5～9人","総数"
"105-2024","N","04","0","00000","2024000000","人","269783","従業者数_うち常用雇用者","生活関連サービス業、娯楽業","10～19人","総数"
"105-2024","N","05","0","00000","2024000000","人","175418","従業者数_うち常用雇用者","生活関連サービス業、娯楽業","20～29人","総数"
"105-2024","N","06","0","00000","2024000000","人","211829","従業者数_うち常用雇用者","生活関連サービス業、娯楽業","30～49人","総数"
"105-2024","N","07","0","00000","2024000000","人","202540","従業者数_うち常用雇用者","生活関連サービス業、娯楽業","50～99人","総数"
"105-2024","N","08","0","00000","2024000000","人","116951","従業者数_うち常用雇用者","生活関連サービス業、娯楽業","100～199人","総数"
"105-2024","N","09","0","00000","2024000000","人","33448","従業者数_うち常用雇用者","生活関連サービス業、娯楽業","200～299人","総数"
"105-2024","N","10","0","00000","2024000000","人","125105","従業者数_うち常用雇用者","生活関連サービス業、娯楽業","300人以上","総数"
"105-2024","78","00","0","00000","2024000000","人","597782","従業者数_うち常用雇用者","洗濯・理容・美容・浴場業","総数","総数"
"105-2024","78","01","0","00000","2024000000","人","***","従業者数_うち常用雇用者","洗濯・理容・美容・浴場業","0人","総数"
"105-2024","78","02","0","00000","2024000000","人","191036","従業者数_うち常用雇用者","洗濯・理容・美容・浴場業","1～4人","総数"
"105-2024","78","03","0","00000","2024000000","人","118669","従業者数_うち常用雇用者","洗濯・理容・美容・浴場業","5～9人","総数"
"105-2024","78","04","0","00000","2024000000","人","88620","従業者数_うち常用雇用者","洗濯・理容・美容・浴場業","10～19人","総数"
"105-2024","78","05","0","00000","2024000000","人","39680","従業者数_うち常用雇用者","洗濯・理容・美容・浴場業","20～29人","総数"
"105-2024","78","06","0","00000","2024000000","人","51243","従業者数_うち常用雇用者","洗濯・理容・美容・浴場業","30～49人","総数"
"105-2024","78","07","0","00000","2024000000","人","58832","従業者数_うち常用雇用者","洗濯・理容・美容・浴場業","50～99人","総数"
"105-2024","78","08","0","00000","2024000000","人","30590","従業者数_うち常用雇用者","洗濯・理容・美容・浴場業","100～199人","総数"
"105-2024","78","09","0","00000","2024000000","人","7413","従業者数_うち常用雇用者","洗濯・理容・美容・浴場業","200～299人","総数"
"105-2024","78","10","0","00000","2024000000","人","11699","従業者数_うち常用雇用者","洗濯・理容・美容・浴場業","300人以上","総数"
"105-2024","780","00","0","00000","2024000000","人","6093","従業者数_うち常用雇用者","管理、補助的経済活動を行う事業所（78_洗濯・理容・美容・浴場業）","総数","総数"
"105-2024","780","01","0","00000","2024000000","人","***","従業者数_うち常用雇用者","管理、補助的経済活動を行う事業所（78_洗濯・理容・美容・浴場業）","0人","総数"
"105-2024","780","02","0","00000","2024000000","人","1058","従業者数_うち常用雇用者","管理、補助的経済活動を行う事業所（78_洗濯・理容・美容・浴場業）","1～4人","総数"
"105-2024","780","03","0","00000","2024000000","人","698","従業者数_うち常用雇用者","管理、補助的経済活動を行う事業所（78_洗濯・理容・美容・浴場業）","5～9人","総数"
"105-2024","780","04","0","00000","2024000000","人","891","従業者数_うち常用雇用者","管理、補助的経済活動を行う事業所（78_洗濯・理容・美容・浴場業）","10～19人","総数"
"105-2024","780","05","0","00000","2024000000","人","419","従業者数_うち常用雇用者","管理、補助的経済活動を行う事業所（78_洗濯・理容・美容・浴場業）","20～29人","総数"
"105-2024","780","06","0","00000","2024000000","人","246","従業者数_うち常用雇用者","管理、補助的経済活動を行う事業所（78_洗濯・理容・美容・浴場業）","30～49人","総数"
"105-2024","780","07","0","00000","2024000000","人","997","従業者数_うち常用雇用者","管理、補助的経済活動を行う事業所（78_洗濯・理容・美容・浴場業）","50～99人","総数"
"105-2024","780","08","0","00000","2024000000","人","1109","従業者数_うち常用雇用者","管理、補助的経済活動を行う事業所（78_洗濯・理容・美容・浴場業）","100～199人","総数"
"105-2024","780","09","0","00000","2024000000","人","***","従業者数_うち常用雇用者","管理、補助的経済活動を行う事業所（78_洗濯・理容・美容・浴場業）","200～299人","総数"
"105-2024","780","10","0","00000","2024000000","人","675","従業者数_うち常用雇用者","管理、補助的経済活動を行う事業所（78_洗濯・理容・美容・浴場業）","300人以上","総数"
"105-2024","781","00","0","00000","2024000000","人","195250","従業者数_うち常用雇用者","洗濯業","総数","総数"
"105-2024","781","01","0","00000","2024000000","人","***","従業者数_うち常用雇用者","洗濯業","0人","総数"
"105-2024","781","02","0","00000","2024000000","人","40970","従業者数_うち常用雇用者","洗濯業","1～4人","総数"
"105-2024","781","03","0","00000","2024000000","人","18528","従業者数_うち常用雇用者","洗濯業","5～9人","総数"
"105-2024","781","04","0","00000","2024000000","人","24252","従業者数_うち常用雇用者","洗濯業","10～19人","総数"
"105-2024","781","05","0","00000","2024000000","人","18211","従業者数_うち常用雇用者","洗濯業","20～29人","総数"
"105-2024","781","06","0","00000","2024000000","人","28081","従業者数_うち常用雇用者","洗濯業","30～49人","総数"
"105-2024","781","07","0","00000","2024000000","人","33408","従業者数_うち常用雇用者","洗濯業","50～99人","総数"
"105-2024","781","08","0","00000","2024000000","人","20313","従業者数_うち常用雇用者","洗濯業","100～199人","総数"
"105-2024","781","09","0","00000","2024000000","人","5757","従業者数_うち常用雇用者","洗濯業","200～299人","総数"
"105-2024","781","10","0","00000","2024000000","人","5730","従業者数_うち常用雇用者","洗濯業","300人以上","総数"
"105-2024","78A","00","0","00000","2024000000","人","105441","従業者数_うち常用雇用者","普通洗濯業","総数","総数"
"105-2024","78A","01","0","00000","2024000000","人","***","従業者数_うち常用雇用者","普通洗濯業","0人","総数"
"105-2024","78A","02","0","00000","2024000000","人","38563","従業者数_うち常用雇用者","普通洗濯業","1～4人","総数"
"105-2024","78A","03","0","00000","2024000000","人","13205","従業者数_うち常用雇用者","普通洗濯業","5～9人","総数"
"105-2024","78A","04","0","00000","2024000000","人","12506","従業者数_うち常用雇用者","普通洗濯業","10～19人","総数"
"105-2024","78A","05","0","00000","2024000000","人","9488","従業者数_うち常用雇用者","普通洗濯業","20～29人","総数"
"105-2024","78A","06","0","00000","2024000000","人","11867","従業者数_うち常用雇用者","普通洗濯業","30～49人","総数"
"105-2024","78A","07","0","00000","2024000000","人","12163","従業者数_うち常用雇用者","普通洗濯業","50～99人","総数"
"105-2024","78A","08","0","00000","2024000000","人","5537","従業者数_うち常用雇用者","普通洗濯業","100～199人","総数"
"105-2024","78A","09","0","00000","2024000000","人","1388","従業者数_うち常用雇用者","普通洗濯業","200～299人","総数"
"105-2024","78A","10","0","00000","2024000000","人","724","従業者数_うち常用雇用者","普通洗濯業","300人以上","総数"
"105-2024","78B","00","0","00000","2024000000","人","89809","従業者数_うち常用雇用者","リネンサプライ業","総数","総数"
"105-2024","78B","01","0","00000","2024000000","人","***","従業者数_うち常用雇用者","リネンサプライ業","0人","総数"
"105-2024","78B","02","0","00000","2024000000","人","2407","従業者数_うち常用雇用者","リネンサプライ業","1～4人","総数"
"105-2024","78B","03","0","00000","2024000000","人","5323","従業者数_うち常用雇用者","リネンサプライ業","5～9人","総数"
"105-2024","78B","04","0","00000","2024000000","人","11746","従業者数_うち常用雇用者","リネンサプライ業","10～19人","総数"
"105-2024","78B","05","0","00000","2024000000","人","8723","従業者数_うち常用雇用者","リネンサプライ業","20～29人","総数"
"105-2024","78B","06","0","00000","2024000000","人","16214","従業者数_うち常用雇用者","リネンサプライ業","30～49人","総数"
"105-2024","78B","07","0","00000","2024000000","人","21245","従業者数_うち常用雇用者","リネンサプライ業","50～99人","総数"
"105-2024","78B","08","0","00000","2024000000","人","14776","従業者数_うち常用雇用者","リネンサプライ業","100～199人","総数"
"105-2024","78B","09","0","00000","2024000000","人","4369","従業者数_うち常用雇用者","リネンサプライ業","200～299人","総数"
"105-2024","78B","10","0","00000","2024000000","人","5006","従業者数_うち常用雇用者","リネンサプライ業","300人以上","総数"
"105-2024","782","00","0","00000","2024000000","人","51915","従業者数_うち常用雇用者","理容業","総数","総数"
"105-2024","782","01","0","00000","2024000000","人","***","従業者数_うち常用雇用者","理容業","0人","総数"
"105-2024","782","02","0","00000","2024000000","人","35114","従業者数_うち常用雇用者","理容業","1～4人","総数"
"105-2024","782","03","0","00000","2024000000","人","12149","従業者数_うち常用雇用者","理容業","5～9人","総数"
"105-2024","782","04","0","00000","2024000000","人","2949","従業者数_うち常用雇用者","理容業","10～19人","総数"
"105-2024","782","05","0","00000","2024000000","人","688","従業者数_うち常用雇用者","理容業","20～29人","総数"
"105-2024","782","06","0","00000","2024000000","人","472","従業者数_うち常用雇用者","理容業","30～49人","総数"
"105-2024","782","07","0","00000","2024000000","人","543","従業者数_うち常用雇用者","理容業","50～99人","総数"
"105-2024","782","08","0","00000","2024000000","人","***","従業者数_うち常用雇用者","理容業","100～199人","総数"
"105-2024","782","09","0","00000","2024000000","人","***","従業者数_うち常用雇用者","理容業","200～299人","総数"
"105-2024","782","10","0","00000","2024000000","人","***","従業者数_うち常用雇用者","理容業","300人以上","総数"
"105-2024","783","00","0","00000","2024000000","人","217123","従業者数_うち常用雇用者","美容業","総数","総数"
"105-2024","783","01","0","00000","2024000000","人","***","従業者数_うち常用雇用者","美容業","0人","総数"
"105-2024","783","02","0","00000","2024000000","人","89149","従業者数_うち常用雇用者","美容業","1～4人","総数"
"105-2024","783","03","0","00000","2024000000","人","63373","従業者数_うち常用雇用者","美容業","5～9人","総数"
"105-2024","783","04","0","00000","2024000000","人","38632","従業者数_うち常用雇用者","美容業","10～19人","総数"
"105-2024","783","05","0","00000","2024000000","人","10912","従業者数_うち常用雇用者","美容業","20～29人","総数"
"105-2024","783","06","0","00000","2024000000","人","8151","従業者数_うち常用雇用者","美容業","30～49人","総数"
"105-2024","783","07","0","00000","2024000000","人","5577","従業者数_うち常用雇用者","美容業","50～99人","総数"
"105-2024","783","08","0","00000","2024000000","人","855","従業者数_うち常用雇用者","美容業","100～199人","総数"
"105-2024","783","09","0","00000","2024000000","人","474","従業者数_うち常用雇用者","美容業","200～299人","総数"
"105-2024","783","10","0","00000","2024000000","人","***","従業者数_うち常用雇用者","美容業","300人以上","総数"
"105-2024","784","00","0","00000","2024000000","人","7503","従業者数_うち常用雇用者","一般公衆浴場業","総数","総数"
"105-2024","784","01","0","00000","2024000000","人","***","従業者数_うち常用雇用者","一般公衆浴場業","0人","総数"
"105-2024","784","02","0","00000","2024000000","人","1979","従業者数_うち常用雇用者","一般公衆浴場業","1～4人","総数"
"105-2024","784","03","0","00000","2024000000","人","1443","従業者数_うち常用雇用者","一般公衆浴場業","5～9人","総数"
"105-2024","784","04","0","00000","2024000000","人","1807","従業者数_うち常用雇用者","一般公衆浴場業","10～19人","総数"
"105-2024","784","05","0","00000","2024000000","人","767","従業者数_うち常用雇用者","一般公衆浴場業","20～29人","総数"
"105-2024","784","06","0","00000","2024000000","人","951","従業者数_うち常用雇用者","一般公衆浴場業","30～49人","総数"
"105-2024","784","07","0","00000","2024000000","人","556","従業者数_うち常用雇用者","一般公衆浴場業","50～99人","総数"
"105-2024","784","08","0","00000","2024000000","人","***","従業者数_うち常用雇用者","一般公衆浴場業","100～199人","総数"
"105-2024","784","09","0","00000","2024000000","人","***","従業者数_うち常用雇用者","一般公衆浴場業","200～299人","総数"
"105-2024","784","10","0","00000","2024000000","人","***","従業者数_うち常用雇用者","一般公衆浴場業","300人以上","総数"
"105-2024","785","00","0","00000","2024000000","人","47853","従業者数_うち常用雇用者","その他の公衆浴場業","総数","総数"
"105-2024","785","01","0","00000","2024000000","人","***","従業者数_うち常用雇用者","その他の公衆浴場業","0人","総数"
"105-2024","785","02","0","00000","2024000000","人","1218","従業者数_うち常用雇用者","その他の公衆浴場業","1～4人","総数"
"105-2024","785","03","0","00000","2024000000","人","2703","従業者数_うち常用雇用者","その他の公衆浴場業","5～9人","総数"
"105-2024","785","04","0","00000","2024000000","人","5870","従業者数_うち常用雇用者","その他の公衆浴場業","10～19人","総数"
"105-2024","785","05","0","00000","2024000000","人","4916","従業者数_うち常用雇用者","その他の公衆浴場業","20～29人","総数"
"105-2024","785","06","0","00000","2024000000","人","10327","従業者数_うち常用雇用者","その他の公衆浴場業","30～49人","総数"
"105-2024","785","07","0","00000","2024000000","人","14833","従業者数_うち常用雇用者","その他の公衆浴場業","50～99人","総数"
"105-2024","785","08","0","00000","2024000000","人","6816","従業者数_うち常用雇用者","その他の公衆浴場業","100～199人","総数"
"105-2024","785","09","0","00000","2024000000","人","718","従業者数_うち常用雇用者","その他の公衆浴場業","200～299人","総数"
"105-2024","785","10","0","00000","2024000000","人","452","従業者数_うち常用雇用者","その他の公衆浴場業","300人以上","総数"
"105-2024","789","00","0","00000","2024000000","人","72045","従業者数_うち常用雇用者","その他の洗濯・理容・美容・浴場業","総数","総数"
"105-2024","789","01","0","00000","2024000000","人","***","従業者数_うち常用雇用者","その他の洗濯・理容・美容・浴場業","0人","総数"
"105-2024","789","02","0","00000","2024000000","人","21548","従業者数_うち常用雇用者","その他の洗濯・理容・美容・浴場業","1～4人","総数"
"105-2024","789","03","0","00000","2024000000","人","19775","従業者数_うち常用雇用者","その他の洗濯・理容・美容・浴場業","5～9人","総数"
"105-2024","789","04","0","00000","2024000000","人","14219","従業者数_うち常用雇用者","その他の洗濯・理容・美容・浴場業","10～19人","総数"
"105-2024","789","05","0","00000","2024000000","人","3767","従業者数_うち常用雇用者","その他の洗濯・理容・美容・浴場業","20～29人","総数"
"105-2024","789","06","0","00000","2024000000","人","3015","従業者数_うち常用雇用者","その他の洗濯・理容・美容・浴場業","30～49人","総数"
"105-2024","789","07","0","00000","2024000000","人","2918","従業者数_うち常用雇用者","その他の洗濯・理容・美容・浴場業","50～99人","総数"
"105-2024","789","08","0","00000","2024000000","人","1497","従業者数_うち常用雇用者","その他の洗濯・理容・美容・浴場業","100～199人","総数"
"105-2024","789","09","0","00000","2024000000","人","464","従業者数_うち常用雇用者","その他の洗濯・理容・美容・浴場業","200～299人","総数"
"105-2024","789","10","0","00000","2024000000","人","4842","従業者数_うち常用雇用者","その他の洗濯・理容・美容・浴場業","300人以上","総数"
"105-2024","78C","00","0","00000","2024000000","人","582","従業者数_うち常用雇用者","洗張・染物業","総数","総数"
"105-2024","78C","01","0","00000","2024000000","人","***","従業者数_うち常用雇用者","洗張・染物業","0人","総数"
"105-2024","78C","02","0","00000","2024000000","人","261","従業者数_うち常用雇用者","洗張・染物業","1～4人","総数"
"105-2024","78C","03","0","00000","2024000000","人","37","従業者数_うち常用雇用者","洗張・染物業","5～9人","総数"
"105-2024","78C","04","0","00000","2024000000","人","87","従業者数_うち常用雇用者","洗張・染物業","10～19人","総数"
"105-2024","78C","05","0","00000","2024000000","人","54","従業者数_うち常用雇用者","洗張・染物業","20～29人","総数"
"105-2024","78C","06","0","00000","2024000000","人","***","従業者数_うち常用雇用者","洗張・染物業","30～49人","総数"
"105-2024","78C","07","0","00000","2024000000","人","143","従業者数_うち常用雇用者","洗張・染物業","50～99人","総数"
"105-2024","78C","08","0","00000","2024000000","人","***","従業者数_うち常用雇用者","洗張・染物業","100～199人","総数"
"105-2024","78C","09","0","00000","2024000000","人","***","従業者数_うち常用雇用者","洗張・染物業","200～299人","総数"
"105-2024","78C","10","0","00000","2024000000","人","***","従業者数_うち常用雇用者","洗張・染物業","300人以上","総数"
"105-2024","78D","00","0","00000","2024000000","人","71463","従業者数_うち常用雇用者","他に分類されない洗濯・理容・美容・浴場業","総数","総数"
"105-2024","78D","01","0","00000","2024000000","人","***","従業者数_うち常用雇用者","他に分類されない洗濯・理容・美容・浴場業","0人","総数"
"105-2024","78D","02","0","00000","2024000000","人","21287","従業者数_うち常用雇用者","他に分類されない洗濯・理容・美容・浴場業","1～4人","総数"
"105-2024","78D","03","0","00000","2024000000","人","19738","従業者数_うち常用雇用者","他に分類されない洗濯・理容・美容・浴場業","5～9人","総数"
"105-2024","78D","04","0","00000","2024000000","人","14132","従業者数_うち常用雇用者","他に分類されない洗濯・理容・美容・浴場業","10～19人","総数"
"105-2024","78D","05","0","00000","2024000000","人","3713","従業者数_うち常用雇用者","他に分類されない洗濯・理容・美容・浴場業","20～29人","総数"
"105-2024","78D","06","0","00000","2024000000","人","3015","従業者数_うち常用雇用者","他に分類されない洗濯・理容・美容・浴場業","30～49人","総数"
"105-2024","78D","07","0","00000","2024000000","人","2775","従業者数_うち常用雇用者","他に分類されない洗濯・理容・美容・浴場業","50～99人","総数"
"105-2024","78D","08","0","00000","2024000000","人","1497","従業者数_うち常用雇用者","他に分類されない洗濯・理容・美容・浴場業","100～199人","総数"
"105-2024","78D","09","0","00000","2024000000","人","464","従業者数_うち常用雇用者","他に分類されない洗濯・理容・美容・浴場業","200～299人","総数"
"105-2024","78D","10","0","00000","2024000000","人","4842","従業者数_うち常用雇用者","他に分類されない洗濯・理容・美容・浴場業","300人以上","総数"
"105-2024","79","00","0","00000","2024000000","人","350381","従業者数_うち常用雇用者","その他の生活関連サービス業","総数","総数"
"105-2024","79","01","0","00000","2024000000","人","***","従業者数_うち常用雇用者","その他の生活関連サービス業","0人","総数"
"105-2024","79","02","0","00000","2024000000","人","55118","従業者数_うち常用雇用者","その他の生活関連サービス業","1～4人","総数"
"105-2024","79","03","0","00000","2024000000","人","47009","従業者数_うち常用雇用者","その他の生活関連サービス業","5～9人","総数"
"105-2024","79","04","0","00000","2024000000","人","49494","従業者数_うち常用雇用者","その他の生活関連サービス業","10～19人","総数"
"105-2024","79","05","0","00000","2024000000","人","27447","従業者数_うち常用雇用者","その他の生活関連サービス業","20～29人","総数"
"105-2024","79","06","0","00000","2024000000","人","35636","従業者数_うち常用雇用者","その他の生活関連サービス業","30～49人","総数"
"105-2024","79","07","0","00000","2024000000","人","33307","従業者数_うち常用雇用者","その他の生活関連サービス業","50～99人","総数"
"105-2024","79","08","0","00000","2024000000","人","28531","従業者数_うち常用雇用者","その他の生活関連サービス業","100～199人","総数"
"105-2024","79","09","0","00000","2024000000","人","12183","従業者数_うち常用雇用者","その他の生活関連サービス業","200～299人","総数"
"105-2024","79","10","0","00000","2024000000","人","61656","従業者数_うち常用雇用者","その他の生活関連サービス業","300人以上","総数"
"105-2024","790","00","0","00000","2024000000","人","3338","従業者数_うち常用雇用者","管理、補助的経済活動を行う事業所（79_その他の生活関連サービス業）","総数","総数"
"105-2024","790","01","0","00000","2024000000","人","***","従業者数_うち常用雇用者","管理、補助的経済活動を行う事業所（79_その他の生活関連サービス業）","0人","総数"
"105-2024","790","02","0","00000","2024000000","人","235","従業者数_うち常用雇用者","管理、補助的経済活動を行う事業所（79_その他の生活関連サービス業）","1～4人","総数"
"105-2024","790","03","0","00000","2024000000","人","318","従業者数_うち常用雇用者","管理、補助的経済活動を行う事業所（79_その他の生活関連サービス業）","5～9人","総数"
"105-2024","790","04","0","00000","2024000000","人","492","従業者数_うち常用雇用者","管理、補助的経済活動を行う事業所（79_その他の生活関連サービス業）","10～19人","総数"
"105-2024","790","05","0","00000","2024000000","人","313","従業者数_うち常用雇用者","管理、補助的経済活動を行う事業所（79_その他の生活関連サービス業）","20～29人","総数"
"105-2024","790","06","0","00000","2024000000","人","673","従業者数_うち常用雇用者","管理、補助的経済活動を行う事業所（79_その他の生活関連サービス業）","30～49人","総数"
"105-2024","790","07","0","00000","2024000000","人","1002","従業者数_うち常用雇用者","管理、補助的経済活動を行う事業所（79_その他の生活関連サービス業）","50～99人","総数"
"105-2024","790","08","0","00000","2024000000","人","305","従業者数_うち常用雇用者","管理、補助的経済活動を行う事業所（79_その他の生活関連サービス業）","100～199人","総数"
"105-2024","790","09","0","00000","2024000000","人","***","従業者数_うち常用雇用者","管理、補助的経済活動を行う事業所（79_その他の生活関連サービス業）","200～299人","総数"
"105-2024","790","10","0","00000","2024000000","人","***","従業者数_うち常用雇用者","管理、補助的経済活動を行う事業所（79_その他の生活関連サービス業）","300人以上","総数"
"105-2024","791","00","0","00000","2024000000","人","66663","従業者数_うち常用雇用者","旅行業","総数","総数"
"105-2024","791","01","0","00000","2024000000","人","***","従業者数_うち常用雇用者","旅行業","0人","総数"
"105-2024","791","02","0","00000","2024000000","人","6444","従業者数_うち常用雇用者","旅行業","1～4人","総数"
"105-2024","791","03","0","00000","2024000000","人","7938","従業者数_うち常用雇用者","旅行業","5～9人","総数"
"105-2024","791","04","0","00000","2024000000","人","8566","従業者数_うち常用雇用者","旅行業","10～19人","総数"
"105-2024","791","05","0","00000","2024000000","人","4581","従業者数_うち常用雇用者","旅行業","20～29人","総数"
"105-2024","791","06","0","00000","2024000000","人","6304","従業者数_うち常用雇用者","旅行業","30～49人","総数"
"105-2024","791","07","0","00000","2024000000","人","6154","従業者数_うち常用雇用者","旅行業","50～99人","総数"
"105-2024","791","08","0","00000","2024000000","人","7394","従業者数_うち常用雇用者","旅行業","100～199人","総数"
"105-2024","791","09","0","00000","2024000000","人","2158","従業者数_うち常用雇用者","旅行業","200～299人","総数"
"105-2024","791","10","0","00000","2024000000","人","17124","従業者数_うち常用雇用者","旅行業","300人以上","総数"
"105-2024","793","00","0","00000","2024000000","人","9457","従業者数_うち常用雇用者","衣服裁縫修理業","総数","総数"
"105-2024","793","01","0","00000","2024000000","人","***","従業者数_うち常用雇用者","衣服裁縫修理業","0人","総数"
"105-2024","793","02","0","00000","2024000000","人","3202","従業者数_うち常用雇用者","衣服裁縫修理業","1～4人","総数"
"105-2024","793","03","0","00000","2024000000","人","2071","従業者数_うち常用雇用者","衣服裁縫修理業","5～9人","総数"
"105-2024","793","04","0","00000","2024000000","人","1354","従業者数_うち常用雇用者","衣服裁縫修理業","10～19人","総数"
"105-2024","793","05","0","00000","2024000000","人","572","従業者数_うち常用雇用者","衣服裁縫修理業","20～29人","総数"
"105-2024","793","06","0","00000","2024000000","人","1151","従業者数_うち常用雇用者","衣服裁縫修理業","30～49人","総数"
"105-2024","793","07","0","00000","2024000000","人","310","従業者数_うち常用雇用者","衣服裁縫修理業","50～99人","総数"
"105-2024","793","08","0","00000","2024000000","人","550","従業者数_うち常用雇用者","衣服裁縫修理業","100～199人","総数"
"105-2024","793","09","0","00000","2024000000","人","247","従業者数_うち常用雇用者","衣服裁縫修理業","200～299人","総数"
"105-2024","793","10","0","00000","2024000000","人","***","従業者数_うち常用雇用者","衣服裁縫修理業","300人以上","総数"
"105-2024","794","00","0","00000","2024000000","人","10601","従業者数_うち常用雇用者","物品預り業","総数","総数"
"105-2024","794","01","0","00000","2024000000","人","***","従業者数_うち常用雇用者","物品預り業","0人","総数"
"105-2024","794","02","0","00000","2024000000","人","1399","従業者数_うち常用雇用者","物品預り業","1～4人","総数"
"105-2024","794","03","0","00000","2024000000","人","3834","従業者数_うち常用雇用者","物品預り業","5～9人","総数"
"105-2024","794","04","0","00000","2024000000","人","2544","従業者数_うち常用雇用者","物品預り業","10～19人","総数"
"105-2024","794","05","0","00000","2024000000","人","557","従業者数_うち常用雇用者","物品預り業","20～29人","総数"
"105-2024","794","06","0","00000","2024000000","人","810","従業者数_うち常用雇用者","物品預り業","30～49人","総数"
"105-2024","794","07","0","00000","2024000000","人","612","従業者数_うち常用雇用者","物品預り業","50～99人","総数"
"105-2024","794","08","0","00000","2024000000","人","431","従業者数_うち常用雇用者","物品預り業","100～199人","総数"
"105-2024","794","09","0","00000","2024000000","人","414","従業者数_うち常用雇用者","物品預り業","200～299人","総数"
"105-2024","794","10","0","00000","2024000000","人","***","従業者数_うち常用雇用者","物品預り業","300人以上","総数"
"105-2024","795","00","0","00000","2024000000","人","7580","従業者数_うち常用雇用者","火葬・墓地管理業","総数","総数"
"105-2024","795","01","0","00000","2024000000","人","***","従業者数_うち常用雇用者","火葬・墓地管理業","0人","総数"
"105-2024","795","02","0","00000","2024000000","人","1617","従業者数_うち常用雇用者","火葬・墓地管理業","1～4人","総数"
"105-2024","795","03","0","00000","2024000000","人","1666","従業者数_うち常用雇用者","火葬・墓地管理業","5～9人","総数"
"105-2024","795","04","0","00000","2024000000","人","1413","従業者数_うち常用雇用者","火葬・墓地管理業","10～19人","総数"
"105-2024","795","05","0","00000","2024000000","人","659","従業者数_うち常用雇用者","火葬・墓地管理業","20～29人","総数"
"105-2024","795","06","0","00000","2024000000","人","757","従業者数_うち常用雇用者","火葬・墓地管理業","30～49人","総数"
"105-2024","795","07","0","00000","2024000000","人","587","従業者数_うち常用雇用者","火葬・墓地管理業","50～99人","総数"
"105-2024","795","08","0","00000","2024000000","人","584","従業者数_うち常用雇用者","火葬・墓地管理業","100～199人","総数"
"105-2024","795","09","0","00000","2024000000","人","297","従業者数_うち常用雇用者","火葬・墓地管理業","200～299人","総数"
"105-2024","795","10","0","00000","2024000000","人","***","従業者数_うち常用雇用者","火葬・墓地管理業","300人以上","総数"
"105-2024","796","00","0","00000","2024000000","人","119309","従業者数_うち常用雇用者","冠婚葬祭業","総数","総数"
"105-2024","796","01","0","00000","2024000000","人","***","従業者数_うち常用雇用者","冠婚葬祭業","0人","総数"
"105-2024","796","02","0","00000","2024000000","人","12458","従業者数_うち常用雇用者","冠婚葬祭業","1～4人","総数"
"105-2024","796","03","0","00000","2024000000","人","15609","従業者数_うち常用雇用者","冠婚葬祭業","5～9人","総数"
"105-2024","796","04","0","00000","2024000000","人","20342","従業者数_うち常用雇用者","冠婚葬祭業","10～19人","総数"
"105-2024","796","05","0","00000","2024000000","人","13140","従業者数_うち常用雇用者","冠婚葬祭業","20～29人","総数"
"105-2024","796","06","0","00000","2024000000","人","17557","従業者数_うち常用雇用者","冠婚葬祭業","30～49人","総数"
"105-2024","796","07","0","00000","2024000000","人","18996","従業者数_うち常用雇用者","冠婚葬祭業","50～99人","総数"
"105-2024","796","08","0","00000","2024000000","人","14577","従業者数_うち常用雇用者","冠婚葬祭業","100～199人","総数"
"105-2024","796","09","0","00000","2024000000","人","4387","従業者数_うち常用雇用者","冠婚葬祭業","200～299人","総数"
"105-2024","796","10","0","00000","2024000000","人","2243","従業者数_うち常用雇用者","冠婚葬祭業","300人以上","総数"
"105-2024","79A","00","0","00000","2024000000","人","73268","従業者数_うち常用雇用者","葬儀業","総数","総数"
"105-2024","79A","01","0","00000","2024000000","人","***","従業者数_うち常用雇用者","葬儀業","0人","総数"
"105-2024","79A","02","0","00000","2024000000","人","11406","従業者数_うち常用雇用者","葬儀業","1～4人","総数"
"105-2024","79A","03","0","00000","2024000000","人","13019","従業者数_うち常用雇用者","葬儀業","5～9人","総数"
"105-2024","79A","04","0","00000","2024000000","人","14444","従業者数_うち常用雇用者","葬儀業","10～19人","総数"
"105-2024","79A","05","0","00000","2024000000","人","8547","従業者数_うち常用雇用者","葬儀業","20～29人","総数"
"105-2024","79A","06","0","00000","2024000000","人","9125","従業者数_うち常用雇用者","葬儀業","30～49人","総数"
"105-2024","79A","07","0","00000","2024000000","人","9036","従業者数_うち常用雇用者","葬儀業","50～99人","総数"
"105-2024","79A","08","0","00000","2024000000","人","5135","従業者数_うち常用雇用者","葬儀業","100～199人","総数"
"105-2024","79A","09","0","00000","2024000000","人","1661","従業者数_うち常用雇用者","葬儀業","200～299人","総数"
"105-2024","79A","10","0","00000","2024000000","人","895","従業者数_うち常用雇用者","葬儀業","300人以上","総数"
"105-2024","79B","00","0","00000","2024000000","人","38251","従業者数_うち常用雇用者","結婚式場業","総数","総数"
"105-2024","79B","01","0","00000","2024000000","人","***","従業者数_うち常用雇用者","結婚式場業","0人","総数"
"105-2024","79B","02","0","00000","2024000000","人","368","従業者数_うち常用雇用者","結婚式場業","1～4人","総数"
"105-2024","79B","03","0","00000","2024000000","人","1279","従業者数_うち常用雇用者","結婚式場業","5～9人","総数"
"105-2024","79B","04","0","00000","2024000000","人","4160","従業者数_うち常用雇用者","結婚式場業","10～19人","総数"
"105-2024","79B","05","0","00000","2024000000","人","3641","従業者数_うち常用雇用者","結婚式場業","20～29人","総数"
"105-2024","79B","06","0","00000","2024000000","人","7126","従業者数_うち常用雇用者","結婚式場業","30～49人","総数"
"105-2024","79B","07","0","00000","2024000000","人","9016","従業者数_うち常用雇用者","結婚式場業","50～99人","総数"
"105-2024","79B","08","0","00000","2024000000","人","8805","従業者数_うち常用雇用者","結婚式場業","100～199人","総数"
"105-2024","79B","09","0","00000","2024000000","人","2508","従業者数_うち常用雇用者","結婚式場業","200～299人","総数"
"105-2024","79B","10","0","00000","2024000000","人","1348","従業者数_うち常用雇用者","結婚式場業","300人以上","総数"
"105-2024","79C","00","0","00000","2024000000","人","7790","従業者数_うち常用雇用者","冠婚葬祭互助会","総数","総数"
"105-2024","79C","01","0","00000","2024000000","人","***","従業者数_うち常用雇用者","冠婚葬祭互助会","0人","総数"
"105-2024","79C","02","0","00000","2024000000","人","684","従業者数_うち常用雇用者","冠婚葬祭互助会","1～4人","総数"
"105-2024","79C","03","0","00000","2024000000","人","1311","従業者数_うち常用雇用者","冠婚葬祭互助会","5～9人","総数"
"105-2024","79C","04","0","00000","2024000000","人","1738","従業者数_うち常用雇用者","冠婚葬祭互助会","10～19人","総数"
"105-2024","79C","05","0","00000","2024000000","人","952","従業者数_うち常用雇用者","冠婚葬祭互助会","20～29人","総数"
"105-2024","79C","06","0","00000","2024000000","人","1306","従業者数_うち常用雇用者","冠婚葬祭互助会","30～49人","総数"
"105-2024","79C","07","0","00000","2024000000","人","944","従業者数_うち常用雇用者","冠婚葬祭互助会","50～99人","総数"
"105-2024","79C","08","0","00000","2024000000","人","637","従業者数_うち常用雇用者","冠婚葬祭互助会","100～199人","総数"
"105-2024","79C","09","0","00000","2024000000","人","218","従業者数_うち常用雇用者","冠婚葬祭互助会","200～299人","総数"
"105-2024","79C","10","0","00000","2024000000","人","***","従業者数_うち常用雇用者","冠婚葬祭互助会","300人以上","総数"
"105-2024","799","00","0","00000","2024000000","人","133433","従業者数_うち常用雇用者","他に分類されない生活関連サービス業","総数","総数"
"105-2024","799","01","0","00000","2024000000","人","***","従業者数_うち常用雇用者","他に分類されない生活関連サービス業","0人","総数"
"105-2024","799","02","0","00000","2024000000","人","29763","従業者数_うち常用雇用者","他に分類されない生活関連サービス業","1～4人","総数"
"105-2024","799","03","0","00000","2024000000","人","15573","従業者数_うち常用雇用者","他に分類されない生活関連サービス業","5～9人","総数"
"105-2024","799","04","0","00000","2024000000","人","14783","従業者数_うち常用雇用者","他に分類されない生活関連サービス業","10～19人","総数"
"105-2024","799","05","0","00000","2024000000","人","7625","従業者数_うち常用雇用者","他に分類されない生活関連サービス業","20～29人","総数"
"105-2024","799","06","0","00000","2024000000","人","8384","従業者数_うち常用雇用者","他に分類されない生活関連サービス業","30～49人","総数"
"105-2024","799","07","0","00000","2024000000","人","5646","従業者数_うち常用雇用者","他に分類されない生活関連サービス業","50～99人","総数"
"105-2024","799","08","0","00000","2024000000","人","4690","従業者数_うち常用雇用者","他に分類されない生活関連サービス業","100～199人","総数"
"105-2024","799","09","0","00000","2024000000","人","4680","従業者数_うち常用雇用者","他に分類されない生活関連サービス業","200～299人","総数"
"105-2024","799","10","0","00000","2024000000","人","42289","従業者数_うち常用雇用者","他に分類されない生活関連サービス業","300人以上","総数"
"105-2024","79D","00","0","00000","2024000000","人","5069","従業者数_うち常用雇用者","写真プリント、現像・焼付業","総数","総数"
"105-2024","79D","01","0","00000","2024000000","人","***","従業者数_うち常用雇用者","写真プリント、現像・焼付業","0人","総数"
"105-2024","79D","02","0","00000","2024000000","人","1104","従業者数_うち常用雇用者","写真プリント、現像・焼付業","1～4人","総数"
"105-2024","79D","03","0","00000","2024000000","人","597","従業者数_うち常用雇用者","写真プリント、現像・焼付業","5～9人","総数"
"105-2024","79D","04","0","00000","2024000000","人","491","従業者数_うち常用雇用者","写真プリント、現像・焼付業","10～19人","総数"
"105-2024","79D","05","0","00000","2024000000","人","422","従業者数_うち常用雇用者","写真プリント、現像・焼付業","20～29人","総数"
"105-2024","79D","06","0","00000","2024000000","人","453","従業者数_うち常用雇用者","写真プリント、現像・焼付業","30～49人","総数"
"105-2024","79D","07","0","00000","2024000000","人","699","従業者数_うち常用雇用者","写真プリント、現像・焼付業","50～99人","総数"
"105-2024","79D","08","0","00000","2024000000","人","349","従業者数_うち常用雇用者","写真プリント、現像・焼付業","100～199人","総数"
"105-2024","79D","09","0","00000","2024000000","人","477","従業者数_うち常用雇用者","写真プリント、現像・焼付業","200～299人","総数"
"105-2024","79D","10","0","00000","2024000000","人","477","従業者数_うち常用雇用者","写真プリント、現像・焼付業","300人以上","総数"
"105-2024","79E","00","0","00000","2024000000","人","128364","従業者数_うち常用雇用者","他に分類されないその他の生活関連サービス業","総数","総数"
"105-2024","79E","01","0","00000","2024000000","人","***","従業者数_うち常用雇用者","他に分類されないその他の生活関連サービス業","0人","総数"
"105-2024","79E","02","0","00000","2024000000","人","28659","従業者数_うち常用雇用者","他に分類されないその他の生活関連サービス業","1～4人","総数"
"105-2024","79E","03","0","00000","2024000000","人","14976","従業者数_うち常用雇用者","他に分類されないその他の生活関連サービス業","5～9人","総数"
"105-2024","79E","04","0","00000","2024000000","人","14292","従業者数_うち常用雇用者","他に分類されないその他の生活関連サービス業","10～19人","総数"
"105-2024","79E","05","0","00000","2024000000","人","7203","従業者数_うち常用雇用者","他に分類されないその他の生活関連サービス業","20～29人","総数"
"105-2024","79E","06","0","00000","2024000000","人","7931","従業者数_うち常用雇用者","他に分類されないその他の生活関連サービス業","30～49人","総数"
"105-2024","79E","07","0","00000","2024000000","人","4947","従業者数_うち常用雇用者","他に分類されないその他の生活関連サービス業","50～99人","総数"
"105-2024","79E","08","0","00000","2024000000","人","4341","従業者数_うち常用雇用者","他に分類されないその他の生活関連サービス業","100～199人","総数"
"105-2024","79E","09","0","00000","2024000000","人","4203","従業者数_うち常用雇用者","他に分類されないその他の生活関連サービス業","200～299人","総数"
"105-2024","79E","10","0","00000","2024000000","人","41812","従業者数_うち常用雇用者","他に分類されないその他の生活関連サービス業","300人以上","総数"
"105-2024","80","00","0","00000","2024000000","人","687370","従業者数_うち常用雇用者","娯楽業","総数","総数"
"105-2024","80","01","0","00000","2024000000","人","***","従業者数_うち常用雇用者","娯楽業","0人","総数"
"105-2024","80","02","0","00000","2024000000","人","34040","従業者数_うち常用雇用者","娯楽業","1～4人","総数"
"105-2024","80","03","0","00000","2024000000","人","54587","従業者数_うち常用雇用者","娯楽業","5～9人","総数"
"105-2024","80","04","0","00000","2024000000","人","131669","従業者数_うち常用雇用者","娯楽業","10～19人","総数"
"105-2024","80","05","0","00000","2024000000","人","108291","従業者数_うち常用雇用者","娯楽業","20～29人","総数"
"105-2024","80","06","0","00000","2024000000","人","124950","従業者数_うち常用雇用者","娯楽業","30～49人","総数"
"105-2024","80","07","0","00000","2024000000","人","110401","従業者数_うち常用雇用者","娯楽業","50～99人","総数"
"105-2024","80","08","0","00000","2024000000","人","57830","従業者数_うち常用雇用者","娯楽業","100～199人","総数"
"105-2024","80","09","0","00000","2024000000","人","13852","従業者数_うち常用雇用者","娯楽業","200～299人","総数"
"105-2024","80","10","0","00000","2024000000","人","51750","従業者数_うち常用雇用者","娯楽業","300人以上","総数"
"105-2024","800","00","0","00000","2024000000","人","10705","従業者数_うち常用雇用者","管理、補助的経済活動を行う事業所（80_娯楽業）","総数","総数"
"105-2024","800","01","0","00000","2024000000","人","***","従業者数_うち常用雇用者","管理、補助的経済活動を行う事業所（80_娯楽業）","0人","総数"
"105-2024","800","02","0","00000","2024000000","人","744","従業者数_うち常用雇用者","管理、補助的経済活動を行う事業所（80_娯楽業）","1～4人","総数"
"105-2024","800","03","0","00000","2024000000","人","788","従業者数_うち常用雇用者","管理、補助的経済活動を行う事業所（80_娯楽業）","5～9人","総数"
"105-2024","800","04","0","00000","2024000000","人","1310","従業者数_うち常用雇用者","管理、補助的経済活動を行う事業所（80_娯楽業）","10～19人","総数"
"105-2024","800","05","0","00000","2024000000","人","1001","従業者数_うち常用雇用者","管理、補助的経済活動を行う事業所（80_娯楽業）","20～29人","総数"
"105-2024","800","06","0","00000","2024000000","人","829","従業者数_うち常用雇用者","管理、補助的経済活動を行う事業所（80_娯楽業）","30～49人","総数"
"105-2024","800","07","0","00000","2024000000","人","1451","従業者数_うち常用雇用者","管理、補助的経済活動を行う事業所（80_娯楽業）","50～99人","総数"
"105-2024","800","08","0","00000","2024000000","人","419","従業者数_うち常用雇用者","管理、補助的経済活動を行う事業所（80_娯楽業）","100～199人","総数"
"105-2024","800","09","0","00000","2024000000","人","1440","従業者数_うち常用雇用者","管理、補助的経済活動を行う事業所（80_娯楽業）","200～299人","総数"
"105-2024","800","10","0","00000","2024000000","人","2723","従業者数_うち常用雇用者","管理、補助的経済活動を行う事業所（80_娯楽業）","300人以上","総数"
"105-2024","801","00","0","00000","2024000000","人","20659","従業者数_うち常用雇用者","映画館","総数","総数"
"105-2024","801","01","0","00000","2024000000","人","***","従業者数_うち常用雇用者","映画館","0人","総数"
"105-2024","801","02","0","00000","2024000000","人","173","従業者数_うち常用雇用者","映画館","1～4人","総数"
"105-2024","801","03","0","00000","2024000000","人","348","従業者数_うち常用雇用者","映画館","5～9人","総数"
"105-2024","801","04","0","00000","2024000000","人","539","従業者数_うち常用雇用者","映画館","10～19人","総数"
"105-2024","801","05","0","00000","2024000000","人","1621","従業者数_うち常用雇用者","映画館","20～29人","総数"
"105-2024","801","06","0","00000","2024000000","人","5297","従業者数_うち常用雇用者","映画館","30～49人","総数"
"105-2024","801","07","0","00000","2024000000","人","8194","従業者数_うち常用雇用者","映画館","50～99人","総数"
"105-2024","801","08","0","00000","2024000000","人","4032","従業者数_うち常用雇用者","映画館","100～199人","総数"
"105-2024","801","09","0","00000","2024000000","人","455","従業者数_うち常用雇用者","映画館","200～299人","総数"
"105-2024","801","10","0","00000","2024000000","人","***","従業者数_うち常用雇用者","映画館","300人以上","総数"
"105-2024","802","00","0","00000","2024000000","人","37100","従業者数_うち常用雇用者","興行場（別掲を除く）、興行団","総数","総数"
"105-2024","802","01","0","00000","2024000000","人","***","従業者数_うち常用雇用者","興行場（別掲を除く）、興行団","0人","総数"
"105-2024","802","02","0","00000","2024000000","人","4367","従業者数_うち常用雇用者","興行場（別掲を除く）、興行団","1～4人","総数"
"105-2024","802","03","0","00000","2024000000","人","3703","従業者数_うち常用雇用者","興行場（別掲を除く）、興行団","5～9人","総数"
"105-2024","802","04","0","00000","2024000000","人","4591","従業者数_うち常用雇用者","興行場（別掲を除く）、興行団","10～19人","総数"
"105-2024","802","05","0","00000","2024000000","人","2785","従業者数_うち常用雇用者","興行場（別掲を除く）、興行団","20～29人","総数"
"105-2024","802","06","0","00000","2024000000","人","4519","従業者数_うち常用雇用者","興行場（別掲を除く）、興行団","30～49人","総数"
"105-2024","802","07","0","00000","2024000000","人","6306","従業者数_うち常用雇用者","興行場（別掲を除く）、興行団","50～99人","総数"
"105-2024","802","08","0","00000","2024000000","人","4180","従業者数_うち常用雇用者","興行場（別掲を除く）、興行団","100～199人","総数"
"105-2024","802","09","0","00000","2024000000","人","1726","従業者数_うち常用雇用者","興行場（別掲を除く）、興行団","200～299人","総数"
"105-2024","802","10","0","00000","2024000000","人","4923","従業者数_うち常用雇用者","興行場（別掲を除く）、興行団","300人以上","総数"
"105-2024","803","00","0","00000","2024000000","人","11389","従業者数_うち常用雇用者","競輪・競馬等の競走場、競技団","総数","総数"
"105-2024","803","01","0","00000","2024000000","人","***","従業者数_うち常用雇用者","競輪・競馬等の競走場、競技団","0人","総数"
"105-2024","803","02","0","00000","2024000000","人","352","従業者数_うち常用雇用者","競輪・競馬等の競走場、競技団","1～4人","総数"
"105-2024","803","03","0","00000","2024000000","人","825","従業者数_うち常用雇用者","競輪・競馬等の競走場、競技団","5～9人","総数"
"105-2024","803","04","0","00000","2024000000","人","2012","従業者数_うち常用雇用者","競輪・競馬等の競走場、競技団","10～19人","総数"
"105-2024","803","05","0","00000","2024000000","人","1110","従業者数_うち常用雇用者","競輪・競馬等の競走場、競技団","20～29人","総数"
"105-2024","803","06","0","00000","2024000000","人","1132","従業者数_うち常用雇用者","競輪・競馬等の競走場、競技団","30～49人","総数"
"105-2024","803","07","0","00000","2024000000","人","2232","従業者数_うち常用雇用者","競輪・競馬等の競走場、競技団","50～99人","総数"
"105-2024","803","08","0","00000","2024000000","人","1289","従業者数_うち常用雇用者","競輪・競馬等の競走場、競技団","100～199人","総数"
"105-2024","803","09","0","00000","2024000000","人","677","従業者数_うち常用雇用者","競輪・競馬等の競走場、競技団","200～299人","総数"
"105-2024","803","10","0","00000","2024000000","人","1760","従業者数_うち常用雇用者","競輪・競馬等の競走場、競技団","300人以上","総数"
"105-2024","804","00","0","00000","2024000000","人","274645","従業者数_うち常用雇用者","スポーツ施設提供業","総数","総数"
"105-2024","804","01","0","00000","2024000000","人","***","従業者数_うち常用雇用者","スポーツ施設提供業","0人","総数"
"105-2024","804","02","0","00000","2024000000","人","16978","従業者数_うち常用雇用者","スポーツ施設提供業","1～4人","総数"
"105-2024","804","03","0","00000","2024000000","人","24665","従業者数_うち常用雇用者","スポーツ施設提供業","5～9人","総数"
"105-2024","804","04","0","00000","2024000000","人","37021","従業者数_うち常用雇用者","スポーツ施設提供業","10～19人","総数"
"105-2024","804","05","0","00000","2024000000","人","30340","従業者数_うち常用雇用者","スポーツ施設提供業","20～29人","総数"
"105-2024","804","06","0","00000","2024000000","人","55462","従業者数_うち常用雇用者","スポーツ施設提供業","30～49人","総数"
"105-2024","804","07","0","00000","2024000000","人","67246","従業者数_うち常用雇用者","スポーツ施設提供業","50～99人","総数"
"105-2024","804","08","0","00000","2024000000","人","35976","従業者数_うち常用雇用者","スポーツ施設提供業","100～199人","総数"
"105-2024","804","09","0","00000","2024000000","人","5120","従業者数_うち常用雇用者","スポーツ施設提供業","200～299人","総数"
"105-2024","804","10","0","00000","2024000000","人","1837","従業者数_うち常用雇用者","スポーツ施設提供業","300人以上","総数"
"105-2024","80A","00","0","00000","2024000000","人","40222","従業者数_うち常用雇用者","スポーツ施設提供業（別掲を除く）","総数","総数"
"105-2024","80A","01","0","00000","2024000000","人","***","従業者数_うち常用雇用者","スポーツ施設提供業（別掲を除く）","0人","総数"
"105-2024","80A","02","0","00000","2024000000","人","2808","従業者数_うち常用雇用者","スポーツ施設提供業（別掲を除く）","1～4人","総数"
"105-2024","80A","03","0","00000","2024000000","人","4974","従業者数_うち常用雇用者","スポーツ施設提供業（別掲を除く）","5～9人","総数"
"105-2024","80A","04","0","00000","2024000000","人","7139","従業者数_うち常用雇用者","スポーツ施設提供業（別掲を除く）","10～19人","総数"
"105-2024","80A","05","0","00000","2024000000","人","5703","従業者数_うち常用雇用者","スポーツ施設提供業（別掲を除く）","20～29人","総数"
"105-2024","80A","06","0","00000","2024000000","人","8118","従業者数_うち常用雇用者","スポーツ施設提供業（別掲を除く）","30～49人","総数"
"105-2024","80A","07","0","00000","2024000000","人","6804","従業者数_うち常用雇用者","スポーツ施設提供業（別掲を除く）","50～99人","総数"
"105-2024","80A","08","0","00000","2024000000","人","3154","従業者数_うち常用雇用者","スポーツ施設提供業（別掲を除く）","100～199人","総数"
"105-2024","80A","09","0","00000","2024000000","人","435","従業者数_うち常用雇用者","スポーツ施設提供業（別掲を除く）","200～299人","総数"
"105-2024","80A","10","0","00000","2024000000","人","1087","従業者数_うち常用雇用者","スポーツ施設提供業（別掲を除く）","300人以上","総数"
"105-2024","80B","00","0","00000","2024000000","人","10657","従業者数_うち常用雇用者","体育館","総数","総数"
"105-2024","80B","01","0","00000","2024000000","人","***","従業者数_うち常用雇用者","体育館","0人","総数"
"105-2024","80B","02","0","00000","2024000000","人","736","従業者数_うち常用雇用者","体育館","1～4人","総数"
"105-2024","80B","03","0","00000","2024000000","人","1621","従業者数_うち常用雇用者","体育館","5～9人","総数"
"105-2024","80B","04","0","00000","2024000000","人","2693","従業者数_うち常用雇用者","体育館","10～19人","総数"
"105-2024","80B","05","0","00000","2024000000","人","2261","従業者数_うち常用雇用者","体育館","20～29人","総数"
"105-2024","80B","06","0","00000","2024000000","人","1551","従業者数_うち常用雇用者","体育館","30～49人","総数"
"105-2024","80B","07","0","00000","2024000000","人","1349","従業者数_うち常用雇用者","体育館","50～99人","総数"
"105-2024","80B","08","0","00000","2024000000","人","446","従業者数_うち常用雇用者","体育館","100～199人","総数"
"105-2024","80B","09","0","00000","2024000000","人","***","従業者数_うち常用雇用者","体育館","200～299人","総数"
"105-2024","80B","10","0","00000","2024000000","人","***","従業者数_うち常用雇用者","体育館","300人以上","総数"
"105-2024","80C","00","0","00000","2024000000","人","91781","従業者数_うち常用雇用者","ゴルフ場","総数","総数"
"105-2024","80C","01","0","00000","2024000000","人","***","従業者数_うち常用雇用者","ゴルフ場","0人","総数"
"105-2024","80C","02","0","00000","2024000000","人","485","従業者数_うち常用雇用者","ゴルフ場","1～4人","総数"
"105-2024","80C","03","0","00000","2024000000","人","925","従業者数_うち常用雇用者","ゴルフ場","5～9人","総数"
"105-2024","80C","04","0","00000","2024000000","人","3795","従業者数_うち常用雇用者","ゴルフ場","10～19人","総数"
"105-2024","80C","05","0","00000","2024000000","人","6435","従業者数_うち常用雇用者","ゴルフ場","20～29人","総数"
"105-2024","80C","06","0","00000","2024000000","人","22101","従業者数_うち常用雇用者","ゴルフ場","30～49人","総数"
"105-2024","80C","07","0","00000","2024000000","人","38232","従業者数_うち常用雇用者","ゴルフ場","50～99人","総数"
"105-2024","80C","08","0","00000","2024000000","人","17873","従業者数_うち常用雇用者","ゴルフ場","100～199人","総数"
"105-2024","80C","09","0","00000","2024000000","人","1539","従業者数_うち常用雇用者","ゴルフ場","200～299人","総数"
"105-2024","80C","10","0","00000","2024000000","人","396","従業者数_うち常用雇用者","ゴルフ場","300人以上","総数"
"105-2024","80D","00","0","00000","2024000000","人","21516","従業者数_うち常用雇用者","ゴルフ練習場","総数","総数"
"105-2024","80D","01","0","00000","2024000000","人","***","従業者数_うち常用雇用者","ゴルフ練習場","0人","総数"
"105-2024","80D","02","0","00000","2024000000","人","1634","従業者数_うち常用雇用者","ゴルフ練習場","1～4人","総数"
"105-2024","80D","03","0","00000","2024000000","人","3365","従業者数_うち常用雇用者","ゴルフ練習場","5～9人","総数"
"105-2024","80D","04","0","00000","2024000000","人","7530","従業者数_うち常用雇用者","ゴルフ練習場","10～19人","総数"
"105-2024","80D","05","0","00000","2024000000","人","4410","従業者数_うち常用雇用者","ゴルフ練習場","20～29人","総数"
"105-2024","80D","06","0","00000","2024000000","人","3003","従業者数_うち常用雇用者","ゴルフ練習場","30～49人","総数"
"105-2024","80D","07","0","00000","2024000000","人","824","従業者数_うち常用雇用者","ゴルフ練習場","50～99人","総数"
"105-2024","80D","08","0","00000","2024000000","人","750","従業者数_うち常用雇用者","ゴルフ練習場","100～199人","総数"
"105-2024","80D","09","0","00000","2024000000","人","***","従業者数_うち常用雇用者","ゴルフ練習場","200～299人","総数"
"105-2024","80D","10","0","00000","2024000000","人","***","従業者数_うち常用雇用者","ゴルフ練習場","300人以上","総数"
"105-2024","80E","00","0","00000","2024000000","人","19865","従業者数_うち常用雇用者","ボウリング場","総数","総数"
"105-2024","80E","01","0","00000","2024000000","人","***","従業者数_うち常用雇用者","ボウリング場","0人","総数"
"105-2024","80E","02","0","00000","2024000000","人","161","従業者数_うち常用雇用者","ボウリング場","1～4人","総数"
"105-2024","80E","03","0","00000","2024000000","人","707","従業者数_うち常用雇用者","ボウリング場","5～9人","総数"
"105-2024","80E","04","0","00000","2024000000","人","2051","従業者数_うち常用雇用者","ボウリング場","10～19人","総数"
"105-2024","80E","05","0","00000","2024000000","人","1282","従業者数_うち常用雇用者","ボウリング場","20～29人","総数"
"105-2024","80E","06","0","00000","2024000000","人","892","従業者数_うち常用雇用者","ボウリング場","30～49人","総数"
"105-2024","80E","07","0","00000","2024000000","人","1406","従業者数_うち常用雇用者","ボウリング場","50～99人","総数"
"105-2024","80E","08","0","00000","2024000000","人","11735","従業者数_うち常用雇用者","ボウリング場","100～199人","総数"
"105-2024","80E","09","0","00000","2024000000","人","1631","従業者数_うち常用雇用者","ボウリング場","200～299人","総数"
"105-2024","80E","10","0","00000","2024000000","人","***","従業者数_うち常用雇用者","ボウリング場","300人以上","総数"
"105-2024","80F","00","0","00000","2024000000","人","1778","従業者数_うち常用雇用者","テニス場","総数","総数"
"105-2024","80F","01","0","00000","2024000000","人","***","従業者数_うち常用雇用者","テニス場","0人","総数"
"105-2024","80F","02","0","00000","2024000000","人","330","従業者数_うち常用雇用者","テニス場","1～4人","総数"
"105-2024","80F","03","0","00000","2024000000","人","561","従業者数_うち常用雇用者","テニス場","5～9人","総数"
"105-2024","80F","04","0","00000","2024000000","人","363","従業者数_うち常用雇用者","テニス場","10～19人","総数"
"105-2024","80F","05","0","00000","2024000000","人","259","従業者数_うち常用雇用者","テニス場","20～29人","総数"
"105-2024","80F","06","0","00000","2024000000","人","119","従業者数_うち常用雇用者","テニス場","30～49人","総数"
"105-2024","80F","07","0","00000","2024000000","人","***","従業者数_うち常用雇用者","テニス場","50～99人","総数"
"105-2024","80F","08","0","00000","2024000000","人","146","従業者数_うち常用雇用者","テニス場","100～199人","総数"
"105-2024","80F","09","0","00000","2024000000","人","***","従業者数_うち常用雇用者","テニス場","200～299人","総数"
"105-2024","80F","10","0","00000","2024000000","人","***","従業者数_うち常用雇用者","テニス場","300人以上","総数"
"105-2024","80G","00","0","00000","2024000000","人","1676","従業者数_うち常用雇用者","バッティング・テニス練習場","総数","総数"
"105-2024","80G","01","0","00000","2024000000","人","***","従業者数_うち常用雇用者","バッティング・テニス練習場","0人","総数"
"105-2024","80G","02","0","00000","2024000000","人","450","従業者数_うち常用雇用者","バッティング・テニス練習場","1～4人","総数"
"105-2024","80G","03","0","00000","2024000000","人","600","従業者数_うち常用雇用者","バッティング・テニス練習場","5～9人","総数"
"105-2024","80G","04","0","00000","2024000000","人","519","従業者数_うち常用雇用者","バッティング・テニス練習場","10～19人","総数"
"105-2024","80G","05","0","00000","2024000000","人","77","従業者数_うち常用雇用者","バッティング・テニス練習場","20～29人","総数"
"105-2024","80G","06","0","00000","2024000000","人","30","従業者数_うち常用雇用者","バッティング・テニス練習場","30～49人","総数"
"105-2024","80G","07","0","00000","2024000000","人","***","従業者数_うち常用雇用者","バッティング・テニス練習場","50～99人","総数"
"105-2024","80G","08","0","00000","2024000000","人","***","従業者数_うち常用雇用者","バッティング・テニス練習場","100～199人","総数"
"105-2024","80G","09","0","00000","2024000000","人","***","従業者数_うち常用雇用者","バッティング・テニス練習場","200～299人","総数"
"105-2024","80G","10","0","00000","2024000000","人","***","従業者数_うち常用雇用者","バッティング・テニス練習場","300人以上","総数"
"105-2024","80H","00","0","00000","2024000000","人","87150","従業者数_うち常用雇用者","フィットネスクラブ","総数","総数"
"105-2024","80H","01","0","00000","2024000000","人","***","従業者数_うち常用雇用者","フィットネスクラブ","0人","総数"
"105-2024","80H","02","0","00000","2024000000","人","10374","従業者数_うち常用雇用者","フィットネスクラブ","1～4人","総数"
"105-2024","80H","03","0","00000","2024000000","人","11912","従業者数_うち常用雇用者","フィットネスクラブ","5～9人","総数"
"105-2024","80H","04","0","00000","2024000000","人","12931","従業者数_うち常用雇用者","フィットネスクラブ","10～19人","総数"
"105-2024","80H","05","0","00000","2024000000","人","9913","従業者数_うち常用雇用者","フィットネスクラブ","20～29人","総数"
"105-2024","80H","06","0","00000","2024000000","人","19648","従業者数_うち常用雇用者","フィットネスクラブ","30～49人","総数"
"105-2024","80H","07","0","00000","2024000000","人","18631","従業者数_うち常用雇用者","フィットネスクラブ","50～99人","総数"
"105-2024","80H","08","0","00000","2024000000","人","1872","従業者数_うち常用雇用者","フィットネスクラブ","100～199人","総数"
"105-2024","80H","09","0","00000","2024000000","人","1515","従業者数_うち常用雇用者","フィットネスクラブ","200～299人","総数"
"105-2024","80H","10","0","00000","2024000000","人","354","従業者数_うち常用雇用者","フィットネスクラブ","300人以上","総数"
"105-2024","805","00","0","00000","2024000000","人","67478","従業者数_うち常用雇用者","公園、遊園地","総数","総数"
"105-2024","805","01","0","00000","2024000000","人","***","従業者数_うち常用雇用者","公園、遊園地","0人","総数"
"105-2024","805","02","0","00000","2024000000","人","1182","従業者数_うち常用雇用者","公園、遊園地","1～4人","総数"
"105-2024","805","03","0","00000","2024000000","人","3495","従業者数_うち常用雇用者","公園、遊園地","5～9人","総数"
"105-2024","805","04","0","00000","2024000000","人","5938","従業者数_うち常用雇用者","公園、遊園地","10～19人","総数"
"105-2024","805","05","0","00000","2024000000","人","3464","従業者数_うち常用雇用者","公園、遊園地","20～29人","総数"
"105-2024","805","06","0","00000","2024000000","人","5644","従業者数_うち常用雇用者","公園、遊園地","30～49人","総数"
"105-2024","805","07","0","00000","2024000000","人","5343","従業者数_うち常用雇用者","公園、遊園地","50～99人","総数"
"105-2024","805","08","0","00000","2024000000","人","5219","従業者数_うち常用雇用者","公園、遊園地","100～199人","総数"
"105-2024","805","09","0","00000","2024000000","人","2176","従業者数_うち常用雇用者","公園、遊園地","200～299人","総数"
"105-2024","805","10","0","00000","2024000000","人","35017","従業者数_うち常用雇用者","公園、遊園地","300人以上","総数"
"105-2024","806","00","0","00000","2024000000","人","171125","従業者数_うち常用雇用者","遊戯場","総数","総数"
"105-2024","806","01","0","00000","2024000000","人","***","従業者数_うち常用雇用者","遊戯場","0人","総数"
"105-2024","806","02","0","00000","2024000000","人","3949","従業者数_うち常用雇用者","遊戯場","1～4人","総数"
"105-2024","806","03","0","00000","2024000000","人","12800","従業者数_うち常用雇用者","遊戯場","5～9人","総数"
"105-2024","806","04","0","00000","2024000000","人","51605","従業者数_うち常用雇用者","遊戯場","10～19人","総数"
"105-2024","806","05","0","00000","2024000000","人","42674","従業者数_うち常用雇用者","遊戯場","20～29人","総数"
"105-2024","806","06","0","00000","2024000000","人","38490","従業者数_うち常用雇用者","遊戯場","30～49人","総数"
"105-2024","806","07","0","00000","2024000000","人","13647","従業者数_うち常用雇用者","遊戯場","50～99人","総数"
"105-2024","806","08","0","00000","2024000000","人","3021","従業者数_うち常用雇用者","遊戯場","100～199人","総数"
"105-2024","806","09","0","00000","2024000000","人","1414","従業者数_うち常用雇用者","遊戯場","200～299人","総数"
"105-2024","806","10","0","00000","2024000000","人","3525","従業者数_うち常用雇用者","遊戯場","300人以上","総数"
"105-2024","80J","00","0","00000","2024000000","人","4341","従業者数_うち常用雇用者","マージャンクラブ","総数","総数"
"105-2024","80J","01","0","00000","2024000000","人","***","従業者数_うち常用雇用者","マージャンクラブ","0人","総数"
"105-2024","80J","02","0","00000","2024000000","人","993","従業者数_うち常用雇用者","マージャンクラブ","1～4人","総数"
"105-2024","80J","03","0","00000","2024000000","人","768","従業者数_うち常用雇用者","マージャンクラブ","5～9人","総数"
"105-2024","80J","04","0","00000","2024000000","人","920","従業者数_うち常用雇用者","マージャンクラブ","10～19人","総数"
"105-2024","80J","05","0","00000","2024000000","人","951","従業者数_うち常用雇用者","マージャンクラブ","20～29人","総数"
"105-2024","80J","06","0","00000","2024000000","人","709","従業者数_うち常用雇用者","マージャンクラブ","30～49人","総数"
"105-2024","80J","07","0","00000","2024000000","人","***","従業者数_うち常用雇用者","マージャンクラブ","50～99人","総数"
"105-2024","80J","08","0","00000","2024000000","人","***","従業者数_うち常用雇用者","マージャンクラブ","100～199人","総数"
"105-2024","80J","09","0","00000","2024000000","人","***","従業者数_うち常用雇用者","マージャンクラブ","200～299人","総数"
"105-2024","80J","10","0","00000","2024000000","人","***","従業者数_うち常用雇用者","マージャンクラブ","300人以上","総数"
"105-2024","80K","00","0","00000","2024000000","人","130590","従業者数_うち常用雇用者","パチンコホール","総数","総数"
"105-2024","80K","01","0","00000","2024000000","人","***","従業者数_うち常用雇用者","パチンコホール","0人","総数"
"105-2024","80K","02","0","00000","2024000000","人","1119","従業者数_うち常用雇用者","パチンコホール","1～4人","総数"
"105-2024","80K","03","0","00000","2024000000","人","6822","従業者数_うち常用雇用者","パチンコホール","5～9人","総数"
"105-2024","80K","04","0","00000","2024000000","人","38239","従業者数_うち常用雇用者","パチンコホール","10～19人","総数"
"105-2024","80K","05","0","00000","2024000000","人","35998","従業者数_うち常用雇用者","パチンコホール","20～29人","総数"
"105-2024","80K","06","0","00000","2024000000","人","32000","従業者数_うち常用雇用者","パチンコホール","30～49人","総数"
"105-2024","80K","07","0","00000","2024000000","人","10300","従業者数_うち常用雇用者","パチンコホール","50～99人","総数"
"105-2024","80K","08","0","00000","2024000000","人","2676","従業者数_うち常用雇用者","パチンコホール","100～199人","総数"
"105-2024","80K","09","0","00000","2024000000","人","1414","従業者数_うち常用雇用者","パチンコホール","200～299人","総数"
"105-2024","80K","10","0","00000","2024000000","人","2022","従業者数_うち常用雇用者","パチンコホール","300人以上","総数"
"105-2024","80L","00","0","00000","2024000000","人","33979","従業者数_うち常用雇用者","ゲームセンター","総数","総数"
"105-2024","80L","01","0","00000","2024000000","人","***","従業者数_うち常用雇用者","ゲームセンター","0人","総数"
"105-2024","80L","02","0","00000","2024000000","人","1329","従業者数_うち常用雇用者","ゲームセンター","1～4人","総数"
"105-2024","80L","03","0","00000","2024000000","人","4831","従業者数_うち常用雇用者","ゲームセンター","5～9人","総数"
"105-2024","80L","04","0","00000","2024000000","人","12072","従業者数_うち常用雇用者","ゲームセンター","10～19人","総数"
"105-2024","80L","05","0","00000","2024000000","人","5601","従業者数_うち常用雇用者","ゲームセンター","20～29人","総数"
"105-2024","80L","06","0","00000","2024000000","人","5168","従業者数_うち常用雇用者","ゲームセンター","30～49人","総数"
"105-2024","80L","07","0","00000","2024000000","人","3347","従業者数_うち常用雇用者","ゲームセンター","50～99人","総数"
"105-2024","80L","08","0","00000","2024000000","人","128","従業者数_うち常用雇用者","ゲームセンター","100～199人","総数"
"105-2024","80L","09","0","00000","2024000000","人","***","従業者数_うち常用雇用者","ゲームセンター","200～299人","総数"
"105-2024","80L","10","0","00000","2024000000","人","1503","従業者数_うち常用雇用者","ゲームセンター","300人以上","総数"
"105-2024","80M","00","0","00000","2024000000","人","2215","従業者数_うち常用雇用者","その他の遊戯場","総数","総数"
"105-2024","80M","01","0","00000","2024000000","人","***","従業者数_うち常用雇用者","その他の遊戯場","0人","総数"
"105-2024","80M","02","0","00000","2024000000","人","508","従業者数_うち常用雇用者","その他の遊戯場","1～4人","総数"
"105-2024","80M","03","0","00000","2024000000","人","379","従業者数_うち常用雇用者","その他の遊戯場","5～9人","総数"
"105-2024","80M","04","0","00000","2024000000","人","374","従業者数_うち常用雇用者","その他の遊戯場","10～19人","総数"
"105-2024","80M","05","0","00000","2024000000","人","124","従業者数_うち常用雇用者","その他の遊戯場","20～29人","総数"
"105-2024","80M","06","0","00000","2024000000","人","613","従業者数_うち常用雇用者","その他の遊戯場","30～49人","総数"
"105-2024","80M","07","0","00000","2024000000","人","***","従業者数_うち常用雇用者","その他の遊戯場","50～99人","総数"
"105-2024","80M","08","0","00000","2024000000","人","217","従業者数_うち常用雇用者","その他の遊戯場","100～199人","総数"
"105-2024","80M","09","0","00000","2024000000","人","***","従業者数_うち常用雇用者","その他の遊戯場","200～299人","総数"
"105-2024","80M","10","0","00000","2024000000","人","***","従業者数_うち常用雇用者","その他の遊戯場","300人以上","総数"
"105-2024","809","00","0","00000","2024000000","人","94261","従業者数_うち常用雇用者","その他の娯楽業","総数","総数"
"105-2024","809","01","0","00000","2024000000","人","***","従業者数_うち常用雇用者","その他の娯楽業","0人","総数"
"105-2024","809","02","0","00000","2024000000","人","6287","従業者数_うち常用雇用者","その他の娯楽業","1～4人","総数"
"105-2024","809","03","0","00000","2024000000","人","7963","従業者数_うち常用雇用者","その他の娯楽業","5～9人","総数"
"105-2024","809","04","0","00000","2024000000","人","28653","従業者数_うち常用雇用者","その他の娯楽業","10～19人","総数"
"105-2024","809","05","0","00000","2024000000","人","25296","従業者数_うち常用雇用者","その他の娯楽業","20～29人","総数"
"105-2024","809","06","0","00000","2024000000","人","13577","従業者数_うち常用雇用者","その他の娯楽業","30～49人","総数"
"105-2024","809","07","0","00000","2024000000","人","5982","従業者数_うち常用雇用者","その他の娯楽業","50～99人","総数"
"105-2024","809","08","0","00000","2024000000","人","3694","従業者数_うち常用雇用者","その他の娯楽業","100～199人","総数"
"105-2024","809","09","0","00000","2024000000","人","844","従業者数_うち常用雇用者","その他の娯楽業","200～299人","総数"
"105-2024","809","10","0","00000","2024000000","人","1965","従業者数_うち常用雇用者","その他の娯楽業","300人以上","総数"
"105-2024","80N","00","0","00000","2024000000","人","49973","従業者数_うち常用雇用者","カラオケボックス業","総数","総数"
"105-2024","80N","01","0","00000","2024000000","人","***","従業者数_うち常用雇用者","カラオケボックス業","0人","総数"
"105-2024","80N","02","0","00000","2024000000","人","957","従業者数_うち常用雇用者","カラオケボックス業","1～4人","総数"
"105-2024","80N","03","0","00000","2024000000","人","2818","従業者数_うち常用雇用者","カラオケボックス業","5～9人","総数"
"105-2024","80N","04","0","00000","2024000000","人","18112","従業者数_うち常用雇用者","カラオケボックス業","10～19人","総数"
"105-2024","80N","05","0","00000","2024000000","人","15362","従業者数_うち常用雇用者","カラオケボックス業","20～29人","総数"
"105-2024","80N","06","0","00000","2024000000","人","8802","従業者数_うち常用雇用者","カラオケボックス業","30～49人","総数"
"105-2024","80N","07","0","00000","2024000000","人","1816","従業者数_うち常用雇用者","カラオケボックス業","50～99人","総数"
"105-2024","80N","08","0","00000","2024000000","人","1356","従業者数_うち常用雇用者","カラオケボックス業","100～199人","総数"
"105-2024","80N","09","0","00000","2024000000","人","400","従業者数_うち常用雇用者","カラオケボックス業","200～299人","総数"
"105-2024","80N","10","0","00000","2024000000","人","350","従業者数_うち常用雇用者","カラオケボックス業","300人以上","総数"
"105-2024","80Q","00","0","00000","2024000000","人","12987","従業者数_うち常用雇用者","娯楽に附帯するサービス業","総数","総数"
"105-2024","80Q","01","0","00000","2024000000","人","***","従業者数_うち常用雇用者","娯楽に附帯するサービス業","0人","総数"
"105-2024","80Q","02","0","00000","2024000000","人","1294","従業者数_うち常用雇用者","娯楽に附帯するサービス業","1～4人","総数"
"105-2024","80Q","03","0","00000","2024000000","人","1378","従業者数_うち常用雇用者","娯楽に附帯するサービス業","5～9人","総数"
"105-2024","80Q","04","0","00000","2024000000","人","2137","従業者数_うち常用雇用者","娯楽に附帯するサービス業","10～19人","総数"
"105-2024","80Q","05","0","00000","2024000000","人","1221","従業者数_うち常用雇用者","娯楽に附帯するサービス業","20～29人","総数"
"105-2024","80Q","06","0","00000","2024000000","人","1705","従業者数_うち常用雇用者","娯楽に附帯するサービス業","30～49人","総数"
"105-2024","80Q","07","0","00000","2024000000","人","2315","従業者数_うち常用雇用者","娯楽に附帯するサービス業","50～99人","総数"
"105-2024","80Q","08","0","00000","2024000000","人","1114","従業者数_うち常用雇用者","娯楽に附帯するサービス業","100～199人","総数"
"105-2024","80Q","09","0","00000","2024000000","人","208","従業者数_うち常用雇用者","娯楽に附帯するサービス業","200～299人","総数"
"105-2024","80Q","10","0","00000","2024000000","人","1615","従業者数_うち常用雇用者","娯楽に附帯するサービス業","300人以上","総数"
"105-2024","80R","00","0","00000","2024000000","人","31301","従業者数_うち常用雇用者","他に分類されない娯楽業","総数","総数"
"105-2024","80R","01","0","00000","2024000000","人","***","従業者数_うち常用雇用者","他に分類されない娯楽業","0人","総数"
"105-2024","80R","02","0","00000","2024000000","人","4036","従業者数_うち常用雇用者","他に分類されない娯楽業","1～4人","総数"
"105-2024","80R","03","0","00000","2024000000","人","3767","従業者数_うち常用雇用者","他に分類されない娯楽業","5～9人","総数"
"105-2024","80R","04","0","00000","2024000000","人","8404","従業者数_うち常用雇用者","他に分類されない娯楽業","10～19人","総数"
"105-2024","80R","05","0","00000","2024000000","人","8713","従業者数_うち常用雇用者","他に分類されない娯楽業","20～29人","総数"
"105-2024","80R","06","0","00000","2024000000","人","3070","従業者数_うち常用雇用者","他に分類されない娯楽業","30～49人","総数"
"105-2024","80R","07","0","00000","2024000000","人","1851","従業者数_うち常用雇用者","他に分類されない娯楽業","50～99人","総数"
"105-2024","80R","08","0","00000","2024000000","人","1224","従業者数_うち常用雇用者","他に分類されない娯楽業","100～199人","総数"
"105-2024","80R","09","0","00000","2024000000","人","236","従業者数_うち常用雇用者","他に分類されない娯楽業","200～299人","総数"
"105-2024","80R","10","0","00000","2024000000","人","***","従業者数_うち常用雇用者","他に分類されない娯楽業","300人以上","総数"
"105-2024","O","00","0","00000","2024000000","人","1730030","従業者数_うち常用雇用者","教育、学習支援業","総数","総数"
"105-2024","O","01","0","00000","2024000000","人","***","従業者数_うち常用雇用者","教育、学習支援業","0人","総数"
"105-2024","O","02","0","00000","2024000000","人","95389","従業者数_うち常用雇用者","教育、学習支援業","1～4人","総数"
"105-2024","O","03","0","00000","2024000000","人","121818","従業者数_うち常用雇用者","教育、学習支援業","5～9人","総数"
"105-2024","O","04","0","00000","2024000000","人","228354","従業者数_うち常用雇用者","教育、学習支援業","10～19人","総数"
"105-2024","O","05","0","00000","2024000000","人","186372","従業者数_うち常用雇用者","教育、学習支援業","20～29人","総数"
"105-2024","O","06","0","00000","2024000000","人","248340","従業者数_うち常用雇用者","教育、学習支援業","30～49人","総数"
"105-2024","O","07","0","00000","2024000000","人","206532","従業者数_うち常用雇用者","教育、学習支援業","50～99人","総数"
"105-2024","O","08","0","00000","2024000000","人","139626","従業者数_うち常用雇用者","教育、学習支援業","100～199人","総数"
"105-2024","O","09","0","00000","2024000000","人","58588","従業者数_うち常用雇用者","教育、学習支援業","200～299人","総数"
"105-2024","O","10","0","00000","2024000000","人","445011","従業者数_うち常用雇用者","教育、学習支援業","300人以上","総数"
"105-2024","O1","00","0","00000","2024000000","人","1077659","従業者数_うち常用雇用者","教育、学習支援業（学校教育）","総数","総数"
"105-2024","O1","01","0","00000","2024000000","人","***","従業者数_うち常用雇用者","教育、学習支援業（学校教育）","0人","総数"
"105-2024","O1","02","0","00000","2024000000","人","3103","従業者数_うち常用雇用者","教育、学習支援業（学校教育）","1～4人","総数"
"105-2024","O1","03","0","00000","2024000000","人","14624","従業者数_うち常用雇用者","教育、学習支援業（学校教育）","5～9人","総数"
"105-2024","O1","04","0","00000","2024000000","人","75390","従業者数_うち常用雇用者","教育、学習支援業（学校教育）","10～19人","総数"
"105-2024","O1","05","0","00000","2024000000","人","100679","従業者数_うち常用雇用者","教育、学習支援業（学校教育）","20～29人","総数"
"105-2024","O1","06","0","00000","2024000000","人","159688","従業者数_うち常用雇用者","教育、学習支援業（学校教育）","30～49人","総数"
"105-2024","O1","07","0","00000","2024000000","人","142106","従業者数_うち常用雇用者","教育、学習支援業（学校教育）","50～99人","総数"
"105-2024","O1","08","0","00000","2024000000","人","110070","従業者数_うち常用雇用者","教育、学習支援業（学校教育）","100～199人","総数"
"105-2024","O1","09","0","00000","2024000000","人","49488","従業者数_うち常用雇用者","教育、学習支援業（学校教育）","200～299人","総数"
"105-2024","O1","10","0","00000","2024000000","人","422511","従業者数_うち常用雇用者","教育、学習支援業（学校教育）","300人以上","総数"
"105-2024","81","00","0","00000","2024000000","人","1077659","従業者数_うち常用雇用者","学校教育","総数","総数"
"105-2024","81","01","0","00000","2024000000","人","***","従業者数_うち常用雇用者","学校教育","0人","総数"
"105-2024","81","02","0","00000","2024000000","人","3103","従業者数_うち常用雇用者","学校教育","1～4人","総数"
"105-2024","81","03","0","00000","2024000000","人","14624","従業者数_うち常用雇用者","学校教育","5～9人","総数"
"105-2024","81","04","0","00000","2024000000","人","75390","従業者数_うち常用雇用者","学校教育","10～19人","総数"
"105-2024","81","05","0","00000","2024000000","人","100679","従業者数_うち常用雇用者","学校教育","20～29人","総数"
"105-2024","81","06","0","00000","2024000000","人","159688","従業者数_うち常用雇用者","学校教育","30～49人","総数"
"105-2024","81","07","0","00000","2024000000","人","142106","従業者数_うち常用雇用者","学校教育","50～99人","総数"
"105-2024","81","08","0","00000","2024000000","人","110070","従業者数_うち常用雇用者","学校教育","100～199人","総数"
"105-2024","81","09","0","00000","2024000000","人","49488","従業者数_うち常用雇用者","学校教育","200～299人","総数"
"105-2024","81","10","0","00000","2024000000","人","422511","従業者数_うち常用雇用者","学校教育","300人以上","総数"
"105-2024","810","00","0","00000","2024000000","人","15044","従業者数_うち常用雇用者","管理、補助的経済活動を行う事業所（81_学校教育）","総数","総数"
"105-2024","810","01","0","00000","2024000000","人","***","従業者数_うち常用雇用者","管理、補助的経済活動を行う事業所（81_学校教育）","0人","総数"
"105-2024","810","02","0","00000","2024000000","人","566","従業者数_うち常用雇用者","管理、補助的経済活動を行う事業所（81_学校教育）","1～4人","総数"
"105-2024","810","03","0","00000","2024000000","人","853","従業者数_うち常用雇用者","管理、補助的経済活動を行う事業所（81_学校教育）","5～9人","総数"
"105-2024","810","04","0","00000","2024000000","人","1457","従業者数_うち常用雇用者","管理、補助的経済活動を行う事業所（81_学校教育）","10～19人","総数"
"105-2024","810","05","0","00000","2024000000","人","766","従業者数_うち常用雇用者","管理、補助的経済活動を行う事業所（81_学校教育）","20～29人","総数"
"105-2024","810","06","0","00000","2024000000","人","1372","従業者数_うち常用雇用者","管理、補助的経済活動を行う事業所（81_学校教育）","30～49人","総数"
"105-2024","810","07","0","00000","2024000000","人","2077","従業者数_うち常用雇用者","管理、補助的経済活動を行う事業所（81_学校教育）","50～99人","総数"
"105-2024","810","08","0","00000","2024000000","人","2177","従業者数_うち常用雇用者","管理、補助的経済活動を行う事業所（81_学校教育）","100～199人","総数"
"105-2024","810","09","0","00000","2024000000","人","2033","従業者数_うち常用雇用者","管理、補助的経済活動を行う事業所（81_学校教育）","200～299人","総数"
"105-2024","810","10","0","00000","2024000000","人","3743","従業者数_うち常用雇用者","管理、補助的経済活動を行う事業所（81_学校教育）","300人以上","総数"
"105-2024","811","00","0","00000","2024000000","人","115507","従業者数_うち常用雇用者","幼稚園","総数","総数"
"105-2024","811","01","0","00000","2024000000","人","***","従業者数_うち常用雇用者","幼稚園","0人","総数"
"105-2024","811","02","0","00000","2024000000","人","501","従業者数_うち常用雇用者","幼稚園","1～4人","総数"
"105-2024","811","03","0","00000","2024000000","人","6328","従業者数_うち常用雇用者","幼稚園","5～9人","総数"
"105-2024","811","04","0","00000","2024000000","人","36450","従業者数_うち常用雇用者","幼稚園","10～19人","総数"
"105-2024","811","05","0","00000","2024000000","人","33894","従業者数_うち常用雇用者","幼稚園","20～29人","総数"
"105-2024","811","06","0","00000","2024000000","人","29007","従業者数_うち常用雇用者","幼稚園","30～49人","総数"
"105-2024","811","07","0","00000","2024000000","人","8311","従業者数_うち常用雇用者","幼稚園","50～99人","総数"
"105-2024","811","08","0","00000","2024000000","人","1016","従業者数_うち常用雇用者","幼稚園","100～199人","総数"
"105-2024","811","09","0","00000","2024000000","人","***","従業者数_うち常用雇用者","幼稚園","200～299人","総数"
"105-2024","811","10","0","00000","2024000000","人","***","従業者数_うち常用雇用者","幼稚園","300人以上","総数"
"105-2024","819","00","0","00000","2024000000","人","158520","従業者数_うち常用雇用者","幼保連携型認定こども園","総数","総数"
"105-2024","819","01","0","00000","2024000000","人","***","従業者数_うち常用雇用者","幼保連携型認定こども園","0人","総数"
"105-2024","819","02","0","00000","2024000000","人","159","従業者数_うち常用雇用者","幼保連携型認定こども園","1～4人","総数"
"105-2024","819","03","0","00000","2024000000","人","832","従業者数_うち常用雇用者","幼保連携型認定こども園","5～9人","総数"
"105-2024","819","04","0","00000","2024000000","人","15161","従業者数_うち常用雇用者","幼保連携型認定こども園","10～19人","総数"
"105-2024","819","05","0","00000","2024000000","人","41798","従業者数_うち常用雇用者","幼保連携型認定こども園","20～29人","総数"
"105-2024","819","06","0","00000","2024000000","人","75249","従業者数_うち常用雇用者","幼保連携型認定こども園","30～49人","総数"
"105-2024","819","07","0","00000","2024000000","人","23493","従業者数_うち常用雇用者","幼保連携型認定こども園","50～99人","総数"
"105-2024","819","08","0","00000","2024000000","人","1606","従業者数_うち常用雇用者","幼保連携型認定こども園","100～199人","総数"
"105-2024","819","09","0","00000","2024000000","人","222","従業者数_うち常用雇用者","幼保連携型認定こども園","200～299人","総数"
"105-2024","819","10","0","00000","2024000000","人","***","従業者数_うち常用雇用者","幼保連携型認定こども園","300人以上","総数"
"105-2024","812","00","0","00000","2024000000","人","10519","従業者数_うち常用雇用者","小学校","総数","総数"
"105-2024","812","01","0","00000","2024000000","人","***","従業者数_うち常用雇用者","小学校","0人","総数"
"105-2024","812","02","0","00000","2024000000","人","24","従業者数_うち常用雇用者","小学校","1～4人","総数"
"105-2024","812","03","0","00000","2024000000","人","135","従業者数_うち常用雇用者","小学校","5～9人","総数"
"105-2024","812","04","0","00000","2024000000","人","473","従業者数_うち常用雇用者","小学校","10～19人","総数"
"105-2024","812","05","0","00000","2024000000","人","1306","従業者数_うち常用雇用者","小学校","20～29人","総数"
"105-2024","812","06","0","00000","2024000000","人","4796","従業者数_うち常用雇用者","小学校","30～49人","総数"
"105-2024","812","07","0","00000","2024000000","人","3685","従業者数_うち常用雇用者","小学校","50～99人","総数"
"105-2024","812","08","0","00000","2024000000","人","100","従業者数_うち常用雇用者","小学校","100～199人","総数"
"105-2024","812","09","0","00000","2024000000","人","***","従業者数_うち常用雇用者","小学校","200～299人","総数"
"105-2024","812","10","0","00000","2024000000","人","***","従業者数_うち常用雇用者","小学校","300人以上","総数"
"105-2024","813","00","0","00000","2024000000","人","22865","従業者数_うち常用雇用者","中学校、義務教育学校","総数","総数"
"105-2024","813","01","0","00000","2024000000","人","***","従業者数_うち常用雇用者","中学校、義務教育学校","0人","総数"
"105-2024","813","02","0","00000","2024000000","人","36","従業者数_うち常用雇用者","中学校、義務教育学校","1～4人","総数"
"105-2024","813","03","0","00000","2024000000","人","329","従業者数_うち常用雇用者","中学校、義務教育学校","5～9人","総数"
"105-2024","813","04","0","00000","2024000000","人","1973","従業者数_うち常用雇用者","中学校、義務教育学校","10～19人","総数"
"105-2024","813","05","0","00000","2024000000","人","4190","従業者数_うち常用雇用者","中学校、義務教育学校","20～29人","総数"
"105-2024","813","06","0","00000","2024000000","人","7606","従業者数_うち常用雇用者","中学校、義務教育学校","30～49人","総数"
"105-2024","813","07","0","00000","2024000000","人","8312","従業者数_うち常用雇用者","中学校、義務教育学校","50～99人","総数"
"105-2024","813","08","0","00000","2024000000","人","419","従業者数_うち常用雇用者","中学校、義務教育学校","100～199人","総数"
"105-2024","813","09","0","00000","2024000000","人","***","従業者数_うち常用雇用者","中学校、義務教育学校","200～299人","総数"
"105-2024","813","10","0","00000","2024000000","人","***","従業者数_うち常用雇用者","中学校、義務教育学校","300人以上","総数"
"105-2024","814","00","0","00000","2024000000","人","112798","従業者数_うち常用雇用者","高等学校、中等教育学校","総数","総数"
"105-2024","814","01","0","00000","2024000000","人","***","従業者数_うち常用雇用者","高等学校、中等教育学校","0人","総数"
"105-2024","814","02","0","00000","2024000000","人","385","従業者数_うち常用雇用者","高等学校、中等教育学校","1～4人","総数"
"105-2024","814","03","0","00000","2024000000","人","1373","従業者数_うち常用雇用者","高等学校、中等教育学校","5～9人","総数"
"105-2024","814","04","0","00000","2024000000","人","3131","従業者数_うち常用雇用者","高等学校、中等教育学校","10～19人","総数"
"105-2024","814","05","0","00000","2024000000","人","3203","従業者数_うち常用雇用者","高等学校、中等教育学校","20～29人","総数"
"105-2024","814","06","0","00000","2024000000","人","12073","従業者数_うち常用雇用者","高等学校、中等教育学校","30～49人","総数"
"105-2024","814","07","0","00000","2024000000","人","51131","従業者数_うち常用雇用者","高等学校、中等教育学校","50～99人","総数"
"105-2024","814","08","0","00000","2024000000","人","38643","従業者数_うち常用雇用者","高等学校、中等教育学校","100～199人","総数"
"105-2024","814","09","0","00000","2024000000","人","2540","従業者数_うち常用雇用者","高等学校、中等教育学校","200～299人","総数"
"105-2024","814","10","0","00000","2024000000","人","319","従業者数_うち常用雇用者","高等学校、中等教育学校","300人以上","総数"
"105-2024","815","00","0","00000","2024000000","人","2413","従業者数_うち常用雇用者","特別支援学校","総数","総数"
"105-2024","815","01","0","00000","2024000000","人","***","従業者数_うち常用雇用者","特別支援学校","0人","総数"
"105-2024","815","02","0","00000","2024000000","人","4","従業者数_うち常用雇用者","特別支援学校","1～4人","総数"
"105-2024","815","03","0","00000","2024000000","人","9","従業者数_うち常用雇用者","特別支援学校","5～9人","総数"
"105-2024","815","04","0","00000","2024000000","人","30","従業者数_うち常用雇用者","特別支援学校","10～19人","総数"
"105-2024","815","05","0","00000","2024000000","人","156","従業者数_うち常用雇用者","特別支援学校","20～29人","総数"
"105-2024","815","06","0","00000","2024000000","人","1538","従業者数_うち常用雇用者","特別支援学校","30～49人","総数"
"105-2024","815","07","0","00000","2024000000","人","413","従業者数_うち常用雇用者","特別支援学校","50～99人","総数"
"105-2024","815","08","0","00000","2024000000","人","263","従業者数_うち常用雇用者","特別支援学校","100～199人","総数"
"105-2024","815","09","0","00000","2024000000","人","***","従業者数_うち常用雇用者","特別支援学校","200～299人","総数"
"105-2024","815","10","0","00000","2024000000","人","***","従業者数_うち常用雇用者","特別支援学校","300人以上","総数"
"105-2024","816","00","0","00000","2024000000","人","555916","従業者数_うち常用雇用者","高等教育機関","総数","総数"
"105-2024","816","01","0","00000","2024000000","人","***","従業者数_うち常用雇用者","高等教育機関","0人","総数"
"105-2024","816","02","0","00000","2024000000","人","607","従業者数_うち常用雇用者","高等教育機関","1～4人","総数"
"105-2024","816","03","0","00000","2024000000","人","1209","従業者数_うち常用雇用者","高等教育機関","5～9人","総数"
"105-2024","816","04","0","00000","2024000000","人","2596","従業者数_うち常用雇用者","高等教育機関","10～19人","総数"
"105-2024","816","05","0","00000","2024000000","人","3206","従業者数_うち常用雇用者","高等教育機関","20～29人","総数"
"105-2024","816","06","0","00000","2024000000","人","7990","従業者数_うち常用雇用者","高等教育機関","30～49人","総数"
"105-2024","816","07","0","00000","2024000000","人","25642","従業者数_うち常用雇用者","高等教育機関","50～99人","総数"
"105-2024","816","08","0","00000","2024000000","人","56991","従業者数_うち常用雇用者","高等教育機関","100～199人","総数"
"105-2024","816","09","0","00000","2024000000","人","41725","従業者数_うち常用雇用者","高等教育機関","200～299人","総数"
"105-2024","816","10","0","00000","2024000000","人","415950","従業者数_うち常用雇用者","高等教育機関","300人以上","総数"
"105-2024","817","00","0","00000","2024000000","人","82510","従業者数_うち常用雇用者","専修学校、各種学校","総数","総数"
"105-2024","817","01","0","00000","2024000000","人","***","従業者数_うち常用雇用者","専修学校、各種学校","0人","総数"
"105-2024","817","02","0","00000","2024000000","人","818","従業者数_うち常用雇用者","専修学校、各種学校","1～4人","総数"
"105-2024","817","03","0","00000","2024000000","人","3525","従業者数_うち常用雇用者","専修学校、各種学校","5～9人","総数"
"105-2024","817","04","0","00000","2024000000","人","14048","従業者数_うち常用雇用者","専修学校、各種学校","10～19人","総数"
"105-2024","817","05","0","00000","2024000000","人","12111","従業者数_うち常用雇用者","専修学校、各種学校","20～29人","総数"
"105-2024","817","06","0","00000","2024000000","人","19945","従業者数_うち常用雇用者","専修学校、各種学校","30～49人","総数"
"105-2024","817","07","0","00000","2024000000","人","18900","従業者数_うち常用雇用者","専修学校、各種学校","50～99人","総数"
"105-2024","817","08","0","00000","2024000000","人","8545","従業者数_うち常用雇用者","専修学校、各種学校","100～199人","総数"
"105-2024","817","09","0","00000","2024000000","人","2968","従業者数_うち常用雇用者","専修学校、各種学校","200～299人","総数"
"105-2024","817","10","0","00000","2024000000","人","1650","従業者数_うち常用雇用者","専修学校、各種学校","300人以上","総数"
"105-2024","81A","00","0","00000","2024000000","人","68161","従業者数_うち常用雇用者","専修学校","総数","総数"
"105-2024","81A","01","0","00000","2024000000","人","***","従業者数_うち常用雇用者","専修学校","0人","総数"
"105-2024","81A","02","0","00000","2024000000","人","583","従業者数_うち常用雇用者","専修学校","1～4人","総数"
"105-2024","81A","03","0","00000","2024000000","人","2757","従業者数_うち常用雇用者","専修学校","5～9人","総数"
"105-2024","81A","04","0","00000","2024000000","人","11685","従業者数_うち常用雇用者","専修学校","10～19人","総数"
"105-2024","81A","05","0","00000","2024000000","人","10498","従業者数_うち常用雇用者","専修学校","20～29人","総数"
"105-2024","81A","06","0","00000","2024000000","人","16501","従業者数_うち常用雇用者","専修学校","30～49人","総数"
"105-2024","81A","07","0","00000","2024000000","人","15041","従業者数_うち常用雇用者","専修学校","50～99人","総数"
"105-2024","81A","08","0","00000","2024000000","人","6794","従業者数_うち常用雇用者","専修学校","100～199人","総数"
"105-2024","81A","09","0","00000","2024000000","人","2968","従業者数_うち常用雇用者","専修学校","200～299人","総数"
"105-2024","81A","10","0","00000","2024000000","人","1334","従業者数_うち常用雇用者","専修学校","300人以上","総数"
"105-2024","81B","00","0","00000","2024000000","人","14349","従業者数_うち常用雇用者","各種学校","総数","総数"
"105-2024","81B","01","0","00000","2024000000","人","***","従業者数_うち常用雇用者","各種学校","0人","総数"
"105-2024","81B","02","0","00000","2024000000","人","235","従業者数_うち常用雇用者","各種学校","1～4人","総数"
"105-2024","81B","03","0","00000","2024000000","人","768","従業者数_うち常用雇用者","各種学校","5～9人","総数"
"105-2024","81B","04","0","00000","2024000000","人","2363","従業者数_うち常用雇用者","各種学校","10～19人","総数"
"105-2024","81B","05","0","00000","2024000000","人","1613","従業者数_うち常用雇用者","各種学校","20～29人","総数"
"105-2024","81B","06","0","00000","2024000000","人","3444","従業者数_うち常用雇用者","各種学校","30～49人","総数"
"105-2024","81B","07","0","00000","2024000000","人","3859","従業者数_うち常用雇用者","各種学校","50～99人","総数"
"105-2024","81B","08","0","00000","2024000000","人","1751","従業者数_うち常用雇用者","各種学校","100～199人","総数"
"105-2024","81B","09","0","00000","2024000000","人","***","従業者数_うち常用雇用者","各種学校","200～299人","総数"
"105-2024","81B","10","0","00000","2024000000","人","316","従業者数_うち常用雇用者","各種学校","300人以上","総数"
"105-2024","818","00","0","00000","2024000000","人","1567","従業者数_うち常用雇用者","学校教育支援機関","総数","総数"
"105-2024","818","01","0","00000","2024000000","人","***","従業者数_うち常用雇用者","学校教育支援機関","0人","総数"
"105-2024","818","02","0","00000","2024000000","人","3","従業者数_うち常用雇用者","学校教育支援機関","1～4人","総数"
"105-2024","818","03","0","00000","2024000000","人","31","従業者数_うち常用雇用者","学校教育支援機関","5～9人","総数"
"105-2024","818","04","0","00000","2024000000","人","71","従業者数_うち常用雇用者","学校教育支援機関","10～19人","総数"
"105-2024","818","05","0","00000","2024000000","人","49","従業者数_うち常用雇用者","学校教育支援機関","20～29人","総数"
"105-2024","818","06","0","00000","2024000000","人","112","従業者数_うち常用雇用者","学校教育支援機関","30～49人","総数"
"105-2024","818","07","0","00000","2024000000","人","142","従業者数_うち常用雇用者","学校教育支援機関","50～99人","総数"
"105-2024","818","08","0","00000","2024000000","人","310","従業者数_うち常用雇用者","学校教育支援機関","100～199人","総数"
"105-2024","818","09","0","00000","2024000000","人","***","従業者数_うち常用雇用者","学校教育支援機関","200～299人","総数"
"105-2024","818","10","0","00000","2024000000","人","849","従業者数_うち常用雇用者","学校教育支援機関","300人以上","総数"
"105-2024","O2","00","0","00000","2024000000","人","652371","従業者数_うち常用雇用者","教育、学習支援業（その他の教育、学習支援業）","総数","総数"
"105-2024","O2","01","0","00000","2024000000","人","***","従業者数_うち常用雇用者","教育、学習支援業（その他の教育、学習支援業）","0人","総数"
"105-2024","O2","02","0","00000","2024000000","人","92286","従業者数_うち常用雇用者","教育、学習支援業（その他の教育、学習支援業）","1～4人","総数"
"105-2024","O2","03","0","00000","2024000000","人","107194","従業者数_うち常用雇用者","教育、学習支援業（その他の教育、学習支援業）","5～9人","総数"
"105-2024","O2","04","0","00000","2024000000","人","152964","従業者数_うち常用雇用者","教育、学習支援業（その他の教育、学習支援業）","10～19人","総数"
"105-2024","O2","05","0","00000","2024000000","人","85693","従業者数_うち常用雇用者","教育、学習支援業（その他の教育、学習支援業）","20～29人","総数"
"105-2024","O2","06","0","00000","2024000000","人","88652","従業者数_うち常用雇用者","教育、学習支援業（その他の教育、学習支援業）","30～49人","総数"
"105-2024","O2","07","0","00000","2024000000","人","64426","従業者数_うち常用雇用者","教育、学習支援業（その他の教育、学習支援業）","50～99人","総数"
"105-2024","O2","08","0","00000","2024000000","人","29556","従業者数_うち常用雇用者","教育、学習支援業（その他の教育、学習支援業）","100～199人","総数"
"105-2024","O2","09","0","00000","2024000000","人","9100","従業者数_うち常用雇用者","教育、学習支援業（その他の教育、学習支援業）","200～299人","総数"
"105-2024","O2","10","0","00000","2024000000","人","22500","従業者数_うち常用雇用者","教育、学習支援業（その他の教育、学習支援業）","300人以上","総数"
"105-2024","82","00","0","00000","2024000000","人","652371","従業者数_うち常用雇用者","その他の教育、学習支援業","総数","総数"
"105-2024","82","01","0","00000","2024000000","人","***","従業者数_うち常用雇用者","その他の教育、学習支援業","0人","総数"
"105-2024","82","02","0","00000","2024000000","人","92286","従業者数_うち常用雇用者","その他の教育、学習支援業","1～4人","総数"
"105-2024","82","03","0","00000","2024000000","人","107194","従業者数_うち常用雇用者","その他の教育、学習支援業","5～9人","総数"
"105-2024","82","04","0","00000","2024000000","人","152964","従業者数_うち常用雇用者","その他の教育、学習支援業","10～19人","総数"
"105-2024","82","05","0","00000","2024000000","人","85693","従業者数_うち常用雇用者","その他の教育、学習支援業","20～29人","総数"
"105-2024","82","06","0","00000","2024000000","人","88652","従業者数_うち常用雇用者","その他の教育、学習支援業","30～49人","総数"
"105-2024","82","07","0","00000","2024000000","人","64426","従業者数_うち常用雇用者","その他の教育、学習支援業","50～99人","総数"
"105-2024","82","08","0","00000","2024000000","人","29556","従業者数_うち常用雇用者","その他の教育、学習支援業","100～199人","総数"
"105-2024","82","09","0","00000","2024000000","人","9100","従業者数_うち常用雇用者","その他の教育、学習支援業","200～299人","総数"
"105-2024","82","10","0","00000","2024000000","人","22500","従業者数_うち常用雇用者","その他の教育、学習支援業","300人以上","総数"
"105-2024","820","00","0","00000","2024000000","人","8144","従業者数_うち常用雇用者","管理、補助的経済活動を行う事業所（82_その他の教育、学習支援業）","総数","総数"
"105-2024","820","01","0","00000","2024000000","人","***","従業者数_うち常用雇用者","管理、補助的経済活動を行う事業所（82_その他の教育、学習支援業）","0人","総数"
"105-2024","820","02","0","00000","2024000000","人","573","従業者数_うち常用雇用者","管理、補助的経済活動を行う事業所（82_その他の教育、学習支援業）","1～4人","総数"
"105-2024","820","03","0","00000","2024000000","人","643","従業者数_うち常用雇用者","管理、補助的経済活動を行う事業所（82_その他の教育、学習支援業）","5～9人","総数"
"105-2024","820","04","0","00000","2024000000","人","554","従業者数_うち常用雇用者","管理、補助的経済活動を行う事業所（82_その他の教育、学習支援業）","10～19人","総数"
"105-2024","820","05","0","00000","2024000000","人","367","従業者数_うち常用雇用者","管理、補助的経済活動を行う事業所（82_その他の教育、学習支援業）","20～29人","総数"
"105-2024","820","06","0","00000","2024000000","人","434","従業者数_うち常用雇用者","管理、補助的経済活動を行う事業所（82_その他の教育、学習支援業）","30～49人","総数"
"105-2024","820","07","0","00000","2024000000","人","1114","従業者数_うち常用雇用者","管理、補助的経済活動を行う事業所（82_その他の教育、学習支援業）","50～99人","総数"
"105-2024","820","08","0","00000","2024000000","人","1344","従業者数_うち常用雇用者","管理、補助的経済活動を行う事業所（82_その他の教育、学習支援業）","100～199人","総数"
"105-2024","820","09","0","00000","2024000000","人","448","従業者数_うち常用雇用者","管理、補助的経済活動を行う事業所（82_その他の教育、学習支援業）","200～299人","総数"
"105-2024","820","10","0","00000","2024000000","人","2667","従業者数_うち常用雇用者","管理、補助的経済活動を行う事業所（82_その他の教育、学習支援業）","300人以上","総数"
"105-2024","821","00","0","00000","2024000000","人","55560","従業者数_うち常用雇用者","社会教育","総数","総数"
"105-2024","821","01","0","00000","2024000000","人","***","従業者数_うち常用雇用者","社会教育","0人","総数"
"105-2024","821","02","0","00000","2024000000","人","4432","従業者数_うち常用雇用者","社会教育","1～4人","総数"
"105-2024","821","03","0","00000","2024000000","人","7659","従業者数_うち常用雇用者","社会教育","5～9人","総数"
"105-2024","821","04","0","00000","2024000000","人","11438","従業者数_うち常用雇用者","社会教育","10～19人","総数"
"105-2024","821","05","0","00000","2024000000","人","8167","従業者数_うち常用雇用者","社会教育","20～29人","総数"
"105-2024","821","06","0","00000","2024000000","人","8483","従業者数_うち常用雇用者","社会教育","30～49人","総数"
"105-2024","821","07","0","00000","2024000000","人","8024","従業者数_うち常用雇用者","社会教育","50～99人","総数"
"105-2024","821","08","0","00000","2024000000","人","4669","従業者数_うち常用雇用者","社会教育","100～199人","総数"
"105-2024","821","09","0","00000","2024000000","人","1168","従業者数_うち常用雇用者","社会教育","200～299人","総数"
"105-2024","821","10","0","00000","2024000000","人","1520","従業者数_うち常用雇用者","社会教育","300人以上","総数"
"105-2024","82A","00","0","00000","2024000000","人","4059","従業者数_うち常用雇用者","公民館","総数","総数"
"105-2024","82A","01","0","00000","2024000000","人","***","従業者数_うち常用雇用者","公民館","0人","総数"
"105-2024","82A","02","0","00000","2024000000","人","1333","従業者数_うち常用雇用者","公民館","1～4人","総数"
"105-2024","82A","03","0","00000","2024000000","人","1420","従業者数_うち常用雇用者","公民館","5～9人","総数"
"105-2024","82A","04","0","00000","2024000000","人","791","従業者数_うち常用雇用者","公民館","10～19人","総数"
"105-2024","82A","05","0","00000","2024000000","人","117","従業者数_うち常用雇用者","公民館","20～29人","総数"
"105-2024","82A","06","0","00000","2024000000","人","94","従業者数_うち常用雇用者","公民館","30～49人","総数"
"105-2024","82A","07","0","00000","2024000000","人","***","従業者数_うち常用雇用者","公民館","50～99人","総数"
"105-2024","82A","08","0","00000","2024000000","人","***","従業者数_うち常用雇用者","公民館","100～199人","総数"
"105-2024","82A","09","0","00000","2024000000","人","***","従業者数_うち常用雇用者","公民館","200～299人","総数"
"105-2024","82A","10","0","00000","2024000000","人","304","従業者数_うち常用雇用者","公民館","300人以上","総数"
"105-2024","82B","00","0","00000","2024000000","人","14231","従業者数_うち常用雇用者","図書館","総数","総数"
"105-2024","82B","01","0","00000","2024000000","人","***","従業者数_うち常用雇用者","図書館","0人","総数"
"105-2024","82B","02","0","00000","2024000000","人","532","従業者数_うち常用雇用者","図書館","1～4人","総数"
"105-2024","82B","03","0","00000","2024000000","人","1575","従業者数_うち常用雇用者","図書館","5～9人","総数"
"105-2024","82B","04","0","00000","2024000000","人","4279","従業者数_うち常用雇用者","図書館","10～19人","総数"
"105-2024","82B","05","0","00000","2024000000","人","3029","従業者数_うち常用雇用者","図書館","20～29人","総数"
"105-2024","82B","06","0","00000","2024000000","人","2456","従業者数_うち常用雇用者","図書館","30～49人","総数"
"105-2024","82B","07","0","00000","2024000000","人","1640","従業者数_うち常用雇用者","図書館","50～99人","総数"
"105-2024","82B","08","0","00000","2024000000","人","720","従業者数_うち常用雇用者","図書館","100～199人","総数"
"105-2024","82B","09","0","00000","2024000000","人","***","従業者数_うち常用雇用者","図書館","200～299人","総数"
"105-2024","82B","10","0","00000","2024000000","人","***","従業者数_うち常用雇用者","図書館","300人以上","総数"
"105-2024","82C","00","0","00000","2024000000","人","19428","従業者数_うち常用雇用者","博物館、美術館","総数","総数"
"105-2024","82C","01","0","00000","2024000000","人","***","従業者数_うち常用雇用者","博物館、美術館","0人","総数"
"105-2024","82C","02","0","00000","2024000000","人","1979","従業者数_うち常用雇用者","博物館、美術館","1～4人","総数"
"105-2024","82C","03","0","00000","2024000000","人","3276","従業者数_うち常用雇用者","博物館、美術館","5～9人","総数"
"105-2024","82C","04","0","00000","2024000000","人","4022","従業者数_うち常用雇用者","博物館、美術館","10～19人","総数"
"105-2024","82C","05","0","00000","2024000000","人","2744","従業者数_うち常用雇用者","博物館、美術館","20～29人","総数"
"105-2024","82C","06","0","00000","2024000000","人","2915","従業者数_うち常用雇用者","博物館、美術館","30～49人","総数"
"105-2024","82C","07","0","00000","2024000000","人","2679","従業者数_うち常用雇用者","博物館、美術館","50～99人","総数"
"105-2024","82C","08","0","00000","2024000000","人","1364","従業者数_うち常用雇用者","博物館、美術館","100～199人","総数"
"105-2024","82C","09","0","00000","2024000000","人","449","従業者数_うち常用雇用者","博物館、美術館","200～299人","総数"
"105-2024","82C","10","0","00000","2024000000","人","***","従業者数_うち常用雇用者","博物館、美術館","300人以上","総数"
"105-2024","82D","00","0","00000","2024000000","人","9984","従業者数_うち常用雇用者","動物園、植物園、水族館","総数","総数"
"105-2024","82D","01","0","00000","2024000000","人","***","従業者数_うち常用雇用者","動物園、植物園、水族館","0人","総数"
"105-2024","82D","02","0","00000","2024000000","人","193","従業者数_うち常用雇用者","動物園、植物園、水族館","1～4人","総数"
"105-2024","82D","03","0","00000","2024000000","人","446","従業者数_うち常用雇用者","動物園、植物園、水族館","5～9人","総数"
"105-2024","82D","04","0","00000","2024000000","人","590","従業者数_うち常用雇用者","動物園、植物園、水族館","10～19人","総数"
"105-2024","82D","05","0","00000","2024000000","人","750","従業者数_うち常用雇用者","動物園、植物園、水族館","20～29人","総数"
"105-2024","82D","06","0","00000","2024000000","人","1515","従業者数_うち常用雇用者","動物園、植物園、水族館","30～49人","総数"
"105-2024","82D","07","0","00000","2024000000","人","2923","従業者数_うち常用雇用者","動物園、植物園、水族館","50～99人","総数"
"105-2024","82D","08","0","00000","2024000000","人","2220","従業者数_うち常用雇用者","動物園、植物園、水族館","100～199人","総数"
"105-2024","82D","09","0","00000","2024000000","人","469","従業者数_うち常用雇用者","動物園、植物園、水族館","200～299人","総数"
"105-2024","82D","10","0","00000","2024000000","人","878","従業者数_うち常用雇用者","動物園、植物園、水族館","300人以上","総数"
"105-2024","82N","00","0","00000","2024000000","人","1194","従業者数_うち常用雇用者","社会通信教育","総数","総数"
"105-2024","82N","01","0","00000","2024000000","人","***","従業者数_うち常用雇用者","社会通信教育","0人","総数"
"105-2024","82N","02","0","00000","2024000000","人","71","従業者数_うち常用雇用者","社会通信教育","1～4人","総数"
"105-2024","82N","03","0","00000","2024000000","人","66","従業者数_うち常用雇用者","社会通信教育","5～9人","総数"
"105-2024","82N","04","0","00000","2024000000","人","64","従業者数_うち常用雇用者","社会通信教育","10～19人","総数"
"105-2024","82N","05","0","00000","2024000000","人","25","従業者数_うち常用雇用者","社会通信教育","20～29人","総数"
"105-2024","82N","06","0","00000","2024000000","人","87","従業者数_うち常用雇用者","社会通信教育","30～49人","総数"
"105-2024","82N","07","0","00000","2024000000","人","319","従業者数_うち常用雇用者","社会通信教育","50～99人","総数"
"105-2024","82N","08","0","00000","2024000000","人","224","従業者数_うち常用雇用者","社会通信教育","100～199人","総数"
"105-2024","82N","09","0","00000","2024000000","人","***","従業者数_うち常用雇用者","社会通信教育","200～299人","総数"
"105-2024","82N","10","0","00000","2024000000","人","338","従業者数_うち常用雇用者","社会通信教育","300人以上","総数"
"105-2024","82P","00","0","00000","2024000000","人","6664","従業者数_うち常用雇用者","その他の社会教育","総数","総数"
"105-2024","82P","01","0","00000","2024000000","人","***","従業者数_うち常用雇用者","その他の社会教育","0人","総数"
"105-2024","82P","02","0","00000","2024000000","人","324","従業者数_うち常用雇用者","その他の社会教育","1～4人","総数"
"105-2024","82P","03","0","00000","2024000000","人","876","従業者数_うち常用雇用者","その他の社会教育","5～9人","総数"
"105-2024","82P","04","0","00000","2024000000","人","1692","従業者数_うち常用雇用者","その他の社会教育","10～19人","総数"
"105-2024","82P","05","0","00000","2024000000","人","1502","従業者数_うち常用雇用者","その他の社会教育","20～29人","総数"
"105-2024","82P","06","0","00000","2024000000","人","1416","従業者数_うち常用雇用者","その他の社会教育","30～49人","総数"
"105-2024","82P","07","0","00000","2024000000","人","463","従業者数_うち常用雇用者","その他の社会教育","50～99人","総数"
"105-2024","82P","08","0","00000","2024000000","人","141","従業者数_うち常用雇用者","その他の社会教育","100～199人","総数"
"105-2024","82P","09","0","00000","2024000000","人","250","従業者数_うち常用雇用者","その他の社会教育","200～299人","総数"
"105-2024","82P","10","0","00000","2024000000","人","***","従業者数_うち常用雇用者","その他の社会教育","300人以上","総数"
"105-2024","822","00","0","00000","2024000000","人","49740","従業者数_うち常用雇用者","職業・教育支援施設","総数","総数"
"105-2024","822","01","0","00000","2024000000","人","***","従業者数_うち常用雇用者","職業・教育支援施設","0人","総数"
"105-2024","822","02","0","00000","2024000000","人","4916","従業者数_うち常用雇用者","職業・教育支援施設","1～4人","総数"
"105-2024","822","03","0","00000","2024000000","人","4990","従業者数_うち常用雇用者","職業・教育支援施設","5～9人","総数"
"105-2024","822","04","0","00000","2024000000","人","6929","従業者数_うち常用雇用者","職業・教育支援施設","10～19人","総数"
"105-2024","822","05","0","00000","2024000000","人","3995","従業者数_うち常用雇用者","職業・教育支援施設","20～29人","総数"
"105-2024","822","06","0","00000","2024000000","人","5434","従業者数_うち常用雇用者","職業・教育支援施設","30～49人","総数"
"105-2024","822","07","0","00000","2024000000","人","7475","従業者数_うち常用雇用者","職業・教育支援施設","50～99人","総数"
"105-2024","822","08","0","00000","2024000000","人","5812","従業者数_うち常用雇用者","職業・教育支援施設","100～199人","総数"
"105-2024","822","09","0","00000","2024000000","人","1894","従業者数_うち常用雇用者","職業・教育支援施設","200～299人","総数"
"105-2024","822","10","0","00000","2024000000","人","8295","従業者数_うち常用雇用者","職業・教育支援施設","300人以上","総数"
"105-2024","823","00","0","00000","2024000000","人","300607","従業者数_うち常用雇用者","学習塾","総数","総数"
"105-2024","823","01","0","00000","2024000000","人","***","従業者数_うち常用雇用者","学習塾","0人","総数"
"105-2024","823","02","0","00000","2024000000","人","39035","従業者数_うち常用雇用者","学習塾","1～4人","総数"
"105-2024","823","03","0","00000","2024000000","人","55617","従業者数_うち常用雇用者","学習塾","5～9人","総数"
"105-2024","823","04","0","00000","2024000000","人","91082","従業者数_うち常用雇用者","学習塾","10～19人","総数"
"105-2024","823","05","0","00000","2024000000","人","43912","従業者数_うち常用雇用者","学習塾","20～29人","総数"
"105-2024","823","06","0","00000","2024000000","人","39121","従業者数_うち常用雇用者","学習塾","30～49人","総数"
"105-2024","823","07","0","00000","2024000000","人","21619","従業者数_うち常用雇用者","学習塾","50～99人","総数"
"105-2024","823","08","0","00000","2024000000","人","6992","従業者数_うち常用雇用者","学習塾","100～199人","総数"
"105-2024","823","09","0","00000","2024000000","人","1520","従業者数_うち常用雇用者","学習塾","200～299人","総数"
"105-2024","823","10","0","00000","2024000000","人","1709","従業者数_うち常用雇用者","学習塾","300人以上","総数"
"105-2024","824","00","0","00000","2024000000","人","154336","従業者数_うち常用雇用者","教養・技能教授業","総数","総数"
"105-2024","824","01","0","00000","2024000000","人","***","従業者数_うち常用雇用者","教養・技能教授業","0人","総数"
"105-2024","824","02","0","00000","2024000000","人","38519","従業者数_うち常用雇用者","教養・技能教授業","1～4人","総数"
"105-2024","824","03","0","00000","2024000000","人","32647","従業者数_うち常用雇用者","教養・技能教授業","5～9人","総数"
"105-2024","824","04","0","00000","2024000000","人","30943","従業者数_うち常用雇用者","教養・技能教授業","10～19人","総数"
"105-2024","824","05","0","00000","2024000000","人","17127","従業者数_うち常用雇用者","教養・技能教授業","20～29人","総数"
"105-2024","824","06","0","00000","2024000000","人","16939","従業者数_うち常用雇用者","教養・技能教授業","30～49人","総数"
"105-2024","824","07","0","00000","2024000000","人","9416","従業者数_うち常用雇用者","教養・技能教授業","50～99人","総数"
"105-2024","824","08","0","00000","2024000000","人","3386","従業者数_うち常用雇用者","教養・技能教授業","100～199人","総数"
"105-2024","824","09","0","00000","2024000000","人","1872","従業者数_うち常用雇用者","教養・技能教授業","200～299人","総数"
"105-2024","824","10","0","00000","2024000000","人","3487","従業者数_うち常用雇用者","教養・技能教授業","300人以上","総数"
"105-2024","82F","00","0","00000","2024000000","人","14271","従業者数_うち常用雇用者","音楽教授業","総数","総数"
"105-2024","82F","01","0","00000","2024000000","人","***","従業者数_うち常用雇用者","音楽教授業","0人","総数"
"105-2024","82F","02","0","00000","2024000000","人","5066","従業者数_うち常用雇用者","音楽教授業","1～4人","総数"
"105-2024","82F","03","0","00000","2024000000","人","4060","従業者数_うち常用雇用者","音楽教授業","5～9人","総数"
"105-2024","82F","04","0","00000","2024000000","人","2665","従業者数_うち常用雇用者","音楽教授業","10～19人","総数"
"105-2024","82F","05","0","00000","2024000000","人","1125","従業者数_うち常用雇用者","音楽教授業","20～29人","総数"
"105-2024","82F","06","0","00000","2024000000","人","826","従業者数_うち常用雇用者","音楽教授業","30～49人","総数"
"105-2024","82F","07","0","00000","2024000000","人","122","従業者数_うち常用雇用者","音楽教授業","50～99人","総数"
"105-2024","82F","08","0","00000","2024000000","人","142","従業者数_うち常用雇用者","音楽教授業","100～199人","総数"
"105-2024","82F","09","0","00000","2024000000","人","265","従業者数_うち常用雇用者","音楽教授業","200～299人","総数"
"105-2024","82F","10","0","00000","2024000000","人","***","従業者数_うち常用雇用者","音楽教授業","300人以上","総数"
"105-2024","82G","00","0","00000","2024000000","人","1834","従業者数_うち常用雇用者","書道教授業","総数","総数"
"105-2024","82G","01","0","00000","2024000000","人","***","従業者数_うち常用雇用者","書道教授業","0人","総数"
"105-2024","82G","02","0","00000","2024000000","人","1177","従業者数_うち常用雇用者","書道教授業","1～4人","総数"
"105-2024","82G","03","0","00000","2024000000","人","340","従業者数_うち常用雇用者","書道教授業","5～9人","総数"
"105-2024","82G","04","0","00000","2024000000","人","131","従業者数_うち常用雇用者","書道教授業","10～19人","総数"
"105-2024","82G","05","0","00000","2024000000","人","46","従業者数_うち常用雇用者","書道教授業","20～29人","総数"
"105-2024","82G","06","0","00000","2024000000","人","***","従業者数_うち常用雇用者","書道教授業","30～49人","総数"
"105-2024","82G","07","0","00000","2024000000","人","***","従業者数_うち常用雇用者","書道教授業","50～99人","総数"
"105-2024","82G","08","0","00000","2024000000","人","140","従業者数_うち常用雇用者","書道教授業","100～199人","総数"
"105-2024","82G","09","0","00000","2024000000","人","***","従業者数_うち常用雇用者","書道教授業","200～299人","総数"
"105-2024","82G","10","0","00000","2024000000","人","***","従業者数_うち常用雇用者","書道教授業","300人以上","総数"
"105-2024","82H","00","0","00000","2024000000","人","406","従業者数_うち常用雇用者","生花・茶道教授業","総数","総数"
"105-2024","82H","01","0","00000","2024000000","人","***","従業者数_うち常用雇用者","生花・茶道教授業","0人","総数"
"105-2024","82H","02","0","00000","2024000000","人","127","従業者数_うち常用雇用者","生花・茶道教授業","1～4人","総数"
"105-2024","82H","03","0","00000","2024000000","人","125","従業者数_うち常用雇用者","生花・茶道教授業","5～9人","総数"
"105-2024","82H","04","0","00000","2024000000","人","70","従業者数_うち常用雇用者","生花・茶道教授業","10～19人","総数"
"105-2024","82H","05","0","00000","2024000000","人","***","従業者数_うち常用雇用者","生花・茶道教授業","20～29人","総数"
"105-2024","82H","06","0","00000","2024000000","人","31","従業者数_うち常用雇用者","生花・茶道教授業","30～49人","総数"
"105-2024","82H","07","0","00000","2024000000","人","53","従業者数_うち常用雇用者","生花・茶道教授業","50～99人","総数"
"105-2024","82H","08","0","00000","2024000000","人","***","従業者数_うち常用雇用者","生花・茶道教授業","100～199人","総数"
"105-2024","82H","09","0","00000","2024000000","人","***","従業者数_うち常用雇用者","生花・茶道教授業","200～299人","総数"
"105-2024","82H","10","0","00000","2024000000","人","***","従業者数_うち常用雇用者","生花・茶道教授業","300人以上","総数"
"105-2024","82J","00","0","00000","2024000000","人","3828","従業者数_うち常用雇用者","そろばん教授業","総数","総数"
"105-2024","82J","01","0","00000","2024000000","人","***","従業者数_うち常用雇用者","そろばん教授業","0人","総数"
"105-2024","82J","02","0","00000","2024000000","人","2712","従業者数_うち常用雇用者","そろばん教授業","1～4人","総数"
"105-2024","82J","03","0","00000","2024000000","人","581","従業者数_うち常用雇用者","そろばん教授業","5～9人","総数"
"105-2024","82J","04","0","00000","2024000000","人","176","従業者数_うち常用雇用者","そろばん教授業","10～19人","総数"
"105-2024","82J","05","0","00000","2024000000","人","74","従業者数_うち常用雇用者","そろばん教授業","20～29人","総数"
"105-2024","82J","06","0","00000","2024000000","人","71","従業者数_うち常用雇用者","そろばん教授業","30～49人","総数"
"105-2024","82J","07","0","00000","2024000000","人","214","従業者数_うち常用雇用者","そろばん教授業","50～99人","総数"
"105-2024","82J","08","0","00000","2024000000","人","***","従業者数_うち常用雇用者","そろばん教授業","100～199人","総数"
"105-2024","82J","09","0","00000","2024000000","人","***","従業者数_うち常用雇用者","そろばん教授業","200～299人","総数"
"105-2024","82J","10","0","00000","2024000000","人","***","従業者数_うち常用雇用者","そろばん教授業","300人以上","総数"
"105-2024","82K","00","0","00000","2024000000","人","23723","従業者数_うち常用雇用者","外国語会話教授業","総数","総数"
"105-2024","82K","01","0","00000","2024000000","人","***","従業者数_うち常用雇用者","外国語会話教授業","0人","総数"
"105-2024","82K","02","0","00000","2024000000","人","7758","従業者数_うち常用雇用者","外国語会話教授業","1～4人","総数"
"105-2024","82K","03","0","00000","2024000000","人","4745","従業者数_うち常用雇用者","外国語会話教授業","5～9人","総数"
"105-2024","82K","04","0","00000","2024000000","人","4153","従業者数_うち常用雇用者","外国語会話教授業","10～19人","総数"
"105-2024","82K","05","0","00000","2024000000","人","1909","従業者数_うち常用雇用者","外国語会話教授業","20～29人","総数"
"105-2024","82K","06","0","00000","2024000000","人","1119","従業者数_うち常用雇用者","外国語会話教授業","30～49人","総数"
"105-2024","82K","07","0","00000","2024000000","人","1408","従業者数_うち常用雇用者","外国語会話教授業","50～99人","総数"
"105-2024","82K","08","0","00000","2024000000","人","558","従業者数_うち常用雇用者","外国語会話教授業","100～199人","総数"
"105-2024","82K","09","0","00000","2024000000","人","203","従業者数_うち常用雇用者","外国語会話教授業","200～299人","総数"
"105-2024","82K","10","0","00000","2024000000","人","1870","従業者数_うち常用雇用者","外国語会話教授業","300人以上","総数"
"105-2024","82L","00","0","00000","2024000000","人","69921","従業者数_うち常用雇用者","スポーツ・健康教授業","総数","総数"
"105-2024","82L","01","0","00000","2024000000","人","***","従業者数_うち常用雇用者","スポーツ・健康教授業","0人","総数"
"105-2024","82L","02","0","00000","2024000000","人","8901","従業者数_うち常用雇用者","スポーツ・健康教授業","1～4人","総数"
"105-2024","82L","03","0","00000","2024000000","人","12607","従業者数_うち常用雇用者","スポーツ・健康教授業","5～9人","総数"
"105-2024","82L","04","0","00000","2024000000","人","16228","従業者数_うち常用雇用者","スポーツ・健康教授業","10～19人","総数"
"105-2024","82L","05","0","00000","2024000000","人","11139","従業者数_うち常用雇用者","スポーツ・健康教授業","20～29人","総数"
"105-2024","82L","06","0","00000","2024000000","人","11414","従業者数_うち常用雇用者","スポーツ・健康教授業","30～49人","総数"
"105-2024","82L","07","0","00000","2024000000","人","6050","従業者数_うち常用雇用者","スポーツ・健康教授業","50～99人","総数"
"105-2024","82L","08","0","00000","2024000000","人","1632","従業者数_うち常用雇用者","スポーツ・健康教授業","100～199人","総数"
"105-2024","82L","09","0","00000","2024000000","人","734","従業者数_うち常用雇用者","スポーツ・健康教授業","200～299人","総数"
"105-2024","82L","10","0","00000","2024000000","人","1216","従業者数_うち常用雇用者","スポーツ・健康教授業","300人以上","総数"
"105-2024","82M","00","0","00000","2024000000","人","40353","従業者数_うち常用雇用者","その他の教養・技能教授業","総数","総数"
"105-2024","82M","01","0","00000","2024000000","人","***","従業者数_うち常用雇用者","その他の教養・技能教授業","0人","総数"
"105-2024","82M","02","0","00000","2024000000","人","12778","従業者数_うち常用雇用者","その他の教養・技能教授業","1～4人","総数"
"105-2024","82M","03","0","00000","2024000000","人","10189","従業者数_うち常用雇用者","その他の教養・技能教授業","5～9人","総数"
"105-2024","82M","04","0","00000","2024000000","人","7520","従業者数_うち常用雇用者","その他の教養・技能教授業","10～19人","総数"
"105-2024","82M","05","0","00000","2024000000","人","2834","従業者数_うち常用雇用者","その他の教養・技能教授業","20～29人","総数"
"105-2024","82M","06","0","00000","2024000000","人","3478","従業者数_うち常用雇用者","その他の教養・技能教授業","30～49人","総数"
"105-2024","82M","07","0","00000","2024000000","人","1569","従業者数_うち常用雇用者","その他の教養・技能教授業","50～99人","総数"
"105-2024","82M","08","0","00000","2024000000","人","914","従業者数_うち常用雇用者","その他の教養・技能教授業","100～199人","総数"
"105-2024","82M","09","0","00000","2024000000","人","670","従業者数_うち常用雇用者","その他の教養・技能教授業","200～299人","総数"
"105-2024","82M","10","0","00000","2024000000","人","401","従業者数_うち常用雇用者","その他の教養・技能教授業","300人以上","総数"
"105-2024","829","00","0","00000","2024000000","人","83891","従業者数_うち常用雇用者","他に分類されない教育、学習支援業","総数","総数"
"105-2024","829","01","0","00000","2024000000","人","***","従業者数_うち常用雇用者","他に分類されない教育、学習支援業","0人","総数"
"105-2024","829","02","0","00000","2024000000","人","4772","従業者数_うち常用雇用者","他に分類されない教育、学習支援業","1～4人","総数"
"105-2024","829","03","0","00000","2024000000","人","5622","従業者数_うち常用雇用者","他に分類されない教育、学習支援業","5～9人","総数"
"105-2024","829","04","0","00000","2024000000","人","12018","従業者数_うち常用雇用者","他に分類されない教育、学習支援業","10～19人","総数"
"105-2024","829","05","0","00000","2024000000","人","12125","従業者数_うち常用雇用者","他に分類されない教育、学習支援業","20～29人","総数"
"105-2024","829","06","0","00000","2024000000","人","18203","従業者数_うち常用雇用者","他に分類されない教育、学習支援業","30～49人","総数"
"105-2024","829","07","0","00000","2024000000","人","16778","従業者数_うち常用雇用者","他に分類されない教育、学習支援業","50～99人","総数"
"105-2024","829","08","0","00000","2024000000","人","7353","従業者数_うち常用雇用者","他に分類されない教育、学習支援業","100～199人","総数"
"105-2024","829","09","0","00000","2024000000","人","2198","従業者数_うち常用雇用者","他に分類されない教育、学習支援業","200～299人","総数"
"105-2024","829","10","0","00000","2024000000","人","4822","従業者数_うち常用雇用者","他に分類されない教育、学習支援業","300人以上","総数"
"105-2024","P","00","0","00000","2024000000","人","7316754","従業者数_うち常用雇用者","医療、福祉","総数","総数"
"105-2024","P","01","0","00000","2024000000","人","***","従業者数_うち常用雇用者","医療、福祉","0人","総数"
"105-2024","P","02","0","00000","2024000000","人","340509","従業者数_うち常用雇用者","医療、福祉","1～4人","総数"
"105-2024","P","03","0","00000","2024000000","人","789406","従業者数_うち常用雇用者","医療、福祉","5～9人","総数"
"105-2024","P","04","0","00000","2024000000","人","1191376","従業者数_うち常用雇用者","医療、福祉","10～19人","総数"
"105-2024","P","05","0","00000","2024000000","人","792483","従業者数_うち常用雇用者","医療、福祉","20～29人","総数"
"105-2024","P","06","0","00000","2024000000","人","904072","従業者数_うち常用雇用者","医療、福祉","30～49人","総数"
"105-2024","P","07","0","00000","2024000000","人","1015618","従業者数_うち常用雇用者","医療、福祉","50～99人","総数"
"105-2024","P","08","0","00000","2024000000","人","681446","従業者数_うち常用雇用者","医療、福祉","100～199人","総数"
"105-2024","P","09","0","00000","2024000000","人","336938","従業者数_うち常用雇用者","医療、福祉","200～299人","総数"
"105-2024","P","10","0","00000","2024000000","人","1264906","従業者数_うち常用雇用者","医療、福祉","300人以上","総数"
"105-2024","83","00","0","00000","2024000000","人","3398704","従業者数_うち常用雇用者","医療業","総数","総数"
"105-2024","83","01","0","00000","2024000000","人","***","従業者数_うち常用雇用者","医療業","0人","総数"
"105-2024","83","02","0","00000","2024000000","人","204799","従業者数_うち常用雇用者","医療業","1～4人","総数"
"105-2024","83","03","0","00000","2024000000","人","383629","従業者数_うち常用雇用者","医療業","5～9人","総数"
"105-2024","83","04","0","00000","2024000000","人","356187","従業者数_うち常用雇用者","医療業","10～19人","総数"
"105-2024","83","05","0","00000","2024000000","人","161095","従業者数_うち常用雇用者","医療業","20～29人","総数"
"105-2024","83","06","0","00000","2024000000","人","174043","従業者数_うち常用雇用者","医療業","30～49人","総数"
"105-2024","83","07","0","00000","2024000000","人","217572","従業者数_うち常用雇用者","医療業","50～99人","総数"
"105-2024","83","08","0","00000","2024000000","人","387876","従業者数_うち常用雇用者","医療業","100～199人","総数"
"105-2024","83","09","0","00000","2024000000","人","288665","従業者数_うち常用雇用者","医療業","200～299人","総数"
"105-2024","83","10","0","00000","2024000000","人","1224838","従業者数_うち常用雇用者","医療業","300人以上","総数"
"105-2024","830","00","0","00000","2024000000","人","11535","従業者数_うち常用雇用者","管理、補助的経済活動を行う事業所（83_医療業）","総数","総数"
"105-2024","830","01","0","00000","2024000000","人","***","従業者数_うち常用雇用者","管理、補助的経済活動を行う事業所（83_医療業）","0人","総数"
"105-2024","830","02","0","00000","2024000000","人","716","従業者数_うち常用雇用者","管理、補助的経済活動を行う事業所（83_医療業）","1～4人","総数"
"105-2024","830","03","0","00000","2024000000","人","1039","従業者数_うち常用雇用者","管理、補助的経済活動を行う事業所（83_医療業）","5～9人","総数"
"105-2024","830","04","0","00000","2024000000","人","1724","従業者数_うち常用雇用者","管理、補助的経済活動を行う事業所（83_医療業）","10～19人","総数"
"105-2024","830","05","0","00000","2024000000","人","1391","従業者数_うち常用雇用者","管理、補助的経済活動を行う事業所（83_医療業）","20～29人","総数"
"105-2024","830","06","0","00000","2024000000","人","1883","従業者数_うち常用雇用者","管理、補助的経済活動を行う事業所（83_医療業）","30～49人","総数"
"105-2024","830","07","0","00000","2024000000","人","2888","従業者数_うち常用雇用者","管理、補助的経済活動を行う事業所（83_医療業）","50～99人","総数"
"105-2024","830","08","0","00000","2024000000","人","1384","従業者数_うち常用雇用者","管理、補助的経済活動を行う事業所（83_医療業）","100～199人","総数"
"105-2024","830","09","0","00000","2024000000","人","***","従業者数_うち常用雇用者","管理、補助的経済活動を行う事業所（83_医療業）","200～299人","総数"
"105-2024","830","10","0","00000","2024000000","人","510","従業者数_うち常用雇用者","管理、補助的経済活動を行う事業所（83_医療業）","300人以上","総数"
"105-2024","831","00","0","00000","2024000000","人","1954687","従業者数_うち常用雇用者","病院","総数","総数"
"105-2024","831","01","0","00000","2024000000","人","***","従業者数_うち常用雇用者","病院","0人","総数"
"105-2024","831","02","0","00000","2024000000","人","156","従業者数_うち常用雇用者","病院","1～4人","総数"
"105-2024","831","03","0","00000","2024000000","人","372","従業者数_うち常用雇用者","病院","5～9人","総数"
"105-2024","831","04","0","00000","2024000000","人","1225","従業者数_うち常用雇用者","病院","10～19人","総数"
"105-2024","831","05","0","00000","2024000000","人","2723","従業者数_うち常用雇用者","病院","20～29人","総数"
"105-2024","831","06","0","00000","2024000000","人","15905","従業者数_うち常用雇用者","病院","30～49人","総数"
"105-2024","831","07","0","00000","2024000000","人","102386","従業者数_うち常用雇用者","病院","50～99人","総数"
"105-2024","831","08","0","00000","2024000000","人","344042","従業者数_うち常用雇用者","病院","100～199人","総数"
"105-2024","831","09","0","00000","2024000000","人","276261","従業者数_うち常用雇用者","病院","200～299人","総数"
"105-2024","831","10","0","00000","2024000000","人","1211617","従業者数_うち常用雇用者","病院","300人以上","総数"
"105-2024","832","00","0","00000","2024000000","人","816510","従業者数_うち常用雇用者","一般診療所","総数","総数"
"105-2024","832","01","0","00000","2024000000","人","***","従業者数_うち常用雇用者","一般診療所","0人","総数"
"105-2024","832","02","0","00000","2024000000","人","62047","従業者数_うち常用雇用者","一般診療所","1～4人","総数"
"105-2024","832","03","0","00000","2024000000","人","210192","従業者数_うち常用雇用者","一般診療所","5～9人","総数"
"105-2024","832","04","0","00000","2024000000","人","214766","従業者数_うち常用雇用者","一般診療所","10～19人","総数"
"105-2024","832","05","0","00000","2024000000","人","100523","従業者数_うち常用雇用者","一般診療所","20～29人","総数"
"105-2024","832","06","0","00000","2024000000","人","108837","従業者数_うち常用雇用者","一般診療所","30～49人","総数"
"105-2024","832","07","0","00000","2024000000","人","79962","従業者数_うち常用雇用者","一般診療所","50～99人","総数"
"105-2024","832","08","0","00000","2024000000","人","28401","従業者数_うち常用雇用者","一般診療所","100～199人","総数"
"105-2024","832","09","0","00000","2024000000","人","5616","従業者数_うち常用雇用者","一般診療所","200～299人","総数"
"105-2024","832","10","0","00000","2024000000","人","6166","従業者数_うち常用雇用者","一般診療所","300人以上","総数"
"105-2024","833","00","0","00000","2024000000","人","319086","従業者数_うち常用雇用者","歯科診療所","総数","総数"
"105-2024","833","01","0","00000","2024000000","人","***","従業者数_うち常用雇用者","歯科診療所","0人","総数"
"105-2024","833","02","0","00000","2024000000","人","80269","従業者数_うち常用雇用者","歯科診療所","1～4人","総数"
"105-2024","833","03","0","00000","2024000000","人","107859","従業者数_うち常用雇用者","歯科診療所","5～9人","総数"
"105-2024","833","04","0","00000","2024000000","人","76407","従業者数_うち常用雇用者","歯科診療所","10～19人","総数"
"105-2024","833","05","0","00000","2024000000","人","26795","従業者数_うち常用雇用者","歯科診療所","20～29人","総数"
"105-2024","833","06","0","00000","2024000000","人","17627","従業者数_うち常用雇用者","歯科診療所","30～49人","総数"
"105-2024","833","07","0","00000","2024000000","人","8361","従業者数_うち常用雇用者","歯科診療所","50～99人","総数"
"105-2024","833","08","0","00000","2024000000","人","1444","従業者数_うち常用雇用者","歯科診療所","100～199人","総数"
"105-2024","833","09","0","00000","2024000000","人","***","従業者数_うち常用雇用者","歯科診療所","200～299人","総数"
"105-2024","833","10","0","00000","2024000000","人","324","従業者数_うち常用雇用者","歯科診療所","300人以上","総数"
"105-2024","834","00","0","00000","2024000000","人","121887","従業者数_うち常用雇用者","助産・看護業","総数","総数"
"105-2024","834","01","0","00000","2024000000","人","***","従業者数_うち常用雇用者","助産・看護業","0人","総数"
"105-2024","834","02","0","00000","2024000000","人","9180","従業者数_うち常用雇用者","助産・看護業","1～4人","総数"
"105-2024","834","03","0","00000","2024000000","人","28073","従業者数_うち常用雇用者","助産・看護業","5～9人","総数"
"105-2024","834","04","0","00000","2024000000","人","37645","従業者数_うち常用雇用者","助産・看護業","10～19人","総数"
"105-2024","834","05","0","00000","2024000000","人","18284","従業者数_うち常用雇用者","助産・看護業","20～29人","総数"
"105-2024","834","06","0","00000","2024000000","人","16662","従業者数_うち常用雇用者","助産・看護業","30～49人","総数"
"105-2024","834","07","0","00000","2024000000","人","9200","従業者数_うち常用雇用者","助産・看護業","50～99人","総数"
"105-2024","834","08","0","00000","2024000000","人","2598","従業者数_うち常用雇用者","助産・看護業","100～199人","総数"
"105-2024","834","09","0","00000","2024000000","人","245","従業者数_うち常用雇用者","助産・看護業","200～299人","総数"
"105-2024","834","10","0","00000","2024000000","人","***","従業者数_うち常用雇用者","助産・看護業","300人以上","総数"
"105-2024","83A","00","0","00000","2024000000","人","843","従業者数_うち常用雇用者","助産所","総数","総数"
"105-2024","83A","01","0","00000","2024000000","人","***","従業者数_うち常用雇用者","助産所","0人","総数"
"105-2024","83A","02","0","00000","2024000000","人","262","従業者数_うち常用雇用者","助産所","1～4人","総数"
"105-2024","83A","03","0","00000","2024000000","人","236","従業者数_うち常用雇用者","助産所","5～9人","総数"
"105-2024","83A","04","0","00000","2024000000","人","231","従業者数_うち常用雇用者","助産所","10～19人","総数"
"105-2024","83A","05","0","00000","2024000000","人","73","従業者数_うち常用雇用者","助産所","20～29人","総数"
"105-2024","83A","06","0","00000","2024000000","人","41","従業者数_うち常用雇用者","助産所","30～49人","総数"
"105-2024","83A","07","0","00000","2024000000","人","***","従業者数_うち常用雇用者","助産所","50～99人","総数"
"105-2024","83A","08","0","00000","2024000000","人","***","従業者数_うち常用雇用者","助産所","100～199人","総数"
"105-2024","83A","09","0","00000","2024000000","人","***","従業者数_うち常用雇用者","助産所","200～299人","総数"
"105-2024","83A","10","0","00000","2024000000","人","***","従業者数_うち常用雇用者","助産所","300人以上","総数"
"105-2024","83B","00","0","00000","2024000000","人","121044","従業者数_うち常用雇用者","看護業","総数","総数"
"105-2024","83B","01","0","00000","2024000000","人","***","従業者数_うち常用雇用者","看護業","0人","総数"
"105-2024","83B","02","0","00000","2024000000","人","8918","従業者数_うち常用雇用者","看護業","1～4人","総数"
"105-2024","83B","03","0","00000","2024000000","人","27837","従業者数_うち常用雇用者","看護業","5～9人","総数"
"105-2024","83B","04","0","00000","2024000000","人","37414","従業者数_うち常用雇用者","看護業","10～19人","総数"
"105-2024","83B","05","0","00000","2024000000","人","18211","従業者数_うち常用雇用者","看護業","20～29人","総数"
"105-2024","83B","06","0","00000","2024000000","人","16621","従業者数_うち常用雇用者","看護業","30～49人","総数"
"105-2024","83B","07","0","00000","2024000000","人","9200","従業者数_うち常用雇用者","看護業","50～99人","総数"
"105-2024","83B","08","0","00000","2024000000","人","2598","従業者数_うち常用雇用者","看護業","100～199人","総数"
"105-2024","83B","09","0","00000","2024000000","人","245","従業者数_うち常用雇用者","看護業","200～299人","総数"
"105-2024","83B","10","0","00000","2024000000","人","***","従業者数_うち常用雇用者","看護業","300人以上","総数"
"105-2024","835","00","0","00000","2024000000","人","101915","従業者数_うち常用雇用者","施術業","総数","総数"
"105-2024","835","01","0","00000","2024000000","人","***","従業者数_うち常用雇用者","施術業","0人","総数"
"105-2024","835","02","0","00000","2024000000","人","46845","従業者数_うち常用雇用者","施術業","1～4人","総数"
"105-2024","835","03","0","00000","2024000000","人","29947","従業者数_うち常用雇用者","施術業","5～9人","総数"
"105-2024","835","04","0","00000","2024000000","人","13811","従業者数_うち常用雇用者","施術業","10～19人","総数"
"105-2024","835","05","0","00000","2024000000","人","3920","従業者数_うち常用雇用者","施術業","20～29人","総数"
"105-2024","835","06","0","00000","2024000000","人","3191","従業者数_うち常用雇用者","施術業","30～49人","総数"
"105-2024","835","07","0","00000","2024000000","人","1539","従業者数_うち常用雇用者","施術業","50～99人","総数"
"105-2024","835","08","0","00000","2024000000","人","839","従業者数_うち常用雇用者","施術業","100～199人","総数"
"105-2024","835","09","0","00000","2024000000","人","665","従業者数_うち常用雇用者","施術業","200～299人","総数"
"105-2024","835","10","0","00000","2024000000","人","1158","従業者数_うち常用雇用者","施術業","300人以上","総数"
"105-2024","836","00","0","00000","2024000000","人","73071","従業者数_うち常用雇用者","医療に附帯するサービス業","総数","総数"
"105-2024","836","01","0","00000","2024000000","人","***","従業者数_うち常用雇用者","医療に附帯するサービス業","0人","総数"
"105-2024","836","02","0","00000","2024000000","人","5579","従業者数_うち常用雇用者","医療に附帯するサービス業","1～4人","総数"
"105-2024","836","03","0","00000","2024000000","人","6141","従業者数_うち常用雇用者","医療に附帯するサービス業","5～9人","総数"
"105-2024","836","04","0","00000","2024000000","人","10609","従業者数_うち常用雇用者","医療に附帯するサービス業","10～19人","総数"
"105-2024","836","05","0","00000","2024000000","人","7459","従業者数_うち常用雇用者","医療に附帯するサービス業","20～29人","総数"
"105-2024","836","06","0","00000","2024000000","人","9938","従業者数_うち常用雇用者","医療に附帯するサービス業","30～49人","総数"
"105-2024","836","07","0","00000","2024000000","人","13236","従業者数_うち常用雇用者","医療に附帯するサービス業","50～99人","総数"
"105-2024","836","08","0","00000","2024000000","人","9168","従業者数_うち常用雇用者","医療に附帯するサービス業","100～199人","総数"
"105-2024","836","09","0","00000","2024000000","人","5878","従業者数_うち常用雇用者","医療に附帯するサービス業","200～299人","総数"
"105-2024","836","10","0","00000","2024000000","人","5063","従業者数_うち常用雇用者","医療に附帯するサービス業","300人以上","総数"
"105-2024","83C","00","0","00000","2024000000","人","18658","従業者数_うち常用雇用者","歯科技工所","総数","総数"
"105-2024","83C","01","0","00000","2024000000","人","***","従業者数_うち常用雇用者","歯科技工所","0人","総数"
"105-2024","83C","02","0","00000","2024000000","人","4263","従業者数_うち常用雇用者","歯科技工所","1～4人","総数"
"105-2024","83C","03","0","00000","2024000000","人","2823","従業者数_うち常用雇用者","歯科技工所","5～9人","総数"
"105-2024","83C","04","0","00000","2024000000","人","2998","従業者数_うち常用雇用者","歯科技工所","10～19人","総数"
"105-2024","83C","05","0","00000","2024000000","人","2127","従業者数_うち常用雇用者","歯科技工所","20～29人","総数"
"105-2024","83C","06","0","00000","2024000000","人","2924","従業者数_うち常用雇用者","歯科技工所","30～49人","総数"
"105-2024","83C","07","0","00000","2024000000","人","3026","従業者数_うち常用雇用者","歯科技工所","50～99人","総数"
"105-2024","83C","08","0","00000","2024000000","人","497","従業者数_うち常用雇用者","歯科技工所","100～199人","総数"
"105-2024","83C","09","0","00000","2024000000","人","***","従業者数_うち常用雇用者","歯科技工所","200～299人","総数"
"105-2024","83C","10","0","00000","2024000000","人","***","従業者数_うち常用雇用者","歯科技工所","300人以上","総数"
"105-2024","83D","00","0","00000","2024000000","人","54413","従業者数_うち常用雇用者","その他の医療に附帯するサービス業","総数","総数"
"105-2024","83D","01","0","00000","2024000000","人","***","従業者数_うち常用雇用者","その他の医療に附帯するサービス業","0人","総数"
"105-2024","83D","02","0","00000","2024000000","人","1316","従業者数_うち常用雇用者","その他の医療に附帯するサービス業","1～4人","総数"
"105-2024","83D","03","0","00000","2024000000","人","3318","従業者数_うち常用雇用者","その他の医療に附帯するサービス業","5～9人","総数"
"105-2024","83D","04","0","00000","2024000000","人","7611","従業者数_うち常用雇用者","その他の医療に附帯するサービス業","10～19人","総数"
"105-2024","83D","05","0","00000","2024000000","人","5332","従業者数_うち常用雇用者","その他の医療に附帯するサービス業","20～29人","総数"
"105-2024","83D","06","0","00000","2024000000","人","7014","従業者数_うち常用雇用者","その他の医療に附帯するサービス業","30～49人","総数"
"105-2024","83D","07","0","00000","2024000000","人","10210","従業者数_うち常用雇用者","その他の医療に附帯するサービス業","50～99人","総数"
"105-2024","83D","08","0","00000","2024000000","人","8671","従業者数_うち常用雇用者","その他の医療に附帯するサービス業","100～199人","総数"
"105-2024","83D","09","0","00000","2024000000","人","5878","従業者数_うち常用雇用者","その他の医療に附帯するサービス業","200～299人","総数"
"105-2024","83D","10","0","00000","2024000000","人","5063","従業者数_うち常用雇用者","その他の医療に附帯するサービス業","300人以上","総数"
"105-2024","84","00","0","00000","2024000000","人","72323","従業者数_うち常用雇用者","保健衛生","総数","総数"
"105-2024","84","01","0","00000","2024000000","人","***","従業者数_うち常用雇用者","保健衛生","0人","総数"
"105-2024","84","02","0","00000","2024000000","人","1984","従業者数_うち常用雇用者","保健衛生","1～4人","総数"
"105-2024","84","03","0","00000","2024000000","人","2262","従業者数_うち常用雇用者","保健衛生","5～9人","総数"
"105-2024","84","04","0","00000","2024000000","人","4821","従業者数_うち常用雇用者","保健衛生","10～19人","総数"
"105-2024","84","05","0","00000","2024000000","人","3667","従業者数_うち常用雇用者","保健衛生","20～29人","総数"
"105-2024","84","06","0","00000","2024000000","人","7388","従業者数_うち常用雇用者","保健衛生","30～49人","総数"
"105-2024","84","07","0","00000","2024000000","人","14586","従業者数_うち常用雇用者","保健衛生","50～99人","総数"
"105-2024","84","08","0","00000","2024000000","人","19896","従業者数_うち常用雇用者","保健衛生","100～199人","総数"
"105-2024","84","09","0","00000","2024000000","人","7512","従業者数_うち常用雇用者","保健衛生","200～299人","総数"
"105-2024","84","10","0","00000","2024000000","人","10207","従業者数_うち常用雇用者","保健衛生","300人以上","総数"
"105-2024","840","00","0","00000","2024000000","人","247","従業者数_うち常用雇用者","管理、補助的経済活動を行う事業所（84_保健衛生）","総数","総数"
"105-2024","840","01","0","00000","2024000000","人","***","従業者数_うち常用雇用者","管理、補助的経済活動を行う事業所（84_保健衛生）","0人","総数"
"105-2024","840","02","0","00000","2024000000","人","17","従業者数_うち常用雇用者","管理、補助的経済活動を行う事業所（84_保健衛生）","1～4人","総数"
"105-2024","840","03","0","00000","2024000000","人","13","従業者数_うち常用雇用者","管理、補助的経済活動を行う事業所（84_保健衛生）","5～9人","総数"
"105-2024","840","04","0","00000","2024000000","人","38","従業者数_うち常用雇用者","管理、補助的経済活動を行う事業所（84_保健衛生）","10～19人","総数"
"105-2024","840","05","0","00000","2024000000","人","20","従業者数_うち常用雇用者","管理、補助的経済活動を行う事業所（84_保健衛生）","20～29人","総数"
"105-2024","840","06","0","00000","2024000000","人","109","従業者数_うち常用雇用者","管理、補助的経済活動を行う事業所（84_保健衛生）","30～49人","総数"
"105-2024","840","07","0","00000","2024000000","人","50","従業者数_うち常用雇用者","管理、補助的経済活動を行う事業所（84_保健衛生）","50～99人","総数"
"105-2024","840","08","0","00000","2024000000","人","***","従業者数_うち常用雇用者","管理、補助的経済活動を行う事業所（84_保健衛生）","100～199人","総数"
"105-2024","840","09","0","00000","2024000000","人","***","従業者数_うち常用雇用者","管理、補助的経済活動を行う事業所（84_保健衛生）","200～299人","総数"
"105-2024","840","10","0","00000","2024000000","人","***","従業者数_うち常用雇用者","管理、補助的経済活動を行う事業所（84_保健衛生）","300人以上","総数"
"105-2024","842","00","0","00000","2024000000","人","66499","従業者数_うち常用雇用者","健康相談施設","総数","総数"
"105-2024","842","01","0","00000","2024000000","人","***","従業者数_うち常用雇用者","健康相談施設","0人","総数"
"105-2024","842","02","0","00000","2024000000","人","1661","従業者数_うち常用雇用者","健康相談施設","1～4人","総数"
"105-2024","842","03","0","00000","2024000000","人","1725","従業者数_うち常用雇用者","健康相談施設","5～9人","総数"
"105-2024","842","04","0","00000","2024000000","人","3894","従業者数_うち常用雇用者","健康相談施設","10～19人","総数"
"105-2024","842","05","0","00000","2024000000","人","3027","従業者数_うち常用雇用者","健康相談施設","20～29人","総数"
"105-2024","842","06","0","00000","2024000000","人","6397","従業者数_うち常用雇用者","健康相談施設","30～49人","総数"
"105-2024","842","07","0","00000","2024000000","人","12908","従業者数_うち常用雇用者","健康相談施設","50～99人","総数"
"105-2024","842","08","0","00000","2024000000","人","19168","従業者数_うち常用雇用者","健康相談施設","100～199人","総数"
"105-2024","842","09","0","00000","2024000000","人","7512","従業者数_うち常用雇用者","健康相談施設","200～299人","総数"
"105-2024","842","10","0","00000","2024000000","人","10207","従業者数_うち常用雇用者","健康相談施設","300人以上","総数"
"105-2024","849","00","0","00000","2024000000","人","5577","従業者数_うち常用雇用者","その他の保健衛生","総数","総数"
"105-2024","849","01","0","00000","2024000000","人","***","従業者数_うち常用雇用者","その他の保健衛生","0人","総数"
"105-2024","849","02","0","00000","2024000000","人","306","従業者数_うち常用雇用者","その他の保健衛生","1～4人","総数"
"105-2024","849","03","0","00000","2024000000","人","524","従業者数_うち常用雇用者","その他の保健衛生","5～9人","総数"
"105-2024","849","04","0","00000","2024000000","人","889","従業者数_うち常用雇用者","その他の保健衛生","10～19人","総数"
"105-2024","849","05","0","00000","2024000000","人","620","従業者数_うち常用雇用者","その他の保健衛生","20～29人","総数"
"105-2024","849","06","0","00000","2024000000","人","882","従業者数_うち常用雇用者","その他の保健衛生","30～49人","総数"
"105-2024","849","07","0","00000","2024000000","人","1628","従業者数_うち常用雇用者","その他の保健衛生","50～99人","総数"
"105-2024","849","08","0","00000","2024000000","人","728","従業者数_うち常用雇用者","その他の保健衛生","100～199人","総数"
"105-2024","849","09","0","00000","2024000000","人","***","従業者数_うち常用雇用者","その他の保健衛生","200～299人","総数"
"105-2024","849","10","0","00000","2024000000","人","***","従業者数_うち常用雇用者","その他の保健衛生","300人以上","総数"
"105-2024","85","00","0","00000","2024000000","人","3845723","従業者数_うち常用雇用者","社会保険・社会福祉・介護事業","総数","総数"
"105-2024","85","01","0","00000","2024000000","人","***","従業者数_うち常用雇用者","社会保険・社会福祉・介護事業","0人","総数"
"105-2024","85","02","0","00000","2024000000","人","133722","従業者数_うち常用雇用者","社会保険・社会福祉・介護事業","1～4人","総数"
"105-2024","85","03","0","00000","2024000000","人","403515","従業者数_うち常用雇用者","社会保険・社会福祉・介護事業","5～9人","総数"
"105-2024","85","04","0","00000","2024000000","人","830368","従業者数_うち常用雇用者","社会保険・社会福祉・介護事業","10～19人","総数"
"105-2024","85","05","0","00000","2024000000","人","627721","従業者数_うち常用雇用者","社会保険・社会福祉・介護事業","20～29人","総数"
"105-2024","85","06","0","00000","2024000000","人","722641","従業者数_うち常用雇用者","社会保険・社会福祉・介護事業","30～49人","総数"
"105-2024","85","07","0","00000","2024000000","人","783460","従業者数_うち常用雇用者","社会保険・社会福祉・介護事業","50～99人","総数"
"105-2024","85","08","0","00000","2024000000","人","273674","従業者数_うち常用雇用者","社会保険・社会福祉・介護事業","100～199人","総数"
"105-2024","85","09","0","00000","2024000000","人","40761","従業者数_うち常用雇用者","社会保険・社会福祉・介護事業","200～299人","総数"
"105-2024","85","10","0","00000","2024000000","人","29861","従業者数_うち常用雇用者","社会保険・社会福祉・介護事業","300人以上","総数"
"105-2024","850","00","0","00000","2024000000","人","26484","従業者数_うち常用雇用者","管理、補助的経済活動を行う事業所（85_社会保険・社会福祉・介護事業）","総数","総数"
"105-2024","850","01","0","00000","2024000000","人","***","従業者数_うち常用雇用者","管理、補助的経済活動を行う事業所（85_社会保険・社会福祉・介護事業）","0人","総数"
"105-2024","850","02","0","00000","2024000000","人","4032","従業者数_うち常用雇用者","管理、補助的経済活動を行う事業所（85_社会保険・社会福祉・介護事業）","1～4人","総数"
"105-2024","850","03","0","00000","2024000000","人","4275","従業者数_うち常用雇用者","管理、補助的経済活動を行う事業所（85_社会保険・社会福祉・介護事業）","5～9人","総数"
"105-2024","850","04","0","00000","2024000000","人","4002","従業者数_うち常用雇用者","管理、補助的経済活動を行う事業所（85_社会保険・社会福祉・介護事業）","10～19人","総数"
"105-2024","850","05","0","00000","2024000000","人","2375","従業者数_うち常用雇用者","管理、補助的経済活動を行う事業所（85_社会保険・社会福祉・介護事業）","20～29人","総数"
"105-2024","850","06","0","00000","2024000000","人","3093","従業者数_うち常用雇用者","管理、補助的経済活動を行う事業所（85_社会保険・社会福祉・介護事業）","30～49人","総数"
"105-2024","850","07","0","00000","2024000000","人","2989","従業者数_うち常用雇用者","管理、補助的経済活動を行う事業所（85_社会保険・社会福祉・介護事業）","50～99人","総数"
"105-2024","850","08","0","00000","2024000000","人","1420","従業者数_うち常用雇用者","管理、補助的経済活動を行う事業所（85_社会保険・社会福祉・介護事業）","100～199人","総数"
"105-2024","850","09","0","00000","2024000000","人","535","従業者数_うち常用雇用者","管理、補助的経済活動を行う事業所（85_社会保険・社会福祉・介護事業）","200～299人","総数"
"105-2024","850","10","0","00000","2024000000","人","3763","従業者数_うち常用雇用者","管理、補助的経済活動を行う事業所（85_社会保険・社会福祉・介護事業）","300人以上","総数"
"105-2024","851","00","0","00000","2024000000","人","56096","従業者数_うち常用雇用者","社会保険事業団体","総数","総数"
"105-2024","851","01","0","00000","2024000000","人","***","従業者数_うち常用雇用者","社会保険事業団体","0人","総数"
"105-2024","851","02","0","00000","2024000000","人","3102","従業者数_うち常用雇用者","社会保険事業団体","1～4人","総数"
"105-2024","851","03","0","00000","2024000000","人","3479","従業者数_うち常用雇用者","社会保険事業団体","5～9人","総数"
"105-2024","851","04","0","00000","2024000000","人","3423","従業者数_うち常用雇用者","社会保険事業団体","10～19人","総数"
"105-2024","851","05","0","00000","2024000000","人","3937","従業者数_うち常用雇用者","社会保険事業団体","20～29人","総数"
"105-2024","851","06","0","00000","2024000000","人","8682","従業者数_うち常用雇用者","社会保険事業団体","30～49人","総数"
"105-2024","851","07","0","00000","2024000000","人","13207","従業者数_うち常用雇用者","社会保険事業団体","50～99人","総数"
"105-2024","851","08","0","00000","2024000000","人","8696","従業者数_うち常用雇用者","社会保険事業団体","100～199人","総数"
"105-2024","851","09","0","00000","2024000000","人","4133","従業者数_うち常用雇用者","社会保険事業団体","200～299人","総数"
"105-2024","851","10","0","00000","2024000000","人","7437","従業者数_うち常用雇用者","社会保険事業団体","300人以上","総数"
"105-2024","853","00","0","00000","2024000000","人","849594","従業者数_うち常用雇用者","児童福祉事業","総数","総数"
"105-2024","853","01","0","00000","2024000000","人","***","従業者数_うち常用雇用者","児童福祉事業","0人","総数"
"105-2024","853","02","0","00000","2024000000","人","30851","従業者数_うち常用雇用者","児童福祉事業","1～4人","総数"
"105-2024","853","03","0","00000","2024000000","人","121705","従業者数_うち常用雇用者","児童福祉事業","5～9人","総数"
"105-2024","853","04","0","00000","2024000000","人","229285","従業者数_うち常用雇用者","児童福祉事業","10～19人","総数"
"105-2024","853","05","0","00000","2024000000","人","201433","従業者数_うち常用雇用者","児童福祉事業","20～29人","総数"
"105-2024","853","06","0","00000","2024000000","人","181097","従業者数_うち常用雇用者","児童福祉事業","30～49人","総数"
"105-2024","853","07","0","00000","2024000000","人","56465","従業者数_うち常用雇用者","児童福祉事業","50～99人","総数"
"105-2024","853","08","0","00000","2024000000","人","13997","従業者数_うち常用雇用者","児童福祉事業","100～199人","総数"
"105-2024","853","09","0","00000","2024000000","人","7225","従業者数_うち常用雇用者","児童福祉事業","200～299人","総数"
"105-2024","853","10","0","00000","2024000000","人","7536","従業者数_うち常用雇用者","児童福祉事業","300人以上","総数"
"105-2024","85A","00","0","00000","2024000000","人","530419","従業者数_うち常用雇用者","保育所","総数","総数"
"105-2024","85A","01","0","00000","2024000000","人","***","従業者数_うち常用雇用者","保育所","0人","総数"
"105-2024","85A","02","0","00000","2024000000","人","6391","従業者数_うち常用雇用者","保育所","1～4人","総数"
"105-2024","85A","03","0","00000","2024000000","人","36936","従業者数_うち常用雇用者","保育所","5～9人","総数"
"105-2024","85A","04","0","00000","2024000000","人","145649","従業者数_うち常用雇用者","保育所","10～19人","総数"
"105-2024","85A","05","0","00000","2024000000","人","162246","従業者数_うち常用雇用者","保育所","20～29人","総数"
"105-2024","85A","06","0","00000","2024000000","人","144353","従業者数_うち常用雇用者","保育所","30～49人","総数"
"105-2024","85A","07","0","00000","2024000000","人","30932","従業者数_うち常用雇用者","保育所","50～99人","総数"
"105-2024","85A","08","0","00000","2024000000","人","2663","従業者数_うち常用雇用者","保育所","100～199人","総数"
"105-2024","85A","09","0","00000","2024000000","人","764","従業者数_うち常用雇用者","保育所","200～299人","総数"
"105-2024","85A","10","0","00000","2024000000","人","485","従業者数_うち常用雇用者","保育所","300人以上","総数"
"105-2024","85B","00","0","00000","2024000000","人","319175","従業者数_うち常用雇用者","その他の児童福祉事業","総数","総数"
"105-2024","85B","01","0","00000","2024000000","人","***","従業者数_うち常用雇用者","その他の児童福祉事業","0人","総数"
"105-2024","85B","02","0","00000","2024000000","人","24460","従業者数_うち常用雇用者","その他の児童福祉事業","1～4人","総数"
"105-2024","85B","03","0","00000","2024000000","人","84769","従業者数_うち常用雇用者","その他の児童福祉事業","5～9人","総数"
"105-2024","85B","04","0","00000","2024000000","人","83636","従業者数_うち常用雇用者","その他の児童福祉事業","10～19人","総数"
"105-2024","85B","05","0","00000","2024000000","人","39187","従業者数_うち常用雇用者","その他の児童福祉事業","20～29人","総数"
"105-2024","85B","06","0","00000","2024000000","人","36744","従業者数_うち常用雇用者","その他の児童福祉事業","30～49人","総数"
"105-2024","85B","07","0","00000","2024000000","人","25533","従業者数_うち常用雇用者","その他の児童福祉事業","50～99人","総数"
"105-2024","85B","08","0","00000","2024000000","人","11334","従業者数_うち常用雇用者","その他の児童福祉事業","100～199人","総数"
"105-2024","85B","09","0","00000","2024000000","人","6461","従業者数_うち常用雇用者","その他の児童福祉事業","200～299人","総数"
"105-2024","85B","10","0","00000","2024000000","人","7051","従業者数_うち常用雇用者","その他の児童福祉事業","300人以上","総数"
"105-2024","854","00","0","00000","2024000000","人","2310392","従業者数_うち常用雇用者","老人福祉・介護事業","総数","総数"
"105-2024","854","01","0","00000","2024000000","人","***","従業者数_うち常用雇用者","老人福祉・介護事業","0人","総数"
"105-2024","854","02","0","00000","2024000000","人","58868","従業者数_うち常用雇用者","老人福祉・介護事業","1～4人","総数"
"105-2024","854","03","0","00000","2024000000","人","179804","従業者数_うち常用雇用者","老人福祉・介護事業","5～9人","総数"
"105-2024","854","04","0","00000","2024000000","人","466864","従業者数_うち常用雇用者","老人福祉・介護事業","10～19人","総数"
"105-2024","854","05","0","00000","2024000000","人","331994","従業者数_うち常用雇用者","老人福祉・介護事業","20～29人","総数"
"105-2024","854","06","0","00000","2024000000","人","410644","従業者数_うち常用雇用者","老人福祉・介護事業","30～49人","総数"
"105-2024","854","07","0","00000","2024000000","人","612879","従業者数_うち常用雇用者","老人福祉・介護事業","50～99人","総数"
"105-2024","854","08","0","00000","2024000000","人","222515","従業者数_うち常用雇用者","老人福祉・介護事業","100～199人","総数"
"105-2024","854","09","0","00000","2024000000","人","20050","従業者数_うち常用雇用者","老人福祉・介護事業","200～299人","総数"
"105-2024","854","10","0","00000","2024000000","人","6774","従業者数_うち常用雇用者","老人福祉・介護事業","300人以上","総数"
"105-2024","85C","00","0","00000","2024000000","人","569108","従業者数_うち常用雇用者","特別養護老人ホーム","総数","総数"
"105-2024","85C","01","0","00000","2024000000","人","***","従業者数_うち常用雇用者","特別養護老人ホーム","0人","総数"
"105-2024","85C","02","0","00000","2024000000","人","526","従業者数_うち常用雇用者","特別養護老人ホーム","1～4人","総数"
"105-2024","85C","03","0","00000","2024000000","人","1374","従業者数_うち常用雇用者","特別養護老人ホーム","5～9人","総数"
"105-2024","85C","04","0","00000","2024000000","人","7640","従業者数_うち常用雇用者","特別養護老人ホーム","10～19人","総数"
"105-2024","85C","05","0","00000","2024000000","人","28386","従業者数_うち常用雇用者","特別養護老人ホーム","20～29人","総数"
"105-2024","85C","06","0","00000","2024000000","人","104182","従業者数_うち常用雇用者","特別養護老人ホーム","30～49人","総数"
"105-2024","85C","07","0","00000","2024000000","人","295535","従業者数_うち常用雇用者","特別養護老人ホーム","50～99人","総数"
"105-2024","85C","08","0","00000","2024000000","人","117992","従業者数_うち常用雇用者","特別養護老人ホーム","100～199人","総数"
"105-2024","85C","09","0","00000","2024000000","人","10086","従業者数_うち常用雇用者","特別養護老人ホーム","200～299人","総数"
"105-2024","85C","10","0","00000","2024000000","人","3387","従業者数_うち常用雇用者","特別養護老人ホーム","300人以上","総数"
"105-2024","85D","00","0","00000","2024000000","人","252802","従業者数_うち常用雇用者","介護老人保健施設","総数","総数"
"105-2024","85D","01","0","00000","2024000000","人","***","従業者数_うち常用雇用者","介護老人保健施設","0人","総数"
"105-2024","85D","02","0","00000","2024000000","人","135","従業者数_うち常用雇用者","介護老人保健施設","1～4人","総数"
"105-2024","85D","03","0","00000","2024000000","人","235","従業者数_うち常用雇用者","介護老人保健施設","5～9人","総数"
"105-2024","85D","04","0","00000","2024000000","人","1030","従業者数_うち常用雇用者","介護老人保健施設","10～19人","総数"
"105-2024","85D","05","0","00000","2024000000","人","2818","従業者数_うち常用雇用者","介護老人保健施設","20～29人","総数"
"105-2024","85D","06","0","00000","2024000000","人","20622","従業者数_うち常用雇用者","介護老人保健施設","30～49人","総数"
"105-2024","85D","07","0","00000","2024000000","人","161607","従業者数_うち常用雇用者","介護老人保健施設","50～99人","総数"
"105-2024","85D","08","0","00000","2024000000","人","62621","従業者数_うち常用雇用者","介護老人保健施設","100～199人","総数"
"105-2024","85D","09","0","00000","2024000000","人","3345","従業者数_うち常用雇用者","介護老人保健施設","200～299人","総数"
"105-2024","85D","10","0","00000","2024000000","人","389","従業者数_うち常用雇用者","介護老人保健施設","300人以上","総数"
"105-2024","85M","00","0","00000","2024000000","人","13098","従業者数_うち常用雇用者","介護医療院","総数","総数"
"105-2024","85M","01","0","00000","2024000000","人","***","従業者数_うち常用雇用者","介護医療院","0人","総数"
"105-2024","85M","02","0","00000","2024000000","人","24","従業者数_うち常用雇用者","介護医療院","1～4人","総数"
"105-2024","85M","03","0","00000","2024000000","人","49","従業者数_うち常用雇用者","介護医療院","5～9人","総数"
"105-2024","85M","04","0","00000","2024000000","人","487","従業者数_うち常用雇用者","介護医療院","10～19人","総数"
"105-2024","85M","05","0","00000","2024000000","人","1036","従業者数_うち常用雇用者","介護医療院","20～29人","総数"
"105-2024","85M","06","0","00000","2024000000","人","2423","従業者数_うち常用雇用者","介護医療院","30～49人","総数"
"105-2024","85M","07","0","00000","2024000000","人","4515","従業者数_うち常用雇用者","介護医療院","50～99人","総数"
"105-2024","85M","08","0","00000","2024000000","人","3655","従業者数_うち常用雇用者","介護医療院","100～199人","総数"
"105-2024","85M","09","0","00000","2024000000","人","224","従業者数_うち常用雇用者","介護医療院","200～299人","総数"
"105-2024","85M","10","0","00000","2024000000","人","685","従業者数_うち常用雇用者","介護医療院","300人以上","総数"
"105-2024","85E","00","0","00000","2024000000","人","520403","従業者数_うち常用雇用者","通所・短期入所介護事業","総数","総数"
"105-2024","85E","01","0","00000","2024000000","人","***","従業者数_うち常用雇用者","通所・短期入所介護事業","0人","総数"
"105-2024","85E","02","0","00000","2024000000","人","15692","従業者数_うち常用雇用者","通所・短期入所介護事業","1～4人","総数"
"105-2024","85E","03","0","00000","2024000000","人","74654","従業者数_うち常用雇用者","通所・短期入所介護事業","5～9人","総数"
"105-2024","85E","04","0","00000","2024000000","人","189445","従業者数_うち常用雇用者","通所・短期入所介護事業","10～19人","総数"
"105-2024","85E","05","0","00000","2024000000","人","105620","従業者数_うち常用雇用者","通所・短期入所介護事業","20～29人","総数"
"105-2024","85E","06","0","00000","2024000000","人","81587","従業者数_うち常用雇用者","通所・短期入所介護事業","30～49人","総数"
"105-2024","85E","07","0","00000","2024000000","人","41439","従業者数_うち常用雇用者","通所・短期入所介護事業","50～99人","総数"
"105-2024","85E","08","0","00000","2024000000","人","10338","従業者数_うち常用雇用者","通所・短期入所介護事業","100～199人","総数"
"105-2024","85E","09","0","00000","2024000000","人","759","従業者数_うち常用雇用者","通所・短期入所介護事業","200～299人","総数"
"105-2024","85E","10","0","00000","2024000000","人","869","従業者数_うち常用雇用者","通所・短期入所介護事業","300人以上","総数"
"105-2024","85F","00","0","00000","2024000000","人","305271","従業者数_うち常用雇用者","訪問介護事業","総数","総数"
"105-2024","85F","01","0","00000","2024000000","人","***","従業者数_うち常用雇用者","訪問介護事業","0人","総数"
"105-2024","85F","02","0","00000","2024000000","人","10188","従業者数_うち常用雇用者","訪問介護事業","1～4人","総数"
"105-2024","85F","03","0","00000","2024000000","人","36275","従業者数_うち常用雇用者","訪問介護事業","5～9人","総数"
"105-2024","85F","04","0","00000","2024000000","人","91272","従業者数_うち常用雇用者","訪問介護事業","10～19人","総数"
"105-2024","85F","05","0","00000","2024000000","人","63640","従業者数_うち常用雇用者","訪問介護事業","20～29人","総数"
"105-2024","85F","06","0","00000","2024000000","人","61803","従業者数_うち常用雇用者","訪問介護事業","30～49人","総数"
"105-2024","85F","07","0","00000","2024000000","人","30957","従業者数_うち常用雇用者","訪問介護事業","50～99人","総数"
"105-2024","85F","08","0","00000","2024000000","人","8888","従業者数_うち常用雇用者","訪問介護事業","100～199人","総数"
"105-2024","85F","09","0","00000","2024000000","人","1892","従業者数_うち常用雇用者","訪問介護事業","200～299人","総数"
"105-2024","85F","10","0","00000","2024000000","人","356","従業者数_うち常用雇用者","訪問介護事業","300人以上","総数"
"105-2024","85G","00","0","00000","2024000000","人","180450","従業者数_うち常用雇用者","認知症老人グループホーム","総数","総数"
"105-2024","85G","01","0","00000","2024000000","人","***","従業者数_うち常用雇用者","認知症老人グループホーム","0人","総数"
"105-2024","85G","02","0","00000","2024000000","人","1167","従業者数_うち常用雇用者","認知症老人グループホーム","1～4人","総数"
"105-2024","85G","03","0","00000","2024000000","人","16758","従業者数_うち常用雇用者","認知症老人グループホーム","5～9人","総数"
"105-2024","85G","04","0","00000","2024000000","人","92090","従業者数_うち常用雇用者","認知症老人グループホーム","10～19人","総数"
"105-2024","85G","05","0","00000","2024000000","人","41710","従業者数_うち常用雇用者","認知症老人グループホーム","20～29人","総数"
"105-2024","85G","06","0","00000","2024000000","人","19161","従業者数_うち常用雇用者","認知症老人グループホーム","30～49人","総数"
"105-2024","85G","07","0","00000","2024000000","人","8084","従業者数_うち常用雇用者","認知症老人グループホーム","50～99人","総数"
"105-2024","85G","08","0","00000","2024000000","人","795","従業者数_うち常用雇用者","認知症老人グループホーム","100～199人","総数"
"105-2024","85G","09","0","00000","2024000000","人","685","従業者数_うち常用雇用者","認知症老人グループホーム","200～299人","総数"
"105-2024","85G","10","0","00000","2024000000","人","***","従業者数_うち常用雇用者","認知症老人グループホーム","300人以上","総数"
"105-2024","85H","00","0","00000","2024000000","人","314129","従業者数_うち常用雇用者","有料老人ホーム","総数","総数"
"105-2024","85H","01","0","00000","2024000000","人","***","従業者数_うち常用雇用者","有料老人ホーム","0人","総数"
"105-2024","85H","02","0","00000","2024000000","人","5515","従業者数_うち常用雇用者","有料老人ホーム","1～4人","総数"
"105-2024","85H","03","0","00000","2024000000","人","15528","従業者数_うち常用雇用者","有料老人ホーム","5～9人","総数"
"105-2024","85H","04","0","00000","2024000000","人","54601","従業者数_うち常用雇用者","有料老人ホーム","10～19人","総数"
"105-2024","85H","05","0","00000","2024000000","人","69213","従業者数_うち常用雇用者","有料老人ホーム","20～29人","総数"
"105-2024","85H","06","0","00000","2024000000","人","98078","従業者数_うち常用雇用者","有料老人ホーム","30～49人","総数"
"105-2024","85H","07","0","00000","2024000000","人","55446","従業者数_うち常用雇用者","有料老人ホーム","50～99人","総数"
"105-2024","85H","08","0","00000","2024000000","人","13091","従業者数_うち常用雇用者","有料老人ホーム","100～199人","総数"
"105-2024","85H","09","0","00000","2024000000","人","2257","従業者数_うち常用雇用者","有料老人ホーム","200～299人","総数"
"105-2024","85H","10","0","00000","2024000000","人","400","従業者数_うち常用雇用者","有料老人ホーム","300人以上","総数"
"105-2024","85J","00","0","00000","2024000000","人","155131","従業者数_うち常用雇用者","その他の老人福祉・介護事業","総数","総数"
"105-2024","85J","01","0","00000","2024000000","人","***","従業者数_うち常用雇用者","その他の老人福祉・介護事業","0人","総数"
"105-2024","85J","02","0","00000","2024000000","人","25621","従業者数_うち常用雇用者","その他の老人福祉・介護事業","1～4人","総数"
"105-2024","85J","03","0","00000","2024000000","人","34931","従業者数_うち常用雇用者","その他の老人福祉・介護事業","5～9人","総数"
"105-2024","85J","04","0","00000","2024000000","人","30299","従業者数_うち常用雇用者","その他の老人福祉・介護事業","10～19人","総数"
"105-2024","85J","05","0","00000","2024000000","人","19571","従業者数_うち常用雇用者","その他の老人福祉・介護事業","20～29人","総数"
"105-2024","85J","06","0","00000","2024000000","人","22788","従業者数_うち常用雇用者","その他の老人福祉・介護事業","30～49人","総数"
"105-2024","85J","07","0","00000","2024000000","人","15296","従業者数_うち常用雇用者","その他の老人福祉・介護事業","50～99人","総数"
"105-2024","85J","08","0","00000","2024000000","人","5135","従業者数_うち常用雇用者","その他の老人福祉・介護事業","100～199人","総数"
"105-2024","85J","09","0","00000","2024000000","人","802","従業者数_うち常用雇用者","その他の老人福祉・介護事業","200～299人","総数"
"105-2024","85J","10","0","00000","2024000000","人","688","従業者数_うち常用雇用者","その他の老人福祉・介護事業","300人以上","総数"
"105-2024","855","00","0","00000","2024000000","人","514091","従業者数_うち常用雇用者","障害者福祉事業","総数","総数"
"105-2024","855","01","0","00000","2024000000","人","***","従業者数_うち常用雇用者","障害者福祉事業","0人","総数"
"105-2024","855","02","0","00000","2024000000","人","33089","従業者数_うち常用雇用者","障害者福祉事業","1～4人","総数"
"105-2024","855","03","0","00000","2024000000","人","88055","従業者数_うち常用雇用者","障害者福祉事業","5～9人","総数"
"105-2024","855","04","0","00000","2024000000","人","114702","従業者数_うち常用雇用者","障害者福祉事業","10～19人","総数"
"105-2024","855","05","0","00000","2024000000","人","75760","従業者数_うち常用雇用者","障害者福祉事業","20～29人","総数"
"105-2024","855","06","0","00000","2024000000","人","98898","従業者数_うち常用雇用者","障害者福祉事業","30～49人","総数"
"105-2024","855","07","0","00000","2024000000","人","77774","従業者数_うち常用雇用者","障害者福祉事業","50～99人","総数"
"105-2024","855","08","0","00000","2024000000","人","19012","従業者数_うち常用雇用者","障害者福祉事業","100～199人","総数"
"105-2024","855","09","0","00000","2024000000","人","5460","従業者数_うち常用雇用者","障害者福祉事業","200～299人","総数"
"105-2024","855","10","0","00000","2024000000","人","1341","従業者数_うち常用雇用者","障害者福祉事業","300人以上","総数"
"105-2024","859","00","0","00000","2024000000","人","88565","従業者数_うち常用雇用者","その他の社会保険・社会福祉・介護事業","総数","総数"
"105-2024","859","01","0","00000","2024000000","人","***","従業者数_うち常用雇用者","その他の社会保険・社会福祉・介護事業","0人","総数"
"105-2024","859","02","0","00000","2024000000","人","3763","従業者数_うち常用雇用者","その他の社会保険・社会福祉・介護事業","1～4人","総数"
"105-2024","859","03","0","00000","2024000000","人","6181","従業者数_うち常用雇用者","その他の社会保険・社会福祉・介護事業","5～9人","総数"
"105-2024","859","04","0","00000","2024000000","人","11754","従業者数_うち常用雇用者","その他の社会保険・社会福祉・介護事業","10～19人","総数"
"105-2024","859","05","0","00000","2024000000","人","12128","従業者数_うち常用雇用者","その他の社会保険・社会福祉・介護事業","20～29人","総数"
"105-2024","859","06","0","00000","2024000000","人","20191","従業者数_うち常用雇用者","その他の社会保険・社会福祉・介護事業","30～49人","総数"
"105-2024","859","07","0","00000","2024000000","人","20146","従業者数_うち常用雇用者","その他の社会保険・社会福祉・介護事業","50～99人","総数"
"105-2024","859","08","0","00000","2024000000","人","8034","従業者数_うち常用雇用者","その他の社会保険・社会福祉・介護事業","100～199人","総数"
"105-2024","859","09","0","00000","2024000000","人","3358","従業者数_うち常用雇用者","その他の社会保険・社会福祉・介護事業","200～299人","総数"
"105-2024","859","10","0","00000","2024000000","人","3010","従業者数_うち常用雇用者","その他の社会保険・社会福祉・介護事業","300人以上","総数"
"105-2024","85K","00","0","00000","2024000000","人","1417","従業者数_うち常用雇用者","更生保護事業","総数","総数"
"105-2024","85K","01","0","00000","2024000000","人","***","従業者数_うち常用雇用者","更生保護事業","0人","総数"
"105-2024","85K","02","0","00000","2024000000","人","187","従業者数_うち常用雇用者","更生保護事業","1～4人","総数"
"105-2024","85K","03","0","00000","2024000000","人","568","従業者数_うち常用雇用者","更生保護事業","5～9人","総数"
"105-2024","85K","04","0","00000","2024000000","人","403","従業者数_うち常用雇用者","更生保護事業","10～19人","総数"
"105-2024","85K","05","0","00000","2024000000","人","176","従業者数_うち常用雇用者","更生保護事業","20～29人","総数"
"105-2024","85K","06","0","00000","2024000000","人","83","従業者数_うち常用雇用者","更生保護事業","30～49人","総数"
"105-2024","85K","07","0","00000","2024000000","人","***","従業者数_うち常用雇用者","更生保護事業","50～99人","総数"
"105-2024","85K","08","0","00000","2024000000","人","***","従業者数_うち常用雇用者","更生保護事業","100～199人","総数"
"105-2024","85K","09","0","00000","2024000000","人","***","従業者数_うち常用雇用者","更生保護事業","200～299人","総数"
"105-2024","85K","10","0","00000","2024000000","人","***","従業者数_うち常用雇用者","更生保護事業","300人以上","総数"
"105-2024","85L","00","0","00000","2024000000","人","87148","従業者数_うち常用雇用者","他に分類されない社会保険・社会福祉・介護事業","総数","総数"
"105-2024","85L","01","0","00000","2024000000","人","***","従業者数_うち常用雇用者","他に分類されない社会保険・社会福祉・介護事業","0人","総数"
"105-2024","85L","02","0","00000","2024000000","人","3576","従業者数_うち常用雇用者","他に分類されない社会保険・社会福祉・介護事業","1～4人","総数"
"105-2024","85L","03","0","00000","2024000000","人","5613","従業者数_うち常用雇用者","他に分類されない社会保険・社会福祉・介護事業","5～9人","総数"
"105-2024","85L","04","0","00000","2024000000","人","11351","従業者数_うち常用雇用者","他に分類されない社会保険・社会福祉・介護事業","10～19人","総数"
"105-2024","85L","05","0","00000","2024000000","人","11952","従業者数_うち常用雇用者","他に分類されない社会保険・社会福祉・介護事業","20～29人","総数"
"105-2024","85L","06","0","00000","2024000000","人","20108","従業者数_うち常用雇用者","他に分類されない社会保険・社会福祉・介護事業","30～49人","総数"
"105-2024","85L","07","0","00000","2024000000","人","20146","従業者数_うち常用雇用者","他に分類されない社会保険・社会福祉・介護事業","50～99人","総数"
"105-2024","85L","08","0","00000","2024000000","人","8034","従業者数_うち常用雇用者","他に分類されない社会保険・社会福祉・介護事業","100～199人","総数"
"105-2024","85L","09","0","00000","2024000000","人","3358","従業者数_うち常用雇用者","他に分類されない社会保険・社会福祉・介護事業","200～299人","総数"
"105-2024","85L","10","0","00000","2024000000","人","3010","従業者数_うち常用雇用者","他に分類されない社会保険・社会福祉・介護事業","300人以上","総数"
"105-2024","Q","00","0","00000","2024000000","人","374727","従業者数_うち常用雇用者","複合サービス事業","総数","総数"
"105-2024","Q","01","0","00000","2024000000","人","***","従業者数_うち常用雇用者","複合サービス事業","0人","総数"
"105-2024","Q","02","0","00000","2024000000","人","38519","従業者数_うち常用雇用者","複合サービス事業","1～4人","総数"
"105-2024","Q","03","0","00000","2024000000","人","63258","従業者数_うち常用雇用者","複合サービス事業","5～9人","総数"
"105-2024","Q","04","0","00000","2024000000","人","51309","従業者数_うち常用雇用者","複合サービス事業","10～19人","総数"
"105-2024","Q","05","0","00000","2024000000","人","19638","従業者数_うち常用雇用者","複合サービス事業","20～29人","総数"
"105-2024","Q","06","0","00000","2024000000","人","14794","従業者数_うち常用雇用者","複合サービス事業","30～49人","総数"
"105-2024","Q","07","0","00000","2024000000","人","39367","従業者数_うち常用雇用者","複合サービス事業","50～99人","総数"
"105-2024","Q","08","0","00000","2024000000","人","60730","従業者数_うち常用雇用者","複合サービス事業","100～199人","総数"
"105-2024","Q","09","0","00000","2024000000","人","38287","従業者数_うち常用雇用者","複合サービス事業","200～299人","総数"
"105-2024","Q","10","0","00000","2024000000","人","48825","従業者数_うち常用雇用者","複合サービス事業","300人以上","総数"
"105-2024","Q1","00","0","00000","2024000000","人","255834","従業者数_うち常用雇用者","複合サービス事業（郵便局）","総数","総数"
"105-2024","Q1","01","0","00000","2024000000","人","***","従業者数_うち常用雇用者","複合サービス事業（郵便局）","0人","総数"
"105-2024","Q1","02","0","00000","2024000000","人","34609","従業者数_うち常用雇用者","複合サービス事業（郵便局）","1～4人","総数"
"105-2024","Q1","03","0","00000","2024000000","人","50603","従業者数_うち常用雇用者","複合サービス事業（郵便局）","5～9人","総数"
"105-2024","Q1","04","0","00000","2024000000","人","16153","従業者数_うち常用雇用者","複合サービス事業（郵便局）","10～19人","総数"
"105-2024","Q1","05","0","00000","2024000000","人","1729","従業者数_うち常用雇用者","複合サービス事業（郵便局）","20～29人","総数"
"105-2024","Q1","06","0","00000","2024000000","人","2938","従業者数_うち常用雇用者","複合サービス事業（郵便局）","30～49人","総数"
"105-2024","Q1","07","0","00000","2024000000","人","22542","従業者数_うち常用雇用者","複合サービス事業（郵便局）","50～99人","総数"
"105-2024","Q1","08","0","00000","2024000000","人","47776","従業者数_うち常用雇用者","複合サービス事業（郵便局）","100～199人","総数"
"105-2024","Q1","09","0","00000","2024000000","人","33541","従業者数_うち常用雇用者","複合サービス事業（郵便局）","200～299人","総数"
"105-2024","Q1","10","0","00000","2024000000","人","45943","従業者数_うち常用雇用者","複合サービス事業（郵便局）","300人以上","総数"
"105-2024","86","00","0","00000","2024000000","人","255834","従業者数_うち常用雇用者","郵便局","総数","総数"
"105-2024","86","01","0","00000","2024000000","人","***","従業者数_うち常用雇用者","郵便局","0人","総数"
"105-2024","86","02","0","00000","2024000000","人","34609","従業者数_うち常用雇用者","郵便局","1～4人","総数"
"105-2024","86","03","0","00000","2024000000","人","50603","従業者数_うち常用雇用者","郵便局","5～9人","総数"
"105-2024","86","04","0","00000","2024000000","人","16153","従業者数_うち常用雇用者","郵便局","10～19人","総数"
"105-2024","86","05","0","00000","2024000000","人","1729","従業者数_うち常用雇用者","郵便局","20～29人","総数"
"105-2024","86","06","0","00000","2024000000","人","2938","従業者数_うち常用雇用者","郵便局","30～49人","総数"
"105-2024","86","07","0","00000","2024000000","人","22542","従業者数_うち常用雇用者","郵便局","50～99人","総数"
"105-2024","86","08","0","00000","2024000000","人","47776","従業者数_うち常用雇用者","郵便局","100～199人","総数"
"105-2024","86","09","0","00000","2024000000","人","33541","従業者数_うち常用雇用者","郵便局","200～299人","総数"
"105-2024","86","10","0","00000","2024000000","人","45943","従業者数_うち常用雇用者","郵便局","300人以上","総数"
"105-2024","860","00","0","00000","2024000000","人","13023","従業者数_うち常用雇用者","管理、補助的経済活動を行う事業所（86_郵便局）","総数","総数"
"105-2024","860","01","0","00000","2024000000","人","***","従業者数_うち常用雇用者","管理、補助的経済活動を行う事業所（86_郵便局）","0人","総数"
"105-2024","860","02","0","00000","2024000000","人","12","従業者数_うち常用雇用者","管理、補助的経済活動を行う事業所（86_郵便局）","1～4人","総数"
"105-2024","860","03","0","00000","2024000000","人","55","従業者数_うち常用雇用者","管理、補助的経済活動を行う事業所（86_郵便局）","5～9人","総数"
"105-2024","860","04","0","00000","2024000000","人","541","従業者数_うち常用雇用者","管理、補助的経済活動を行う事業所（86_郵便局）","10～19人","総数"
"105-2024","860","05","0","00000","2024000000","人","356","従業者数_うち常用雇用者","管理、補助的経済活動を行う事業所（86_郵便局）","20～29人","総数"
"105-2024","860","06","0","00000","2024000000","人","485","従業者数_うち常用雇用者","管理、補助的経済活動を行う事業所（86_郵便局）","30～49人","総数"
"105-2024","860","07","0","00000","2024000000","人","217","従業者数_うち常用雇用者","管理、補助的経済活動を行う事業所（86_郵便局）","50～99人","総数"
"105-2024","860","08","0","00000","2024000000","人","***","従業者数_うち常用雇用者","管理、補助的経済活動を行う事業所（86_郵便局）","100～199人","総数"
"105-2024","860","09","0","00000","2024000000","人","222","従業者数_うち常用雇用者","管理、補助的経済活動を行う事業所（86_郵便局）","200～299人","総数"
"105-2024","860","10","0","00000","2024000000","人","11135","従業者数_うち常用雇用者","管理、補助的経済活動を行う事業所（86_郵便局）","300人以上","総数"
"105-2024","861","00","0","00000","2024000000","人","237456","従業者数_うち常用雇用者","郵便局","総数","総数"
"105-2024","861","01","0","00000","2024000000","人","***","従業者数_うち常用雇用者","郵便局","0人","総数"
"105-2024","861","02","0","00000","2024000000","人","30158","従業者数_うち常用雇用者","郵便局","1～4人","総数"
"105-2024","861","03","0","00000","2024000000","人","50068","従業者数_うち常用雇用者","郵便局","5～9人","総数"
"105-2024","861","04","0","00000","2024000000","人","15352","従業者数_うち常用雇用者","郵便局","10～19人","総数"
"105-2024","861","05","0","00000","2024000000","人","1325","従業者数_うち常用雇用者","郵便局","20～29人","総数"
"105-2024","861","06","0","00000","2024000000","人","2453","従業者数_うち常用雇用者","郵便局","30～49人","総数"
"105-2024","861","07","0","00000","2024000000","人","22197","従業者数_うち常用雇用者","郵便局","50～99人","総数"
"105-2024","861","08","0","00000","2024000000","人","47776","従業者数_うち常用雇用者","郵便局","100～199人","総数"
"105-2024","861","09","0","00000","2024000000","人","33319","従業者数_うち常用雇用者","郵便局","200～299人","総数"
"105-2024","861","10","0","00000","2024000000","人","34808","従業者数_うち常用雇用者","郵便局","300人以上","総数"
"105-2024","862","00","0","00000","2024000000","人","5355","従業者数_うち常用雇用者","郵便局受託業","総数","総数"
"105-2024","862","01","0","00000","2024000000","人","***","従業者数_うち常用雇用者","郵便局受託業","0人","総数"
"105-2024","862","02","0","00000","2024000000","人","4439","従業者数_うち常用雇用者","郵便局受託業","1～4人","総数"
"105-2024","862","03","0","00000","2024000000","人","480","従業者数_うち常用雇用者","郵便局受託業","5～9人","総数"
"105-2024","862","04","0","00000","2024000000","人","260","従業者数_うち常用雇用者","郵便局受託業","10～19人","総数"
"105-2024","862","05","0","00000","2024000000","人","48","従業者数_うち常用雇用者","郵便局受託業","20～29人","総数"
"105-2024","862","06","0","00000","2024000000","人","***","従業者数_うち常用雇用者","郵便局受託業","30～49人","総数"
"105-2024","862","07","0","00000","2024000000","人","128","従業者数_うち常用雇用者","郵便局受託業","50～99人","総数"
"105-2024","862","08","0","00000","2024000000","人","***","従業者数_うち常用雇用者","郵便局受託業","100～199人","総数"
"105-2024","862","09","0","00000","2024000000","人","***","従業者数_うち常用雇用者","郵便局受託業","200～299人","総数"
"105-2024","862","10","0","00000","2024000000","人","***","従業者数_うち常用雇用者","郵便局受託業","300人以上","総数"
"105-2024","Q2","00","0","00000","2024000000","人","118893","従業者数_うち常用雇用者","複合サービス事業（協同組合）","総数","総数"
"105-2024","Q2","01","0","00000","2024000000","人","***","従業者数_うち常用雇用者","複合サービス事業（協同組合）","0人","総数"
"105-2024","Q2","02","0","00000","2024000000","人","3910","従業者数_うち常用雇用者","複合サービス事業（協同組合）","1～4人","総数"
"105-2024","Q2","03","0","00000","2024000000","人","12655","従業者数_うち常用雇用者","複合サービス事業（協同組合）","5～9人","総数"
"105-2024","Q2","04","0","00000","2024000000","人","35156","従業者数_うち常用雇用者","複合サービス事業（協同組合）","10～19人","総数"
"105-2024","Q2","05","0","00000","2024000000","人","17909","従業者数_うち常用雇用者","複合サービス事業（協同組合）","20～29人","総数"
"105-2024","Q2","06","0","00000","2024000000","人","11856","従業者数_うち常用雇用者","複合サービス事業（協同組合）","30～49人","総数"
"105-2024","Q2","07","0","00000","2024000000","人","16825","従業者数_うち常用雇用者","複合サービス事業（協同組合）","50～99人","総数"
"105-2024","Q2","08","0","00000","2024000000","人","12954","従業者数_うち常用雇用者","複合サービス事業（協同組合）","100～199人","総数"
"105-2024","Q2","09","0","00000","2024000000","人","4746","従業者数_うち常用雇用者","複合サービス事業（協同組合）","200～299人","総数"
"105-2024","Q2","10","0","00000","2024000000","人","2882","従業者数_うち常用雇用者","複合サービス事業（協同組合）","300人以上","総数"
"105-2024","87","00","0","00000","2024000000","人","118893","従業者数_うち常用雇用者","協同組合（他に分類されないもの）","総数","総数"
"105-2024","87","01","0","00000","2024000000","人","***","従業者数_うち常用雇用者","協同組合（他に分類されないもの）","0人","総数"
"105-2024","87","02","0","00000","2024000000","人","3910","従業者数_うち常用雇用者","協同組合（他に分類されないもの）","1～4人","総数"
"105-2024","87","03","0","00000","2024000000","人","12655","従業者数_うち常用雇用者","協同組合（他に分類されないもの）","5～9人","総数"
"105-2024","87","04","0","00000","2024000000","人","35156","従業者数_うち常用雇用者","協同組合（他に分類されないもの）","10～19人","総数"
"105-2024","87","05","0","00000","2024000000","人","17909","従業者数_うち常用雇用者","協同組合（他に分類されないもの）","20～29人","総数"
"105-2024","87","06","0","00000","2024000000","人","11856","従業者数_うち常用雇用者","協同組合（他に分類されないもの）","30～49人","総数"
"105-2024","87","07","0","00000","2024000000","人","16825","従業者数_うち常用雇用者","協同組合（他に分類されないもの）","50～99人","総数"
"105-2024","87","08","0","00000","2024000000","人","12954","従業者数_うち常用雇用者","協同組合（他に分類されないもの）","100～199人","総数"
"105-2024","87","09","0","00000","2024000000","人","4746","従業者数_うち常用雇用者","協同組合（他に分類されないもの）","200～299人","総数"
"105-2024","87","10","0","00000","2024000000","人","2882","従業者数_うち常用雇用者","協同組合（他に分類されないもの）","300人以上","総数"
"105-2024","870","00","0","00000","2024000000","人","4988","従業者数_うち常用雇用者","管理、補助的経済活動を行う事業所（87_協同組合）","総数","総数"
"105-2024","870","01","0","00000","2024000000","人","***","従業者数_うち常用雇用者","管理、補助的経済活動を行う事業所（87_協同組合）","0人","総数"
"105-2024","870","02","0","00000","2024000000","人","63","従業者数_うち常用雇用者","管理、補助的経済活動を行う事業所（87_協同組合）","1～4人","総数"
"105-2024","870","03","0","00000","2024000000","人","135","従業者数_うち常用雇用者","管理、補助的経済活動を行う事業所（87_協同組合）","5～9人","総数"
"105-2024","870","04","0","00000","2024000000","人","116","従業者数_うち常用雇用者","管理、補助的経済活動を行う事業所（87_協同組合）","10～19人","総数"
"105-2024","870","05","0","00000","2024000000","人","148","従業者数_うち常用雇用者","管理、補助的経済活動を行う事業所（87_協同組合）","20～29人","総数"
"105-2024","870","06","0","00000","2024000000","人","440","従業者数_うち常用雇用者","管理、補助的経済活動を行う事業所（87_協同組合）","30～49人","総数"
"105-2024","870","07","0","00000","2024000000","人","2027","従業者数_うち常用雇用者","管理、補助的経済活動を行う事業所（87_協同組合）","50～99人","総数"
"105-2024","870","08","0","00000","2024000000","人","1542","従業者数_うち常用雇用者","管理、補助的経済活動を行う事業所（87_協同組合）","100～199人","総数"
"105-2024","870","09","0","00000","2024000000","人","517","従業者数_うち常用雇用者","管理、補助的経済活動を行う事業所（87_協同組合）","200～299人","総数"
"105-2024","870","10","0","00000","2024000000","人","***","従業者数_うち常用雇用者","管理、補助的経済活動を行う事業所（87_協同組合）","300人以上","総数"
"105-2024","871","00","0","00000","2024000000","人","111057","従業者数_うち常用雇用者","農林水産業協同組合（他に分類されないもの）","総数","総数"
"105-2024","871","01","0","00000","2024000000","人","***","従業者数_うち常用雇用者","農林水産業協同組合（他に分類されないもの）","0人","総数"
"105-2024","871","02","0","00000","2024000000","人","2799","従業者数_うち常用雇用者","農林水産業協同組合（他に分類されないもの）","1～4人","総数"
"105-2024","871","03","0","00000","2024000000","人","11998","従業者数_うち常用雇用者","農林水産業協同組合（他に分類されないもの）","5～9人","総数"
"105-2024","871","04","0","00000","2024000000","人","34579","従業者数_うち常用雇用者","農林水産業協同組合（他に分類されないもの）","10～19人","総数"
"105-2024","871","05","0","00000","2024000000","人","17582","従業者数_うち常用雇用者","農林水産業協同組合（他に分類されないもの）","20～29人","総数"
"105-2024","871","06","0","00000","2024000000","人","11227","従業者数_うち常用雇用者","農林水産業協同組合（他に分類されないもの）","30～49人","総数"
"105-2024","871","07","0","00000","2024000000","人","14496","従業者数_うち常用雇用者","農林水産業協同組合（他に分類されないもの）","50～99人","総数"
"105-2024","871","08","0","00000","2024000000","人","11265","従業者数_うち常用雇用者","農林水産業協同組合（他に分類されないもの）","100～199人","総数"
"105-2024","871","09","0","00000","2024000000","人","4229","従業者数_うち常用雇用者","農林水産業協同組合（他に分類されないもの）","200～299人","総数"
"105-2024","871","10","0","00000","2024000000","人","2882","従業者数_うち常用雇用者","農林水産業協同組合（他に分類されないもの）","300人以上","総数"
"105-2024","872","00","0","00000","2024000000","人","2848","従業者数_うち常用雇用者","事業協同組合（他に分類されないもの）","総数","総数"
"105-2024","872","01","0","00000","2024000000","人","***","従業者数_うち常用雇用者","事業協同組合（他に分類されないもの）","0人","総数"
"105-2024","872","02","0","00000","2024000000","人","1048","従業者数_うち常用雇用者","事業協同組合（他に分類されないもの）","1～4人","総数"
"105-2024","872","03","0","00000","2024000000","人","522","従業者数_うち常用雇用者","事業協同組合（他に分類されないもの）","5～9人","総数"
"105-2024","872","04","0","00000","2024000000","人","461","従業者数_うち常用雇用者","事業協同組合（他に分類されないもの）","10～19人","総数"
"105-2024","872","05","0","00000","2024000000","人","179","従業者数_うち常用雇用者","事業協同組合（他に分類されないもの）","20～29人","総数"
"105-2024","872","06","0","00000","2024000000","人","189","従業者数_うち常用雇用者","事業協同組合（他に分類されないもの）","30～49人","総数"
"105-2024","872","07","0","00000","2024000000","人","302","従業者数_うち常用雇用者","事業協同組合（他に分類されないもの）","50～99人","総数"
"105-2024","872","08","0","00000","2024000000","人","147","従業者数_うち常用雇用者","事業協同組合（他に分類されないもの）","100～199人","総数"
"105-2024","872","09","0","00000","2024000000","人","***","従業者数_うち常用雇用者","事業協同組合（他に分類されないもの）","200～299人","総数"
"105-2024","872","10","0","00000","2024000000","人","***","従業者数_うち常用雇用者","事業協同組合（他に分類されないもの）","300人以上","総数"
"105-2024","R","00","0","00000","2024000000","人","5008399","従業者数_うち常用雇用者","サービス業（他に分類されないもの）","総数","総数"
"105-2024","R","01","0","00000","2024000000","人","***","従業者数_うち常用雇用者","サービス業（他に分類されないもの）","0人","総数"
"105-2024","R","02","0","00000","2024000000","人","329711","従業者数_うち常用雇用者","サービス業（他に分類されないもの）","1～4人","総数"
"105-2024","R","03","0","00000","2024000000","人","295901","従業者数_うち常用雇用者","サービス業（他に分類されないもの）","5～9人","総数"
"105-2024","R","04","0","00000","2024000000","人","411940","従業者数_うち常用雇用者","サービス業（他に分類されないもの）","10～19人","総数"
"105-2024","R","05","0","00000","2024000000","人","302711","従業者数_うち常用雇用者","サービス業（他に分類されないもの）","20～29人","総数"
"105-2024","R","06","0","00000","2024000000","人","470935","従業者数_うち常用雇用者","サービス業（他に分類されないもの）","30～49人","総数"
"105-2024","R","07","0","00000","2024000000","人","661942","従業者数_うち常用雇用者","サービス業（他に分類されないもの）","50～99人","総数"
"105-2024","R","08","0","00000","2024000000","人","759145","従業者数_うち常用雇用者","サービス業（他に分類されないもの）","100～199人","総数"
"105-2024","R","09","0","00000","2024000000","人","428219","従業者数_うち常用雇用者","サービス業（他に分類されないもの）","200～299人","総数"
"105-2024","R","10","0","00000","2024000000","人","1347895","従業者数_うち常用雇用者","サービス業（他に分類されないもの）","300人以上","総数"
"105-2024","R1","00","0","00000","2024000000","人","400937","従業者数_うち常用雇用者","サービス業（政治・経済・文化団体、宗教）","総数","総数"
"105-2024","R1","01","0","00000","2024000000","人","***","従業者数_うち常用雇用者","サービス業（政治・経済・文化団体、宗教）","0人","総数"
"105-2024","R1","02","0","00000","2024000000","人","158302","従業者数_うち常用雇用者","サービス業（政治・経済・文化団体、宗教）","1～4人","総数"
"105-2024","R1","03","0","00000","2024000000","人","62828","従業者数_うち常用雇用者","サービス業（政治・経済・文化団体、宗教）","5～9人","総数"
"105-2024","R1","04","0","00000","2024000000","人","59818","従業者数_うち常用雇用者","サービス業（政治・経済・文化団体、宗教）","10～19人","総数"
"105-2024","R1","05","0","00000","2024000000","人","29803","従業者数_うち常用雇用者","サービス業（政治・経済・文化団体、宗教）","20～29人","総数"
"105-2024","R1","06","0","00000","2024000000","人","33146","従業者数_うち常用雇用者","サービス業（政治・経済・文化団体、宗教）","30～49人","総数"
"105-2024","R1","07","0","00000","2024000000","人","25494","従業者数_うち常用雇用者","サービス業（政治・経済・文化団体、宗教）","50～99人","総数"
"105-2024","R1","08","0","00000","2024000000","人","14549","従業者数_うち常用雇用者","サービス業（政治・経済・文化団体、宗教）","100～199人","総数"
"105-2024","R1","09","0","00000","2024000000","人","9321","従業者数_うち常用雇用者","サービス業（政治・経済・文化団体、宗教）","200～299人","総数"
"105-2024","R1","10","0","00000","2024000000","人","7676","従業者数_うち常用雇用者","サービス業（政治・経済・文化団体、宗教）","300人以上","総数"
"105-2024","93","00","0","00000","2024000000","人","240015","従業者数_うち常用雇用者","政治・経済・文化団体","総数","総数"
"105-2024","93","01","0","00000","2024000000","人","***","従業者数_うち常用雇用者","政治・経済・文化団体","0人","総数"
"105-2024","93","02","0","00000","2024000000","人","62715","従業者数_うち常用雇用者","政治・経済・文化団体","1～4人","総数"
"105-2024","93","03","0","00000","2024000000","人","43074","従業者数_うち常用雇用者","政治・経済・文化団体","5～9人","総数"
"105-2024","93","04","0","00000","2024000000","人","46985","従業者数_うち常用雇用者","政治・経済・文化団体","10～19人","総数"
"105-2024","93","05","0","00000","2024000000","人","23951","従業者数_うち常用雇用者","政治・経済・文化団体","20～29人","総数"
"105-2024","93","06","0","00000","2024000000","人","26110","従業者数_うち常用雇用者","政治・経済・文化団体","30～49人","総数"
"105-2024","93","07","0","00000","2024000000","人","18837","従業者数_うち常用雇用者","政治・経済・文化団体","50～99人","総数"
"105-2024","93","08","0","00000","2024000000","人","9649","従業者数_うち常用雇用者","政治・経済・文化団体","100～199人","総数"
"105-2024","93","09","0","00000","2024000000","人","6459","従業者数_うち常用雇用者","政治・経済・文化団体","200～299人","総数"
"105-2024","93","10","0","00000","2024000000","人","2235","従業者数_うち常用雇用者","政治・経済・文化団体","300人以上","総数"
"105-2024","931","00","0","00000","2024000000","人","101075","従業者数_うち常用雇用者","経済団体","総数","総数"
"105-2024","931","01","0","00000","2024000000","人","***","従業者数_うち常用雇用者","経済団体","0人","総数"
"105-2024","931","02","0","00000","2024000000","人","25834","従業者数_うち常用雇用者","経済団体","1～4人","総数"
"105-2024","931","03","0","00000","2024000000","人","18482","従業者数_うち常用雇用者","経済団体","5～9人","総数"
"105-2024","931","04","0","00000","2024000000","人","19611","従業者数_うち常用雇用者","経済団体","10～19人","総数"
"105-2024","931","05","0","00000","2024000000","人","10210","従業者数_うち常用雇用者","経済団体","20～29人","総数"
"105-2024","931","06","0","00000","2024000000","人","10814","従業者数_うち常用雇用者","経済団体","30～49人","総数"
"105-2024","931","07","0","00000","2024000000","人","8505","従業者数_うち常用雇用者","経済団体","50～99人","総数"
"105-2024","931","08","0","00000","2024000000","人","5085","従業者数_うち常用雇用者","経済団体","100～199人","総数"
"105-2024","931","09","0","00000","2024000000","人","1912","従業者数_うち常用雇用者","経済団体","200～299人","総数"
"105-2024","931","10","0","00000","2024000000","人","622","従業者数_うち常用雇用者","経済団体","300人以上","総数"
"105-2024","932","00","0","00000","2024000000","人","24202","従業者数_うち常用雇用者","労働団体","総数","総数"
"105-2024","932","01","0","00000","2024000000","人","***","従業者数_うち常用雇用者","労働団体","0人","総数"
"105-2024","932","02","0","00000","2024000000","人","7656","従業者数_うち常用雇用者","労働団体","1～4人","総数"
"105-2024","932","03","0","00000","2024000000","人","4540","従業者数_うち常用雇用者","労働団体","5～9人","総数"
"105-2024","932","04","0","00000","2024000000","人","4502","従業者数_うち常用雇用者","労働団体","10～19人","総数"
"105-2024","932","05","0","00000","2024000000","人","1693","従業者数_うち常用雇用者","労働団体","20～29人","総数"
"105-2024","932","06","0","00000","2024000000","人","2887","従業者数_うち常用雇用者","労働団体","30～49人","総数"
"105-2024","932","07","0","00000","2024000000","人","1139","従業者数_うち常用雇用者","労働団体","50～99人","総数"
"105-2024","932","08","0","00000","2024000000","人","978","従業者数_うち常用雇用者","労働団体","100～199人","総数"
"105-2024","932","09","0","00000","2024000000","人","807","従業者数_うち常用雇用者","労働団体","200～299人","総数"
"105-2024","932","10","0","00000","2024000000","人","***","従業者数_うち常用雇用者","労働団体","300人以上","総数"
"105-2024","933","00","0","00000","2024000000","人","8682","従業者数_うち常用雇用者","学術・文化団体","総数","総数"
"105-2024","933","01","0","00000","2024000000","人","***","従業者数_うち常用雇用者","学術・文化団体","0人","総数"
"105-2024","933","02","0","00000","2024000000","人","1935","従業者数_うち常用雇用者","学術・文化団体","1～4人","総数"
"105-2024","933","03","0","00000","2024000000","人","1559","従業者数_うち常用雇用者","学術・文化団体","5～9人","総数"
"105-2024","933","04","0","00000","2024000000","人","1857","従業者数_うち常用雇用者","学術・文化団体","10～19人","総数"
"105-2024","933","05","0","00000","2024000000","人","992","従業者数_うち常用雇用者","学術・文化団体","20～29人","総数"
"105-2024","933","06","0","00000","2024000000","人","782","従業者数_うち常用雇用者","学術・文化団体","30～49人","総数"
"105-2024","933","07","0","00000","2024000000","人","872","従業者数_うち常用雇用者","学術・文化団体","50～99人","総数"
"105-2024","933","08","0","00000","2024000000","人","413","従業者数_うち常用雇用者","学術・文化団体","100～199人","総数"
"105-2024","933","09","0","00000","2024000000","人","272","従業者数_うち常用雇用者","学術・文化団体","200～299人","総数"
"105-2024","933","10","0","00000","2024000000","人","***","従業者数_うち常用雇用者","学術・文化団体","300人以上","総数"
"105-2024","934","00","0","00000","2024000000","人","4642","従業者数_うち常用雇用者","政治団体","総数","総数"
"105-2024","934","01","0","00000","2024000000","人","***","従業者数_うち常用雇用者","政治団体","0人","総数"
"105-2024","934","02","0","00000","2024000000","人","1859","従業者数_うち常用雇用者","政治団体","1～4人","総数"
"105-2024","934","03","0","00000","2024000000","人","990","従業者数_うち常用雇用者","政治団体","5～9人","総数"
"105-2024","934","04","0","00000","2024000000","人","462","従業者数_うち常用雇用者","政治団体","10～19人","総数"
"105-2024","934","05","0","00000","2024000000","人","231","従業者数_うち常用雇用者","政治団体","20～29人","総数"
"105-2024","934","06","0","00000","2024000000","人","272","従業者数_うち常用雇用者","政治団体","30～49人","総数"
"105-2024","934","07","0","00000","2024000000","人","***","従業者数_うち常用雇用者","政治団体","50～99人","総数"
"105-2024","934","08","0","00000","2024000000","人","***","従業者数_うち常用雇用者","政治団体","100～199人","総数"
"105-2024","934","09","0","00000","2024000000","人","284","従業者数_うち常用雇用者","政治団体","200～299人","総数"
"105-2024","934","10","0","00000","2024000000","人","544","従業者数_うち常用雇用者","政治団体","300人以上","総数"
"105-2024","939","00","0","00000","2024000000","人","101414","従業者数_うち常用雇用者","他に分類されない非営利的団体","総数","総数"
"105-2024","939","01","0","00000","2024000000","人","***","従業者数_うち常用雇用者","他に分類されない非営利的団体","0人","総数"
"105-2024","939","02","0","00000","2024000000","人","25431","従業者数_うち常用雇用者","他に分類されない非営利的団体","1～4人","総数"
"105-2024","939","03","0","00000","2024000000","人","17503","従業者数_うち常用雇用者","他に分類されない非営利的団体","5～9人","総数"
"105-2024","939","04","0","00000","2024000000","人","20553","従業者数_うち常用雇用者","他に分類されない非営利的団体","10～19人","総数"
"105-2024","939","05","0","00000","2024000000","人","10825","従業者数_うち常用雇用者","他に分類されない非営利的団体","20～29人","総数"
"105-2024","939","06","0","00000","2024000000","人","11355","従業者数_うち常用雇用者","他に分類されない非営利的団体","30～49人","総数"
"105-2024","939","07","0","00000","2024000000","人","8321","従業者数_うち常用雇用者","他に分類されない非営利的団体","50～99人","総数"
"105-2024","939","08","0","00000","2024000000","人","3173","従業者数_うち常用雇用者","他に分類されない非営利的団体","100～199人","総数"
"105-2024","939","09","0","00000","2024000000","人","3184","従業者数_うち常用雇用者","他に分類されない非営利的団体","200～299人","総数"
"105-2024","939","10","0","00000","2024000000","人","1069","従業者数_うち常用雇用者","他に分類されない非営利的団体","300人以上","総数"
"105-2024","94","00","0","00000","2024000000","人","160918","従業者数_うち常用雇用者","宗教","総数","総数"
"105-2024","94","01","0","00000","2024000000","人","***","従業者数_うち常用雇用者","宗教","0人","総数"
"105-2024","94","02","0","00000","2024000000","人","95583","従業者数_うち常用雇用者","宗教","1～4人","総数"
"105-2024","94","03","0","00000","2024000000","人","19754","従業者数_うち常用雇用者","宗教","5～9人","総数"
"105-2024","94","04","0","00000","2024000000","人","12833","従業者数_うち常用雇用者","宗教","10～19人","総数"
"105-2024","94","05","0","00000","2024000000","人","5852","従業者数_うち常用雇用者","宗教","20～29人","総数"
"105-2024","94","06","0","00000","2024000000","人","7036","従業者数_うち常用雇用者","宗教","30～49人","総数"
"105-2024","94","07","0","00000","2024000000","人","6657","従業者数_うち常用雇用者","宗教","50～99人","総数"
"105-2024","94","08","0","00000","2024000000","人","4900","従業者数_うち常用雇用者","宗教","100～199人","総数"
"105-2024","94","09","0","00000","2024000000","人","2862","従業者数_うち常用雇用者","宗教","200～299人","総数"
"105-2024","94","10","0","00000","2024000000","人","5441","従業者数_うち常用雇用者","宗教","300人以上","総数"
"105-2024","941","00","0","00000","2024000000","人","28220","従業者数_うち常用雇用者","神道系宗教","総数","総数"
"105-2024","941","01","0","00000","2024000000","人","***","従業者数_うち常用雇用者","神道系宗教","0人","総数"
"105-2024","941","02","0","00000","2024000000","人","10503","従業者数_うち常用雇用者","神道系宗教","1～4人","総数"
"105-2024","941","03","0","00000","2024000000","人","4303","従業者数_うち常用雇用者","神道系宗教","5～9人","総数"
"105-2024","941","04","0","00000","2024000000","人","3668","従業者数_うち常用雇用者","神道系宗教","10～19人","総数"
"105-2024","941","05","0","00000","2024000000","人","1927","従業者数_うち常用雇用者","神道系宗教","20～29人","総数"
"105-2024","941","06","0","00000","2024000000","人","2241","従業者数_うち常用雇用者","神道系宗教","30～49人","総数"
"105-2024","941","07","0","00000","2024000000","人","2058","従業者数_うち常用雇用者","神道系宗教","50～99人","総数"
"105-2024","941","08","0","00000","2024000000","人","2207","従業者数_うち常用雇用者","神道系宗教","100～199人","総数"
"105-2024","941","09","0","00000","2024000000","人","905","従業者数_うち常用雇用者","神道系宗教","200～299人","総数"
"105-2024","941","10","0","00000","2024000000","人","408","従業者数_うち常用雇用者","神道系宗教","300人以上","総数"
"105-2024","942","00","0","00000","2024000000","人","98593","従業者数_うち常用雇用者","仏教系宗教","総数","総数"
"105-2024","942","01","0","00000","2024000000","人","***","従業者数_うち常用雇用者","仏教系宗教","0人","総数"
"105-2024","942","02","0","00000","2024000000","人","67184","従業者数_うち常用雇用者","仏教系宗教","1～4人","総数"
"105-2024","942","03","0","00000","2024000000","人","11440","従業者数_うち常用雇用者","仏教系宗教","5～9人","総数"
"105-2024","942","04","0","00000","2024000000","人","5174","従業者数_うち常用雇用者","仏教系宗教","10～19人","総数"
"105-2024","942","05","0","00000","2024000000","人","1912","従業者数_うち常用雇用者","仏教系宗教","20～29人","総数"
"105-2024","942","06","0","00000","2024000000","人","2654","従業者数_うち常用雇用者","仏教系宗教","30～49人","総数"
"105-2024","942","07","0","00000","2024000000","人","3189","従業者数_うち常用雇用者","仏教系宗教","50～99人","総数"
"105-2024","942","08","0","00000","2024000000","人","1727","従業者数_うち常用雇用者","仏教系宗教","100～199人","総数"
"105-2024","942","09","0","00000","2024000000","人","1215","従業者数_うち常用雇用者","仏教系宗教","200～299人","総数"
"105-2024","942","10","0","00000","2024000000","人","4098","従業者数_うち常用雇用者","仏教系宗教","300人以上","総数"
"105-2024","943","00","0","00000","2024000000","人","15308","従業者数_うち常用雇用者","キリスト教系宗教","総数","総数"
"105-2024","943","01","0","00000","2024000000","人","***","従業者数_うち常用雇用者","キリスト教系宗教","0人","総数"
"105-2024","943","02","0","00000","2024000000","人","7074","従業者数_うち常用雇用者","キリスト教系宗教","1～4人","総数"
"105-2024","943","03","0","00000","2024000000","人","1837","従業者数_うち常用雇用者","キリスト教系宗教","5～9人","総数"
"105-2024","943","04","0","00000","2024000000","人","2048","従業者数_うち常用雇用者","キリスト教系宗教","10～19人","総数"
"105-2024","943","05","0","00000","2024000000","人","973","従業者数_うち常用雇用者","キリスト教系宗教","20～29人","総数"
"105-2024","943","06","0","00000","2024000000","人","1318","従業者数_うち常用雇用者","キリスト教系宗教","30～49人","総数"
"105-2024","943","07","0","00000","2024000000","人","938","従業者数_うち常用雇用者","キリスト教系宗教","50～99人","総数"
"105-2024","943","08","0","00000","2024000000","人","649","従業者数_うち常用雇用者","キリスト教系宗教","100～199人","総数"
"105-2024","943","09","0","00000","2024000000","人","471","従業者数_うち常用雇用者","キリスト教系宗教","200～299人","総数"
"105-2024","943","10","0","00000","2024000000","人","***","従業者数_うち常用雇用者","キリスト教系宗教","300人以上","総数"
"105-2024","949","00","0","00000","2024000000","人","18797","従業者数_うち常用雇用者","その他の宗教","総数","総数"
"105-2024","949","01","0","00000","2024000000","人","***","従業者数_うち常用雇用者","その他の宗教","0人","総数"
"105-2024","949","02","0","00000","2024000000","人","10822","従業者数_うち常用雇用者","その他の宗教","1～4人","総数"
"105-2024","949","03","0","00000","2024000000","人","2174","従業者数_うち常用雇用者","その他の宗教","5～9人","総数"
"105-2024","949","04","0","00000","2024000000","人","1943","従業者数_うち常用雇用者","その他の宗教","10～19人","総数"
"105-2024","949","05","0","00000","2024000000","人","1040","従業者数_うち常用雇用者","その他の宗教","20～29人","総数"
"105-2024","949","06","0","00000","2024000000","人","823","従業者数_うち常用雇用者","その他の宗教","30～49人","総数"
"105-2024","949","07","0","00000","2024000000","人","472","従業者数_うち常用雇用者","その他の宗教","50～99人","総数"
"105-2024","949","08","0","00000","2024000000","人","317","従業者数_うち常用雇用者","その他の宗教","100～199人","総数"
"105-2024","949","09","0","00000","2024000000","人","271","従業者数_うち常用雇用者","その他の宗教","200～299人","総数"
"105-2024","949","10","0","00000","2024000000","人","935","従業者数_うち常用雇用者","その他の宗教","300人以上","総数"
"105-2024","R2","00","0","00000","2024000000","人","4607462","従業者数_うち常用雇用者","サービス業（政治・経済・文化団体、宗教を除く）","総数","総数"
"105-2024","R2","01","0","00000","2024000000","人","***","従業者数_うち常用雇用者","サービス業（政治・経済・文化団体、宗教を除く）","0人","総数"
"105-2024","R2","02","0","00000","2024000000","人","171409","従業者数_うち常用雇用者","サービス業（政治・経済・文化団体、宗教を除く）","1～4人","総数"
"105-2024","R2","03","0","00000","2024000000","人","233073","従業者数_うち常用雇用者","サービス業（政治・経済・文化団体、宗教を除く）","5～9人","総数"
"105-2024","R2","04","0","00000","2024000000","人","352122","従業者数_うち常用雇用者","サービス業（政治・経済・文化団体、宗教を除く）","10～19人","総数"
"105-2024","R2","05","0","00000","2024000000","人","272908","従業者数_うち常用雇用者","サービス業（政治・経済・文化団体、宗教を除く）","20～29人","総数"
"105-2024","R2","06","0","00000","2024000000","人","437789","従業者数_うち常用雇用者","サービス業（政治・経済・文化団体、宗教を除く）","30～49人","総数"
"105-2024","R2","07","0","00000","2024000000","人","636448","従業者数_うち常用雇用者","サービス業（政治・経済・文化団体、宗教を除く）","50～99人","総数"
"105-2024","R2","08","0","00000","2024000000","人","744596","従業者数_うち常用雇用者","サービス業（政治・経済・文化団体、宗教を除く）","100～199人","総数"
"105-2024","R2","09","0","00000","2024000000","人","418898","従業者数_うち常用雇用者","サービス業（政治・経済・文化団体、宗教を除く）","200～299人","総数"
"105-2024","R2","10","0","00000","2024000000","人","1340219","従業者数_うち常用雇用者","サービス業（政治・経済・文化団体、宗教を除く）","300人以上","総数"
"105-2024","88","00","0","00000","2024000000","人","271587","従業者数_うち常用雇用者","廃棄物処理業","総数","総数"
"105-2024","88","01","0","00000","2024000000","人","***","従業者数_うち常用雇用者","廃棄物処理業","0人","総数"
"105-2024","88","02","0","00000","2024000000","人","18085","従業者数_うち常用雇用者","廃棄物処理業","1～4人","総数"
"105-2024","88","03","0","00000","2024000000","人","33140","従業者数_うち常用雇用者","廃棄物処理業","5～9人","総数"
"105-2024","88","04","0","00000","2024000000","人","54360","従業者数_うち常用雇用者","廃棄物処理業","10～19人","総数"
"105-2024","88","05","0","00000","2024000000","人","40624","従業者数_うち常用雇用者","廃棄物処理業","20～29人","総数"
"105-2024","88","06","0","00000","2024000000","人","51874","従業者数_うち常用雇用者","廃棄物処理業","30～49人","総数"
"105-2024","88","07","0","00000","2024000000","人","43330","従業者数_うち常用雇用者","廃棄物処理業","50～99人","総数"
"105-2024","88","08","0","00000","2024000000","人","20435","従業者数_うち常用雇用者","廃棄物処理業","100～199人","総数"
"105-2024","88","09","0","00000","2024000000","人","5301","従業者数_うち常用雇用者","廃棄物処理業","200～299人","総数"
"105-2024","88","10","0","00000","2024000000","人","4438","従業者数_うち常用雇用者","廃棄物処理業","300人以上","総数"
"105-2024","880","00","0","00000","2024000000","人","3123","従業者数_うち常用雇用者","管理、補助的経済活動を行う事業所（88_廃棄物処理業）","総数","総数"
"105-2024","880","01","0","00000","2024000000","人","***","従業者数_うち常用雇用者","管理、補助的経済活動を行う事業所（88_廃棄物処理業）","0人","総数"
"105-2024","880","02","0","00000","2024000000","人","358","従業者数_うち常用雇用者","管理、補助的経済活動を行う事業所（88_廃棄物処理業）","1～4人","総数"
"105-2024","880","03","0","00000","2024000000","人","304","従業者数_うち常用雇用者","管理、補助的経済活動を行う事業所（88_廃棄物処理業）","5～9人","総数"
"105-2024","880","04","0","00000","2024000000","人","438","従業者数_うち常用雇用者","管理、補助的経済活動を行う事業所（88_廃棄物処理業）","10～19人","総数"
"105-2024","880","05","0","00000","2024000000","人","321","従業者数_うち常用雇用者","管理、補助的経済活動を行う事業所（88_廃棄物処理業）","20～29人","総数"
"105-2024","880","06","0","00000","2024000000","人","234","従業者数_うち常用雇用者","管理、補助的経済活動を行う事業所（88_廃棄物処理業）","30～49人","総数"
"105-2024","880","07","0","00000","2024000000","人","499","従業者数_うち常用雇用者","管理、補助的経済活動を行う事業所（88_廃棄物処理業）","50～99人","総数"
"105-2024","880","08","0","00000","2024000000","人","238","従業者数_うち常用雇用者","管理、補助的経済活動を行う事業所（88_廃棄物処理業）","100～199人","総数"
"105-2024","880","09","0","00000","2024000000","人","255","従業者数_うち常用雇用者","管理、補助的経済活動を行う事業所（88_廃棄物処理業）","200～299人","総数"
"105-2024","880","10","0","00000","2024000000","人","476","従業者数_うち常用雇用者","管理、補助的経済活動を行う事業所（88_廃棄物処理業）","300人以上","総数"
"105-2024","881","00","0","00000","2024000000","人","147036","従業者数_うち常用雇用者","一般廃棄物処理業","総数","総数"
"105-2024","881","01","0","00000","2024000000","人","***","従業者数_うち常用雇用者","一般廃棄物処理業","0人","総数"
"105-2024","881","02","0","00000","2024000000","人","8799","従業者数_うち常用雇用者","一般廃棄物処理業","1～4人","総数"
"105-2024","881","03","0","00000","2024000000","人","17445","従業者数_うち常用雇用者","一般廃棄物処理業","5～9人","総数"
"105-2024","881","04","0","00000","2024000000","人","29766","従業者数_うち常用雇用者","一般廃棄物処理業","10～19人","総数"
"105-2024","881","05","0","00000","2024000000","人","23897","従業者数_うち常用雇用者","一般廃棄物処理業","20～29人","総数"
"105-2024","881","06","0","00000","2024000000","人","29816","従業者数_うち常用雇用者","一般廃棄物処理業","30～49人","総数"
"105-2024","881","07","0","00000","2024000000","人","22548","従業者数_うち常用雇用者","一般廃棄物処理業","50～99人","総数"
"105-2024","881","08","0","00000","2024000000","人","11580","従業者数_うち常用雇用者","一般廃棄物処理業","100～199人","総数"
"105-2024","881","09","0","00000","2024000000","人","2849","従業者数_うち常用雇用者","一般廃棄物処理業","200～299人","総数"
"105-2024","881","10","0","00000","2024000000","人","336","従業者数_うち常用雇用者","一般廃棄物処理業","300人以上","総数"
"105-2024","882","00","0","00000","2024000000","人","119050","従業者数_うち常用雇用者","産業廃棄物処理業","総数","総数"
"105-2024","882","01","0","00000","2024000000","人","***","従業者数_うち常用雇用者","産業廃棄物処理業","0人","総数"
"105-2024","882","02","0","00000","2024000000","人","8875","従業者数_うち常用雇用者","産業廃棄物処理業","1～4人","総数"
"105-2024","882","03","0","00000","2024000000","人","15314","従業者数_うち常用雇用者","産業廃棄物処理業","5～9人","総数"
"105-2024","882","04","0","00000","2024000000","人","24109","従業者数_うち常用雇用者","産業廃棄物処理業","10～19人","総数"
"105-2024","882","05","0","00000","2024000000","人","16352","従業者数_うち常用雇用者","産業廃棄物処理業","20～29人","総数"
"105-2024","882","06","0","00000","2024000000","人","21752","従業者数_うち常用雇用者","産業廃棄物処理業","30～49人","総数"
"105-2024","882","07","0","00000","2024000000","人","20135","従業者数_うち常用雇用者","産業廃棄物処理業","50～99人","総数"
"105-2024","882","08","0","00000","2024000000","人","8487","従業者数_うち常用雇用者","産業廃棄物処理業","100～199人","総数"
"105-2024","882","09","0","00000","2024000000","人","1985","従業者数_うち常用雇用者","産業廃棄物処理業","200～299人","総数"
"105-2024","882","10","0","00000","2024000000","人","2041","従業者数_うち常用雇用者","産業廃棄物処理業","300人以上","総数"
"105-2024","889","00","0","00000","2024000000","人","2378","従業者数_うち常用雇用者","その他の廃棄物処理業","総数","総数"
"105-2024","889","01","0","00000","2024000000","人","***","従業者数_うち常用雇用者","その他の廃棄物処理業","0人","総数"
"105-2024","889","02","0","00000","2024000000","人","53","従業者数_うち常用雇用者","その他の廃棄物処理業","1～4人","総数"
"105-2024","889","03","0","00000","2024000000","人","77","従業者数_うち常用雇用者","その他の廃棄物処理業","5～9人","総数"
"105-2024","889","04","0","00000","2024000000","人","47","従業者数_うち常用雇用者","その他の廃棄物処理業","10～19人","総数"
"105-2024","889","05","0","00000","2024000000","人","54","従業者数_うち常用雇用者","その他の廃棄物処理業","20～29人","総数"
"105-2024","889","06","0","00000","2024000000","人","72","従業者数_うち常用雇用者","その他の廃棄物処理業","30～49人","総数"
"105-2024","889","07","0","00000","2024000000","人","148","従業者数_うち常用雇用者","その他の廃棄物処理業","50～99人","総数"
"105-2024","889","08","0","00000","2024000000","人","130","従業者数_うち常用雇用者","その他の廃棄物処理業","100～199人","総数"
"105-2024","889","09","0","00000","2024000000","人","212","従業者数_うち常用雇用者","その他の廃棄物処理業","200～299人","総数"
"105-2024","889","10","0","00000","2024000000","人","1585","従業者数_うち常用雇用者","その他の廃棄物処理業","300人以上","総数"
"105-2024","89","00","0","00000","2024000000","人","150787","従業者数_うち常用雇用者","自動車整備業","総数","総数"
"105-2024","89","01","0","00000","2024000000","人","***","従業者数_うち常用雇用者","自動車整備業","0人","総数"
"105-2024","89","02","0","00000","2024000000","人","38731","従業者数_うち常用雇用者","自動車整備業","1～4人","総数"
"105-2024","89","03","0","00000","2024000000","人","39038","従業者数_うち常用雇用者","自動車整備業","5～9人","総数"
"105-2024","89","04","0","00000","2024000000","人","33898","従業者数_うち常用雇用者","自動車整備業","10～19人","総数"
"105-2024","89","05","0","00000","2024000000","人","15864","従業者数_うち常用雇用者","自動車整備業","20～29人","総数"
"105-2024","89","06","0","00000","2024000000","人","12293","従業者数_うち常用雇用者","自動車整備業","30～49人","総数"
"105-2024","89","07","0","00000","2024000000","人","8332","従業者数_うち常用雇用者","自動車整備業","50～99人","総数"
"105-2024","89","08","0","00000","2024000000","人","2429","従業者数_うち常用雇用者","自動車整備業","100～199人","総数"
"105-2024","89","09","0","00000","2024000000","人","202","従業者数_うち常用雇用者","自動車整備業","200～299人","総数"
"105-2024","89","10","0","00000","2024000000","人","***","従業者数_うち常用雇用者","自動車整備業","300人以上","総数"
"105-2024","890","00","0","00000","2024000000","人","475","従業者数_うち常用雇用者","管理、補助的経済活動を行う事業所（89_自動車整備業）","総数","総数"
"105-2024","890","01","0","00000","2024000000","人","***","従業者数_うち常用雇用者","管理、補助的経済活動を行う事業所（89_自動車整備業）","0人","総数"
"105-2024","890","02","0","00000","2024000000","人","119","従業者数_うち常用雇用者","管理、補助的経済活動を行う事業所（89_自動車整備業）","1～4人","総数"
"105-2024","890","03","0","00000","2024000000","人","83","従業者数_うち常用雇用者","管理、補助的経済活動を行う事業所（89_自動車整備業）","5～9人","総数"
"105-2024","890","04","0","00000","2024000000","人","166","従業者数_うち常用雇用者","管理、補助的経済活動を行う事業所（89_自動車整備業）","10～19人","総数"
"105-2024","890","05","0","00000","2024000000","人","52","従業者数_うち常用雇用者","管理、補助的経済活動を行う事業所（89_自動車整備業）","20～29人","総数"
"105-2024","890","06","0","00000","2024000000","人","***","従業者数_うち常用雇用者","管理、補助的経済活動を行う事業所（89_自動車整備業）","30～49人","総数"
"105-2024","890","07","0","00000","2024000000","人","55","従業者数_うち常用雇用者","管理、補助的経済活動を行う事業所（89_自動車整備業）","50～99人","総数"
"105-2024","890","08","0","00000","2024000000","人","***","従業者数_うち常用雇用者","管理、補助的経済活動を行う事業所（89_自動車整備業）","100～199人","総数"
"105-2024","890","09","0","00000","2024000000","人","***","従業者数_うち常用雇用者","管理、補助的経済活動を行う事業所（89_自動車整備業）","200～299人","総数"
"105-2024","890","10","0","00000","2024000000","人","***","従業者数_うち常用雇用者","管理、補助的経済活動を行う事業所（89_自動車整備業）","300人以上","総数"
"105-2024","891","00","0","00000","2024000000","人","150312","従業者数_うち常用雇用者","自動車整備業","総数","総数"
"105-2024","891","01","0","00000","2024000000","人","***","従業者数_うち常用雇用者","自動車整備業","0人","総数"
"105-2024","891","02","0","00000","2024000000","人","38612","従業者数_うち常用雇用者","自動車整備業","1～4人","総数"
"105-2024","891","03","0","00000","2024000000","人","38955","従業者数_うち常用雇用者","自動車整備業","5～9人","総数"
"105-2024","891","04","0","00000","2024000000","人","33732","従業者数_うち常用雇用者","自動車整備業","10～19人","総数"
"105-2024","891","05","0","00000","2024000000","人","15812","従業者数_うち常用雇用者","自動車整備業","20～29人","総数"
"105-2024","891","06","0","00000","2024000000","人","12293","従業者数_うち常用雇用者","自動車整備業","30～49人","総数"
"105-2024","891","07","0","00000","2024000000","人","8277","従業者数_うち常用雇用者","自動車整備業","50～99人","総数"
"105-2024","891","08","0","00000","2024000000","人","2429","従業者数_うち常用雇用者","自動車整備業","100～199人","総数"
"105-2024","891","09","0","00000","2024000000","人","202","従業者数_うち常用雇用者","自動車整備業","200～299人","総数"
"105-2024","891","10","0","00000","2024000000","人","***","従業者数_うち常用雇用者","自動車整備業","300人以上","総数"
"105-2024","90","00","0","00000","2024000000","人","208416","従業者数_うち常用雇用者","機械等修理業（別掲を除く）","総数","総数"
"105-2024","90","01","0","00000","2024000000","人","***","従業者数_うち常用雇用者","機械等修理業（別掲を除く）","0人","総数"
"105-2024","90","02","0","00000","2024000000","人","24086","従業者数_うち常用雇用者","機械等修理業（別掲を除く）","1～4人","総数"
"105-2024","90","03","0","00000","2024000000","人","28273","従業者数_うち常用雇用者","機械等修理業（別掲を除く）","5～9人","総数"
"105-2024","90","04","0","00000","2024000000","人","34904","従業者数_うち常用雇用者","機械等修理業（別掲を除く）","10～19人","総数"
"105-2024","90","05","0","00000","2024000000","人","19909","従業者数_うち常用雇用者","機械等修理業（別掲を除く）","20～29人","総数"
"105-2024","90","06","0","00000","2024000000","人","25762","従業者数_うち常用雇用者","機械等修理業（別掲を除く）","30～49人","総数"
"105-2024","90","07","0","00000","2024000000","人","25880","従業者数_うち常用雇用者","機械等修理業（別掲を除く）","50～99人","総数"
"105-2024","90","08","0","00000","2024000000","人","20097","従業者数_うち常用雇用者","機械等修理業（別掲を除く）","100～199人","総数"
"105-2024","90","09","0","00000","2024000000","人","10151","従業者数_うち常用雇用者","機械等修理業（別掲を除く）","200～299人","総数"
"105-2024","90","10","0","00000","2024000000","人","19354","従業者数_うち常用雇用者","機械等修理業（別掲を除く）","300人以上","総数"
"105-2024","900","00","0","00000","2024000000","人","2603","従業者数_うち常用雇用者","管理、補助的経済活動を行う事業所（90_機械等修理業）","総数","総数"
"105-2024","900","01","0","00000","2024000000","人","***","従業者数_うち常用雇用者","管理、補助的経済活動を行う事業所（90_機械等修理業）","0人","総数"
"105-2024","900","02","0","00000","2024000000","人","199","従業者数_うち常用雇用者","管理、補助的経済活動を行う事業所（90_機械等修理業）","1～4人","総数"
"105-2024","900","03","0","00000","2024000000","人","146","従業者数_うち常用雇用者","管理、補助的経済活動を行う事業所（90_機械等修理業）","5～9人","総数"
"105-2024","900","04","0","00000","2024000000","人","293","従業者数_うち常用雇用者","管理、補助的経済活動を行う事業所（90_機械等修理業）","10～19人","総数"
"105-2024","900","05","0","00000","2024000000","人","129","従業者数_うち常用雇用者","管理、補助的経済活動を行う事業所（90_機械等修理業）","20～29人","総数"
"105-2024","900","06","0","00000","2024000000","人","125","従業者数_うち常用雇用者","管理、補助的経済活動を行う事業所（90_機械等修理業）","30～49人","総数"
"105-2024","900","07","0","00000","2024000000","人","371","従業者数_うち常用雇用者","管理、補助的経済活動を行う事業所（90_機械等修理業）","50～99人","総数"
"105-2024","900","08","0","00000","2024000000","人","537","従業者数_うち常用雇用者","管理、補助的経済活動を行う事業所（90_機械等修理業）","100～199人","総数"
"105-2024","900","09","0","00000","2024000000","人","***","従業者数_うち常用雇用者","管理、補助的経済活動を行う事業所（90_機械等修理業）","200～299人","総数"
"105-2024","900","10","0","00000","2024000000","人","803","従業者数_うち常用雇用者","管理、補助的経済活動を行う事業所（90_機械等修理業）","300人以上","総数"
"105-2024","901","00","0","00000","2024000000","人","130863","従業者数_うち常用雇用者","機械修理業（電気機械器具を除く）","総数","総数"
"105-2024","901","01","0","00000","2024000000","人","***","従業者数_うち常用雇用者","機械修理業（電気機械器具を除く）","0人","総数"
"105-2024","901","02","0","00000","2024000000","人","14635","従業者数_うち常用雇用者","機械修理業（電気機械器具を除く）","1～4人","総数"
"105-2024","901","03","0","00000","2024000000","人","18711","従業者数_うち常用雇用者","機械修理業（電気機械器具を除く）","5～9人","総数"
"105-2024","901","04","0","00000","2024000000","人","23028","従業者数_うち常用雇用者","機械修理業（電気機械器具を除く）","10～19人","総数"
"105-2024","901","05","0","00000","2024000000","人","12627","従業者数_うち常用雇用者","機械修理業（電気機械器具を除く）","20～29人","総数"
"105-2024","901","06","0","00000","2024000000","人","16423","従業者数_うち常用雇用者","機械修理業（電気機械器具を除く）","30～49人","総数"
"105-2024","901","07","0","00000","2024000000","人","14656","従業者数_うち常用雇用者","機械修理業（電気機械器具を除く）","50～99人","総数"
"105-2024","901","08","0","00000","2024000000","人","11908","従業者数_うち常用雇用者","機械修理業（電気機械器具を除く）","100～199人","総数"
"105-2024","901","09","0","00000","2024000000","人","6642","従業者数_うち常用雇用者","機械修理業（電気機械器具を除く）","200～299人","総数"
"105-2024","901","10","0","00000","2024000000","人","12233","従業者数_うち常用雇用者","機械修理業（電気機械器具を除く）","300人以上","総数"
"105-2024","902","00","0","00000","2024000000","人","59397","従業者数_うち常用雇用者","電気機械器具修理業","総数","総数"
"105-2024","902","01","0","00000","2024000000","人","***","従業者数_うち常用雇用者","電気機械器具修理業","0人","総数"
"105-2024","902","02","0","00000","2024000000","人","5177","従業者数_うち常用雇用者","電気機械器具修理業","1～4人","総数"
"105-2024","902","03","0","00000","2024000000","人","6803","従業者数_うち常用雇用者","電気機械器具修理業","5～9人","総数"
"105-2024","902","04","0","00000","2024000000","人","8455","従業者数_うち常用雇用者","電気機械器具修理業","10～19人","総数"
"105-2024","902","05","0","00000","2024000000","人","5454","従業者数_うち常用雇用者","電気機械器具修理業","20～29人","総数"
"105-2024","902","06","0","00000","2024000000","人","7351","従業者数_うち常用雇用者","電気機械器具修理業","30～49人","総数"
"105-2024","902","07","0","00000","2024000000","人","9783","従業者数_うち常用雇用者","電気機械器具修理業","50～99人","総数"
"105-2024","902","08","0","00000","2024000000","人","6808","従業者数_うち常用雇用者","電気機械器具修理業","100～199人","総数"
"105-2024","902","09","0","00000","2024000000","人","3248","従業者数_うち常用雇用者","電気機械器具修理業","200～299人","総数"
"105-2024","902","10","0","00000","2024000000","人","6318","従業者数_うち常用雇用者","電気機械器具修理業","300人以上","総数"
"105-2024","903","00","0","00000","2024000000","人","816","従業者数_うち常用雇用者","表具業","総数","総数"
"105-2024","903","01","0","00000","2024000000","人","***","従業者数_うち常用雇用者","表具業","0人","総数"
"105-2024","903","02","0","00000","2024000000","人","561","従業者数_うち常用雇用者","表具業","1～4人","総数"
"105-2024","903","03","0","00000","2024000000","人","92","従業者数_うち常用雇用者","表具業","5～9人","総数"
"105-2024","903","04","0","00000","2024000000","人","88","従業者数_うち常用雇用者","表具業","10～19人","総数"
"105-2024","903","05","0","00000","2024000000","人","75","従業者数_うち常用雇用者","表具業","20～29人","総数"
"105-2024","903","06","0","00000","2024000000","人","***","従業者数_うち常用雇用者","表具業","30～49人","総数"
"105-2024","903","07","0","00000","2024000000","人","***","従業者数_うち常用雇用者","表具業","50～99人","総数"
"105-2024","903","08","0","00000","2024000000","人","***","従業者数_うち常用雇用者","表具業","100～199人","総数"
"105-2024","903","09","0","00000","2024000000","人","***","従業者数_うち常用雇用者","表具業","200～299人","総数"
"105-2024","903","10","0","00000","2024000000","人","***","従業者数_うち常用雇用者","表具業","300人以上","総数"
"105-2024","909","00","0","00000","2024000000","人","14734","従業者数_うち常用雇用者","その他の修理業","総数","総数"
"105-2024","909","01","0","00000","2024000000","人","***","従業者数_うち常用雇用者","その他の修理業","0人","総数"
"105-2024","909","02","0","00000","2024000000","人","3511","従業者数_うち常用雇用者","その他の修理業","1～4人","総数"
"105-2024","909","03","0","00000","2024000000","人","2521","従業者数_うち常用雇用者","その他の修理業","5～9人","総数"
"105-2024","909","04","0","00000","2024000000","人","3040","従業者数_うち常用雇用者","その他の修理業","10～19人","総数"
"105-2024","909","05","0","00000","2024000000","人","1624","従業者数_うち常用雇用者","その他の修理業","20～29人","総数"
"105-2024","909","06","0","00000","2024000000","人","1863","従業者数_うち常用雇用者","その他の修理業","30～49人","総数"
"105-2024","909","07","0","00000","2024000000","人","1070","従業者数_うち常用雇用者","その他の修理業","50～99人","総数"
"105-2024","909","08","0","00000","2024000000","人","844","従業者数_うち常用雇用者","その他の修理業","100～199人","総数"
"105-2024","909","09","0","00000","2024000000","人","261","従業者数_うち常用雇用者","その他の修理業","200～299人","総数"
"105-2024","909","10","0","00000","2024000000","人","***","従業者数_うち常用雇用者","その他の修理業","300人以上","総数"
"105-2024","91","00","0","00000","2024000000","人","1418076","従業者数_うち常用雇用者","職業紹介・労働者派遣業","総数","総数"
"105-2024","91","01","0","00000","2024000000","人","***","従業者数_うち常用雇用者","職業紹介・労働者派遣業","0人","総数"
"105-2024","91","02","0","00000","2024000000","人","16032","従業者数_うち常用雇用者","職業紹介・労働者派遣業","1～4人","総数"
"105-2024","91","03","0","00000","2024000000","人","23718","従業者数_うち常用雇用者","職業紹介・労働者派遣業","5～9人","総数"
"105-2024","91","04","0","00000","2024000000","人","35092","従業者数_うち常用雇用者","職業紹介・労働者派遣業","10～19人","総数"
"105-2024","91","05","0","00000","2024000000","人","31436","従業者数_うち常用雇用者","職業紹介・労働者派遣業","20～29人","総数"
"105-2024","91","06","0","00000","2024000000","人","70608","従業者数_うち常用雇用者","職業紹介・労働者派遣業","30～49人","総数"
"105-2024","91","07","0","00000","2024000000","人","158415","従業者数_うち常用雇用者","職業紹介・労働者派遣業","50～99人","総数"
"105-2024","91","08","0","00000","2024000000","人","242596","従業者数_うち常用雇用者","職業紹介・労働者派遣業","100～199人","総数"
"105-2024","91","09","0","00000","2024000000","人","167171","従業者数_うち常用雇用者","職業紹介・労働者派遣業","200～299人","総数"
"105-2024","91","10","0","00000","2024000000","人","673008","従業者数_うち常用雇用者","職業紹介・労働者派遣業","300人以上","総数"
"105-2024","910","00","0","00000","2024000000","人","5735","従業者数_うち常用雇用者","管理、補助的経済活動を行う事業所（91_職業紹介・労働者派遣業）","総数","総数"
"105-2024","910","01","0","00000","2024000000","人","***","従業者数_うち常用雇用者","管理、補助的経済活動を行う事業所（91_職業紹介・労働者派遣業）","0人","総数"
"105-2024","910","02","0","00000","2024000000","人","101","従業者数_うち常用雇用者","管理、補助的経済活動を行う事業所（91_職業紹介・労働者派遣業）","1～4人","総数"
"105-2024","910","03","0","00000","2024000000","人","200","従業者数_うち常用雇用者","管理、補助的経済活動を行う事業所（91_職業紹介・労働者派遣業）","5～9人","総数"
"105-2024","910","04","0","00000","2024000000","人","247","従業者数_うち常用雇用者","管理、補助的経済活動を行う事業所（91_職業紹介・労働者派遣業）","10～19人","総数"
"105-2024","910","05","0","00000","2024000000","人","252","従業者数_うち常用雇用者","管理、補助的経済活動を行う事業所（91_職業紹介・労働者派遣業）","20～29人","総数"
"105-2024","910","06","0","00000","2024000000","人","480","従業者数_うち常用雇用者","管理、補助的経済活動を行う事業所（91_職業紹介・労働者派遣業）","30～49人","総数"
"105-2024","910","07","0","00000","2024000000","人","1097","従業者数_うち常用雇用者","管理、補助的経済活動を行う事業所（91_職業紹介・労働者派遣業）","50～99人","総数"
"105-2024","910","08","0","00000","2024000000","人","713","従業者数_うち常用雇用者","管理、補助的経済活動を行う事業所（91_職業紹介・労働者派遣業）","100～199人","総数"
"105-2024","910","09","0","00000","2024000000","人","296","従業者数_うち常用雇用者","管理、補助的経済活動を行う事業所（91_職業紹介・労働者派遣業）","200～299人","総数"
"105-2024","910","10","0","00000","2024000000","人","2349","従業者数_うち常用雇用者","管理、補助的経済活動を行う事業所（91_職業紹介・労働者派遣業）","300人以上","総数"
"105-2024","911","00","0","00000","2024000000","人","93329","従業者数_うち常用雇用者","職業紹介業","総数","総数"
"105-2024","911","01","0","00000","2024000000","人","***","従業者数_うち常用雇用者","職業紹介業","0人","総数"
"105-2024","911","02","0","00000","2024000000","人","9033","従業者数_うち常用雇用者","職業紹介業","1～4人","総数"
"105-2024","911","03","0","00000","2024000000","人","11002","従業者数_うち常用雇用者","職業紹介業","5～9人","総数"
"105-2024","911","04","0","00000","2024000000","人","10782","従業者数_うち常用雇用者","職業紹介業","10～19人","総数"
"105-2024","911","05","0","00000","2024000000","人","6419","従業者数_うち常用雇用者","職業紹介業","20～29人","総数"
"105-2024","911","06","0","00000","2024000000","人","7130","従業者数_うち常用雇用者","職業紹介業","30～49人","総数"
"105-2024","911","07","0","00000","2024000000","人","11708","従業者数_うち常用雇用者","職業紹介業","50～99人","総数"
"105-2024","911","08","0","00000","2024000000","人","9183","従業者数_うち常用雇用者","職業紹介業","100～199人","総数"
"105-2024","911","09","0","00000","2024000000","人","3767","従業者数_うち常用雇用者","職業紹介業","200～299人","総数"
"105-2024","911","10","0","00000","2024000000","人","24305","従業者数_うち常用雇用者","職業紹介業","300人以上","総数"
"105-2024","912","00","0","00000","2024000000","人","1319012","従業者数_うち常用雇用者","労働者派遣業","総数","総数"
"105-2024","912","01","0","00000","2024000000","人","***","従業者数_うち常用雇用者","労働者派遣業","0人","総数"
"105-2024","912","02","0","00000","2024000000","人","6898","従業者数_うち常用雇用者","労働者派遣業","1～4人","総数"
"105-2024","912","03","0","00000","2024000000","人","12516","従業者数_うち常用雇用者","労働者派遣業","5～9人","総数"
"105-2024","912","04","0","00000","2024000000","人","24063","従業者数_うち常用雇用者","労働者派遣業","10～19人","総数"
"105-2024","912","05","0","00000","2024000000","人","24765","従業者数_うち常用雇用者","労働者派遣業","20～29人","総数"
"105-2024","912","06","0","00000","2024000000","人","62998","従業者数_うち常用雇用者","労働者派遣業","30～49人","総数"
"105-2024","912","07","0","00000","2024000000","人","145610","従業者数_うち常用雇用者","労働者派遣業","50～99人","総数"
"105-2024","912","08","0","00000","2024000000","人","232700","従業者数_うち常用雇用者","労働者派遣業","100～199人","総数"
"105-2024","912","09","0","00000","2024000000","人","163108","従業者数_うち常用雇用者","労働者派遣業","200～299人","総数"
"105-2024","912","10","0","00000","2024000000","人","646354","従業者数_うち常用雇用者","労働者派遣業","300人以上","総数"
"105-2024","92","00","0","00000","2024000000","人","2518717","従業者数_うち常用雇用者","その他の事業サービス業","総数","総数"
"105-2024","92","01","0","00000","2024000000","人","***","従業者数_うち常用雇用者","その他の事業サービス業","0人","総数"
"105-2024","92","02","0","00000","2024000000","人","69960","従業者数_うち常用雇用者","その他の事業サービス業","1～4人","総数"
"105-2024","92","03","0","00000","2024000000","人","100675","従業者数_うち常用雇用者","その他の事業サービス業","5～9人","総数"
"105-2024","92","04","0","00000","2024000000","人","182846","従業者数_うち常用雇用者","その他の事業サービス業","10～19人","総数"
"105-2024","92","05","0","00000","2024000000","人","160423","従業者数_うち常用雇用者","その他の事業サービス業","20～29人","総数"
"105-2024","92","06","0","00000","2024000000","人","272140","従業者数_うち常用雇用者","その他の事業サービス業","30～49人","総数"
"105-2024","92","07","0","00000","2024000000","人","396582","従業者数_うち常用雇用者","その他の事業サービス業","50～99人","総数"
"105-2024","92","08","0","00000","2024000000","人","457523","従業者数_うち常用雇用者","その他の事業サービス業","100～199人","総数"
"105-2024","92","09","0","00000","2024000000","人","235149","従業者数_うち常用雇用者","その他の事業サービス業","200～299人","総数"
"105-2024","92","10","0","00000","2024000000","人","643419","従業者数_うち常用雇用者","その他の事業サービス業","300人以上","総数"
"105-2024","920","00","0","00000","2024000000","人","12481","従業者数_うち常用雇用者","管理、補助的経済活動を行う事業所（92_その他の事業サービス業）","総数","総数"
"105-2024","920","01","0","00000","2024000000","人","***","従業者数_うち常用雇用者","管理、補助的経済活動を行う事業所（92_その他の事業サービス業）","0人","総数"
"105-2024","920","02","0","00000","2024000000","人","533","従業者数_うち常用雇用者","管理、補助的経済活動を行う事業所（92_その他の事業サービス業）","1～4人","総数"
"105-2024","920","03","0","00000","2024000000","人","784","従業者数_うち常用雇用者","管理、補助的経済活動を行う事業所（92_その他の事業サービス業）","5～9人","総数"
"105-2024","920","04","0","00000","2024000000","人","1074","従業者数_うち常用雇用者","管理、補助的経済活動を行う事業所（92_その他の事業サービス業）","10～19人","総数"
"105-2024","920","05","0","00000","2024000000","人","1024","従業者数_うち常用雇用者","管理、補助的経済活動を行う事業所（92_その他の事業サービス業）","20～29人","総数"
"105-2024","920","06","0","00000","2024000000","人","1256","従業者数_うち常用雇用者","管理、補助的経済活動を行う事業所（92_その他の事業サービス業）","30～49人","総数"
"105-2024","920","07","0","00000","2024000000","人","2986","従業者数_うち常用雇用者","管理、補助的経済活動を行う事業所（92_その他の事業サービス業）","50～99人","総数"
"105-2024","920","08","0","00000","2024000000","人","2597","従業者数_うち常用雇用者","管理、補助的経済活動を行う事業所（92_その他の事業サービス業）","100～199人","総数"
"105-2024","920","09","0","00000","2024000000","人","1033","従業者数_うち常用雇用者","管理、補助的経済活動を行う事業所（92_その他の事業サービス業）","200～299人","総数"
"105-2024","920","10","0","00000","2024000000","人","1194","従業者数_うち常用雇用者","管理、補助的経済活動を行う事業所（92_その他の事業サービス業）","300人以上","総数"
"105-2024","921","00","0","00000","2024000000","人","7898","従業者数_うち常用雇用者","速記・ワープロ入力・複写業","総数","総数"
"105-2024","921","01","0","00000","2024000000","人","***","従業者数_うち常用雇用者","速記・ワープロ入力・複写業","0人","総数"
"105-2024","921","02","0","00000","2024000000","人","1250","従業者数_うち常用雇用者","速記・ワープロ入力・複写業","1～4人","総数"
"105-2024","921","03","0","00000","2024000000","人","1590","従業者数_うち常用雇用者","速記・ワープロ入力・複写業","5～9人","総数"
"105-2024","921","04","0","00000","2024000000","人","1971","従業者数_うち常用雇用者","速記・ワープロ入力・複写業","10～19人","総数"
"105-2024","921","05","0","00000","2024000000","人","1264","従業者数_うち常用雇用者","速記・ワープロ入力・複写業","20～29人","総数"
"105-2024","921","06","0","00000","2024000000","人","1134","従業者数_うち常用雇用者","速記・ワープロ入力・複写業","30～49人","総数"
"105-2024","921","07","0","00000","2024000000","人","494","従業者数_うち常用雇用者","速記・ワープロ入力・複写業","50～99人","総数"
"105-2024","921","08","0","00000","2024000000","人","195","従業者数_うち常用雇用者","速記・ワープロ入力・複写業","100～199人","総数"
"105-2024","921","09","0","00000","2024000000","人","***","従業者数_うち常用雇用者","速記・ワープロ入力・複写業","200～299人","総数"
"105-2024","921","10","0","00000","2024000000","人","***","従業者数_うち常用雇用者","速記・ワープロ入力・複写業","300人以上","総数"
"105-2024","922","00","0","00000","2024000000","人","908218","従業者数_うち常用雇用者","建物等維持管理業","総数","総数"
"105-2024","922","01","0","00000","2024000000","人","***","従業者数_うち常用雇用者","建物等維持管理業","0人","総数"
"105-2024","922","02","0","00000","2024000000","人","17834","従業者数_うち常用雇用者","建物等維持管理業","1～4人","総数"
"105-2024","922","03","0","00000","2024000000","人","27490","従業者数_うち常用雇用者","建物等維持管理業","5～9人","総数"
"105-2024","922","04","0","00000","2024000000","人","51202","従業者数_うち常用雇用者","建物等維持管理業","10～19人","総数"
"105-2024","922","05","0","00000","2024000000","人","44858","従業者数_うち常用雇用者","建物等維持管理業","20～29人","総数"
"105-2024","922","06","0","00000","2024000000","人","80413","従業者数_うち常用雇用者","建物等維持管理業","30～49人","総数"
"105-2024","922","07","0","00000","2024000000","人","131467","従業者数_うち常用雇用者","建物等維持管理業","50～99人","総数"
"105-2024","922","08","0","00000","2024000000","人","174572","従業者数_うち常用雇用者","建物等維持管理業","100～199人","総数"
"105-2024","922","09","0","00000","2024000000","人","109431","従業者数_うち常用雇用者","建物等維持管理業","200～299人","総数"
"105-2024","922","10","0","00000","2024000000","人","270951","従業者数_うち常用雇用者","建物等維持管理業","300人以上","総数"
"105-2024","92A","00","0","00000","2024000000","人","642475","従業者数_うち常用雇用者","ビルメンテナンス業","総数","総数"
"105-2024","92A","01","0","00000","2024000000","人","***","従業者数_うち常用雇用者","ビルメンテナンス業","0人","総数"
"105-2024","92A","02","0","00000","2024000000","人","8074","従業者数_うち常用雇用者","ビルメンテナンス業","1～4人","総数"
"105-2024","92A","03","0","00000","2024000000","人","12793","従業者数_うち常用雇用者","ビルメンテナンス業","5～9人","総数"
"105-2024","92A","04","0","00000","2024000000","人","26064","従業者数_うち常用雇用者","ビルメンテナンス業","10～19人","総数"
"105-2024","92A","05","0","00000","2024000000","人","23737","従業者数_うち常用雇用者","ビルメンテナンス業","20～29人","総数"
"105-2024","92A","06","0","00000","2024000000","人","43842","従業者数_うち常用雇用者","ビルメンテナンス業","30～49人","総数"
"105-2024","92A","07","0","00000","2024000000","人","84805","従業者数_うち常用雇用者","ビルメンテナンス業","50～99人","総数"
"105-2024","92A","08","0","00000","2024000000","人","131849","従業者数_うち常用雇用者","ビルメンテナンス業","100～199人","総数"
"105-2024","92A","09","0","00000","2024000000","人","89053","従業者数_うち常用雇用者","ビルメンテナンス業","200～299人","総数"
"105-2024","92A","10","0","00000","2024000000","人","222258","従業者数_うち常用雇用者","ビルメンテナンス業","300人以上","総数"
"105-2024","92B","00","0","00000","2024000000","人","265743","従業者数_うち常用雇用者","その他の建物等維持管理業","総数","総数"
"105-2024","92B","01","0","00000","2024000000","人","***","従業者数_うち常用雇用者","その他の建物等維持管理業","0人","総数"
"105-2024","92B","02","0","00000","2024000000","人","9760","従業者数_うち常用雇用者","その他の建物等維持管理業","1～4人","総数"
"105-2024","92B","03","0","00000","2024000000","人","14697","従業者数_うち常用雇用者","その他の建物等維持管理業","5～9人","総数"
"105-2024","92B","04","0","00000","2024000000","人","25138","従業者数_うち常用雇用者","その他の建物等維持管理業","10～19人","総数"
"105-2024","92B","05","0","00000","2024000000","人","21121","従業者数_うち常用雇用者","その他の建物等維持管理業","20～29人","総数"
"105-2024","92B","06","0","00000","2024000000","人","36571","従業者数_うち常用雇用者","その他の建物等維持管理業","30～49人","総数"
"105-2024","92B","07","0","00000","2024000000","人","46662","従業者数_うち常用雇用者","その他の建物等維持管理業","50～99人","総数"
"105-2024","92B","08","0","00000","2024000000","人","42723","従業者数_うち常用雇用者","その他の建物等維持管理業","100～199人","総数"
"105-2024","92B","09","0","00000","2024000000","人","20378","従業者数_うち常用雇用者","その他の建物等維持管理業","200～299人","総数"
"105-2024","92B","10","0","00000","2024000000","人","48693","従業者数_うち常用雇用者","その他の建物等維持管理業","300人以上","総数"
"105-2024","923","00","0","00000","2024000000","人","430941","従業者数_うち常用雇用者","警備業","総数","総数"
"105-2024","923","01","0","00000","2024000000","人","***","従業者数_うち常用雇用者","警備業","0人","総数"
"105-2024","923","02","0","00000","2024000000","人","3084","従業者数_うち常用雇用者","警備業","1～4人","総数"
"105-2024","923","03","0","00000","2024000000","人","9306","従業者数_うち常用雇用者","警備業","5～9人","総数"
"105-2024","923","04","0","00000","2024000000","人","27751","従業者数_うち常用雇用者","警備業","10～19人","総数"
"105-2024","923","05","0","00000","2024000000","人","31839","従業者数_うち常用雇用者","警備業","20～29人","総数"
"105-2024","923","06","0","00000","2024000000","人","58718","従業者数_うち常用雇用者","警備業","30～49人","総数"
"105-2024","923","07","0","00000","2024000000","人","83994","従業者数_うち常用雇用者","警備業","50～99人","総数"
"105-2024","923","08","0","00000","2024000000","人","96205","従業者数_うち常用雇用者","警備業","100～199人","総数"
"105-2024","923","09","0","00000","2024000000","人","42011","従業者数_うち常用雇用者","警備業","200～299人","総数"
"105-2024","923","10","0","00000","2024000000","人","78033","従業者数_うち常用雇用者","警備業","300人以上","総数"
"105-2024","929","00","0","00000","2024000000","人","1159179","従業者数_うち常用雇用者","他に分類されない事業サービス業","総数","総数"
"105-2024","929","01","0","00000","2024000000","人","***","従業者数_うち常用雇用者","他に分類されない事業サービス業","0人","総数"
"105-2024","929","02","0","00000","2024000000","人","47259","従業者数_うち常用雇用者","他に分類されない事業サービス業","1～4人","総数"
"105-2024","929","03","0","00000","2024000000","人","61505","従業者数_うち常用雇用者","他に分類されない事業サービス業","5～9人","総数"
"105-2024","929","04","0","00000","2024000000","人","100848","従業者数_うち常用雇用者","他に分類されない事業サービス業","10～19人","総数"
"105-2024","929","05","0","00000","2024000000","人","81438","従業者数_うち常用雇用者","他に分類されない事業サービス業","20～29人","総数"
"105-2024","929","06","0","00000","2024000000","人","130619","従業者数_うち常用雇用者","他に分類されない事業サービス業","30～49人","総数"
"105-2024","929","07","0","00000","2024000000","人","177641","従業者数_うち常用雇用者","他に分類されない事業サービス業","50～99人","総数"
"105-2024","929","08","0","00000","2024000000","人","183954","従業者数_うち常用雇用者","他に分類されない事業サービス業","100～199人","総数"
"105-2024","929","09","0","00000","2024000000","人","82674","従業者数_うち常用雇用者","他に分類されない事業サービス業","200～299人","総数"
"105-2024","929","10","0","00000","2024000000","人","293241","従業者数_うち常用雇用者","他に分類されない事業サービス業","300人以上","総数"
"105-2024","95","00","0","00000","2024000000","人","39844","従業者数_うち常用雇用者","その他のサービス業","総数","総数"
"105-2024","95","01","0","00000","2024000000","人","***","従業者数_うち常用雇用者","その他のサービス業","0人","総数"
"105-2024","95","02","0","00000","2024000000","人","4498","従業者数_うち常用雇用者","その他のサービス業","1～4人","総数"
"105-2024","95","03","0","00000","2024000000","人","8211","従業者数_うち常用雇用者","その他のサービス業","5～9人","総数"
"105-2024","95","04","0","00000","2024000000","人","11022","従業者数_うち常用雇用者","その他のサービス業","10～19人","総数"
"105-2024","95","05","0","00000","2024000000","人","4652","従業者数_うち常用雇用者","その他のサービス業","20～29人","総数"
"105-2024","95","06","0","00000","2024000000","人","5112","従業者数_うち常用雇用者","その他のサービス業","30～49人","総数"
"105-2024","95","07","0","00000","2024000000","人","3909","従業者数_うち常用雇用者","その他のサービス業","50～99人","総数"
"105-2024","95","08","0","00000","2024000000","人","1516","従業者数_うち常用雇用者","その他のサービス業","100～199人","総数"
"105-2024","95","09","0","00000","2024000000","人","924","従業者数_うち常用雇用者","その他のサービス業","200～299人","総数"
"105-2024","95","10","0","00000","2024000000","人","***","従業者数_うち常用雇用者","その他のサービス業","300人以上","総数"
"105-2024","950","00","0","00000","2024000000","人","198","従業者数_うち常用雇用者","管理、補助的経済活動を行う事業所（95_その他のサービス業）","総数","総数"
"105-2024","950","01","0","00000","2024000000","人","***","従業者数_うち常用雇用者","管理、補助的経済活動を行う事業所（95_その他のサービス業）","0人","総数"
"105-2024","950","02","0","00000","2024000000","人","33","従業者数_うち常用雇用者","管理、補助的経済活動を行う事業所（95_その他のサービス業）","1～4人","総数"
"105-2024","950","03","0","00000","2024000000","人","30","従業者数_うち常用雇用者","管理、補助的経済活動を行う事業所（95_その他のサービス業）","5～9人","総数"
"105-2024","950","04","0","00000","2024000000","人","58","従業者数_うち常用雇用者","管理、補助的経済活動を行う事業所（95_その他のサービス業）","10～19人","総数"
"105-2024","950","05","0","00000","2024000000","人","***","従業者数_うち常用雇用者","管理、補助的経済活動を行う事業所（95_その他のサービス業）","20～29人","総数"
"105-2024","950","06","0","00000","2024000000","人","77","従業者数_うち常用雇用者","管理、補助的経済活動を行う事業所（95_その他のサービス業）","30～49人","総数"
"105-2024","950","07","0","00000","2024000000","人","***","従業者数_うち常用雇用者","管理、補助的経済活動を行う事業所（95_その他のサービス業）","50～99人","総数"
"105-2024","950","08","0","00000","2024000000","人","***","従業者数_うち常用雇用者","管理、補助的経済活動を行う事業所（95_その他のサービス業）","100～199人","総数"
"105-2024","950","09","0","00000","2024000000","人","***","従業者数_うち常用雇用者","管理、補助的経済活動を行う事業所（95_その他のサービス業）","200～299人","総数"
"105-2024","950","10","0","00000","2024000000","人","***","従業者数_うち常用雇用者","管理、補助的経済活動を行う事業所（95_その他のサービス業）","300人以上","総数"
"105-2024","951","00","0","00000","2024000000","人","33686","従業者数_うち常用雇用者","集会場","総数","総数"
"105-2024","951","01","0","00000","2024000000","人","***","従業者数_うち常用雇用者","集会場","0人","総数"
"105-2024","951","02","0","00000","2024000000","人","4013","従業者数_うち常用雇用者","集会場","1～4人","総数"
"105-2024","951","03","0","00000","2024000000","人","7478","従業者数_うち常用雇用者","集会場","5～9人","総数"
"105-2024","951","04","0","00000","2024000000","人","10113","従業者数_うち常用雇用者","集会場","10～19人","総数"
"105-2024","951","05","0","00000","2024000000","人","3924","従業者数_うち常用雇用者","集会場","20～29人","総数"
"105-2024","951","06","0","00000","2024000000","人","4187","従業者数_うち常用雇用者","集会場","30～49人","総数"
"105-2024","951","07","0","00000","2024000000","人","2831","従業者数_うち常用雇用者","集会場","50～99人","総数"
"105-2024","951","08","0","00000","2024000000","人","938","従業者数_うち常用雇用者","集会場","100～199人","総数"
"105-2024","951","09","0","00000","2024000000","人","202","従業者数_うち常用雇用者","集会場","200～299人","総数"
"105-2024","951","10","0","00000","2024000000","人","***","従業者数_うち常用雇用者","集会場","300人以上","総数"
"105-2024","952","00","0","00000","2024000000","人","2106","従業者数_うち常用雇用者","と畜場","総数","総数"
"105-2024","952","01","0","00000","2024000000","人","***","従業者数_うち常用雇用者","と畜場","0人","総数"
"105-2024","952","02","0","00000","2024000000","人","29","従業者数_うち常用雇用者","と畜場","1～4人","総数"
"105-2024","952","03","0","00000","2024000000","人","37","従業者数_うち常用雇用者","と畜場","5～9人","総数"
"105-2024","952","04","0","00000","2024000000","人","315","従業者数_うち常用雇用者","と畜場","10～19人","総数"
"105-2024","952","05","0","00000","2024000000","人","366","従業者数_うち常用雇用者","と畜場","20～29人","総数"
"105-2024","952","06","0","00000","2024000000","人","508","従業者数_うち常用雇用者","と畜場","30～49人","総数"
"105-2024","952","07","0","00000","2024000000","人","510","従業者数_うち常用雇用者","と畜場","50～99人","総数"
"105-2024","952","08","0","00000","2024000000","人","341","従業者数_うち常用雇用者","と畜場","100～199人","総数"
"105-2024","952","09","0","00000","2024000000","人","***","従業者数_うち常用雇用者","と畜場","200～299人","総数"
"105-2024","952","10","0","00000","2024000000","人","***","従業者数_うち常用雇用者","と畜場","300人以上","総数"
"105-2024","959","00","0","00000","2024000000","人","3854","従業者数_うち常用雇用者","他に分類されないサービス業","総数","総数"
"105-2024","959","01","0","00000","2024000000","人","***","従業者数_うち常用雇用者","他に分類されないサービス業","0人","総数"
"105-2024","959","02","0","00000","2024000000","人","423","従業者数_うち常用雇用者","他に分類されないサービス業","1～4人","総数"
"105-2024","959","03","0","00000","2024000000","人","666","従業者数_うち常用雇用者","他に分類されないサービス業","5～9人","総数"
"105-2024","959","04","0","00000","2024000000","人","536","従業者数_うち常用雇用者","他に分類されないサービス業","10～19人","総数"
"105-2024","959","05","0","00000","2024000000","人","362","従業者数_うち常用雇用者","他に分類されないサービス業","20～29人","総数"
"105-2024","959","06","0","00000","2024000000","人","340","従業者数_うち常用雇用者","他に分類されないサービス業","30～49人","総数"
"105-2024","959","07","0","00000","2024000000","人","568","従業者数_うち常用雇用者","他に分類されないサービス業","50～99人","総数"
"105-2024","959","08","0","00000","2024000000","人","237","従業者数_うち常用雇用者","他に分類されないサービス業","100～199人","総数"
"105-2024","959","09","0","00000","2024000000","人","722","従業者数_うち常用雇用者","他に分類されないサービス業","200～299人","総数"
"105-2024","959","10","0","00000","2024000000","人","***","従業者数_うち常用雇用者","他に分類されないサービス業","300人以上","総数"
