"@tab","@cat01","@cat02","@cat03","@area","@time","@unit","$","tabname","cat01name","cat02name","cat03name"
"105-2024","AR","00","0","00000","2024000000","人","51018265","従業者数_うち常用雇用者","全産業（S_公務を除く）","総数","総数"
"105-2024","AR","01","0","00000","2024000000","人","***","従業者数_うち常用雇用者","全産業（S_公務を除く）","0人","総数"
"105-2024","AR","02","0","00000","2024000000","人","3898669","従業者数_うち常用雇用者","全産業（S_公務を除く）","1～4人","総数"
"105-2024","AR","03","0","00000","2024000000","人","5031962","従業者数_うち常用雇用者","全産業（S_公務を除く）","5～9人","総数"
"105-2024","AR","04","0","00000","2024000000","人","7392048","従業者数_うち常用雇用者","全産業（S_公務を除く）","10～19人","総数"
"105-2024","AR","05","0","00000","2024000000","人","5140132","従業者数_うち常用雇用者","全産業（S_公務を除く）","20～29人","総数"
"105-2024","AR","06","0","00000","2024000000","人","6029466","従業者数_うち常用雇用者","全産業（S_公務を除く）","30～49人","総数"
"105-2024","AR","07","0","00000","2024000000","人","6732521","従業者数_うち常用雇用者","全産業（S_公務を除く）","50～99人","総数"
"105-2024","AR","08","0","00000","2024000000","人","5349071","従業者数_うち常用雇用者","全産業（S_公務を除く）","100～199人","総数"
"105-2024","AR","09","0","00000","2024000000","人","2559657","従業者数_うち常用雇用者","全産業（S_公務を除く）","200～299人","総数"
"105-2024","AR","10","0","00000","2024000000","人","8884739","従業者数_うち常用雇用者","全産業（S_公務を除く）","300人以上","総数"
"105-2024","AB","00","0","00000","2024000000","人","321384","従業者数_うち常用雇用者","農林漁業","総数","総数"
"105-2024","AB","01","0","00000","2024000000","人","***","従業者数_うち常用雇用者","農林漁業","0人","総数"
"105-2024","AB","02","0","00000","2024000000","人","44660","従業者数_うち常用雇用者","農林漁業","1～4人","総数"
"105-2024","AB","03","0","00000","2024000000","人","61191","従業者数_うち常用雇用者","農林漁業","5～9人","総数"
"105-2024","AB","04","0","00000","2024000000","人","75770","従業者数_うち常用雇用者","農林漁業","10～19人","総数"
"105-2024","AB","05","0","00000","2024000000","人","42661","従業者数_うち常用雇用者","農林漁業","20～29人","総数"
"105-2024","AB","06","0","00000","2024000000","人","45942","従業者数_うち常用雇用者","農林漁業","30～49人","総数"
"105-2024","AB","07","0","00000","2024000000","人","28618","従業者数_うち常用雇用者","農林漁業","50～99人","総数"
"105-2024","AB","08","0","00000","2024000000","人","15502","従業者数_うち常用雇用者","農林漁業","100～199人","総数"
"105-2024","AB","09","0","00000","2024000000","人","4678","従業者数_うち常用雇用者","農林漁業","200～299人","総数"
"105-2024","AB","10","0","00000","2024000000","人","2362","従業者数_うち常用雇用者","農林漁業","300人以上","総数"
"105-2024","A","00","0","00000","2024000000","人","290740","従業者数_うち常用雇用者","農業、林業","総数","総数"
"105-2024","A","01","0","00000","2024000000","人","***","従業者数_うち常用雇用者","農業、林業","0人","総数"
"105-2024","A","02","0","00000","2024000000","人","41120","従業者数_うち常用雇用者","農業、林業","1～4人","総数"
"105-2024","A","03","0","00000","2024000000","人","55151","従業者数_うち常用雇用者","農業、林業","5～9人","総数"
"105-2024","A","04","0","00000","2024000000","人","67321","従業者数_うち常用雇用者","農業、林業","10～19人","総数"
"105-2024","A","05","0","00000","2024000000","人","38769","従業者数_うち常用雇用者","農業、林業","20～29人","総数"
"105-2024","A","06","0","00000","2024000000","人","41390","従業者数_うち常用雇用者","農業、林業","30～49人","総数"
"105-2024","A","07","0","00000","2024000000","人","26459","従業者数_うち常用雇用者","農業、林業","50～99人","総数"
"105-2024","A","08","0","00000","2024000000","人","13490","従業者数_うち常用雇用者","農業、林業","100～199人","総数"
"105-2024","A","09","0","00000","2024000000","人","4678","従業者数_うち常用雇用者","農業、林業","200～299人","総数"
"105-2024","A","10","0","00000","2024000000","人","2362","従業者数_うち常用雇用者","農業、林業","300人以上","総数"
"105-2024","01","00","0","00000","2024000000","人","253243","従業者数_うち常用雇用者","農業","総数","総数"
"105-2024","01","01","0","00000","2024000000","人","***","従業者数_うち常用雇用者","農業","0人","総数"
"105-2024","01","02","0","00000","2024000000","人","37632","従業者数_うち常用雇用者","農業","1～4人","総数"
"105-2024","01","03","0","00000","2024000000","人","48749","従業者数_うち常用雇用者","農業","5～9人","総数"
"105-2024","01","04","0","00000","2024000000","人","56721","従業者数_うち常用雇用者","農業","10～19人","総数"
"105-2024","01","05","0","00000","2024000000","人","31930","従業者数_うち常用雇用者","農業","20～29人","総数"
"105-2024","01","06","0","00000","2024000000","人","35178","従業者数_うち常用雇用者","農業","30～49人","総数"
"105-2024","01","07","0","00000","2024000000","人","22765","従業者数_うち常用雇用者","農業","50～99人","総数"
"105-2024","01","08","0","00000","2024000000","人","13228","従業者数_うち常用雇用者","農業","100～199人","総数"
"105-2024","01","09","0","00000","2024000000","人","4678","従業者数_うち常用雇用者","農業","200～299人","総数"
"105-2024","01","10","0","00000","2024000000","人","2362","従業者数_うち常用雇用者","農業","300人以上","総数"
"105-2024","02","00","0","00000","2024000000","人","37497","従業者数_うち常用雇用者","林業","総数","総数"
"105-2024","02","01","0","00000","2024000000","人","***","従業者数_うち常用雇用者","林業","0人","総数"
"105-2024","02","02","0","00000","2024000000","人","3488","従業者数_うち常用雇用者","林業","1～4人","総数"
"105-2024","02","03","0","00000","2024000000","人","6402","従業者数_うち常用雇用者","林業","5～9人","総数"
"105-2024","02","04","0","00000","2024000000","人","10600","従業者数_うち常用雇用者","林業","10～19人","総数"
"105-2024","02","05","0","00000","2024000000","人","6839","従業者数_うち常用雇用者","林業","20～29人","総数"
"105-2024","02","06","0","00000","2024000000","人","6212","従業者数_うち常用雇用者","林業","30～49人","総数"
"105-2024","02","07","0","00000","2024000000","人","3694","従業者数_うち常用雇用者","林業","50～99人","総数"
"105-2024","02","08","0","00000","2024000000","人","262","従業者数_うち常用雇用者","林業","100～199人","総数"
"105-2024","02","09","0","00000","2024000000","人","***","従業者数_うち常用雇用者","林業","200～299人","総数"
"105-2024","02","10","0","00000","2024000000","人","***","従業者数_うち常用雇用者","林業","300人以上","総数"
"105-2024","B","00","0","00000","2024000000","人","30644","従業者数_うち常用雇用者","漁業","総数","総数"
"105-2024","B","01","0","00000","2024000000","人","***","従業者数_うち常用雇用者","漁業","0人","総数"
"105-2024","B","02","0","00000","2024000000","人","3540","従業者数_うち常用雇用者","漁業","1～4人","総数"
"105-2024","B","03","0","00000","2024000000","人","6040","従業者数_うち常用雇用者","漁業","5～9人","総数"
"105-2024","B","04","0","00000","2024000000","人","8449","従業者数_うち常用雇用者","漁業","10～19人","総数"
"105-2024","B","05","0","00000","2024000000","人","3892","従業者数_うち常用雇用者","漁業","20～29人","総数"
"105-2024","B","06","0","00000","2024000000","人","4552","従業者数_うち常用雇用者","漁業","30～49人","総数"
"105-2024","B","07","0","00000","2024000000","人","2159","従業者数_うち常用雇用者","漁業","50～99人","総数"
"105-2024","B","08","0","00000","2024000000","人","2012","従業者数_うち常用雇用者","漁業","100～199人","総数"
"105-2024","B","09","0","00000","2024000000","人","***","従業者数_うち常用雇用者","漁業","200～299人","総数"
"105-2024","B","10","0","00000","2024000000","人","***","従業者数_うち常用雇用者","漁業","300人以上","総数"
"105-2024","03","00","0","00000","2024000000","人","18536","従業者数_うち常用雇用者","漁業（水産養殖業を除く）","総数","総数"
"105-2024","03","01","0","00000","2024000000","人","***","従業者数_うち常用雇用者","漁業（水産養殖業を除く）","0人","総数"
"105-2024","03","02","0","00000","2024000000","人","1218","従業者数_うち常用雇用者","漁業（水産養殖業を除く）","1～4人","総数"
"105-2024","03","03","0","00000","2024000000","人","3001","従業者数_うち常用雇用者","漁業（水産養殖業を除く）","5～9人","総数"
"105-2024","03","04","0","00000","2024000000","人","4998","従業者数_うち常用雇用者","漁業（水産養殖業を除く）","10～19人","総数"
"105-2024","03","05","0","00000","2024000000","人","2617","従業者数_うち常用雇用者","漁業（水産養殖業を除く）","20～29人","総数"
"105-2024","03","06","0","00000","2024000000","人","3325","従業者数_うち常用雇用者","漁業（水産養殖業を除く）","30～49人","総数"
"105-2024","03","07","0","00000","2024000000","人","1528","従業者数_うち常用雇用者","漁業（水産養殖業を除く）","50～99人","総数"
"105-2024","03","08","0","00000","2024000000","人","1849","従業者数_うち常用雇用者","漁業（水産養殖業を除く）","100～199人","総数"
"105-2024","03","09","0","00000","2024000000","人","***","従業者数_うち常用雇用者","漁業（水産養殖業を除く）","200～299人","総数"
"105-2024","03","10","0","00000","2024000000","人","***","従業者数_うち常用雇用者","漁業（水産養殖業を除く）","300人以上","総数"
"105-2024","04","00","0","00000","2024000000","人","12102","従業者数_うち常用雇用者","水産養殖業","総数","総数"
"105-2024","04","01","0","00000","2024000000","人","***","従業者数_うち常用雇用者","水産養殖業","0人","総数"
"105-2024","04","02","0","00000","2024000000","人","2321","従業者数_うち常用雇用者","水産養殖業","1～4人","総数"
"105-2024","04","03","0","00000","2024000000","人","3034","従業者数_うち常用雇用者","水産養殖業","5～9人","総数"
"105-2024","04","04","0","00000","2024000000","人","3451","従業者数_うち常用雇用者","水産養殖業","10～19人","総数"
"105-2024","04","05","0","00000","2024000000","人","1275","従業者数_うち常用雇用者","水産養殖業","20～29人","総数"
"105-2024","04","06","0","00000","2024000000","人","1227","従業者数_うち常用雇用者","水産養殖業","30～49人","総数"
"105-2024","04","07","0","00000","2024000000","人","631","従業者数_うち常用雇用者","水産養殖業","50～99人","総数"
"105-2024","04","08","0","00000","2024000000","人","163","従業者数_うち常用雇用者","水産養殖業","100～199人","総数"
"105-2024","04","09","0","00000","2024000000","人","***","従業者数_うち常用雇用者","水産養殖業","200～299人","総数"
"105-2024","04","10","0","00000","2024000000","人","***","従業者数_うち常用雇用者","水産養殖業","300人以上","総数"
"105-2024","CR","00","0","00000","2024000000","人","50696881","従業者数_うち常用雇用者","非農林漁業（S_公務を除く）","総数","総数"
"105-2024","CR","01","0","00000","2024000000","人","***","従業者数_うち常用雇用者","非農林漁業（S_公務を除く）","0人","総数"
"105-2024","CR","02","0","00000","2024000000","人","3854009","従業者数_うち常用雇用者","非農林漁業（S_公務を除く）","1～4人","総数"
"105-2024","CR","03","0","00000","2024000000","人","4970771","従業者数_うち常用雇用者","非農林漁業（S_公務を除く）","5～9人","総数"
"105-2024","CR","04","0","00000","2024000000","人","7316278","従業者数_うち常用雇用者","非農林漁業（S_公務を除く）","10～19人","総数"
"105-2024","CR","05","0","00000","2024000000","人","5097471","従業者数_うち常用雇用者","非農林漁業（S_公務を除く）","20～29人","総数"
"105-2024","CR","06","0","00000","2024000000","人","5983524","従業者数_うち常用雇用者","非農林漁業（S_公務を除く）","30～49人","総数"
"105-2024","CR","07","0","00000","2024000000","人","6703903","従業者数_うち常用雇用者","非農林漁業（S_公務を除く）","50～99人","総数"
"105-2024","CR","08","0","00000","2024000000","人","5333569","従業者数_うち常用雇用者","非農林漁業（S_公務を除く）","100～199人","総数"
"105-2024","CR","09","0","00000","2024000000","人","2554979","従業者数_うち常用雇用者","非農林漁業（S_公務を除く）","200～299人","総数"
"105-2024","CR","10","0","00000","2024000000","人","8882377","従業者数_うち常用雇用者","非農林漁業（S_公務を除く）","300人以上","総数"
"105-2024","C","00","0","00000","2024000000","人","15188","従業者数_うち常用雇用者","鉱業、採石業、砂利採取業","総数","総数"
"105-2024","C","01","0","00000","2024000000","人","***","従業者数_うち常用雇用者","鉱業、採石業、砂利採取業","0人","総数"
"105-2024","C","02","0","00000","2024000000","人","1474","従業者数_うち常用雇用者","鉱業、採石業、砂利採取業","1～4人","総数"
"105-2024","C","03","0","00000","2024000000","人","2586","従業者数_うち常用雇用者","鉱業、採石業、砂利採取業","5～9人","総数"
"105-2024","C","04","0","00000","2024000000","人","3641","従業者数_うち常用雇用者","鉱業、採石業、砂利採取業","10～19人","総数"
"105-2024","C","05","0","00000","2024000000","人","1702","従業者数_うち常用雇用者","鉱業、採石業、砂利採取業","20～29人","総数"
"105-2024","C","06","0","00000","2024000000","人","2107","従業者数_うち常用雇用者","鉱業、採石業、砂利採取業","30～49人","総数"
"105-2024","C","07","0","00000","2024000000","人","1079","従業者数_うち常用雇用者","鉱業、採石業、砂利採取業","50～99人","総数"
"105-2024","C","08","0","00000","2024000000","人","1485","従業者数_うち常用雇用者","鉱業、採石業、砂利採取業","100～199人","総数"
"105-2024","C","09","0","00000","2024000000","人","236","従業者数_うち常用雇用者","鉱業、採石業、砂利採取業","200～299人","総数"
"105-2024","C","10","0","00000","2024000000","人","878","従業者数_うち常用雇用者","鉱業、採石業、砂利採取業","300人以上","総数"
"105-2024","05","00","0","00000","2024000000","人","15188","従業者数_うち常用雇用者","鉱業、採石業、砂利採取業","総数","総数"
"105-2024","05","01","0","00000","2024000000","人","***","従業者数_うち常用雇用者","鉱業、採石業、砂利採取業","0人","総数"
"105-2024","05","02","0","00000","2024000000","人","1474","従業者数_うち常用雇用者","鉱業、採石業、砂利採取業","1～4人","総数"
"105-2024","05","03","0","00000","2024000000","人","2586","従業者数_うち常用雇用者","鉱業、採石業、砂利採取業","5～9人","総数"
"105-2024","05","04","0","00000","2024000000","人","3641","従業者数_うち常用雇用者","鉱業、採石業、砂利採取業","10～19人","総数"
"105-2024","05","05","0","00000","2024000000","人","1702","従業者数_うち常用雇用者","鉱業、採石業、砂利採取業","20～29人","総数"
"105-2024","05","06","0","00000","2024000000","人","2107","従業者数_うち常用雇用者","鉱業、採石業、砂利採取業","30～49人","総数"
"105-2024","05","07","0","00000","2024000000","人","1079","従業者数_うち常用雇用者","鉱業、採石業、砂利採取業","50～99人","総数"
"105-2024","05","08","0","00000","2024000000","人","1485","従業者数_うち常用雇用者","鉱業、採石業、砂利採取業","100～199人","総数"
"105-2024","05","09","0","00000","2024000000","人","236","従業者数_うち常用雇用者","鉱業、採石業、砂利採取業","200～299人","総数"
"105-2024","05","10","0","00000","2024000000","人","878","従業者数_うち常用雇用者","鉱業、採石業、砂利採取業","300人以上","総数"
"105-2024","D","00","0","00000","2024000000","人","3016053","従業者数_うち常用雇用者","建設業","総数","総数"
"105-2024","D","01","0","00000","2024000000","人","***","従業者数_うち常用雇用者","建設業","0人","総数"
"105-2024","D","02","0","00000","2024000000","人","443624","従業者数_うち常用雇用者","建設業","1～4人","総数"
"105-2024","D","03","0","00000","2024000000","人","538584","従業者数_うち常用雇用者","建設業","5～9人","総数"
"105-2024","D","04","0","00000","2024000000","人","615359","従業者数_うち常用雇用者","建設業","10～19人","総数"
"105-2024","D","05","0","00000","2024000000","人","336472","従業者数_うち常用雇用者","建設業","20～29人","総数"
"105-2024","D","06","0","00000","2024000000","人","351896","従業者数_うち常用雇用者","建設業","30～49人","総数"
"105-2024","D","07","0","00000","2024000000","人","289504","従業者数_うち常用雇用者","建設業","50～99人","総数"
"105-2024","D","08","0","00000","2024000000","人","184316","従業者数_うち常用雇用者","建設業","100～199人","総数"
"105-2024","D","09","0","00000","2024000000","人","77514","従業者数_うち常用雇用者","建設業","200～299人","総数"
"105-2024","D","10","0","00000","2024000000","人","178784","従業者数_うち常用雇用者","建設業","300人以上","総数"
"105-2024","06","00","0","00000","2024000000","人","1431263","従業者数_うち常用雇用者","総合工事業","総数","総数"
"105-2024","06","01","0","00000","2024000000","人","***","従業者数_うち常用雇用者","総合工事業","0人","総数"
"105-2024","06","02","0","00000","2024000000","人","177945","従業者数_うち常用雇用者","総合工事業","1～4人","総数"
"105-2024","06","03","0","00000","2024000000","人","237820","従業者数_うち常用雇用者","総合工事業","5～9人","総数"
"105-2024","06","04","0","00000","2024000000","人","284905","従業者数_うち常用雇用者","総合工事業","10～19人","総数"
"105-2024","06","05","0","00000","2024000000","人","165038","従業者数_うち常用雇用者","総合工事業","20～29人","総数"
"105-2024","06","06","0","00000","2024000000","人","179958","従業者数_うち常用雇用者","総合工事業","30～49人","総数"
"105-2024","06","07","0","00000","2024000000","人","144211","従業者数_うち常用雇用者","総合工事業","50～99人","総数"
"105-2024","06","08","0","00000","2024000000","人","95817","従業者数_うち常用雇用者","総合工事業","100～199人","総数"
"105-2024","06","09","0","00000","2024000000","人","42140","従業者数_うち常用雇用者","総合工事業","200～299人","総数"
"105-2024","06","10","0","00000","2024000000","人","103429","従業者数_うち常用雇用者","総合工事業","300人以上","総数"
"105-2024","07","00","0","00000","2024000000","人","651945","従業者数_うち常用雇用者","職別工事業（設備工事業を除く）","総数","総数"
"105-2024","07","01","0","00000","2024000000","人","***","従業者数_うち常用雇用者","職別工事業（設備工事業を除く）","0人","総数"
"105-2024","07","02","0","00000","2024000000","人","139154","従業者数_うち常用雇用者","職別工事業（設備工事業を除く）","1～4人","総数"
"105-2024","07","03","0","00000","2024000000","人","146703","従業者数_うち常用雇用者","職別工事業（設備工事業を除く）","5～9人","総数"
"105-2024","07","04","0","00000","2024000000","人","156445","従業者数_うち常用雇用者","職別工事業（設備工事業を除く）","10～19人","総数"
"105-2024","07","05","0","00000","2024000000","人","75267","従業者数_うち常用雇用者","職別工事業（設備工事業を除く）","20～29人","総数"
"105-2024","07","06","0","00000","2024000000","人","66702","従業者数_うち常用雇用者","職別工事業（設備工事業を除く）","30～49人","総数"
"105-2024","07","07","0","00000","2024000000","人","41561","従業者数_うち常用雇用者","職別工事業（設備工事業を除く）","50～99人","総数"
"105-2024","07","08","0","00000","2024000000","人","16501","従業者数_うち常用雇用者","職別工事業（設備工事業を除く）","100～199人","総数"
"105-2024","07","09","0","00000","2024000000","人","5674","従業者数_うち常用雇用者","職別工事業（設備工事業を除く）","200～299人","総数"
"105-2024","07","10","0","00000","2024000000","人","3938","従業者数_うち常用雇用者","職別工事業（設備工事業を除く）","300人以上","総数"
"105-2024","08","00","0","00000","2024000000","人","932466","従業者数_うち常用雇用者","設備工事業","総数","総数"
"105-2024","08","01","0","00000","2024000000","人","***","従業者数_うち常用雇用者","設備工事業","0人","総数"
"105-2024","08","02","0","00000","2024000000","人","126354","従業者数_うち常用雇用者","設備工事業","1～4人","総数"
"105-2024","08","03","0","00000","2024000000","人","153918","従業者数_うち常用雇用者","設備工事業","5～9人","総数"
"105-2024","08","04","0","00000","2024000000","人","173971","従業者数_うち常用雇用者","設備工事業","10～19人","総数"
"105-2024","08","05","0","00000","2024000000","人","96140","従業者数_うち常用雇用者","設備工事業","20～29人","総数"
"105-2024","08","06","0","00000","2024000000","人","105236","従業者数_うち常用雇用者","設備工事業","30～49人","総数"
"105-2024","08","07","0","00000","2024000000","人","103732","従業者数_うち常用雇用者","設備工事業","50～99人","総数"
"105-2024","08","08","0","00000","2024000000","人","71998","従業者数_うち常用雇用者","設備工事業","100～199人","総数"
"105-2024","08","09","0","00000","2024000000","人","29700","従業者数_うち常用雇用者","設備工事業","200～299人","総数"
"105-2024","08","10","0","00000","2024000000","人","71417","従業者数_うち常用雇用者","設備工事業","300人以上","総数"
"105-2024","E","00","0","00000","2024000000","人","7939906","従業者数_うち常用雇用者","製造業","総数","総数"
"105-2024","E","01","0","00000","2024000000","人","***","従業者数_うち常用雇用者","製造業","0人","総数"
"105-2024","E","02","0","00000","2024000000","人","260889","従業者数_うち常用雇用者","製造業","1～4人","総数"
"105-2024","E","03","0","00000","2024000000","人","374428","従業者数_うち常用雇用者","製造業","5～9人","総数"
"105-2024","E","04","0","00000","2024000000","人","646545","従業者数_うち常用雇用者","製造業","10～19人","総数"
"105-2024","E","05","0","00000","2024000000","人","553302","従業者数_うち常用雇用者","製造業","20～29人","総数"
"105-2024","E","06","0","00000","2024000000","人","775053","従業者数_うち常用雇用者","製造業","30～49人","総数"
"105-2024","E","07","0","00000","2024000000","人","1138612","従業者数_うち常用雇用者","製造業","50～99人","総数"
"105-2024","E","08","0","00000","2024000000","人","1151698","従業者数_うち常用雇用者","製造業","100～199人","総数"
"105-2024","E","09","0","00000","2024000000","人","630730","従業者数_うち常用雇用者","製造業","200～299人","総数"
"105-2024","E","10","0","00000","2024000000","人","2408649","従業者数_うち常用雇用者","製造業","300人以上","総数"
"105-2024","09","00","0","00000","2024000000","人","1170232","従業者数_うち常用雇用者","食料品製造業","総数","総数"
"105-2024","09","01","0","00000","2024000000","人","***","従業者数_うち常用雇用者","食料品製造業","0人","総数"
"105-2024","09","02","0","00000","2024000000","人","23912","従業者数_うち常用雇用者","食料品製造業","1～4人","総数"
"105-2024","09","03","0","00000","2024000000","人","42497","従業者数_うち常用雇用者","食料品製造業","5～9人","総数"
"105-2024","09","04","0","00000","2024000000","人","79535","従業者数_うち常用雇用者","食料品製造業","10～19人","総数"
"105-2024","09","05","0","00000","2024000000","人","77449","従業者数_うち常用雇用者","食料品製造業","20～29人","総数"
"105-2024","09","06","0","00000","2024000000","人","118016","従業者数_うち常用雇用者","食料品製造業","30～49人","総数"
"105-2024","09","07","0","00000","2024000000","人","192713","従業者数_うち常用雇用者","食料品製造業","50～99人","総数"
"105-2024","09","08","0","00000","2024000000","人","229570","従業者数_うち常用雇用者","食料品製造業","100～199人","総数"
"105-2024","09","09","0","00000","2024000000","人","124795","従業者数_うち常用雇用者","食料品製造業","200～299人","総数"
"105-2024","09","10","0","00000","2024000000","人","281745","従業者数_うち常用雇用者","食料品製造業","300人以上","総数"
"105-2024","10","00","0","00000","2024000000","人","113852","従業者数_うち常用雇用者","飲料・たばこ・飼料製造業","総数","総数"
"105-2024","10","01","0","00000","2024000000","人","***","従業者数_うち常用雇用者","飲料・たばこ・飼料製造業","0人","総数"
"105-2024","10","02","0","00000","2024000000","人","6625","従業者数_うち常用雇用者","飲料・たばこ・飼料製造業","1～4人","総数"
"105-2024","10","03","0","00000","2024000000","人","9960","従業者数_うち常用雇用者","飲料・たばこ・飼料製造業","5～9人","総数"
"105-2024","10","04","0","00000","2024000000","人","14913","従業者数_うち常用雇用者","飲料・たばこ・飼料製造業","10～19人","総数"
"105-2024","10","05","0","00000","2024000000","人","11462","従業者数_うち常用雇用者","飲料・たばこ・飼料製造業","20～29人","総数"
"105-2024","10","06","0","00000","2024000000","人","14699","従業者数_うち常用雇用者","飲料・たばこ・飼料製造業","30～49人","総数"
"105-2024","10","07","0","00000","2024000000","人","19545","従業者数_うち常用雇用者","飲料・たばこ・飼料製造業","50～99人","総数"
"105-2024","10","08","0","00000","2024000000","人","19428","従業者数_うち常用雇用者","飲料・たばこ・飼料製造業","100～199人","総数"
"105-2024","10","09","0","00000","2024000000","人","8494","従業者数_うち常用雇用者","飲料・たばこ・飼料製造業","200～299人","総数"
"105-2024","10","10","0","00000","2024000000","人","8726","従業者数_うち常用雇用者","飲料・たばこ・飼料製造業","300人以上","総数"
"105-2024","11","00","0","00000","2024000000","人","251228","従業者数_うち常用雇用者","繊維工業","総数","総数"
"105-2024","11","01","0","00000","2024000000","人","***","従業者数_うち常用雇用者","繊維工業","0人","総数"
"105-2024","11","02","0","00000","2024000000","人","19620","従業者数_うち常用雇用者","繊維工業","1～4人","総数"
"105-2024","11","03","0","00000","2024000000","人","23124","従業者数_うち常用雇用者","繊維工業","5～9人","総数"
"105-2024","11","04","0","00000","2024000000","人","38469","従業者数_うち常用雇用者","繊維工業","10～19人","総数"
"105-2024","11","05","0","00000","2024000000","人","29894","従業者数_うち常用雇用者","繊維工業","20～29人","総数"
"105-2024","11","06","0","00000","2024000000","人","35758","従業者数_うち常用雇用者","繊維工業","30～49人","総数"
"105-2024","11","07","0","00000","2024000000","人","46178","従業者数_うち常用雇用者","繊維工業","50～99人","総数"
"105-2024","11","08","0","00000","2024000000","人","34695","従業者数_うち常用雇用者","繊維工業","100～199人","総数"
"105-2024","11","09","0","00000","2024000000","人","11880","従業者数_うち常用雇用者","繊維工業","200～299人","総数"
"105-2024","11","10","0","00000","2024000000","人","11610","従業者数_うち常用雇用者","繊維工業","300人以上","総数"
"105-2024","12","00","0","00000","2024000000","人","91443","従業者数_うち常用雇用者","木材・木製品製造業（家具を除く）","総数","総数"
"105-2024","12","01","0","00000","2024000000","人","***","従業者数_うち常用雇用者","木材・木製品製造業（家具を除く）","0人","総数"
"105-2024","12","02","0","00000","2024000000","人","8046","従業者数_うち常用雇用者","木材・木製品製造業（家具を除く）","1～4人","総数"
"105-2024","12","03","0","00000","2024000000","人","10677","従業者数_うち常用雇用者","木材・木製品製造業（家具を除く）","5～9人","総数"
"105-2024","12","04","0","00000","2024000000","人","15905","従業者数_うち常用雇用者","木材・木製品製造業（家具を除く）","10～19人","総数"
"105-2024","12","05","0","00000","2024000000","人","12619","従業者数_うち常用雇用者","木材・木製品製造業（家具を除く）","20～29人","総数"
"105-2024","12","06","0","00000","2024000000","人","13438","従業者数_うち常用雇用者","木材・木製品製造業（家具を除く）","30～49人","総数"
"105-2024","12","07","0","00000","2024000000","人","15216","従業者数_うち常用雇用者","木材・木製品製造業（家具を除く）","50～99人","総数"
"105-2024","12","08","0","00000","2024000000","人","9470","従業者数_うち常用雇用者","木材・木製品製造業（家具を除く）","100～199人","総数"
"105-2024","12","09","0","00000","2024000000","人","2997","従業者数_うち常用雇用者","木材・木製品製造業（家具を除く）","200～299人","総数"
"105-2024","12","10","0","00000","2024000000","人","3075","従業者数_うち常用雇用者","木材・木製品製造業（家具を除く）","300人以上","総数"
"105-2024","13","00","0","00000","2024000000","人","91414","従業者数_うち常用雇用者","家具・装備品製造業","総数","総数"
"105-2024","13","01","0","00000","2024000000","人","***","従業者数_うち常用雇用者","家具・装備品製造業","0人","総数"
"105-2024","13","02","0","00000","2024000000","人","11638","従業者数_うち常用雇用者","家具・装備品製造業","1～4人","総数"
"105-2024","13","03","0","00000","2024000000","人","10505","従業者数_うち常用雇用者","家具・装備品製造業","5～9人","総数"
"105-2024","13","04","0","00000","2024000000","人","13012","従業者数_うち常用雇用者","家具・装備品製造業","10～19人","総数"
"105-2024","13","05","0","00000","2024000000","人","9760","従業者数_うち常用雇用者","家具・装備品製造業","20～29人","総数"
"105-2024","13","06","0","00000","2024000000","人","10635","従業者数_うち常用雇用者","家具・装備品製造業","30～49人","総数"
"105-2024","13","07","0","00000","2024000000","人","12910","従業者数_うち常用雇用者","家具・装備品製造業","50～99人","総数"
"105-2024","13","08","0","00000","2024000000","人","11795","従業者数_うち常用雇用者","家具・装備品製造業","100～199人","総数"
"105-2024","13","09","0","00000","2024000000","人","5310","従業者数_うち常用雇用者","家具・装備品製造業","200～299人","総数"
"105-2024","13","10","0","00000","2024000000","人","5849","従業者数_うち常用雇用者","家具・装備品製造業","300人以上","総数"
"105-2024","14","00","0","00000","2024000000","人","185411","従業者数_うち常用雇用者","パルプ・紙・紙加工品製造業","総数","総数"
"105-2024","14","01","0","00000","2024000000","人","***","従業者数_うち常用雇用者","パルプ・紙・紙加工品製造業","0人","総数"
"105-2024","14","02","0","00000","2024000000","人","5616","従業者数_うち常用雇用者","パルプ・紙・紙加工品製造業","1～4人","総数"
"105-2024","14","03","0","00000","2024000000","人","9194","従業者数_うち常用雇用者","パルプ・紙・紙加工品製造業","5～9人","総数"
"105-2024","14","04","0","00000","2024000000","人","18437","従業者数_うち常用雇用者","パルプ・紙・紙加工品製造業","10～19人","総数"
"105-2024","14","05","0","00000","2024000000","人","18676","従業者数_うち常用雇用者","パルプ・紙・紙加工品製造業","20～29人","総数"
"105-2024","14","06","0","00000","2024000000","人","25518","従業者数_うち常用雇用者","パルプ・紙・紙加工品製造業","30～49人","総数"
"105-2024","14","07","0","00000","2024000000","人","41621","従業者数_うち常用雇用者","パルプ・紙・紙加工品製造業","50～99人","総数"
"105-2024","14","08","0","00000","2024000000","人","35856","従業者数_うち常用雇用者","パルプ・紙・紙加工品製造業","100～199人","総数"
"105-2024","14","09","0","00000","2024000000","人","14760","従業者数_うち常用雇用者","パルプ・紙・紙加工品製造業","200～299人","総数"
"105-2024","14","10","0","00000","2024000000","人","15733","従業者数_うち常用雇用者","パルプ・紙・紙加工品製造業","300人以上","総数"
"105-2024","15","00","0","00000","2024000000","人","266295","従業者数_うち常用雇用者","印刷・同関連業","総数","総数"
"105-2024","15","01","0","00000","2024000000","人","***","従業者数_うち常用雇用者","印刷・同関連業","0人","総数"
"105-2024","15","02","0","00000","2024000000","人","18741","従業者数_うち常用雇用者","印刷・同関連業","1～4人","総数"
"105-2024","15","03","0","00000","2024000000","人","20691","従業者数_うち常用雇用者","印刷・同関連業","5～9人","総数"
"105-2024","15","04","0","00000","2024000000","人","31832","従業者数_うち常用雇用者","印刷・同関連業","10～19人","総数"
"105-2024","15","05","0","00000","2024000000","人","25066","従業者数_うち常用雇用者","印刷・同関連業","20～29人","総数"
"105-2024","15","06","0","00000","2024000000","人","35558","従業者数_うち常用雇用者","印刷・同関連業","30～49人","総数"
"105-2024","15","07","0","00000","2024000000","人","47435","従業者数_うち常用雇用者","印刷・同関連業","50～99人","総数"
"105-2024","15","08","0","00000","2024000000","人","34807","従業者数_うち常用雇用者","印刷・同関連業","100～199人","総数"
"105-2024","15","09","0","00000","2024000000","人","13071","従業者数_うち常用雇用者","印刷・同関連業","200～299人","総数"
"105-2024","15","10","0","00000","2024000000","人","39094","従業者数_うち常用雇用者","印刷・同関連業","300人以上","総数"
"105-2024","16","00","0","00000","2024000000","人","447784","従業者数_うち常用雇用者","化学工業","総数","総数"
"105-2024","16","01","0","00000","2024000000","人","***","従業者数_うち常用雇用者","化学工業","0人","総数"
"105-2024","16","02","0","00000","2024000000","人","5284","従業者数_うち常用雇用者","化学工業","1～4人","総数"
"105-2024","16","03","0","00000","2024000000","人","9050","従業者数_うち常用雇用者","化学工業","5～9人","総数"
"105-2024","16","04","0","00000","2024000000","人","18595","従業者数_うち常用雇用者","化学工業","10～19人","総数"
"105-2024","16","05","0","00000","2024000000","人","18354","従業者数_うち常用雇用者","化学工業","20～29人","総数"
"105-2024","16","06","0","00000","2024000000","人","33399","従業者数_うち常用雇用者","化学工業","30～49人","総数"
"105-2024","16","07","0","00000","2024000000","人","59968","従業者数_うち常用雇用者","化学工業","50～99人","総数"
"105-2024","16","08","0","00000","2024000000","人","77720","従業者数_うち常用雇用者","化学工業","100～199人","総数"
"105-2024","16","09","0","00000","2024000000","人","55367","従業者数_うち常用雇用者","化学工業","200～299人","総数"
"105-2024","16","10","0","00000","2024000000","人","170047","従業者数_うち常用雇用者","化学工業","300人以上","総数"
"105-2024","17","00","0","00000","2024000000","人","31550","従業者数_うち常用雇用者","石油製品・石炭製品製造業","総数","総数"
"105-2024","17","01","0","00000","2024000000","人","***","従業者数_うち常用雇用者","石油製品・石炭製品製造業","0人","総数"
"105-2024","17","02","0","00000","2024000000","人","1330","従業者数_うち常用雇用者","石油製品・石炭製品製造業","1～4人","総数"
"105-2024","17","03","0","00000","2024000000","人","3693","従業者数_うち常用雇用者","石油製品・石炭製品製造業","5～9人","総数"
"105-2024","17","04","0","00000","2024000000","人","3411","従業者数_うち常用雇用者","石油製品・石炭製品製造業","10～19人","総数"
"105-2024","17","05","0","00000","2024000000","人","1928","従業者数_うち常用雇用者","石油製品・石炭製品製造業","20～29人","総数"
"105-2024","17","06","0","00000","2024000000","人","2145","従業者数_うち常用雇用者","石油製品・石炭製品製造業","30～49人","総数"
"105-2024","17","07","0","00000","2024000000","人","2724","従業者数_うち常用雇用者","石油製品・石炭製品製造業","50～99人","総数"
"105-2024","17","08","0","00000","2024000000","人","1566","従業者数_うち常用雇用者","石油製品・石炭製品製造業","100～199人","総数"
"105-2024","17","09","0","00000","2024000000","人","1639","従業者数_うち常用雇用者","石油製品・石炭製品製造業","200～299人","総数"
"105-2024","17","10","0","00000","2024000000","人","13114","従業者数_うち常用雇用者","石油製品・石炭製品製造業","300人以上","総数"
"105-2024","18","00","0","00000","2024000000","人","439885","従業者数_うち常用雇用者","プラスチック製品製造業（別掲を除く）","総数","総数"
"105-2024","18","01","0","00000","2024000000","人","***","従業者数_うち常用雇用者","プラスチック製品製造業（別掲を除く）","0人","総数"
"105-2024","18","02","0","00000","2024000000","人","12580","従業者数_うち常用雇用者","プラスチック製品製造業（別掲を除く）","1～4人","総数"
"105-2024","18","03","0","00000","2024000000","人","22295","従業者数_うち常用雇用者","プラスチック製品製造業（別掲を除く）","5～9人","総数"
"105-2024","18","04","0","00000","2024000000","人","44540","従業者数_うち常用雇用者","プラスチック製品製造業（別掲を除く）","10～19人","総数"
"105-2024","18","05","0","00000","2024000000","人","41350","従業者数_うち常用雇用者","プラスチック製品製造業（別掲を除く）","20～29人","総数"
"105-2024","18","06","0","00000","2024000000","人","61626","従業者数_うち常用雇用者","プラスチック製品製造業（別掲を除く）","30～49人","総数"
"105-2024","18","07","0","00000","2024000000","人","87413","従業者数_うち常用雇用者","プラスチック製品製造業（別掲を除く）","50～99人","総数"
"105-2024","18","08","0","00000","2024000000","人","76206","従業者数_うち常用雇用者","プラスチック製品製造業（別掲を除く）","100～199人","総数"
"105-2024","18","09","0","00000","2024000000","人","39222","従業者数_うち常用雇用者","プラスチック製品製造業（別掲を除く）","200～299人","総数"
"105-2024","18","10","0","00000","2024000000","人","54653","従業者数_うち常用雇用者","プラスチック製品製造業（別掲を除く）","300人以上","総数"
"105-2024","19","00","0","00000","2024000000","人","116596","従業者数_うち常用雇用者","ゴム製品製造業","総数","総数"
"105-2024","19","01","0","00000","2024000000","人","***","従業者数_うち常用雇用者","ゴム製品製造業","0人","総数"
"105-2024","19","02","0","00000","2024000000","人","2702","従業者数_うち常用雇用者","ゴム製品製造業","1～4人","総数"
"105-2024","19","03","0","00000","2024000000","人","3893","従業者数_うち常用雇用者","ゴム製品製造業","5～9人","総数"
"105-2024","19","04","0","00000","2024000000","人","7878","従業者数_うち常用雇用者","ゴム製品製造業","10～19人","総数"
"105-2024","19","05","0","00000","2024000000","人","6944","従業者数_うち常用雇用者","ゴム製品製造業","20～29人","総数"
"105-2024","19","06","0","00000","2024000000","人","9744","従業者数_うち常用雇用者","ゴム製品製造業","30～49人","総数"
"105-2024","19","07","0","00000","2024000000","人","14863","従業者数_うち常用雇用者","ゴム製品製造業","50～99人","総数"
"105-2024","19","08","0","00000","2024000000","人","15702","従業者数_うち常用雇用者","ゴム製品製造業","100～199人","総数"
"105-2024","19","09","0","00000","2024000000","人","10584","従業者数_うち常用雇用者","ゴム製品製造業","200～299人","総数"
"105-2024","19","10","0","00000","2024000000","人","44286","従業者数_うち常用雇用者","ゴム製品製造業","300人以上","総数"
"105-2024","20","00","0","00000","2024000000","人","19960","従業者数_うち常用雇用者","なめし革・同製品・毛皮製造業","総数","総数"
"105-2024","20","01","0","00000","2024000000","人","***","従業者数_うち常用雇用者","なめし革・同製品・毛皮製造業","0人","総数"
"105-2024","20","02","0","00000","2024000000","人","2582","従業者数_うち常用雇用者","なめし革・同製品・毛皮製造業","1～4人","総数"
"105-2024","20","03","0","00000","2024000000","人","2804","従業者数_うち常用雇用者","なめし革・同製品・毛皮製造業","5～9人","総数"
"105-2024","20","04","0","00000","2024000000","人","3387","従業者数_うち常用雇用者","なめし革・同製品・毛皮製造業","10～19人","総数"
"105-2024","20","05","0","00000","2024000000","人","2415","従業者数_うち常用雇用者","なめし革・同製品・毛皮製造業","20～29人","総数"
"105-2024","20","06","0","00000","2024000000","人","2938","従業者数_うち常用雇用者","なめし革・同製品・毛皮製造業","30～49人","総数"
"105-2024","20","07","0","00000","2024000000","人","3079","従業者数_うち常用雇用者","なめし革・同製品・毛皮製造業","50～99人","総数"
"105-2024","20","08","0","00000","2024000000","人","1972","従業者数_うち常用雇用者","なめし革・同製品・毛皮製造業","100～199人","総数"
"105-2024","20","09","0","00000","2024000000","人","467","従業者数_うち常用雇用者","なめし革・同製品・毛皮製造業","200～299人","総数"
"105-2024","20","10","0","00000","2024000000","人","316","従業者数_うち常用雇用者","なめし革・同製品・毛皮製造業","300人以上","総数"
"105-2024","21","00","0","00000","2024000000","人","244659","従業者数_うち常用雇用者","窯業・土石製品製造業","総数","総数"
"105-2024","21","01","0","00000","2024000000","人","***","従業者数_うち常用雇用者","窯業・土石製品製造業","0人","総数"
"105-2024","21","02","0","00000","2024000000","人","10754","従業者数_うち常用雇用者","窯業・土石製品製造業","1～4人","総数"
"105-2024","21","03","0","00000","2024000000","人","19859","従業者数_うち常用雇用者","窯業・土石製品製造業","5～9人","総数"
"105-2024","21","04","0","00000","2024000000","人","42126","従業者数_うち常用雇用者","窯業・土石製品製造業","10～19人","総数"
"105-2024","21","05","0","00000","2024000000","人","30436","従業者数_うち常用雇用者","窯業・土石製品製造業","20～29人","総数"
"105-2024","21","06","0","00000","2024000000","人","29289","従業者数_うち常用雇用者","窯業・土石製品製造業","30～49人","総数"
"105-2024","21","07","0","00000","2024000000","人","34219","従業者数_うち常用雇用者","窯業・土石製品製造業","50～99人","総数"
"105-2024","21","08","0","00000","2024000000","人","26015","従業者数_うち常用雇用者","窯業・土石製品製造業","100～199人","総数"
"105-2024","21","09","0","00000","2024000000","人","14163","従業者数_うち常用雇用者","窯業・土石製品製造業","200～299人","総数"
"105-2024","21","10","0","00000","2024000000","人","37798","従業者数_うち常用雇用者","窯業・土石製品製造業","300人以上","総数"
"105-2024","22","00","0","00000","2024000000","人","225212","従業者数_うち常用雇用者","鉄鋼業","総数","総数"
"105-2024","22","01","0","00000","2024000000","人","***","従業者数_うち常用雇用者","鉄鋼業","0人","総数"
"105-2024","22","02","0","00000","2024000000","人","4182","従業者数_うち常用雇用者","鉄鋼業","1～4人","総数"
"105-2024","22","03","0","00000","2024000000","人","7402","従業者数_うち常用雇用者","鉄鋼業","5～9人","総数"
"105-2024","22","04","0","00000","2024000000","人","14919","従業者数_うち常用雇用者","鉄鋼業","10～19人","総数"
"105-2024","22","05","0","00000","2024000000","人","14463","従業者数_うち常用雇用者","鉄鋼業","20～29人","総数"
"105-2024","22","06","0","00000","2024000000","人","19776","従業者数_うち常用雇用者","鉄鋼業","30～49人","総数"
"105-2024","22","07","0","00000","2024000000","人","31245","従業者数_うち常用雇用者","鉄鋼業","50～99人","総数"
"105-2024","22","08","0","00000","2024000000","人","30537","従業者数_うち常用雇用者","鉄鋼業","100～199人","総数"
"105-2024","22","09","0","00000","2024000000","人","18356","従業者数_うち常用雇用者","鉄鋼業","200～299人","総数"
"105-2024","22","10","0","00000","2024000000","人","84332","従業者数_うち常用雇用者","鉄鋼業","300人以上","総数"
"105-2024","23","00","0","00000","2024000000","人","148212","従業者数_うち常用雇用者","非鉄金属製造業","総数","総数"
"105-2024","23","01","0","00000","2024000000","人","***","従業者数_うち常用雇用者","非鉄金属製造業","0人","総数"
"105-2024","23","02","0","00000","2024000000","人","2715","従業者数_うち常用雇用者","非鉄金属製造業","1～4人","総数"
"105-2024","23","03","0","00000","2024000000","人","4691","従業者数_うち常用雇用者","非鉄金属製造業","5～9人","総数"
"105-2024","23","04","0","00000","2024000000","人","8864","従業者数_うち常用雇用者","非鉄金属製造業","10～19人","総数"
"105-2024","23","05","0","00000","2024000000","人","8243","従業者数_うち常用雇用者","非鉄金属製造業","20～29人","総数"
"105-2024","23","06","0","00000","2024000000","人","12513","従業者数_うち常用雇用者","非鉄金属製造業","30～49人","総数"
"105-2024","23","07","0","00000","2024000000","人","20702","従業者数_うち常用雇用者","非鉄金属製造業","50～99人","総数"
"105-2024","23","08","0","00000","2024000000","人","26728","従業者数_うち常用雇用者","非鉄金属製造業","100～199人","総数"
"105-2024","23","09","0","00000","2024000000","人","13022","従業者数_うち常用雇用者","非鉄金属製造業","200～299人","総数"
"105-2024","23","10","0","00000","2024000000","人","50734","従業者数_うち常用雇用者","非鉄金属製造業","300人以上","総数"
"105-2024","24","00","0","00000","2024000000","人","610044","従業者数_うち常用雇用者","金属製品製造業","総数","総数"
"105-2024","24","01","0","00000","2024000000","人","***","従業者数_うち常用雇用者","金属製品製造業","0人","総数"
"105-2024","24","02","0","00000","2024000000","人","37737","従業者数_うち常用雇用者","金属製品製造業","1～4人","総数"
"105-2024","24","03","0","00000","2024000000","人","54107","従業者数_うち常用雇用者","金属製品製造業","5～9人","総数"
"105-2024","24","04","0","00000","2024000000","人","89546","従業者数_うち常用雇用者","金属製品製造業","10～19人","総数"
"105-2024","24","05","0","00000","2024000000","人","73452","従業者数_うち常用雇用者","金属製品製造業","20～29人","総数"
"105-2024","24","06","0","00000","2024000000","人","90260","従業者数_うち常用雇用者","金属製品製造業","30～49人","総数"
"105-2024","24","07","0","00000","2024000000","人","107265","従業者数_うち常用雇用者","金属製品製造業","50～99人","総数"
"105-2024","24","08","0","00000","2024000000","人","79508","従業者数_うち常用雇用者","金属製品製造業","100～199人","総数"
"105-2024","24","09","0","00000","2024000000","人","28755","従業者数_うち常用雇用者","金属製品製造業","200～299人","総数"
"105-2024","24","10","0","00000","2024000000","人","49414","従業者数_うち常用雇用者","金属製品製造業","300人以上","総数"
"105-2024","25","00","0","00000","2024000000","人","325084","従業者数_うち常用雇用者","はん用機械器具製造業","総数","総数"
"105-2024","25","01","0","00000","2024000000","人","***","従業者数_うち常用雇用者","はん用機械器具製造業","0人","総数"
"105-2024","25","02","0","00000","2024000000","人","10650","従業者数_うち常用雇用者","はん用機械器具製造業","1～4人","総数"
"105-2024","25","03","0","00000","2024000000","人","15091","従業者数_うち常用雇用者","はん用機械器具製造業","5～9人","総数"
"105-2024","25","04","0","00000","2024000000","人","22934","従業者数_うち常用雇用者","はん用機械器具製造業","10～19人","総数"
"105-2024","25","05","0","00000","2024000000","人","18238","従業者数_うち常用雇用者","はん用機械器具製造業","20～29人","総数"
"105-2024","25","06","0","00000","2024000000","人","26929","従業者数_うち常用雇用者","はん用機械器具製造業","30～49人","総数"
"105-2024","25","07","0","00000","2024000000","人","41092","従業者数_うち常用雇用者","はん用機械器具製造業","50～99人","総数"
"105-2024","25","08","0","00000","2024000000","人","43520","従業者数_うち常用雇用者","はん用機械器具製造業","100～199人","総数"
"105-2024","25","09","0","00000","2024000000","人","25521","従業者数_うち常用雇用者","はん用機械器具製造業","200～299人","総数"
"105-2024","25","10","0","00000","2024000000","人","121109","従業者数_うち常用雇用者","はん用機械器具製造業","300人以上","総数"
"105-2024","26","00","0","00000","2024000000","人","651931","従業者数_うち常用雇用者","生産用機械器具製造業","総数","総数"
"105-2024","26","01","0","00000","2024000000","人","***","従業者数_うち常用雇用者","生産用機械器具製造業","0人","総数"
"105-2024","26","02","0","00000","2024000000","人","26682","従業者数_うち常用雇用者","生産用機械器具製造業","1～4人","総数"
"105-2024","26","03","0","00000","2024000000","人","37094","従業者数_うち常用雇用者","生産用機械器具製造業","5～9人","総数"
"105-2024","26","04","0","00000","2024000000","人","59535","従業者数_うち常用雇用者","生産用機械器具製造業","10～19人","総数"
"105-2024","26","05","0","00000","2024000000","人","51072","従業者数_うち常用雇用者","生産用機械器具製造業","20～29人","総数"
"105-2024","26","06","0","00000","2024000000","人","71650","従業者数_うち常用雇用者","生産用機械器具製造業","30～49人","総数"
"105-2024","26","07","0","00000","2024000000","人","102284","従業者数_うち常用雇用者","生産用機械器具製造業","50～99人","総数"
"105-2024","26","08","0","00000","2024000000","人","87758","従業者数_うち常用雇用者","生産用機械器具製造業","100～199人","総数"
"105-2024","26","09","0","00000","2024000000","人","44708","従業者数_うち常用雇用者","生産用機械器具製造業","200～299人","総数"
"105-2024","26","10","0","00000","2024000000","人","171148","従業者数_うち常用雇用者","生産用機械器具製造業","300人以上","総数"
"105-2024","27","00","0","00000","2024000000","人","233132","従業者数_うち常用雇用者","業務用機械器具製造業","総数","総数"
"105-2024","27","01","0","00000","2024000000","人","***","従業者数_うち常用雇用者","業務用機械器具製造業","0人","総数"
"105-2024","27","02","0","00000","2024000000","人","5646","従業者数_うち常用雇用者","業務用機械器具製造業","1～4人","総数"
"105-2024","27","03","0","00000","2024000000","人","8020","従業者数_うち常用雇用者","業務用機械器具製造業","5～9人","総数"
"105-2024","27","04","0","00000","2024000000","人","13849","従業者数_うち常用雇用者","業務用機械器具製造業","10～19人","総数"
"105-2024","27","05","0","00000","2024000000","人","13240","従業者数_うち常用雇用者","業務用機械器具製造業","20～29人","総数"
"105-2024","27","06","0","00000","2024000000","人","17645","従業者数_うち常用雇用者","業務用機械器具製造業","30～49人","総数"
"105-2024","27","07","0","00000","2024000000","人","29656","従業者数_うち常用雇用者","業務用機械器具製造業","50～99人","総数"
"105-2024","27","08","0","00000","2024000000","人","34184","従業者数_うち常用雇用者","業務用機械器具製造業","100～199人","総数"
"105-2024","27","09","0","00000","2024000000","人","21074","従業者数_うち常用雇用者","業務用機械器具製造業","200～299人","総数"
"105-2024","27","10","0","00000","2024000000","人","89818","従業者数_うち常用雇用者","業務用機械器具製造業","300人以上","総数"
"105-2024","28","00","0","00000","2024000000","人","411850","従業者数_うち常用雇用者","電子部品・デバイス・電子回路製造業","総数","総数"
"105-2024","28","01","0","00000","2024000000","人","***","従業者数_うち常用雇用者","電子部品・デバイス・電子回路製造業","0人","総数"
"105-2024","28","02","0","00000","2024000000","人","3573","従業者数_うち常用雇用者","電子部品・デバイス・電子回路製造業","1～4人","総数"
"105-2024","28","03","0","00000","2024000000","人","6529","従業者数_うち常用雇用者","電子部品・デバイス・電子回路製造業","5～9人","総数"
"105-2024","28","04","0","00000","2024000000","人","13449","従業者数_うち常用雇用者","電子部品・デバイス・電子回路製造業","10～19人","総数"
"105-2024","28","05","0","00000","2024000000","人","12778","従業者数_うち常用雇用者","電子部品・デバイス・電子回路製造業","20～29人","総数"
"105-2024","28","06","0","00000","2024000000","人","22280","従業者数_うち常用雇用者","電子部品・デバイス・電子回路製造業","30～49人","総数"
"105-2024","28","07","0","00000","2024000000","人","41451","従業者数_うち常用雇用者","電子部品・デバイス・電子回路製造業","50～99人","総数"
"105-2024","28","08","0","00000","2024000000","人","58446","従業者数_うち常用雇用者","電子部品・デバイス・電子回路製造業","100～199人","総数"
"105-2024","28","09","0","00000","2024000000","人","36000","従業者数_うち常用雇用者","電子部品・デバイス・電子回路製造業","200～299人","総数"
"105-2024","28","10","0","00000","2024000000","人","217344","従業者数_うち常用雇用者","電子部品・デバイス・電子回路製造業","300人以上","総数"
"105-2024","29","00","0","00000","2024000000","人","511818","従業者数_うち常用雇用者","電気機械器具製造業","総数","総数"
"105-2024","29","01","0","00000","2024000000","人","***","従業者数_うち常用雇用者","電気機械器具製造業","0人","総数"
"105-2024","29","02","0","00000","2024000000","人","9777","従業者数_うち常用雇用者","電気機械器具製造業","1～4人","総数"
"105-2024","29","03","0","00000","2024000000","人","15608","従業者数_うち常用雇用者","電気機械器具製造業","5～9人","総数"
"105-2024","29","04","0","00000","2024000000","人","29732","従業者数_うち常用雇用者","電気機械器具製造業","10～19人","総数"
"105-2024","29","05","0","00000","2024000000","人","25967","従業者数_うち常用雇用者","電気機械器具製造業","20～29人","総数"
"105-2024","29","06","0","00000","2024000000","人","40808","従業者数_うち常用雇用者","電気機械器具製造業","30～49人","総数"
"105-2024","29","07","0","00000","2024000000","人","64192","従業者数_うち常用雇用者","電気機械器具製造業","50～99人","総数"
"105-2024","29","08","0","00000","2024000000","人","69376","従業者数_うち常用雇用者","電気機械器具製造業","100～199人","総数"
"105-2024","29","09","0","00000","2024000000","人","46235","従業者数_うち常用雇用者","電気機械器具製造業","200～299人","総数"
"105-2024","29","10","0","00000","2024000000","人","210123","従業者数_うち常用雇用者","電気機械器具製造業","300人以上","総数"
"105-2024","30","00","0","00000","2024000000","人","138241","従業者数_うち常用雇用者","情報通信機械器具製造業","総数","総数"
"105-2024","30","01","0","00000","2024000000","人","***","従業者数_うち常用雇用者","情報通信機械器具製造業","0人","総数"
"105-2024","30","02","0","00000","2024000000","人","1253","従業者数_うち常用雇用者","情報通信機械器具製造業","1～4人","総数"
"105-2024","30","03","0","00000","2024000000","人","1916","従業者数_うち常用雇用者","情報通信機械器具製造業","5～9人","総数"
"105-2024","30","04","0","00000","2024000000","人","4092","従業者数_うち常用雇用者","情報通信機械器具製造業","10～19人","総数"
"105-2024","30","05","0","00000","2024000000","人","3788","従業者数_うち常用雇用者","情報通信機械器具製造業","20～29人","総数"
"105-2024","30","06","0","00000","2024000000","人","6658","従業者数_うち常用雇用者","情報通信機械器具製造業","30～49人","総数"
"105-2024","30","07","0","00000","2024000000","人","11860","従業者数_うち常用雇用者","情報通信機械器具製造業","50～99人","総数"
"105-2024","30","08","0","00000","2024000000","人","15693","従業者数_うち常用雇用者","情報通信機械器具製造業","100～199人","総数"
"105-2024","30","09","0","00000","2024000000","人","13098","従業者数_うち常用雇用者","情報通信機械器具製造業","200～299人","総数"
"105-2024","30","10","0","00000","2024000000","人","79883","従業者数_うち常用雇用者","情報通信機械器具製造業","300人以上","総数"
"105-2024","31","00","0","00000","2024000000","人","1032171","従業者数_うち常用雇用者","輸送用機械器具製造業","総数","総数"
"105-2024","31","01","0","00000","2024000000","人","***","従業者数_うち常用雇用者","輸送用機械器具製造業","0人","総数"
"105-2024","31","02","0","00000","2024000000","人","9863","従業者数_うち常用雇用者","輸送用機械器具製造業","1～4人","総数"
"105-2024","31","03","0","00000","2024000000","人","16972","従業者数_うち常用雇用者","輸送用機械器具製造業","5～9人","総数"
"105-2024","31","04","0","00000","2024000000","人","34111","従業者数_うち常用雇用者","輸送用機械器具製造業","10～19人","総数"
"105-2024","31","05","0","00000","2024000000","人","29606","従業者数_うち常用雇用者","輸送用機械器具製造業","20～29人","総数"
"105-2024","31","06","0","00000","2024000000","人","53238","従業者数_うち常用雇用者","輸送用機械器具製造業","30～49人","総数"
"105-2024","31","07","0","00000","2024000000","人","87662","従業者数_うち常用雇用者","輸送用機械器具製造業","50～99人","総数"
"105-2024","31","08","0","00000","2024000000","人","106133","従業者数_うち常用雇用者","輸送用機械器具製造業","100～199人","総数"
"105-2024","31","09","0","00000","2024000000","人","68313","従業者数_うち常用雇用者","輸送用機械器具製造業","200～299人","総数"
"105-2024","31","10","0","00000","2024000000","人","626273","従業者数_うち常用雇用者","輸送用機械器具製造業","300人以上","総数"
"105-2024","32","00","0","00000","2024000000","人","181445","従業者数_うち常用雇用者","その他の製造業","総数","総数"
"105-2024","32","01","0","00000","2024000000","人","***","従業者数_うち常用雇用者","その他の製造業","0人","総数"
"105-2024","32","02","0","00000","2024000000","人","19363","従業者数_うち常用雇用者","その他の製造業","1～4人","総数"
"105-2024","32","03","0","00000","2024000000","人","18746","従業者数_うち常用雇用者","その他の製造業","5～9人","総数"
"105-2024","32","04","0","00000","2024000000","人","23464","従業者数_うち常用雇用者","その他の製造業","10～19人","総数"
"105-2024","32","05","0","00000","2024000000","人","16079","従業者数_うち常用雇用者","その他の製造業","20～29人","総数"
"105-2024","32","06","0","00000","2024000000","人","20533","従業者数_うち常用雇用者","その他の製造業","30～49人","総数"
"105-2024","32","07","0","00000","2024000000","人","23157","従業者数_うち常用雇用者","その他の製造業","50～99人","総数"
"105-2024","32","08","0","00000","2024000000","人","25013","従業者数_うち常用雇用者","その他の製造業","100～199人","総数"
"105-2024","32","09","0","00000","2024000000","人","12665","従業者数_うち常用雇用者","その他の製造業","200～299人","総数"
"105-2024","32","10","0","00000","2024000000","人","22425","従業者数_うち常用雇用者","その他の製造業","300人以上","総数"
"105-2024","F","00","0","00000","2024000000","人","211104","従業者数_うち常用雇用者","電気・ガス・熱供給・水道業","総数","総数"
"105-2024","F","01","0","00000","2024000000","人","***","従業者数_うち常用雇用者","電気・ガス・熱供給・水道業","0人","総数"
"105-2024","F","02","0","00000","2024000000","人","8150","従業者数_うち常用雇用者","電気・ガス・熱供給・水道業","1～4人","総数"
"105-2024","F","03","0","00000","2024000000","人","7186","従業者数_うち常用雇用者","電気・ガス・熱供給・水道業","5～9人","総数"
"105-2024","F","04","0","00000","2024000000","人","14954","従業者数_うち常用雇用者","電気・ガス・熱供給・水道業","10～19人","総数"
"105-2024","F","05","0","00000","2024000000","人","12458","従業者数_うち常用雇用者","電気・ガス・熱供給・水道業","20～29人","総数"
"105-2024","F","06","0","00000","2024000000","人","17856","従業者数_うち常用雇用者","電気・ガス・熱供給・水道業","30～49人","総数"
"105-2024","F","07","0","00000","2024000000","人","32956","従業者数_うち常用雇用者","電気・ガス・熱供給・水道業","50～99人","総数"
"105-2024","F","08","0","00000","2024000000","人","28022","従業者数_うち常用雇用者","電気・ガス・熱供給・水道業","100～199人","総数"
"105-2024","F","09","0","00000","2024000000","人","13647","従業者数_うち常用雇用者","電気・ガス・熱供給・水道業","200～299人","総数"
"105-2024","F","10","0","00000","2024000000","人","75875","従業者数_うち常用雇用者","電気・ガス・熱供給・水道業","300人以上","総数"
"105-2024","33","00","0","00000","2024000000","人","144877","従業者数_うち常用雇用者","電気業","総数","総数"
"105-2024","33","01","0","00000","2024000000","人","***","従業者数_うち常用雇用者","電気業","0人","総数"
"105-2024","33","02","0","00000","2024000000","人","6392","従業者数_うち常用雇用者","電気業","1～4人","総数"
"105-2024","33","03","0","00000","2024000000","人","3145","従業者数_うち常用雇用者","電気業","5～9人","総数"
"105-2024","33","04","0","00000","2024000000","人","6159","従業者数_うち常用雇用者","電気業","10～19人","総数"
"105-2024","33","05","0","00000","2024000000","人","6049","従業者数_うち常用雇用者","電気業","20～29人","総数"
"105-2024","33","06","0","00000","2024000000","人","11045","従業者数_うち常用雇用者","電気業","30～49人","総数"
"105-2024","33","07","0","00000","2024000000","人","22639","従業者数_うち常用雇用者","電気業","50～99人","総数"
"105-2024","33","08","0","00000","2024000000","人","21291","従業者数_うち常用雇用者","電気業","100～199人","総数"
"105-2024","33","09","0","00000","2024000000","人","9342","従業者数_うち常用雇用者","電気業","200～299人","総数"
"105-2024","33","10","0","00000","2024000000","人","58815","従業者数_うち常用雇用者","電気業","300人以上","総数"
"105-2024","34","00","0","00000","2024000000","人","35552","従業者数_うち常用雇用者","ガス業","総数","総数"
"105-2024","34","01","0","00000","2024000000","人","***","従業者数_うち常用雇用者","ガス業","0人","総数"
"105-2024","34","02","0","00000","2024000000","人","254","従業者数_うち常用雇用者","ガス業","1～4人","総数"
"105-2024","34","03","0","00000","2024000000","人","462","従業者数_うち常用雇用者","ガス業","5～9人","総数"
"105-2024","34","04","0","00000","2024000000","人","1825","従業者数_うち常用雇用者","ガス業","10～19人","総数"
"105-2024","34","05","0","00000","2024000000","人","1365","従業者数_うち常用雇用者","ガス業","20～29人","総数"
"105-2024","34","06","0","00000","2024000000","人","2384","従業者数_うち常用雇用者","ガス業","30～49人","総数"
"105-2024","34","07","0","00000","2024000000","人","6470","従業者数_うち常用雇用者","ガス業","50～99人","総数"
"105-2024","34","08","0","00000","2024000000","人","4765","従業者数_うち常用雇用者","ガス業","100～199人","総数"
"105-2024","34","09","0","00000","2024000000","人","2685","従業者数_うち常用雇用者","ガス業","200～299人","総数"
"105-2024","34","10","0","00000","2024000000","人","15342","従業者数_うち常用雇用者","ガス業","300人以上","総数"
"105-2024","35","00","0","00000","2024000000","人","2695","従業者数_うち常用雇用者","熱供給業","総数","総数"
"105-2024","35","01","0","00000","2024000000","人","***","従業者数_うち常用雇用者","熱供給業","0人","総数"
"105-2024","35","02","0","00000","2024000000","人","177","従業者数_うち常用雇用者","熱供給業","1～4人","総数"
"105-2024","35","03","0","00000","2024000000","人","211","従業者数_うち常用雇用者","熱供給業","5～9人","総数"
"105-2024","35","04","0","00000","2024000000","人","513","従業者数_うち常用雇用者","熱供給業","10～19人","総数"
"105-2024","35","05","0","00000","2024000000","人","280","従業者数_うち常用雇用者","熱供給業","20～29人","総数"
"105-2024","35","06","0","00000","2024000000","人","433","従業者数_うち常用雇用者","熱供給業","30～49人","総数"
"105-2024","35","07","0","00000","2024000000","人","142","従業者数_うち常用雇用者","熱供給業","50～99人","総数"
"105-2024","35","08","0","00000","2024000000","人","101","従業者数_うち常用雇用者","熱供給業","100～199人","総数"
"105-2024","35","09","0","00000","2024000000","人","298","従業者数_うち常用雇用者","熱供給業","200～299人","総数"
"105-2024","35","10","0","00000","2024000000","人","540","従業者数_うち常用雇用者","熱供給業","300人以上","総数"
"105-2024","36","00","0","00000","2024000000","人","27980","従業者数_うち常用雇用者","水道業","総数","総数"
"105-2024","36","01","0","00000","2024000000","人","***","従業者数_うち常用雇用者","水道業","0人","総数"
"105-2024","36","02","0","00000","2024000000","人","1327","従業者数_うち常用雇用者","水道業","1～4人","総数"
"105-2024","36","03","0","00000","2024000000","人","3368","従業者数_うち常用雇用者","水道業","5～9人","総数"
"105-2024","36","04","0","00000","2024000000","人","6457","従業者数_うち常用雇用者","水道業","10～19人","総数"
"105-2024","36","05","0","00000","2024000000","人","4764","従業者数_うち常用雇用者","水道業","20～29人","総数"
"105-2024","36","06","0","00000","2024000000","人","3994","従業者数_うち常用雇用者","水道業","30～49人","総数"
"105-2024","36","07","0","00000","2024000000","人","3705","従業者数_うち常用雇用者","水道業","50～99人","総数"
"105-2024","36","08","0","00000","2024000000","人","1865","従業者数_うち常用雇用者","水道業","100～199人","総数"
"105-2024","36","09","0","00000","2024000000","人","1322","従業者数_うち常用雇用者","水道業","200～299人","総数"
"105-2024","36","10","0","00000","2024000000","人","1178","従業者数_うち常用雇用者","水道業","300人以上","総数"
"105-2024","G","00","0","00000","2024000000","人","2067616","従業者数_うち常用雇用者","情報通信業","総数","総数"
"105-2024","G","01","0","00000","2024000000","人","***","従業者数_うち常用雇用者","情報通信業","0人","総数"
"105-2024","G","02","0","00000","2024000000","人","66989","従業者数_うち常用雇用者","情報通信業","1～4人","総数"
"105-2024","G","03","0","00000","2024000000","人","73792","従業者数_うち常用雇用者","情報通信業","5～9人","総数"
"105-2024","G","04","0","00000","2024000000","人","118637","従業者数_うち常用雇用者","情報通信業","10～19人","総数"
"105-2024","G","05","0","00000","2024000000","人","98640","従業者数_うち常用雇用者","情報通信業","20～29人","総数"
"105-2024","G","06","0","00000","2024000000","人","165104","従業者数_うち常用雇用者","情報通信業","30～49人","総数"
"105-2024","G","07","0","00000","2024000000","人","265981","従業者数_うち常用雇用者","情報通信業","50～99人","総数"
"105-2024","G","08","0","00000","2024000000","人","288591","従業者数_うち常用雇用者","情報通信業","100～199人","総数"
"105-2024","G","09","0","00000","2024000000","人","167755","従業者数_うち常用雇用者","情報通信業","200～299人","総数"
"105-2024","G","10","0","00000","2024000000","人","822127","従業者数_うち常用雇用者","情報通信業","300人以上","総数"
"105-2024","G1","00","0","00000","2024000000","人","428151","従業者数_うち常用雇用者","情報通信業（通信業、放送業、映像・音声・文字情報制作業）","総数","総数"
"105-2024","G1","01","0","00000","2024000000","人","***","従業者数_うち常用雇用者","情報通信業（通信業、放送業、映像・音声・文字情報制作業）","0人","総数"
"105-2024","G1","02","0","00000","2024000000","人","22128","従業者数_うち常用雇用者","情報通信業（通信業、放送業、映像・音声・文字情報制作業）","1～4人","総数"
"105-2024","G1","03","0","00000","2024000000","人","22662","従業者数_うち常用雇用者","情報通信業（通信業、放送業、映像・音声・文字情報制作業）","5～9人","総数"
"105-2024","G1","04","0","00000","2024000000","人","30430","従業者数_うち常用雇用者","情報通信業（通信業、放送業、映像・音声・文字情報制作業）","10～19人","総数"
"105-2024","G1","05","0","00000","2024000000","人","21036","従業者数_うち常用雇用者","情報通信業（通信業、放送業、映像・音声・文字情報制作業）","20～29人","総数"
"105-2024","G1","06","0","00000","2024000000","人","33480","従業者数_うち常用雇用者","情報通信業（通信業、放送業、映像・音声・文字情報制作業）","30～49人","総数"
"105-2024","G1","07","0","00000","2024000000","人","56509","従業者数_うち常用雇用者","情報通信業（通信業、放送業、映像・音声・文字情報制作業）","50～99人","総数"
"105-2024","G1","08","0","00000","2024000000","人","54773","従業者数_うち常用雇用者","情報通信業（通信業、放送業、映像・音声・文字情報制作業）","100～199人","総数"
"105-2024","G1","09","0","00000","2024000000","人","33091","従業者数_うち常用雇用者","情報通信業（通信業、放送業、映像・音声・文字情報制作業）","200～299人","総数"
"105-2024","G1","10","0","00000","2024000000","人","154042","従業者数_うち常用雇用者","情報通信業（通信業、放送業、映像・音声・文字情報制作業）","300人以上","総数"
"105-2024","37","00","0","00000","2024000000","人","147748","従業者数_うち常用雇用者","通信業","総数","総数"
"105-2024","37","01","0","00000","2024000000","人","***","従業者数_うち常用雇用者","通信業","0人","総数"
"105-2024","37","02","0","00000","2024000000","人","1804","従業者数_うち常用雇用者","通信業","1～4人","総数"
"105-2024","37","03","0","00000","2024000000","人","3786","従業者数_うち常用雇用者","通信業","5～9人","総数"
"105-2024","37","04","0","00000","2024000000","人","4583","従業者数_うち常用雇用者","通信業","10～19人","総数"
"105-2024","37","05","0","00000","2024000000","人","3053","従業者数_うち常用雇用者","通信業","20～29人","総数"
"105-2024","37","06","0","00000","2024000000","人","5370","従業者数_うち常用雇用者","通信業","30～49人","総数"
"105-2024","37","07","0","00000","2024000000","人","11182","従業者数_うち常用雇用者","通信業","50～99人","総数"
"105-2024","37","08","0","00000","2024000000","人","14673","従業者数_うち常用雇用者","通信業","100～199人","総数"
"105-2024","37","09","0","00000","2024000000","人","9032","従業者数_うち常用雇用者","通信業","200～299人","総数"
"105-2024","37","10","0","00000","2024000000","人","94265","従業者数_うち常用雇用者","通信業","300人以上","総数"
"105-2024","38","00","0","00000","2024000000","人","59020","従業者数_うち常用雇用者","放送業","総数","総数"
"105-2024","38","01","0","00000","2024000000","人","***","従業者数_うち常用雇用者","放送業","0人","総数"
"105-2024","38","02","0","00000","2024000000","人","1311","従業者数_うち常用雇用者","放送業","1～4人","総数"
"105-2024","38","03","0","00000","2024000000","人","1888","従業者数_うち常用雇用者","放送業","5～9人","総数"
"105-2024","38","04","0","00000","2024000000","人","3081","従業者数_うち常用雇用者","放送業","10～19人","総数"
"105-2024","38","05","0","00000","2024000000","人","2376","従業者数_うち常用雇用者","放送業","20～29人","総数"
"105-2024","38","06","0","00000","2024000000","人","4441","従業者数_うち常用雇用者","放送業","30～49人","総数"
"105-2024","38","07","0","00000","2024000000","人","13298","従業者数_うち常用雇用者","放送業","50～99人","総数"
"105-2024","38","08","0","00000","2024000000","人","9364","従業者数_うち常用雇用者","放送業","100～199人","総数"
"105-2024","38","09","0","00000","2024000000","人","4299","従業者数_うち常用雇用者","放送業","200～299人","総数"
"105-2024","38","10","0","00000","2024000000","人","18962","従業者数_うち常用雇用者","放送業","300人以上","総数"
"105-2024","41","00","0","00000","2024000000","人","221383","従業者数_うち常用雇用者","映像・音声・文字情報制作業","総数","総数"
"105-2024","41","01","0","00000","2024000000","人","***","従業者数_うち常用雇用者","映像・音声・文字情報制作業","0人","総数"
"105-2024","41","02","0","00000","2024000000","人","19013","従業者数_うち常用雇用者","映像・音声・文字情報制作業","1～4人","総数"
"105-2024","41","03","0","00000","2024000000","人","16988","従業者数_うち常用雇用者","映像・音声・文字情報制作業","5～9人","総数"
"105-2024","41","04","0","00000","2024000000","人","22766","従業者数_うち常用雇用者","映像・音声・文字情報制作業","10～19人","総数"
"105-2024","41","05","0","00000","2024000000","人","15607","従業者数_うち常用雇用者","映像・音声・文字情報制作業","20～29人","総数"
"105-2024","41","06","0","00000","2024000000","人","23669","従業者数_うち常用雇用者","映像・音声・文字情報制作業","30～49人","総数"
"105-2024","41","07","0","00000","2024000000","人","32029","従業者数_うち常用雇用者","映像・音声・文字情報制作業","50～99人","総数"
"105-2024","41","08","0","00000","2024000000","人","30736","従業者数_うち常用雇用者","映像・音声・文字情報制作業","100～199人","総数"
"105-2024","41","09","0","00000","2024000000","人","19760","従業者数_うち常用雇用者","映像・音声・文字情報制作業","200～299人","総数"
"105-2024","41","10","0","00000","2024000000","人","40815","従業者数_うち常用雇用者","映像・音声・文字情報制作業","300人以上","総数"
"105-2024","G2","00","0","00000","2024000000","人","1639465","従業者数_うち常用雇用者","情報通信業（情報サービス業、インターネット附随サービス業）","総数","総数"
"105-2024","G2","01","0","00000","2024000000","人","***","従業者数_うち常用雇用者","情報通信業（情報サービス業、インターネット附随サービス業）","0人","総数"
"105-2024","G2","02","0","00000","2024000000","人","44861","従業者数_うち常用雇用者","情報通信業（情報サービス業、インターネット附随サービス業）","1～4人","総数"
"105-2024","G2","03","0","00000","2024000000","人","51130","従業者数_うち常用雇用者","情報通信業（情報サービス業、インターネット附随サービス業）","5～9人","総数"
"105-2024","G2","04","0","00000","2024000000","人","88207","従業者数_うち常用雇用者","情報通信業（情報サービス業、インターネット附随サービス業）","10～19人","総数"
"105-2024","G2","05","0","00000","2024000000","人","77604","従業者数_うち常用雇用者","情報通信業（情報サービス業、インターネット附随サービス業）","20～29人","総数"
"105-2024","G2","06","0","00000","2024000000","人","131624","従業者数_うち常用雇用者","情報通信業（情報サービス業、インターネット附随サービス業）","30～49人","総数"
"105-2024","G2","07","0","00000","2024000000","人","209472","従業者数_うち常用雇用者","情報通信業（情報サービス業、インターネット附随サービス業）","50～99人","総数"
"105-2024","G2","08","0","00000","2024000000","人","233818","従業者数_うち常用雇用者","情報通信業（情報サービス業、インターネット附随サービス業）","100～199人","総数"
"105-2024","G2","09","0","00000","2024000000","人","134664","従業者数_うち常用雇用者","情報通信業（情報サービス業、インターネット附随サービス業）","200～299人","総数"
"105-2024","G2","10","0","00000","2024000000","人","668085","従業者数_うち常用雇用者","情報通信業（情報サービス業、インターネット附随サービス業）","300人以上","総数"
"105-2024","39","00","0","00000","2024000000","人","1398748","従業者数_うち常用雇用者","情報サービス業","総数","総数"
"105-2024","39","01","0","00000","2024000000","人","***","従業者数_うち常用雇用者","情報サービス業","0人","総数"
"105-2024","39","02","0","00000","2024000000","人","35898","従業者数_うち常用雇用者","情報サービス業","1～4人","総数"
"105-2024","39","03","0","00000","2024000000","人","42702","従業者数_うち常用雇用者","情報サービス業","5～9人","総数"
"105-2024","39","04","0","00000","2024000000","人","75665","従業者数_うち常用雇用者","情報サービス業","10～19人","総数"
"105-2024","39","05","0","00000","2024000000","人","67899","従業者数_うち常用雇用者","情報サービス業","20～29人","総数"
"105-2024","39","06","0","00000","2024000000","人","117193","従業者数_うち常用雇用者","情報サービス業","30～49人","総数"
"105-2024","39","07","0","00000","2024000000","人","184160","従業者数_うち常用雇用者","情報サービス業","50～99人","総数"
"105-2024","39","08","0","00000","2024000000","人","199632","従業者数_うち常用雇用者","情報サービス業","100～199人","総数"
"105-2024","39","09","0","00000","2024000000","人","119086","従業者数_うち常用雇用者","情報サービス業","200～299人","総数"
"105-2024","39","10","0","00000","2024000000","人","556513","従業者数_うち常用雇用者","情報サービス業","300人以上","総数"
"105-2024","40","00","0","00000","2024000000","人","240657","従業者数_うち常用雇用者","インターネット附随サービス業","総数","総数"
"105-2024","40","01","0","00000","2024000000","人","***","従業者数_うち常用雇用者","インターネット附随サービス業","0人","総数"
"105-2024","40","02","0","00000","2024000000","人","8955","従業者数_うち常用雇用者","インターネット附随サービス業","1～4人","総数"
"105-2024","40","03","0","00000","2024000000","人","8428","従業者数_うち常用雇用者","インターネット附随サービス業","5～9人","総数"
"105-2024","40","04","0","00000","2024000000","人","12490","従業者数_うち常用雇用者","インターネット附随サービス業","10～19人","総数"
"105-2024","40","05","0","00000","2024000000","人","9705","従業者数_うち常用雇用者","インターネット附随サービス業","20～29人","総数"
"105-2024","40","06","0","00000","2024000000","人","14431","従業者数_うち常用雇用者","インターネット附随サービス業","30～49人","総数"
"105-2024","40","07","0","00000","2024000000","人","25312","従業者数_うち常用雇用者","インターネット附随サービス業","50～99人","総数"
"105-2024","40","08","0","00000","2024000000","人","34186","従業者数_うち常用雇用者","インターネット附随サービス業","100～199人","総数"
"105-2024","40","09","0","00000","2024000000","人","15578","従業者数_うち常用雇用者","インターネット附随サービス業","200～299人","総数"
"105-2024","40","10","0","00000","2024000000","人","111572","従業者数_うち常用雇用者","インターネット附随サービス業","300人以上","総数"
"105-2024","H","00","0","00000","2024000000","人","2962587","従業者数_うち常用雇用者","運輸業、郵便業","総数","総数"
"105-2024","H","01","0","00000","2024000000","人","***","従業者数_うち常用雇用者","運輸業、郵便業","0人","総数"
"105-2024","H","02","0","00000","2024000000","人","62683","従業者数_うち常用雇用者","運輸業、郵便業","1～4人","総数"
"105-2024","H","03","0","00000","2024000000","人","156472","従業者数_うち常用雇用者","運輸業、郵便業","5～9人","総数"
"105-2024","H","04","0","00000","2024000000","人","353281","従業者数_うち常用雇用者","運輸業、郵便業","10～19人","総数"
"105-2024","H","05","0","00000","2024000000","人","315929","従業者数_うち常用雇用者","運輸業、郵便業","20～29人","総数"
"105-2024","H","06","0","00000","2024000000","人","491878","従業者数_うち常用雇用者","運輸業、郵便業","30～49人","総数"
"105-2024","H","07","0","00000","2024000000","人","587417","従業者数_うち常用雇用者","運輸業、郵便業","50～99人","総数"
"105-2024","H","08","0","00000","2024000000","人","431130","従業者数_うち常用雇用者","運輸業、郵便業","100～199人","総数"
"105-2024","H","09","0","00000","2024000000","人","204268","従業者数_うち常用雇用者","運輸業、郵便業","200～299人","総数"
"105-2024","H","10","0","00000","2024000000","人","359529","従業者数_うち常用雇用者","運輸業、郵便業","300人以上","総数"
"105-2024","42","00","0","00000","2024000000","人","194700","従業者数_うち常用雇用者","鉄道業","総数","総数"
"105-2024","42","01","0","00000","2024000000","人","***","従業者数_うち常用雇用者","鉄道業","0人","総数"
"105-2024","42","02","0","00000","2024000000","人","1041","従業者数_うち常用雇用者","鉄道業","1～4人","総数"
"105-2024","42","03","0","00000","2024000000","人","2770","従業者数_うち常用雇用者","鉄道業","5～9人","総数"
"105-2024","42","04","0","00000","2024000000","人","7436","従業者数_うち常用雇用者","鉄道業","10～19人","総数"
"105-2024","42","05","0","00000","2024000000","人","8538","従業者数_うち常用雇用者","鉄道業","20～29人","総数"
"105-2024","42","06","0","00000","2024000000","人","15385","従業者数_うち常用雇用者","鉄道業","30～49人","総数"
"105-2024","42","07","0","00000","2024000000","人","26283","従業者数_うち常用雇用者","鉄道業","50～99人","総数"
"105-2024","42","08","0","00000","2024000000","人","36597","従業者数_うち常用雇用者","鉄道業","100～199人","総数"
"105-2024","42","09","0","00000","2024000000","人","31906","従業者数_うち常用雇用者","鉄道業","200～299人","総数"
"105-2024","42","10","0","00000","2024000000","人","64744","従業者数_うち常用雇用者","鉄道業","300人以上","総数"
"105-2024","43","00","0","00000","2024000000","人","395206","従業者数_うち常用雇用者","道路旅客運送業","総数","総数"
"105-2024","43","01","0","00000","2024000000","人","***","従業者数_うち常用雇用者","道路旅客運送業","0人","総数"
"105-2024","43","02","0","00000","2024000000","人","5817","従業者数_うち常用雇用者","道路旅客運送業","1～4人","総数"
"105-2024","43","03","0","00000","2024000000","人","13221","従業者数_うち常用雇用者","道路旅客運送業","5～9人","総数"
"105-2024","43","04","0","00000","2024000000","人","29964","従業者数_うち常用雇用者","道路旅客運送業","10～19人","総数"
"105-2024","43","05","0","00000","2024000000","人","30401","従業者数_うち常用雇用者","道路旅客運送業","20～29人","総数"
"105-2024","43","06","0","00000","2024000000","人","53377","従業者数_うち常用雇用者","道路旅客運送業","30～49人","総数"
"105-2024","43","07","0","00000","2024000000","人","93044","従業者数_うち常用雇用者","道路旅客運送業","50～99人","総数"
"105-2024","43","08","0","00000","2024000000","人","96460","従業者数_うち常用雇用者","道路旅客運送業","100～199人","総数"
"105-2024","43","09","0","00000","2024000000","人","34243","従業者数_うち常用雇用者","道路旅客運送業","200～299人","総数"
"105-2024","43","10","0","00000","2024000000","人","38679","従業者数_うち常用雇用者","道路旅客運送業","300人以上","総数"
"105-2024","44","00","0","00000","2024000000","人","1594676","従業者数_うち常用雇用者","道路貨物運送業","総数","総数"
"105-2024","44","01","0","00000","2024000000","人","***","従業者数_うち常用雇用者","道路貨物運送業","0人","総数"
"105-2024","44","02","0","00000","2024000000","人","30699","従業者数_うち常用雇用者","道路貨物運送業","1～4人","総数"
"105-2024","44","03","0","00000","2024000000","人","94049","従業者数_うち常用雇用者","道路貨物運送業","5～9人","総数"
"105-2024","44","04","0","00000","2024000000","人","229318","従業者数_うち常用雇用者","道路貨物運送業","10～19人","総数"
"105-2024","44","05","0","00000","2024000000","人","212201","従業者数_うち常用雇用者","道路貨物運送業","20～29人","総数"
"105-2024","44","06","0","00000","2024000000","人","327271","従業者数_うち常用雇用者","道路貨物運送業","30～49人","総数"
"105-2024","44","07","0","00000","2024000000","人","355284","従業者数_うち常用雇用者","道路貨物運送業","50～99人","総数"
"105-2024","44","08","0","00000","2024000000","人","191960","従業者数_うち常用雇用者","道路貨物運送業","100～199人","総数"
"105-2024","44","09","0","00000","2024000000","人","65889","従業者数_うち常用雇用者","道路貨物運送業","200～299人","総数"
"105-2024","44","10","0","00000","2024000000","人","88005","従業者数_うち常用雇用者","道路貨物運送業","300人以上","総数"
"105-2024","45","00","0","00000","2024000000","人","45533","従業者数_うち常用雇用者","水運業","総数","総数"
"105-2024","45","01","0","00000","2024000000","人","***","従業者数_うち常用雇用者","水運業","0人","総数"
"105-2024","45","02","0","00000","2024000000","人","2156","従業者数_うち常用雇用者","水運業","1～4人","総数"
"105-2024","45","03","0","00000","2024000000","人","3992","従業者数_うち常用雇用者","水運業","5～9人","総数"
"105-2024","45","04","0","00000","2024000000","人","5878","従業者数_うち常用雇用者","水運業","10～19人","総数"
"105-2024","45","05","0","00000","2024000000","人","4406","従業者数_うち常用雇用者","水運業","20～29人","総数"
"105-2024","45","06","0","00000","2024000000","人","6970","従業者数_うち常用雇用者","水運業","30～49人","総数"
"105-2024","45","07","0","00000","2024000000","人","8080","従業者数_うち常用雇用者","水運業","50～99人","総数"
"105-2024","45","08","0","00000","2024000000","人","5428","従業者数_うち常用雇用者","水運業","100～199人","総数"
"105-2024","45","09","0","00000","2024000000","人","2926","従業者数_うち常用雇用者","水運業","200～299人","総数"
"105-2024","45","10","0","00000","2024000000","人","5697","従業者数_うち常用雇用者","水運業","300人以上","総数"
"105-2024","46","00","0","00000","2024000000","人","49923","従業者数_うち常用雇用者","航空運輸業","総数","総数"
"105-2024","46","01","0","00000","2024000000","人","***","従業者数_うち常用雇用者","航空運輸業","0人","総数"
"105-2024","46","02","0","00000","2024000000","人","585","従業者数_うち常用雇用者","航空運輸業","1～4人","総数"
"105-2024","46","03","0","00000","2024000000","人","910","従業者数_うち常用雇用者","航空運輸業","5～9人","総数"
"105-2024","46","04","0","00000","2024000000","人","1331","従業者数_うち常用雇用者","航空運輸業","10～19人","総数"
"105-2024","46","05","0","00000","2024000000","人","901","従業者数_うち常用雇用者","航空運輸業","20～29人","総数"
"105-2024","46","06","0","00000","2024000000","人","1875","従業者数_うち常用雇用者","航空運輸業","30～49人","総数"
"105-2024","46","07","0","00000","2024000000","人","3130","従業者数_うち常用雇用者","航空運輸業","50～99人","総数"
"105-2024","46","08","0","00000","2024000000","人","3139","従業者数_うち常用雇用者","航空運輸業","100～199人","総数"
"105-2024","46","09","0","00000","2024000000","人","2571","従業者数_うち常用雇用者","航空運輸業","200～299人","総数"
"105-2024","46","10","0","00000","2024000000","人","35481","従業者数_うち常用雇用者","航空運輸業","300人以上","総数"
"105-2024","47","00","0","00000","2024000000","人","219589","従業者数_うち常用雇用者","倉庫業","総数","総数"
"105-2024","47","01","0","00000","2024000000","人","***","従業者数_うち常用雇用者","倉庫業","0人","総数"
"105-2024","47","02","0","00000","2024000000","人","8354","従業者数_うち常用雇用者","倉庫業","1～4人","総数"
"105-2024","47","03","0","00000","2024000000","人","15851","従業者数_うち常用雇用者","倉庫業","5～9人","総数"
"105-2024","47","04","0","00000","2024000000","人","28712","従業者数_うち常用雇用者","倉庫業","10～19人","総数"
"105-2024","47","05","0","00000","2024000000","人","22963","従業者数_うち常用雇用者","倉庫業","20～29人","総数"
"105-2024","47","06","0","00000","2024000000","人","31722","従業者数_うち常用雇用者","倉庫業","30～49人","総数"
"105-2024","47","07","0","00000","2024000000","人","41101","従業者数_うち常用雇用者","倉庫業","50～99人","総数"
"105-2024","47","08","0","00000","2024000000","人","37692","従業者数_うち常用雇用者","倉庫業","100～199人","総数"
"105-2024","47","09","0","00000","2024000000","人","17949","従業者数_うち常用雇用者","倉庫業","200～299人","総数"
"105-2024","47","10","0","00000","2024000000","人","15245","従業者数_うち常用雇用者","倉庫業","300人以上","総数"
"105-2024","48","00","0","00000","2024000000","人","371233","従業者数_うち常用雇用者","運輸に附帯するサービス業","総数","総数"
"105-2024","48","01","0","00000","2024000000","人","***","従業者数_うち常用雇用者","運輸に附帯するサービス業","0人","総数"
"105-2024","48","02","0","00000","2024000000","人","13975","従業者数_うち常用雇用者","運輸に附帯するサービス業","1～4人","総数"
"105-2024","48","03","0","00000","2024000000","人","25564","従業者数_うち常用雇用者","運輸に附帯するサービス業","5～9人","総数"
"105-2024","48","04","0","00000","2024000000","人","50261","従業者数_うち常用雇用者","運輸に附帯するサービス業","10～19人","総数"
"105-2024","48","05","0","00000","2024000000","人","36376","従業者数_うち常用雇用者","運輸に附帯するサービス業","20～29人","総数"
"105-2024","48","06","0","00000","2024000000","人","54886","従業者数_うち常用雇用者","運輸に附帯するサービス業","30～49人","総数"
"105-2024","48","07","0","00000","2024000000","人","59459","従業者数_うち常用雇用者","運輸に附帯するサービス業","50～99人","総数"
"105-2024","48","08","0","00000","2024000000","人","54500","従業者数_うち常用雇用者","運輸に附帯するサービス業","100～199人","総数"
"105-2024","48","09","0","00000","2024000000","人","23393","従業者数_うち常用雇用者","運輸に附帯するサービス業","200～299人","総数"
"105-2024","48","10","0","00000","2024000000","人","52819","従業者数_うち常用雇用者","運輸に附帯するサービス業","300人以上","総数"
"105-2024","49","00","0","00000","2024000000","人","91709","従業者数_うち常用雇用者","郵便業（信書便事業を含む）","総数","総数"
"105-2024","49","01","0","00000","2024000000","人","***","従業者数_うち常用雇用者","郵便業（信書便事業を含む）","0人","総数"
"105-2024","49","02","0","00000","2024000000","人","56","従業者数_うち常用雇用者","郵便業（信書便事業を含む）","1～4人","総数"
"105-2024","49","03","0","00000","2024000000","人","115","従業者数_うち常用雇用者","郵便業（信書便事業を含む）","5～9人","総数"
"105-2024","49","04","0","00000","2024000000","人","363","従業者数_うち常用雇用者","郵便業（信書便事業を含む）","10～19人","総数"
"105-2024","49","05","0","00000","2024000000","人","143","従業者数_うち常用雇用者","郵便業（信書便事業を含む）","20～29人","総数"
"105-2024","49","06","0","00000","2024000000","人","392","従業者数_うち常用雇用者","郵便業（信書便事業を含む）","30～49人","総数"
"105-2024","49","07","0","00000","2024000000","人","1036","従業者数_うち常用雇用者","郵便業（信書便事業を含む）","50～99人","総数"
"105-2024","49","08","0","00000","2024000000","人","5354","従業者数_うち常用雇用者","郵便業（信書便事業を含む）","100～199人","総数"
"105-2024","49","09","0","00000","2024000000","人","25391","従業者数_うち常用雇用者","郵便業（信書便事業を含む）","200～299人","総数"
"105-2024","49","10","0","00000","2024000000","人","58859","従業者数_うち常用雇用者","郵便業（信書便事業を含む）","300人以上","総数"
"105-2024","I","00","0","00000","2024000000","人","9885362","従業者数_うち常用雇用者","卸売業、小売業","総数","総数"
"105-2024","I","01","0","00000","2024000000","人","***","従業者数_うち常用雇用者","卸売業、小売業","0人","総数"
"105-2024","I","02","0","00000","2024000000","人","978451","従業者数_うち常用雇用者","卸売業、小売業","1～4人","総数"
"105-2024","I","03","0","00000","2024000000","人","1358086","従業者数_うち常用雇用者","卸売業、小売業","5～9人","総数"
"105-2024","I","04","0","00000","2024000000","人","1988212","従業者数_うち常用雇用者","卸売業、小売業","10～19人","総数"
"105-2024","I","05","0","00000","2024000000","人","1171088","従業者数_うち常用雇用者","卸売業、小売業","20～29人","総数"
"105-2024","I","06","0","00000","2024000000","人","1143822","従業者数_うち常用雇用者","卸売業、小売業","30～49人","総数"
"105-2024","I","07","0","00000","2024000000","人","1226675","従業者数_うち常用雇用者","卸売業、小売業","50～99人","総数"
"105-2024","I","08","0","00000","2024000000","人","907832","従業者数_うち常用雇用者","卸売業、小売業","100～199人","総数"
"105-2024","I","09","0","00000","2024000000","人","319102","従業者数_うち常用雇用者","卸売業、小売業","200～299人","総数"
"105-2024","I","10","0","00000","2024000000","人","792094","従業者数_うち常用雇用者","卸売業、小売業","300人以上","総数"
"105-2024","I1","00","0","00000","2024000000","人","3467338","従業者数_うち常用雇用者","卸売業","総数","総数"
"105-2024","I1","01","0","00000","2024000000","人","***","従業者数_うち常用雇用者","卸売業","0人","総数"
"105-2024","I1","02","0","00000","2024000000","人","323302","従業者数_うち常用雇用者","卸売業","1～4人","総数"
"105-2024","I1","03","0","00000","2024000000","人","451950","従業者数_うち常用雇用者","卸売業","5～9人","総数"
"105-2024","I1","04","0","00000","2024000000","人","575402","従業者数_うち常用雇用者","卸売業","10～19人","総数"
"105-2024","I1","05","0","00000","2024000000","人","342182","従業者数_うち常用雇用者","卸売業","20～29人","総数"
"105-2024","I1","06","0","00000","2024000000","人","403660","従業者数_うち常用雇用者","卸売業","30～49人","総数"
"105-2024","I1","07","0","00000","2024000000","人","408117","従業者数_うち常用雇用者","卸売業","50～99人","総数"
"105-2024","I1","08","0","00000","2024000000","人","302671","従業者数_うち常用雇用者","卸売業","100～199人","総数"
"105-2024","I1","09","0","00000","2024000000","人","142928","従業者数_うち常用雇用者","卸売業","200～299人","総数"
"105-2024","I1","10","0","00000","2024000000","人","517126","従業者数_うち常用雇用者","卸売業","300人以上","総数"
"105-2024","50","00","0","00000","2024000000","人","30533","従業者数_うち常用雇用者","各種商品卸売業","総数","総数"
"105-2024","50","01","0","00000","2024000000","人","***","従業者数_うち常用雇用者","各種商品卸売業","0人","総数"
"105-2024","50","02","0","00000","2024000000","人","859","従業者数_うち常用雇用者","各種商品卸売業","1～4人","総数"
"105-2024","50","03","0","00000","2024000000","人","2435","従業者数_うち常用雇用者","各種商品卸売業","5～9人","総数"
"105-2024","50","04","0","00000","2024000000","人","2467","従業者数_うち常用雇用者","各種商品卸売業","10～19人","総数"
"105-2024","50","05","0","00000","2024000000","人","649","従業者数_うち常用雇用者","各種商品卸売業","20～29人","総数"
"105-2024","50","06","0","00000","2024000000","人","1054","従業者数_うち常用雇用者","各種商品卸売業","30～49人","総数"
"105-2024","50","07","0","00000","2024000000","人","1197","従業者数_うち常用雇用者","各種商品卸売業","50～99人","総数"
"105-2024","50","08","0","00000","2024000000","人","1607","従業者数_うち常用雇用者","各種商品卸売業","100～199人","総数"
"105-2024","50","09","0","00000","2024000000","人","251","従業者数_うち常用雇用者","各種商品卸売業","200～299人","総数"
"105-2024","50","10","0","00000","2024000000","人","20014","従業者数_うち常用雇用者","各種商品卸売業","300人以上","総数"
"105-2024","51","00","0","00000","2024000000","人","157276","従業者数_うち常用雇用者","繊維・衣服等卸売業","総数","総数"
"105-2024","51","01","0","00000","2024000000","人","***","従業者数_うち常用雇用者","繊維・衣服等卸売業","0人","総数"
"105-2024","51","02","0","00000","2024000000","人","18215","従業者数_うち常用雇用者","繊維・衣服等卸売業","1～4人","総数"
"105-2024","51","03","0","00000","2024000000","人","18849","従業者数_うち常用雇用者","繊維・衣服等卸売業","5～9人","総数"
"105-2024","51","04","0","00000","2024000000","人","22562","従業者数_うち常用雇用者","繊維・衣服等卸売業","10～19人","総数"
"105-2024","51","05","0","00000","2024000000","人","14294","従業者数_うち常用雇用者","繊維・衣服等卸売業","20～29人","総数"
"105-2024","51","06","0","00000","2024000000","人","17616","従業者数_うち常用雇用者","繊維・衣服等卸売業","30～49人","総数"
"105-2024","51","07","0","00000","2024000000","人","18061","従業者数_うち常用雇用者","繊維・衣服等卸売業","50～99人","総数"
"105-2024","51","08","0","00000","2024000000","人","17183","従業者数_うち常用雇用者","繊維・衣服等卸売業","100～199人","総数"
"105-2024","51","09","0","00000","2024000000","人","7500","従業者数_うち常用雇用者","繊維・衣服等卸売業","200～299人","総数"
"105-2024","51","10","0","00000","2024000000","人","22996","従業者数_うち常用雇用者","繊維・衣服等卸売業","300人以上","総数"
"105-2024","52","00","0","00000","2024000000","人","606564","従業者数_うち常用雇用者","飲食料品卸売業","総数","総数"
"105-2024","52","01","0","00000","2024000000","人","***","従業者数_うち常用雇用者","飲食料品卸売業","0人","総数"
"105-2024","52","02","0","00000","2024000000","人","54423","従業者数_うち常用雇用者","飲食料品卸売業","1～4人","総数"
"105-2024","52","03","0","00000","2024000000","人","72629","従業者数_うち常用雇用者","飲食料品卸売業","5～9人","総数"
"105-2024","52","04","0","00000","2024000000","人","108882","従業者数_うち常用雇用者","飲食料品卸売業","10～19人","総数"
"105-2024","52","05","0","00000","2024000000","人","74447","従業者数_うち常用雇用者","飲食料品卸売業","20～29人","総数"
"105-2024","52","06","0","00000","2024000000","人","84587","従業者数_うち常用雇用者","飲食料品卸売業","30～49人","総数"
"105-2024","52","07","0","00000","2024000000","人","82918","従業者数_うち常用雇用者","飲食料品卸売業","50～99人","総数"
"105-2024","52","08","0","00000","2024000000","人","60499","従業者数_うち常用雇用者","飲食料品卸売業","100～199人","総数"
"105-2024","52","09","0","00000","2024000000","人","23911","従業者数_うち常用雇用者","飲食料品卸売業","200～299人","総数"
"105-2024","52","10","0","00000","2024000000","人","44268","従業者数_うち常用雇用者","飲食料品卸売業","300人以上","総数"
"105-2024","53","00","0","00000","2024000000","人","658566","従業者数_うち常用雇用者","建築材料、鉱物・金属材料等卸売業","総数","総数"
"105-2024","53","01","0","00000","2024000000","人","***","従業者数_うち常用雇用者","建築材料、鉱物・金属材料等卸売業","0人","総数"
"105-2024","53","02","0","00000","2024000000","人","75525","従業者数_うち常用雇用者","建築材料、鉱物・金属材料等卸売業","1～4人","総数"
"105-2024","53","03","0","00000","2024000000","人","109328","従業者数_うち常用雇用者","建築材料、鉱物・金属材料等卸売業","5～9人","総数"
"105-2024","53","04","0","00000","2024000000","人","133263","従業者数_うち常用雇用者","建築材料、鉱物・金属材料等卸売業","10～19人","総数"
"105-2024","53","05","0","00000","2024000000","人","70960","従業者数_うち常用雇用者","建築材料、鉱物・金属材料等卸売業","20～29人","総数"
"105-2024","53","06","0","00000","2024000000","人","75509","従業者数_うち常用雇用者","建築材料、鉱物・金属材料等卸売業","30～49人","総数"
"105-2024","53","07","0","00000","2024000000","人","63306","従業者数_うち常用雇用者","建築材料、鉱物・金属材料等卸売業","50～99人","総数"
"105-2024","53","08","0","00000","2024000000","人","38213","従業者数_うち常用雇用者","建築材料、鉱物・金属材料等卸売業","100～199人","総数"
"105-2024","53","09","0","00000","2024000000","人","24677","従業者数_うち常用雇用者","建築材料、鉱物・金属材料等卸売業","200～299人","総数"
"105-2024","53","10","0","00000","2024000000","人","67785","従業者数_うち常用雇用者","建築材料、鉱物・金属材料等卸売業","300人以上","総数"
"105-2024","54","00","0","00000","2024000000","人","1207252","従業者数_うち常用雇用者","機械器具卸売業","総数","総数"
"105-2024","54","01","0","00000","2024000000","人","***","従業者数_うち常用雇用者","機械器具卸売業","0人","総数"
"105-2024","54","02","0","00000","2024000000","人","95202","従業者数_うち常用雇用者","機械器具卸売業","1～4人","総数"
"105-2024","54","03","0","00000","2024000000","人","152335","従業者数_うち常用雇用者","機械器具卸売業","5～9人","総数"
"105-2024","54","04","0","00000","2024000000","人","183404","従業者数_うち常用雇用者","機械器具卸売業","10～19人","総数"
"105-2024","54","05","0","00000","2024000000","人","105336","従業者数_うち常用雇用者","機械器具卸売業","20～29人","総数"
"105-2024","54","06","0","00000","2024000000","人","132992","従業者数_うち常用雇用者","機械器具卸売業","30～49人","総数"
"105-2024","54","07","0","00000","2024000000","人","145925","従業者数_うち常用雇用者","機械器具卸売業","50～99人","総数"
"105-2024","54","08","0","00000","2024000000","人","107526","従業者数_うち常用雇用者","機械器具卸売業","100～199人","総数"
"105-2024","54","09","0","00000","2024000000","人","51481","従業者数_うち常用雇用者","機械器具卸売業","200～299人","総数"
"105-2024","54","10","0","00000","2024000000","人","233051","従業者数_うち常用雇用者","機械器具卸売業","300人以上","総数"
"105-2024","55","00","0","00000","2024000000","人","807126","従業者数_うち常用雇用者","その他の卸売業","総数","総数"
"105-2024","55","01","0","00000","2024000000","人","***","従業者数_うち常用雇用者","その他の卸売業","0人","総数"
"105-2024","55","02","0","00000","2024000000","人","79062","従業者数_うち常用雇用者","その他の卸売業","1～4人","総数"
"105-2024","55","03","0","00000","2024000000","人","96369","従業者数_うち常用雇用者","その他の卸売業","5～9人","総数"
"105-2024","55","04","0","00000","2024000000","人","124824","従業者数_うち常用雇用者","その他の卸売業","10～19人","総数"
"105-2024","55","05","0","00000","2024000000","人","76496","従業者数_うち常用雇用者","その他の卸売業","20～29人","総数"
"105-2024","55","06","0","00000","2024000000","人","91902","従業者数_うち常用雇用者","その他の卸売業","30～49人","総数"
"105-2024","55","07","0","00000","2024000000","人","96710","従業者数_うち常用雇用者","その他の卸売業","50～99人","総数"
"105-2024","55","08","0","00000","2024000000","人","77643","従業者数_うち常用雇用者","その他の卸売業","100～199人","総数"
"105-2024","55","09","0","00000","2024000000","人","35108","従業者数_うち常用雇用者","その他の卸売業","200～299人","総数"
"105-2024","55","10","0","00000","2024000000","人","129012","従業者数_うち常用雇用者","その他の卸売業","300人以上","総数"
"105-2024","I2","00","0","00000","2024000000","人","6418024","従業者数_うち常用雇用者","小売業","総数","総数"
"105-2024","I2","01","0","00000","2024000000","人","***","従業者数_うち常用雇用者","小売業","0人","総数"
"105-2024","I2","02","0","00000","2024000000","人","655149","従業者数_うち常用雇用者","小売業","1～4人","総数"
"105-2024","I2","03","0","00000","2024000000","人","906136","従業者数_うち常用雇用者","小売業","5～9人","総数"
"105-2024","I2","04","0","00000","2024000000","人","1412810","従業者数_うち常用雇用者","小売業","10～19人","総数"
"105-2024","I2","05","0","00000","2024000000","人","828906","従業者数_うち常用雇用者","小売業","20～29人","総数"
"105-2024","I2","06","0","00000","2024000000","人","740162","従業者数_うち常用雇用者","小売業","30～49人","総数"
"105-2024","I2","07","0","00000","2024000000","人","818558","従業者数_うち常用雇用者","小売業","50～99人","総数"
"105-2024","I2","08","0","00000","2024000000","人","605161","従業者数_うち常用雇用者","小売業","100～199人","総数"
"105-2024","I2","09","0","00000","2024000000","人","176174","従業者数_うち常用雇用者","小売業","200～299人","総数"
"105-2024","I2","10","0","00000","2024000000","人","274968","従業者数_うち常用雇用者","小売業","300人以上","総数"
"105-2024","56","00","0","00000","2024000000","人","1727012","従業者数_うち常用雇用者","各種商品小売業","総数","総数"
"105-2024","56","01","0","00000","2024000000","人","***","従業者数_うち常用雇用者","各種商品小売業","0人","総数"
"105-2024","56","02","0","00000","2024000000","人","18860","従業者数_うち常用雇用者","各種商品小売業","1～4人","総数"
"105-2024","56","03","0","00000","2024000000","人","97252","従業者数_うち常用雇用者","各種商品小売業","5～9人","総数"
"105-2024","56","04","0","00000","2024000000","人","518128","従業者数_うち常用雇用者","各種商品小売業","10～19人","総数"
"105-2024","56","05","0","00000","2024000000","人","337526","従業者数_うち常用雇用者","各種商品小売業","20～29人","総数"
"105-2024","56","06","0","00000","2024000000","人","217272","従業者数_うち常用雇用者","各種商品小売業","30～49人","総数"
"105-2024","56","07","0","00000","2024000000","人","131724","従業者数_うち常用雇用者","各種商品小売業","50～99人","総数"
"105-2024","56","08","0","00000","2024000000","人","138171","従業者数_うち常用雇用者","各種商品小売業","100～199人","総数"
"105-2024","56","09","0","00000","2024000000","人","93322","従業者数_うち常用雇用者","各種商品小売業","200～299人","総数"
"105-2024","56","10","0","00000","2024000000","人","174757","従業者数_うち常用雇用者","各種商品小売業","300人以上","総数"
"105-2024","57","00","0","00000","2024000000","人","430835","従業者数_うち常用雇用者","織物・衣服・身の回り品小売業","総数","総数"
"105-2024","57","01","0","00000","2024000000","人","***","従業者数_うち常用雇用者","織物・衣服・身の回り品小売業","0人","総数"
"105-2024","57","02","0","00000","2024000000","人","97750","従業者数_うち常用雇用者","織物・衣服・身の回り品小売業","1～4人","総数"
"105-2024","57","03","0","00000","2024000000","人","133578","従業者数_うち常用雇用者","織物・衣服・身の回り品小売業","5～9人","総数"
"105-2024","57","04","0","00000","2024000000","人","92681","従業者数_うち常用雇用者","織物・衣服・身の回り品小売業","10～19人","総数"
"105-2024","57","05","0","00000","2024000000","人","28791","従業者数_うち常用雇用者","織物・衣服・身の回り品小売業","20～29人","総数"
"105-2024","57","06","0","00000","2024000000","人","30746","従業者数_うち常用雇用者","織物・衣服・身の回り品小売業","30～49人","総数"
"105-2024","57","07","0","00000","2024000000","人","21108","従業者数_うち常用雇用者","織物・衣服・身の回り品小売業","50～99人","総数"
"105-2024","57","08","0","00000","2024000000","人","12960","従業者数_うち常用雇用者","織物・衣服・身の回り品小売業","100～199人","総数"
"105-2024","57","09","0","00000","2024000000","人","4691","従業者数_うち常用雇用者","織物・衣服・身の回り品小売業","200～299人","総数"
"105-2024","57","10","0","00000","2024000000","人","8530","従業者数_うち常用雇用者","織物・衣服・身の回り品小売業","300人以上","総数"
"105-2024","58","00","0","00000","2024000000","人","1845798","従業者数_うち常用雇用者","飲食料品小売業","総数","総数"
"105-2024","58","01","0","00000","2024000000","人","***","従業者数_うち常用雇用者","飲食料品小売業","0人","総数"
"105-2024","58","02","0","00000","2024000000","人","131154","従業者数_うち常用雇用者","飲食料品小売業","1～4人","総数"
"105-2024","58","03","0","00000","2024000000","人","153757","従業者数_うち常用雇用者","飲食料品小売業","5～9人","総数"
"105-2024","58","04","0","00000","2024000000","人","229341","従業者数_うち常用雇用者","飲食料品小売業","10～19人","総数"
"105-2024","58","05","0","00000","2024000000","人","173763","従業者数_うち常用雇用者","飲食料品小売業","20～29人","総数"
"105-2024","58","06","0","00000","2024000000","人","243742","従業者数_うち常用雇用者","飲食料品小売業","30～49人","総数"
"105-2024","58","07","0","00000","2024000000","人","479327","従業者数_うち常用雇用者","飲食料品小売業","50～99人","総数"
"105-2024","58","08","0","00000","2024000000","人","359057","従業者数_うち常用雇用者","飲食料品小売業","100～199人","総数"
"105-2024","58","09","0","00000","2024000000","人","42259","従業者数_うち常用雇用者","飲食料品小売業","200～299人","総数"
"105-2024","58","10","0","00000","2024000000","人","33398","従業者数_うち常用雇用者","飲食料品小売業","300人以上","総数"
"105-2024","59","00","0","00000","2024000000","人","725785","従業者数_うち常用雇用者","機械器具小売業","総数","総数"
"105-2024","59","01","0","00000","2024000000","人","***","従業者数_うち常用雇用者","機械器具小売業","0人","総数"
"105-2024","59","02","0","00000","2024000000","人","106791","従業者数_うち常用雇用者","機械器具小売業","1～4人","総数"
"105-2024","59","03","0","00000","2024000000","人","121206","従業者数_うち常用雇用者","機械器具小売業","5～9人","総数"
"105-2024","59","04","0","00000","2024000000","人","213517","従業者数_うち常用雇用者","機械器具小売業","10～19人","総数"
"105-2024","59","05","0","00000","2024000000","人","116027","従業者数_うち常用雇用者","機械器具小売業","20～29人","総数"
"105-2024","59","06","0","00000","2024000000","人","76365","従業者数_うち常用雇用者","機械器具小売業","30～49人","総数"
"105-2024","59","07","0","00000","2024000000","人","47152","従業者数_うち常用雇用者","機械器具小売業","50～99人","総数"
"105-2024","59","08","0","00000","2024000000","人","24923","従業者数_うち常用雇用者","機械器具小売業","100～199人","総数"
"105-2024","59","09","0","00000","2024000000","人","9605","従業者数_うち常用雇用者","機械器具小売業","200～299人","総数"
"105-2024","59","10","0","00000","2024000000","人","10199","従業者数_うち常用雇用者","機械器具小売業","300人以上","総数"
"105-2024","60","00","0","00000","2024000000","人","1423404","従業者数_うち常用雇用者","その他の小売業","総数","総数"
"105-2024","60","01","0","00000","2024000000","人","***","従業者数_うち常用雇用者","その他の小売業","0人","総数"
"105-2024","60","02","0","00000","2024000000","人","272616","従業者数_うち常用雇用者","その他の小売業","1～4人","総数"
"105-2024","60","03","0","00000","2024000000","人","369892","従業者数_うち常用雇用者","その他の小売業","5～9人","総数"
"105-2024","60","04","0","00000","2024000000","人","321694","従業者数_うち常用雇用者","その他の小売業","10～19人","総数"
"105-2024","60","05","0","00000","2024000000","人","148841","従業者数_うち常用雇用者","その他の小売業","20～29人","総数"
"105-2024","60","06","0","00000","2024000000","人","138443","従業者数_うち常用雇用者","その他の小売業","30～49人","総数"
"105-2024","60","07","0","00000","2024000000","人","94640","従業者数_うち常用雇用者","その他の小売業","50～99人","総数"
"105-2024","60","08","0","00000","2024000000","人","43613","従業者数_うち常用雇用者","その他の小売業","100～199人","総数"
"105-2024","60","09","0","00000","2024000000","人","17789","従業者数_うち常用雇用者","その他の小売業","200～299人","総数"
"105-2024","60","10","0","00000","2024000000","人","15876","従業者数_うち常用雇用者","その他の小売業","300人以上","総数"
"105-2024","61","00","0","00000","2024000000","人","264951","従業者数_うち常用雇用者","無店舗小売業","総数","総数"
"105-2024","61","01","0","00000","2024000000","人","***","従業者数_うち常用雇用者","無店舗小売業","0人","総数"
"105-2024","61","02","0","00000","2024000000","人","27971","従業者数_うち常用雇用者","無店舗小売業","1～4人","総数"
"105-2024","61","03","0","00000","2024000000","人","30446","従業者数_うち常用雇用者","無店舗小売業","5～9人","総数"
"105-2024","61","04","0","00000","2024000000","人","37435","従業者数_うち常用雇用者","無店舗小売業","10～19人","総数"
"105-2024","61","05","0","00000","2024000000","人","23958","従業者数_うち常用雇用者","無店舗小売業","20～29人","総数"
"105-2024","61","06","0","00000","2024000000","人","33561","従業者数_うち常用雇用者","無店舗小売業","30～49人","総数"
"105-2024","61","07","0","00000","2024000000","人","44607","従業者数_うち常用雇用者","無店舗小売業","50～99人","総数"
"105-2024","61","08","0","00000","2024000000","人","26257","従業者数_うち常用雇用者","無店舗小売業","100～199人","総数"
"105-2024","61","09","0","00000","2024000000","人","8508","従業者数_うち常用雇用者","無店舗小売業","200～299人","総数"
"105-2024","61","10","0","00000","2024000000","人","32208","従業者数_うち常用雇用者","無店舗小売業","300人以上","総数"
"105-2024","J","00","0","00000","2024000000","人","1385413","従業者数_うち常用雇用者","金融業、保険業","総数","総数"
"105-2024","J","01","0","00000","2024000000","人","***","従業者数_うち常用雇用者","金融業、保険業","0人","総数"
"105-2024","J","02","0","00000","2024000000","人","55461","従業者数_うち常用雇用者","金融業、保険業","1～4人","総数"
"105-2024","J","03","0","00000","2024000000","人","104074","従業者数_うち常用雇用者","金融業、保険業","5～9人","総数"
"105-2024","J","04","0","00000","2024000000","人","227758","従業者数_うち常用雇用者","金融業、保険業","10～19人","総数"
"105-2024","J","05","0","00000","2024000000","人","163080","従業者数_うち常用雇用者","金融業、保険業","20～29人","総数"
"105-2024","J","06","0","00000","2024000000","人","198956","従業者数_うち常用雇用者","金融業、保険業","30～49人","総数"
"105-2024","J","07","0","00000","2024000000","人","178946","従業者数_うち常用雇用者","金融業、保険業","50～99人","総数"
"105-2024","J","08","0","00000","2024000000","人","106016","従業者数_うち常用雇用者","金融業、保険業","100～199人","総数"
"105-2024","J","09","0","00000","2024000000","人","52175","従業者数_うち常用雇用者","金融業、保険業","200～299人","総数"
"105-2024","J","10","0","00000","2024000000","人","298947","従業者数_うち常用雇用者","金融業、保険業","300人以上","総数"
"105-2024","62","00","0","00000","2024000000","人","362452","従業者数_うち常用雇用者","銀行業","総数","総数"
"105-2024","62","01","0","00000","2024000000","人","***","従業者数_うち常用雇用者","銀行業","0人","総数"
"105-2024","62","02","0","00000","2024000000","人","3140","従業者数_うち常用雇用者","銀行業","1～4人","総数"
"105-2024","62","03","0","00000","2024000000","人","19036","従業者数_うち常用雇用者","銀行業","5～9人","総数"
"105-2024","62","04","0","00000","2024000000","人","63840","従業者数_うち常用雇用者","銀行業","10～19人","総数"
"105-2024","62","05","0","00000","2024000000","人","44727","従業者数_うち常用雇用者","銀行業","20～29人","総数"
"105-2024","62","06","0","00000","2024000000","人","49256","従業者数_うち常用雇用者","銀行業","30～49人","総数"
"105-2024","62","07","0","00000","2024000000","人","35168","従業者数_うち常用雇用者","銀行業","50～99人","総数"
"105-2024","62","08","0","00000","2024000000","人","21600","従業者数_うち常用雇用者","銀行業","100～199人","総数"
"105-2024","62","09","0","00000","2024000000","人","11705","従業者数_うち常用雇用者","銀行業","200～299人","総数"
"105-2024","62","10","0","00000","2024000000","人","113980","従業者数_うち常用雇用者","銀行業","300人以上","総数"
"105-2024","63","00","0","00000","2024000000","人","159225","従業者数_うち常用雇用者","協同組織金融業","総数","総数"
"105-2024","63","01","0","00000","2024000000","人","***","従業者数_うち常用雇用者","協同組織金融業","0人","総数"
"105-2024","63","02","0","00000","2024000000","人","4614","従業者数_うち常用雇用者","協同組織金融業","1～4人","総数"
"105-2024","63","03","0","00000","2024000000","人","23157","従業者数_うち常用雇用者","協同組織金融業","5～9人","総数"
"105-2024","63","04","0","00000","2024000000","人","58809","従業者数_うち常用雇用者","協同組織金融業","10～19人","総数"
"105-2024","63","05","0","00000","2024000000","人","18179","従業者数_うち常用雇用者","協同組織金融業","20～29人","総数"
"105-2024","63","06","0","00000","2024000000","人","9235","従業者数_うち常用雇用者","協同組織金融業","30～49人","総数"
"105-2024","63","07","0","00000","2024000000","人","12422","従業者数_うち常用雇用者","協同組織金融業","50～99人","総数"
"105-2024","63","08","0","00000","2024000000","人","12335","従業者数_うち常用雇用者","協同組織金融業","100～199人","総数"
"105-2024","63","09","0","00000","2024000000","人","7804","従業者数_うち常用雇用者","協同組織金融業","200～299人","総数"
"105-2024","63","10","0","00000","2024000000","人","12670","従業者数_うち常用雇用者","協同組織金融業","300人以上","総数"
"105-2024","64","00","0","00000","2024000000","人","90515","従業者数_うち常用雇用者","貸金業、クレジットカード業等非預金信用機関","総数","総数"
"105-2024","64","01","0","00000","2024000000","人","***","従業者数_うち常用雇用者","貸金業、クレジットカード業等非預金信用機関","0人","総数"
"105-2024","64","02","0","00000","2024000000","人","3985","従業者数_うち常用雇用者","貸金業、クレジットカード業等非預金信用機関","1～4人","総数"
"105-2024","64","03","0","00000","2024000000","人","3943","従業者数_うち常用雇用者","貸金業、クレジットカード業等非預金信用機関","5～9人","総数"
"105-2024","64","04","0","00000","2024000000","人","6291","従業者数_うち常用雇用者","貸金業、クレジットカード業等非預金信用機関","10～19人","総数"
"105-2024","64","05","0","00000","2024000000","人","4232","従業者数_うち常用雇用者","貸金業、クレジットカード業等非預金信用機関","20～29人","総数"
"105-2024","64","06","0","00000","2024000000","人","6771","従業者数_うち常用雇用者","貸金業、クレジットカード業等非預金信用機関","30～49人","総数"
"105-2024","64","07","0","00000","2024000000","人","9841","従業者数_うち常用雇用者","貸金業、クレジットカード業等非預金信用機関","50～99人","総数"
"105-2024","64","08","0","00000","2024000000","人","13463","従業者数_うち常用雇用者","貸金業、クレジットカード業等非預金信用機関","100～199人","総数"
"105-2024","64","09","0","00000","2024000000","人","5337","従業者数_うち常用雇用者","貸金業、クレジットカード業等非預金信用機関","200～299人","総数"
"105-2024","64","10","0","00000","2024000000","人","36652","従業者数_うち常用雇用者","貸金業、クレジットカード業等非預金信用機関","300人以上","総数"
"105-2024","65","00","0","00000","2024000000","人","105100","従業者数_うち常用雇用者","金融商品取引業、商品先物取引業","総数","総数"
"105-2024","65","01","0","00000","2024000000","人","***","従業者数_うち常用雇用者","金融商品取引業、商品先物取引業","0人","総数"
"105-2024","65","02","0","00000","2024000000","人","4374","従業者数_うち常用雇用者","金融商品取引業、商品先物取引業","1～4人","総数"
"105-2024","65","03","0","00000","2024000000","人","4968","従業者数_うち常用雇用者","金融商品取引業、商品先物取引業","5～9人","総数"
"105-2024","65","04","0","00000","2024000000","人","8878","従業者数_うち常用雇用者","金融商品取引業、商品先物取引業","10～19人","総数"
"105-2024","65","05","0","00000","2024000000","人","8144","従業者数_うち常用雇用者","金融商品取引業、商品先物取引業","20～29人","総数"
"105-2024","65","06","0","00000","2024000000","人","11237","従業者数_うち常用雇用者","金融商品取引業、商品先物取引業","30～49人","総数"
"105-2024","65","07","0","00000","2024000000","人","14722","従業者数_うち常用雇用者","金融商品取引業、商品先物取引業","50～99人","総数"
"105-2024","65","08","0","00000","2024000000","人","9880","従業者数_うち常用雇用者","金融商品取引業、商品先物取引業","100～199人","総数"
"105-2024","65","09","0","00000","2024000000","人","4473","従業者数_うち常用雇用者","金融商品取引業、商品先物取引業","200～299人","総数"
"105-2024","65","10","0","00000","2024000000","人","38424","従業者数_うち常用雇用者","金融商品取引業、商品先物取引業","300人以上","総数"
"105-2024","66","00","0","00000","2024000000","人","39348","従業者数_うち常用雇用者","補助的金融業等","総数","総数"
"105-2024","66","01","0","00000","2024000000","人","***","従業者数_うち常用雇用者","補助的金融業等","0人","総数"
"105-2024","66","02","0","00000","2024000000","人","1696","従業者数_うち常用雇用者","補助的金融業等","1～4人","総数"
"105-2024","66","03","0","00000","2024000000","人","3213","従業者数_うち常用雇用者","補助的金融業等","5～9人","総数"
"105-2024","66","04","0","00000","2024000000","人","4142","従業者数_うち常用雇用者","補助的金融業等","10～19人","総数"
"105-2024","66","05","0","00000","2024000000","人","2728","従業者数_うち常用雇用者","補助的金融業等","20～29人","総数"
"105-2024","66","06","0","00000","2024000000","人","3931","従業者数_うち常用雇用者","補助的金融業等","30～49人","総数"
"105-2024","66","07","0","00000","2024000000","人","7823","従業者数_うち常用雇用者","補助的金融業等","50～99人","総数"
"105-2024","66","08","0","00000","2024000000","人","7121","従業者数_うち常用雇用者","補助的金融業等","100～199人","総数"
"105-2024","66","09","0","00000","2024000000","人","3621","従業者数_うち常用雇用者","補助的金融業等","200～299人","総数"
"105-2024","66","10","0","00000","2024000000","人","5073","従業者数_うち常用雇用者","補助的金融業等","300人以上","総数"
"105-2024","67","00","0","00000","2024000000","人","628769","従業者数_うち常用雇用者","保険業（保険媒介代理業、保険サービス業を含む）","総数","総数"
"105-2024","67","01","0","00000","2024000000","人","***","従業者数_うち常用雇用者","保険業（保険媒介代理業、保険サービス業を含む）","0人","総数"
"105-2024","67","02","0","00000","2024000000","人","37648","従業者数_うち常用雇用者","保険業（保険媒介代理業、保険サービス業を含む）","1～4人","総数"
"105-2024","67","03","0","00000","2024000000","人","49757","従業者数_うち常用雇用者","保険業（保険媒介代理業、保険サービス業を含む）","5～9人","総数"
"105-2024","67","04","0","00000","2024000000","人","85798","従業者数_うち常用雇用者","保険業（保険媒介代理業、保険サービス業を含む）","10～19人","総数"
"105-2024","67","05","0","00000","2024000000","人","85070","従業者数_うち常用雇用者","保険業（保険媒介代理業、保険サービス業を含む）","20～29人","総数"
"105-2024","67","06","0","00000","2024000000","人","118526","従業者数_うち常用雇用者","保険業（保険媒介代理業、保険サービス業を含む）","30～49人","総数"
"105-2024","67","07","0","00000","2024000000","人","98970","従業者数_うち常用雇用者","保険業（保険媒介代理業、保険サービス業を含む）","50～99人","総数"
"105-2024","67","08","0","00000","2024000000","人","41617","従業者数_うち常用雇用者","保険業（保険媒介代理業、保険サービス業を含む）","100～199人","総数"
"105-2024","67","09","0","00000","2024000000","人","19235","従業者数_うち常用雇用者","保険業（保険媒介代理業、保険サービス業を含む）","200～299人","総数"
"105-2024","67","10","0","00000","2024000000","人","92148","従業者数_うち常用雇用者","保険業（保険媒介代理業、保険サービス業を含む）","300人以上","総数"
"105-2024","K","00","0","00000","2024000000","人","1168164","従業者数_うち常用雇用者","不動産業、物品賃貸業","総数","総数"
"105-2024","K","01","0","00000","2024000000","人","***","従業者数_うち常用雇用者","不動産業、物品賃貸業","0人","総数"
"105-2024","K","02","0","00000","2024000000","人","303593","従業者数_うち常用雇用者","不動産業、物品賃貸業","1～4人","総数"
"105-2024","K","03","0","00000","2024000000","人","174347","従業者数_うち常用雇用者","不動産業、物品賃貸業","5～9人","総数"
"105-2024","K","04","0","00000","2024000000","人","163383","従業者数_うち常用雇用者","不動産業、物品賃貸業","10～19人","総数"
"105-2024","K","05","0","00000","2024000000","人","82370","従業者数_うち常用雇用者","不動産業、物品賃貸業","20～29人","総数"
"105-2024","K","06","0","00000","2024000000","人","89322","従業者数_うち常用雇用者","不動産業、物品賃貸業","30～49人","総数"
"105-2024","K","07","0","00000","2024000000","人","94858","従業者数_うち常用雇用者","不動産業、物品賃貸業","50～99人","総数"
"105-2024","K","08","0","00000","2024000000","人","84727","従業者数_うち常用雇用者","不動産業、物品賃貸業","100～199人","総数"
"105-2024","K","09","0","00000","2024000000","人","46707","従業者数_うち常用雇用者","不動産業、物品賃貸業","200～299人","総数"
"105-2024","K","10","0","00000","2024000000","人","128857","従業者数_うち常用雇用者","不動産業、物品賃貸業","300人以上","総数"
"105-2024","K1","00","0","00000","2024000000","人","898849","従業者数_うち常用雇用者","不動産業","総数","総数"
"105-2024","K1","01","0","00000","2024000000","人","***","従業者数_うち常用雇用者","不動産業","0人","総数"
"105-2024","K1","02","0","00000","2024000000","人","275969","従業者数_うち常用雇用者","不動産業","1～4人","総数"
"105-2024","K1","03","0","00000","2024000000","人","121063","従業者数_うち常用雇用者","不動産業","5～9人","総数"
"105-2024","K1","04","0","00000","2024000000","人","100705","従業者数_うち常用雇用者","不動産業","10～19人","総数"
"105-2024","K1","05","0","00000","2024000000","人","51520","従業者数_うち常用雇用者","不動産業","20～29人","総数"
"105-2024","K1","06","0","00000","2024000000","人","61507","従業者数_うち常用雇用者","不動産業","30～49人","総数"
"105-2024","K1","07","0","00000","2024000000","人","69153","従業者数_うち常用雇用者","不動産業","50～99人","総数"
"105-2024","K1","08","0","00000","2024000000","人","68909","従業者数_うち常用雇用者","不動産業","100～199人","総数"
"105-2024","K1","09","0","00000","2024000000","人","40440","従業者数_うち常用雇用者","不動産業","200～299人","総数"
"105-2024","K1","10","0","00000","2024000000","人","109583","従業者数_うち常用雇用者","不動産業","300人以上","総数"
"105-2024","68","00","0","00000","2024000000","人","295610","従業者数_うち常用雇用者","不動産取引業","総数","総数"
"105-2024","68","01","0","00000","2024000000","人","***","従業者数_うち常用雇用者","不動産取引業","0人","総数"
"105-2024","68","02","0","00000","2024000000","人","72034","従業者数_うち常用雇用者","不動産取引業","1～4人","総数"
"105-2024","68","03","0","00000","2024000000","人","59432","従業者数_うち常用雇用者","不動産取引業","5～9人","総数"
"105-2024","68","04","0","00000","2024000000","人","47375","従業者数_うち常用雇用者","不動産取引業","10～19人","総数"
"105-2024","68","05","0","00000","2024000000","人","19555","従業者数_うち常用雇用者","不動産取引業","20～29人","総数"
"105-2024","68","06","0","00000","2024000000","人","22463","従業者数_うち常用雇用者","不動産取引業","30～49人","総数"
"105-2024","68","07","0","00000","2024000000","人","22824","従業者数_うち常用雇用者","不動産取引業","50～99人","総数"
"105-2024","68","08","0","00000","2024000000","人","18920","従業者数_うち常用雇用者","不動産取引業","100～199人","総数"
"105-2024","68","09","0","00000","2024000000","人","9937","従業者数_うち常用雇用者","不動産取引業","200～299人","総数"
"105-2024","68","10","0","00000","2024000000","人","23070","従業者数_うち常用雇用者","不動産取引業","300人以上","総数"
"105-2024","69","00","0","00000","2024000000","人","603151","従業者数_うち常用雇用者","不動産賃貸業・管理業","総数","総数"
"105-2024","69","01","0","00000","2024000000","人","***","従業者数_うち常用雇用者","不動産賃貸業・管理業","0人","総数"
"105-2024","69","02","0","00000","2024000000","人","203909","従業者数_うち常用雇用者","不動産賃貸業・管理業","1～4人","総数"
"105-2024","69","03","0","00000","2024000000","人","61616","従業者数_うち常用雇用者","不動産賃貸業・管理業","5～9人","総数"
"105-2024","69","04","0","00000","2024000000","人","53320","従業者数_うち常用雇用者","不動産賃貸業・管理業","10～19人","総数"
"105-2024","69","05","0","00000","2024000000","人","31965","従業者数_うち常用雇用者","不動産賃貸業・管理業","20～29人","総数"
"105-2024","69","06","0","00000","2024000000","人","39007","従業者数_うち常用雇用者","不動産賃貸業・管理業","30～49人","総数"
"105-2024","69","07","0","00000","2024000000","人","46329","従業者数_うち常用雇用者","不動産賃貸業・管理業","50～99人","総数"
"105-2024","69","08","0","00000","2024000000","人","49989","従業者数_うち常用雇用者","不動産賃貸業・管理業","100～199人","総数"
"105-2024","69","09","0","00000","2024000000","人","30503","従業者数_うち常用雇用者","不動産賃貸業・管理業","200～299人","総数"
"105-2024","69","10","0","00000","2024000000","人","86513","従業者数_うち常用雇用者","不動産賃貸業・管理業","300人以上","総数"
"105-2024","K2","00","0","00000","2024000000","人","269315","従業者数_うち常用雇用者","物品賃貸業","総数","総数"
"105-2024","K2","01","0","00000","2024000000","人","***","従業者数_うち常用雇用者","物品賃貸業","0人","総数"
"105-2024","K2","02","0","00000","2024000000","人","27624","従業者数_うち常用雇用者","物品賃貸業","1～4人","総数"
"105-2024","K2","03","0","00000","2024000000","人","53284","従業者数_うち常用雇用者","物品賃貸業","5～9人","総数"
"105-2024","K2","04","0","00000","2024000000","人","62678","従業者数_うち常用雇用者","物品賃貸業","10～19人","総数"
"105-2024","K2","05","0","00000","2024000000","人","30850","従業者数_うち常用雇用者","物品賃貸業","20～29人","総数"
"105-2024","K2","06","0","00000","2024000000","人","27815","従業者数_うち常用雇用者","物品賃貸業","30～49人","総数"
"105-2024","K2","07","0","00000","2024000000","人","25705","従業者数_うち常用雇用者","物品賃貸業","50～99人","総数"
"105-2024","K2","08","0","00000","2024000000","人","15818","従業者数_うち常用雇用者","物品賃貸業","100～199人","総数"
"105-2024","K2","09","0","00000","2024000000","人","6267","従業者数_うち常用雇用者","物品賃貸業","200～299人","総数"
"105-2024","K2","10","0","00000","2024000000","人","19274","従業者数_うち常用雇用者","物品賃貸業","300人以上","総数"
"105-2024","70","00","0","00000","2024000000","人","269315","従業者数_うち常用雇用者","物品賃貸業","総数","総数"
"105-2024","70","01","0","00000","2024000000","人","***","従業者数_うち常用雇用者","物品賃貸業","0人","総数"
"105-2024","70","02","0","00000","2024000000","人","27624","従業者数_うち常用雇用者","物品賃貸業","1～4人","総数"
"105-2024","70","03","0","00000","2024000000","人","53284","従業者数_うち常用雇用者","物品賃貸業","5～9人","総数"
"105-2024","70","04","0","00000","2024000000","人","62678","従業者数_うち常用雇用者","物品賃貸業","10～19人","総数"
"105-2024","70","05","0","00000","2024000000","人","30850","従業者数_うち常用雇用者","物品賃貸業","20～29人","総数"
"105-2024","70","06","0","00000","2024000000","人","27815","従業者数_うち常用雇用者","物品賃貸業","30～49人","総数"
"105-2024","70","07","0","00000","2024000000","人","25705","従業者数_うち常用雇用者","物品賃貸業","50～99人","総数"
"105-2024","70","08","0","00000","2024000000","人","15818","従業者数_うち常用雇用者","物品賃貸業","100～199人","総数"
"105-2024","70","09","0","00000","2024000000","人","6267","従業者数_うち常用雇用者","物品賃貸業","200～299人","総数"
"105-2024","70","10","0","00000","2024000000","人","19274","従業者数_うち常用雇用者","物品賃貸業","300人以上","総数"
"105-2024","L","00","0","00000","2024000000","人","1974840","従業者数_うち常用雇用者","学術研究、専門・技術サービス業","総数","総数"
"105-2024","L","01","0","00000","2024000000","人","***","従業者数_うち常用雇用者","学術研究、専門・技術サービス業","0人","総数"
"105-2024","L","02","0","00000","2024000000","人","247621","従業者数_うち常用雇用者","学術研究、専門・技術サービス業","1～4人","総数"
"105-2024","L","03","0","00000","2024000000","人","205505","従業者数_うち常用雇用者","学術研究、専門・技術サービス業","5～9人","総数"
"105-2024","L","04","0","00000","2024000000","人","222532","従業者数_うち常用雇用者","学術研究、専門・技術サービス業","10～19人","総数"
"105-2024","L","05","0","00000","2024000000","人","137045","従業者数_うち常用雇用者","学術研究、専門・技術サービス業","20～29人","総数"
"105-2024","L","06","0","00000","2024000000","人","169638","従業者数_うち常用雇用者","学術研究、専門・技術サービス業","30～49人","総数"
"105-2024","L","07","0","00000","2024000000","人","209297","従業者数_うち常用雇用者","学術研究、専門・技術サービス業","50～99人","総数"
"105-2024","L","08","0","00000","2024000000","人","199377","従業者数_うち常用雇用者","学術研究、専門・技術サービス業","100～199人","総数"
"105-2024","L","09","0","00000","2024000000","人","93752","従業者数_うち常用雇用者","学術研究、専門・技術サービス業","200～299人","総数"
"105-2024","L","10","0","00000","2024000000","人","490073","従業者数_うち常用雇用者","学術研究、専門・技術サービス業","300人以上","総数"
"105-2024","71","00","0","00000","2024000000","人","293722","従業者数_うち常用雇用者","学術・開発研究機関","総数","総数"
"105-2024","71","01","0","00000","2024000000","人","***","従業者数_うち常用雇用者","学術・開発研究機関","0人","総数"
"105-2024","71","02","0","00000","2024000000","人","4187","従業者数_うち常用雇用者","学術・開発研究機関","1～4人","総数"
"105-2024","71","03","0","00000","2024000000","人","6156","従業者数_うち常用雇用者","学術・開発研究機関","5～9人","総数"
"105-2024","71","04","0","00000","2024000000","人","11390","従業者数_うち常用雇用者","学術・開発研究機関","10～19人","総数"
"105-2024","71","05","0","00000","2024000000","人","8710","従業者数_うち常用雇用者","学術・開発研究機関","20～29人","総数"
"105-2024","71","06","0","00000","2024000000","人","16945","従業者数_うち常用雇用者","学術・開発研究機関","30～49人","総数"
"105-2024","71","07","0","00000","2024000000","人","28612","従業者数_うち常用雇用者","学術・開発研究機関","50～99人","総数"
"105-2024","71","08","0","00000","2024000000","人","41076","従業者数_うち常用雇用者","学術・開発研究機関","100～199人","総数"
"105-2024","71","09","0","00000","2024000000","人","25807","従業者数_うち常用雇用者","学術・開発研究機関","200～299人","総数"
"105-2024","71","10","0","00000","2024000000","人","150839","従業者数_うち常用雇用者","学術・開発研究機関","300人以上","総数"
"105-2024","72","00","0","00000","2024000000","人","765586","従業者数_うち常用雇用者","専門サービス業（他に分類されないもの）","総数","総数"
"105-2024","72","01","0","00000","2024000000","人","***","従業者数_うち常用雇用者","専門サービス業（他に分類されないもの）","0人","総数"
"105-2024","72","02","0","00000","2024000000","人","144285","従業者数_うち常用雇用者","専門サービス業（他に分類されないもの）","1～4人","総数"
"105-2024","72","03","0","00000","2024000000","人","103362","従業者数_うち常用雇用者","専門サービス業（他に分類されないもの）","5～9人","総数"
"105-2024","72","04","0","00000","2024000000","人","90458","従業者数_うち常用雇用者","専門サービス業（他に分類されないもの）","10～19人","総数"
"105-2024","72","05","0","00000","2024000000","人","50923","従業者数_うち常用雇用者","専門サービス業（他に分類されないもの）","20～29人","総数"
"105-2024","72","06","0","00000","2024000000","人","53994","従業者数_うち常用雇用者","専門サービス業（他に分類されないもの）","30～49人","総数"
"105-2024","72","07","0","00000","2024000000","人","62592","従業者数_うち常用雇用者","専門サービス業（他に分類されないもの）","50～99人","総数"
"105-2024","72","08","0","00000","2024000000","人","59880","従業者数_うち常用雇用者","専門サービス業（他に分類されないもの）","100～199人","総数"
"105-2024","72","09","0","00000","2024000000","人","31330","従業者数_うち常用雇用者","専門サービス業（他に分類されないもの）","200～299人","総数"
"105-2024","72","10","0","00000","2024000000","人","168762","従業者数_うち常用雇用者","専門サービス業（他に分類されないもの）","300人以上","総数"
"105-2024","73","00","0","00000","2024000000","人","131561","従業者数_うち常用雇用者","広告業","総数","総数"
"105-2024","73","01","0","00000","2024000000","人","***","従業者数_うち常用雇用者","広告業","0人","総数"
"105-2024","73","02","0","00000","2024000000","人","11139","従業者数_うち常用雇用者","広告業","1～4人","総数"
"105-2024","73","03","0","00000","2024000000","人","11338","従業者数_うち常用雇用者","広告業","5～9人","総数"
"105-2024","73","04","0","00000","2024000000","人","15194","従業者数_うち常用雇用者","広告業","10～19人","総数"
"105-2024","73","05","0","00000","2024000000","人","9799","従業者数_うち常用雇用者","広告業","20～29人","総数"
"105-2024","73","06","0","00000","2024000000","人","12811","従業者数_うち常用雇用者","広告業","30～49人","総数"
"105-2024","73","07","0","00000","2024000000","人","17558","従業者数_うち常用雇用者","広告業","50～99人","総数"
"105-2024","73","08","0","00000","2024000000","人","15781","従業者数_うち常用雇用者","広告業","100～199人","総数"
"105-2024","73","09","0","00000","2024000000","人","4303","従業者数_うち常用雇用者","広告業","200～299人","総数"
"105-2024","73","10","0","00000","2024000000","人","33638","従業者数_うち常用雇用者","広告業","300人以上","総数"
"105-2024","74","00","0","00000","2024000000","人","783971","従業者数_うち常用雇用者","技術サービス業（他に分類されないもの）","総数","総数"
"105-2024","74","01","0","00000","2024000000","人","***","従業者数_うち常用雇用者","技術サービス業（他に分類されないもの）","0人","総数"
"105-2024","74","02","0","00000","2024000000","人","88010","従業者数_うち常用雇用者","技術サービス業（他に分類されないもの）","1～4人","総数"
"105-2024","74","03","0","00000","2024000000","人","84649","従業者数_うち常用雇用者","技術サービス業（他に分類されないもの）","5～9人","総数"
"105-2024","74","04","0","00000","2024000000","人","105490","従業者数_うち常用雇用者","技術サービス業（他に分類されないもの）","10～19人","総数"
"105-2024","74","05","0","00000","2024000000","人","67613","従業者数_うち常用雇用者","技術サービス業（他に分類されないもの）","20～29人","総数"
"105-2024","74","06","0","00000","2024000000","人","85888","従業者数_うち常用雇用者","技術サービス業（他に分類されないもの）","30～49人","総数"
"105-2024","74","07","0","00000","2024000000","人","100535","従業者数_うち常用雇用者","技術サービス業（他に分類されないもの）","50～99人","総数"
"105-2024","74","08","0","00000","2024000000","人","82640","従業者数_うち常用雇用者","技術サービス業（他に分類されないもの）","100～199人","総数"
"105-2024","74","09","0","00000","2024000000","人","32312","従業者数_うち常用雇用者","技術サービス業（他に分類されないもの）","200～299人","総数"
"105-2024","74","10","0","00000","2024000000","人","136834","従業者数_うち常用雇用者","技術サービス業（他に分類されないもの）","300人以上","総数"
"105-2024","M","00","0","00000","2024000000","人","4005205","従業者数_うち常用雇用者","宿泊業、飲食サービス業","総数","総数"
"105-2024","M","01","0","00000","2024000000","人","***","従業者数_うち常用雇用者","宿泊業、飲食サービス業","0人","総数"
"105-2024","M","02","0","00000","2024000000","人","340752","従業者数_うち常用雇用者","宿泊業、飲食サービス業","1～4人","総数"
"105-2024","M","03","0","00000","2024000000","人","485063","従業者数_うち常用雇用者","宿泊業、飲食サービス業","5～9人","総数"
"105-2024","M","04","0","00000","2024000000","人","809214","従業者数_うち常用雇用者","宿泊業、飲食サービス業","10～19人","総数"
"105-2024","M","05","0","00000","2024000000","人","748763","従業者数_うち常用雇用者","宿泊業、飲食サービス業","20～29人","総数"
"105-2024","M","06","0","00000","2024000000","人","727922","従業者数_うち常用雇用者","宿泊業、飲食サービス業","30～49人","総数"
"105-2024","M","07","0","00000","2024000000","人","552579","従業者数_うち常用雇用者","宿泊業、飲食サービス業","50～99人","総数"
"105-2024","M","08","0","00000","2024000000","人","192477","従業者数_うち常用雇用者","宿泊業、飲食サービス業","100～199人","総数"
"105-2024","M","09","0","00000","2024000000","人","53613","従業者数_うち常用雇用者","宿泊業、飲食サービス業","200～299人","総数"
"105-2024","M","10","0","00000","2024000000","人","94822","従業者数_うち常用雇用者","宿泊業、飲食サービス業","300人以上","総数"
"105-2024","M1","00","0","00000","2024000000","人","534483","従業者数_うち常用雇用者","宿泊業","総数","総数"
"105-2024","M1","01","0","00000","2024000000","人","***","従業者数_うち常用雇用者","宿泊業","0人","総数"
"105-2024","M1","02","0","00000","2024000000","人","25914","従業者数_うち常用雇用者","宿泊業","1～4人","総数"
"105-2024","M1","03","0","00000","2024000000","人","36385","従業者数_うち常用雇用者","宿泊業","5～9人","総数"
"105-2024","M1","04","0","00000","2024000000","人","76938","従業者数_うち常用雇用者","宿泊業","10～19人","総数"
"105-2024","M1","05","0","00000","2024000000","人","58754","従業者数_うち常用雇用者","宿泊業","20～29人","総数"
"105-2024","M1","06","0","00000","2024000000","人","87719","従業者数_うち常用雇用者","宿泊業","30～49人","総数"
"105-2024","M1","07","0","00000","2024000000","人","101335","従業者数_うち常用雇用者","宿泊業","50～99人","総数"
"105-2024","M1","08","0","00000","2024000000","人","64925","従業者数_うち常用雇用者","宿泊業","100～199人","総数"
"105-2024","M1","09","0","00000","2024000000","人","31039","従業者数_うち常用雇用者","宿泊業","200～299人","総数"
"105-2024","M1","10","0","00000","2024000000","人","51474","従業者数_うち常用雇用者","宿泊業","300人以上","総数"
"105-2024","75","00","0","00000","2024000000","人","534483","従業者数_うち常用雇用者","宿泊業","総数","総数"
"105-2024","75","01","0","00000","2024000000","人","***","従業者数_うち常用雇用者","宿泊業","0人","総数"
"105-2024","75","02","0","00000","2024000000","人","25914","従業者数_うち常用雇用者","宿泊業","1～4人","総数"
"105-2024","75","03","0","00000","2024000000","人","36385","従業者数_うち常用雇用者","宿泊業","5～9人","総数"
"105-2024","75","04","0","00000","2024000000","人","76938","従業者数_うち常用雇用者","宿泊業","10～19人","総数"
"105-2024","75","05","0","00000","2024000000","人","58754","従業者数_うち常用雇用者","宿泊業","20～29人","総数"
"105-2024","75","06","0","00000","2024000000","人","87719","従業者数_うち常用雇用者","宿泊業","30～49人","総数"
"105-2024","75","07","0","00000","2024000000","人","101335","従業者数_うち常用雇用者","宿泊業","50～99人","総数"
"105-2024","75","08","0","00000","2024000000","人","64925","従業者数_うち常用雇用者","宿泊業","100～199人","総数"
"105-2024","75","09","0","00000","2024000000","人","31039","従業者数_うち常用雇用者","宿泊業","200～299人","総数"
"105-2024","75","10","0","00000","2024000000","人","51474","従業者数_うち常用雇用者","宿泊業","300人以上","総数"
"105-2024","M2","00","0","00000","2024000000","人","3470722","従業者数_うち常用雇用者","飲食店、持ち帰り・配達飲食サービス業","総数","総数"
"105-2024","M2","01","0","00000","2024000000","人","***","従業者数_うち常用雇用者","飲食店、持ち帰り・配達飲食サービス業","0人","総数"
"105-2024","M2","02","0","00000","2024000000","人","314838","従業者数_うち常用雇用者","飲食店、持ち帰り・配達飲食サービス業","1～4人","総数"
"105-2024","M2","03","0","00000","2024000000","人","448678","従業者数_うち常用雇用者","飲食店、持ち帰り・配達飲食サービス業","5～9人","総数"
"105-2024","M2","04","0","00000","2024000000","人","732276","従業者数_うち常用雇用者","飲食店、持ち帰り・配達飲食サービス業","10～19人","総数"
"105-2024","M2","05","0","00000","2024000000","人","690009","従業者数_うち常用雇用者","飲食店、持ち帰り・配達飲食サービス業","20～29人","総数"
"105-2024","M2","06","0","00000","2024000000","人","640203","従業者数_うち常用雇用者","飲食店、持ち帰り・配達飲食サービス業","30～49人","総数"
"105-2024","M2","07","0","00000","2024000000","人","451244","従業者数_うち常用雇用者","飲食店、持ち帰り・配達飲食サービス業","50～99人","総数"
"105-2024","M2","08","0","00000","2024000000","人","127552","従業者数_うち常用雇用者","飲食店、持ち帰り・配達飲食サービス業","100～199人","総数"
"105-2024","M2","09","0","00000","2024000000","人","22574","従業者数_うち常用雇用者","飲食店、持ち帰り・配達飲食サービス業","200～299人","総数"
"105-2024","M2","10","0","00000","2024000000","人","43348","従業者数_うち常用雇用者","飲食店、持ち帰り・配達飲食サービス業","300人以上","総数"
"105-2024","76","00","0","00000","2024000000","人","2931612","従業者数_うち常用雇用者","飲食店","総数","総数"
"105-2024","76","01","0","00000","2024000000","人","***","従業者数_うち常用雇用者","飲食店","0人","総数"
"105-2024","76","02","0","00000","2024000000","人","275532","従業者数_うち常用雇用者","飲食店","1～4人","総数"
"105-2024","76","03","0","00000","2024000000","人","335085","従業者数_うち常用雇用者","飲食店","5～9人","総数"
"105-2024","76","04","0","00000","2024000000","人","584835","従業者数_うち常用雇用者","飲食店","10～19人","総数"
"105-2024","76","05","0","00000","2024000000","人","617434","従業者数_うち常用雇用者","飲食店","20～29人","総数"
"105-2024","76","06","0","00000","2024000000","人","573501","従業者数_うち常用雇用者","飲食店","30～49人","総数"
"105-2024","76","07","0","00000","2024000000","人","409156","従業者数_うち常用雇用者","飲食店","50～99人","総数"
"105-2024","76","08","0","00000","2024000000","人","105354","従業者数_うち常用雇用者","飲食店","100～199人","総数"
"105-2024","76","09","0","00000","2024000000","人","11202","従業者数_うち常用雇用者","飲食店","200～299人","総数"
"105-2024","76","10","0","00000","2024000000","人","19513","従業者数_うち常用雇用者","飲食店","300人以上","総数"
"105-2024","77","00","0","00000","2024000000","人","538822","従業者数_うち常用雇用者","持ち帰り・配達飲食サービス業","総数","総数"
"105-2024","77","01","0","00000","2024000000","人","***","従業者数_うち常用雇用者","持ち帰り・配達飲食サービス業","0人","総数"
"105-2024","77","02","0","00000","2024000000","人","39261","従業者数_うち常用雇用者","持ち帰り・配達飲食サービス業","1～4人","総数"
"105-2024","77","03","0","00000","2024000000","人","113576","従業者数_うち常用雇用者","持ち帰り・配達飲食サービス業","5～9人","総数"
"105-2024","77","04","0","00000","2024000000","人","147362","従業者数_うち常用雇用者","持ち帰り・配達飲食サービス業","10～19人","総数"
"105-2024","77","05","0","00000","2024000000","人","72555","従業者数_うち常用雇用者","持ち帰り・配達飲食サービス業","20～29人","総数"
"105-2024","77","06","0","00000","2024000000","人","66702","従業者数_うち常用雇用者","持ち帰り・配達飲食サービス業","30～49人","総数"
"105-2024","77","07","0","00000","2024000000","人","41961","従業者数_うち常用雇用者","持ち帰り・配達飲食サービス業","50～99人","総数"
"105-2024","77","08","0","00000","2024000000","人","22198","従業者数_うち常用雇用者","持ち帰り・配達飲食サービス業","100～199人","総数"
"105-2024","77","09","0","00000","2024000000","人","11372","従業者数_うち常用雇用者","持ち帰り・配達飲食サービス業","200～299人","総数"
"105-2024","77","10","0","00000","2024000000","人","23835","従業者数_うち常用雇用者","持ち帰り・配達飲食サービス業","300人以上","総数"
"105-2024","N","00","0","00000","2024000000","人","1635533","従業者数_うち常用雇用者","生活関連サービス業、娯楽業","総数","総数"
"105-2024","N","01","0","00000","2024000000","人","***","従業者数_うち常用雇用者","生活関連サービス業、娯楽業","0人","総数"
"105-2024","N","02","0","00000","2024000000","人","280194","従業者数_うち常用雇用者","生活関連サービス業、娯楽業","1～4人","総数"
"105-2024","N","03","0","00000","2024000000","人","220265","従業者数_うち常用雇用者","生活関連サービス業、娯楽業","5～9人","総数"
"105-2024","N","04","0","00000","2024000000","人","269783","従業者数_うち常用雇用者","生活関連サービス業、娯楽業","10～19人","総数"
"105-2024","N","05","0","00000","2024000000","人","175418","従業者数_うち常用雇用者","生活関連サービス業、娯楽業","20～29人","総数"
"105-2024","N","06","0","00000","2024000000","人","211829","従業者数_うち常用雇用者","生活関連サービス業、娯楽業","30～49人","総数"
"105-2024","N","07","0","00000","2024000000","人","202540","従業者数_うち常用雇用者","生活関連サービス業、娯楽業","50～99人","総数"
"105-2024","N","08","0","00000","2024000000","人","116951","従業者数_うち常用雇用者","生活関連サービス業、娯楽業","100～199人","総数"
"105-2024","N","09","0","00000","2024000000","人","33448","従業者数_うち常用雇用者","生活関連サービス業、娯楽業","200～299人","総数"
"105-2024","N","10","0","00000","2024000000","人","125105","従業者数_うち常用雇用者","生活関連サービス業、娯楽業","300人以上","総数"
"105-2024","78","00","0","00000","2024000000","人","597782","従業者数_うち常用雇用者","洗濯・理容・美容・浴場業","総数","総数"
"105-2024","78","01","0","00000","2024000000","人","***","従業者数_うち常用雇用者","洗濯・理容・美容・浴場業","0人","総数"
"105-2024","78","02","0","00000","2024000000","人","191036","従業者数_うち常用雇用者","洗濯・理容・美容・浴場業","1～4人","総数"
"105-2024","78","03","0","00000","2024000000","人","118669","従業者数_うち常用雇用者","洗濯・理容・美容・浴場業","5～9人","総数"
"105-2024","78","04","0","00000","2024000000","人","88620","従業者数_うち常用雇用者","洗濯・理容・美容・浴場業","10～19人","総数"
"105-2024","78","05","0","00000","2024000000","人","39680","従業者数_うち常用雇用者","洗濯・理容・美容・浴場業","20～29人","総数"
"105-2024","78","06","0","00000","2024000000","人","51243","従業者数_うち常用雇用者","洗濯・理容・美容・浴場業","30～49人","総数"
"105-2024","78","07","0","00000","2024000000","人","58832","従業者数_うち常用雇用者","洗濯・理容・美容・浴場業","50～99人","総数"
"105-2024","78","08","0","00000","2024000000","人","30590","従業者数_うち常用雇用者","洗濯・理容・美容・浴場業","100～199人","総数"
"105-2024","78","09","0","00000","2024000000","人","7413","従業者数_うち常用雇用者","洗濯・理容・美容・浴場業","200～299人","総数"
"105-2024","78","10","0","00000","2024000000","人","11699","従業者数_うち常用雇用者","洗濯・理容・美容・浴場業","300人以上","総数"
"105-2024","79","00","0","00000","2024000000","人","350381","従業者数_うち常用雇用者","その他の生活関連サービス業","総数","総数"
"105-2024","79","01","0","00000","2024000000","人","***","従業者数_うち常用雇用者","その他の生活関連サービス業","0人","総数"
"105-2024","79","02","0","00000","2024000000","人","55118","従業者数_うち常用雇用者","その他の生活関連サービス業","1～4人","総数"
"105-2024","79","03","0","00000","2024000000","人","47009","従業者数_うち常用雇用者","その他の生活関連サービス業","5～9人","総数"
"105-2024","79","04","0","00000","2024000000","人","49494","従業者数_うち常用雇用者","その他の生活関連サービス業","10～19人","総数"
"105-2024","79","05","0","00000","2024000000","人","27447","従業者数_うち常用雇用者","その他の生活関連サービス業","20～29人","総数"
"105-2024","79","06","0","00000","2024000000","人","35636","従業者数_うち常用雇用者","その他の生活関連サービス業","30～49人","総数"
"105-2024","79","07","0","00000","2024000000","人","33307","従業者数_うち常用雇用者","その他の生活関連サービス業","50～99人","総数"
"105-2024","79","08","0","00000","2024000000","人","28531","従業者数_うち常用雇用者","その他の生活関連サービス業","100～199人","総数"
"105-2024","79","09","0","00000","2024000000","人","12183","従業者数_うち常用雇用者","その他の生活関連サービス業","200～299人","総数"
"105-2024","79","10","0","00000","2024000000","人","61656","従業者数_うち常用雇用者","その他の生活関連サービス業","300人以上","総数"
"105-2024","80","00","0","00000","2024000000","人","687370","従業者数_うち常用雇用者","娯楽業","総数","総数"
"105-2024","80","01","0","00000","2024000000","人","***","従業者数_うち常用雇用者","娯楽業","0人","総数"
"105-2024","80","02","0","00000","2024000000","人","34040","従業者数_うち常用雇用者","娯楽業","1～4人","総数"
"105-2024","80","03","0","00000","2024000000","人","54587","従業者数_うち常用雇用者","娯楽業","5～9人","総数"
"105-2024","80","04","0","00000","2024000000","人","131669","従業者数_うち常用雇用者","娯楽業","10～19人","総数"
"105-2024","80","05","0","00000","2024000000","人","108291","従業者数_うち常用雇用者","娯楽業","20～29人","総数"
"105-2024","80","06","0","00000","2024000000","人","124950","従業者数_うち常用雇用者","娯楽業","30～49人","総数"
"105-2024","80","07","0","00000","2024000000","人","110401","従業者数_うち常用雇用者","娯楽業","50～99人","総数"
"105-2024","80","08","0","00000","2024000000","人","57830","従業者数_うち常用雇用者","娯楽業","100～199人","総数"
"105-2024","80","09","0","00000","2024000000","人","13852","従業者数_うち常用雇用者","娯楽業","200～299人","総数"
"105-2024","80","10","0","00000","2024000000","人","51750","従業者数_うち常用雇用者","娯楽業","300人以上","総数"
"105-2024","O","00","0","00000","2024000000","人","1730030","従業者数_うち常用雇用者","教育、学習支援業","総数","総数"
"105-2024","O","01","0","00000","2024000000","人","***","従業者数_うち常用雇用者","教育、学習支援業","0人","総数"
"105-2024","O","02","0","00000","2024000000","人","95389","従業者数_うち常用雇用者","教育、学習支援業","1～4人","総数"
"105-2024","O","03","0","00000","2024000000","人","121818","従業者数_うち常用雇用者","教育、学習支援業","5～9人","総数"
"105-2024","O","04","0","00000","2024000000","人","228354","従業者数_うち常用雇用者","教育、学習支援業","10～19人","総数"
"105-2024","O","05","0","00000","2024000000","人","186372","従業者数_うち常用雇用者","教育、学習支援業","20～29人","総数"
"105-2024","O","06","0","00000","2024000000","人","248340","従業者数_うち常用雇用者","教育、学習支援業","30～49人","総数"
"105-2024","O","07","0","00000","2024000000","人","206532","従業者数_うち常用雇用者","教育、学習支援業","50～99人","総数"
"105-2024","O","08","0","00000","2024000000","人","139626","従業者数_うち常用雇用者","教育、学習支援業","100～199人","総数"
"105-2024","O","09","0","00000","2024000000","人","58588","従業者数_うち常用雇用者","教育、学習支援業","200～299人","総数"
"105-2024","O","10","0","00000","2024000000","人","445011","従業者数_うち常用雇用者","教育、学習支援業","300人以上","総数"
"105-2024","O1","00","0","00000","2024000000","人","1077659","従業者数_うち常用雇用者","教育、学習支援業（学校教育）","総数","総数"
"105-2024","O1","01","0","00000","2024000000","人","***","従業者数_うち常用雇用者","教育、学習支援業（学校教育）","0人","総数"
"105-2024","O1","02","0","00000","2024000000","人","3103","従業者数_うち常用雇用者","教育、学習支援業（学校教育）","1～4人","総数"
"105-2024","O1","03","0","00000","2024000000","人","14624","従業者数_うち常用雇用者","教育、学習支援業（学校教育）","5～9人","総数"
"105-2024","O1","04","0","00000","2024000000","人","75390","従業者数_うち常用雇用者","教育、学習支援業（学校教育）","10～19人","総数"
"105-2024","O1","05","0","00000","2024000000","人","100679","従業者数_うち常用雇用者","教育、学習支援業（学校教育）","20～29人","総数"
"105-2024","O1","06","0","00000","2024000000","人","159688","従業者数_うち常用雇用者","教育、学習支援業（学校教育）","30～49人","総数"
"105-2024","O1","07","0","00000","2024000000","人","142106","従業者数_うち常用雇用者","教育、学習支援業（学校教育）","50～99人","総数"
"105-2024","O1","08","0","00000","2024000000","人","110070","従業者数_うち常用雇用者","教育、学習支援業（学校教育）","100～199人","総数"
"105-2024","O1","09","0","00000","2024000000","人","49488","従業者数_うち常用雇用者","教育、学習支援業（学校教育）","200～299人","総数"
"105-2024","O1","10","0","00000","2024000000","人","422511","従業者数_うち常用雇用者","教育、学習支援業（学校教育）","300人以上","総数"
"105-2024","81","00","0","00000","2024000000","人","1077659","従業者数_うち常用雇用者","学校教育","総数","総数"
"105-2024","81","01","0","00000","2024000000","人","***","従業者数_うち常用雇用者","学校教育","0人","総数"
"105-2024","81","02","0","00000","2024000000","人","3103","従業者数_うち常用雇用者","学校教育","1～4人","総数"
"105-2024","81","03","0","00000","2024000000","人","14624","従業者数_うち常用雇用者","学校教育","5～9人","総数"
"105-2024","81","04","0","00000","2024000000","人","75390","従業者数_うち常用雇用者","学校教育","10～19人","総数"
"105-2024","81","05","0","00000","2024000000","人","100679","従業者数_うち常用雇用者","学校教育","20～29人","総数"
"105-2024","81","06","0","00000","2024000000","人","159688","従業者数_うち常用雇用者","学校教育","30～49人","総数"
"105-2024","81","07","0","00000","2024000000","人","142106","従業者数_うち常用雇用者","学校教育","50～99人","総数"
"105-2024","81","08","0","00000","2024000000","人","110070","従業者数_うち常用雇用者","学校教育","100～199人","総数"
"105-2024","81","09","0","00000","2024000000","人","49488","従業者数_うち常用雇用者","学校教育","200～299人","総数"
"105-2024","81","10","0","00000","2024000000","人","422511","従業者数_うち常用雇用者","学校教育","300人以上","総数"
"105-2024","O2","00","0","00000","2024000000","人","652371","従業者数_うち常用雇用者","教育、学習支援業（その他の教育、学習支援業）","総数","総数"
"105-2024","O2","01","0","00000","2024000000","人","***","従業者数_うち常用雇用者","教育、学習支援業（その他の教育、学習支援業）","0人","総数"
"105-2024","O2","02","0","00000","2024000000","人","92286","従業者数_うち常用雇用者","教育、学習支援業（その他の教育、学習支援業）","1～4人","総数"
"105-2024","O2","03","0","00000","2024000000","人","107194","従業者数_うち常用雇用者","教育、学習支援業（その他の教育、学習支援業）","5～9人","総数"
"105-2024","O2","04","0","00000","2024000000","人","152964","従業者数_うち常用雇用者","教育、学習支援業（その他の教育、学習支援業）","10～19人","総数"
"105-2024","O2","05","0","00000","2024000000","人","85693","従業者数_うち常用雇用者","教育、学習支援業（その他の教育、学習支援業）","20～29人","総数"
"105-2024","O2","06","0","00000","2024000000","人","88652","従業者数_うち常用雇用者","教育、学習支援業（その他の教育、学習支援業）","30～49人","総数"
"105-2024","O2","07","0","00000","2024000000","人","64426","従業者数_うち常用雇用者","教育、学習支援業（その他の教育、学習支援業）","50～99人","総数"
"105-2024","O2","08","0","00000","2024000000","人","29556","従業者数_うち常用雇用者","教育、学習支援業（その他の教育、学習支援業）","100～199人","総数"
"105-2024","O2","09","0","00000","2024000000","人","9100","従業者数_うち常用雇用者","教育、学習支援業（その他の教育、学習支援業）","200～299人","総数"
"105-2024","O2","10","0","00000","2024000000","人","22500","従業者数_うち常用雇用者","教育、学習支援業（その他の教育、学習支援業）","300人以上","総数"
"105-2024","82","00","0","00000","2024000000","人","652371","従業者数_うち常用雇用者","その他の教育、学習支援業","総数","総数"
"105-2024","82","01","0","00000","2024000000","人","***","従業者数_うち常用雇用者","その他の教育、学習支援業","0人","総数"
"105-2024","82","02","0","00000","2024000000","人","92286","従業者数_うち常用雇用者","その他の教育、学習支援業","1～4人","総数"
"105-2024","82","03","0","00000","2024000000","人","107194","従業者数_うち常用雇用者","その他の教育、学習支援業","5～9人","総数"
"105-2024","82","04","0","00000","2024000000","人","152964","従業者数_うち常用雇用者","その他の教育、学習支援業","10～19人","総数"
"105-2024","82","05","0","00000","2024000000","人","85693","従業者数_うち常用雇用者","その他の教育、学習支援業","20～29人","総数"
"105-2024","82","06","0","00000","2024000000","人","88652","従業者数_うち常用雇用者","その他の教育、学習支援業","30～49人","総数"
"105-2024","82","07","0","00000","2024000000","人","64426","従業者数_うち常用雇用者","その他の教育、学習支援業","50～99人","総数"
"105-2024","82","08","0","00000","2024000000","人","29556","従業者数_うち常用雇用者","その他の教育、学習支援業","100～199人","総数"
"105-2024","82","09","0","00000","2024000000","人","9100","従業者数_うち常用雇用者","その他の教育、学習支援業","200～299人","総数"
"105-2024","82","10","0","00000","2024000000","人","22500","従業者数_うち常用雇用者","その他の教育、学習支援業","300人以上","総数"
"105-2024","P","00","0","00000","2024000000","人","7316754","従業者数_うち常用雇用者","医療、福祉","総数","総数"
"105-2024","P","01","0","00000","2024000000","人","***","従業者数_うち常用雇用者","医療、福祉","0人","総数"
"105-2024","P","02","0","00000","2024000000","人","340509","従業者数_うち常用雇用者","医療、福祉","1～4人","総数"
"105-2024","P","03","0","00000","2024000000","人","789406","従業者数_うち常用雇用者","医療、福祉","5～9人","総数"
"105-2024","P","04","0","00000","2024000000","人","1191376","従業者数_うち常用雇用者","医療、福祉","10～19人","総数"
"105-2024","P","05","0","00000","2024000000","人","792483","従業者数_うち常用雇用者","医療、福祉","20～29人","総数"
"105-2024","P","06","0","00000","2024000000","人","904072","従業者数_うち常用雇用者","医療、福祉","30～49人","総数"
"105-2024","P","07","0","00000","2024000000","人","1015618","従業者数_うち常用雇用者","医療、福祉","50～99人","総数"
"105-2024","P","08","0","00000","2024000000","人","681446","従業者数_うち常用雇用者","医療、福祉","100～199人","総数"
"105-2024","P","09","0","00000","2024000000","人","336938","従業者数_うち常用雇用者","医療、福祉","200～299人","総数"
"105-2024","P","10","0","00000","2024000000","人","1264906","従業者数_うち常用雇用者","医療、福祉","300人以上","総数"
"105-2024","83","00","0","00000","2024000000","人","3398704","従業者数_うち常用雇用者","医療業","総数","総数"
"105-2024","83","01","0","00000","2024000000","人","***","従業者数_うち常用雇用者","医療業","0人","総数"
"105-2024","83","02","0","00000","2024000000","人","204799","従業者数_うち常用雇用者","医療業","1～4人","総数"
"105-2024","83","03","0","00000","2024000000","人","383629","従業者数_うち常用雇用者","医療業","5～9人","総数"
"105-2024","83","04","0","00000","2024000000","人","356187","従業者数_うち常用雇用者","医療業","10～19人","総数"
"105-2024","83","05","0","00000","2024000000","人","161095","従業者数_うち常用雇用者","医療業","20～29人","総数"
"105-2024","83","06","0","00000","2024000000","人","174043","従業者数_うち常用雇用者","医療業","30～49人","総数"
"105-2024","83","07","0","00000","2024000000","人","217572","従業者数_うち常用雇用者","医療業","50～99人","総数"
"105-2024","83","08","0","00000","2024000000","人","387876","従業者数_うち常用雇用者","医療業","100～199人","総数"
"105-2024","83","09","0","00000","2024000000","人","288665","従業者数_うち常用雇用者","医療業","200～299人","総数"
"105-2024","83","10","0","00000","2024000000","人","1224838","従業者数_うち常用雇用者","医療業","300人以上","総数"
"105-2024","84","00","0","00000","2024000000","人","72323","従業者数_うち常用雇用者","保健衛生","総数","総数"
"105-2024","84","01","0","00000","2024000000","人","***","従業者数_うち常用雇用者","保健衛生","0人","総数"
"105-2024","84","02","0","00000","2024000000","人","1984","従業者数_うち常用雇用者","保健衛生","1～4人","総数"
"105-2024","84","03","0","00000","2024000000","人","2262","従業者数_うち常用雇用者","保健衛生","5～9人","総数"
"105-2024","84","04","0","00000","2024000000","人","4821","従業者数_うち常用雇用者","保健衛生","10～19人","総数"
"105-2024","84","05","0","00000","2024000000","人","3667","従業者数_うち常用雇用者","保健衛生","20～29人","総数"
"105-2024","84","06","0","00000","2024000000","人","7388","従業者数_うち常用雇用者","保健衛生","30～49人","総数"
"105-2024","84","07","0","00000","2024000000","人","14586","従業者数_うち常用雇用者","保健衛生","50～99人","総数"
"105-2024","84","08","0","00000","2024000000","人","19896","従業者数_うち常用雇用者","保健衛生","100～199人","総数"
"105-2024","84","09","0","00000","2024000000","人","7512","従業者数_うち常用雇用者","保健衛生","200～299人","総数"
"105-2024","84","10","0","00000","2024000000","人","10207","従業者数_うち常用雇用者","保健衛生","300人以上","総数"
"105-2024","85","00","0","00000","2024000000","人","3845723","従業者数_うち常用雇用者","社会保険・社会福祉・介護事業","総数","総数"
"105-2024","85","01","0","00000","2024000000","人","***","従業者数_うち常用雇用者","社会保険・社会福祉・介護事業","0人","総数"
"105-2024","85","02","0","00000","2024000000","人","133722","従業者数_うち常用雇用者","社会保険・社会福祉・介護事業","1～4人","総数"
"105-2024","85","03","0","00000","2024000000","人","403515","従業者数_うち常用雇用者","社会保険・社会福祉・介護事業","5～9人","総数"
"105-2024","85","04","0","00000","2024000000","人","830368","従業者数_うち常用雇用者","社会保険・社会福祉・介護事業","10～19人","総数"
"105-2024","85","05","0","00000","2024000000","人","627721","従業者数_うち常用雇用者","社会保険・社会福祉・介護事業","20～29人","総数"
"105-2024","85","06","0","00000","2024000000","人","722641","従業者数_うち常用雇用者","社会保険・社会福祉・介護事業","30～49人","総数"
"105-2024","85","07","0","00000","2024000000","人","783460","従業者数_うち常用雇用者","社会保険・社会福祉・介護事業","50～99人","総数"
"105-2024","85","08","0","00000","2024000000","人","273674","従業者数_うち常用雇用者","社会保険・社会福祉・介護事業","100～199人","総数"
"105-2024","85","09","0","00000","2024000000","人","40761","従業者数_うち常用雇用者","社会保険・社会福祉・介護事業","200～299人","総数"
"105-2024","85","10","0","00000","2024000000","人","29861","従業者数_うち常用雇用者","社会保険・社会福祉・介護事業","300人以上","総数"
"105-2024","Q","00","0","00000","2024000000","人","374727","従業者数_うち常用雇用者","複合サービス事業","総数","総数"
"105-2024","Q","01","0","00000","2024000000","人","***","従業者数_うち常用雇用者","複合サービス事業","0人","総数"
"105-2024","Q","02","0","00000","2024000000","人","38519","従業者数_うち常用雇用者","複合サービス事業","1～4人","総数"
"105-2024","Q","03","0","00000","2024000000","人","63258","従業者数_うち常用雇用者","複合サービス事業","5～9人","総数"
"105-2024","Q","04","0","00000","2024000000","人","51309","従業者数_うち常用雇用者","複合サービス事業","10～19人","総数"
"105-2024","Q","05","0","00000","2024000000","人","19638","従業者数_うち常用雇用者","複合サービス事業","20～29人","総数"
"105-2024","Q","06","0","00000","2024000000","人","14794","従業者数_うち常用雇用者","複合サービス事業","30～49人","総数"
"105-2024","Q","07","0","00000","2024000000","人","39367","従業者数_うち常用雇用者","複合サービス事業","50～99人","総数"
"105-2024","Q","08","0","00000","2024000000","人","60730","従業者数_うち常用雇用者","複合サービス事業","100～199人","総数"
"105-2024","Q","09","0","00000","2024000000","人","38287","従業者数_うち常用雇用者","複合サービス事業","200～299人","総数"
"105-2024","Q","10","0","00000","2024000000","人","48825","従業者数_うち常用雇用者","複合サービス事業","300人以上","総数"
"105-2024","Q1","00","0","00000","2024000000","人","255834","従業者数_うち常用雇用者","複合サービス事業（郵便局）","総数","総数"
"105-2024","Q1","01","0","00000","2024000000","人","***","従業者数_うち常用雇用者","複合サービス事業（郵便局）","0人","総数"
"105-2024","Q1","02","0","00000","2024000000","人","34609","従業者数_うち常用雇用者","複合サービス事業（郵便局）","1～4人","総数"
"105-2024","Q1","03","0","00000","2024000000","人","50603","従業者数_うち常用雇用者","複合サービス事業（郵便局）","5～9人","総数"
"105-2024","Q1","04","0","00000","2024000000","人","16153","従業者数_うち常用雇用者","複合サービス事業（郵便局）","10～19人","総数"
"105-2024","Q1","05","0","00000","2024000000","人","1729","従業者数_うち常用雇用者","複合サービス事業（郵便局）","20～29人","総数"
"105-2024","Q1","06","0","00000","2024000000","人","2938","従業者数_うち常用雇用者","複合サービス事業（郵便局）","30～49人","総数"
"105-2024","Q1","07","0","00000","2024000000","人","22542","従業者数_うち常用雇用者","複合サービス事業（郵便局）","50～99人","総数"
"105-2024","Q1","08","0","00000","2024000000","人","47776","従業者数_うち常用雇用者","複合サービス事業（郵便局）","100～199人","総数"
"105-2024","Q1","09","0","00000","2024000000","人","33541","従業者数_うち常用雇用者","複合サービス事業（郵便局）","200～299人","総数"
"105-2024","Q1","10","0","00000","2024000000","人","45943","従業者数_うち常用雇用者","複合サービス事業（郵便局）","300人以上","総数"
"105-2024","86","00","0","00000","2024000000","人","255834","従業者数_うち常用雇用者","郵便局","総数","総数"
"105-2024","86","01","0","00000","2024000000","人","***","従業者数_うち常用雇用者","郵便局","0人","総数"
"105-2024","86","02","0","00000","2024000000","人","34609","従業者数_うち常用雇用者","郵便局","1～4人","総数"
"105-2024","86","03","0","00000","2024000000","人","50603","従業者数_うち常用雇用者","郵便局","5～9人","総数"
"105-2024","86","04","0","00000","2024000000","人","16153","従業者数_うち常用雇用者","郵便局","10～19人","総数"
"105-2024","86","05","0","00000","2024000000","人","1729","従業者数_うち常用雇用者","郵便局","20～29人","総数"
"105-2024","86","06","0","00000","2024000000","人","2938","従業者数_うち常用雇用者","郵便局","30～49人","総数"
"105-2024","86","07","0","00000","2024000000","人","22542","従業者数_うち常用雇用者","郵便局","50～99人","総数"
"105-2024","86","08","0","00000","2024000000","人","47776","従業者数_うち常用雇用者","郵便局","100～199人","総数"
"105-2024","86","09","0","00000","2024000000","人","33541","従業者数_うち常用雇用者","郵便局","200～299人","総数"
"105-2024","86","10","0","00000","2024000000","人","45943","従業者数_うち常用雇用者","郵便局","300人以上","総数"
"105-2024","Q2","00","0","00000","2024000000","人","118893","従業者数_うち常用雇用者","複合サービス事業（協同組合）","総数","総数"
"105-2024","Q2","01","0","00000","2024000000","人","***","従業者数_うち常用雇用者","複合サービス事業（協同組合）","0人","総数"
"105-2024","Q2","02","0","00000","2024000000","人","3910","従業者数_うち常用雇用者","複合サービス事業（協同組合）","1～4人","総数"
"105-2024","Q2","03","0","00000","2024000000","人","12655","従業者数_うち常用雇用者","複合サービス事業（協同組合）","5～9人","総数"
"105-2024","Q2","04","0","00000","2024000000","人","35156","従業者数_うち常用雇用者","複合サービス事業（協同組合）","10～19人","総数"
"105-2024","Q2","05","0","00000","2024000000","人","17909","従業者数_うち常用雇用者","複合サービス事業（協同組合）","20～29人","総数"
"105-2024","Q2","06","0","00000","2024000000","人","11856","従業者数_うち常用雇用者","複合サービス事業（協同組合）","30～49人","総数"
"105-2024","Q2","07","0","00000","2024000000","人","16825","従業者数_うち常用雇用者","複合サービス事業（協同組合）","50～99人","総数"
"105-2024","Q2","08","0","00000","2024000000","人","12954","従業者数_うち常用雇用者","複合サービス事業（協同組合）","100～199人","総数"
"105-2024","Q2","09","0","00000","2024000000","人","4746","従業者数_うち常用雇用者","複合サービス事業（協同組合）","200～299人","総数"
"105-2024","Q2","10","0","00000","2024000000","人","2882","従業者数_うち常用雇用者","複合サービス事業（協同組合）","300人以上","総数"
"105-2024","87","00","0","00000","2024000000","人","118893","従業者数_うち常用雇用者","協同組合（他に分類されないもの）","総数","総数"
"105-2024","87","01","0","00000","2024000000","人","***","従業者数_うち常用雇用者","協同組合（他に分類されないもの）","0人","総数"
"105-2024","87","02","0","00000","2024000000","人","3910","従業者数_うち常用雇用者","協同組合（他に分類されないもの）","1～4人","総数"
"105-2024","87","03","0","00000","2024000000","人","12655","従業者数_うち常用雇用者","協同組合（他に分類されないもの）","5～9人","総数"
"105-2024","87","04","0","00000","2024000000","人","35156","従業者数_うち常用雇用者","協同組合（他に分類されないもの）","10～19人","総数"
"105-2024","87","05","0","00000","2024000000","人","17909","従業者数_うち常用雇用者","協同組合（他に分類されないもの）","20～29人","総数"
"105-2024","87","06","0","00000","2024000000","人","11856","従業者数_うち常用雇用者","協同組合（他に分類されないもの）","30～49人","総数"
"105-2024","87","07","0","00000","2024000000","人","16825","従業者数_うち常用雇用者","協同組合（他に分類されないもの）","50～99人","総数"
"105-2024","87","08","0","00000","2024000000","人","12954","従業者数_うち常用雇用者","協同組合（他に分類されないもの）","100～199人","総数"
"105-2024","87","09","0","00000","2024000000","人","4746","従業者数_うち常用雇用者","協同組合（他に分類されないもの）","200～299人","総数"
"105-2024","87","10","0","00000","2024000000","人","2882","従業者数_うち常用雇用者","協同組合（他に分類されないもの）","300人以上","総数"
"105-2024","R","00","0","00000","2024000000","人","5008399","従業者数_うち常用雇用者","サービス業（他に分類されないもの）","総数","総数"
"105-2024","R","01","0","00000","2024000000","人","***","従業者数_うち常用雇用者","サービス業（他に分類されないもの）","0人","総数"
"105-2024","R","02","0","00000","2024000000","人","329711","従業者数_うち常用雇用者","サービス業（他に分類されないもの）","1～4人","総数"
"105-2024","R","03","0","00000","2024000000","人","295901","従業者数_うち常用雇用者","サービス業（他に分類されないもの）","5～9人","総数"
"105-2024","R","04","0","00000","2024000000","人","411940","従業者数_うち常用雇用者","サービス業（他に分類されないもの）","10～19人","総数"
"105-2024","R","05","0","00000","2024000000","人","302711","従業者数_うち常用雇用者","サービス業（他に分類されないもの）","20～29人","総数"
"105-2024","R","06","0","00000","2024000000","人","470935","従業者数_うち常用雇用者","サービス業（他に分類されないもの）","30～49人","総数"
"105-2024","R","07","0","00000","2024000000","人","661942","従業者数_うち常用雇用者","サービス業（他に分類されないもの）","50～99人","総数"
"105-2024","R","08","0","00000","2024000000","人","759145","従業者数_うち常用雇用者","サービス業（他に分類されないもの）","100～199人","総数"
"105-2024","R","09","0","00000","2024000000","人","428219","従業者数_うち常用雇用者","サービス業（他に分類されないもの）","200～299人","総数"
"105-2024","R","10","0","00000","2024000000","人","1347895","従業者数_うち常用雇用者","サービス業（他に分類されないもの）","300人以上","総数"
"105-2024","R1","00","0","00000","2024000000","人","400937","従業者数_うち常用雇用者","サービス業（政治・経済・文化団体、宗教）","総数","総数"
"105-2024","R1","01","0","00000","2024000000","人","***","従業者数_うち常用雇用者","サービス業（政治・経済・文化団体、宗教）","0人","総数"
"105-2024","R1","02","0","00000","2024000000","人","158302","従業者数_うち常用雇用者","サービス業（政治・経済・文化団体、宗教）","1～4人","総数"
"105-2024","R1","03","0","00000","2024000000","人","62828","従業者数_うち常用雇用者","サービス業（政治・経済・文化団体、宗教）","5～9人","総数"
"105-2024","R1","04","0","00000","2024000000","人","59818","従業者数_うち常用雇用者","サービス業（政治・経済・文化団体、宗教）","10～19人","総数"
"105-2024","R1","05","0","00000","2024000000","人","29803","従業者数_うち常用雇用者","サービス業（政治・経済・文化団体、宗教）","20～29人","総数"
"105-2024","R1","06","0","00000","2024000000","人","33146","従業者数_うち常用雇用者","サービス業（政治・経済・文化団体、宗教）","30～49人","総数"
"105-2024","R1","07","0","00000","2024000000","人","25494","従業者数_うち常用雇用者","サービス業（政治・経済・文化団体、宗教）","50～99人","総数"
"105-2024","R1","08","0","00000","2024000000","人","14549","従業者数_うち常用雇用者","サービス業（政治・経済・文化団体、宗教）","100～199人","総数"
"105-2024","R1","09","0","00000","2024000000","人","9321","従業者数_うち常用雇用者","サービス業（政治・経済・文化団体、宗教）","200～299人","総数"
"105-2024","R1","10","0","00000","2024000000","人","7676","従業者数_うち常用雇用者","サービス業（政治・経済・文化団体、宗教）","300人以上","総数"
"105-2024","93","00","0","00000","2024000000","人","240015","従業者数_うち常用雇用者","政治・経済・文化団体","総数","総数"
"105-2024","93","01","0","00000","2024000000","人","***","従業者数_うち常用雇用者","政治・経済・文化団体","0人","総数"
"105-2024","93","02","0","00000","2024000000","人","62715","従業者数_うち常用雇用者","政治・経済・文化団体","1～4人","総数"
"105-2024","93","03","0","00000","2024000000","人","43074","従業者数_うち常用雇用者","政治・経済・文化団体","5～9人","総数"
"105-2024","93","04","0","00000","2024000000","人","46985","従業者数_うち常用雇用者","政治・経済・文化団体","10～19人","総数"
"105-2024","93","05","0","00000","2024000000","人","23951","従業者数_うち常用雇用者","政治・経済・文化団体","20～29人","総数"
"105-2024","93","06","0","00000","2024000000","人","26110","従業者数_うち常用雇用者","政治・経済・文化団体","30～49人","総数"
"105-2024","93","07","0","00000","2024000000","人","18837","従業者数_うち常用雇用者","政治・経済・文化団体","50～99人","総数"
"105-2024","93","08","0","00000","2024000000","人","9649","従業者数_うち常用雇用者","政治・経済・文化団体","100～199人","総数"
"105-2024","93","09","0","00000","2024000000","人","6459","従業者数_うち常用雇用者","政治・経済・文化団体","200～299人","総数"
"105-2024","93","10","0","00000","2024000000","人","2235","従業者数_うち常用雇用者","政治・経済・文化団体","300人以上","総数"
"105-2024","94","00","0","00000","2024000000","人","160918","従業者数_うち常用雇用者","宗教","総数","総数"
"105-2024","94","01","0","00000","2024000000","人","***","従業者数_うち常用雇用者","宗教","0人","総数"
"105-2024","94","02","0","00000","2024000000","人","95583","従業者数_うち常用雇用者","宗教","1～4人","総数"
"105-2024","94","03","0","00000","2024000000","人","19754","従業者数_うち常用雇用者","宗教","5～9人","総数"
"105-2024","94","04","0","00000","2024000000","人","12833","従業者数_うち常用雇用者","宗教","10～19人","総数"
"105-2024","94","05","0","00000","2024000000","人","5852","従業者数_うち常用雇用者","宗教","20～29人","総数"
"105-2024","94","06","0","00000","2024000000","人","7036","従業者数_うち常用雇用者","宗教","30～49人","総数"
"105-2024","94","07","0","00000","2024000000","人","6657","従業者数_うち常用雇用者","宗教","50～99人","総数"
"105-2024","94","08","0","00000","2024000000","人","4900","従業者数_うち常用雇用者","宗教","100～199人","総数"
"105-2024","94","09","0","00000","2024000000","人","2862","従業者数_うち常用雇用者","宗教","200～299人","総数"
"105-2024","94","10","0","00000","2024000000","人","5441","従業者数_うち常用雇用者","宗教","300人以上","総数"
"105-2024","R2","00","0","00000","2024000000","人","4607462","従業者数_うち常用雇用者","サービス業（政治・経済・文化団体、宗教を除く）","総数","総数"
"105-2024","R2","01","0","00000","2024000000","人","***","従業者数_うち常用雇用者","サービス業（政治・経済・文化団体、宗教を除く）","0人","総数"
"105-2024","R2","02","0","00000","2024000000","人","171409","従業者数_うち常用雇用者","サービス業（政治・経済・文化団体、宗教を除く）","1～4人","総数"
"105-2024","R2","03","0","00000","2024000000","人","233073","従業者数_うち常用雇用者","サービス業（政治・経済・文化団体、宗教を除く）","5～9人","総数"
"105-2024","R2","04","0","00000","2024000000","人","352122","従業者数_うち常用雇用者","サービス業（政治・経済・文化団体、宗教を除く）","10～19人","総数"
"105-2024","R2","05","0","00000","2024000000","人","272908","従業者数_うち常用雇用者","サービス業（政治・経済・文化団体、宗教を除く）","20～29人","総数"
"105-2024","R2","06","0","00000","2024000000","人","437789","従業者数_うち常用雇用者","サービス業（政治・経済・文化団体、宗教を除く）","30～49人","総数"
"105-2024","R2","07","0","00000","2024000000","人","636448","従業者数_うち常用雇用者","サービス業（政治・経済・文化団体、宗教を除く）","50～99人","総数"
"105-2024","R2","08","0","00000","2024000000","人","744596","従業者数_うち常用雇用者","サービス業（政治・経済・文化団体、宗教を除く）","100～199人","総数"
"105-2024","R2","09","0","00000","2024000000","人","418898","従業者数_うち常用雇用者","サービス業（政治・経済・文化団体、宗教を除く）","200～299人","総数"
"105-2024","R2","10","0","00000","2024000000","人","1340219","従業者数_うち常用雇用者","サービス業（政治・経済・文化団体、宗教を除く）","300人以上","総数"
"105-2024","88","00","0","00000","2024000000","人","271587","従業者数_うち常用雇用者","廃棄物処理業","総数","総数"
"105-2024","88","01","0","00000","2024000000","人","***","従業者数_うち常用雇用者","廃棄物処理業","0人","総数"
"105-2024","88","02","0","00000","2024000000","人","18085","従業者数_うち常用雇用者","廃棄物処理業","1～4人","総数"
"105-2024","88","03","0","00000","2024000000","人","33140","従業者数_うち常用雇用者","廃棄物処理業","5～9人","総数"
"105-2024","88","04","0","00000","2024000000","人","54360","従業者数_うち常用雇用者","廃棄物処理業","10～19人","総数"
"105-2024","88","05","0","00000","2024000000","人","40624","従業者数_うち常用雇用者","廃棄物処理業","20～29人","総数"
"105-2024","88","06","0","00000","2024000000","人","51874","従業者数_うち常用雇用者","廃棄物処理業","30～49人","総数"
"105-2024","88","07","0","00000","2024000000","人","43330","従業者数_うち常用雇用者","廃棄物処理業","50～99人","総数"
"105-2024","88","08","0","00000","2024000000","人","20435","従業者数_うち常用雇用者","廃棄物処理業","100～199人","総数"
"105-2024","88","09","0","00000","2024000000","人","5301","従業者数_うち常用雇用者","廃棄物処理業","200～299人","総数"
"105-2024","88","10","0","00000","2024000000","人","4438","従業者数_うち常用雇用者","廃棄物処理業","300人以上","総数"
"105-2024","89","00","0","00000","2024000000","人","150787","従業者数_うち常用雇用者","自動車整備業","総数","総数"
"105-2024","89","01","0","00000","2024000000","人","***","従業者数_うち常用雇用者","自動車整備業","0人","総数"
"105-2024","89","02","0","00000","2024000000","人","38731","従業者数_うち常用雇用者","自動車整備業","1～4人","総数"
"105-2024","89","03","0","00000","2024000000","人","39038","従業者数_うち常用雇用者","自動車整備業","5～9人","総数"
"105-2024","89","04","0","00000","2024000000","人","33898","従業者数_うち常用雇用者","自動車整備業","10～19人","総数"
"105-2024","89","05","0","00000","2024000000","人","15864","従業者数_うち常用雇用者","自動車整備業","20～29人","総数"
"105-2024","89","06","0","00000","2024000000","人","12293","従業者数_うち常用雇用者","自動車整備業","30～49人","総数"
"105-2024","89","07","0","00000","2024000000","人","8332","従業者数_うち常用雇用者","自動車整備業","50～99人","総数"
"105-2024","89","08","0","00000","2024000000","人","2429","従業者数_うち常用雇用者","自動車整備業","100～199人","総数"
"105-2024","89","09","0","00000","2024000000","人","202","従業者数_うち常用雇用者","自動車整備業","200～299人","総数"
"105-2024","89","10","0","00000","2024000000","人","***","従業者数_うち常用雇用者","自動車整備業","300人以上","総数"
"105-2024","90","00","0","00000","2024000000","人","208416","従業者数_うち常用雇用者","機械等修理業（別掲を除く）","総数","総数"
"105-2024","90","01","0","00000","2024000000","人","***","従業者数_うち常用雇用者","機械等修理業（別掲を除く）","0人","総数"
"105-2024","90","02","0","00000","2024000000","人","24086","従業者数_うち常用雇用者","機械等修理業（別掲を除く）","1～4人","総数"
"105-2024","90","03","0","00000","2024000000","人","28273","従業者数_うち常用雇用者","機械等修理業（別掲を除く）","5～9人","総数"
"105-2024","90","04","0","00000","2024000000","人","34904","従業者数_うち常用雇用者","機械等修理業（別掲を除く）","10～19人","総数"
"105-2024","90","05","0","00000","2024000000","人","19909","従業者数_うち常用雇用者","機械等修理業（別掲を除く）","20～29人","総数"
"105-2024","90","06","0","00000","2024000000","人","25762","従業者数_うち常用雇用者","機械等修理業（別掲を除く）","30～49人","総数"
"105-2024","90","07","0","00000","2024000000","人","25880","従業者数_うち常用雇用者","機械等修理業（別掲を除く）","50～99人","総数"
"105-2024","90","08","0","00000","2024000000","人","20097","従業者数_うち常用雇用者","機械等修理業（別掲を除く）","100～199人","総数"
"105-2024","90","09","0","00000","2024000000","人","10151","従業者数_うち常用雇用者","機械等修理業（別掲を除く）","200～299人","総数"
"105-2024","90","10","0","00000","2024000000","人","19354","従業者数_うち常用雇用者","機械等修理業（別掲を除く）","300人以上","総数"
"105-2024","91","00","0","00000","2024000000","人","1418076","従業者数_うち常用雇用者","職業紹介・労働者派遣業","総数","総数"
"105-2024","91","01","0","00000","2024000000","人","***","従業者数_うち常用雇用者","職業紹介・労働者派遣業","0人","総数"
"105-2024","91","02","0","00000","2024000000","人","16032","従業者数_うち常用雇用者","職業紹介・労働者派遣業","1～4人","総数"
"105-2024","91","03","0","00000","2024000000","人","23718","従業者数_うち常用雇用者","職業紹介・労働者派遣業","5～9人","総数"
"105-2024","91","04","0","00000","2024000000","人","35092","従業者数_うち常用雇用者","職業紹介・労働者派遣業","10～19人","総数"
"105-2024","91","05","0","00000","2024000000","人","31436","従業者数_うち常用雇用者","職業紹介・労働者派遣業","20～29人","総数"
"105-2024","91","06","0","00000","2024000000","人","70608","従業者数_うち常用雇用者","職業紹介・労働者派遣業","30～49人","総数"
"105-2024","91","07","0","00000","2024000000","人","158415","従業者数_うち常用雇用者","職業紹介・労働者派遣業","50～99人","総数"
"105-2024","91","08","0","00000","2024000000","人","242596","従業者数_うち常用雇用者","職業紹介・労働者派遣業","100～199人","総数"
"105-2024","91","09","0","00000","2024000000","人","167171","従業者数_うち常用雇用者","職業紹介・労働者派遣業","200～299人","総数"
"105-2024","91","10","0","00000","2024000000","人","673008","従業者数_うち常用雇用者","職業紹介・労働者派遣業","300人以上","総数"
"105-2024","92","00","0","00000","2024000000","人","2518717","従業者数_うち常用雇用者","その他の事業サービス業","総数","総数"
"105-2024","92","01","0","00000","2024000000","人","***","従業者数_うち常用雇用者","その他の事業サービス業","0人","総数"
"105-2024","92","02","0","00000","2024000000","人","69960","従業者数_うち常用雇用者","その他の事業サービス業","1～4人","総数"
"105-2024","92","03","0","00000","2024000000","人","100675","従業者数_うち常用雇用者","その他の事業サービス業","5～9人","総数"
"105-2024","92","04","0","00000","2024000000","人","182846","従業者数_うち常用雇用者","その他の事業サービス業","10～19人","総数"
"105-2024","92","05","0","00000","2024000000","人","160423","従業者数_うち常用雇用者","その他の事業サービス業","20～29人","総数"
"105-2024","92","06","0","00000","2024000000","人","272140","従業者数_うち常用雇用者","その他の事業サービス業","30～49人","総数"
"105-2024","92","07","0","00000","2024000000","人","396582","従業者数_うち常用雇用者","その他の事業サービス業","50～99人","総数"
"105-2024","92","08","0","00000","2024000000","人","457523","従業者数_うち常用雇用者","その他の事業サービス業","100～199人","総数"
"105-2024","92","09","0","00000","2024000000","人","235149","従業者数_うち常用雇用者","その他の事業サービス業","200～299人","総数"
"105-2024","92","10","0","00000","2024000000","人","643419","従業者数_うち常用雇用者","その他の事業サービス業","300人以上","総数"
"105-2024","95","00","0","00000","2024000000","人","39844","従業者数_うち常用雇用者","その他のサービス業","総数","総数"
"105-2024","95","01","0","00000","2024000000","人","***","従業者数_うち常用雇用者","その他のサービス業","0人","総数"
"105-2024","95","02","0","00000","2024000000","人","4498","従業者数_うち常用雇用者","その他のサービス業","1～4人","総数"
"105-2024","95","03","0","00000","2024000000","人","8211","従業者数_うち常用雇用者","その他のサービス業","5～9人","総数"
"105-2024","95","04","0","00000","2024000000","人","11022","従業者数_うち常用雇用者","その他のサービス業","10～19人","総数"
"105-2024","95","05","0","00000","2024000000","人","4652","従業者数_うち常用雇用者","その他のサービス業","20～29人","総数"
"105-2024","95","06","0","00000","2024000000","人","5112","従業者数_うち常用雇用者","その他のサービス業","30～49人","総数"
"105-2024","95","07","0","00000","2024000000","人","3909","従業者数_うち常用雇用者","その他のサービス業","50～99人","総数"
"105-2024","95","08","0","00000","2024000000","人","1516","従業者数_うち常用雇用者","その他のサービス業","100～199人","総数"
"105-2024","95","09","0","00000","2024000000","人","924","従業者数_うち常用雇用者","その他のサービス業","200～299人","総数"
"105-2024","95","10","0","00000","2024000000","人","***","従業者数_うち常用雇用者","その他のサービス業","300人以上","総数"
