"@tab","@cat01","@cat02","@cat03","@cat04","@cat05","@area","@time","$","tabname","cat01name","cat02name","cat03name","cat04name","cat05name"
"004","012","000","001","000","010","00000","2014000000","48684580","従業者数　総数","うち常用雇用者","総数","民営","総数","A～R 全産業（S公務を除く）"
"004","012","000","001","000","020","00000","2014000000","240944","従業者数　総数","うち常用雇用者","総数","民営","総数","A～B 農林漁業"
"004","012","000","001","000","030","00000","2014000000","210739","従業者数　総数","うち常用雇用者","総数","民営","総数","A 農業，林業"
"004","012","000","001","000","040","00000","2014000000","179728","従業者数　総数","うち常用雇用者","総数","民営","総数","01 農業"
"004","012","000","001","000","100","00000","2014000000","31011","従業者数　総数","うち常用雇用者","総数","民営","総数","02 林業"
"004","012","000","001","000","170","00000","2014000000","30205","従業者数　総数","うち常用雇用者","総数","民営","総数","B 漁業"
"004","012","000","001","000","180","00000","2014000000","20012","従業者数　総数","うち常用雇用者","総数","民営","総数","03 漁業（水産養殖業を除く）"
"004","012","000","001","000","220","00000","2014000000","10193","従業者数　総数","うち常用雇用者","総数","民営","総数","04 水産養殖業"
"004","012","000","001","000","270","00000","2014000000","48443636","従業者数　総数","うち常用雇用者","総数","民営","総数","C～R 非農林漁業（S公務を除く）"
"004","012","000","001","000","280","00000","2014000000","16397","従業者数　総数","うち常用雇用者","総数","民営","総数","C 鉱業，採石業，砂利採取業"
"004","012","000","001","000","290","00000","2014000000","16397","従業者数　総数","うち常用雇用者","総数","民営","総数","05 鉱業，採石業，砂利採取業"
"004","012","000","001","000","370","00000","2014000000","2861336","従業者数　総数","うち常用雇用者","総数","民営","総数","D 建設業"
"004","012","000","001","000","380","00000","2014000000","1398637","従業者数　総数","うち常用雇用者","総数","民営","総数","06 総合工事業"
"004","012","000","001","000","460","00000","2014000000","577581","従業者数　総数","うち常用雇用者","総数","民営","総数","07 職別工事業（設備工事業を除く）"
"004","012","000","001","000","570","00000","2014000000","885118","従業者数　総数","うち常用雇用者","総数","民営","総数","08 設備工事業"
"004","012","000","001","000","640","00000","2014000000","8252644","従業者数　総数","うち常用雇用者","総数","民営","総数","E 製造業"
"004","012","000","001","000","650","00000","2014000000","1155560","従業者数　総数","うち常用雇用者","総数","民営","総数","09 食料品製造業"
"004","012","000","001","000","760","00000","2014000000","118417","従業者数　総数","うち常用雇用者","総数","民営","総数","10 飲料・たばこ・飼料製造業"
"004","012","000","001","000","840","00000","2014000000","328229","従業者数　総数","うち常用雇用者","総数","民営","総数","11 繊維工業"
"004","012","000","001","000","950","00000","2014000000","105898","従業者数　総数","うち常用雇用者","総数","民営","総数","12 木材・木製品製造業（家具を除く）"
"004","012","000","001","000","1010","00000","2014000000","118915","従業者数　総数","うち常用雇用者","総数","民営","総数","13 家具・装備品製造業"
"004","012","000","001","000","1070","00000","2014000000","197333","従業者数　総数","うち常用雇用者","総数","民営","総数","14 パルプ・紙・紙加工品製造業"
"004","012","000","001","000","1150","00000","2014000000","323396","従業者数　総数","うち常用雇用者","総数","民営","総数","15 印刷・同関連業"
"004","012","000","001","000","1210","00000","2014000000","438122","従業者数　総数","うち常用雇用者","総数","民営","総数","16 化学工業"
"004","012","000","001","000","1300","00000","2014000000","33174","従業者数　総数","うち常用雇用者","総数","民営","総数","17 石油製品・石炭製品製造業"
"004","012","000","001","000","1370","00000","2014000000","429153","従業者数　総数","うち常用雇用者","総数","民営","総数","18 プラスチック製品製造業（別掲を除く）"
"004","012","000","001","000","1450","00000","2014000000","129861","従業者数　総数","うち常用雇用者","総数","民営","総数","19 ゴム製品製造業"
"004","012","000","001","000","1510","00000","2014000000","28092","従業者数　総数","うち常用雇用者","総数","民営","総数","20 なめし革・同製品・毛皮製造業"
"004","012","000","001","000","1620","00000","2014000000","258666","従業者数　総数","うち常用雇用者","総数","民営","総数","21 窯業・土石製品製造業"
"004","012","000","001","000","1730","00000","2014000000","239890","従業者数　総数","うち常用雇用者","総数","民営","総数","22 鉄鋼業"
"004","012","000","001","000","1810","00000","2014000000","141627","従業者数　総数","うち常用雇用者","総数","民営","総数","23 非鉄金属製造業"
"004","012","000","001","000","1890","00000","2014000000","628533","従業者数　総数","うち常用雇用者","総数","民営","総数","24 金属製品製造業"
"004","012","000","001","000","2000","00000","2014000000","349192","従業者数　総数","うち常用雇用者","総数","民営","総数","25 はん用機械器具製造業"
"004","012","000","001","000","2060","00000","2014000000","564506","従業者数　総数","うち常用雇用者","総数","民営","総数","26 生産用機械器具製造業"
"004","012","000","001","000","2160","00000","2014000000","246686","従業者数　総数","うち常用雇用者","総数","民営","総数","27 業務用機械器具製造業"
"004","012","000","001","000","2240","00000","2014000000","446553","従業者数　総数","うち常用雇用者","総数","民営","総数","28 電子部品・デバイス・電子回路製造業"
"004","012","000","001","000","2320","00000","2014000000","518018","従業者数　総数","うち常用雇用者","総数","民営","総数","29 電気機械器具製造業"
"004","012","000","001","000","2420","00000","2014000000","220613","従業者数　総数","うち常用雇用者","総数","民営","総数","30 情報通信機械器具製造業"
"004","012","000","001","000","2470","00000","2014000000","1025247","従業者数　総数","うち常用雇用者","総数","民営","総数","31 輸送用機械器具製造業"
"004","012","000","001","000","2550","00000","2014000000","206963","従業者数　総数","うち常用雇用者","総数","民営","総数","32 その他の製造業"
"004","012","000","001","000","2700","00000","2014000000","192815","従業者数　総数","うち常用雇用者","総数","民営","総数","F 電気・ガス・熱供給・水道業"
"004","012","000","001","000","2710","00000","2014000000","136824","従業者数　総数","うち常用雇用者","総数","民営","総数","33 電気業"
"004","012","000","001","000","2740","00000","2014000000","32702","従業者数　総数","うち常用雇用者","総数","民営","総数","34 ガス業"
"004","012","000","001","000","2770","00000","2014000000","1825","従業者数　総数","うち常用雇用者","総数","民営","総数","35 熱供給業"
"004","012","000","001","000","2800","00000","2014000000","21464","従業者数　総数","うち常用雇用者","総数","民営","総数","36 水道業"
"004","012","000","001","000","2850","00000","2014000000","1519688","従業者数　総数","うち常用雇用者","総数","民営","総数","G 情報通信業"
"004","012","000","001","000","2860","00000","2014000000","149743","従業者数　総数","うち常用雇用者","総数","民営","総数","37 通信業"
"004","012","000","001","000","2910","00000","2014000000","63756","従業者数　総数","うち常用雇用者","総数","民営","総数","38 放送業"
"004","012","000","001","000","2960","00000","2014000000","1012498","従業者数　総数","うち常用雇用者","総数","民営","総数","39 情報サービス業"
"004","012","000","001","000","3030","00000","2014000000","75373","従業者数　総数","うち常用雇用者","総数","民営","総数","40 インターネット附随サービス業"
"004","012","000","001","000","3060","00000","2014000000","218318","従業者数　総数","うち常用雇用者","総数","民営","総数","41 映像・音声・文字情報制作業"
"004","012","000","001","000","3140","00000","2014000000","3014296","従業者数　総数","うち常用雇用者","総数","民営","総数","H 運輸業，郵便業"
"004","012","000","001","000","3150","00000","2014000000","231064","従業者数　総数","うち常用雇用者","総数","民営","総数","42 鉄道業"
"004","012","000","001","000","3180","00000","2014000000","505294","従業者数　総数","うち常用雇用者","総数","民営","総数","43 道路旅客運送業"
"004","012","000","001","000","3240","00000","2014000000","1580248","従業者数　総数","うち常用雇用者","総数","民営","総数","44 道路貨物運送業"
"004","012","000","001","000","3310","00000","2014000000","42047","従業者数　総数","うち常用雇用者","総数","民営","総数","45 水運業"
"004","012","000","001","000","3370","00000","2014000000","54073","従業者数　総数","うち常用雇用者","総数","民営","総数","46 航空運輸業"
"004","012","000","001","000","3410","00000","2014000000","180683","従業者数　総数","うち常用雇用者","総数","民営","総数","47 倉庫業"
"004","012","000","001","000","3450","00000","2014000000","336123","従業者数　総数","うち常用雇用者","総数","民営","総数","48 運輸に附帯するサービス業"
"004","012","000","001","000","3530","00000","2014000000","84764","従業者数　総数","うち常用雇用者","総数","民営","総数","49 郵便業（信書便事業を含む）"
"004","012","000","001","000","3560","00000","2014000000","10152342","従業者数　総数","うち常用雇用者","総数","民営","総数","I 卸売業，小売業"
"004","012","000","001","000","3570","00000","2014000000","34386","従業者数　総数","うち常用雇用者","総数","民営","総数","50 各種商品卸売業"
"004","012","000","001","000","3620","00000","2014000000","236999","従業者数　総数","うち常用雇用者","総数","民営","総数","51 繊維・衣服等卸売業"
"004","012","000","001","000","3670","00000","2014000000","691804","従業者数　総数","うち常用雇用者","総数","民営","総数","52 飲食料品卸売業"
"004","012","000","001","000","3760","00000","2014000000","664401","従業者数　総数","うち常用雇用者","総数","民営","総数","53 建築材料，鉱物・金属材料等卸売業"
"004","012","000","001","000","3840","00000","2014000000","1058370","従業者数　総数","うち常用雇用者","総数","民営","総数","54 機械器具卸売業"
"004","012","000","001","000","3900","00000","2014000000","799201","従業者数　総数","うち常用雇用者","総数","民営","総数","55 その他の卸売業"
"004","012","000","001","000","3980","00000","2014000000","403549","従業者数　総数","うち常用雇用者","総数","民営","総数","56 各種商品小売業"
"004","012","000","001","000","4020","00000","2014000000","612958","従業者数　総数","うち常用雇用者","総数","民営","総数","57 織物・衣服・身の回り品小売業"
"004","012","000","001","000","4090","00000","2014000000","2628564","従業者数　総数","うち常用雇用者","総数","民営","総数","58 飲食料品小売業"
"004","012","000","001","000","4200","00000","2014000000","742076","従業者数　総数","うち常用雇用者","総数","民営","総数","59 機械器具小売業"
"004","012","000","001","000","4250","00000","2014000000","2005659","従業者数　総数","うち常用雇用者","総数","民営","総数","60 その他の小売業"
"004","012","000","001","000","4430","00000","2014000000","274375","従業者数　総数","うち常用雇用者","総数","民営","総数","61 無店舗小売業"
"004","012","000","001","000","4480","00000","2014000000","1429000","従業者数　総数","うち常用雇用者","総数","民営","総数","J 金融業，保険業"
"004","012","000","001","000","4490","00000","2014000000","421525","従業者数　総数","うち常用雇用者","総数","民営","総数","62 銀行業"
"004","012","000","001","000","4530","00000","2014000000","185678","従業者数　総数","うち常用雇用者","総数","民営","総数","63 協同組織金融業"
"004","012","000","001","000","4570","00000","2014000000","99823","従業者数　総数","うち常用雇用者","総数","民営","総数","64 貸金業，クレジットカード業等非預金信用機関"
"004","012","000","001","000","4630","00000","2014000000","95280","従業者数　総数","うち常用雇用者","総数","民営","総数","65 金融商品取引業，商品先物取引業"
"004","012","000","001","000","4670","00000","2014000000","27287","従業者数　総数","うち常用雇用者","総数","民営","総数","66 補助的金融業等"
"004","012","000","001","000","4720","00000","2014000000","599407","従業者数　総数","うち常用雇用者","総数","民営","総数","67 保険業（保険媒介代理業，保険サービス業を含む）"
"004","012","000","001","000","4790","00000","2014000000","944159","従業者数　総数","うち常用雇用者","総数","民営","総数","K 不動産業，物品賃貸業"
"004","012","000","001","000","4800","00000","2014000000","232500","従業者数　総数","うち常用雇用者","総数","民営","総数","68 不動産取引業"
"004","012","000","001","000","4840","00000","2014000000","435219","従業者数　総数","うち常用雇用者","総数","民営","総数","69 不動産賃貸業・管理業"
"004","012","000","001","000","4900","00000","2014000000","276440","従業者数　総数","うち常用雇用者","総数","民営","総数","70 物品賃貸業"
"004","012","000","001","000","5000","00000","2014000000","1453288","従業者数　総数","うち常用雇用者","総数","民営","総数","L 学術研究，専門・技術サービス業"
"004","012","000","001","000","5010","00000","2014000000","251554","従業者数　総数","うち常用雇用者","総数","民営","総数","71 学術・開発研究機関"
"004","012","000","001","000","5050","00000","2014000000","471678","従業者数　総数","うち常用雇用者","総数","民営","総数","72 専門サービス業（他に分類されないもの）"
"004","012","000","001","000","5240","00000","2014000000","108251","従業者数　総数","うち常用雇用者","総数","民営","総数","73 広告業"
"004","012","000","001","000","5270","00000","2014000000","621805","従業者数　総数","うち常用雇用者","総数","民営","総数","74 技術サービス業（他に分類されないもの）"
"004","012","000","001","000","5390","00000","2014000000","4254241","従業者数　総数","うち常用雇用者","総数","民営","総数","M 宿泊業，飲食サービス業"
"004","012","000","001","000","5400","00000","2014000000","567638","従業者数　総数","うち常用雇用者","総数","民営","総数","75 宿泊業"
"004","012","000","001","000","5480","00000","2014000000","3171705","従業者数　総数","うち常用雇用者","総数","民営","総数","76 飲食店"
"004","012","000","001","000","5650","00000","2014000000","514898","従業者数　総数","うち常用雇用者","総数","民営","総数","77 持ち帰り・配達飲食サービス業"
"004","012","000","001","000","5690","00000","2014000000","1861605","従業者数　総数","うち常用雇用者","総数","民営","総数","N 生活関連サービス業，娯楽業"
"004","012","000","001","000","5700","00000","2014000000","757152","従業者数　総数","うち常用雇用者","総数","民営","総数","78 洗濯・理容・美容・浴場業"
"004","012","000","001","000","5800","00000","2014000000","342629","従業者数　総数","うち常用雇用者","総数","民営","総数","79 その他の生活関連サービス業"
"004","012","000","001","000","5930","00000","2014000000","761824","従業者数　総数","うち常用雇用者","総数","民営","総数","80 娯楽業"
"004","012","000","001","000","6160","00000","2014000000","1505995","従業者数　総数","うち常用雇用者","総数","民営","総数","O 教育，学習支援業"
"004","012","000","001","000","6170","00000","2014000000","904678","従業者数　総数","うち常用雇用者","総数","民営","総数","81 学校教育"
"004","012","000","001","000","6270","00000","2014000000","601317","従業者数　総数","うち常用雇用者","総数","民営","総数","82 その他の教育，学習支援業"
"004","012","000","001","000","6460","00000","2014000000","6491642","従業者数　総数","うち常用雇用者","総数","民営","総数","P 医療，福祉"
"004","012","000","001","000","6470","00000","2014000000","3305195","従業者数　総数","うち常用雇用者","総数","民営","総数","83 医療業"
"004","012","000","001","000","6590","00000","2014000000","57286","従業者数　総数","うち常用雇用者","総数","民営","総数","84 保健衛生"
"004","012","000","001","000","6640","00000","2014000000","3129161","従業者数　総数","うち常用雇用者","総数","民営","総数","85 社会保険・社会福祉・介護事業"
"004","012","000","001","000","6830","00000","2014000000","496572","従業者数　総数","うち常用雇用者","総数","民営","総数","Q 複合サービス事業"
"004","012","000","001","000","6840","00000","2014000000","328036","従業者数　総数","うち常用雇用者","総数","民営","総数","86 郵便局"
"004","012","000","001","000","6880","00000","2014000000","168536","従業者数　総数","うち常用雇用者","総数","民営","総数","87 協同組合（他に分類されないもの）"
"004","012","000","001","000","6920","00000","2014000000","3997616","従業者数　総数","うち常用雇用者","総数","民営","総数","R サービス業（他に分類されないもの）"
"004","012","000","001","000","6930","00000","2014000000","227045","従業者数　総数","うち常用雇用者","総数","民営","総数","88 廃棄物処理業"
"004","012","000","001","000","6980","00000","2014000000","182072","従業者数　総数","うち常用雇用者","総数","民営","総数","89 自動車整備業"
"004","012","000","001","000","7010","00000","2014000000","201475","従業者数　総数","うち常用雇用者","総数","民営","総数","90 機械等修理業（別掲を除く）"
"004","012","000","001","000","7070","00000","2014000000","830989","従業者数　総数","うち常用雇用者","総数","民営","総数","91 職業紹介・労働者派遣業"
"004","012","000","001","000","7110","00000","2014000000","2147736","従業者数　総数","うち常用雇用者","総数","民営","総数","92 その他の事業サービス業"
"004","012","000","001","000","7170","00000","2014000000","226261","従業者数　総数","うち常用雇用者","総数","民営","総数","93 政治・経済・文化団体"
"004","012","000","001","000","7230","00000","2014000000","152484","従業者数　総数","うち常用雇用者","総数","民営","総数","94 宗教"
"004","012","000","001","000","7280","00000","2014000000","29554","従業者数　総数","うち常用雇用者","総数","民営","総数","95 その他のサービス業"
"004","012","000","001","002","010","00000","2014000000","4482360","従業者数　総数","うち常用雇用者","総数","民営","1～4人","A～R 全産業（S公務を除く）"
"004","012","000","001","002","020","00000","2014000000","31566","従業者数　総数","うち常用雇用者","総数","民営","1～4人","A～B 農林漁業"
"004","012","000","001","002","030","00000","2014000000","28444","従業者数　総数","うち常用雇用者","総数","民営","1～4人","A 農業，林業"
"004","012","000","001","002","040","00000","2014000000","26135","従業者数　総数","うち常用雇用者","総数","民営","1～4人","01 農業"
"004","012","000","001","002","100","00000","2014000000","2309","従業者数　総数","うち常用雇用者","総数","民営","1～4人","02 林業"
"004","012","000","001","002","170","00000","2014000000","3122","従業者数　総数","うち常用雇用者","総数","民営","1～4人","B 漁業"
"004","012","000","001","002","180","00000","2014000000","1038","従業者数　総数","うち常用雇用者","総数","民営","1～4人","03 漁業（水産養殖業を除く）"
"004","012","000","001","002","220","00000","2014000000","2084","従業者数　総数","うち常用雇用者","総数","民営","1～4人","04 水産養殖業"
"004","012","000","001","002","270","00000","2014000000","4450794","従業者数　総数","うち常用雇用者","総数","民営","1～4人","C～R 非農林漁業（S公務を除く）"
"004","012","000","001","002","280","00000","2014000000","1834","従業者数　総数","うち常用雇用者","総数","民営","1～4人","C 鉱業，採石業，砂利採取業"
"004","012","000","001","002","290","00000","2014000000","1834","従業者数　総数","うち常用雇用者","総数","民営","1～4人","05 鉱業，採石業，砂利採取業"
"004","012","000","001","002","370","00000","2014000000","488789","従業者数　総数","うち常用雇用者","総数","民営","1～4人","D 建設業"
"004","012","000","001","002","380","00000","2014000000","202837","従業者数　総数","うち常用雇用者","総数","民営","1～4人","06 総合工事業"
"004","012","000","001","002","460","00000","2014000000","152294","従業者数　総数","うち常用雇用者","総数","民営","1～4人","07 職別工事業（設備工事業を除く）"
"004","012","000","001","002","570","00000","2014000000","133658","従業者数　総数","うち常用雇用者","総数","民営","1～4人","08 設備工事業"
"004","012","000","001","002","640","00000","2014000000","375124","従業者数　総数","うち常用雇用者","総数","民営","1～4人","E 製造業"
"004","012","000","001","002","650","00000","2014000000","36070","従業者数　総数","うち常用雇用者","総数","民営","1～4人","09 食料品製造業"
"004","012","000","001","002","760","00000","2014000000","7497","従業者数　総数","うち常用雇用者","総数","民営","1～4人","10 飲料・たばこ・飼料製造業"
"004","012","000","001","002","840","00000","2014000000","33414","従業者数　総数","うち常用雇用者","総数","民営","1～4人","11 繊維工業"
"004","012","000","001","002","950","00000","2014000000","12522","従業者数　総数","うち常用雇用者","総数","民営","1～4人","12 木材・木製品製造業（家具を除く）"
"004","012","000","001","002","1010","00000","2014000000","19910","従業者数　総数","うち常用雇用者","総数","民営","1～4人","13 家具・装備品製造業"
"004","012","000","001","002","1070","00000","2014000000","8049","従業者数　総数","うち常用雇用者","総数","民営","1～4人","14 パルプ・紙・紙加工品製造業"
"004","012","000","001","002","1150","00000","2014000000","28511","従業者数　総数","うち常用雇用者","総数","民営","1～4人","15 印刷・同関連業"
"004","012","000","001","002","1210","00000","2014000000","5179","従業者数　総数","うち常用雇用者","総数","民営","1～4人","16 化学工業"
"004","012","000","001","002","1300","00000","2014000000","1630","従業者数　総数","うち常用雇用者","総数","民営","1～4人","17 石油製品・石炭製品製造業"
"004","012","000","001","002","1370","00000","2014000000","17720","従業者数　総数","うち常用雇用者","総数","民営","1～4人","18 プラスチック製品製造業（別掲を除く）"
"004","012","000","001","002","1450","00000","2014000000","4101","従業者数　総数","うち常用雇用者","総数","民営","1～4人","19 ゴム製品製造業"
"004","012","000","001","002","1510","00000","2014000000","4617","従業者数　総数","うち常用雇用者","総数","民営","1～4人","20 なめし革・同製品・毛皮製造業"
"004","012","000","001","002","1620","00000","2014000000","16041","従業者数　総数","うち常用雇用者","総数","民営","1～4人","21 窯業・土石製品製造業"
"004","012","000","001","002","1730","00000","2014000000","6095","従業者数　総数","うち常用雇用者","総数","民営","1～4人","22 鉄鋼業"
"004","012","000","001","002","1810","00000","2014000000","4219","従業者数　総数","うち常用雇用者","総数","民営","1～4人","23 非鉄金属製造業"
"004","012","000","001","002","1890","00000","2014000000","52589","従業者数　総数","うち常用雇用者","総数","民営","1～4人","24 金属製品製造業"
"004","012","000","001","002","2000","00000","2014000000","14550","従業者数　総数","うち常用雇用者","総数","民営","1～4人","25 はん用機械器具製造業"
"004","012","000","001","002","2060","00000","2014000000","34122","従業者数　総数","うち常用雇用者","総数","民営","1～4人","26 生産用機械器具製造業"
"004","012","000","001","002","2160","00000","2014000000","7758","従業者数　総数","うち常用雇用者","総数","民営","1～4人","27 業務用機械器具製造業"
"004","012","000","001","002","2240","00000","2014000000","5113","従業者数　総数","うち常用雇用者","総数","民営","1～4人","28 電子部品・デバイス・電子回路製造業"
"004","012","000","001","002","2320","00000","2014000000","12816","従業者数　総数","うち常用雇用者","総数","民営","1～4人","29 電気機械器具製造業"
"004","012","000","001","002","2420","00000","2014000000","1883","従業者数　総数","うち常用雇用者","総数","民営","1～4人","30 情報通信機械器具製造業"
"004","012","000","001","002","2470","00000","2014000000","13165","従業者数　総数","うち常用雇用者","総数","民営","1～4人","31 輸送用機械器具製造業"
"004","012","000","001","002","2550","00000","2014000000","27553","従業者数　総数","うち常用雇用者","総数","民営","1～4人","32 その他の製造業"
"004","012","000","001","002","2700","00000","2014000000","2533","従業者数　総数","うち常用雇用者","総数","民営","1～4人","F 電気・ガス・熱供給・水道業"
"004","012","000","001","002","2710","00000","2014000000","902","従業者数　総数","うち常用雇用者","総数","民営","1～4人","33 電気業"
"004","012","000","001","002","2740","00000","2014000000","190","従業者数　総数","うち常用雇用者","総数","民営","1～4人","34 ガス業"
"004","012","000","001","002","2770","00000","2014000000","152","従業者数　総数","うち常用雇用者","総数","民営","1～4人","35 熱供給業"
"004","012","000","001","002","2800","00000","2014000000","1289","従業者数　総数","うち常用雇用者","総数","民営","1～4人","36 水道業"
"004","012","000","001","002","2850","00000","2014000000","49773","従業者数　総数","うち常用雇用者","総数","民営","1～4人","G 情報通信業"
"004","012","000","001","002","2860","00000","2014000000","2705","従業者数　総数","うち常用雇用者","総数","民営","1～4人","37 通信業"
"004","012","000","001","002","2910","00000","2014000000","1513","従業者数　総数","うち常用雇用者","総数","民営","1～4人","38 放送業"
"004","012","000","001","002","2960","00000","2014000000","23808","従業者数　総数","うち常用雇用者","総数","民営","1～4人","39 情報サービス業"
"004","012","000","001","002","3030","00000","2014000000","3834","従業者数　総数","うち常用雇用者","総数","民営","1～4人","40 インターネット附随サービス業"
"004","012","000","001","002","3060","00000","2014000000","17913","従業者数　総数","うち常用雇用者","総数","民営","1～4人","41 映像・音声・文字情報制作業"
"004","012","000","001","002","3140","00000","2014000000","63782","従業者数　総数","うち常用雇用者","総数","民営","1～4人","H 運輸業，郵便業"
"004","012","000","001","002","3150","00000","2014000000","2061","従業者数　総数","うち常用雇用者","総数","民営","1～4人","42 鉄道業"
"004","012","000","001","002","3180","00000","2014000000","6436","従業者数　総数","うち常用雇用者","総数","民営","1～4人","43 道路旅客運送業"
"004","012","000","001","002","3240","00000","2014000000","30667","従業者数　総数","うち常用雇用者","総数","民営","1～4人","44 道路貨物運送業"
"004","012","000","001","002","3310","00000","2014000000","2840","従業者数　総数","うち常用雇用者","総数","民営","1～4人","45 水運業"
"004","012","000","001","002","3370","00000","2014000000","728","従業者数　総数","うち常用雇用者","総数","民営","1～4人","46 航空運輸業"
"004","012","000","001","002","3410","00000","2014000000","8044","従業者数　総数","うち常用雇用者","総数","民営","1～4人","47 倉庫業"
"004","012","000","001","002","3450","00000","2014000000","12906","従業者数　総数","うち常用雇用者","総数","民営","1～4人","48 運輸に附帯するサービス業"
"004","012","000","001","002","3530","00000","2014000000","100","従業者数　総数","うち常用雇用者","総数","民営","1～4人","49 郵便業（信書便事業を含む）"
"004","012","000","001","002","3560","00000","2014000000","1247552","従業者数　総数","うち常用雇用者","総数","民営","1～4人","I 卸売業，小売業"
"004","012","000","001","002","3570","00000","2014000000","1416","従業者数　総数","うち常用雇用者","総数","民営","1～4人","50 各種商品卸売業"
"004","012","000","001","002","3620","00000","2014000000","24106","従業者数　総数","うち常用雇用者","総数","民営","1～4人","51 繊維・衣服等卸売業"
"004","012","000","001","002","3670","00000","2014000000","70410","従業者数　総数","うち常用雇用者","総数","民営","1～4人","52 飲食料品卸売業"
"004","012","000","001","002","3760","00000","2014000000","90763","従業者数　総数","うち常用雇用者","総数","民営","1～4人","53 建築材料，鉱物・金属材料等卸売業"
"004","012","000","001","002","3840","00000","2014000000","100518","従業者数　総数","うち常用雇用者","総数","民営","1～4人","54 機械器具卸売業"
"004","012","000","001","002","3900","00000","2014000000","87526","従業者数　総数","うち常用雇用者","総数","民営","1～4人","55 その他の卸売業"
"004","012","000","001","002","3980","00000","2014000000","1488","従業者数　総数","うち常用雇用者","総数","民営","1～4人","56 各種商品小売業"
"004","012","000","001","002","4020","00000","2014000000","154274","従業者数　総数","うち常用雇用者","総数","民営","1～4人","57 織物・衣服・身の回り品小売業"
"004","012","000","001","002","4090","00000","2014000000","207184","従業者数　総数","うち常用雇用者","総数","民営","1～4人","58 飲食料品小売業"
"004","012","000","001","002","4200","00000","2014000000","127913","従業者数　総数","うち常用雇用者","総数","民営","1～4人","59 機械器具小売業"
"004","012","000","001","002","4250","00000","2014000000","355946","従業者数　総数","うち常用雇用者","総数","民営","1～4人","60 その他の小売業"
"004","012","000","001","002","4430","00000","2014000000","26008","従業者数　総数","うち常用雇用者","総数","民営","1～4人","61 無店舗小売業"
"004","012","000","001","002","4480","00000","2014000000","55716","従業者数　総数","うち常用雇用者","総数","民営","1～4人","J 金融業，保険業"
"004","012","000","001","002","4490","00000","2014000000","2942","従業者数　総数","うち常用雇用者","総数","民営","1～4人","62 銀行業"
"004","012","000","001","002","4530","00000","2014000000","3150","従業者数　総数","うち常用雇用者","総数","民営","1～4人","63 協同組織金融業"
"004","012","000","001","002","4570","00000","2014000000","4819","従業者数　総数","うち常用雇用者","総数","民営","1～4人","64 貸金業，クレジットカード業等非預金信用機関"
"004","012","000","001","002","4630","00000","2014000000","1666","従業者数　総数","うち常用雇用者","総数","民営","1～4人","65 金融商品取引業，商品先物取引業"
"004","012","000","001","002","4670","00000","2014000000","1527","従業者数　総数","うち常用雇用者","総数","民営","1～4人","66 補助的金融業等"
"004","012","000","001","002","4720","00000","2014000000","41612","従業者数　総数","うち常用雇用者","総数","民営","1～4人","67 保険業（保険媒介代理業，保険サービス業を含む）"
"004","012","000","001","002","4790","00000","2014000000","238728","従業者数　総数","うち常用雇用者","総数","民営","1～4人","K 不動産業，物品賃貸業"
"004","012","000","001","002","4800","00000","2014000000","65333","従業者数　総数","うち常用雇用者","総数","民営","1～4人","68 不動産取引業"
"004","012","000","001","002","4840","00000","2014000000","145296","従業者数　総数","うち常用雇用者","総数","民営","1～4人","69 不動産賃貸業・管理業"
"004","012","000","001","002","4900","00000","2014000000","28099","従業者数　総数","うち常用雇用者","総数","民営","1～4人","70 物品賃貸業"
"004","012","000","001","002","5000","00000","2014000000","216746","従業者数　総数","うち常用雇用者","総数","民営","1～4人","L 学術研究，専門・技術サービス業"
"004","012","000","001","002","5010","00000","2014000000","3537","従業者数　総数","うち常用雇用者","総数","民営","1～4人","71 学術・開発研究機関"
"004","012","000","001","002","5050","00000","2014000000","119220","従業者数　総数","うち常用雇用者","総数","民営","1～4人","72 専門サービス業（他に分類されないもの）"
"004","012","000","001","002","5240","00000","2014000000","8755","従業者数　総数","うち常用雇用者","総数","民営","1～4人","73 広告業"
"004","012","000","001","002","5270","00000","2014000000","85234","従業者数　総数","うち常用雇用者","総数","民営","1～4人","74 技術サービス業（他に分類されないもの）"
"004","012","000","001","002","5390","00000","2014000000","573150","従業者数　総数","うち常用雇用者","総数","民営","1～4人","M 宿泊業，飲食サービス業"
"004","012","000","001","002","5400","00000","2014000000","36938","従業者数　総数","うち常用雇用者","総数","民営","1～4人","75 宿泊業"
"004","012","000","001","002","5480","00000","2014000000","491373","従業者数　総数","うち常用雇用者","総数","民営","1～4人","76 飲食店"
"004","012","000","001","002","5650","00000","2014000000","44839","従業者数　総数","うち常用雇用者","総数","民営","1～4人","77 持ち帰り・配達飲食サービス業"
"004","012","000","001","002","5690","00000","2014000000","358060","従業者数　総数","うち常用雇用者","総数","民営","1～4人","N 生活関連サービス業，娯楽業"
"004","012","000","001","002","5700","00000","2014000000","268490","従業者数　総数","うち常用雇用者","総数","民営","1～4人","78 洗濯・理容・美容・浴場業"
"004","012","000","001","002","5800","00000","2014000000","53329","従業者数　総数","うち常用雇用者","総数","民営","1～4人","79 その他の生活関連サービス業"
"004","012","000","001","002","5930","00000","2014000000","36241","従業者数　総数","うち常用雇用者","総数","民営","1～4人","80 娯楽業"
"004","012","000","001","002","6160","00000","2014000000","104026","従業者数　総数","うち常用雇用者","総数","民営","1～4人","O 教育，学習支援業"
"004","012","000","001","002","6170","00000","2014000000","3673","従業者数　総数","うち常用雇用者","総数","民営","1～4人","81 学校教育"
"004","012","000","001","002","6270","00000","2014000000","100353","従業者数　総数","うち常用雇用者","総数","民営","1～4人","82 その他の教育，学習支援業"
"004","012","000","001","002","6460","00000","2014000000","312497","従業者数　総数","うち常用雇用者","総数","民営","1～4人","P 医療，福祉"
"004","012","000","001","002","6470","00000","2014000000","226022","従業者数　総数","うち常用雇用者","総数","民営","1～4人","83 医療業"
"004","012","000","001","002","6590","00000","2014000000","1784","従業者数　総数","うち常用雇用者","総数","民営","1～4人","84 保健衛生"
"004","012","000","001","002","6640","00000","2014000000","84691","従業者数　総数","うち常用雇用者","総数","民営","1～4人","85 社会保険・社会福祉・介護事業"
"004","012","000","001","002","6830","00000","2014000000","37062","従業者数　総数","うち常用雇用者","総数","民営","1～4人","Q 複合サービス事業"
"004","012","000","001","002","6840","00000","2014000000","31539","従業者数　総数","うち常用雇用者","総数","民営","1～4人","86 郵便局"
"004","012","000","001","002","6880","00000","2014000000","5523","従業者数　総数","うち常用雇用者","総数","民営","1～4人","87 協同組合（他に分類されないもの）"
"004","012","000","001","002","6920","00000","2014000000","325422","従業者数　総数","うち常用雇用者","総数","民営","1～4人","R サービス業（他に分類されないもの）"
"004","012","000","001","002","6930","00000","2014000000","16648","従業者数　総数","うち常用雇用者","総数","民営","1～4人","88 廃棄物処理業"
"004","012","000","001","002","6980","00000","2014000000","57338","従業者数　総数","うち常用雇用者","総数","民営","1～4人","89 自動車整備業"
"004","012","000","001","002","7010","00000","2014000000","24861","従業者数　総数","うち常用雇用者","総数","民営","1～4人","90 機械等修理業（別掲を除く）"
"004","012","000","001","002","7070","00000","2014000000","12722","従業者数　総数","うち常用雇用者","総数","民営","1～4人","91 職業紹介・労働者派遣業"
"004","012","000","001","002","7110","00000","2014000000","63733","従業者数　総数","うち常用雇用者","総数","民営","1～4人","92 その他の事業サービス業"
"004","012","000","001","002","7170","00000","2014000000","61439","従業者数　総数","うち常用雇用者","総数","民営","1～4人","93 政治・経済・文化団体"
"004","012","000","001","002","7230","00000","2014000000","84920","従業者数　総数","うち常用雇用者","総数","民営","1～4人","94 宗教"
"004","012","000","001","002","7280","00000","2014000000","3761","従業者数　総数","うち常用雇用者","総数","民営","1～4人","95 その他のサービス業"
"004","012","000","001","007","010","00000","2014000000","5468509","従業者数　総数","うち常用雇用者","総数","民営","5～9人","A～R 全産業（S公務を除く）"
"004","012","000","001","007","020","00000","2014000000","46006","従業者数　総数","うち常用雇用者","総数","民営","5～9人","A～B 農林漁業"
"004","012","000","001","007","030","00000","2014000000","40854","従業者数　総数","うち常用雇用者","総数","民営","5～9人","A 農業，林業"
"004","012","000","001","007","040","00000","2014000000","35969","従業者数　総数","うち常用雇用者","総数","民営","5～9人","01 農業"
"004","012","000","001","007","100","00000","2014000000","4885","従業者数　総数","うち常用雇用者","総数","民営","5～9人","02 林業"
"004","012","000","001","007","170","00000","2014000000","5152","従業者数　総数","うち常用雇用者","総数","民営","5～9人","B 漁業"
"004","012","000","001","007","180","00000","2014000000","2645","従業者数　総数","うち常用雇用者","総数","民営","5～9人","03 漁業（水産養殖業を除く）"
"004","012","000","001","007","220","00000","2014000000","2507","従業者数　総数","うち常用雇用者","総数","民営","5～9人","04 水産養殖業"
"004","012","000","001","007","270","00000","2014000000","5422503","従業者数　総数","うち常用雇用者","総数","民営","5～9人","C～R 非農林漁業（S公務を除く）"
"004","012","000","001","007","280","00000","2014000000","3014","従業者数　総数","うち常用雇用者","総数","民営","5～9人","C 鉱業，採石業，砂利採取業"
"004","012","000","001","007","290","00000","2014000000","3014","従業者数　総数","うち常用雇用者","総数","民営","5～9人","05 鉱業，採石業，砂利採取業"
"004","012","000","001","007","370","00000","2014000000","557026","従業者数　総数","うち常用雇用者","総数","民営","5～9人","D 建設業"
"004","012","000","001","007","380","00000","2014000000","257511","従業者数　総数","うち常用雇用者","総数","民営","5～9人","06 総合工事業"
"004","012","000","001","007","460","00000","2014000000","143071","従業者数　総数","うち常用雇用者","総数","民営","5～9人","07 職別工事業（設備工事業を除く）"
"004","012","000","001","007","570","00000","2014000000","156444","従業者数　総数","うち常用雇用者","総数","民営","5～9人","08 設備工事業"
"004","012","000","001","007","640","00000","2014000000","489254","従業者数　総数","うち常用雇用者","総数","民営","5～9人","E 製造業"
"004","012","000","001","007","650","00000","2014000000","60165","従業者数　総数","うち常用雇用者","総数","民営","5～9人","09 食料品製造業"
"004","012","000","001","007","760","00000","2014000000","11345","従業者数　総数","うち常用雇用者","総数","民営","5～9人","10 飲料・たばこ・飼料製造業"
"004","012","000","001","007","840","00000","2014000000","37451","従業者数　総数","うち常用雇用者","総数","民営","5～9人","11 繊維工業"
"004","012","000","001","007","950","00000","2014000000","15308","従業者数　総数","うち常用雇用者","総数","民営","5～9人","12 木材・木製品製造業（家具を除く）"
"004","012","000","001","007","1010","00000","2014000000","14381","従業者数　総数","うち常用雇用者","総数","民営","5～9人","13 家具・装備品製造業"
"004","012","000","001","007","1070","00000","2014000000","12805","従業者数　総数","うち常用雇用者","総数","民営","5～9人","14 パルプ・紙・紙加工品製造業"
"004","012","000","001","007","1150","00000","2014000000","29722","従業者数　総数","うち常用雇用者","総数","民営","5～9人","15 印刷・同関連業"
"004","012","000","001","007","1210","00000","2014000000","9563","従業者数　総数","うち常用雇用者","総数","民営","5～9人","16 化学工業"
"004","012","000","001","007","1300","00000","2014000000","3279","従業者数　総数","うち常用雇用者","総数","民営","5～9人","17 石油製品・石炭製品製造業"
"004","012","000","001","007","1370","00000","2014000000","28149","従業者数　総数","うち常用雇用者","総数","民営","5～9人","18 プラスチック製品製造業（別掲を除く）"
"004","012","000","001","007","1450","00000","2014000000","5271","従業者数　総数","うち常用雇用者","総数","民営","5～9人","19 ゴム製品製造業"
"004","012","000","001","007","1510","00000","2014000000","4596","従業者数　総数","うち常用雇用者","総数","民営","5～9人","20 なめし革・同製品・毛皮製造業"
"004","012","000","001","007","1620","00000","2014000000","25646","従業者数　総数","うち常用雇用者","総数","民営","5～9人","21 窯業・土石製品製造業"
"004","012","000","001","007","1730","00000","2014000000","9758","従業者数　総数","うち常用雇用者","総数","民営","5～9人","22 鉄鋼業"
"004","012","000","001","007","1810","00000","2014000000","6109","従業者数　総数","うち常用雇用者","総数","民営","5～9人","23 非鉄金属製造業"
"004","012","000","001","007","1890","00000","2014000000","67590","従業者数　総数","うち常用雇用者","総数","民営","5～9人","24 金属製品製造業"
"004","012","000","001","007","2000","00000","2014000000","18130","従業者数　総数","うち常用雇用者","総数","民営","5～9人","25 はん用機械器具製造業"
"004","012","000","001","007","2060","00000","2014000000","43784","従業者数　総数","うち常用雇用者","総数","民営","5～9人","26 生産用機械器具製造業"
"004","012","000","001","007","2160","00000","2014000000","10054","従業者数　総数","うち常用雇用者","総数","民営","5～9人","27 業務用機械器具製造業"
"004","012","000","001","007","2240","00000","2014000000","8926","従業者数　総数","うち常用雇用者","総数","民営","5～9人","28 電子部品・デバイス・電子回路製造業"
"004","012","000","001","007","2320","00000","2014000000","18712","従業者数　総数","うち常用雇用者","総数","民営","5～9人","29 電気機械器具製造業"
"004","012","000","001","007","2420","00000","2014000000","3056","従業者数　総数","うち常用雇用者","総数","民営","5～9人","30 情報通信機械器具製造業"
"004","012","000","001","007","2470","00000","2014000000","21362","従業者数　総数","うち常用雇用者","総数","民営","5～9人","31 輸送用機械器具製造業"
"004","012","000","001","007","2550","00000","2014000000","24092","従業者数　総数","うち常用雇用者","総数","民営","5～9人","32 その他の製造業"
"004","012","000","001","007","2700","00000","2014000000","5008","従業者数　総数","うち常用雇用者","総数","民営","5～9人","F 電気・ガス・熱供給・水道業"
"004","012","000","001","007","2710","00000","2014000000","1229","従業者数　総数","うち常用雇用者","総数","民営","5～9人","33 電気業"
"004","012","000","001","007","2740","00000","2014000000","514","従業者数　総数","うち常用雇用者","総数","民営","5～9人","34 ガス業"
"004","012","000","001","007","2770","00000","2014000000","290","従業者数　総数","うち常用雇用者","総数","民営","5～9人","35 熱供給業"
"004","012","000","001","007","2800","00000","2014000000","2975","従業者数　総数","うち常用雇用者","総数","民営","5～9人","36 水道業"
"004","012","000","001","007","2850","00000","2014000000","68677","従業者数　総数","うち常用雇用者","総数","民営","5～9人","G 情報通信業"
"004","012","000","001","007","2860","00000","2014000000","5377","従業者数　総数","うち常用雇用者","総数","民営","5～9人","37 通信業"
"004","012","000","001","007","2910","00000","2014000000","2518","従業者数　総数","うち常用雇用者","総数","民営","5～9人","38 放送業"
"004","012","000","001","007","2960","00000","2014000000","36788","従業者数　総数","うち常用雇用者","総数","民営","5～9人","39 情報サービス業"
"004","012","000","001","007","3030","00000","2014000000","5024","従業者数　総数","うち常用雇用者","総数","民営","5～9人","40 インターネット附随サービス業"
"004","012","000","001","007","3060","00000","2014000000","18970","従業者数　総数","うち常用雇用者","総数","民営","5～9人","41 映像・音声・文字情報制作業"
"004","012","000","001","007","3140","00000","2014000000","151281","従業者数　総数","うち常用雇用者","総数","民営","5～9人","H 運輸業，郵便業"
"004","012","000","001","007","3150","00000","2014000000","5850","従業者数　総数","うち常用雇用者","総数","民営","5～9人","42 鉄道業"
"004","012","000","001","007","3180","00000","2014000000","13518","従業者数　総数","うち常用雇用者","総数","民営","5～9人","43 道路旅客運送業"
"004","012","000","001","007","3240","00000","2014000000","90161","従業者数　総数","うち常用雇用者","総数","民営","5～9人","44 道路貨物運送業"
"004","012","000","001","007","3310","00000","2014000000","4284","従業者数　総数","うち常用雇用者","総数","民営","5～9人","45 水運業"
"004","012","000","001","007","3370","00000","2014000000","1390","従業者数　総数","うち常用雇用者","総数","民営","5～9人","46 航空運輸業"
"004","012","000","001","007","3410","00000","2014000000","14413","従業者数　総数","うち常用雇用者","総数","民営","5～9人","47 倉庫業"
"004","012","000","001","007","3450","00000","2014000000","21426","従業者数　総数","うち常用雇用者","総数","民営","5～9人","48 運輸に附帯するサービス業"
"004","012","000","001","007","3530","00000","2014000000","239","従業者数　総数","うち常用雇用者","総数","民営","5～9人","49 郵便業（信書便事業を含む）"
"004","012","000","001","007","3560","00000","2014000000","1554688","従業者数　総数","うち常用雇用者","総数","民営","5～9人","I 卸売業，小売業"
"004","012","000","001","007","3570","00000","2014000000","2101","従業者数　総数","うち常用雇用者","総数","民営","5～9人","50 各種商品卸売業"
"004","012","000","001","007","3620","00000","2014000000","26975","従業者数　総数","うち常用雇用者","総数","民営","5～9人","51 繊維・衣服等卸売業"
"004","012","000","001","007","3670","00000","2014000000","95046","従業者数　総数","うち常用雇用者","総数","民営","5～9人","52 飲食料品卸売業"
"004","012","000","001","007","3760","00000","2014000000","124988","従業者数　総数","うち常用雇用者","総数","民営","5～9人","53 建築材料，鉱物・金属材料等卸売業"
"004","012","000","001","007","3840","00000","2014000000","159519","従業者数　総数","うち常用雇用者","総数","民営","5～9人","54 機械器具卸売業"
"004","012","000","001","007","3900","00000","2014000000","102348","従業者数　総数","うち常用雇用者","総数","民営","5～9人","55 その他の卸売業"
"004","012","000","001","007","3980","00000","2014000000","2855","従業者数　総数","うち常用雇用者","総数","民営","5～9人","56 各種商品小売業"
"004","012","000","001","007","4020","00000","2014000000","181597","従業者数　総数","うち常用雇用者","総数","民営","5～9人","57 織物・衣服・身の回り品小売業"
"004","012","000","001","007","4090","00000","2014000000","255002","従業者数　総数","うち常用雇用者","総数","民営","5～9人","58 飲食料品小売業"
"004","012","000","001","007","4200","00000","2014000000","120293","従業者数　総数","うち常用雇用者","総数","民営","5～9人","59 機械器具小売業"
"004","012","000","001","007","4250","00000","2014000000","450829","従業者数　総数","うち常用雇用者","総数","民営","5～9人","60 その他の小売業"
"004","012","000","001","007","4430","00000","2014000000","33135","従業者数　総数","うち常用雇用者","総数","民営","5～9人","61 無店舗小売業"
"004","012","000","001","007","4480","00000","2014000000","93291","従業者数　総数","うち常用雇用者","総数","民営","5～9人","J 金融業，保険業"
"004","012","000","001","007","4490","00000","2014000000","17881","従業者数　総数","うち常用雇用者","総数","民営","5～9人","62 銀行業"
"004","012","000","001","007","4530","00000","2014000000","23602","従業者数　総数","うち常用雇用者","総数","民営","5～9人","63 協同組織金融業"
"004","012","000","001","007","4570","00000","2014000000","5123","従業者数　総数","うち常用雇用者","総数","民営","5～9人","64 貸金業，クレジットカード業等非預金信用機関"
"004","012","000","001","007","4630","00000","2014000000","3567","従業者数　総数","うち常用雇用者","総数","民営","5～9人","65 金融商品取引業，商品先物取引業"
"004","012","000","001","007","4670","00000","2014000000","2772","従業者数　総数","うち常用雇用者","総数","民営","5～9人","66 補助的金融業等"
"004","012","000","001","007","4720","00000","2014000000","40346","従業者数　総数","うち常用雇用者","総数","民営","5～9人","67 保険業（保険媒介代理業，保険サービス業を含む）"
"004","012","000","001","007","4790","00000","2014000000","154946","従業者数　総数","うち常用雇用者","総数","民営","5～9人","K 不動産業，物品賃貸業"
"004","012","000","001","007","4800","00000","2014000000","50310","従業者数　総数","うち常用雇用者","総数","民営","5～9人","68 不動産取引業"
"004","012","000","001","007","4840","00000","2014000000","51994","従業者数　総数","うち常用雇用者","総数","民営","5～9人","69 不動産賃貸業・管理業"
"004","012","000","001","007","4900","00000","2014000000","52642","従業者数　総数","うち常用雇用者","総数","民営","5～9人","70 物品賃貸業"
"004","012","000","001","007","5000","00000","2014000000","184365","従業者数　総数","うち常用雇用者","総数","民営","5～9人","L 学術研究，専門・技術サービス業"
"004","012","000","001","007","5010","00000","2014000000","5318","従業者数　総数","うち常用雇用者","総数","民営","5～9人","71 学術・開発研究機関"
"004","012","000","001","007","5050","00000","2014000000","88885","従業者数　総数","うち常用雇用者","総数","民営","5～9人","72 専門サービス業（他に分類されないもの）"
"004","012","000","001","007","5240","00000","2014000000","12279","従業者数　総数","うち常用雇用者","総数","民営","5～9人","73 広告業"
"004","012","000","001","007","5270","00000","2014000000","77883","従業者数　総数","うち常用雇用者","総数","民営","5～9人","74 技術サービス業（他に分類されないもの）"
"004","012","000","001","007","5390","00000","2014000000","688128","従業者数　総数","うち常用雇用者","総数","民営","5～9人","M 宿泊業，飲食サービス業"
"004","012","000","001","007","5400","00000","2014000000","48227","従業者数　総数","うち常用雇用者","総数","民営","5～9人","75 宿泊業"
"004","012","000","001","007","5480","00000","2014000000","527131","従業者数　総数","うち常用雇用者","総数","民営","5～9人","76 飲食店"
"004","012","000","001","007","5650","00000","2014000000","112770","従業者数　総数","うち常用雇用者","総数","民営","5～9人","77 持ち帰り・配達飲食サービス業"
"004","012","000","001","007","5690","00000","2014000000","277580","従業者数　総数","うち常用雇用者","総数","民営","5～9人","N 生活関連サービス業，娯楽業"
"004","012","000","001","007","5700","00000","2014000000","155459","従業者数　総数","うち常用雇用者","総数","民営","5～9人","78 洗濯・理容・美容・浴場業"
"004","012","000","001","007","5800","00000","2014000000","58658","従業者数　総数","うち常用雇用者","総数","民営","5～9人","79 その他の生活関連サービス業"
"004","012","000","001","007","5930","00000","2014000000","63463","従業者数　総数","うち常用雇用者","総数","民営","5～9人","80 娯楽業"
"004","012","000","001","007","6160","00000","2014000000","128559","従業者数　総数","うち常用雇用者","総数","民営","5～9人","O 教育，学習支援業"
"004","012","000","001","007","6170","00000","2014000000","17924","従業者数　総数","うち常用雇用者","総数","民営","5～9人","81 学校教育"
"004","012","000","001","007","6270","00000","2014000000","110635","従業者数　総数","うち常用雇用者","総数","民営","5～9人","82 その他の教育，学習支援業"
"004","012","000","001","007","6460","00000","2014000000","700389","従業者数　総数","うち常用雇用者","総数","民営","5～9人","P 医療，福祉"
"004","012","000","001","007","6470","00000","2014000000","453688","従業者数　総数","うち常用雇用者","総数","民営","5～9人","83 医療業"
"004","012","000","001","007","6590","00000","2014000000","2408","従業者数　総数","うち常用雇用者","総数","民営","5～9人","84 保健衛生"
"004","012","000","001","007","6640","00000","2014000000","244293","従業者数　総数","うち常用雇用者","総数","民営","5～9人","85 社会保険・社会福祉・介護事業"
"004","012","000","001","007","6830","00000","2014000000","78159","従業者数　総数","うち常用雇用者","総数","民営","5～9人","Q 複合サービス事業"
"004","012","000","001","007","6840","00000","2014000000","57393","従業者数　総数","うち常用雇用者","総数","民営","5～9人","86 郵便局"
"004","012","000","001","007","6880","00000","2014000000","20766","従業者数　総数","うち常用雇用者","総数","民営","5～9人","87 協同組合（他に分類されないもの）"
"004","012","000","001","007","6920","00000","2014000000","288138","従業者数　総数","うち常用雇用者","総数","民営","5～9人","R サービス業（他に分類されないもの）"
"004","012","000","001","007","6930","00000","2014000000","30868","従業者数　総数","うち常用雇用者","総数","民営","5～9人","88 廃棄物処理業"
"004","012","000","001","007","6980","00000","2014000000","46748","従業者数　総数","うち常用雇用者","総数","民営","5～9人","89 自動車整備業"
"004","012","000","001","007","7010","00000","2014000000","27890","従業者数　総数","うち常用雇用者","総数","民営","5～9人","90 機械等修理業（別掲を除く）"
"004","012","000","001","007","7070","00000","2014000000","20055","従業者数　総数","うち常用雇用者","総数","民営","5～9人","91 職業紹介・労働者派遣業"
"004","012","000","001","007","7110","00000","2014000000","95446","従業者数　総数","うち常用雇用者","総数","民営","5～9人","92 その他の事業サービス業"
"004","012","000","001","007","7170","00000","2014000000","37932","従業者数　総数","うち常用雇用者","総数","民営","5～9人","93 政治・経済・文化団体"
"004","012","000","001","007","7230","00000","2014000000","22349","従業者数　総数","うち常用雇用者","総数","民営","5～9人","94 宗教"
"004","012","000","001","007","7280","00000","2014000000","6850","従業者数　総数","うち常用雇用者","総数","民営","5～9人","95 その他のサービス業"
"004","012","000","001","008","010","00000","2014000000","7238137","従業者数　総数","うち常用雇用者","総数","民営","10～19人","A～R 全産業（S公務を除く）"
"004","012","000","001","008","020","00000","2014000000","57156","従業者数　総数","うち常用雇用者","総数","民営","10～19人","A～B 農林漁業"
"004","012","000","001","008","030","00000","2014000000","48862","従業者数　総数","うち常用雇用者","総数","民営","10～19人","A 農業，林業"
"004","012","000","001","008","040","00000","2014000000","40643","従業者数　総数","うち常用雇用者","総数","民営","10～19人","01 農業"
"004","012","000","001","008","100","00000","2014000000","8219","従業者数　総数","うち常用雇用者","総数","民営","10～19人","02 林業"
"004","012","000","001","008","170","00000","2014000000","8294","従業者数　総数","うち常用雇用者","総数","民営","10～19人","B 漁業"
"004","012","000","001","008","180","00000","2014000000","5373","従業者数　総数","うち常用雇用者","総数","民営","10～19人","03 漁業（水産養殖業を除く）"
"004","012","000","001","008","220","00000","2014000000","2921","従業者数　総数","うち常用雇用者","総数","民営","10～19人","04 水産養殖業"
"004","012","000","001","008","270","00000","2014000000","7180981","従業者数　総数","うち常用雇用者","総数","民営","10～19人","C～R 非農林漁業（S公務を除く）"
"004","012","000","001","008","280","00000","2014000000","3826","従業者数　総数","うち常用雇用者","総数","民営","10～19人","C 鉱業，採石業，砂利採取業"
"004","012","000","001","008","290","00000","2014000000","3826","従業者数　総数","うち常用雇用者","総数","民営","10～19人","05 鉱業，採石業，砂利採取業"
"004","012","000","001","008","370","00000","2014000000","584057","従業者数　総数","うち常用雇用者","総数","民営","10～19人","D 建設業"
"004","012","000","001","008","380","00000","2014000000","285675","従業者数　総数","うち常用雇用者","総数","民営","10～19人","06 総合工事業"
"004","012","000","001","008","460","00000","2014000000","131193","従業者数　総数","うち常用雇用者","総数","民営","10～19人","07 職別工事業（設備工事業を除く）"
"004","012","000","001","008","570","00000","2014000000","167189","従業者数　総数","うち常用雇用者","総数","民営","10～19人","08 設備工事業"
"004","012","000","001","008","640","00000","2014000000","757820","従業者数　総数","うち常用雇用者","総数","民営","10～19人","E 製造業"
"004","012","000","001","008","650","00000","2014000000","98056","従業者数　総数","うち常用雇用者","総数","民営","10～19人","09 食料品製造業"
"004","012","000","001","008","760","00000","2014000000","15580","従業者数　総数","うち常用雇用者","総数","民営","10～19人","10 飲料・たばこ・飼料製造業"
"004","012","000","001","008","840","00000","2014000000","51486","従業者数　総数","うち常用雇用者","総数","民営","10～19人","11 繊維工業"
"004","012","000","001","008","950","00000","2014000000","20343","従業者数　総数","うち常用雇用者","総数","民営","10～19人","12 木材・木製品製造業（家具を除く）"
"004","012","000","001","008","1010","00000","2014000000","16355","従業者数　総数","うち常用雇用者","総数","民営","10～19人","13 家具・装備品製造業"
"004","012","000","001","008","1070","00000","2014000000","22190","従業者数　総数","うち常用雇用者","総数","民営","10～19人","14 パルプ・紙・紙加工品製造業"
"004","012","000","001","008","1150","00000","2014000000","42177","従業者数　総数","うち常用雇用者","総数","民営","10～19人","15 印刷・同関連業"
"004","012","000","001","008","1210","00000","2014000000","19754","従業者数　総数","うち常用雇用者","総数","民営","10～19人","16 化学工業"
"004","012","000","001","008","1300","00000","2014000000","3102","従業者数　総数","うち常用雇用者","総数","民営","10～19人","17 石油製品・石炭製品製造業"
"004","012","000","001","008","1370","00000","2014000000","50940","従業者数　総数","うち常用雇用者","総数","民営","10～19人","18 プラスチック製品製造業（別掲を除く）"
"004","012","000","001","008","1450","00000","2014000000","10001","従業者数　総数","うち常用雇用者","総数","民営","10～19人","19 ゴム製品製造業"
"004","012","000","001","008","1510","00000","2014000000","5398","従業者数　総数","うち常用雇用者","総数","民営","10～19人","20 なめし革・同製品・毛皮製造業"
"004","012","000","001","008","1620","00000","2014000000","47463","従業者数　総数","うち常用雇用者","総数","民営","10～19人","21 窯業・土石製品製造業"
"004","012","000","001","008","1730","00000","2014000000","17436","従業者数　総数","うち常用雇用者","総数","民営","10～19人","22 鉄鋼業"
"004","012","000","001","008","1810","00000","2014000000","10617","従業者数　総数","うち常用雇用者","総数","民営","10～19人","23 非鉄金属製造業"
"004","012","000","001","008","1890","00000","2014000000","95717","従業者数　総数","うち常用雇用者","総数","民営","10～19人","24 金属製品製造業"
"004","012","000","001","008","2000","00000","2014000000","26340","従業者数　総数","うち常用雇用者","総数","民営","10～19人","25 はん用機械器具製造業"
"004","012","000","001","008","2060","00000","2014000000","64874","従業者数　総数","うち常用雇用者","総数","民営","10～19人","26 生産用機械器具製造業"
"004","012","000","001","008","2160","00000","2014000000","16931","従業者数　総数","うち常用雇用者","総数","民営","10～19人","27 業務用機械器具製造業"
"004","012","000","001","008","2240","00000","2014000000","16898","従業者数　総数","うち常用雇用者","総数","民営","10～19人","28 電子部品・デバイス・電子回路製造業"
"004","012","000","001","008","2320","00000","2014000000","34048","従業者数　総数","うち常用雇用者","総数","民営","10～19人","29 電気機械器具製造業"
"004","012","000","001","008","2420","00000","2014000000","6094","従業者数　総数","うち常用雇用者","総数","民営","10～19人","30 情報通信機械器具製造業"
"004","012","000","001","008","2470","00000","2014000000","37721","従業者数　総数","うち常用雇用者","総数","民営","10～19人","31 輸送用機械器具製造業"
"004","012","000","001","008","2550","00000","2014000000","28299","従業者数　総数","うち常用雇用者","総数","民営","10～19人","32 その他の製造業"
"004","012","000","001","008","2700","00000","2014000000","10956","従業者数　総数","うち常用雇用者","総数","民営","10～19人","F 電気・ガス・熱供給・水道業"
"004","012","000","001","008","2710","00000","2014000000","3528","従業者数　総数","うち常用雇用者","総数","民営","10～19人","33 電気業"
"004","012","000","001","008","2740","00000","2014000000","1493","従業者数　総数","うち常用雇用者","総数","民営","10～19人","34 ガス業"
"004","012","000","001","008","2770","00000","2014000000","576","従業者数　総数","うち常用雇用者","総数","民営","10～19人","35 熱供給業"
"004","012","000","001","008","2800","00000","2014000000","5359","従業者数　総数","うち常用雇用者","総数","民営","10～19人","36 水道業"
"004","012","000","001","008","2850","00000","2014000000","106126","従業者数　総数","うち常用雇用者","総数","民営","10～19人","G 情報通信業"
"004","012","000","001","008","2860","00000","2014000000","8355","従業者数　総数","うち常用雇用者","総数","民営","10～19人","37 通信業"
"004","012","000","001","008","2910","00000","2014000000","3972","従業者数　総数","うち常用雇用者","総数","民営","10～19人","38 放送業"
"004","012","000","001","008","2960","00000","2014000000","62724","従業者数　総数","うち常用雇用者","総数","民営","10～19人","39 情報サービス業"
"004","012","000","001","008","3030","00000","2014000000","5718","従業者数　総数","うち常用雇用者","総数","民営","10～19人","40 インターネット附随サービス業"
"004","012","000","001","008","3060","00000","2014000000","25357","従業者数　総数","うち常用雇用者","総数","民営","10～19人","41 映像・音声・文字情報制作業"
"004","012","000","001","008","3140","00000","2014000000","345604","従業者数　総数","うち常用雇用者","総数","民営","10～19人","H 運輸業，郵便業"
"004","012","000","001","008","3150","00000","2014000000","12261","従業者数　総数","うち常用雇用者","総数","民営","10～19人","42 鉄道業"
"004","012","000","001","008","3180","00000","2014000000","29841","従業者数　総数","うち常用雇用者","総数","民営","10～19人","43 道路旅客運送業"
"004","012","000","001","008","3240","00000","2014000000","226370","従業者数　総数","うち常用雇用者","総数","民営","10～19人","44 道路貨物運送業"
"004","012","000","001","008","3310","00000","2014000000","6713","従業者数　総数","うち常用雇用者","総数","民営","10～19人","45 水運業"
"004","012","000","001","008","3370","00000","2014000000","1667","従業者数　総数","うち常用雇用者","総数","民営","10～19人","46 航空運輸業"
"004","012","000","001","008","3410","00000","2014000000","23974","従業者数　総数","うち常用雇用者","総数","民営","10～19人","47 倉庫業"
"004","012","000","001","008","3450","00000","2014000000","44404","従業者数　総数","うち常用雇用者","総数","民営","10～19人","48 運輸に附帯するサービス業"
"004","012","000","001","008","3530","00000","2014000000","374","従業者数　総数","うち常用雇用者","総数","民営","10～19人","49 郵便業（信書便事業を含む）"
"004","012","000","001","008","3560","00000","2014000000","2053939","従業者数　総数","うち常用雇用者","総数","民営","10～19人","I 卸売業，小売業"
"004","012","000","001","008","3570","00000","2014000000","3075","従業者数　総数","うち常用雇用者","総数","民営","10～19人","50 各種商品卸売業"
"004","012","000","001","008","3620","00000","2014000000","31493","従業者数　総数","うち常用雇用者","総数","民営","10～19人","51 繊維・衣服等卸売業"
"004","012","000","001","008","3670","00000","2014000000","128223","従業者数　総数","うち常用雇用者","総数","民営","10～19人","52 飲食料品卸売業"
"004","012","000","001","008","3760","00000","2014000000","139182","従業者数　総数","うち常用雇用者","総数","民営","10～19人","53 建築材料，鉱物・金属材料等卸売業"
"004","012","000","001","008","3840","00000","2014000000","176237","従業者数　総数","うち常用雇用者","総数","民営","10～19人","54 機械器具卸売業"
"004","012","000","001","008","3900","00000","2014000000","133985","従業者数　総数","うち常用雇用者","総数","民営","10～19人","55 その他の卸売業"
"004","012","000","001","008","3980","00000","2014000000","7738","従業者数　総数","うち常用雇用者","総数","民営","10～19人","56 各種商品小売業"
"004","012","000","001","008","4020","00000","2014000000","113741","従業者数　総数","うち常用雇用者","総数","民営","10～19人","57 織物・衣服・身の回り品小売業"
"004","012","000","001","008","4090","00000","2014000000","629179","従業者数　総数","うち常用雇用者","総数","民営","10～19人","58 飲食料品小売業"
"004","012","000","001","008","4200","00000","2014000000","207018","従業者数　総数","うち常用雇用者","総数","民営","10～19人","59 機械器具小売業"
"004","012","000","001","008","4250","00000","2014000000","439095","従業者数　総数","うち常用雇用者","総数","民営","10～19人","60 その他の小売業"
"004","012","000","001","008","4430","00000","2014000000","44973","従業者数　総数","うち常用雇用者","総数","民営","10～19人","61 無店舗小売業"
"004","012","000","001","008","4480","00000","2014000000","243889","従業者数　総数","うち常用雇用者","総数","民営","10～19人","J 金融業，保険業"
"004","012","000","001","008","4490","00000","2014000000","81793","従業者数　総数","うち常用雇用者","総数","民営","10～19人","62 銀行業"
"004","012","000","001","008","4530","00000","2014000000","69640","従業者数　総数","うち常用雇用者","総数","民営","10～19人","63 協同組織金融業"
"004","012","000","001","008","4570","00000","2014000000","7286","従業者数　総数","うち常用雇用者","総数","民営","10～19人","64 貸金業，クレジットカード業等非預金信用機関"
"004","012","000","001","008","4630","00000","2014000000","7879","従業者数　総数","うち常用雇用者","総数","民営","10～19人","65 金融商品取引業，商品先物取引業"
"004","012","000","001","008","4670","00000","2014000000","3437","従業者数　総数","うち常用雇用者","総数","民営","10～19人","66 補助的金融業等"
"004","012","000","001","008","4720","00000","2014000000","73854","従業者数　総数","うち常用雇用者","総数","民営","10～19人","67 保険業（保険媒介代理業，保険サービス業を含む）"
"004","012","000","001","008","4790","00000","2014000000","153512","従業者数　総数","うち常用雇用者","総数","民営","10～19人","K 不動産業，物品賃貸業"
"004","012","000","001","008","4800","00000","2014000000","36142","従業者数　総数","うち常用雇用者","総数","民営","10～19人","68 不動産取引業"
"004","012","000","001","008","4840","00000","2014000000","50840","従業者数　総数","うち常用雇用者","総数","民営","10～19人","69 不動産賃貸業・管理業"
"004","012","000","001","008","4900","00000","2014000000","66530","従業者数　総数","うち常用雇用者","総数","民営","10～19人","70 物品賃貸業"
"004","012","000","001","008","5000","00000","2014000000","178034","従業者数　総数","うち常用雇用者","総数","民営","10～19人","L 学術研究，専門・技術サービス業"
"004","012","000","001","008","5010","00000","2014000000","9957","従業者数　総数","うち常用雇用者","総数","民営","10～19人","71 学術・開発研究機関"
"004","012","000","001","008","5050","00000","2014000000","65464","従業者数　総数","うち常用雇用者","総数","民営","10～19人","72 専門サービス業（他に分類されないもの）"
"004","012","000","001","008","5240","00000","2014000000","14498","従業者数　総数","うち常用雇用者","総数","民営","10～19人","73 広告業"
"004","012","000","001","008","5270","00000","2014000000","88115","従業者数　総数","うち常用雇用者","総数","民営","10～19人","74 技術サービス業（他に分類されないもの）"
"004","012","000","001","008","5390","00000","2014000000","943865","従業者数　総数","うち常用雇用者","総数","民営","10～19人","M 宿泊業，飲食サービス業"
"004","012","000","001","008","5400","00000","2014000000","86047","従業者数　総数","うち常用雇用者","総数","民営","10～19人","75 宿泊業"
"004","012","000","001","008","5480","00000","2014000000","733971","従業者数　総数","うち常用雇用者","総数","民営","10～19人","76 飲食店"
"004","012","000","001","008","5650","00000","2014000000","123847","従業者数　総数","うち常用雇用者","総数","民営","10～19人","77 持ち帰り・配達飲食サービス業"
"004","012","000","001","008","5690","00000","2014000000","308381","従業者数　総数","うち常用雇用者","総数","民営","10～19人","N 生活関連サービス業，娯楽業"
"004","012","000","001","008","5700","00000","2014000000","108820","従業者数　総数","うち常用雇用者","総数","民営","10～19人","78 洗濯・理容・美容・浴場業"
"004","012","000","001","008","5800","00000","2014000000","57630","従業者数　総数","うち常用雇用者","総数","民営","10～19人","79 その他の生活関連サービス業"
"004","012","000","001","008","5930","00000","2014000000","141931","従業者数　総数","うち常用雇用者","総数","民営","10～19人","80 娯楽業"
"004","012","000","001","008","6160","00000","2014000000","205715","従業者数　総数","うち常用雇用者","総数","民営","10～19人","O 教育，学習支援業"
"004","012","000","001","008","6170","00000","2014000000","76126","従業者数　総数","うち常用雇用者","総数","民営","10～19人","81 学校教育"
"004","012","000","001","008","6270","00000","2014000000","129589","従業者数　総数","うち常用雇用者","総数","民営","10～19人","82 その他の教育，学習支援業"
"004","012","000","001","008","6460","00000","2014000000","855237","従業者数　総数","うち常用雇用者","総数","民営","10～19人","P 医療，福祉"
"004","012","000","001","008","6470","00000","2014000000","320072","従業者数　総数","うち常用雇用者","総数","民営","10～19人","83 医療業"
"004","012","000","001","008","6590","00000","2014000000","4461","従業者数　総数","うち常用雇用者","総数","民営","10～19人","84 保健衛生"
"004","012","000","001","008","6640","00000","2014000000","530704","従業者数　総数","うち常用雇用者","総数","民営","10～19人","85 社会保険・社会福祉・介護事業"
"004","012","000","001","008","6830","00000","2014000000","66202","従業者数　総数","うち常用雇用者","総数","民営","10～19人","Q 複合サービス事業"
"004","012","000","001","008","6840","00000","2014000000","17432","従業者数　総数","うち常用雇用者","総数","民営","10～19人","86 郵便局"
"004","012","000","001","008","6880","00000","2014000000","48770","従業者数　総数","うち常用雇用者","総数","民営","10～19人","87 協同組合（他に分類されないもの）"
"004","012","000","001","008","6920","00000","2014000000","363818","従業者数　総数","うち常用雇用者","総数","民営","10～19人","R サービス業（他に分類されないもの）"
"004","012","000","001","008","6930","00000","2014000000","48543","従業者数　総数","うち常用雇用者","総数","民営","10～19人","88 廃棄物処理業"
"004","012","000","001","008","6980","00000","2014000000","37754","従業者数　総数","うち常用雇用者","総数","民営","10～19人","89 自動車整備業"
"004","012","000","001","008","7010","00000","2014000000","35058","従業者数　総数","うち常用雇用者","総数","民営","10～19人","90 機械等修理業（別掲を除く）"
"004","012","000","001","008","7070","00000","2014000000","31000","従業者数　総数","うち常用雇用者","総数","民営","10～19人","91 職業紹介・労働者派遣業"
"004","012","000","001","008","7110","00000","2014000000","153938","従業者数　総数","うち常用雇用者","総数","民営","10～19人","92 その他の事業サービス業"
"004","012","000","001","008","7170","00000","2014000000","37987","従業者数　総数","うち常用雇用者","総数","民営","10～19人","93 政治・経済・文化団体"
"004","012","000","001","008","7230","00000","2014000000","12273","従業者数　総数","うち常用雇用者","総数","民営","10～19人","94 宗教"
"004","012","000","001","008","7280","00000","2014000000","7265","従業者数　総数","うち常用雇用者","総数","民営","10～19人","95 その他のサービス業"
"004","012","000","001","009","010","00000","2014000000","4719184","従業者数　総数","うち常用雇用者","総数","民営","20～29人","A～R 全産業（S公務を除く）"
"004","012","000","001","009","020","00000","2014000000","31654","従業者数　総数","うち常用雇用者","総数","民営","20～29人","A～B 農林漁業"
"004","012","000","001","009","030","00000","2014000000","27551","従業者数　総数","うち常用雇用者","総数","民営","20～29人","A 農業，林業"
"004","012","000","001","009","040","00000","2014000000","22280","従業者数　総数","うち常用雇用者","総数","民営","20～29人","01 農業"
"004","012","000","001","009","100","00000","2014000000","5271","従業者数　総数","うち常用雇用者","総数","民営","20～29人","02 林業"
"004","012","000","001","009","170","00000","2014000000","4103","従業者数　総数","うち常用雇用者","総数","民営","20～29人","B 漁業"
"004","012","000","001","009","180","00000","2014000000","3143","従業者数　総数","うち常用雇用者","総数","民営","20～29人","03 漁業（水産養殖業を除く）"
"004","012","000","001","009","220","00000","2014000000","960","従業者数　総数","うち常用雇用者","総数","民営","20～29人","04 水産養殖業"
"004","012","000","001","009","270","00000","2014000000","4687530","従業者数　総数","うち常用雇用者","総数","民営","20～29人","C～R 非農林漁業（S公務を除く）"
"004","012","000","001","009","280","00000","2014000000","1792","従業者数　総数","うち常用雇用者","総数","民営","20～29人","C 鉱業，採石業，砂利採取業"
"004","012","000","001","009","290","00000","2014000000","1792","従業者数　総数","うち常用雇用者","総数","民営","20～29人","05 鉱業，採石業，砂利採取業"
"004","012","000","001","009","370","00000","2014000000","300570","従業者数　総数","うち常用雇用者","総数","民営","20～29人","D 建設業"
"004","012","000","001","009","380","00000","2014000000","154885","従業者数　総数","うち常用雇用者","総数","民営","20～29人","06 総合工事業"
"004","012","000","001","009","460","00000","2014000000","57029","従業者数　総数","うち常用雇用者","総数","民営","20～29人","07 職別工事業（設備工事業を除く）"
"004","012","000","001","009","570","00000","2014000000","88656","従業者数　総数","うち常用雇用者","総数","民営","20～29人","08 設備工事業"
"004","012","000","001","009","640","00000","2014000000","583981","従業者数　総数","うち常用雇用者","総数","民営","20～29人","E 製造業"
"004","012","000","001","009","650","00000","2014000000","85227","従業者数　総数","うち常用雇用者","総数","民営","20～29人","09 食料品製造業"
"004","012","000","001","009","760","00000","2014000000","11400","従業者数　総数","うち常用雇用者","総数","民営","20～29人","10 飲料・たばこ・飼料製造業"
"004","012","000","001","009","840","00000","2014000000","33336","従業者数　総数","うち常用雇用者","総数","民営","20～29人","11 繊維工業"
"004","012","000","001","009","950","00000","2014000000","12710","従業者数　総数","うち常用雇用者","総数","民営","20～29人","12 木材・木製品製造業（家具を除く）"
"004","012","000","001","009","1010","00000","2014000000","9757","従業者数　総数","うち常用雇用者","総数","民営","20～29人","13 家具・装備品製造業"
"004","012","000","001","009","1070","00000","2014000000","19536","従業者数　総数","うち常用雇用者","総数","民営","20～29人","14 パルプ・紙・紙加工品製造業"
"004","012","000","001","009","1150","00000","2014000000","32630","従業者数　総数","うち常用雇用者","総数","民営","20～29人","15 印刷・同関連業"
"004","012","000","001","009","1210","00000","2014000000","19273","従業者数　総数","うち常用雇用者","総数","民営","20～29人","16 化学工業"
"004","012","000","001","009","1300","00000","2014000000","1544","従業者数　総数","うち常用雇用者","総数","民営","20～29人","17 石油製品・石炭製品製造業"
"004","012","000","001","009","1370","00000","2014000000","39030","従業者数　総数","うち常用雇用者","総数","民営","20～29人","18 プラスチック製品製造業（別掲を除く）"
"004","012","000","001","009","1450","00000","2014000000","8204","従業者数　総数","うち常用雇用者","総数","民営","20～29人","19 ゴム製品製造業"
"004","012","000","001","009","1510","00000","2014000000","3473","従業者数　総数","うち常用雇用者","総数","民営","20～29人","20 なめし革・同製品・毛皮製造業"
"004","012","000","001","009","1620","00000","2014000000","30967","従業者数　総数","うち常用雇用者","総数","民営","20～29人","21 窯業・土石製品製造業"
"004","012","000","001","009","1730","00000","2014000000","15009","従業者数　総数","うち常用雇用者","総数","民営","20～29人","22 鉄鋼業"
"004","012","000","001","009","1810","00000","2014000000","8616","従業者数　総数","うち常用雇用者","総数","民営","20～29人","23 非鉄金属製造業"
"004","012","000","001","009","1890","00000","2014000000","69572","従業者数　総数","うち常用雇用者","総数","民営","20～29人","24 金属製品製造業"
"004","012","000","001","009","2000","00000","2014000000","20082","従業者数　総数","うち常用雇用者","総数","民営","20～29人","25 はん用機械器具製造業"
"004","012","000","001","009","2060","00000","2014000000","47632","従業者数　総数","うち常用雇用者","総数","民営","20～29人","26 生産用機械器具製造業"
"004","012","000","001","009","2160","00000","2014000000","14032","従業者数　総数","うち常用雇用者","総数","民営","20～29人","27 業務用機械器具製造業"
"004","012","000","001","009","2240","00000","2014000000","15984","従業者数　総数","うち常用雇用者","総数","民営","20～29人","28 電子部品・デバイス・電子回路製造業"
"004","012","000","001","009","2320","00000","2014000000","29483","従業者数　総数","うち常用雇用者","総数","民営","20～29人","29 電気機械器具製造業"
"004","012","000","001","009","2420","00000","2014000000","6091","従業者数　総数","うち常用雇用者","総数","民営","20～29人","30 情報通信機械器具製造業"
"004","012","000","001","009","2470","00000","2014000000","33389","従業者数　総数","うち常用雇用者","総数","民営","20～29人","31 輸送用機械器具製造業"
"004","012","000","001","009","2550","00000","2014000000","17004","従業者数　総数","うち常用雇用者","総数","民営","20～29人","32 その他の製造業"
"004","012","000","001","009","2700","00000","2014000000","8283","従業者数　総数","うち常用雇用者","総数","民営","20～29人","F 電気・ガス・熱供給・水道業"
"004","012","000","001","009","2710","00000","2014000000","3537","従業者数　総数","うち常用雇用者","総数","民営","20～29人","33 電気業"
"004","012","000","001","009","2740","00000","2014000000","1493","従業者数　総数","うち常用雇用者","総数","民営","20～29人","34 ガス業"
"004","012","000","001","009","2770","00000","2014000000","87","従業者数　総数","うち常用雇用者","総数","民営","20～29人","35 熱供給業"
"004","012","000","001","009","2800","00000","2014000000","3166","従業者数　総数","うち常用雇用者","総数","民営","20～29人","36 水道業"
"004","012","000","001","009","2850","00000","2014000000","81890","従業者数　総数","うち常用雇用者","総数","民営","20～29人","G 情報通信業"
"004","012","000","001","009","2860","00000","2014000000","5717","従業者数　総数","うち常用雇用者","総数","民営","20～29人","37 通信業"
"004","012","000","001","009","2910","00000","2014000000","2620","従業者数　総数","うち常用雇用者","総数","民営","20～29人","38 放送業"
"004","012","000","001","009","2960","00000","2014000000","54196","従業者数　総数","うち常用雇用者","総数","民営","20～29人","39 情報サービス業"
"004","012","000","001","009","3030","00000","2014000000","3501","従業者数　総数","うち常用雇用者","総数","民営","20～29人","40 インターネット附随サービス業"
"004","012","000","001","009","3060","00000","2014000000","15856","従業者数　総数","うち常用雇用者","総数","民営","20～29人","41 映像・音声・文字情報制作業"
"004","012","000","001","009","3140","00000","2014000000","307282","従業者数　総数","うち常用雇用者","総数","民営","20～29人","H 運輸業，郵便業"
"004","012","000","001","009","3150","00000","2014000000","10225","従業者数　総数","うち常用雇用者","総数","民営","20～29人","42 鉄道業"
"004","012","000","001","009","3180","00000","2014000000","31097","従業者数　総数","うち常用雇用者","総数","民営","20～29人","43 道路旅客運送業"
"004","012","000","001","009","3240","00000","2014000000","207932","従業者数　総数","うち常用雇用者","総数","民営","20～29人","44 道路貨物運送業"
"004","012","000","001","009","3310","00000","2014000000","4106","従業者数　総数","うち常用雇用者","総数","民営","20～29人","45 水運業"
"004","012","000","001","009","3370","00000","2014000000","967","従業者数　総数","うち常用雇用者","総数","民営","20～29人","46 航空運輸業"
"004","012","000","001","009","3410","00000","2014000000","18551","従業者数　総数","うち常用雇用者","総数","民営","20～29人","47 倉庫業"
"004","012","000","001","009","3450","00000","2014000000","34119","従業者数　総数","うち常用雇用者","総数","民営","20～29人","48 運輸に附帯するサービス業"
"004","012","000","001","009","3530","00000","2014000000","285","従業者数　総数","うち常用雇用者","総数","民営","20～29人","49 郵便業（信書便事業を含む）"
"004","012","000","001","009","3560","00000","2014000000","1130744","従業者数　総数","うち常用雇用者","総数","民営","20～29人","I 卸売業，小売業"
"004","012","000","001","009","3570","00000","2014000000","2304","従業者数　総数","うち常用雇用者","総数","民営","20～29人","50 各種商品卸売業"
"004","012","000","001","009","3620","00000","2014000000","19980","従業者数　総数","うち常用雇用者","総数","民営","20～29人","51 繊維・衣服等卸売業"
"004","012","000","001","009","3670","00000","2014000000","81880","従業者数　総数","うち常用雇用者","総数","民営","20～29人","52 飲食料品卸売業"
"004","012","000","001","009","3760","00000","2014000000","69518","従業者数　総数","うち常用雇用者","総数","民営","20～29人","53 建築材料，鉱物・金属材料等卸売業"
"004","012","000","001","009","3840","00000","2014000000","95293","従業者数　総数","うち常用雇用者","総数","民営","20～29人","54 機械器具卸売業"
"004","012","000","001","009","3900","00000","2014000000","82112","従業者数　総数","うち常用雇用者","総数","民営","20～29人","55 その他の卸売業"
"004","012","000","001","009","3980","00000","2014000000","5147","従業者数　総数","うち常用雇用者","総数","民営","20～29人","56 各種商品小売業"
"004","012","000","001","009","4020","00000","2014000000","38391","従業者数　総数","うち常用雇用者","総数","民営","20～29人","57 織物・衣服・身の回り品小売業"
"004","012","000","001","009","4090","00000","2014000000","372202","従業者数　総数","うち常用雇用者","総数","民営","20～29人","58 飲食料品小売業"
"004","012","000","001","009","4200","00000","2014000000","109410","従業者数　総数","うち常用雇用者","総数","民営","20～29人","59 機械器具小売業"
"004","012","000","001","009","4250","00000","2014000000","225419","従業者数　総数","うち常用雇用者","総数","民営","20～29人","60 その他の小売業"
"004","012","000","001","009","4430","00000","2014000000","29088","従業者数　総数","うち常用雇用者","総数","民営","20～29人","61 無店舗小売業"
"004","012","000","001","009","4480","00000","2014000000","207937","従業者数　総数","うち常用雇用者","総数","民営","20～29人","J 金融業，保険業"
"004","012","000","001","009","4490","00000","2014000000","73101","従業者数　総数","うち常用雇用者","総数","民営","20～29人","62 銀行業"
"004","012","000","001","009","4530","00000","2014000000","26678","従業者数　総数","うち常用雇用者","総数","民営","20～29人","63 協同組織金融業"
"004","012","000","001","009","4570","00000","2014000000","4648","従業者数　総数","うち常用雇用者","総数","民営","20～29人","64 貸金業，クレジットカード業等非預金信用機関"
"004","012","000","001","009","4630","00000","2014000000","6802","従業者数　総数","うち常用雇用者","総数","民営","20～29人","65 金融商品取引業，商品先物取引業"
"004","012","000","001","009","4670","00000","2014000000","2017","従業者数　総数","うち常用雇用者","総数","民営","20～29人","66 補助的金融業等"
"004","012","000","001","009","4720","00000","2014000000","94691","従業者数　総数","うち常用雇用者","総数","民営","20～29人","67 保険業（保険媒介代理業，保険サービス業を含む）"
"004","012","000","001","009","4790","00000","2014000000","80382","従業者数　総数","うち常用雇用者","総数","民営","20～29人","K 不動産業，物品賃貸業"
"004","012","000","001","009","4800","00000","2014000000","14149","従業者数　総数","うち常用雇用者","総数","民営","20～29人","68 不動産取引業"
"004","012","000","001","009","4840","00000","2014000000","28758","従業者数　総数","うち常用雇用者","総数","民営","20～29人","69 不動産賃貸業・管理業"
"004","012","000","001","009","4900","00000","2014000000","37475","従業者数　総数","うち常用雇用者","総数","民営","20～29人","70 物品賃貸業"
"004","012","000","001","009","5000","00000","2014000000","101755","従業者数　総数","うち常用雇用者","総数","民営","20～29人","L 学術研究，専門・技術サービス業"
"004","012","000","001","009","5010","00000","2014000000","8352","従業者数　総数","うち常用雇用者","総数","民営","20～29人","71 学術・開発研究機関"
"004","012","000","001","009","5050","00000","2014000000","30053","従業者数　総数","うち常用雇用者","総数","民営","20～29人","72 専門サービス業（他に分類されないもの）"
"004","012","000","001","009","5240","00000","2014000000","9349","従業者数　総数","うち常用雇用者","総数","民営","20～29人","73 広告業"
"004","012","000","001","009","5270","00000","2014000000","54001","従業者数　総数","うち常用雇用者","総数","民営","20～29人","74 技術サービス業（他に分類されないもの）"
"004","012","000","001","009","5390","00000","2014000000","644932","従業者数　総数","うち常用雇用者","総数","民営","20～29人","M 宿泊業，飲食サービス業"
"004","012","000","001","009","5400","00000","2014000000","57757","従業者数　総数","うち常用雇用者","総数","民営","20～29人","75 宿泊業"
"004","012","000","001","009","5480","00000","2014000000","528838","従業者数　総数","うち常用雇用者","総数","民営","20～29人","76 飲食店"
"004","012","000","001","009","5650","00000","2014000000","58337","従業者数　総数","うち常用雇用者","総数","民営","20～29人","77 持ち帰り・配達飲食サービス業"
"004","012","000","001","009","5690","00000","2014000000","203931","従業者数　総数","うち常用雇用者","総数","民営","20～29人","N 生活関連サービス業，娯楽業"
"004","012","000","001","009","5700","00000","2014000000","49649","従業者数　総数","うち常用雇用者","総数","民営","20～29人","78 洗濯・理容・美容・浴場業"
"004","012","000","001","009","5800","00000","2014000000","32167","従業者数　総数","うち常用雇用者","総数","民営","20～29人","79 その他の生活関連サービス業"
"004","012","000","001","009","5930","00000","2014000000","122115","従業者数　総数","うち常用雇用者","総数","民営","20～29人","80 娯楽業"
"004","012","000","001","009","6160","00000","2014000000","149069","従業者数　総数","うち常用雇用者","総数","民営","20～29人","O 教育，学習支援業"
"004","012","000","001","009","6170","00000","2014000000","71799","従業者数　総数","うち常用雇用者","総数","民営","20～29人","81 学校教育"
"004","012","000","001","009","6270","00000","2014000000","77270","従業者数　総数","うち常用雇用者","総数","民営","20～29人","82 その他の教育，学習支援業"
"004","012","000","001","009","6460","00000","2014000000","605382","従業者数　総数","うち常用雇用者","総数","民営","20～29人","P 医療，福祉"
"004","012","000","001","009","6470","00000","2014000000","126716","従業者数　総数","うち常用雇用者","総数","民営","20～29人","83 医療業"
"004","012","000","001","009","6590","00000","2014000000","2921","従業者数　総数","うち常用雇用者","総数","民営","20～29人","84 保健衛生"
"004","012","000","001","009","6640","00000","2014000000","475745","従業者数　総数","うち常用雇用者","総数","民営","20～29人","85 社会保険・社会福祉・介護事業"
"004","012","000","001","009","6830","00000","2014000000","22525","従業者数　総数","うち常用雇用者","総数","民営","20～29人","Q 複合サービス事業"
"004","012","000","001","009","6840","00000","2014000000","1785","従業者数　総数","うち常用雇用者","総数","民営","20～29人","86 郵便局"
"004","012","000","001","009","6880","00000","2014000000","20740","従業者数　総数","うち常用雇用者","総数","民営","20～29人","87 協同組合（他に分類されないもの）"
"004","012","000","001","009","6920","00000","2014000000","257075","従業者数　総数","うち常用雇用者","総数","民営","20～29人","R サービス業（他に分類されないもの）"
"004","012","000","001","009","6930","00000","2014000000","34826","従業者数　総数","うち常用雇用者","総数","民営","20～29人","88 廃棄物処理業"
"004","012","000","001","009","6980","00000","2014000000","14894","従業者数　総数","うち常用雇用者","総数","民営","20～29人","89 自動車整備業"
"004","012","000","001","009","7010","00000","2014000000","19416","従業者数　総数","うち常用雇用者","総数","民営","20～29人","90 機械等修理業（別掲を除く）"
"004","012","000","001","009","7070","00000","2014000000","26849","従業者数　総数","うち常用雇用者","総数","民営","20～29人","91 職業紹介・労働者派遣業"
"004","012","000","001","009","7110","00000","2014000000","134203","従業者数　総数","うち常用雇用者","総数","民営","20～29人","92 その他の事業サービス業"
"004","012","000","001","009","7170","00000","2014000000","18329","従業者数　総数","うち常用雇用者","総数","民営","20～29人","93 政治・経済・文化団体"
"004","012","000","001","009","7230","00000","2014000000","5359","従業者数　総数","うち常用雇用者","総数","民営","20～29人","94 宗教"
"004","012","000","001","009","7280","00000","2014000000","3199","従業者数　総数","うち常用雇用者","総数","民営","20～29人","95 その他のサービス業"
"004","012","000","001","011","010","00000","2014000000","5369636","従業者数　総数","うち常用雇用者","総数","民営","30～49人","A～R 全産業（S公務を除く）"
"004","012","000","001","011","020","00000","2014000000","32066","従業者数　総数","うち常用雇用者","総数","民営","30～49人","A～B 農林漁業"
"004","012","000","001","011","030","00000","2014000000","28222","従業者数　総数","うち常用雇用者","総数","民営","30～49人","A 農業，林業"
"004","012","000","001","011","040","00000","2014000000","22318","従業者数　総数","うち常用雇用者","総数","民営","30～49人","01 農業"
"004","012","000","001","011","100","00000","2014000000","5904","従業者数　総数","うち常用雇用者","総数","民営","30～49人","02 林業"
"004","012","000","001","011","170","00000","2014000000","3844","従業者数　総数","うち常用雇用者","総数","民営","30～49人","B 漁業"
"004","012","000","001","011","180","00000","2014000000","2805","従業者数　総数","うち常用雇用者","総数","民営","30～49人","03 漁業（水産養殖業を除く）"
"004","012","000","001","011","220","00000","2014000000","1039","従業者数　総数","うち常用雇用者","総数","民営","30～49人","04 水産養殖業"
"004","012","000","001","011","270","00000","2014000000","5337570","従業者数　総数","うち常用雇用者","総数","民営","30～49人","C～R 非農林漁業（S公務を除く）"
"004","012","000","001","011","280","00000","2014000000","2051","従業者数　総数","うち常用雇用者","総数","民営","30～49人","C 鉱業，採石業，砂利採取業"
"004","012","000","001","011","290","00000","2014000000","2051","従業者数　総数","うち常用雇用者","総数","民営","30～49人","05 鉱業，採石業，砂利採取業"
"004","012","000","001","011","370","00000","2014000000","305585","従業者数　総数","うち常用雇用者","総数","民営","30～49人","D 建設業"
"004","012","000","001","011","380","00000","2014000000","158928","従業者数　総数","うち常用雇用者","総数","民営","30～49人","06 総合工事業"
"004","012","000","001","011","460","00000","2014000000","48989","従業者数　総数","うち常用雇用者","総数","民営","30～49人","07 職別工事業（設備工事業を除く）"
"004","012","000","001","011","570","00000","2014000000","97668","従業者数　総数","うち常用雇用者","総数","民営","30～49人","08 設備工事業"
"004","012","000","001","011","640","00000","2014000000","814434","従業者数　総数","うち常用雇用者","総数","民営","30～49人","E 製造業"
"004","012","000","001","011","650","00000","2014000000","122908","従業者数　総数","うち常用雇用者","総数","民営","30～49人","09 食料品製造業"
"004","012","000","001","011","760","00000","2014000000","14428","従業者数　総数","うち常用雇用者","総数","民営","30～49人","10 飲料・たばこ・飼料製造業"
"004","012","000","001","011","840","00000","2014000000","41574","従業者数　総数","うち常用雇用者","総数","民営","30～49人","11 繊維工業"
"004","012","000","001","011","950","00000","2014000000","16315","従業者数　総数","うち常用雇用者","総数","民営","30～49人","12 木材・木製品製造業（家具を除く）"
"004","012","000","001","011","1010","00000","2014000000","12393","従業者数　総数","うち常用雇用者","総数","民営","30～49人","13 家具・装備品製造業"
"004","012","000","001","011","1070","00000","2014000000","28213","従業者数　総数","うち常用雇用者","総数","民営","30～49人","14 パルプ・紙・紙加工品製造業"
"004","012","000","001","011","1150","00000","2014000000","43782","従業者数　総数","うち常用雇用者","総数","民営","30～49人","15 印刷・同関連業"
"004","012","000","001","011","1210","00000","2014000000","34721","従業者数　総数","うち常用雇用者","総数","民営","30～49人","16 化学工業"
"004","012","000","001","011","1300","00000","2014000000","1860","従業者数　総数","うち常用雇用者","総数","民営","30～49人","17 石油製品・石炭製品製造業"
"004","012","000","001","011","1370","00000","2014000000","58797","従業者数　総数","うち常用雇用者","総数","民営","30～49人","18 プラスチック製品製造業（別掲を除く）"
"004","012","000","001","011","1450","00000","2014000000","9985","従業者数　総数","うち常用雇用者","総数","民営","30～49人","19 ゴム製品製造業"
"004","012","000","001","011","1510","00000","2014000000","3845","従業者数　総数","うち常用雇用者","総数","民営","30～49人","20 なめし革・同製品・毛皮製造業"
"004","012","000","001","011","1620","00000","2014000000","32341","従業者数　総数","うち常用雇用者","総数","民営","30～49人","21 窯業・土石製品製造業"
"004","012","000","001","011","1730","00000","2014000000","21167","従業者数　総数","うち常用雇用者","総数","民営","30～49人","22 鉄鋼業"
"004","012","000","001","011","1810","00000","2014000000","11076","従業者数　総数","うち常用雇用者","総数","民営","30～49人","23 非鉄金属製造業"
"004","012","000","001","011","1890","00000","2014000000","88979","従業者数　総数","うち常用雇用者","総数","民営","30～49人","24 金属製品製造業"
"004","012","000","001","011","2000","00000","2014000000","27131","従業者数　総数","うち常用雇用者","総数","民営","30～49人","25 はん用機械器具製造業"
"004","012","000","001","011","2060","00000","2014000000","67650","従業者数　総数","うち常用雇用者","総数","民営","30～49人","26 生産用機械器具製造業"
"004","012","000","001","011","2160","00000","2014000000","20894","従業者数　総数","うち常用雇用者","総数","民営","30～49人","27 業務用機械器具製造業"
"004","012","000","001","011","2240","00000","2014000000","27094","従業者数　総数","うち常用雇用者","総数","民営","30～49人","28 電子部品・デバイス・電子回路製造業"
"004","012","000","001","011","2320","00000","2014000000","43727","従業者数　総数","うち常用雇用者","総数","民営","30～49人","29 電気機械器具製造業"
"004","012","000","001","011","2420","00000","2014000000","9760","従業者数　総数","うち常用雇用者","総数","民営","30～49人","30 情報通信機械器具製造業"
"004","012","000","001","011","2470","00000","2014000000","53550","従業者数　総数","うち常用雇用者","総数","民営","30～49人","31 輸送用機械器具製造業"
"004","012","000","001","011","2550","00000","2014000000","22244","従業者数　総数","うち常用雇用者","総数","民営","30～49人","32 その他の製造業"
"004","012","000","001","011","2700","00000","2014000000","13114","従業者数　総数","うち常用雇用者","総数","民営","30～49人","F 電気・ガス・熱供給・水道業"
"004","012","000","001","011","2710","00000","2014000000","7216","従業者数　総数","うち常用雇用者","総数","民営","30～49人","33 電気業"
"004","012","000","001","011","2740","00000","2014000000","2152","従業者数　総数","うち常用雇用者","総数","民営","30～49人","34 ガス業"
"004","012","000","001","011","2770","00000","2014000000","354","従業者数　総数","うち常用雇用者","総数","民営","30～49人","35 熱供給業"
"004","012","000","001","011","2800","00000","2014000000","3392","従業者数　総数","うち常用雇用者","総数","民営","30～49人","36 水道業"
"004","012","000","001","011","2850","00000","2014000000","126640","従業者数　総数","うち常用雇用者","総数","民営","30～49人","G 情報通信業"
"004","012","000","001","011","2860","00000","2014000000","7934","従業者数　総数","うち常用雇用者","総数","民営","30～49人","37 通信業"
"004","012","000","001","011","2910","00000","2014000000","4774","従業者数　総数","うち常用雇用者","総数","民営","30～49人","38 放送業"
"004","012","000","001","011","2960","00000","2014000000","85909","従業者数　総数","うち常用雇用者","総数","民営","30～49人","39 情報サービス業"
"004","012","000","001","011","3030","00000","2014000000","6795","従業者数　総数","うち常用雇用者","総数","民営","30～49人","40 インターネット附随サービス業"
"004","012","000","001","011","3060","00000","2014000000","21228","従業者数　総数","うち常用雇用者","総数","民営","30～49人","41 映像・音声・文字情報制作業"
"004","012","000","001","011","3140","00000","2014000000","471545","従業者数　総数","うち常用雇用者","総数","民営","30～49人","H 運輸業，郵便業"
"004","012","000","001","011","3150","00000","2014000000","22506","従業者数　総数","うち常用雇用者","総数","民営","30～49人","42 鉄道業"
"004","012","000","001","011","3180","00000","2014000000","60369","従業者数　総数","うち常用雇用者","総数","民営","30～49人","43 道路旅客運送業"
"004","012","000","001","011","3240","00000","2014000000","309899","従業者数　総数","うち常用雇用者","総数","民営","30～49人","44 道路貨物運送業"
"004","012","000","001","011","3310","00000","2014000000","6052","従業者数　総数","うち常用雇用者","総数","民営","30～49人","45 水運業"
"004","012","000","001","011","3370","00000","2014000000","2216","従業者数　総数","うち常用雇用者","総数","民営","30～49人","46 航空運輸業"
"004","012","000","001","011","3410","00000","2014000000","24763","従業者数　総数","うち常用雇用者","総数","民営","30～49人","47 倉庫業"
"004","012","000","001","011","3450","00000","2014000000","45494","従業者数　総数","うち常用雇用者","総数","民営","30～49人","48 運輸に附帯するサービス業"
"004","012","000","001","011","3530","00000","2014000000","246","従業者数　総数","うち常用雇用者","総数","民営","30～49人","49 郵便業（信書便事業を含む）"
"004","012","000","001","011","3560","00000","2014000000","1065780","従業者数　総数","うち常用雇用者","総数","民営","30～49人","I 卸売業，小売業"
"004","012","000","001","011","3570","00000","2014000000","2568","従業者数　総数","うち常用雇用者","総数","民営","30～49人","50 各種商品卸売業"
"004","012","000","001","011","3620","00000","2014000000","23728","従業者数　総数","うち常用雇用者","総数","民営","30～49人","51 繊維・衣服等卸売業"
"004","012","000","001","011","3670","00000","2014000000","92662","従業者数　総数","うち常用雇用者","総数","民営","30～49人","52 飲食料品卸売業"
"004","012","000","001","011","3760","00000","2014000000","70752","従業者数　総数","うち常用雇用者","総数","民営","30～49人","53 建築材料，鉱物・金属材料等卸売業"
"004","012","000","001","011","3840","00000","2014000000","103446","従業者数　総数","うち常用雇用者","総数","民営","30～49人","54 機械器具卸売業"
"004","012","000","001","011","3900","00000","2014000000","92188","従業者数　総数","うち常用雇用者","総数","民営","30～49人","55 その他の卸売業"
"004","012","000","001","011","3980","00000","2014000000","9038","従業者数　総数","うち常用雇用者","総数","民営","30～49人","56 各種商品小売業"
"004","012","000","001","011","4020","00000","2014000000","43371","従業者数　総数","うち常用雇用者","総数","民営","30～49人","57 織物・衣服・身の回り品小売業"
"004","012","000","001","011","4090","00000","2014000000","288179","従業者数　総数","うち常用雇用者","総数","民営","30～49人","58 飲食料品小売業"
"004","012","000","001","011","4200","00000","2014000000","79073","従業者数　総数","うち常用雇用者","総数","民営","30～49人","59 機械器具小売業"
"004","012","000","001","011","4250","00000","2014000000","223829","従業者数　総数","うち常用雇用者","総数","民営","30～49人","60 その他の小売業"
"004","012","000","001","011","4430","00000","2014000000","36946","従業者数　総数","うち常用雇用者","総数","民営","30～49人","61 無店舗小売業"
"004","012","000","001","011","4480","00000","2014000000","222010","従業者数　総数","うち常用雇用者","総数","民営","30～49人","J 金融業，保険業"
"004","012","000","001","011","4490","00000","2014000000","63948","従業者数　総数","うち常用雇用者","総数","民営","30～49人","62 銀行業"
"004","012","000","001","011","4530","00000","2014000000","13393","従業者数　総数","うち常用雇用者","総数","民営","30～49人","63 協同組織金融業"
"004","012","000","001","011","4570","00000","2014000000","6527","従業者数　総数","うち常用雇用者","総数","民営","30～49人","64 貸金業，クレジットカード業等非預金信用機関"
"004","012","000","001","011","4630","00000","2014000000","12434","従業者数　総数","うち常用雇用者","総数","民営","30～49人","65 金融商品取引業，商品先物取引業"
"004","012","000","001","011","4670","00000","2014000000","2676","従業者数　総数","うち常用雇用者","総数","民営","30～49人","66 補助的金融業等"
"004","012","000","001","011","4720","00000","2014000000","123032","従業者数　総数","うち常用雇用者","総数","民営","30～49人","67 保険業（保険媒介代理業，保険サービス業を含む）"
"004","012","000","001","011","4790","00000","2014000000","76353","従業者数　総数","うち常用雇用者","総数","民営","30～49人","K 不動産業，物品賃貸業"
"004","012","000","001","011","4800","00000","2014000000","12877","従業者数　総数","うち常用雇用者","総数","民営","30～49人","68 不動産取引業"
"004","012","000","001","011","4840","00000","2014000000","31503","従業者数　総数","うち常用雇用者","総数","民営","30～49人","69 不動産賃貸業・管理業"
"004","012","000","001","011","4900","00000","2014000000","31973","従業者数　総数","うち常用雇用者","総数","民営","30～49人","70 物品賃貸業"
"004","012","000","001","011","5000","00000","2014000000","116781","従業者数　総数","うち常用雇用者","総数","民営","30～49人","L 学術研究，専門・技術サービス業"
"004","012","000","001","011","5010","00000","2014000000","13341","従業者数　総数","うち常用雇用者","総数","民営","30～49人","71 学術・開発研究機関"
"004","012","000","001","011","5050","00000","2014000000","28260","従業者数　総数","うち常用雇用者","総数","民営","30～49人","72 専門サービス業（他に分類されないもの）"
"004","012","000","001","011","5240","00000","2014000000","11080","従業者数　総数","うち常用雇用者","総数","民営","30～49人","73 広告業"
"004","012","000","001","011","5270","00000","2014000000","64100","従業者数　総数","うち常用雇用者","総数","民営","30～49人","74 技術サービス業（他に分類されないもの）"
"004","012","000","001","011","5390","00000","2014000000","592746","従業者数　総数","うち常用雇用者","総数","民営","30～49人","M 宿泊業，飲食サービス業"
"004","012","000","001","011","5400","00000","2014000000","76966","従業者数　総数","うち常用雇用者","総数","民営","30～49人","75 宿泊業"
"004","012","000","001","011","5480","00000","2014000000","466574","従業者数　総数","うち常用雇用者","総数","民営","30～49人","76 飲食店"
"004","012","000","001","011","5650","00000","2014000000","49206","従業者数　総数","うち常用雇用者","総数","民営","30～49人","77 持ち帰り・配達飲食サービス業"
"004","012","000","001","011","5690","00000","2014000000","239805","従業者数　総数","うち常用雇用者","総数","民営","30～49人","N 生活関連サービス業，娯楽業"
"004","012","000","001","011","5700","00000","2014000000","56989","従業者数　総数","うち常用雇用者","総数","民営","30～49人","78 洗濯・理容・美容・浴場業"
"004","012","000","001","011","5800","00000","2014000000","37750","従業者数　総数","うち常用雇用者","総数","民営","30～49人","79 その他の生活関連サービス業"
"004","012","000","001","011","5930","00000","2014000000","145066","従業者数　総数","うち常用雇用者","総数","民営","30～49人","80 娯楽業"
"004","012","000","001","011","6160","00000","2014000000","154459","従業者数　総数","うち常用雇用者","総数","民営","30～49人","O 教育，学習支援業"
"004","012","000","001","011","6170","00000","2014000000","83224","従業者数　総数","うち常用雇用者","総数","民営","30～49人","81 学校教育"
"004","012","000","001","011","6270","00000","2014000000","71235","従業者数　総数","うち常用雇用者","総数","民営","30～49人","82 その他の教育，学習支援業"
"004","012","000","001","011","6460","00000","2014000000","744443","従業者数　総数","うち常用雇用者","総数","民営","30～49人","P 医療，福祉"
"004","012","000","001","011","6470","00000","2014000000","141489","従業者数　総数","うち常用雇用者","総数","民営","30～49人","83 医療業"
"004","012","000","001","011","6590","00000","2014000000","6557","従業者数　総数","うち常用雇用者","総数","民営","30～49人","84 保健衛生"
"004","012","000","001","011","6640","00000","2014000000","596397","従業者数　総数","うち常用雇用者","総数","民営","30～49人","85 社会保険・社会福祉・介護事業"
"004","012","000","001","011","6830","00000","2014000000","17380","従業者数　総数","うち常用雇用者","総数","民営","30～49人","Q 複合サービス事業"
"004","012","000","001","011","6840","00000","2014000000","569","従業者数　総数","うち常用雇用者","総数","民営","30～49人","86 郵便局"
"004","012","000","001","011","6880","00000","2014000000","16811","従業者数　総数","うち常用雇用者","総数","民営","30～49人","87 協同組合（他に分類されないもの）"
"004","012","000","001","011","6920","00000","2014000000","374444","従業者数　総数","うち常用雇用者","総数","民営","30～49人","R サービス業（他に分類されないもの）"
"004","012","000","001","011","6930","00000","2014000000","41525","従業者数　総数","うち常用雇用者","総数","民営","30～49人","88 廃棄物処理業"
"004","012","000","001","011","6980","00000","2014000000","11904","従業者数　総数","うち常用雇用者","総数","民営","30～49人","89 自動車整備業"
"004","012","000","001","011","7010","00000","2014000000","23171","従業者数　総数","うち常用雇用者","総数","民営","30～49人","90 機械等修理業（別掲を除く）"
"004","012","000","001","011","7070","00000","2014000000","51866","従業者数　総数","うち常用雇用者","総数","民営","30～49人","91 職業紹介・労働者派遣業"
"004","012","000","001","011","7110","00000","2014000000","215772","従業者数　総数","うち常用雇用者","総数","民営","30～49人","92 その他の事業サービス業"
"004","012","000","001","011","7170","00000","2014000000","20854","従業者数　総数","うち常用雇用者","総数","民営","30～49人","93 政治・経済・文化団体"
"004","012","000","001","011","7230","00000","2014000000","6249","従業者数　総数","うち常用雇用者","総数","民営","30～49人","94 宗教"
"004","012","000","001","011","7280","00000","2014000000","3103","従業者数　総数","うち常用雇用者","総数","民営","30～49人","95 その他のサービス業"
"004","012","000","001","012","010","00000","2014000000","6254619","従業者数　総数","うち常用雇用者","総数","民営","50～99人","A～R 全産業（S公務を除く）"
"004","012","000","001","012","020","00000","2014000000","24721","従業者数　総数","うち常用雇用者","総数","民営","50～99人","A～B 農林漁業"
"004","012","000","001","012","030","00000","2014000000","21634","従業者数　総数","うち常用雇用者","総数","民営","50～99人","A 農業，林業"
"004","012","000","001","012","040","00000","2014000000","17700","従業者数　総数","うち常用雇用者","総数","民営","50～99人","01 農業"
"004","012","000","001","012","100","00000","2014000000","3934","従業者数　総数","うち常用雇用者","総数","民営","50～99人","02 林業"
"004","012","000","001","012","170","00000","2014000000","3087","従業者数　総数","うち常用雇用者","総数","民営","50～99人","B 漁業"
"004","012","000","001","012","180","00000","2014000000","2735","従業者数　総数","うち常用雇用者","総数","民営","50～99人","03 漁業（水産養殖業を除く）"
"004","012","000","001","012","220","00000","2014000000","352","従業者数　総数","うち常用雇用者","総数","民営","50～99人","04 水産養殖業"
"004","012","000","001","012","270","00000","2014000000","6229898","従業者数　総数","うち常用雇用者","総数","民営","50～99人","C～R 非農林漁業（S公務を除く）"
"004","012","000","001","012","280","00000","2014000000","1122","従業者数　総数","うち常用雇用者","総数","民営","50～99人","C 鉱業，採石業，砂利採取業"
"004","012","000","001","012","290","00000","2014000000","1122","従業者数　総数","うち常用雇用者","総数","民営","50～99人","05 鉱業，採石業，砂利採取業"
"004","012","000","001","012","370","00000","2014000000","271028","従業者数　総数","うち常用雇用者","総数","民営","50～99人","D 建設業"
"004","012","000","001","012","380","00000","2014000000","147649","従業者数　総数","うち常用雇用者","総数","民営","50～99人","06 総合工事業"
"004","012","000","001","012","460","00000","2014000000","28191","従業者数　総数","うち常用雇用者","総数","民営","50～99人","07 職別工事業（設備工事業を除く）"
"004","012","000","001","012","570","00000","2014000000","95188","従業者数　総数","うち常用雇用者","総数","民営","50～99人","08 設備工事業"
"004","012","000","001","012","640","00000","2014000000","1128766","従業者数　総数","うち常用雇用者","総数","民営","50～99人","E 製造業"
"004","012","000","001","012","650","00000","2014000000","195733","従業者数　総数","うち常用雇用者","総数","民営","50～99人","09 食料品製造業"
"004","012","000","001","012","760","00000","2014000000","17007","従業者数　総数","うち常用雇用者","総数","民営","50～99人","10 飲料・たばこ・飼料製造業"
"004","012","000","001","012","840","00000","2014000000","54675","従業者数　総数","うち常用雇用者","総数","民営","50～99人","11 繊維工業"
"004","012","000","001","012","950","00000","2014000000","14623","従業者数　総数","うち常用雇用者","総数","民営","50～99人","12 木材・木製品製造業（家具を除く）"
"004","012","000","001","012","1010","00000","2014000000","14512","従業者数　総数","うち常用雇用者","総数","民営","50～99人","13 家具・装備品製造業"
"004","012","000","001","012","1070","00000","2014000000","39636","従業者数　総数","うち常用雇用者","総数","民営","50～99人","14 パルプ・紙・紙加工品製造業"
"004","012","000","001","012","1150","00000","2014000000","55475","従業者数　総数","うち常用雇用者","総数","民営","50～99人","15 印刷・同関連業"
"004","012","000","001","012","1210","00000","2014000000","58088","従業者数　総数","うち常用雇用者","総数","民営","50～99人","16 化学工業"
"004","012","000","001","012","1300","00000","2014000000","2111","従業者数　総数","うち常用雇用者","総数","民営","50～99人","17 石油製品・石炭製品製造業"
"004","012","000","001","012","1370","00000","2014000000","78507","従業者数　総数","うち常用雇用者","総数","民営","50～99人","18 プラスチック製品製造業（別掲を除く）"
"004","012","000","001","012","1450","00000","2014000000","14848","従業者数　総数","うち常用雇用者","総数","民営","50～99人","19 ゴム製品製造業"
"004","012","000","001","012","1510","00000","2014000000","3947","従業者数　総数","うち常用雇用者","総数","民営","50～99人","20 なめし革・同製品・毛皮製造業"
"004","012","000","001","012","1620","00000","2014000000","36361","従業者数　総数","うち常用雇用者","総数","民営","50～99人","21 窯業・土石製品製造業"
"004","012","000","001","012","1730","00000","2014000000","26627","従業者数　総数","うち常用雇用者","総数","民営","50～99人","22 鉄鋼業"
"004","012","000","001","012","1810","00000","2014000000","21060","従業者数　総数","うち常用雇用者","総数","民営","50～99人","23 非鉄金属製造業"
"004","012","000","001","012","1890","00000","2014000000","97876","従業者数　総数","うち常用雇用者","総数","民営","50～99人","24 金属製品製造業"
"004","012","000","001","012","2000","00000","2014000000","38549","従業者数　総数","うち常用雇用者","総数","民営","50～99人","25 はん用機械器具製造業"
"004","012","000","001","012","2060","00000","2014000000","83891","従業者数　総数","うち常用雇用者","総数","民営","50～99人","26 生産用機械器具製造業"
"004","012","000","001","012","2160","00000","2014000000","33400","従業者数　総数","うち常用雇用者","総数","民営","50～99人","27 業務用機械器具製造業"
"004","012","000","001","012","2240","00000","2014000000","47668","従業者数　総数","うち常用雇用者","総数","民営","50～99人","28 電子部品・デバイス・電子回路製造業"
"004","012","000","001","012","2320","00000","2014000000","68421","従業者数　総数","うち常用雇用者","総数","民営","50～99人","29 電気機械器具製造業"
"004","012","000","001","012","2420","00000","2014000000","18598","従業者数　総数","うち常用雇用者","総数","民営","50～99人","30 情報通信機械器具製造業"
"004","012","000","001","012","2470","00000","2014000000","82039","従業者数　総数","うち常用雇用者","総数","民営","50～99人","31 輸送用機械器具製造業"
"004","012","000","001","012","2550","00000","2014000000","25114","従業者数　総数","うち常用雇用者","総数","民営","50～99人","32 その他の製造業"
"004","012","000","001","012","2700","00000","2014000000","32508","従業者数　総数","うち常用雇用者","総数","民営","50～99人","F 電気・ガス・熱供給・水道業"
"004","012","000","001","012","2710","00000","2014000000","23948","従業者数　総数","うち常用雇用者","総数","民営","50～99人","33 電気業"
"004","012","000","001","012","2740","00000","2014000000","5708","従業者数　総数","うち常用雇用者","総数","民営","50～99人","34 ガス業"
"004","012","000","001","012","2770","00000","2014000000","248","従業者数　総数","うち常用雇用者","総数","民営","50～99人","35 熱供給業"
"004","012","000","001","012","2800","00000","2014000000","2604","従業者数　総数","うち常用雇用者","総数","民営","50～99人","36 水道業"
"004","012","000","001","012","2850","00000","2014000000","195309","従業者数　総数","うち常用雇用者","総数","民営","50～99人","G 情報通信業"
"004","012","000","001","012","2860","00000","2014000000","13230","従業者数　総数","うち常用雇用者","総数","民営","50～99人","37 通信業"
"004","012","000","001","012","2910","00000","2014000000","11911","従業者数　総数","うち常用雇用者","総数","民営","50～99人","38 放送業"
"004","012","000","001","012","2960","00000","2014000000","132268","従業者数　総数","うち常用雇用者","総数","民営","50～99人","39 情報サービス業"
"004","012","000","001","012","3030","00000","2014000000","9201","従業者数　総数","うち常用雇用者","総数","民営","50～99人","40 インターネット附随サービス業"
"004","012","000","001","012","3060","00000","2014000000","28699","従業者数　総数","うち常用雇用者","総数","民営","50～99人","41 映像・音声・文字情報制作業"
"004","012","000","001","012","3140","00000","2014000000","597321","従業者数　総数","うち常用雇用者","総数","民営","50～99人","H 運輸業，郵便業"
"004","012","000","001","012","3150","00000","2014000000","33823","従業者数　総数","うち常用雇用者","総数","民営","50～99人","42 鉄道業"
"004","012","000","001","012","3180","00000","2014000000","118620","従業者数　総数","うち常用雇用者","総数","民営","50～99人","43 道路旅客運送業"
"004","012","000","001","012","3240","00000","2014000000","339505","従業者数　総数","うち常用雇用者","総数","民営","50～99人","44 道路貨物運送業"
"004","012","000","001","012","3310","00000","2014000000","7489","従業者数　総数","うち常用雇用者","総数","民営","50～99人","45 水運業"
"004","012","000","001","012","3370","00000","2014000000","2697","従業者数　総数","うち常用雇用者","総数","民営","50～99人","46 航空運輸業"
"004","012","000","001","012","3410","00000","2014000000","33793","従業者数　総数","うち常用雇用者","総数","民営","50～99人","47 倉庫業"
"004","012","000","001","012","3450","00000","2014000000","61060","従業者数　総数","うち常用雇用者","総数","民営","50～99人","48 運輸に附帯するサービス業"
"004","012","000","001","012","3530","00000","2014000000","334","従業者数　総数","うち常用雇用者","総数","民営","50～99人","49 郵便業（信書便事業を含む）"
"004","012","000","001","012","3560","00000","2014000000","1203751","従業者数　総数","うち常用雇用者","総数","民営","50～99人","I 卸売業，小売業"
"004","012","000","001","012","3570","00000","2014000000","3271","従業者数　総数","うち常用雇用者","総数","民営","50～99人","50 各種商品卸売業"
"004","012","000","001","012","3620","00000","2014000000","27604","従業者数　総数","うち常用雇用者","総数","民営","50～99人","51 繊維・衣服等卸売業"
"004","012","000","001","012","3670","00000","2014000000","94592","従業者数　総数","うち常用雇用者","総数","民営","50～99人","52 飲食料品卸売業"
"004","012","000","001","012","3760","00000","2014000000","58537","従業者数　総数","うち常用雇用者","総数","民営","50～99人","53 建築材料，鉱物・金属材料等卸売業"
"004","012","000","001","012","3840","00000","2014000000","110370","従業者数　総数","うち常用雇用者","総数","民営","50～99人","54 機械器具卸売業"
"004","012","000","001","012","3900","00000","2014000000","99895","従業者数　総数","うち常用雇用者","総数","民営","50～99人","55 その他の卸売業"
"004","012","000","001","012","3980","00000","2014000000","30195","従業者数　総数","うち常用雇用者","総数","民営","50～99人","56 各種商品小売業"
"004","012","000","001","012","4020","00000","2014000000","35159","従業者数　総数","うち常用雇用者","総数","民営","50～99人","57 織物・衣服・身の回り品小売業"
"004","012","000","001","012","4090","00000","2014000000","472829","従業者数　総数","うち常用雇用者","総数","民営","50～99人","58 飲食料品小売業"
"004","012","000","001","012","4200","00000","2014000000","57375","従業者数　総数","うち常用雇用者","総数","民営","50～99人","59 機械器具小売業"
"004","012","000","001","012","4250","00000","2014000000","172472","従業者数　総数","うち常用雇用者","総数","民営","50～99人","60 その他の小売業"
"004","012","000","001","012","4430","00000","2014000000","41452","従業者数　総数","うち常用雇用者","総数","民営","50～99人","61 無店舗小売業"
"004","012","000","001","012","4480","00000","2014000000","184930","従業者数　総数","うち常用雇用者","総数","民営","50～99人","J 金融業，保険業"
"004","012","000","001","012","4490","00000","2014000000","46726","従業者数　総数","うち常用雇用者","総数","民営","50～99人","62 銀行業"
"004","012","000","001","012","4530","00000","2014000000","14849","従業者数　総数","うち常用雇用者","総数","民営","50～99人","63 協同組織金融業"
"004","012","000","001","012","4570","00000","2014000000","11641","従業者数　総数","うち常用雇用者","総数","民営","50～99人","64 貸金業，クレジットカード業等非預金信用機関"
"004","012","000","001","012","4630","00000","2014000000","16796","従業者数　総数","うち常用雇用者","総数","民営","50～99人","65 金融商品取引業，商品先物取引業"
"004","012","000","001","012","4670","00000","2014000000","5016","従業者数　総数","うち常用雇用者","総数","民営","50～99人","66 補助的金融業等"
"004","012","000","001","012","4720","00000","2014000000","89902","従業者数　総数","うち常用雇用者","総数","民営","50～99人","67 保険業（保険媒介代理業，保険サービス業を含む）"
"004","012","000","001","012","4790","00000","2014000000","68980","従業者数　総数","うち常用雇用者","総数","民営","50～99人","K 不動産業，物品賃貸業"
"004","012","000","001","012","4800","00000","2014000000","14367","従業者数　総数","うち常用雇用者","総数","民営","50～99人","68 不動産取引業"
"004","012","000","001","012","4840","00000","2014000000","32661","従業者数　総数","うち常用雇用者","総数","民営","50～99人","69 不動産賃貸業・管理業"
"004","012","000","001","012","4900","00000","2014000000","21952","従業者数　総数","うち常用雇用者","総数","民営","50～99人","70 物品賃貸業"
"004","012","000","001","012","5000","00000","2014000000","143782","従業者数　総数","うち常用雇用者","総数","民営","50～99人","L 学術研究，専門・技術サービス業"
"004","012","000","001","012","5010","00000","2014000000","24855","従業者数　総数","うち常用雇用者","総数","民営","50～99人","71 学術・開発研究機関"
"004","012","000","001","012","5050","00000","2014000000","31988","従業者数　総数","うち常用雇用者","総数","民営","50～99人","72 専門サービス業（他に分類されないもの）"
"004","012","000","001","012","5240","00000","2014000000","12887","従業者数　総数","うち常用雇用者","総数","民営","50～99人","73 広告業"
"004","012","000","001","012","5270","00000","2014000000","74052","従業者数　総数","うち常用雇用者","総数","民営","50～99人","74 技術サービス業（他に分類されないもの）"
"004","012","000","001","012","5390","00000","2014000000","403828","従業者数　総数","うち常用雇用者","総数","民営","50～99人","M 宿泊業，飲食サービス業"
"004","012","000","001","012","5400","00000","2014000000","86683","従業者数　総数","うち常用雇用者","総数","民営","50～99人","75 宿泊業"
"004","012","000","001","012","5480","00000","2014000000","273584","従業者数　総数","うち常用雇用者","総数","民営","50～99人","76 飲食店"
"004","012","000","001","012","5650","00000","2014000000","43561","従業者数　総数","うち常用雇用者","総数","民営","50～99人","77 持ち帰り・配達飲食サービス業"
"004","012","000","001","012","5690","00000","2014000000","244727","従業者数　総数","うち常用雇用者","総数","民営","50～99人","N 生活関連サービス業，娯楽業"
"004","012","000","001","012","5700","00000","2014000000","62855","従業者数　総数","うち常用雇用者","総数","民営","50～99人","78 洗濯・理容・美容・浴場業"
"004","012","000","001","012","5800","00000","2014000000","40608","従業者数　総数","うち常用雇用者","総数","民営","50～99人","79 その他の生活関連サービス業"
"004","012","000","001","012","5930","00000","2014000000","141264","従業者数　総数","うち常用雇用者","総数","民営","50～99人","80 娯楽業"
"004","012","000","001","012","6160","00000","2014000000","173498","従業者数　総数","うち常用雇用者","総数","民営","50～99人","O 教育，学習支援業"
"004","012","000","001","012","6170","00000","2014000000","119888","従業者数　総数","うち常用雇用者","総数","民営","50～99人","81 学校教育"
"004","012","000","001","012","6270","00000","2014000000","53610","従業者数　総数","うち常用雇用者","総数","民営","50～99人","82 その他の教育，学習支援業"
"004","012","000","001","012","6460","00000","2014000000","1000310","従業者数　総数","うち常用雇用者","総数","民営","50～99人","P 医療，福祉"
"004","012","000","001","012","6470","00000","2014000000","215417","従業者数　総数","うち常用雇用者","総数","民営","50～99人","83 医療業"
"004","012","000","001","012","6590","00000","2014000000","12122","従業者数　総数","うち常用雇用者","総数","民営","50～99人","84 保健衛生"
"004","012","000","001","012","6640","00000","2014000000","772771","従業者数　総数","うち常用雇用者","総数","民営","50～99人","85 社会保険・社会福祉・介護事業"
"004","012","000","001","012","6830","00000","2014000000","37674","従業者数　総数","うち常用雇用者","総数","民営","50～99人","Q 複合サービス事業"
"004","012","000","001","012","6840","00000","2014000000","13794","従業者数　総数","うち常用雇用者","総数","民営","50～99人","86 郵便局"
"004","012","000","001","012","6880","00000","2014000000","23880","従業者数　総数","うち常用雇用者","総数","民営","50～99人","87 協同組合（他に分類されないもの）"
"004","012","000","001","012","6920","00000","2014000000","542364","従業者数　総数","うち常用雇用者","総数","民営","50～99人","R サービス業（他に分類されないもの）"
"004","012","000","001","012","6930","00000","2014000000","35247","従業者数　総数","うち常用雇用者","総数","民営","50～99人","88 廃棄物処理業"
"004","012","000","001","012","6980","00000","2014000000","8320","従業者数　総数","うち常用雇用者","総数","民営","50～99人","89 自動車整備業"
"004","012","000","001","012","7010","00000","2014000000","24223","従業者数　総数","うち常用雇用者","総数","民営","50～99人","90 機械等修理業（別掲を除く）"
"004","012","000","001","012","7070","00000","2014000000","112093","従業者数　総数","うち常用雇用者","総数","民営","50～99人","91 職業紹介・労働者派遣業"
"004","012","000","001","012","7110","00000","2014000000","332695","従業者数　総数","うち常用雇用者","総数","民営","50～99人","92 その他の事業サービス業"
"004","012","000","001","012","7170","00000","2014000000","19817","従業者数　総数","うち常用雇用者","総数","民営","50～99人","93 政治・経済・文化団体"
"004","012","000","001","012","7230","00000","2014000000","6811","従業者数　総数","うち常用雇用者","総数","民営","50～99人","94 宗教"
"004","012","000","001","012","7280","00000","2014000000","3158","従業者数　総数","うち常用雇用者","総数","民営","50～99人","95 その他のサービス業"
"004","012","000","001","013","010","00000","2014000000","4848013","従業者数　総数","うち常用雇用者","総数","民営","100～199人","A～R 全産業（S公務を除く）"
"004","012","000","001","013","020","00000","2014000000","11543","従業者数　総数","うち常用雇用者","総数","民営","100～199人","A～B 農林漁業"
"004","012","000","001","013","030","00000","2014000000","9429","従業者数　総数","うち常用雇用者","総数","民営","100～199人","A 農業，林業"
"004","012","000","001","013","040","00000","2014000000","8940","従業者数　総数","うち常用雇用者","総数","民営","100～199人","01 農業"
"004","012","000","001","013","100","00000","2014000000","489","従業者数　総数","うち常用雇用者","総数","民営","100～199人","02 林業"
"004","012","000","001","013","170","00000","2014000000","2114","従業者数　総数","うち常用雇用者","総数","民営","100～199人","B 漁業"
"004","012","000","001","013","180","00000","2014000000","1996","従業者数　総数","うち常用雇用者","総数","民営","100～199人","03 漁業（水産養殖業を除く）"
"004","012","000","001","013","220","00000","2014000000","118","従業者数　総数","うち常用雇用者","総数","民営","100～199人","04 水産養殖業"
"004","012","000","001","013","270","00000","2014000000","4836470","従業者数　総数","うち常用雇用者","総数","民営","100～199人","C～R 非農林漁業（S公務を除く）"
"004","012","000","001","013","280","00000","2014000000","934","従業者数　総数","うち常用雇用者","総数","民営","100～199人","C 鉱業，採石業，砂利採取業"
"004","012","000","001","013","290","00000","2014000000","934","従業者数　総数","うち常用雇用者","総数","民営","100～199人","05 鉱業，採石業，砂利採取業"
"004","012","000","001","013","370","00000","2014000000","142925","従業者数　総数","うち常用雇用者","総数","民営","100～199人","D 建設業"
"004","012","000","001","013","380","00000","2014000000","72081","従業者数　総数","うち常用雇用者","総数","民営","100～199人","06 総合工事業"
"004","012","000","001","013","460","00000","2014000000","11101","従業者数　総数","うち常用雇用者","総数","民営","100～199人","07 職別工事業（設備工事業を除く）"
"004","012","000","001","013","570","00000","2014000000","59743","従業者数　総数","うち常用雇用者","総数","民営","100～199人","08 設備工事業"
"004","012","000","001","013","640","00000","2014000000","1088886","従業者数　総数","うち常用雇用者","総数","民営","100～199人","E 製造業"
"004","012","000","001","013","650","00000","2014000000","204421","従業者数　総数","うち常用雇用者","総数","民営","100～199人","09 食料品製造業"
"004","012","000","001","013","760","00000","2014000000","19374","従業者数　総数","うち常用雇用者","総数","民営","100～199人","10 飲料・たばこ・飼料製造業"
"004","012","000","001","013","840","00000","2014000000","39385","従業者数　総数","うち常用雇用者","総数","民営","100～199人","11 繊維工業"
"004","012","000","001","013","950","00000","2014000000","9961","従業者数　総数","うち常用雇用者","総数","民営","100～199人","12 木材・木製品製造業（家具を除く）"
"004","012","000","001","013","1010","00000","2014000000","10976","従業者数　総数","うち常用雇用者","総数","民営","100～199人","13 家具・装備品製造業"
"004","012","000","001","013","1070","00000","2014000000","36399","従業者数　総数","うち常用雇用者","総数","民営","100～199人","14 パルプ・紙・紙加工品製造業"
"004","012","000","001","013","1150","00000","2014000000","39054","従業者数　総数","うち常用雇用者","総数","民営","100～199人","15 印刷・同関連業"
"004","012","000","001","013","1210","00000","2014000000","77013","従業者数　総数","うち常用雇用者","総数","民営","100～199人","16 化学工業"
"004","012","000","001","013","1300","00000","2014000000","2679","従業者数　総数","うち常用雇用者","総数","民営","100～199人","17 石油製品・石炭製品製造業"
"004","012","000","001","013","1370","00000","2014000000","67248","従業者数　総数","うち常用雇用者","総数","民営","100～199人","18 プラスチック製品製造業（別掲を除く）"
"004","012","000","001","013","1450","00000","2014000000","15705","従業者数　総数","うち常用雇用者","総数","民営","100～199人","19 ゴム製品製造業"
"004","012","000","001","013","1510","00000","2014000000","1820","従業者数　総数","うち常用雇用者","総数","民営","100～199人","20 なめし革・同製品・毛皮製造業"
"004","012","000","001","013","1620","00000","2014000000","25914","従業者数　総数","うち常用雇用者","総数","民営","100～199人","21 窯業・土石製品製造業"
"004","012","000","001","013","1730","00000","2014000000","29813","従業者数　総数","うち常用雇用者","総数","民営","100～199人","22 鉄鋼業"
"004","012","000","001","013","1810","00000","2014000000","23461","従業者数　総数","うち常用雇用者","総数","民営","100～199人","23 非鉄金属製造業"
"004","012","000","001","013","1890","00000","2014000000","73199","従業者数　総数","うち常用雇用者","総数","民営","100～199人","24 金属製品製造業"
"004","012","000","001","013","2000","00000","2014000000","40018","従業者数　総数","うち常用雇用者","総数","民営","100～199人","25 はん用機械器具製造業"
"004","012","000","001","013","2060","00000","2014000000","70815","従業者数　総数","うち常用雇用者","総数","民営","100～199人","26 生産用機械器具製造業"
"004","012","000","001","013","2160","00000","2014000000","32714","従業者数　総数","うち常用雇用者","総数","民営","100～199人","27 業務用機械器具製造業"
"004","012","000","001","013","2240","00000","2014000000","62889","従業者数　総数","うち常用雇用者","総数","民営","100～199人","28 電子部品・デバイス・電子回路製造業"
"004","012","000","001","013","2320","00000","2014000000","61417","従業者数　総数","うち常用雇用者","総数","民営","100～199人","29 電気機械器具製造業"
"004","012","000","001","013","2420","00000","2014000000","22526","従業者数　総数","うち常用雇用者","総数","民営","100～199人","30 情報通信機械器具製造業"
"004","012","000","001","013","2470","00000","2014000000","99186","従業者数　総数","うち常用雇用者","総数","民営","100～199人","31 輸送用機械器具製造業"
"004","012","000","001","013","2550","00000","2014000000","22899","従業者数　総数","うち常用雇用者","総数","民営","100～199人","32 その他の製造業"
"004","012","000","001","013","2700","00000","2014000000","42047","従業者数　総数","うち常用雇用者","総数","民営","100～199人","F 電気・ガス・熱供給・水道業"
"004","012","000","001","013","2710","00000","2014000000","35480","従業者数　総数","うち常用雇用者","総数","民営","100～199人","33 電気業"
"004","012","000","001","013","2740","00000","2014000000","4680","従業者数　総数","うち常用雇用者","総数","民営","100～199人","34 ガス業"
"004","012","000","001","013","2770","00000","2014000000","118","従業者数　総数","うち常用雇用者","総数","民営","100～199人","35 熱供給業"
"004","012","000","001","013","2800","00000","2014000000","1769","従業者数　総数","うち常用雇用者","総数","民営","100～199人","36 水道業"
"004","012","000","001","013","2850","00000","2014000000","209096","従業者数　総数","うち常用雇用者","総数","民営","100～199人","G 情報通信業"
"004","012","000","001","013","2860","00000","2014000000","15799","従業者数　総数","うち常用雇用者","総数","民営","100～199人","37 通信業"
"004","012","000","001","013","2910","00000","2014000000","14549","従業者数　総数","うち常用雇用者","総数","民営","100～199人","38 放送業"
"004","012","000","001","013","2960","00000","2014000000","145234","従業者数　総数","うち常用雇用者","総数","民営","100～199人","39 情報サービス業"
"004","012","000","001","013","3030","00000","2014000000","8694","従業者数　総数","うち常用雇用者","総数","民営","100～199人","40 インターネット附随サービス業"
"004","012","000","001","013","3060","00000","2014000000","24820","従業者数　総数","うち常用雇用者","総数","民営","100～199人","41 映像・音声・文字情報制作業"
"004","012","000","001","013","3140","00000","2014000000","470538","従業者数　総数","うち常用雇用者","総数","民営","100～199人","H 運輸業，郵便業"
"004","012","000","001","013","3150","00000","2014000000","44907","従業者数　総数","うち常用雇用者","総数","民営","100～199人","42 鉄道業"
"004","012","000","001","013","3180","00000","2014000000","145144","従業者数　総数","うち常用雇用者","総数","民営","100～199人","43 道路旅客運送業"
"004","012","000","001","013","3240","00000","2014000000","191031","従業者数　総数","うち常用雇用者","総数","民営","100～199人","44 道路貨物運送業"
"004","012","000","001","013","3310","00000","2014000000","5116","従業者数　総数","うち常用雇用者","総数","民営","100～199人","45 水運業"
"004","012","000","001","013","3370","00000","2014000000","4642","従業者数　総数","うち常用雇用者","総数","民営","100～199人","46 航空運輸業"
"004","012","000","001","013","3410","00000","2014000000","26275","従業者数　総数","うち常用雇用者","総数","民営","100～199人","47 倉庫業"
"004","012","000","001","013","3450","00000","2014000000","52117","従業者数　総数","うち常用雇用者","総数","民営","100～199人","48 運輸に附帯するサービス業"
"004","012","000","001","013","3530","00000","2014000000","1306","従業者数　総数","うち常用雇用者","総数","民営","100～199人","49 郵便業（信書便事業を含む）"
"004","012","000","001","013","3560","00000","2014000000","799660","従業者数　総数","うち常用雇用者","総数","民営","100～199人","I 卸売業，小売業"
"004","012","000","001","013","3570","00000","2014000000","1540","従業者数　総数","うち常用雇用者","総数","民営","100～199人","50 各種商品卸売業"
"004","012","000","001","013","3620","00000","2014000000","21461","従業者数　総数","うち常用雇用者","総数","民営","100～199人","51 繊維・衣服等卸売業"
"004","012","000","001","013","3670","00000","2014000000","61463","従業者数　総数","うち常用雇用者","総数","民営","100～199人","52 飲食料品卸売業"
"004","012","000","001","013","3760","00000","2014000000","35447","従業者数　総数","うち常用雇用者","総数","民営","100～199人","53 建築材料，鉱物・金属材料等卸売業"
"004","012","000","001","013","3840","00000","2014000000","83431","従業者数　総数","うち常用雇用者","総数","民営","100～199人","54 機械器具卸売業"
"004","012","000","001","013","3900","00000","2014000000","70088","従業者数　総数","うち常用雇用者","総数","民営","100～199人","55 その他の卸売業"
"004","012","000","001","013","3980","00000","2014000000","90327","従業者数　総数","うち常用雇用者","総数","民営","100～199人","56 各種商品小売業"
"004","012","000","001","013","4020","00000","2014000000","20492","従業者数　総数","うち常用雇用者","総数","民営","100～199人","57 織物・衣服・身の回り品小売業"
"004","012","000","001","013","4090","00000","2014000000","297640","従業者数　総数","うち常用雇用者","総数","民営","100～199人","58 飲食料品小売業"
"004","012","000","001","013","4200","00000","2014000000","22894","従業者数　総数","うち常用雇用者","総数","民営","100～199人","59 機械器具小売業"
"004","012","000","001","013","4250","00000","2014000000","74425","従業者数　総数","うち常用雇用者","総数","民営","100～199人","60 その他の小売業"
"004","012","000","001","013","4430","00000","2014000000","20452","従業者数　総数","うち常用雇用者","総数","民営","100～199人","61 無店舗小売業"
"004","012","000","001","013","4480","00000","2014000000","99902","従業者数　総数","うち常用雇用者","総数","民営","100～199人","J 金融業，保険業"
"004","012","000","001","013","4490","00000","2014000000","22014","従業者数　総数","うち常用雇用者","総数","民営","100～199人","62 銀行業"
"004","012","000","001","013","4530","00000","2014000000","14232","従業者数　総数","うち常用雇用者","総数","民営","100～199人","63 協同組織金融業"
"004","012","000","001","013","4570","00000","2014000000","13992","従業者数　総数","うち常用雇用者","総数","民営","100～199人","64 貸金業，クレジットカード業等非預金信用機関"
"004","012","000","001","013","4630","00000","2014000000","9773","従業者数　総数","うち常用雇用者","総数","民営","100～199人","65 金融商品取引業，商品先物取引業"
"004","012","000","001","013","4670","00000","2014000000","4785","従業者数　総数","うち常用雇用者","総数","民営","100～199人","66 補助的金融業等"
"004","012","000","001","013","4720","00000","2014000000","35106","従業者数　総数","うち常用雇用者","総数","民営","100～199人","67 保険業（保険媒介代理業，保険サービス業を含む）"
"004","012","000","001","013","4790","00000","2014000000","61403","従業者数　総数","うち常用雇用者","総数","民営","100～199人","K 不動産業，物品賃貸業"
"004","012","000","001","013","4800","00000","2014000000","13679","従業者数　総数","うち常用雇用者","総数","民営","100～199人","68 不動産取引業"
"004","012","000","001","013","4840","00000","2014000000","35925","従業者数　総数","うち常用雇用者","総数","民営","100～199人","69 不動産賃貸業・管理業"
"004","012","000","001","013","4900","00000","2014000000","11799","従業者数　総数","うち常用雇用者","総数","民営","100～199人","70 物品賃貸業"
"004","012","000","001","013","5000","00000","2014000000","131430","従業者数　総数","うち常用雇用者","総数","民営","100～199人","L 学術研究，専門・技術サービス業"
"004","012","000","001","013","5010","00000","2014000000","34616","従業者数　総数","うち常用雇用者","総数","民営","100～199人","71 学術・開発研究機関"
"004","012","000","001","013","5050","00000","2014000000","28542","従業者数　総数","うち常用雇用者","総数","民営","100～199人","72 専門サービス業（他に分類されないもの）"
"004","012","000","001","013","5240","00000","2014000000","9260","従業者数　総数","うち常用雇用者","総数","民営","100～199人","73 広告業"
"004","012","000","001","013","5270","00000","2014000000","59012","従業者数　総数","うち常用雇用者","総数","民営","100～199人","74 技術サービス業（他に分類されないもの）"
"004","012","000","001","013","5390","00000","2014000000","173079","従業者数　総数","うち常用雇用者","総数","民営","100～199人","M 宿泊業，飲食サービス業"
"004","012","000","001","013","5400","00000","2014000000","77426","従業者数　総数","うち常用雇用者","総数","民営","100～199人","75 宿泊業"
"004","012","000","001","013","5480","00000","2014000000","72777","従業者数　総数","うち常用雇用者","総数","民営","100～199人","76 飲食店"
"004","012","000","001","013","5650","00000","2014000000","22876","従業者数　総数","うち常用雇用者","総数","民営","100～199人","77 持ち帰り・配達飲食サービス業"
"004","012","000","001","013","5690","00000","2014000000","107528","従業者数　総数","うち常用雇用者","総数","民営","100～199人","N 生活関連サービス業，娯楽業"
"004","012","000","001","013","5700","00000","2014000000","33126","従業者数　総数","うち常用雇用者","総数","民営","100～199人","78 洗濯・理容・美容・浴場業"
"004","012","000","001","013","5800","00000","2014000000","26600","従業者数　総数","うち常用雇用者","総数","民営","100～199人","79 その他の生活関連サービス業"
"004","012","000","001","013","5930","00000","2014000000","47802","従業者数　総数","うち常用雇用者","総数","民営","100～199人","80 娯楽業"
"004","012","000","001","013","6160","00000","2014000000","132075","従業者数　総数","うち常用雇用者","総数","民営","100～199人","O 教育，学習支援業"
"004","012","000","001","013","6170","00000","2014000000","111211","従業者数　総数","うち常用雇用者","総数","民営","100～199人","81 学校教育"
"004","012","000","001","013","6270","00000","2014000000","20864","従業者数　総数","うち常用雇用者","総数","民営","100～199人","82 その他の教育，学習支援業"
"004","012","000","001","013","6460","00000","2014000000","730043","従業者数　総数","うち常用雇用者","総数","民営","100～199人","P 医療，福祉"
"004","012","000","001","013","6470","00000","2014000000","394459","従業者数　総数","うち常用雇用者","総数","民営","100～199人","83 医療業"
"004","012","000","001","013","6590","00000","2014000000","14406","従業者数　総数","うち常用雇用者","総数","民営","100～199人","84 保健衛生"
"004","012","000","001","013","6640","00000","2014000000","321178","従業者数　総数","うち常用雇用者","総数","民営","100～199人","85 社会保険・社会福祉・介護事業"
"004","012","000","001","013","6830","00000","2014000000","69687","従業者数　総数","うち常用雇用者","総数","民営","100～199人","Q 複合サービス事業"
"004","012","000","001","013","6840","00000","2014000000","51828","従業者数　総数","うち常用雇用者","総数","民営","100～199人","86 郵便局"
"004","012","000","001","013","6880","00000","2014000000","17859","従業者数　総数","うち常用雇用者","総数","民営","100～199人","87 協同組合（他に分類されないもの）"
"004","012","000","001","013","6920","00000","2014000000","577237","従業者数　総数","うち常用雇用者","総数","民営","100～199人","R サービス業（他に分類されないもの）"
"004","012","000","001","013","6930","00000","2014000000","13899","従業者数　総数","うち常用雇用者","総数","民営","100～199人","88 廃棄物処理業"
"004","012","000","001","013","6980","00000","2014000000","3281","従業者数　総数","うち常用雇用者","総数","民営","100～199人","89 自動車整備業"
"004","012","000","001","013","7010","00000","2014000000","18699","従業者数　総数","うち常用雇用者","総数","民営","100～199人","90 機械等修理業（別掲を除く）"
"004","012","000","001","013","7070","00000","2014000000","157423","従業者数　総数","うち常用雇用者","総数","民営","100～199人","91 職業紹介・労働者派遣業"
"004","012","000","001","013","7110","00000","2014000000","362548","従業者数　総数","うち常用雇用者","総数","民営","100～199人","92 その他の事業サービス業"
"004","012","000","001","013","7170","00000","2014000000","14893","従業者数　総数","うち常用雇用者","総数","民営","100～199人","93 政治・経済・文化団体"
"004","012","000","001","013","7230","00000","2014000000","4490","従業者数　総数","うち常用雇用者","総数","民営","100～199人","94 宗教"
"004","012","000","001","013","7280","00000","2014000000","2004","従業者数　総数","うち常用雇用者","総数","民営","100～199人","95 その他のサービス業"
"004","012","000","001","014","010","00000","2014000000","2346485","従業者数　総数","うち常用雇用者","総数","民営","200～299人","A～R 全産業（S公務を除く）"
"004","012","000","001","014","020","00000","2014000000","4879","従業者数　総数","うち常用雇用者","総数","民営","200～299人","A～B 農林漁業"
"004","012","000","001","014","030","00000","2014000000","4390","従業者数　総数","うち常用雇用者","総数","民営","200～299人","A 農業，林業"
"004","012","000","001","014","040","00000","2014000000","4390","従業者数　総数","うち常用雇用者","総数","民営","200～299人","01 農業"
"004","012","000","001","014","170","00000","2014000000","489","従業者数　総数","うち常用雇用者","総数","民営","200～299人","B 漁業"
"004","012","000","001","014","180","00000","2014000000","277","従業者数　総数","うち常用雇用者","総数","民営","200～299人","03 漁業（水産養殖業を除く）"
"004","012","000","001","014","220","00000","2014000000","212","従業者数　総数","うち常用雇用者","総数","民営","200～299人","04 水産養殖業"
"004","012","000","001","014","270","00000","2014000000","2341606","従業者数　総数","うち常用雇用者","総数","民営","200～299人","C～R 非農林漁業（S公務を除く）"
"004","012","000","001","014","280","00000","2014000000","410","従業者数　総数","うち常用雇用者","総数","民営","200～299人","C 鉱業，採石業，砂利採取業"
"004","012","000","001","014","290","00000","2014000000","410","従業者数　総数","うち常用雇用者","総数","民営","200～299人","05 鉱業，採石業，砂利採取業"
"004","012","000","001","014","370","00000","2014000000","59325","従業者数　総数","うち常用雇用者","総数","民営","200～299人","D 建設業"
"004","012","000","001","014","380","00000","2014000000","31652","従業者数　総数","うち常用雇用者","総数","民営","200～299人","06 総合工事業"
"004","012","000","001","014","460","00000","2014000000","3822","従業者数　総数","うち常用雇用者","総数","民営","200～299人","07 職別工事業（設備工事業を除く）"
"004","012","000","001","014","570","00000","2014000000","23851","従業者数　総数","うち常用雇用者","総数","民営","200～299人","08 設備工事業"
"004","012","000","001","014","640","00000","2014000000","572913","従業者数　総数","うち常用雇用者","総数","民営","200～299人","E 製造業"
"004","012","000","001","014","650","00000","2014000000","109891","従業者数　総数","うち常用雇用者","総数","民営","200～299人","09 食料品製造業"
"004","012","000","001","014","760","00000","2014000000","9117","従業者数　総数","うち常用雇用者","総数","民営","200～299人","10 飲料・たばこ・飼料製造業"
"004","012","000","001","014","840","00000","2014000000","15614","従業者数　総数","うち常用雇用者","総数","民営","200～299人","11 繊維工業"
"004","012","000","001","014","950","00000","2014000000","2552","従業者数　総数","うち常用雇用者","総数","民営","200～299人","12 木材・木製品製造業（家具を除く）"
"004","012","000","001","014","1010","00000","2014000000","4658","従業者数　総数","うち常用雇用者","総数","民営","200～299人","13 家具・装備品製造業"
"004","012","000","001","014","1070","00000","2014000000","12142","従業者数　総数","うち常用雇用者","総数","民営","200～299人","14 パルプ・紙・紙加工品製造業"
"004","012","000","001","014","1150","00000","2014000000","11368","従業者数　総数","うち常用雇用者","総数","民営","200～299人","15 印刷・同関連業"
"004","012","000","001","014","1210","00000","2014000000","48425","従業者数　総数","うち常用雇用者","総数","民営","200～299人","16 化学工業"
"004","012","000","001","014","1300","00000","2014000000","1258","従業者数　総数","うち常用雇用者","総数","民営","200～299人","17 石油製品・石炭製品製造業"
"004","012","000","001","014","1370","00000","2014000000","27578","従業者数　総数","うち常用雇用者","総数","民営","200～299人","18 プラスチック製品製造業（別掲を除く）"
"004","012","000","001","014","1450","00000","2014000000","9538","従業者数　総数","うち常用雇用者","総数","民営","200～299人","19 ゴム製品製造業"
"004","012","000","001","014","1620","00000","2014000000","11816","従業者数　総数","うち常用雇用者","総数","民営","200～299人","21 窯業・土石製品製造業"
"004","012","000","001","014","1730","00000","2014000000","18535","従業者数　総数","うち常用雇用者","総数","民営","200～299人","22 鉄鋼業"
"004","012","000","001","014","1810","00000","2014000000","14044","従業者数　総数","うち常用雇用者","総数","民営","200～299人","23 非鉄金属製造業"
"004","012","000","001","014","1890","00000","2014000000","29686","従業者数　総数","うち常用雇用者","総数","民営","200～299人","24 金属製品製造業"
"004","012","000","001","014","2000","00000","2014000000","25817","従業者数　総数","うち常用雇用者","総数","民営","200～299人","25 はん用機械器具製造業"
"004","012","000","001","014","2060","00000","2014000000","36973","従業者数　総数","うち常用雇用者","総数","民営","200～299人","26 生産用機械器具製造業"
"004","012","000","001","014","2160","00000","2014000000","20442","従業者数　総数","うち常用雇用者","総数","民営","200～299人","27 業務用機械器具製造業"
"004","012","000","001","014","2240","00000","2014000000","39147","従業者数　総数","うち常用雇用者","総数","民営","200～299人","28 電子部品・デバイス・電子回路製造業"
"004","012","000","001","014","2320","00000","2014000000","39721","従業者数　総数","うち常用雇用者","総数","民営","200～299人","29 電気機械器具製造業"
"004","012","000","001","014","2420","00000","2014000000","12419","従業者数　総数","うち常用雇用者","総数","民営","200～299人","30 情報通信機械器具製造業"
"004","012","000","001","014","2470","00000","2014000000","59655","従業者数　総数","うち常用雇用者","総数","民営","200～299人","31 輸送用機械器具製造業"
"004","012","000","001","014","2550","00000","2014000000","12517","従業者数　総数","うち常用雇用者","総数","民営","200～299人","32 その他の製造業"
"004","012","000","001","014","2700","00000","2014000000","22672","従業者数　総数","うち常用雇用者","総数","民営","200～299人","F 電気・ガス・熱供給・水道業"
"004","012","000","001","014","2710","00000","2014000000","19015","従業者数　総数","うち常用雇用者","総数","民営","200～299人","33 電気業"
"004","012","000","001","014","2740","00000","2014000000","3140","従業者数　総数","うち常用雇用者","総数","民営","200～299人","34 ガス業"
"004","012","000","001","014","2800","00000","2014000000","517","従業者数　総数","うち常用雇用者","総数","民営","200～299人","36 水道業"
"004","012","000","001","014","2850","00000","2014000000","115430","従業者数　総数","うち常用雇用者","総数","民営","200～299人","G 情報通信業"
"004","012","000","001","014","2860","00000","2014000000","9784","従業者数　総数","うち常用雇用者","総数","民営","200～299人","37 通信業"
"004","012","000","001","014","2910","00000","2014000000","2238","従業者数　総数","うち常用雇用者","総数","民営","200～299人","38 放送業"
"004","012","000","001","014","2960","00000","2014000000","82017","従業者数　総数","うち常用雇用者","総数","民営","200～299人","39 情報サービス業"
"004","012","000","001","014","3030","00000","2014000000","5632","従業者数　総数","うち常用雇用者","総数","民営","200～299人","40 インターネット附随サービス業"
"004","012","000","001","014","3060","00000","2014000000","15759","従業者数　総数","うち常用雇用者","総数","民営","200～299人","41 映像・音声・文字情報制作業"
"004","012","000","001","014","3140","00000","2014000000","192557","従業者数　総数","うち常用雇用者","総数","民営","200～299人","H 運輸業，郵便業"
"004","012","000","001","014","3150","00000","2014000000","31660","従業者数　総数","うち常用雇用者","総数","民営","200～299人","42 鉄道業"
"004","012","000","001","014","3180","00000","2014000000","55331","従業者数　総数","うち常用雇用者","総数","民営","200～299人","43 道路旅客運送業"
"004","012","000","001","014","3240","00000","2014000000","56455","従業者数　総数","うち常用雇用者","総数","民営","200～299人","44 道路貨物運送業"
"004","012","000","001","014","3310","00000","2014000000","1440","従業者数　総数","うち常用雇用者","総数","民営","200～299人","45 水運業"
"004","012","000","001","014","3370","00000","2014000000","3323","従業者数　総数","うち常用雇用者","総数","民営","200～299人","46 航空運輸業"
"004","012","000","001","014","3410","00000","2014000000","11648","従業者数　総数","うち常用雇用者","総数","民営","200～299人","47 倉庫業"
"004","012","000","001","014","3450","00000","2014000000","22078","従業者数　総数","うち常用雇用者","総数","民営","200～299人","48 運輸に附帯するサービス業"
"004","012","000","001","014","3530","00000","2014000000","10622","従業者数　総数","うち常用雇用者","総数","民営","200～299人","49 郵便業（信書便事業を含む）"
"004","012","000","001","014","3560","00000","2014000000","312135","従業者数　総数","うち常用雇用者","総数","民営","200～299人","I 卸売業，小売業"
"004","012","000","001","014","3570","00000","2014000000","1698","従業者数　総数","うち常用雇用者","総数","民営","200～299人","50 各種商品卸売業"
"004","012","000","001","014","3620","00000","2014000000","11470","従業者数　総数","うち常用雇用者","総数","民営","200～299人","51 繊維・衣服等卸売業"
"004","012","000","001","014","3670","00000","2014000000","24192","従業者数　総数","うち常用雇用者","総数","民営","200～299人","52 飲食料品卸売業"
"004","012","000","001","014","3760","00000","2014000000","14302","従業者数　総数","うち常用雇用者","総数","民営","200～299人","53 建築材料，鉱物・金属材料等卸売業"
"004","012","000","001","014","3840","00000","2014000000","40251","従業者数　総数","うち常用雇用者","総数","民営","200～299人","54 機械器具卸売業"
"004","012","000","001","014","3900","00000","2014000000","31186","従業者数　総数","うち常用雇用者","総数","民営","200～299人","55 その他の卸売業"
"004","012","000","001","014","3980","00000","2014000000","90093","従業者数　総数","うち常用雇用者","総数","民営","200～299人","56 各種商品小売業"
"004","012","000","001","014","4020","00000","2014000000","8085","従業者数　総数","うち常用雇用者","総数","民営","200～299人","57 織物・衣服・身の回り品小売業"
"004","012","000","001","014","4090","00000","2014000000","46841","従業者数　総数","うち常用雇用者","総数","民営","200～299人","58 飲食料品小売業"
"004","012","000","001","014","4200","00000","2014000000","9390","従業者数　総数","うち常用雇用者","総数","民営","200～299人","59 機械器具小売業"
"004","012","000","001","014","4250","00000","2014000000","23134","従業者数　総数","うち常用雇用者","総数","民営","200～299人","60 その他の小売業"
"004","012","000","001","014","4430","00000","2014000000","11493","従業者数　総数","うち常用雇用者","総数","民営","200～299人","61 無店舗小売業"
"004","012","000","001","014","4480","00000","2014000000","52799","従業者数　総数","うち常用雇用者","総数","民営","200～299人","J 金融業，保険業"
"004","012","000","001","014","4490","00000","2014000000","7419","従業者数　総数","うち常用雇用者","総数","民営","200～299人","62 銀行業"
"004","012","000","001","014","4530","00000","2014000000","8046","従業者数　総数","うち常用雇用者","総数","民営","200～299人","63 協同組織金融業"
"004","012","000","001","014","4570","00000","2014000000","12013","従業者数　総数","うち常用雇用者","総数","民営","200～299人","64 貸金業，クレジットカード業等非預金信用機関"
"004","012","000","001","014","4630","00000","2014000000","4826","従業者数　総数","うち常用雇用者","総数","民営","200～299人","65 金融商品取引業，商品先物取引業"
"004","012","000","001","014","4670","00000","2014000000","2069","従業者数　総数","うち常用雇用者","総数","民営","200～299人","66 補助的金融業等"
"004","012","000","001","014","4720","00000","2014000000","18426","従業者数　総数","うち常用雇用者","総数","民営","200～299人","67 保険業（保険媒介代理業，保険サービス業を含む）"
"004","012","000","001","014","4790","00000","2014000000","26098","従業者数　総数","うち常用雇用者","総数","民営","200～299人","K 不動産業，物品賃貸業"
"004","012","000","001","014","4800","00000","2014000000","4839","従業者数　総数","うち常用雇用者","総数","民営","200～299人","68 不動産取引業"
"004","012","000","001","014","4840","00000","2014000000","16482","従業者数　総数","うち常用雇用者","総数","民営","200～299人","69 不動産賃貸業・管理業"
"004","012","000","001","014","4900","00000","2014000000","4777","従業者数　総数","うち常用雇用者","総数","民営","200～299人","70 物品賃貸業"
"004","012","000","001","014","5000","00000","2014000000","68609","従業者数　総数","うち常用雇用者","総数","民営","200～299人","L 学術研究，専門・技術サービス業"
"004","012","000","001","014","5010","00000","2014000000","25454","従業者数　総数","うち常用雇用者","総数","民営","200～299人","71 学術・開発研究機関"
"004","012","000","001","014","5050","00000","2014000000","11794","従業者数　総数","うち常用雇用者","総数","民営","200～299人","72 専門サービス業（他に分類されないもの）"
"004","012","000","001","014","5240","00000","2014000000","5156","従業者数　総数","うち常用雇用者","総数","民営","200～299人","73 広告業"
"004","012","000","001","014","5270","00000","2014000000","26205","従業者数　総数","うち常用雇用者","総数","民営","200～299人","74 技術サービス業（他に分類されないもの）"
"004","012","000","001","014","5390","00000","2014000000","59174","従業者数　総数","うち常用雇用者","総数","民営","200～299人","M 宿泊業，飲食サービス業"
"004","012","000","001","014","5400","00000","2014000000","34159","従業者数　総数","うち常用雇用者","総数","民営","200～299人","75 宿泊業"
"004","012","000","001","014","5480","00000","2014000000","16874","従業者数　総数","うち常用雇用者","総数","民営","200～299人","76 飲食店"
"004","012","000","001","014","5650","00000","2014000000","8141","従業者数　総数","うち常用雇用者","総数","民営","200～299人","77 持ち帰り・配達飲食サービス業"
"004","012","000","001","014","5690","00000","2014000000","31776","従業者数　総数","うち常用雇用者","総数","民営","200～299人","N 生活関連サービス業，娯楽業"
"004","012","000","001","014","5700","00000","2014000000","7403","従業者数　総数","うち常用雇用者","総数","民営","200～299人","78 洗濯・理容・美容・浴場業"
"004","012","000","001","014","5800","00000","2014000000","10284","従業者数　総数","うち常用雇用者","総数","民営","200～299人","79 その他の生活関連サービス業"
"004","012","000","001","014","5930","00000","2014000000","14089","従業者数　総数","うち常用雇用者","総数","民営","200～299人","80 娯楽業"
"004","012","000","001","014","6160","00000","2014000000","65556","従業者数　総数","うち常用雇用者","総数","民営","200～299人","O 教育，学習支援業"
"004","012","000","001","014","6170","00000","2014000000","54119","従業者数　総数","うち常用雇用者","総数","民営","200～299人","81 学校教育"
"004","012","000","001","014","6270","00000","2014000000","11437","従業者数　総数","うち常用雇用者","総数","民営","200～299人","82 その他の教育，学習支援業"
"004","012","000","001","014","6460","00000","2014000000","388966","従業者数　総数","うち常用雇用者","総数","民営","200～299人","P 医療，福祉"
"004","012","000","001","014","6470","00000","2014000000","331284","従業者数　総数","うち常用雇用者","総数","民営","200～299人","83 医療業"
"004","012","000","001","014","6590","00000","2014000000","6118","従業者数　総数","うち常用雇用者","総数","民営","200～299人","84 保健衛生"
"004","012","000","001","014","6640","00000","2014000000","51564","従業者数　総数","うち常用雇用者","総数","民営","200～299人","85 社会保険・社会福祉・介護事業"
"004","012","000","001","014","6830","00000","2014000000","50831","従業者数　総数","うち常用雇用者","総数","民営","200～299人","Q 複合サービス事業"
"004","012","000","001","014","6840","00000","2014000000","43425","従業者数　総数","うち常用雇用者","総数","民営","200～299人","86 郵便局"
"004","012","000","001","014","6880","00000","2014000000","7406","従業者数　総数","うち常用雇用者","総数","民営","200～299人","87 協同組合（他に分類されないもの）"
"004","012","000","001","014","6920","00000","2014000000","322355","従業者数　総数","うち常用雇用者","総数","民営","200～299人","R サービス業（他に分類されないもの）"
"004","012","000","001","014","6930","00000","2014000000","3266","従業者数　総数","うち常用雇用者","総数","民営","200～299人","88 廃棄物処理業"
"004","012","000","001","014","6980","00000","2014000000","1493","従業者数　総数","うち常用雇用者","総数","民営","200～299人","89 自動車整備業"
"004","012","000","001","014","7010","00000","2014000000","9151","従業者数　総数","うち常用雇用者","総数","民営","200～299人","90 機械等修理業（別掲を除く）"
"004","012","000","001","014","7070","00000","2014000000","103597","従業者数　総数","うち常用雇用者","総数","民営","200～299人","91 職業紹介・労働者派遣業"
"004","012","000","001","014","7110","00000","2014000000","196051","従業者数　総数","うち常用雇用者","総数","民営","200～299人","92 その他の事業サービス業"
"004","012","000","001","014","7170","00000","2014000000","6432","従業者数　総数","うち常用雇用者","総数","民営","200～299人","93 政治・経済・文化団体"
"004","012","000","001","014","7230","00000","2014000000","2151","従業者数　総数","うち常用雇用者","総数","民営","200～299人","94 宗教"
"004","012","000","001","014","7280","00000","2014000000","214","従業者数　総数","うち常用雇用者","総数","民営","200～299人","95 その他のサービス業"
"004","012","000","001","015","010","00000","2014000000","7957637","従業者数　総数","うち常用雇用者","総数","民営","300人以上","A～R 全産業（S公務を除く）"
"004","012","000","001","015","020","00000","2014000000","1353","従業者数　総数","うち常用雇用者","総数","民営","300人以上","A～B 農林漁業"
"004","012","000","001","015","030","00000","2014000000","1353","従業者数　総数","うち常用雇用者","総数","民営","300人以上","A 農業，林業"
"004","012","000","001","015","040","00000","2014000000","1353","従業者数　総数","うち常用雇用者","総数","民営","300人以上","01 農業"
"004","012","000","001","015","270","00000","2014000000","7956284","従業者数　総数","うち常用雇用者","総数","民営","300人以上","C～R 非農林漁業（S公務を除く）"
"004","012","000","001","015","280","00000","2014000000","1414","従業者数　総数","うち常用雇用者","総数","民営","300人以上","C 鉱業，採石業，砂利採取業"
"004","012","000","001","015","290","00000","2014000000","1414","従業者数　総数","うち常用雇用者","総数","民営","300人以上","05 鉱業，採石業，砂利採取業"
"004","012","000","001","015","370","00000","2014000000","152031","従業者数　総数","うち常用雇用者","総数","民営","300人以上","D 建設業"
"004","012","000","001","015","380","00000","2014000000","87419","従業者数　総数","うち常用雇用者","総数","民営","300人以上","06 総合工事業"
"004","012","000","001","015","460","00000","2014000000","1891","従業者数　総数","うち常用雇用者","総数","民営","300人以上","07 職別工事業（設備工事業を除く）"
"004","012","000","001","015","570","00000","2014000000","62721","従業者数　総数","うち常用雇用者","総数","民営","300人以上","08 設備工事業"
"004","012","000","001","015","640","00000","2014000000","2441466","従業者数　総数","うち常用雇用者","総数","民営","300人以上","E 製造業"
"004","012","000","001","015","650","00000","2014000000","243089","従業者数　総数","うち常用雇用者","総数","民営","300人以上","09 食料品製造業"
"004","012","000","001","015","760","00000","2014000000","12669","従業者数　総数","うち常用雇用者","総数","民営","300人以上","10 飲料・たばこ・飼料製造業"
"004","012","000","001","015","840","00000","2014000000","21294","従業者数　総数","うち常用雇用者","総数","民営","300人以上","11 繊維工業"
"004","012","000","001","015","950","00000","2014000000","1564","従業者数　総数","うち常用雇用者","総数","民営","300人以上","12 木材・木製品製造業（家具を除く）"
"004","012","000","001","015","1010","00000","2014000000","15973","従業者数　総数","うち常用雇用者","総数","民営","300人以上","13 家具・装備品製造業"
"004","012","000","001","015","1070","00000","2014000000","18363","従業者数　総数","うち常用雇用者","総数","民営","300人以上","14 パルプ・紙・紙加工品製造業"
"004","012","000","001","015","1150","00000","2014000000","40677","従業者数　総数","うち常用雇用者","総数","民営","300人以上","15 印刷・同関連業"
"004","012","000","001","015","1210","00000","2014000000","166106","従業者数　総数","うち常用雇用者","総数","民営","300人以上","16 化学工業"
"004","012","000","001","015","1300","00000","2014000000","15711","従業者数　総数","うち常用雇用者","総数","民営","300人以上","17 石油製品・石炭製品製造業"
"004","012","000","001","015","1370","00000","2014000000","61184","従業者数　総数","うち常用雇用者","総数","民営","300人以上","18 プラスチック製品製造業（別掲を除く）"
"004","012","000","001","015","1450","00000","2014000000","52208","従業者数　総数","うち常用雇用者","総数","民営","300人以上","19 ゴム製品製造業"
"004","012","000","001","015","1510","00000","2014000000","396","従業者数　総数","うち常用雇用者","総数","民営","300人以上","20 なめし革・同製品・毛皮製造業"
"004","012","000","001","015","1620","00000","2014000000","32117","従業者数　総数","うち常用雇用者","総数","民営","300人以上","21 窯業・土石製品製造業"
"004","012","000","001","015","1730","00000","2014000000","95450","従業者数　総数","うち常用雇用者","総数","民営","300人以上","22 鉄鋼業"
"004","012","000","001","015","1810","00000","2014000000","42425","従業者数　総数","うち常用雇用者","総数","民営","300人以上","23 非鉄金属製造業"
"004","012","000","001","015","1890","00000","2014000000","53325","従業者数　総数","うち常用雇用者","総数","民営","300人以上","24 金属製品製造業"
"004","012","000","001","015","2000","00000","2014000000","138575","従業者数　総数","うち常用雇用者","総数","民営","300人以上","25 はん用機械器具製造業"
"004","012","000","001","015","2060","00000","2014000000","114765","従業者数　総数","うち常用雇用者","総数","民営","300人以上","26 生産用機械器具製造業"
"004","012","000","001","015","2160","00000","2014000000","90461","従業者数　総数","うち常用雇用者","総数","民営","300人以上","27 業務用機械器具製造業"
"004","012","000","001","015","2240","00000","2014000000","222834","従業者数　総数","うち常用雇用者","総数","民営","300人以上","28 電子部品・デバイス・電子回路製造業"
"004","012","000","001","015","2320","00000","2014000000","209673","従業者数　総数","うち常用雇用者","総数","民営","300人以上","29 電気機械器具製造業"
"004","012","000","001","015","2420","00000","2014000000","140186","従業者数　総数","うち常用雇用者","総数","民営","300人以上","30 情報通信機械器具製造業"
"004","012","000","001","015","2470","00000","2014000000","625180","従業者数　総数","うち常用雇用者","総数","民営","300人以上","31 輸送用機械器具製造業"
"004","012","000","001","015","2550","00000","2014000000","27241","従業者数　総数","うち常用雇用者","総数","民営","300人以上","32 その他の製造業"
"004","012","000","001","015","2700","00000","2014000000","55694","従業者数　総数","うち常用雇用者","総数","民営","300人以上","F 電気・ガス・熱供給・水道業"
"004","012","000","001","015","2710","00000","2014000000","41969","従業者数　総数","うち常用雇用者","総数","民営","300人以上","33 電気業"
"004","012","000","001","015","2740","00000","2014000000","13332","従業者数　総数","うち常用雇用者","総数","民営","300人以上","34 ガス業"
"004","012","000","001","015","2800","00000","2014000000","393","従業者数　総数","うち常用雇用者","総数","民営","300人以上","36 水道業"
"004","012","000","001","015","2850","00000","2014000000","566747","従業者数　総数","うち常用雇用者","総数","民営","300人以上","G 情報通信業"
"004","012","000","001","015","2860","00000","2014000000","80842","従業者数　総数","うち常用雇用者","総数","民営","300人以上","37 通信業"
"004","012","000","001","015","2910","00000","2014000000","19661","従業者数　総数","うち常用雇用者","総数","民営","300人以上","38 放送業"
"004","012","000","001","015","2960","00000","2014000000","389554","従業者数　総数","うち常用雇用者","総数","民営","300人以上","39 情報サービス業"
"004","012","000","001","015","3030","00000","2014000000","26974","従業者数　総数","うち常用雇用者","総数","民営","300人以上","40 インターネット附随サービス業"
"004","012","000","001","015","3060","00000","2014000000","49716","従業者数　総数","うち常用雇用者","総数","民営","300人以上","41 映像・音声・文字情報制作業"
"004","012","000","001","015","3140","00000","2014000000","414386","従業者数　総数","うち常用雇用者","総数","民営","300人以上","H 運輸業，郵便業"
"004","012","000","001","015","3150","00000","2014000000","67771","従業者数　総数","うち常用雇用者","総数","民営","300人以上","42 鉄道業"
"004","012","000","001","015","3180","00000","2014000000","44938","従業者数　総数","うち常用雇用者","総数","民営","300人以上","43 道路旅客運送業"
"004","012","000","001","015","3240","00000","2014000000","128228","従業者数　総数","うち常用雇用者","総数","民営","300人以上","44 道路貨物運送業"
"004","012","000","001","015","3310","00000","2014000000","4007","従業者数　総数","うち常用雇用者","総数","民営","300人以上","45 水運業"
"004","012","000","001","015","3370","00000","2014000000","36443","従業者数　総数","うち常用雇用者","総数","民営","300人以上","46 航空運輸業"
"004","012","000","001","015","3410","00000","2014000000","19222","従業者数　総数","うち常用雇用者","総数","民営","300人以上","47 倉庫業"
"004","012","000","001","015","3450","00000","2014000000","42519","従業者数　総数","うち常用雇用者","総数","民営","300人以上","48 運輸に附帯するサービス業"
"004","012","000","001","015","3530","00000","2014000000","71258","従業者数　総数","うち常用雇用者","総数","民営","300人以上","49 郵便業（信書便事業を含む）"
"004","012","000","001","015","3560","00000","2014000000","784093","従業者数　総数","うち常用雇用者","総数","民営","300人以上","I 卸売業，小売業"
"004","012","000","001","015","3570","00000","2014000000","16413","従業者数　総数","うち常用雇用者","総数","民営","300人以上","50 各種商品卸売業"
"004","012","000","001","015","3620","00000","2014000000","50182","従業者数　総数","うち常用雇用者","総数","民営","300人以上","51 繊維・衣服等卸売業"
"004","012","000","001","015","3670","00000","2014000000","43336","従業者数　総数","うち常用雇用者","総数","民営","300人以上","52 飲食料品卸売業"
"004","012","000","001","015","3760","00000","2014000000","60912","従業者数　総数","うち常用雇用者","総数","民営","300人以上","53 建築材料，鉱物・金属材料等卸売業"
"004","012","000","001","015","3840","00000","2014000000","189305","従業者数　総数","うち常用雇用者","総数","民営","300人以上","54 機械器具卸売業"
"004","012","000","001","015","3900","00000","2014000000","99873","従業者数　総数","うち常用雇用者","総数","民営","300人以上","55 その他の卸売業"
"004","012","000","001","015","3980","00000","2014000000","166668","従業者数　総数","うち常用雇用者","総数","民営","300人以上","56 各種商品小売業"
"004","012","000","001","015","4020","00000","2014000000","17848","従業者数　総数","うち常用雇用者","総数","民営","300人以上","57 織物・衣服・身の回り品小売業"
"004","012","000","001","015","4090","00000","2014000000","59508","従業者数　総数","うち常用雇用者","総数","民営","300人以上","58 飲食料品小売業"
"004","012","000","001","015","4200","00000","2014000000","8710","従業者数　総数","うち常用雇用者","総数","民営","300人以上","59 機械器具小売業"
"004","012","000","001","015","4250","00000","2014000000","40510","従業者数　総数","うち常用雇用者","総数","民営","300人以上","60 その他の小売業"
"004","012","000","001","015","4430","00000","2014000000","30828","従業者数　総数","うち常用雇用者","総数","民営","300人以上","61 無店舗小売業"
"004","012","000","001","015","4480","00000","2014000000","268526","従業者数　総数","うち常用雇用者","総数","民営","300人以上","J 金融業，保険業"
"004","012","000","001","015","4490","00000","2014000000","105701","従業者数　総数","うち常用雇用者","総数","民営","300人以上","62 銀行業"
"004","012","000","001","015","4530","00000","2014000000","12088","従業者数　総数","うち常用雇用者","総数","民営","300人以上","63 協同組織金融業"
"004","012","000","001","015","4570","00000","2014000000","33774","従業者数　総数","うち常用雇用者","総数","民営","300人以上","64 貸金業，クレジットカード業等非預金信用機関"
"004","012","000","001","015","4630","00000","2014000000","31537","従業者数　総数","うち常用雇用者","総数","民営","300人以上","65 金融商品取引業，商品先物取引業"
"004","012","000","001","015","4670","00000","2014000000","2988","従業者数　総数","うち常用雇用者","総数","民営","300人以上","66 補助的金融業等"
"004","012","000","001","015","4720","00000","2014000000","82438","従業者数　総数","うち常用雇用者","総数","民営","300人以上","67 保険業（保険媒介代理業，保険サービス業を含む）"
"004","012","000","001","015","4790","00000","2014000000","83757","従業者数　総数","うち常用雇用者","総数","民営","300人以上","K 不動産業，物品賃貸業"
"004","012","000","001","015","4800","00000","2014000000","20804","従業者数　総数","うち常用雇用者","総数","民営","300人以上","68 不動産取引業"
"004","012","000","001","015","4840","00000","2014000000","41760","従業者数　総数","うち常用雇用者","総数","民営","300人以上","69 不動産賃貸業・管理業"
"004","012","000","001","015","4900","00000","2014000000","21193","従業者数　総数","うち常用雇用者","総数","民営","300人以上","70 物品賃貸業"
"004","012","000","001","015","5000","00000","2014000000","311786","従業者数　総数","うち常用雇用者","総数","民営","300人以上","L 学術研究，専門・技術サービス業"
"004","012","000","001","015","5010","00000","2014000000","126124","従業者数　総数","うち常用雇用者","総数","民営","300人以上","71 学術・開発研究機関"
"004","012","000","001","015","5050","00000","2014000000","67472","従業者数　総数","うち常用雇用者","総数","民営","300人以上","72 専門サービス業（他に分類されないもの）"
"004","012","000","001","015","5240","00000","2014000000","24987","従業者数　総数","うち常用雇用者","総数","民営","300人以上","73 広告業"
"004","012","000","001","015","5270","00000","2014000000","93203","従業者数　総数","うち常用雇用者","総数","民営","300人以上","74 技術サービス業（他に分類されないもの）"
"004","012","000","001","015","5390","00000","2014000000","175339","従業者数　総数","うち常用雇用者","総数","民営","300人以上","M 宿泊業，飲食サービス業"
"004","012","000","001","015","5400","00000","2014000000","63435","従業者数　総数","うち常用雇用者","総数","民営","300人以上","75 宿泊業"
"004","012","000","001","015","5480","00000","2014000000","60583","従業者数　総数","うち常用雇用者","総数","民営","300人以上","76 飲食店"
"004","012","000","001","015","5650","00000","2014000000","51321","従業者数　総数","うち常用雇用者","総数","民営","300人以上","77 持ち帰り・配達飲食サービス業"
"004","012","000","001","015","5690","00000","2014000000","89817","従業者数　総数","うち常用雇用者","総数","民営","300人以上","N 生活関連サービス業，娯楽業"
"004","012","000","001","015","5700","00000","2014000000","14361","従業者数　総数","うち常用雇用者","総数","民営","300人以上","78 洗濯・理容・美容・浴場業"
"004","012","000","001","015","5800","00000","2014000000","25603","従業者数　総数","うち常用雇用者","総数","民営","300人以上","79 その他の生活関連サービス業"
"004","012","000","001","015","5930","00000","2014000000","49853","従業者数　総数","うち常用雇用者","総数","民営","300人以上","80 娯楽業"
"004","012","000","001","015","6160","00000","2014000000","393038","従業者数　総数","うち常用雇用者","総数","民営","300人以上","O 教育，学習支援業"
"004","012","000","001","015","6170","00000","2014000000","366714","従業者数　総数","うち常用雇用者","総数","民営","300人以上","81 学校教育"
"004","012","000","001","015","6270","00000","2014000000","26324","従業者数　総数","うち常用雇用者","総数","民営","300人以上","82 その他の教育，学習支援業"
"004","012","000","001","015","6460","00000","2014000000","1154375","従業者数　総数","うち常用雇用者","総数","民営","300人以上","P 医療，福祉"
"004","012","000","001","015","6470","00000","2014000000","1096048","従業者数　総数","うち常用雇用者","総数","民営","300人以上","83 医療業"
"004","012","000","001","015","6590","00000","2014000000","6509","従業者数　総数","うち常用雇用者","総数","民営","300人以上","84 保健衛生"
"004","012","000","001","015","6640","00000","2014000000","51818","従業者数　総数","うち常用雇用者","総数","民営","300人以上","85 社会保険・社会福祉・介護事業"
"004","012","000","001","015","6830","00000","2014000000","117052","従業者数　総数","うち常用雇用者","総数","民営","300人以上","Q 複合サービス事業"
"004","012","000","001","015","6840","00000","2014000000","110271","従業者数　総数","うち常用雇用者","総数","民営","300人以上","86 郵便局"
"004","012","000","001","015","6880","00000","2014000000","6781","従業者数　総数","うち常用雇用者","総数","民営","300人以上","87 協同組合（他に分類されないもの）"
"004","012","000","001","015","6920","00000","2014000000","946763","従業者数　総数","うち常用雇用者","総数","民営","300人以上","R サービス業（他に分類されないもの）"
"004","012","000","001","015","6930","00000","2014000000","2223","従業者数　総数","うち常用雇用者","総数","民営","300人以上","88 廃棄物処理業"
"004","012","000","001","015","6980","00000","2014000000","340","従業者数　総数","うち常用雇用者","総数","民営","300人以上","89 自動車整備業"
"004","012","000","001","015","7010","00000","2014000000","19006","従業者数　総数","うち常用雇用者","総数","民営","300人以上","90 機械等修理業（別掲を除く）"
"004","012","000","001","015","7070","00000","2014000000","315384","従業者数　総数","うち常用雇用者","総数","民営","300人以上","91 職業紹介・労働者派遣業"
"004","012","000","001","015","7110","00000","2014000000","593350","従業者数　総数","うち常用雇用者","総数","民営","300人以上","92 その他の事業サービス業"
"004","012","000","001","015","7170","00000","2014000000","8578","従業者数　総数","うち常用雇用者","総数","民営","300人以上","93 政治・経済・文化団体"
"004","012","000","001","015","7230","00000","2014000000","7882","従業者数　総数","うち常用雇用者","総数","民営","300人以上","94 宗教"
