"@tab","@cat01","@cat02","@cat03","@area","@time","@unit","$","tabname","cat01name","cat02name","cat03name"
"102-2024","AR","00","0","00000","2024000000","事業所","4023941","事業所数","全産業（S_公務を除く）","総数","総数"
"102-2024","AR","01","0","00000","2024000000","事業所","334454","事業所数","全産業（S_公務を除く）","0人","総数"
"102-2024","AR","02","0","00000","2024000000","事業所","1844866","事業所数","全産業（S_公務を除く）","1～4人","総数"
"102-2024","AR","03","0","00000","2024000000","事業所","761355","事業所数","全産業（S_公務を除く）","5～9人","総数"
"102-2024","AR","04","0","00000","2024000000","事業所","545243","事業所数","全産業（S_公務を除く）","10～19人","総数"
"102-2024","AR","05","0","00000","2024000000","事業所","216262","事業所数","全産業（S_公務を除く）","20～29人","総数"
"102-2024","AR","06","0","00000","2024000000","事業所","160572","事業所数","全産業（S_公務を除く）","30～49人","総数"
"102-2024","AR","07","0","00000","2024000000","事業所","98437","事業所数","全産業（S_公務を除く）","50～99人","総数"
"102-2024","AR","08","0","00000","2024000000","事業所","39393","事業所数","全産業（S_公務を除く）","100～199人","総数"
"102-2024","AR","09","0","00000","2024000000","事業所","10598","事業所数","全産業（S_公務を除く）","200～299人","総数"
"102-2024","AR","10","0","00000","2024000000","事業所","12761","事業所数","全産業（S_公務を除く）","300人以上","総数"
"102-2024","AB","00","0","00000","2024000000","事業所","44204","事業所数","農林漁業","総数","総数"
"102-2024","AB","01","0","00000","2024000000","事業所","5564","事業所数","農林漁業","0人","総数"
"102-2024","AB","02","0","00000","2024000000","事業所","20038","事業所数","農林漁業","1～4人","総数"
"102-2024","AB","03","0","00000","2024000000","事業所","9302","事業所数","農林漁業","5～9人","総数"
"102-2024","AB","04","0","00000","2024000000","事業所","5677","事業所数","農林漁業","10～19人","総数"
"102-2024","AB","05","0","00000","2024000000","事業所","1807","事業所数","農林漁業","20～29人","総数"
"102-2024","AB","06","0","00000","2024000000","事業所","1235","事業所数","農林漁業","30～49人","総数"
"102-2024","AB","07","0","00000","2024000000","事業所","440","事業所数","農林漁業","50～99人","総数"
"102-2024","AB","08","0","00000","2024000000","事業所","115","事業所数","農林漁業","100～199人","総数"
"102-2024","AB","09","0","00000","2024000000","事業所","20","事業所数","農林漁業","200～299人","総数"
"102-2024","AB","10","0","00000","2024000000","事業所","6","事業所数","農林漁業","300人以上","総数"
"102-2024","A","00","0","00000","2024000000","事業所","40500","事業所数","農業、林業","総数","総数"
"102-2024","A","01","0","00000","2024000000","事業所","5279","事業所数","農業、林業","0人","総数"
"102-2024","A","02","0","00000","2024000000","事業所","18479","事業所数","農業、林業","1～4人","総数"
"102-2024","A","03","0","00000","2024000000","事業所","8404","事業所数","農業、林業","5～9人","総数"
"102-2024","A","04","0","00000","2024000000","事業所","5054","事業所数","農業、林業","10～19人","総数"
"102-2024","A","05","0","00000","2024000000","事業所","1639","事業所数","農業、林業","20～29人","総数"
"102-2024","A","06","0","00000","2024000000","事業所","1113","事業所数","農業、林業","30～49人","総数"
"102-2024","A","07","0","00000","2024000000","事業所","406","事業所数","農業、林業","50～99人","総数"
"102-2024","A","08","0","00000","2024000000","事業所","100","事業所数","農業、林業","100～199人","総数"
"102-2024","A","09","0","00000","2024000000","事業所","20","事業所数","農業、林業","200～299人","総数"
"102-2024","A","10","0","00000","2024000000","事業所","6","事業所数","農業、林業","300人以上","総数"
"102-2024","01","00","0","00000","2024000000","事業所","35898","事業所数","農業","総数","総数"
"102-2024","01","01","0","00000","2024000000","事業所","4510","事業所数","農業","0人","総数"
"102-2024","01","02","0","00000","2024000000","事業所","16908","事業所数","農業","1～4人","総数"
"102-2024","01","03","0","00000","2024000000","事業所","7444","事業所数","農業","5～9人","総数"
"102-2024","01","04","0","00000","2024000000","事業所","4264","事業所数","農業","10～19人","総数"
"102-2024","01","05","0","00000","2024000000","事業所","1353","事業所数","農業","20～29人","総数"
"102-2024","01","06","0","00000","2024000000","事業所","946","事業所数","農業","30～49人","総数"
"102-2024","01","07","0","00000","2024000000","事業所","349","事業所数","農業","50～99人","総数"
"102-2024","01","08","0","00000","2024000000","事業所","98","事業所数","農業","100～199人","総数"
"102-2024","01","09","0","00000","2024000000","事業所","20","事業所数","農業","200～299人","総数"
"102-2024","01","10","0","00000","2024000000","事業所","6","事業所数","農業","300人以上","総数"
"102-2024","010","00","0","00000","2024000000","事業所","196","事業所数","管理、補助的経済活動を行う事業所（01_農業）","総数","総数"
"102-2024","010","01","0","00000","2024000000","事業所","38","事業所数","管理、補助的経済活動を行う事業所（01_農業）","0人","総数"
"102-2024","010","02","0","00000","2024000000","事業所","92","事業所数","管理、補助的経済活動を行う事業所（01_農業）","1～4人","総数"
"102-2024","010","03","0","00000","2024000000","事業所","20","事業所数","管理、補助的経済活動を行う事業所（01_農業）","5～9人","総数"
"102-2024","010","04","0","00000","2024000000","事業所","20","事業所数","管理、補助的経済活動を行う事業所（01_農業）","10～19人","総数"
"102-2024","010","05","0","00000","2024000000","事業所","8","事業所数","管理、補助的経済活動を行う事業所（01_農業）","20～29人","総数"
"102-2024","010","06","0","00000","2024000000","事業所","12","事業所数","管理、補助的経済活動を行う事業所（01_農業）","30～49人","総数"
"102-2024","010","07","0","00000","2024000000","事業所","4","事業所数","管理、補助的経済活動を行う事業所（01_農業）","50～99人","総数"
"102-2024","010","08","0","00000","2024000000","事業所","2","事業所数","管理、補助的経済活動を行う事業所（01_農業）","100～199人","総数"
"102-2024","010","09","0","00000","2024000000","事業所","***","事業所数","管理、補助的経済活動を行う事業所（01_農業）","200～299人","総数"
"102-2024","010","10","0","00000","2024000000","事業所","***","事業所数","管理、補助的経済活動を行う事業所（01_農業）","300人以上","総数"
"102-2024","011","00","0","00000","2024000000","事業所","18632","事業所数","耕種農業","総数","総数"
"102-2024","011","01","0","00000","2024000000","事業所","2856","事業所数","耕種農業","0人","総数"
"102-2024","011","02","0","00000","2024000000","事業所","8048","事業所数","耕種農業","1～4人","総数"
"102-2024","011","03","0","00000","2024000000","事業所","3821","事業所数","耕種農業","5～9人","総数"
"102-2024","011","04","0","00000","2024000000","事業所","2370","事業所数","耕種農業","10～19人","総数"
"102-2024","011","05","0","00000","2024000000","事業所","749","事業所数","耕種農業","20～29人","総数"
"102-2024","011","06","0","00000","2024000000","事業所","529","事業所数","耕種農業","30～49人","総数"
"102-2024","011","07","0","00000","2024000000","事業所","187","事業所数","耕種農業","50～99人","総数"
"102-2024","011","08","0","00000","2024000000","事業所","54","事業所数","耕種農業","100～199人","総数"
"102-2024","011","09","0","00000","2024000000","事業所","13","事業所数","耕種農業","200～299人","総数"
"102-2024","011","10","0","00000","2024000000","事業所","5","事業所数","耕種農業","300人以上","総数"
"102-2024","012","00","0","00000","2024000000","事業所","7557","事業所数","畜産農業","総数","総数"
"102-2024","012","01","0","00000","2024000000","事業所","585","事業所数","畜産農業","0人","総数"
"102-2024","012","02","0","00000","2024000000","事業所","3615","事業所数","畜産農業","1～4人","総数"
"102-2024","012","03","0","00000","2024000000","事業所","1729","事業所数","畜産農業","5～9人","総数"
"102-2024","012","04","0","00000","2024000000","事業所","960","事業所数","畜産農業","10～19人","総数"
"102-2024","012","05","0","00000","2024000000","事業所","315","事業所数","畜産農業","20～29人","総数"
"102-2024","012","06","0","00000","2024000000","事業所","231","事業所数","畜産農業","30～49人","総数"
"102-2024","012","07","0","00000","2024000000","事業所","94","事業所数","畜産農業","50～99人","総数"
"102-2024","012","08","0","00000","2024000000","事業所","25","事業所数","畜産農業","100～199人","総数"
"102-2024","012","09","0","00000","2024000000","事業所","2","事業所数","畜産農業","200～299人","総数"
"102-2024","012","10","0","00000","2024000000","事業所","1","事業所数","畜産農業","300人以上","総数"
"102-2024","013","00","0","00000","2024000000","事業所","6513","事業所数","農業サービス業（園芸サービス業を除く）","総数","総数"
"102-2024","013","01","0","00000","2024000000","事業所","710","事業所数","農業サービス業（園芸サービス業を除く）","0人","総数"
"102-2024","013","02","0","00000","2024000000","事業所","3524","事業所数","農業サービス業（園芸サービス業を除く）","1～4人","総数"
"102-2024","013","03","0","00000","2024000000","事業所","1225","事業所数","農業サービス業（園芸サービス業を除く）","5～9人","総数"
"102-2024","013","04","0","00000","2024000000","事業所","629","事業所数","農業サービス業（園芸サービス業を除く）","10～19人","総数"
"102-2024","013","05","0","00000","2024000000","事業所","214","事業所数","農業サービス業（園芸サービス業を除く）","20～29人","総数"
"102-2024","013","06","0","00000","2024000000","事業所","141","事業所数","農業サービス業（園芸サービス業を除く）","30～49人","総数"
"102-2024","013","07","0","00000","2024000000","事業所","54","事業所数","農業サービス業（園芸サービス業を除く）","50～99人","総数"
"102-2024","013","08","0","00000","2024000000","事業所","11","事業所数","農業サービス業（園芸サービス業を除く）","100～199人","総数"
"102-2024","013","09","0","00000","2024000000","事業所","5","事業所数","農業サービス業（園芸サービス業を除く）","200～299人","総数"
"102-2024","013","10","0","00000","2024000000","事業所","***","事業所数","農業サービス業（園芸サービス業を除く）","300人以上","総数"
"102-2024","014","00","0","00000","2024000000","事業所","3000","事業所数","園芸サービス業","総数","総数"
"102-2024","014","01","0","00000","2024000000","事業所","321","事業所数","園芸サービス業","0人","総数"
"102-2024","014","02","0","00000","2024000000","事業所","1629","事業所数","園芸サービス業","1～4人","総数"
"102-2024","014","03","0","00000","2024000000","事業所","649","事業所数","園芸サービス業","5～9人","総数"
"102-2024","014","04","0","00000","2024000000","事業所","285","事業所数","園芸サービス業","10～19人","総数"
"102-2024","014","05","0","00000","2024000000","事業所","67","事業所数","園芸サービス業","20～29人","総数"
"102-2024","014","06","0","00000","2024000000","事業所","33","事業所数","園芸サービス業","30～49人","総数"
"102-2024","014","07","0","00000","2024000000","事業所","10","事業所数","園芸サービス業","50～99人","総数"
"102-2024","014","08","0","00000","2024000000","事業所","6","事業所数","園芸サービス業","100～199人","総数"
"102-2024","014","09","0","00000","2024000000","事業所","***","事業所数","園芸サービス業","200～299人","総数"
"102-2024","014","10","0","00000","2024000000","事業所","***","事業所数","園芸サービス業","300人以上","総数"
"102-2024","02","00","0","00000","2024000000","事業所","4601","事業所数","林業","総数","総数"
"102-2024","02","01","0","00000","2024000000","事業所","768","事業所数","林業","0人","総数"
"102-2024","02","02","0","00000","2024000000","事業所","1571","事業所数","林業","1～4人","総数"
"102-2024","02","03","0","00000","2024000000","事業所","960","事業所数","林業","5～9人","総数"
"102-2024","02","04","0","00000","2024000000","事業所","790","事業所数","林業","10～19人","総数"
"102-2024","02","05","0","00000","2024000000","事業所","286","事業所数","林業","20～29人","総数"
"102-2024","02","06","0","00000","2024000000","事業所","167","事業所数","林業","30～49人","総数"
"102-2024","02","07","0","00000","2024000000","事業所","57","事業所数","林業","50～99人","総数"
"102-2024","02","08","0","00000","2024000000","事業所","2","事業所数","林業","100～199人","総数"
"102-2024","02","09","0","00000","2024000000","事業所","***","事業所数","林業","200～299人","総数"
"102-2024","02","10","0","00000","2024000000","事業所","***","事業所数","林業","300人以上","総数"
"102-2024","020","00","0","00000","2024000000","事業所","17","事業所数","管理、補助的経済活動を行う事業所（02_林業）","総数","総数"
"102-2024","020","01","0","00000","2024000000","事業所","1","事業所数","管理、補助的経済活動を行う事業所（02_林業）","0人","総数"
"102-2024","020","02","0","00000","2024000000","事業所","9","事業所数","管理、補助的経済活動を行う事業所（02_林業）","1～4人","総数"
"102-2024","020","03","0","00000","2024000000","事業所","4","事業所数","管理、補助的経済活動を行う事業所（02_林業）","5～9人","総数"
"102-2024","020","04","0","00000","2024000000","事業所","2","事業所数","管理、補助的経済活動を行う事業所（02_林業）","10～19人","総数"
"102-2024","020","05","0","00000","2024000000","事業所","***","事業所数","管理、補助的経済活動を行う事業所（02_林業）","20～29人","総数"
"102-2024","020","06","0","00000","2024000000","事業所","***","事業所数","管理、補助的経済活動を行う事業所（02_林業）","30～49人","総数"
"102-2024","020","07","0","00000","2024000000","事業所","1","事業所数","管理、補助的経済活動を行う事業所（02_林業）","50～99人","総数"
"102-2024","020","08","0","00000","2024000000","事業所","***","事業所数","管理、補助的経済活動を行う事業所（02_林業）","100～199人","総数"
"102-2024","020","09","0","00000","2024000000","事業所","***","事業所数","管理、補助的経済活動を行う事業所（02_林業）","200～299人","総数"
"102-2024","020","10","0","00000","2024000000","事業所","***","事業所数","管理、補助的経済活動を行う事業所（02_林業）","300人以上","総数"
"102-2024","021","00","0","00000","2024000000","事業所","2375","事業所数","育林業","総数","総数"
"102-2024","021","01","0","00000","2024000000","事業所","578","事業所数","育林業","0人","総数"
"102-2024","021","02","0","00000","2024000000","事業所","700","事業所数","育林業","1～4人","総数"
"102-2024","021","03","0","00000","2024000000","事業所","389","事業所数","育林業","5～9人","総数"
"102-2024","021","04","0","00000","2024000000","事業所","383","事業所数","育林業","10～19人","総数"
"102-2024","021","05","0","00000","2024000000","事業所","166","事業所数","育林業","20～29人","総数"
"102-2024","021","06","0","00000","2024000000","事業所","117","事業所数","育林業","30～49人","総数"
"102-2024","021","07","0","00000","2024000000","事業所","40","事業所数","育林業","50～99人","総数"
"102-2024","021","08","0","00000","2024000000","事業所","2","事業所数","育林業","100～199人","総数"
"102-2024","021","09","0","00000","2024000000","事業所","***","事業所数","育林業","200～299人","総数"
"102-2024","021","10","0","00000","2024000000","事業所","***","事業所数","育林業","300人以上","総数"
"102-2024","022","00","0","00000","2024000000","事業所","745","事業所数","素材生産業","総数","総数"
"102-2024","022","01","0","00000","2024000000","事業所","47","事業所数","素材生産業","0人","総数"
"102-2024","022","02","0","00000","2024000000","事業所","303","事業所数","素材生産業","1～4人","総数"
"102-2024","022","03","0","00000","2024000000","事業所","195","事業所数","素材生産業","5～9人","総数"
"102-2024","022","04","0","00000","2024000000","事業所","145","事業所数","素材生産業","10～19人","総数"
"102-2024","022","05","0","00000","2024000000","事業所","39","事業所数","素材生産業","20～29人","総数"
"102-2024","022","06","0","00000","2024000000","事業所","13","事業所数","素材生産業","30～49人","総数"
"102-2024","022","07","0","00000","2024000000","事業所","3","事業所数","素材生産業","50～99人","総数"
"102-2024","022","08","0","00000","2024000000","事業所","***","事業所数","素材生産業","100～199人","総数"
"102-2024","022","09","0","00000","2024000000","事業所","***","事業所数","素材生産業","200～299人","総数"
"102-2024","022","10","0","00000","2024000000","事業所","***","事業所数","素材生産業","300人以上","総数"
"102-2024","023","00","0","00000","2024000000","事業所","93","事業所数","特用林産物生産業（きのこ類の栽培を除く）","総数","総数"
"102-2024","023","01","0","00000","2024000000","事業所","17","事業所数","特用林産物生産業（きのこ類の栽培を除く）","0人","総数"
"102-2024","023","02","0","00000","2024000000","事業所","42","事業所数","特用林産物生産業（きのこ類の栽培を除く）","1～4人","総数"
"102-2024","023","03","0","00000","2024000000","事業所","22","事業所数","特用林産物生産業（きのこ類の栽培を除く）","5～9人","総数"
"102-2024","023","04","0","00000","2024000000","事業所","10","事業所数","特用林産物生産業（きのこ類の栽培を除く）","10～19人","総数"
"102-2024","023","05","0","00000","2024000000","事業所","1","事業所数","特用林産物生産業（きのこ類の栽培を除く）","20～29人","総数"
"102-2024","023","06","0","00000","2024000000","事業所","***","事業所数","特用林産物生産業（きのこ類の栽培を除く）","30～49人","総数"
"102-2024","023","07","0","00000","2024000000","事業所","1","事業所数","特用林産物生産業（きのこ類の栽培を除く）","50～99人","総数"
"102-2024","023","08","0","00000","2024000000","事業所","***","事業所数","特用林産物生産業（きのこ類の栽培を除く）","100～199人","総数"
"102-2024","023","09","0","00000","2024000000","事業所","***","事業所数","特用林産物生産業（きのこ類の栽培を除く）","200～299人","総数"
"102-2024","023","10","0","00000","2024000000","事業所","***","事業所数","特用林産物生産業（きのこ類の栽培を除く）","300人以上","総数"
"102-2024","024","00","0","00000","2024000000","事業所","1277","事業所数","林業サービス業","総数","総数"
"102-2024","024","01","0","00000","2024000000","事業所","114","事業所数","林業サービス業","0人","総数"
"102-2024","024","02","0","00000","2024000000","事業所","480","事業所数","林業サービス業","1～4人","総数"
"102-2024","024","03","0","00000","2024000000","事業所","330","事業所数","林業サービス業","5～9人","総数"
"102-2024","024","04","0","00000","2024000000","事業所","233","事業所数","林業サービス業","10～19人","総数"
"102-2024","024","05","0","00000","2024000000","事業所","74","事業所数","林業サービス業","20～29人","総数"
"102-2024","024","06","0","00000","2024000000","事業所","36","事業所数","林業サービス業","30～49人","総数"
"102-2024","024","07","0","00000","2024000000","事業所","10","事業所数","林業サービス業","50～99人","総数"
"102-2024","024","08","0","00000","2024000000","事業所","***","事業所数","林業サービス業","100～199人","総数"
"102-2024","024","09","0","00000","2024000000","事業所","***","事業所数","林業サービス業","200～299人","総数"
"102-2024","024","10","0","00000","2024000000","事業所","***","事業所数","林業サービス業","300人以上","総数"
"102-2024","029","00","0","00000","2024000000","事業所","94","事業所数","その他の林業","総数","総数"
"102-2024","029","01","0","00000","2024000000","事業所","11","事業所数","その他の林業","0人","総数"
"102-2024","029","02","0","00000","2024000000","事業所","37","事業所数","その他の林業","1～4人","総数"
"102-2024","029","03","0","00000","2024000000","事業所","20","事業所数","その他の林業","5～9人","総数"
"102-2024","029","04","0","00000","2024000000","事業所","17","事業所数","その他の林業","10～19人","総数"
"102-2024","029","05","0","00000","2024000000","事業所","6","事業所数","その他の林業","20～29人","総数"
"102-2024","029","06","0","00000","2024000000","事業所","1","事業所数","その他の林業","30～49人","総数"
"102-2024","029","07","0","00000","2024000000","事業所","2","事業所数","その他の林業","50～99人","総数"
"102-2024","029","08","0","00000","2024000000","事業所","***","事業所数","その他の林業","100～199人","総数"
"102-2024","029","09","0","00000","2024000000","事業所","***","事業所数","その他の林業","200～299人","総数"
"102-2024","029","10","0","00000","2024000000","事業所","***","事業所数","その他の林業","300人以上","総数"
"102-2024","B","00","0","00000","2024000000","事業所","3704","事業所数","漁業","総数","総数"
"102-2024","B","01","0","00000","2024000000","事業所","285","事業所数","漁業","0人","総数"
"102-2024","B","02","0","00000","2024000000","事業所","1559","事業所数","漁業","1～4人","総数"
"102-2024","B","03","0","00000","2024000000","事業所","898","事業所数","漁業","5～9人","総数"
"102-2024","B","04","0","00000","2024000000","事業所","623","事業所数","漁業","10～19人","総数"
"102-2024","B","05","0","00000","2024000000","事業所","168","事業所数","漁業","20～29人","総数"
"102-2024","B","06","0","00000","2024000000","事業所","122","事業所数","漁業","30～49人","総数"
"102-2024","B","07","0","00000","2024000000","事業所","34","事業所数","漁業","50～99人","総数"
"102-2024","B","08","0","00000","2024000000","事業所","15","事業所数","漁業","100～199人","総数"
"102-2024","B","09","0","00000","2024000000","事業所","***","事業所数","漁業","200～299人","総数"
"102-2024","B","10","0","00000","2024000000","事業所","***","事業所数","漁業","300人以上","総数"
"102-2024","03","00","0","00000","2024000000","事業所","1705","事業所数","漁業（水産養殖業を除く）","総数","総数"
"102-2024","03","01","0","00000","2024000000","事業所","130","事業所数","漁業（水産養殖業を除く）","0人","総数"
"102-2024","03","02","0","00000","2024000000","事業所","532","事業所数","漁業（水産養殖業を除く）","1～4人","総数"
"102-2024","03","03","0","00000","2024000000","事業所","439","事業所数","漁業（水産養殖業を除く）","5～9人","総数"
"102-2024","03","04","0","00000","2024000000","事業所","365","事業所数","漁業（水産養殖業を除く）","10～19人","総数"
"102-2024","03","05","0","00000","2024000000","事業所","113","事業所数","漁業（水産養殖業を除く）","20～29人","総数"
"102-2024","03","06","0","00000","2024000000","事業所","88","事業所数","漁業（水産養殖業を除く）","30～49人","総数"
"102-2024","03","07","0","00000","2024000000","事業所","24","事業所数","漁業（水産養殖業を除く）","50～99人","総数"
"102-2024","03","08","0","00000","2024000000","事業所","14","事業所数","漁業（水産養殖業を除く）","100～199人","総数"
"102-2024","03","09","0","00000","2024000000","事業所","***","事業所数","漁業（水産養殖業を除く）","200～299人","総数"
"102-2024","03","10","0","00000","2024000000","事業所","***","事業所数","漁業（水産養殖業を除く）","300人以上","総数"
"102-2024","030","00","0","00000","2024000000","事業所","10","事業所数","管理、補助的経済活動を行う事業所（03_漁業）","総数","総数"
"102-2024","030","01","0","00000","2024000000","事業所","3","事業所数","管理、補助的経済活動を行う事業所（03_漁業）","0人","総数"
"102-2024","030","02","0","00000","2024000000","事業所","7","事業所数","管理、補助的経済活動を行う事業所（03_漁業）","1～4人","総数"
"102-2024","030","03","0","00000","2024000000","事業所","***","事業所数","管理、補助的経済活動を行う事業所（03_漁業）","5～9人","総数"
"102-2024","030","04","0","00000","2024000000","事業所","***","事業所数","管理、補助的経済活動を行う事業所（03_漁業）","10～19人","総数"
"102-2024","030","05","0","00000","2024000000","事業所","***","事業所数","管理、補助的経済活動を行う事業所（03_漁業）","20～29人","総数"
"102-2024","030","06","0","00000","2024000000","事業所","***","事業所数","管理、補助的経済活動を行う事業所（03_漁業）","30～49人","総数"
"102-2024","030","07","0","00000","2024000000","事業所","***","事業所数","管理、補助的経済活動を行う事業所（03_漁業）","50～99人","総数"
"102-2024","030","08","0","00000","2024000000","事業所","***","事業所数","管理、補助的経済活動を行う事業所（03_漁業）","100～199人","総数"
"102-2024","030","09","0","00000","2024000000","事業所","***","事業所数","管理、補助的経済活動を行う事業所（03_漁業）","200～299人","総数"
"102-2024","030","10","0","00000","2024000000","事業所","***","事業所数","管理、補助的経済活動を行う事業所（03_漁業）","300人以上","総数"
"102-2024","031","00","0","00000","2024000000","事業所","1621","事業所数","海面漁業","総数","総数"
"102-2024","031","01","0","00000","2024000000","事業所","110","事業所数","海面漁業","0人","総数"
"102-2024","031","02","0","00000","2024000000","事業所","479","事業所数","海面漁業","1～4人","総数"
"102-2024","031","03","0","00000","2024000000","事業所","431","事業所数","海面漁業","5～9人","総数"
"102-2024","031","04","0","00000","2024000000","事業所","362","事業所数","海面漁業","10～19人","総数"
"102-2024","031","05","0","00000","2024000000","事業所","113","事業所数","海面漁業","20～29人","総数"
"102-2024","031","06","0","00000","2024000000","事業所","88","事業所数","海面漁業","30～49人","総数"
"102-2024","031","07","0","00000","2024000000","事業所","24","事業所数","海面漁業","50～99人","総数"
"102-2024","031","08","0","00000","2024000000","事業所","14","事業所数","海面漁業","100～199人","総数"
"102-2024","031","09","0","00000","2024000000","事業所","***","事業所数","海面漁業","200～299人","総数"
"102-2024","031","10","0","00000","2024000000","事業所","***","事業所数","海面漁業","300人以上","総数"
"102-2024","032","00","0","00000","2024000000","事業所","74","事業所数","内水面漁業","総数","総数"
"102-2024","032","01","0","00000","2024000000","事業所","17","事業所数","内水面漁業","0人","総数"
"102-2024","032","02","0","00000","2024000000","事業所","46","事業所数","内水面漁業","1～4人","総数"
"102-2024","032","03","0","00000","2024000000","事業所","8","事業所数","内水面漁業","5～9人","総数"
"102-2024","032","04","0","00000","2024000000","事業所","3","事業所数","内水面漁業","10～19人","総数"
"102-2024","032","05","0","00000","2024000000","事業所","***","事業所数","内水面漁業","20～29人","総数"
"102-2024","032","06","0","00000","2024000000","事業所","***","事業所数","内水面漁業","30～49人","総数"
"102-2024","032","07","0","00000","2024000000","事業所","***","事業所数","内水面漁業","50～99人","総数"
"102-2024","032","08","0","00000","2024000000","事業所","***","事業所数","内水面漁業","100～199人","総数"
"102-2024","032","09","0","00000","2024000000","事業所","***","事業所数","内水面漁業","200～299人","総数"
"102-2024","032","10","0","00000","2024000000","事業所","***","事業所数","内水面漁業","300人以上","総数"
"102-2024","04","00","0","00000","2024000000","事業所","1997","事業所数","水産養殖業","総数","総数"
"102-2024","04","01","0","00000","2024000000","事業所","155","事業所数","水産養殖業","0人","総数"
"102-2024","04","02","0","00000","2024000000","事業所","1026","事業所数","水産養殖業","1～4人","総数"
"102-2024","04","03","0","00000","2024000000","事業所","458","事業所数","水産養殖業","5～9人","総数"
"102-2024","04","04","0","00000","2024000000","事業所","258","事業所数","水産養殖業","10～19人","総数"
"102-2024","04","05","0","00000","2024000000","事業所","55","事業所数","水産養殖業","20～29人","総数"
"102-2024","04","06","0","00000","2024000000","事業所","34","事業所数","水産養殖業","30～49人","総数"
"102-2024","04","07","0","00000","2024000000","事業所","10","事業所数","水産養殖業","50～99人","総数"
"102-2024","04","08","0","00000","2024000000","事業所","1","事業所数","水産養殖業","100～199人","総数"
"102-2024","04","09","0","00000","2024000000","事業所","***","事業所数","水産養殖業","200～299人","総数"
"102-2024","04","10","0","00000","2024000000","事業所","***","事業所数","水産養殖業","300人以上","総数"
"102-2024","040","00","0","00000","2024000000","事業所","20","事業所数","管理、補助的経済活動を行う事業所（04_水産養殖業）","総数","総数"
"102-2024","040","01","0","00000","2024000000","事業所","2","事業所数","管理、補助的経済活動を行う事業所（04_水産養殖業）","0人","総数"
"102-2024","040","02","0","00000","2024000000","事業所","12","事業所数","管理、補助的経済活動を行う事業所（04_水産養殖業）","1～4人","総数"
"102-2024","040","03","0","00000","2024000000","事業所","4","事業所数","管理、補助的経済活動を行う事業所（04_水産養殖業）","5～9人","総数"
"102-2024","040","04","0","00000","2024000000","事業所","2","事業所数","管理、補助的経済活動を行う事業所（04_水産養殖業）","10～19人","総数"
"102-2024","040","05","0","00000","2024000000","事業所","***","事業所数","管理、補助的経済活動を行う事業所（04_水産養殖業）","20～29人","総数"
"102-2024","040","06","0","00000","2024000000","事業所","***","事業所数","管理、補助的経済活動を行う事業所（04_水産養殖業）","30～49人","総数"
"102-2024","040","07","0","00000","2024000000","事業所","***","事業所数","管理、補助的経済活動を行う事業所（04_水産養殖業）","50～99人","総数"
"102-2024","040","08","0","00000","2024000000","事業所","***","事業所数","管理、補助的経済活動を行う事業所（04_水産養殖業）","100～199人","総数"
"102-2024","040","09","0","00000","2024000000","事業所","***","事業所数","管理、補助的経済活動を行う事業所（04_水産養殖業）","200～299人","総数"
"102-2024","040","10","0","00000","2024000000","事業所","***","事業所数","管理、補助的経済活動を行う事業所（04_水産養殖業）","300人以上","総数"
"102-2024","041","00","0","00000","2024000000","事業所","1212","事業所数","海面養殖業","総数","総数"
"102-2024","041","01","0","00000","2024000000","事業所","69","事業所数","海面養殖業","0人","総数"
"102-2024","041","02","0","00000","2024000000","事業所","543","事業所数","海面養殖業","1～4人","総数"
"102-2024","041","03","0","00000","2024000000","事業所","312","事業所数","海面養殖業","5～9人","総数"
"102-2024","041","04","0","00000","2024000000","事業所","209","事業所数","海面養殖業","10～19人","総数"
"102-2024","041","05","0","00000","2024000000","事業所","44","事業所数","海面養殖業","20～29人","総数"
"102-2024","041","06","0","00000","2024000000","事業所","26","事業所数","海面養殖業","30～49人","総数"
"102-2024","041","07","0","00000","2024000000","事業所","8","事業所数","海面養殖業","50～99人","総数"
"102-2024","041","08","0","00000","2024000000","事業所","1","事業所数","海面養殖業","100～199人","総数"
"102-2024","041","09","0","00000","2024000000","事業所","***","事業所数","海面養殖業","200～299人","総数"
"102-2024","041","10","0","00000","2024000000","事業所","***","事業所数","海面養殖業","300人以上","総数"
"102-2024","042","00","0","00000","2024000000","事業所","765","事業所数","内水面養殖業","総数","総数"
"102-2024","042","01","0","00000","2024000000","事業所","84","事業所数","内水面養殖業","0人","総数"
"102-2024","042","02","0","00000","2024000000","事業所","471","事業所数","内水面養殖業","1～4人","総数"
"102-2024","042","03","0","00000","2024000000","事業所","142","事業所数","内水面養殖業","5～9人","総数"
"102-2024","042","04","0","00000","2024000000","事業所","47","事業所数","内水面養殖業","10～19人","総数"
"102-2024","042","05","0","00000","2024000000","事業所","11","事業所数","内水面養殖業","20～29人","総数"
"102-2024","042","06","0","00000","2024000000","事業所","8","事業所数","内水面養殖業","30～49人","総数"
"102-2024","042","07","0","00000","2024000000","事業所","2","事業所数","内水面養殖業","50～99人","総数"
"102-2024","042","08","0","00000","2024000000","事業所","***","事業所数","内水面養殖業","100～199人","総数"
"102-2024","042","09","0","00000","2024000000","事業所","***","事業所数","内水面養殖業","200～299人","総数"
"102-2024","042","10","0","00000","2024000000","事業所","***","事業所数","内水面養殖業","300人以上","総数"
"102-2024","CR","00","0","00000","2024000000","事業所","3979737","事業所数","非農林漁業（S_公務を除く）","総数","総数"
"102-2024","CR","01","0","00000","2024000000","事業所","328890","事業所数","非農林漁業（S_公務を除く）","0人","総数"
"102-2024","CR","02","0","00000","2024000000","事業所","1824828","事業所数","非農林漁業（S_公務を除く）","1～4人","総数"
"102-2024","CR","03","0","00000","2024000000","事業所","752053","事業所数","非農林漁業（S_公務を除く）","5～9人","総数"
"102-2024","CR","04","0","00000","2024000000","事業所","539566","事業所数","非農林漁業（S_公務を除く）","10～19人","総数"
"102-2024","CR","05","0","00000","2024000000","事業所","214455","事業所数","非農林漁業（S_公務を除く）","20～29人","総数"
"102-2024","CR","06","0","00000","2024000000","事業所","159337","事業所数","非農林漁業（S_公務を除く）","30～49人","総数"
"102-2024","CR","07","0","00000","2024000000","事業所","97997","事業所数","非農林漁業（S_公務を除く）","50～99人","総数"
"102-2024","CR","08","0","00000","2024000000","事業所","39278","事業所数","非農林漁業（S_公務を除く）","100～199人","総数"
"102-2024","CR","09","0","00000","2024000000","事業所","10578","事業所数","非農林漁業（S_公務を除く）","200～299人","総数"
"102-2024","CR","10","0","00000","2024000000","事業所","12755","事業所数","非農林漁業（S_公務を除く）","300人以上","総数"
"102-2024","C","00","0","00000","2024000000","事業所","1583","事業所数","鉱業、採石業、砂利採取業","総数","総数"
"102-2024","C","01","0","00000","2024000000","事業所","131","事業所数","鉱業、採石業、砂利採取業","0人","総数"
"102-2024","C","02","0","00000","2024000000","事業所","632","事業所数","鉱業、採石業、砂利採取業","1～4人","総数"
"102-2024","C","03","0","00000","2024000000","事業所","385","事業所数","鉱業、採石業、砂利採取業","5～9人","総数"
"102-2024","C","04","0","00000","2024000000","事業所","275","事業所数","鉱業、採石業、砂利採取業","10～19人","総数"
"102-2024","C","05","0","00000","2024000000","事業所","72","事業所数","鉱業、採石業、砂利採取業","20～29人","総数"
"102-2024","C","06","0","00000","2024000000","事業所","58","事業所数","鉱業、採石業、砂利採取業","30～49人","総数"
"102-2024","C","07","0","00000","2024000000","事業所","17","事業所数","鉱業、採石業、砂利採取業","50～99人","総数"
"102-2024","C","08","0","00000","2024000000","事業所","11","事業所数","鉱業、採石業、砂利採取業","100～199人","総数"
"102-2024","C","09","0","00000","2024000000","事業所","1","事業所数","鉱業、採石業、砂利採取業","200～299人","総数"
"102-2024","C","10","0","00000","2024000000","事業所","1","事業所数","鉱業、採石業、砂利採取業","300人以上","総数"
"102-2024","05","00","0","00000","2024000000","事業所","1583","事業所数","鉱業、採石業、砂利採取業","総数","総数"
"102-2024","05","01","0","00000","2024000000","事業所","131","事業所数","鉱業、採石業、砂利採取業","0人","総数"
"102-2024","05","02","0","00000","2024000000","事業所","632","事業所数","鉱業、採石業、砂利採取業","1～4人","総数"
"102-2024","05","03","0","00000","2024000000","事業所","385","事業所数","鉱業、採石業、砂利採取業","5～9人","総数"
"102-2024","05","04","0","00000","2024000000","事業所","275","事業所数","鉱業、採石業、砂利採取業","10～19人","総数"
"102-2024","05","05","0","00000","2024000000","事業所","72","事業所数","鉱業、採石業、砂利採取業","20～29人","総数"
"102-2024","05","06","0","00000","2024000000","事業所","58","事業所数","鉱業、採石業、砂利採取業","30～49人","総数"
"102-2024","05","07","0","00000","2024000000","事業所","17","事業所数","鉱業、採石業、砂利採取業","50～99人","総数"
"102-2024","05","08","0","00000","2024000000","事業所","11","事業所数","鉱業、採石業、砂利採取業","100～199人","総数"
"102-2024","05","09","0","00000","2024000000","事業所","1","事業所数","鉱業、採石業、砂利採取業","200～299人","総数"
"102-2024","05","10","0","00000","2024000000","事業所","1","事業所数","鉱業、採石業、砂利採取業","300人以上","総数"
"102-2024","050","00","0","00000","2024000000","事業所","122","事業所数","管理、補助的経済活動を行う事業所（05_鉱業、採石業、砂利採取業）","総数","総数"
"102-2024","050","01","0","00000","2024000000","事業所","15","事業所数","管理、補助的経済活動を行う事業所（05_鉱業、採石業、砂利採取業）","0人","総数"
"102-2024","050","02","0","00000","2024000000","事業所","73","事業所数","管理、補助的経済活動を行う事業所（05_鉱業、採石業、砂利採取業）","1～4人","総数"
"102-2024","050","03","0","00000","2024000000","事業所","18","事業所数","管理、補助的経済活動を行う事業所（05_鉱業、採石業、砂利採取業）","5～9人","総数"
"102-2024","050","04","0","00000","2024000000","事業所","10","事業所数","管理、補助的経済活動を行う事業所（05_鉱業、採石業、砂利採取業）","10～19人","総数"
"102-2024","050","05","0","00000","2024000000","事業所","1","事業所数","管理、補助的経済活動を行う事業所（05_鉱業、採石業、砂利採取業）","20～29人","総数"
"102-2024","050","06","0","00000","2024000000","事業所","1","事業所数","管理、補助的経済活動を行う事業所（05_鉱業、採石業、砂利採取業）","30～49人","総数"
"102-2024","050","07","0","00000","2024000000","事業所","1","事業所数","管理、補助的経済活動を行う事業所（05_鉱業、採石業、砂利採取業）","50～99人","総数"
"102-2024","050","08","0","00000","2024000000","事業所","1","事業所数","管理、補助的経済活動を行う事業所（05_鉱業、採石業、砂利採取業）","100～199人","総数"
"102-2024","050","09","0","00000","2024000000","事業所","1","事業所数","管理、補助的経済活動を行う事業所（05_鉱業、採石業、砂利採取業）","200～299人","総数"
"102-2024","050","10","0","00000","2024000000","事業所","1","事業所数","管理、補助的経済活動を行う事業所（05_鉱業、採石業、砂利採取業）","300人以上","総数"
"102-2024","051","00","0","00000","2024000000","事業所","16","事業所数","金属鉱業","総数","総数"
"102-2024","051","01","0","00000","2024000000","事業所","1","事業所数","金属鉱業","0人","総数"
"102-2024","051","02","0","00000","2024000000","事業所","8","事業所数","金属鉱業","1～4人","総数"
"102-2024","051","03","0","00000","2024000000","事業所","2","事業所数","金属鉱業","5～9人","総数"
"102-2024","051","04","0","00000","2024000000","事業所","2","事業所数","金属鉱業","10～19人","総数"
"102-2024","051","05","0","00000","2024000000","事業所","1","事業所数","金属鉱業","20～29人","総数"
"102-2024","051","06","0","00000","2024000000","事業所","***","事業所数","金属鉱業","30～49人","総数"
"102-2024","051","07","0","00000","2024000000","事業所","***","事業所数","金属鉱業","50～99人","総数"
"102-2024","051","08","0","00000","2024000000","事業所","2","事業所数","金属鉱業","100～199人","総数"
"102-2024","051","09","0","00000","2024000000","事業所","***","事業所数","金属鉱業","200～299人","総数"
"102-2024","051","10","0","00000","2024000000","事業所","***","事業所数","金属鉱業","300人以上","総数"
"102-2024","052","00","0","00000","2024000000","事業所","19","事業所数","石炭・亜炭鉱業","総数","総数"
"102-2024","052","01","0","00000","2024000000","事業所","***","事業所数","石炭・亜炭鉱業","0人","総数"
"102-2024","052","02","0","00000","2024000000","事業所","4","事業所数","石炭・亜炭鉱業","1～4人","総数"
"102-2024","052","03","0","00000","2024000000","事業所","7","事業所数","石炭・亜炭鉱業","5～9人","総数"
"102-2024","052","04","0","00000","2024000000","事業所","5","事業所数","石炭・亜炭鉱業","10～19人","総数"
"102-2024","052","05","0","00000","2024000000","事業所","1","事業所数","石炭・亜炭鉱業","20～29人","総数"
"102-2024","052","06","0","00000","2024000000","事業所","***","事業所数","石炭・亜炭鉱業","30～49人","総数"
"102-2024","052","07","0","00000","2024000000","事業所","1","事業所数","石炭・亜炭鉱業","50～99人","総数"
"102-2024","052","08","0","00000","2024000000","事業所","1","事業所数","石炭・亜炭鉱業","100～199人","総数"
"102-2024","052","09","0","00000","2024000000","事業所","***","事業所数","石炭・亜炭鉱業","200～299人","総数"
"102-2024","052","10","0","00000","2024000000","事業所","***","事業所数","石炭・亜炭鉱業","300人以上","総数"
"102-2024","053","00","0","00000","2024000000","事業所","29","事業所数","原油・天然ガス鉱業","総数","総数"
"102-2024","053","01","0","00000","2024000000","事業所","6","事業所数","原油・天然ガス鉱業","0人","総数"
"102-2024","053","02","0","00000","2024000000","事業所","4","事業所数","原油・天然ガス鉱業","1～4人","総数"
"102-2024","053","03","0","00000","2024000000","事業所","1","事業所数","原油・天然ガス鉱業","5～9人","総数"
"102-2024","053","04","0","00000","2024000000","事業所","3","事業所数","原油・天然ガス鉱業","10～19人","総数"
"102-2024","053","05","0","00000","2024000000","事業所","4","事業所数","原油・天然ガス鉱業","20～29人","総数"
"102-2024","053","06","0","00000","2024000000","事業所","6","事業所数","原油・天然ガス鉱業","30～49人","総数"
"102-2024","053","07","0","00000","2024000000","事業所","2","事業所数","原油・天然ガス鉱業","50～99人","総数"
"102-2024","053","08","0","00000","2024000000","事業所","3","事業所数","原油・天然ガス鉱業","100～199人","総数"
"102-2024","053","09","0","00000","2024000000","事業所","***","事業所数","原油・天然ガス鉱業","200～299人","総数"
"102-2024","053","10","0","00000","2024000000","事業所","***","事業所数","原油・天然ガス鉱業","300人以上","総数"
"102-2024","054","00","0","00000","2024000000","事業所","1180","事業所数","採石業、砂・砂利・玉石採取業","総数","総数"
"102-2024","054","01","0","00000","2024000000","事業所","93","事業所数","採石業、砂・砂利・玉石採取業","0人","総数"
"102-2024","054","02","0","00000","2024000000","事業所","470","事業所数","採石業、砂・砂利・玉石採取業","1～4人","総数"
"102-2024","054","03","0","00000","2024000000","事業所","312","事業所数","採石業、砂・砂利・玉石採取業","5～9人","総数"
"102-2024","054","04","0","00000","2024000000","事業所","222","事業所数","採石業、砂・砂利・玉石採取業","10～19人","総数"
"102-2024","054","05","0","00000","2024000000","事業所","50","事業所数","採石業、砂・砂利・玉石採取業","20～29人","総数"
"102-2024","054","06","0","00000","2024000000","事業所","33","事業所数","採石業、砂・砂利・玉石採取業","30～49人","総数"
"102-2024","054","07","0","00000","2024000000","事業所","***","事業所数","採石業、砂・砂利・玉石採取業","50～99人","総数"
"102-2024","054","08","0","00000","2024000000","事業所","***","事業所数","採石業、砂・砂利・玉石採取業","100～199人","総数"
"102-2024","054","09","0","00000","2024000000","事業所","***","事業所数","採石業、砂・砂利・玉石採取業","200～299人","総数"
"102-2024","054","10","0","00000","2024000000","事業所","***","事業所数","採石業、砂・砂利・玉石採取業","300人以上","総数"
"102-2024","055","00","0","00000","2024000000","事業所","180","事業所数","窯業原料用鉱物鉱業（耐火物・陶磁器・ガラス・セメント原料用に限る）","総数","総数"
"102-2024","055","01","0","00000","2024000000","事業所","8","事業所数","窯業原料用鉱物鉱業（耐火物・陶磁器・ガラス・セメント原料用に限る）","0人","総数"
"102-2024","055","02","0","00000","2024000000","事業所","56","事業所数","窯業原料用鉱物鉱業（耐火物・陶磁器・ガラス・セメント原料用に限る）","1～4人","総数"
"102-2024","055","03","0","00000","2024000000","事業所","39","事業所数","窯業原料用鉱物鉱業（耐火物・陶磁器・ガラス・セメント原料用に限る）","5～9人","総数"
"102-2024","055","04","0","00000","2024000000","事業所","31","事業所数","窯業原料用鉱物鉱業（耐火物・陶磁器・ガラス・セメント原料用に限る）","10～19人","総数"
"102-2024","055","05","0","00000","2024000000","事業所","12","事業所数","窯業原料用鉱物鉱業（耐火物・陶磁器・ガラス・セメント原料用に限る）","20～29人","総数"
"102-2024","055","06","0","00000","2024000000","事業所","18","事業所数","窯業原料用鉱物鉱業（耐火物・陶磁器・ガラス・セメント原料用に限る）","30～49人","総数"
"102-2024","055","07","0","00000","2024000000","事業所","12","事業所数","窯業原料用鉱物鉱業（耐火物・陶磁器・ガラス・セメント原料用に限る）","50～99人","総数"
"102-2024","055","08","0","00000","2024000000","事業所","4","事業所数","窯業原料用鉱物鉱業（耐火物・陶磁器・ガラス・セメント原料用に限る）","100～199人","総数"
"102-2024","055","09","0","00000","2024000000","事業所","***","事業所数","窯業原料用鉱物鉱業（耐火物・陶磁器・ガラス・セメント原料用に限る）","200～299人","総数"
"102-2024","055","10","0","00000","2024000000","事業所","***","事業所数","窯業原料用鉱物鉱業（耐火物・陶磁器・ガラス・セメント原料用に限る）","300人以上","総数"
"102-2024","059","00","0","00000","2024000000","事業所","37","事業所数","その他の鉱業","総数","総数"
"102-2024","059","01","0","00000","2024000000","事業所","8","事業所数","その他の鉱業","0人","総数"
"102-2024","059","02","0","00000","2024000000","事業所","17","事業所数","その他の鉱業","1～4人","総数"
"102-2024","059","03","0","00000","2024000000","事業所","6","事業所数","その他の鉱業","5～9人","総数"
"102-2024","059","04","0","00000","2024000000","事業所","2","事業所数","その他の鉱業","10～19人","総数"
"102-2024","059","05","0","00000","2024000000","事業所","3","事業所数","その他の鉱業","20～29人","総数"
"102-2024","059","06","0","00000","2024000000","事業所","***","事業所数","その他の鉱業","30～49人","総数"
"102-2024","059","07","0","00000","2024000000","事業所","1","事業所数","その他の鉱業","50～99人","総数"
"102-2024","059","08","0","00000","2024000000","事業所","***","事業所数","その他の鉱業","100～199人","総数"
"102-2024","059","09","0","00000","2024000000","事業所","***","事業所数","その他の鉱業","200～299人","総数"
"102-2024","059","10","0","00000","2024000000","事業所","***","事業所数","その他の鉱業","300人以上","総数"
"102-2024","D","00","0","00000","2024000000","事業所","400342","事業所数","建設業","総数","総数"
"102-2024","D","01","0","00000","2024000000","事業所","35747","事業所数","建設業","0人","総数"
"102-2024","D","02","0","00000","2024000000","事業所","206075","事業所数","建設業","1～4人","総数"
"102-2024","D","03","0","00000","2024000000","事業所","82297","事業所数","建設業","5～9人","総数"
"102-2024","D","04","0","00000","2024000000","事業所","46244","事業所数","建設業","10～19人","総数"
"102-2024","D","05","0","00000","2024000000","事業所","14248","事業所数","建設業","20～29人","総数"
"102-2024","D","06","0","00000","2024000000","事業所","9432","事業所数","建設業","30～49人","総数"
"102-2024","D","07","0","00000","2024000000","事業所","4341","事業所数","建設業","50～99人","総数"
"102-2024","D","08","0","00000","2024000000","事業所","1364","事業所数","建設業","100～199人","総数"
"102-2024","D","09","0","00000","2024000000","事業所","321","事業所数","建設業","200～299人","総数"
"102-2024","D","10","0","00000","2024000000","事業所","273","事業所数","建設業","300人以上","総数"
"102-2024","06","00","0","00000","2024000000","事業所","168869","事業所数","総合工事業","総数","総数"
"102-2024","06","01","0","00000","2024000000","事業所","14414","事業所数","総合工事業","0人","総数"
"102-2024","06","02","0","00000","2024000000","事業所","81909","事業所数","総合工事業","1～4人","総数"
"102-2024","06","03","0","00000","2024000000","事業所","36234","事業所数","総合工事業","5～9人","総数"
"102-2024","06","04","0","00000","2024000000","事業所","21346","事業所数","総合工事業","10～19人","総数"
"102-2024","06","05","0","00000","2024000000","事業所","6962","事業所数","総合工事業","20～29人","総数"
"102-2024","06","06","0","00000","2024000000","事業所","4824","事業所数","総合工事業","30～49人","総数"
"102-2024","06","07","0","00000","2024000000","事業所","2159","事業所数","総合工事業","50～99人","総数"
"102-2024","06","08","0","00000","2024000000","事業所","702","事業所数","総合工事業","100～199人","総数"
"102-2024","06","09","0","00000","2024000000","事業所","174","事業所数","総合工事業","200～299人","総数"
"102-2024","06","10","0","00000","2024000000","事業所","145","事業所数","総合工事業","300人以上","総数"
"102-2024","060","00","0","00000","2024000000","事業所","959","事業所数","管理、補助的経済活動を行う事業所（06_総合工事業）","総数","総数"
"102-2024","060","01","0","00000","2024000000","事業所","82","事業所数","管理、補助的経済活動を行う事業所（06_総合工事業）","0人","総数"
"102-2024","060","02","0","00000","2024000000","事業所","493","事業所数","管理、補助的経済活動を行う事業所（06_総合工事業）","1～4人","総数"
"102-2024","060","03","0","00000","2024000000","事業所","113","事業所数","管理、補助的経済活動を行う事業所（06_総合工事業）","5～9人","総数"
"102-2024","060","04","0","00000","2024000000","事業所","97","事業所数","管理、補助的経済活動を行う事業所（06_総合工事業）","10～19人","総数"
"102-2024","060","05","0","00000","2024000000","事業所","48","事業所数","管理、補助的経済活動を行う事業所（06_総合工事業）","20～29人","総数"
"102-2024","060","06","0","00000","2024000000","事業所","52","事業所数","管理、補助的経済活動を行う事業所（06_総合工事業）","30～49人","総数"
"102-2024","060","07","0","00000","2024000000","事業所","43","事業所数","管理、補助的経済活動を行う事業所（06_総合工事業）","50～99人","総数"
"102-2024","060","08","0","00000","2024000000","事業所","20","事業所数","管理、補助的経済活動を行う事業所（06_総合工事業）","100～199人","総数"
"102-2024","060","09","0","00000","2024000000","事業所","8","事業所数","管理、補助的経済活動を行う事業所（06_総合工事業）","200～299人","総数"
"102-2024","060","10","0","00000","2024000000","事業所","3","事業所数","管理、補助的経済活動を行う事業所（06_総合工事業）","300人以上","総数"
"102-2024","061","00","0","00000","2024000000","事業所","8080","事業所数","一般土木建築工事業","総数","総数"
"102-2024","061","01","0","00000","2024000000","事業所","348","事業所数","一般土木建築工事業","0人","総数"
"102-2024","061","02","0","00000","2024000000","事業所","3036","事業所数","一般土木建築工事業","1～4人","総数"
"102-2024","061","03","0","00000","2024000000","事業所","1407","事業所数","一般土木建築工事業","5～9人","総数"
"102-2024","061","04","0","00000","2024000000","事業所","1235","事業所数","一般土木建築工事業","10～19人","総数"
"102-2024","061","05","0","00000","2024000000","事業所","635","事業所数","一般土木建築工事業","20～29人","総数"
"102-2024","061","06","0","00000","2024000000","事業所","619","事業所数","一般土木建築工事業","30～49人","総数"
"102-2024","061","07","0","00000","2024000000","事業所","446","事業所数","一般土木建築工事業","50～99人","総数"
"102-2024","061","08","0","00000","2024000000","事業所","227","事業所数","一般土木建築工事業","100～199人","総数"
"102-2024","061","09","0","00000","2024000000","事業所","68","事業所数","一般土木建築工事業","200～299人","総数"
"102-2024","061","10","0","00000","2024000000","事業所","59","事業所数","一般土木建築工事業","300人以上","総数"
"102-2024","062","00","0","00000","2024000000","事業所","64044","事業所数","土木工事業（舗装工事業を除く）","総数","総数"
"102-2024","062","01","0","00000","2024000000","事業所","3143","事業所数","土木工事業（舗装工事業を除く）","0人","総数"
"102-2024","062","02","0","00000","2024000000","事業所","26919","事業所数","土木工事業（舗装工事業を除く）","1～4人","総数"
"102-2024","062","03","0","00000","2024000000","事業所","16818","事業所数","土木工事業（舗装工事業を除く）","5～9人","総数"
"102-2024","062","04","0","00000","2024000000","事業所","10783","事業所数","土木工事業（舗装工事業を除く）","10～19人","総数"
"102-2024","062","05","0","00000","2024000000","事業所","3360","事業所数","土木工事業（舗装工事業を除く）","20～29人","総数"
"102-2024","062","06","0","00000","2024000000","事業所","2127","事業所数","土木工事業（舗装工事業を除く）","30～49人","総数"
"102-2024","062","07","0","00000","2024000000","事業所","725","事業所数","土木工事業（舗装工事業を除く）","50～99人","総数"
"102-2024","062","08","0","00000","2024000000","事業所","143","事業所数","土木工事業（舗装工事業を除く）","100～199人","総数"
"102-2024","062","09","0","00000","2024000000","事業所","17","事業所数","土木工事業（舗装工事業を除く）","200～299人","総数"
"102-2024","062","10","0","00000","2024000000","事業所","9","事業所数","土木工事業（舗装工事業を除く）","300人以上","総数"
"102-2024","063","00","0","00000","2024000000","事業所","6520","事業所数","舗装工事業","総数","総数"
"102-2024","063","01","0","00000","2024000000","事業所","201","事業所数","舗装工事業","0人","総数"
"102-2024","063","02","0","00000","2024000000","事業所","1977","事業所数","舗装工事業","1～4人","総数"
"102-2024","063","03","0","00000","2024000000","事業所","1760","事業所数","舗装工事業","5～9人","総数"
"102-2024","063","04","0","00000","2024000000","事業所","1645","事業所数","舗装工事業","10～19人","総数"
"102-2024","063","05","0","00000","2024000000","事業所","578","事業所数","舗装工事業","20～29人","総数"
"102-2024","063","06","0","00000","2024000000","事業所","282","事業所数","舗装工事業","30～49人","総数"
"102-2024","063","07","0","00000","2024000000","事業所","66","事業所数","舗装工事業","50～99人","総数"
"102-2024","063","08","0","00000","2024000000","事業所","9","事業所数","舗装工事業","100～199人","総数"
"102-2024","063","09","0","00000","2024000000","事業所","2","事業所数","舗装工事業","200～299人","総数"
"102-2024","063","10","0","00000","2024000000","事業所","***","事業所数","舗装工事業","300人以上","総数"
"102-2024","064","00","0","00000","2024000000","事業所","38531","事業所数","建築工事業（木造建築工事業を除く）","総数","総数"
"102-2024","064","01","0","00000","2024000000","事業所","3707","事業所数","建築工事業（木造建築工事業を除く）","0人","総数"
"102-2024","064","02","0","00000","2024000000","事業所","19403","事業所数","建築工事業（木造建築工事業を除く）","1～4人","総数"
"102-2024","064","03","0","00000","2024000000","事業所","7906","事業所数","建築工事業（木造建築工事業を除く）","5～9人","総数"
"102-2024","064","04","0","00000","2024000000","事業所","4060","事業所数","建築工事業（木造建築工事業を除く）","10～19人","総数"
"102-2024","064","05","0","00000","2024000000","事業所","1377","事業所数","建築工事業（木造建築工事業を除く）","20～29人","総数"
"102-2024","064","06","0","00000","2024000000","事業所","1110","事業所数","建築工事業（木造建築工事業を除く）","30～49人","総数"
"102-2024","064","07","0","00000","2024000000","事業所","611","事業所数","建築工事業（木造建築工事業を除く）","50～99人","総数"
"102-2024","064","08","0","00000","2024000000","事業所","248","事業所数","建築工事業（木造建築工事業を除く）","100～199人","総数"
"102-2024","064","09","0","00000","2024000000","事業所","50","事業所数","建築工事業（木造建築工事業を除く）","200～299人","総数"
"102-2024","064","10","0","00000","2024000000","事業所","59","事業所数","建築工事業（木造建築工事業を除く）","300人以上","総数"
"102-2024","065","00","0","00000","2024000000","事業所","26745","事業所数","木造建築工事業","総数","総数"
"102-2024","065","01","0","00000","2024000000","事業所","2818","事業所数","木造建築工事業","0人","総数"
"102-2024","065","02","0","00000","2024000000","事業所","15864","事業所数","木造建築工事業","1～4人","総数"
"102-2024","065","03","0","00000","2024000000","事業所","4844","事業所数","木造建築工事業","5～9人","総数"
"102-2024","065","04","0","00000","2024000000","事業所","2115","事業所数","木造建築工事業","10～19人","総数"
"102-2024","065","05","0","00000","2024000000","事業所","574","事業所数","木造建築工事業","20～29人","総数"
"102-2024","065","06","0","00000","2024000000","事業所","354","事業所数","木造建築工事業","30～49人","総数"
"102-2024","065","07","0","00000","2024000000","事業所","138","事業所数","木造建築工事業","50～99人","総数"
"102-2024","065","08","0","00000","2024000000","事業所","27","事業所数","木造建築工事業","100～199人","総数"
"102-2024","065","09","0","00000","2024000000","事業所","8","事業所数","木造建築工事業","200～299人","総数"
"102-2024","065","10","0","00000","2024000000","事業所","3","事業所数","木造建築工事業","300人以上","総数"
"102-2024","066","00","0","00000","2024000000","事業所","23990","事業所数","建築リフォーム工事業","総数","総数"
"102-2024","066","01","0","00000","2024000000","事業所","4115","事業所数","建築リフォーム工事業","0人","総数"
"102-2024","066","02","0","00000","2024000000","事業所","14217","事業所数","建築リフォーム工事業","1～4人","総数"
"102-2024","066","03","0","00000","2024000000","事業所","3386","事業所数","建築リフォーム工事業","5～9人","総数"
"102-2024","066","04","0","00000","2024000000","事業所","1411","事業所数","建築リフォーム工事業","10～19人","総数"
"102-2024","066","05","0","00000","2024000000","事業所","390","事業所数","建築リフォーム工事業","20～29人","総数"
"102-2024","066","06","0","00000","2024000000","事業所","280","事業所数","建築リフォーム工事業","30～49人","総数"
"102-2024","066","07","0","00000","2024000000","事業所","130","事業所数","建築リフォーム工事業","50～99人","総数"
"102-2024","066","08","0","00000","2024000000","事業所","28","事業所数","建築リフォーム工事業","100～199人","総数"
"102-2024","066","09","0","00000","2024000000","事業所","21","事業所数","建築リフォーム工事業","200～299人","総数"
"102-2024","066","10","0","00000","2024000000","事業所","12","事業所数","建築リフォーム工事業","300人以上","総数"
"102-2024","07","00","0","00000","2024000000","事業所","117765","事業所数","職別工事業（設備工事業を除く）","総数","総数"
"102-2024","07","01","0","00000","2024000000","事業所","11680","事業所数","職別工事業（設備工事業を除く）","0人","総数"
"102-2024","07","02","0","00000","2024000000","事業所","65936","事業所数","職別工事業（設備工事業を除く）","1～4人","総数"
"102-2024","07","03","0","00000","2024000000","事業所","22499","事業所数","職別工事業（設備工事業を除く）","5～9人","総数"
"102-2024","07","04","0","00000","2024000000","事業所","11846","事業所数","職別工事業（設備工事業を除く）","10～19人","総数"
"102-2024","07","05","0","00000","2024000000","事業所","3213","事業所数","職別工事業（設備工事業を除く）","20～29人","総数"
"102-2024","07","06","0","00000","2024000000","事業所","1797","事業所数","職別工事業（設備工事業を除く）","30～49人","総数"
"102-2024","07","07","0","00000","2024000000","事業所","633","事業所数","職別工事業（設備工事業を除く）","50～99人","総数"
"102-2024","07","08","0","00000","2024000000","事業所","128","事業所数","職別工事業（設備工事業を除く）","100～199人","総数"
"102-2024","07","09","0","00000","2024000000","事業所","24","事業所数","職別工事業（設備工事業を除く）","200～299人","総数"
"102-2024","07","10","0","00000","2024000000","事業所","9","事業所数","職別工事業（設備工事業を除く）","300人以上","総数"
"102-2024","070","00","0","00000","2024000000","事業所","552","事業所数","管理、補助的経済活動を行う事業所（07_職別工事業）","総数","総数"
"102-2024","070","01","0","00000","2024000000","事業所","65","事業所数","管理、補助的経済活動を行う事業所（07_職別工事業）","0人","総数"
"102-2024","070","02","0","00000","2024000000","事業所","343","事業所数","管理、補助的経済活動を行う事業所（07_職別工事業）","1～4人","総数"
"102-2024","070","03","0","00000","2024000000","事業所","67","事業所数","管理、補助的経済活動を行う事業所（07_職別工事業）","5～9人","総数"
"102-2024","070","04","0","00000","2024000000","事業所","41","事業所数","管理、補助的経済活動を行う事業所（07_職別工事業）","10～19人","総数"
"102-2024","070","05","0","00000","2024000000","事業所","16","事業所数","管理、補助的経済活動を行う事業所（07_職別工事業）","20～29人","総数"
"102-2024","070","06","0","00000","2024000000","事業所","8","事業所数","管理、補助的経済活動を行う事業所（07_職別工事業）","30～49人","総数"
"102-2024","070","07","0","00000","2024000000","事業所","8","事業所数","管理、補助的経済活動を行う事業所（07_職別工事業）","50～99人","総数"
"102-2024","070","08","0","00000","2024000000","事業所","4","事業所数","管理、補助的経済活動を行う事業所（07_職別工事業）","100～199人","総数"
"102-2024","070","09","0","00000","2024000000","事業所","***","事業所数","管理、補助的経済活動を行う事業所（07_職別工事業）","200～299人","総数"
"102-2024","070","10","0","00000","2024000000","事業所","***","事業所数","管理、補助的経済活動を行う事業所（07_職別工事業）","300人以上","総数"
"102-2024","071","00","0","00000","2024000000","事業所","8873","事業所数","大工工事業","総数","総数"
"102-2024","071","01","0","00000","2024000000","事業所","1309","事業所数","大工工事業","0人","総数"
"102-2024","071","02","0","00000","2024000000","事業所","5107","事業所数","大工工事業","1～4人","総数"
"102-2024","071","03","0","00000","2024000000","事業所","1247","事業所数","大工工事業","5～9人","総数"
"102-2024","071","04","0","00000","2024000000","事業所","776","事業所数","大工工事業","10～19人","総数"
"102-2024","071","05","0","00000","2024000000","事業所","256","事業所数","大工工事業","20～29人","総数"
"102-2024","071","06","0","00000","2024000000","事業所","132","事業所数","大工工事業","30～49人","総数"
"102-2024","071","07","0","00000","2024000000","事業所","41","事業所数","大工工事業","50～99人","総数"
"102-2024","071","08","0","00000","2024000000","事業所","4","事業所数","大工工事業","100～199人","総数"
"102-2024","071","09","0","00000","2024000000","事業所","1","事業所数","大工工事業","200～299人","総数"
"102-2024","071","10","0","00000","2024000000","事業所","***","事業所数","大工工事業","300人以上","総数"
"102-2024","072","00","0","00000","2024000000","事業所","20207","事業所数","とび・土工・コンクリート工事業","総数","総数"
"102-2024","072","01","0","00000","2024000000","事業所","1174","事業所数","とび・土工・コンクリート工事業","0人","総数"
"102-2024","072","02","0","00000","2024000000","事業所","8936","事業所数","とび・土工・コンクリート工事業","1～4人","総数"
"102-2024","072","03","0","00000","2024000000","事業所","5052","事業所数","とび・土工・コンクリート工事業","5～9人","総数"
"102-2024","072","04","0","00000","2024000000","事業所","3201","事業所数","とび・土工・コンクリート工事業","10～19人","総数"
"102-2024","072","05","0","00000","2024000000","事業所","1001","事業所数","とび・土工・コンクリート工事業","20～29人","総数"
"102-2024","072","06","0","00000","2024000000","事業所","596","事業所数","とび・土工・コンクリート工事業","30～49人","総数"
"102-2024","072","07","0","00000","2024000000","事業所","202","事業所数","とび・土工・コンクリート工事業","50～99人","総数"
"102-2024","072","08","0","00000","2024000000","事業所","39","事業所数","とび・土工・コンクリート工事業","100～199人","総数"
"102-2024","072","09","0","00000","2024000000","事業所","5","事業所数","とび・土工・コンクリート工事業","200～299人","総数"
"102-2024","072","10","0","00000","2024000000","事業所","1","事業所数","とび・土工・コンクリート工事業","300人以上","総数"
"102-2024","073","00","0","00000","2024000000","事業所","7283","事業所数","鉄骨・鉄筋工事業","総数","総数"
"102-2024","073","01","0","00000","2024000000","事業所","481","事業所数","鉄骨・鉄筋工事業","0人","総数"
"102-2024","073","02","0","00000","2024000000","事業所","3334","事業所数","鉄骨・鉄筋工事業","1～4人","総数"
"102-2024","073","03","0","00000","2024000000","事業所","1662","事業所数","鉄骨・鉄筋工事業","5～9人","総数"
"102-2024","073","04","0","00000","2024000000","事業所","1208","事業所数","鉄骨・鉄筋工事業","10～19人","総数"
"102-2024","073","05","0","00000","2024000000","事業所","322","事業所数","鉄骨・鉄筋工事業","20～29人","総数"
"102-2024","073","06","0","00000","2024000000","事業所","185","事業所数","鉄骨・鉄筋工事業","30～49人","総数"
"102-2024","073","07","0","00000","2024000000","事業所","74","事業所数","鉄骨・鉄筋工事業","50～99人","総数"
"102-2024","073","08","0","00000","2024000000","事業所","13","事業所数","鉄骨・鉄筋工事業","100～199人","総数"
"102-2024","073","09","0","00000","2024000000","事業所","4","事業所数","鉄骨・鉄筋工事業","200～299人","総数"
"102-2024","073","10","0","00000","2024000000","事業所","***","事業所数","鉄骨・鉄筋工事業","300人以上","総数"
"102-2024","074","00","0","00000","2024000000","事業所","4072","事業所数","石工・れんが・タイル・ブロック工事業","総数","総数"
"102-2024","074","01","0","00000","2024000000","事業所","518","事業所数","石工・れんが・タイル・ブロック工事業","0人","総数"
"102-2024","074","02","0","00000","2024000000","事業所","2662","事業所数","石工・れんが・タイル・ブロック工事業","1～4人","総数"
"102-2024","074","03","0","00000","2024000000","事業所","593","事業所数","石工・れんが・タイル・ブロック工事業","5～9人","総数"
"102-2024","074","04","0","00000","2024000000","事業所","224","事業所数","石工・れんが・タイル・ブロック工事業","10～19人","総数"
"102-2024","074","05","0","00000","2024000000","事業所","48","事業所数","石工・れんが・タイル・ブロック工事業","20～29人","総数"
"102-2024","074","06","0","00000","2024000000","事業所","19","事業所数","石工・れんが・タイル・ブロック工事業","30～49人","総数"
"102-2024","074","07","0","00000","2024000000","事業所","8","事業所数","石工・れんが・タイル・ブロック工事業","50～99人","総数"
"102-2024","074","08","0","00000","2024000000","事業所","***","事業所数","石工・れんが・タイル・ブロック工事業","100～199人","総数"
"102-2024","074","09","0","00000","2024000000","事業所","***","事業所数","石工・れんが・タイル・ブロック工事業","200～299人","総数"
"102-2024","074","10","0","00000","2024000000","事業所","***","事業所数","石工・れんが・タイル・ブロック工事業","300人以上","総数"
"102-2024","075","00","0","00000","2024000000","事業所","4675","事業所数","左官工事業","総数","総数"
"102-2024","075","01","0","00000","2024000000","事業所","385","事業所数","左官工事業","0人","総数"
"102-2024","075","02","0","00000","2024000000","事業所","2917","事業所数","左官工事業","1～4人","総数"
"102-2024","075","03","0","00000","2024000000","事業所","806","事業所数","左官工事業","5～9人","総数"
"102-2024","075","04","0","00000","2024000000","事業所","375","事業所数","左官工事業","10～19人","総数"
"102-2024","075","05","0","00000","2024000000","事業所","117","事業所数","左官工事業","20～29人","総数"
"102-2024","075","06","0","00000","2024000000","事業所","52","事業所数","左官工事業","30～49人","総数"
"102-2024","075","07","0","00000","2024000000","事業所","22","事業所数","左官工事業","50～99人","総数"
"102-2024","075","08","0","00000","2024000000","事業所","1","事業所数","左官工事業","100～199人","総数"
"102-2024","075","09","0","00000","2024000000","事業所","***","事業所数","左官工事業","200～299人","総数"
"102-2024","075","10","0","00000","2024000000","事業所","***","事業所数","左官工事業","300人以上","総数"
"102-2024","076","00","0","00000","2024000000","事業所","7632","事業所数","板金・金物工事業","総数","総数"
"102-2024","076","01","0","00000","2024000000","事業所","665","事業所数","板金・金物工事業","0人","総数"
"102-2024","076","02","0","00000","2024000000","事業所","5301","事業所数","板金・金物工事業","1～4人","総数"
"102-2024","076","03","0","00000","2024000000","事業所","1156","事業所数","板金・金物工事業","5～9人","総数"
"102-2024","076","04","0","00000","2024000000","事業所","389","事業所数","板金・金物工事業","10～19人","総数"
"102-2024","076","05","0","00000","2024000000","事業所","78","事業所数","板金・金物工事業","20～29人","総数"
"102-2024","076","06","0","00000","2024000000","事業所","38","事業所数","板金・金物工事業","30～49人","総数"
"102-2024","076","07","0","00000","2024000000","事業所","4","事業所数","板金・金物工事業","50～99人","総数"
"102-2024","076","08","0","00000","2024000000","事業所","1","事業所数","板金・金物工事業","100～199人","総数"
"102-2024","076","09","0","00000","2024000000","事業所","***","事業所数","板金・金物工事業","200～299人","総数"
"102-2024","076","10","0","00000","2024000000","事業所","***","事業所数","板金・金物工事業","300人以上","総数"
"102-2024","077","00","0","00000","2024000000","事業所","16801","事業所数","塗装工事業","総数","総数"
"102-2024","077","01","0","00000","2024000000","事業所","1646","事業所数","塗装工事業","0人","総数"
"102-2024","077","02","0","00000","2024000000","事業所","10233","事業所数","塗装工事業","1～4人","総数"
"102-2024","077","03","0","00000","2024000000","事業所","3159","事業所数","塗装工事業","5～9人","総数"
"102-2024","077","04","0","00000","2024000000","事業所","1344","事業所数","塗装工事業","10～19人","総数"
"102-2024","077","05","0","00000","2024000000","事業所","255","事業所数","塗装工事業","20～29人","総数"
"102-2024","077","06","0","00000","2024000000","事業所","120","事業所数","塗装工事業","30～49人","総数"
"102-2024","077","07","0","00000","2024000000","事業所","32","事業所数","塗装工事業","50～99人","総数"
"102-2024","077","08","0","00000","2024000000","事業所","8","事業所数","塗装工事業","100～199人","総数"
"102-2024","077","09","0","00000","2024000000","事業所","2","事業所数","塗装工事業","200～299人","総数"
"102-2024","077","10","0","00000","2024000000","事業所","2","事業所数","塗装工事業","300人以上","総数"
"102-2024","078","00","0","00000","2024000000","事業所","20315","事業所数","床・内装工事業","総数","総数"
"102-2024","078","01","0","00000","2024000000","事業所","2840","事業所数","床・内装工事業","0人","総数"
"102-2024","078","02","0","00000","2024000000","事業所","12426","事業所数","床・内装工事業","1～4人","総数"
"102-2024","078","03","0","00000","2024000000","事業所","3133","事業所数","床・内装工事業","5～9人","総数"
"102-2024","078","04","0","00000","2024000000","事業所","1342","事業所数","床・内装工事業","10～19人","総数"
"102-2024","078","05","0","00000","2024000000","事業所","314","事業所数","床・内装工事業","20～29人","総数"
"102-2024","078","06","0","00000","2024000000","事業所","153","事業所数","床・内装工事業","30～49人","総数"
"102-2024","078","07","0","00000","2024000000","事業所","68","事業所数","床・内装工事業","50～99人","総数"
"102-2024","078","08","0","00000","2024000000","事業所","26","事業所数","床・内装工事業","100～199人","総数"
"102-2024","078","09","0","00000","2024000000","事業所","7","事業所数","床・内装工事業","200～299人","総数"
"102-2024","078","10","0","00000","2024000000","事業所","6","事業所数","床・内装工事業","300人以上","総数"
"102-2024","079","00","0","00000","2024000000","事業所","27354","事業所数","その他の職別工事業","総数","総数"
"102-2024","079","01","0","00000","2024000000","事業所","2597","事業所数","その他の職別工事業","0人","総数"
"102-2024","079","02","0","00000","2024000000","事業所","14676","事業所数","その他の職別工事業","1～4人","総数"
"102-2024","079","03","0","00000","2024000000","事業所","5624","事業所数","その他の職別工事業","5～9人","総数"
"102-2024","079","04","0","00000","2024000000","事業所","2946","事業所数","その他の職別工事業","10～19人","総数"
"102-2024","079","05","0","00000","2024000000","事業所","806","事業所数","その他の職別工事業","20～29人","総数"
"102-2024","079","06","0","00000","2024000000","事業所","494","事業所数","その他の職別工事業","30～49人","総数"
"102-2024","079","07","0","00000","2024000000","事業所","174","事業所数","その他の職別工事業","50～99人","総数"
"102-2024","079","08","0","00000","2024000000","事業所","32","事業所数","その他の職別工事業","100～199人","総数"
"102-2024","079","09","0","00000","2024000000","事業所","5","事業所数","その他の職別工事業","200～299人","総数"
"102-2024","079","10","0","00000","2024000000","事業所","***","事業所数","その他の職別工事業","300人以上","総数"
"102-2024","08","00","0","00000","2024000000","事業所","113511","事業所数","設備工事業","総数","総数"
"102-2024","08","01","0","00000","2024000000","事業所","9589","事業所数","設備工事業","0人","総数"
"102-2024","08","02","0","00000","2024000000","事業所","58124","事業所数","設備工事業","1～4人","総数"
"102-2024","08","03","0","00000","2024000000","事業所","23541","事業所数","設備工事業","5～9人","総数"
"102-2024","08","04","0","00000","2024000000","事業所","13049","事業所数","設備工事業","10～19人","総数"
"102-2024","08","05","0","00000","2024000000","事業所","4072","事業所数","設備工事業","20～29人","総数"
"102-2024","08","06","0","00000","2024000000","事業所","2811","事業所数","設備工事業","30～49人","総数"
"102-2024","08","07","0","00000","2024000000","事業所","1549","事業所数","設備工事業","50～99人","総数"
"102-2024","08","08","0","00000","2024000000","事業所","534","事業所数","設備工事業","100～199人","総数"
"102-2024","08","09","0","00000","2024000000","事業所","123","事業所数","設備工事業","200～299人","総数"
"102-2024","08","10","0","00000","2024000000","事業所","119","事業所数","設備工事業","300人以上","総数"
"102-2024","080","00","0","00000","2024000000","事業所","705","事業所数","管理、補助的経済活動を行う事業所（08_設備工事業）","総数","総数"
"102-2024","080","01","0","00000","2024000000","事業所","86","事業所数","管理、補助的経済活動を行う事業所（08_設備工事業）","0人","総数"
"102-2024","080","02","0","00000","2024000000","事業所","385","事業所数","管理、補助的経済活動を行う事業所（08_設備工事業）","1～4人","総数"
"102-2024","080","03","0","00000","2024000000","事業所","90","事業所数","管理、補助的経済活動を行う事業所（08_設備工事業）","5～9人","総数"
"102-2024","080","04","0","00000","2024000000","事業所","57","事業所数","管理、補助的経済活動を行う事業所（08_設備工事業）","10～19人","総数"
"102-2024","080","05","0","00000","2024000000","事業所","23","事業所数","管理、補助的経済活動を行う事業所（08_設備工事業）","20～29人","総数"
"102-2024","080","06","0","00000","2024000000","事業所","21","事業所数","管理、補助的経済活動を行う事業所（08_設備工事業）","30～49人","総数"
"102-2024","080","07","0","00000","2024000000","事業所","17","事業所数","管理、補助的経済活動を行う事業所（08_設備工事業）","50～99人","総数"
"102-2024","080","08","0","00000","2024000000","事業所","18","事業所数","管理、補助的経済活動を行う事業所（08_設備工事業）","100～199人","総数"
"102-2024","080","09","0","00000","2024000000","事業所","4","事業所数","管理、補助的経済活動を行う事業所（08_設備工事業）","200～299人","総数"
"102-2024","080","10","0","00000","2024000000","事業所","4","事業所数","管理、補助的経済活動を行う事業所（08_設備工事業）","300人以上","総数"
"102-2024","081","00","0","00000","2024000000","事業所","42982","事業所数","電気工事業","総数","総数"
"102-2024","081","01","0","00000","2024000000","事業所","3767","事業所数","電気工事業","0人","総数"
"102-2024","081","02","0","00000","2024000000","事業所","22832","事業所数","電気工事業","1～4人","総数"
"102-2024","081","03","0","00000","2024000000","事業所","8330","事業所数","電気工事業","5～9人","総数"
"102-2024","081","04","0","00000","2024000000","事業所","4665","事業所数","電気工事業","10～19人","総数"
"102-2024","081","05","0","00000","2024000000","事業所","1490","事業所数","電気工事業","20～29人","総数"
"102-2024","081","06","0","00000","2024000000","事業所","1055","事業所数","電気工事業","30～49人","総数"
"102-2024","081","07","0","00000","2024000000","事業所","588","事業所数","電気工事業","50～99人","総数"
"102-2024","081","08","0","00000","2024000000","事業所","189","事業所数","電気工事業","100～199人","総数"
"102-2024","081","09","0","00000","2024000000","事業所","33","事業所数","電気工事業","200～299人","総数"
"102-2024","081","10","0","00000","2024000000","事業所","33","事業所数","電気工事業","300人以上","総数"
"102-2024","082","00","0","00000","2024000000","事業所","11443","事業所数","電気通信・信号装置工事業","総数","総数"
"102-2024","082","01","0","00000","2024000000","事業所","948","事業所数","電気通信・信号装置工事業","0人","総数"
"102-2024","082","02","0","00000","2024000000","事業所","4798","事業所数","電気通信・信号装置工事業","1～4人","総数"
"102-2024","082","03","0","00000","2024000000","事業所","2430","事業所数","電気通信・信号装置工事業","5～9人","総数"
"102-2024","082","04","0","00000","2024000000","事業所","1660","事業所数","電気通信・信号装置工事業","10～19人","総数"
"102-2024","082","05","0","00000","2024000000","事業所","616","事業所数","電気通信・信号装置工事業","20～29人","総数"
"102-2024","082","06","0","00000","2024000000","事業所","467","事業所数","電気通信・信号装置工事業","30～49人","総数"
"102-2024","082","07","0","00000","2024000000","事業所","321","事業所数","電気通信・信号装置工事業","50～99人","総数"
"102-2024","082","08","0","00000","2024000000","事業所","124","事業所数","電気通信・信号装置工事業","100～199人","総数"
"102-2024","082","09","0","00000","2024000000","事業所","39","事業所数","電気通信・信号装置工事業","200～299人","総数"
"102-2024","082","10","0","00000","2024000000","事業所","40","事業所数","電気通信・信号装置工事業","300人以上","総数"
"102-2024","083","00","0","00000","2024000000","事業所","42674","事業所数","管工事業（さく井工事業を除く）","総数","総数"
"102-2024","083","01","0","00000","2024000000","事業所","3574","事業所数","管工事業（さく井工事業を除く）","0人","総数"
"102-2024","083","02","0","00000","2024000000","事業所","23053","事業所数","管工事業（さく井工事業を除く）","1～4人","総数"
"102-2024","083","03","0","00000","2024000000","事業所","9015","事業所数","管工事業（さく井工事業を除く）","5～9人","総数"
"102-2024","083","04","0","00000","2024000000","事業所","4462","事業所数","管工事業（さく井工事業を除く）","10～19人","総数"
"102-2024","083","05","0","00000","2024000000","事業所","1262","事業所数","管工事業（さく井工事業を除く）","20～29人","総数"
"102-2024","083","06","0","00000","2024000000","事業所","778","事業所数","管工事業（さく井工事業を除く）","30～49人","総数"
"102-2024","083","07","0","00000","2024000000","事業所","373","事業所数","管工事業（さく井工事業を除く）","50～99人","総数"
"102-2024","083","08","0","00000","2024000000","事業所","108","事業所数","管工事業（さく井工事業を除く）","100～199人","総数"
"102-2024","083","09","0","00000","2024000000","事業所","30","事業所数","管工事業（さく井工事業を除く）","200～299人","総数"
"102-2024","083","10","0","00000","2024000000","事業所","19","事業所数","管工事業（さく井工事業を除く）","300人以上","総数"
"102-2024","084","00","0","00000","2024000000","事業所","10696","事業所数","機械器具設置工事業","総数","総数"
"102-2024","084","01","0","00000","2024000000","事業所","872","事業所数","機械器具設置工事業","0人","総数"
"102-2024","084","02","0","00000","2024000000","事業所","4496","事業所数","機械器具設置工事業","1～4人","総数"
"102-2024","084","03","0","00000","2024000000","事業所","2536","事業所数","機械器具設置工事業","5～9人","総数"
"102-2024","084","04","0","00000","2024000000","事業所","1565","事業所数","機械器具設置工事業","10～19人","総数"
"102-2024","084","05","0","00000","2024000000","事業所","521","事業所数","機械器具設置工事業","20～29人","総数"
"102-2024","084","06","0","00000","2024000000","事業所","392","事業所数","機械器具設置工事業","30～49人","総数"
"102-2024","084","07","0","00000","2024000000","事業所","202","事業所数","機械器具設置工事業","50～99人","総数"
"102-2024","084","08","0","00000","2024000000","事業所","74","事業所数","機械器具設置工事業","100～199人","総数"
"102-2024","084","09","0","00000","2024000000","事業所","16","事業所数","機械器具設置工事業","200～299人","総数"
"102-2024","084","10","0","00000","2024000000","事業所","22","事業所数","機械器具設置工事業","300人以上","総数"
"102-2024","089","00","0","00000","2024000000","事業所","5010","事業所数","その他の設備工事業","総数","総数"
"102-2024","089","01","0","00000","2024000000","事業所","341","事業所数","その他の設備工事業","0人","総数"
"102-2024","089","02","0","00000","2024000000","事業所","2560","事業所数","その他の設備工事業","1～4人","総数"
"102-2024","089","03","0","00000","2024000000","事業所","1140","事業所数","その他の設備工事業","5～9人","総数"
"102-2024","089","04","0","00000","2024000000","事業所","640","事業所数","その他の設備工事業","10～19人","総数"
"102-2024","089","05","0","00000","2024000000","事業所","160","事業所数","その他の設備工事業","20～29人","総数"
"102-2024","089","06","0","00000","2024000000","事業所","98","事業所数","その他の設備工事業","30～49人","総数"
"102-2024","089","07","0","00000","2024000000","事業所","48","事業所数","その他の設備工事業","50～99人","総数"
"102-2024","089","08","0","00000","2024000000","事業所","21","事業所数","その他の設備工事業","100～199人","総数"
"102-2024","089","09","0","00000","2024000000","事業所","1","事業所数","その他の設備工事業","200～299人","総数"
"102-2024","089","10","0","00000","2024000000","事業所","1","事業所数","その他の設備工事業","300人以上","総数"
"102-2024","E","00","0","00000","2024000000","事業所","316194","事業所数","製造業","総数","総数"
"102-2024","E","01","0","00000","2024000000","事業所","18415","事業所数","製造業","0人","総数"
"102-2024","E","02","0","00000","2024000000","事業所","120423","事業所数","製造業","1～4人","総数"
"102-2024","E","03","0","00000","2024000000","事業所","56159","事業所数","製造業","5～9人","総数"
"102-2024","E","04","0","00000","2024000000","事業所","47159","事業所数","製造業","10～19人","総数"
"102-2024","E","05","0","00000","2024000000","事業所","23127","事業所数","製造業","20～29人","総数"
"102-2024","E","06","0","00000","2024000000","事業所","20236","事業所数","製造業","30～49人","総数"
"102-2024","E","07","0","00000","2024000000","事業所","16396","事業所数","製造業","50～99人","総数"
"102-2024","E","08","0","00000","2024000000","事業所","8393","事業所数","製造業","100～199人","総数"
"102-2024","E","09","0","00000","2024000000","事業所","2603","事業所数","製造業","200～299人","総数"
"102-2024","E","10","0","00000","2024000000","事業所","3283","事業所数","製造業","300人以上","総数"
"102-2024","09","00","0","00000","2024000000","事業所","35900","事業所数","食料品製造業","総数","総数"
"102-2024","09","01","0","00000","2024000000","事業所","1469","事業所数","食料品製造業","0人","総数"
"102-2024","09","02","0","00000","2024000000","事業所","10517","事業所数","食料品製造業","1～4人","総数"
"102-2024","09","03","0","00000","2024000000","事業所","6313","事業所数","食料品製造業","5～9人","総数"
"102-2024","09","04","0","00000","2024000000","事業所","5798","事業所数","食料品製造業","10～19人","総数"
"102-2024","09","05","0","00000","2024000000","事業所","3231","事業所数","食料品製造業","20～29人","総数"
"102-2024","09","06","0","00000","2024000000","事業所","3075","事業所数","食料品製造業","30～49人","総数"
"102-2024","09","07","0","00000","2024000000","事業所","2749","事業所数","食料品製造業","50～99人","総数"
"102-2024","09","08","0","00000","2024000000","事業所","1665","事業所数","食料品製造業","100～199人","総数"
"102-2024","09","09","0","00000","2024000000","事業所","514","事業所数","食料品製造業","200～299人","総数"
"102-2024","09","10","0","00000","2024000000","事業所","569","事業所数","食料品製造業","300人以上","総数"
"102-2024","090","00","0","00000","2024000000","事業所","762","事業所数","管理、補助的経済活動を行う事業所（09_食料品製造業）","総数","総数"
"102-2024","090","01","0","00000","2024000000","事業所","77","事業所数","管理、補助的経済活動を行う事業所（09_食料品製造業）","0人","総数"
"102-2024","090","02","0","00000","2024000000","事業所","286","事業所数","管理、補助的経済活動を行う事業所（09_食料品製造業）","1～4人","総数"
"102-2024","090","03","0","00000","2024000000","事業所","124","事業所数","管理、補助的経済活動を行う事業所（09_食料品製造業）","5～9人","総数"
"102-2024","090","04","0","00000","2024000000","事業所","91","事業所数","管理、補助的経済活動を行う事業所（09_食料品製造業）","10～19人","総数"
"102-2024","090","05","0","00000","2024000000","事業所","47","事業所数","管理、補助的経済活動を行う事業所（09_食料品製造業）","20～29人","総数"
"102-2024","090","06","0","00000","2024000000","事業所","53","事業所数","管理、補助的経済活動を行う事業所（09_食料品製造業）","30～49人","総数"
"102-2024","090","07","0","00000","2024000000","事業所","45","事業所数","管理、補助的経済活動を行う事業所（09_食料品製造業）","50～99人","総数"
"102-2024","090","08","0","00000","2024000000","事業所","20","事業所数","管理、補助的経済活動を行う事業所（09_食料品製造業）","100～199人","総数"
"102-2024","090","09","0","00000","2024000000","事業所","7","事業所数","管理、補助的経済活動を行う事業所（09_食料品製造業）","200～299人","総数"
"102-2024","090","10","0","00000","2024000000","事業所","12","事業所数","管理、補助的経済活動を行う事業所（09_食料品製造業）","300人以上","総数"
"102-2024","091","00","0","00000","2024000000","事業所","3706","事業所数","畜産食料品製造業","総数","総数"
"102-2024","091","01","0","00000","2024000000","事業所","111","事業所数","畜産食料品製造業","0人","総数"
"102-2024","091","02","0","00000","2024000000","事業所","673","事業所数","畜産食料品製造業","1～4人","総数"
"102-2024","091","03","0","00000","2024000000","事業所","550","事業所数","畜産食料品製造業","5～9人","総数"
"102-2024","091","04","0","00000","2024000000","事業所","572","事業所数","畜産食料品製造業","10～19人","総数"
"102-2024","091","05","0","00000","2024000000","事業所","389","事業所数","畜産食料品製造業","20～29人","総数"
"102-2024","091","06","0","00000","2024000000","事業所","462","事業所数","畜産食料品製造業","30～49人","総数"
"102-2024","091","07","0","00000","2024000000","事業所","454","事業所数","畜産食料品製造業","50～99人","総数"
"102-2024","091","08","0","00000","2024000000","事業所","330","事業所数","畜産食料品製造業","100～199人","総数"
"102-2024","091","09","0","00000","2024000000","事業所","84","事業所数","畜産食料品製造業","200～299人","総数"
"102-2024","091","10","0","00000","2024000000","事業所","81","事業所数","畜産食料品製造業","300人以上","総数"
"102-2024","092","00","0","00000","2024000000","事業所","6574","事業所数","水産食料品製造業","総数","総数"
"102-2024","092","01","0","00000","2024000000","事業所","229","事業所数","水産食料品製造業","0人","総数"
"102-2024","092","02","0","00000","2024000000","事業所","1769","事業所数","水産食料品製造業","1～4人","総数"
"102-2024","092","03","0","00000","2024000000","事業所","1322","事業所数","水産食料品製造業","5～9人","総数"
"102-2024","092","04","0","00000","2024000000","事業所","1316","事業所数","水産食料品製造業","10～19人","総数"
"102-2024","092","05","0","00000","2024000000","事業所","729","事業所数","水産食料品製造業","20～29人","総数"
"102-2024","092","06","0","00000","2024000000","事業所","560","事業所数","水産食料品製造業","30～49人","総数"
"102-2024","092","07","0","00000","2024000000","事業所","435","事業所数","水産食料品製造業","50～99人","総数"
"102-2024","092","08","0","00000","2024000000","事業所","176","事業所数","水産食料品製造業","100～199人","総数"
"102-2024","092","09","0","00000","2024000000","事業所","22","事業所数","水産食料品製造業","200～299人","総数"
"102-2024","092","10","0","00000","2024000000","事業所","16","事業所数","水産食料品製造業","300人以上","総数"
"102-2024","093","00","0","00000","2024000000","事業所","2289","事業所数","野菜缶詰・果実缶詰・農産保存食料品製造業","総数","総数"
"102-2024","093","01","0","00000","2024000000","事業所","136","事業所数","野菜缶詰・果実缶詰・農産保存食料品製造業","0人","総数"
"102-2024","093","02","0","00000","2024000000","事業所","681","事業所数","野菜缶詰・果実缶詰・農産保存食料品製造業","1～4人","総数"
"102-2024","093","03","0","00000","2024000000","事業所","456","事業所数","野菜缶詰・果実缶詰・農産保存食料品製造業","5～9人","総数"
"102-2024","093","04","0","00000","2024000000","事業所","391","事業所数","野菜缶詰・果実缶詰・農産保存食料品製造業","10～19人","総数"
"102-2024","093","05","0","00000","2024000000","事業所","208","事業所数","野菜缶詰・果実缶詰・農産保存食料品製造業","20～29人","総数"
"102-2024","093","06","0","00000","2024000000","事業所","189","事業所数","野菜缶詰・果実缶詰・農産保存食料品製造業","30～49人","総数"
"102-2024","093","07","0","00000","2024000000","事業所","147","事業所数","野菜缶詰・果実缶詰・農産保存食料品製造業","50～99人","総数"
"102-2024","093","08","0","00000","2024000000","事業所","62","事業所数","野菜缶詰・果実缶詰・農産保存食料品製造業","100～199人","総数"
"102-2024","093","09","0","00000","2024000000","事業所","17","事業所数","野菜缶詰・果実缶詰・農産保存食料品製造業","200～299人","総数"
"102-2024","093","10","0","00000","2024000000","事業所","2","事業所数","野菜缶詰・果実缶詰・農産保存食料品製造業","300人以上","総数"
"102-2024","094","00","0","00000","2024000000","事業所","2201","事業所数","調味料製造業","総数","総数"
"102-2024","094","01","0","00000","2024000000","事業所","118","事業所数","調味料製造業","0人","総数"
"102-2024","094","02","0","00000","2024000000","事業所","823","事業所数","調味料製造業","1～4人","総数"
"102-2024","094","03","0","00000","2024000000","事業所","391","事業所数","調味料製造業","5～9人","総数"
"102-2024","094","04","0","00000","2024000000","事業所","308","事業所数","調味料製造業","10～19人","総数"
"102-2024","094","05","0","00000","2024000000","事業所","142","事業所数","調味料製造業","20～29人","総数"
"102-2024","094","06","0","00000","2024000000","事業所","148","事業所数","調味料製造業","30～49人","総数"
"102-2024","094","07","0","00000","2024000000","事業所","147","事業所数","調味料製造業","50～99人","総数"
"102-2024","094","08","0","00000","2024000000","事業所","89","事業所数","調味料製造業","100～199人","総数"
"102-2024","094","09","0","00000","2024000000","事業所","25","事業所数","調味料製造業","200～299人","総数"
"102-2024","094","10","0","00000","2024000000","事業所","10","事業所数","調味料製造業","300人以上","総数"
"102-2024","095","00","0","00000","2024000000","事業所","173","事業所数","砂糖・でんぷん糖類製造業","総数","総数"
"102-2024","095","01","0","00000","2024000000","事業所","1","事業所数","砂糖・でんぷん糖類製造業","0人","総数"
"102-2024","095","02","0","00000","2024000000","事業所","38","事業所数","砂糖・でんぷん糖類製造業","1～4人","総数"
"102-2024","095","03","0","00000","2024000000","事業所","30","事業所数","砂糖・でんぷん糖類製造業","5～9人","総数"
"102-2024","095","04","0","00000","2024000000","事業所","22","事業所数","砂糖・でんぷん糖類製造業","10～19人","総数"
"102-2024","095","05","0","00000","2024000000","事業所","15","事業所数","砂糖・でんぷん糖類製造業","20～29人","総数"
"102-2024","095","06","0","00000","2024000000","事業所","16","事業所数","砂糖・でんぷん糖類製造業","30～49人","総数"
"102-2024","095","07","0","00000","2024000000","事業所","38","事業所数","砂糖・でんぷん糖類製造業","50～99人","総数"
"102-2024","095","08","0","00000","2024000000","事業所","8","事業所数","砂糖・でんぷん糖類製造業","100～199人","総数"
"102-2024","095","09","0","00000","2024000000","事業所","3","事業所数","砂糖・でんぷん糖類製造業","200～299人","総数"
"102-2024","095","10","0","00000","2024000000","事業所","2","事業所数","砂糖・でんぷん糖類製造業","300人以上","総数"
"102-2024","096","00","0","00000","2024000000","事業所","986","事業所数","精穀・製粉業","総数","総数"
"102-2024","096","01","0","00000","2024000000","事業所","48","事業所数","精穀・製粉業","0人","総数"
"102-2024","096","02","0","00000","2024000000","事業所","329","事業所数","精穀・製粉業","1～4人","総数"
"102-2024","096","03","0","00000","2024000000","事業所","176","事業所数","精穀・製粉業","5～9人","総数"
"102-2024","096","04","0","00000","2024000000","事業所","192","事業所数","精穀・製粉業","10～19人","総数"
"102-2024","096","05","0","00000","2024000000","事業所","95","事業所数","精穀・製粉業","20～29人","総数"
"102-2024","096","06","0","00000","2024000000","事業所","78","事業所数","精穀・製粉業","30～49人","総数"
"102-2024","096","07","0","00000","2024000000","事業所","50","事業所数","精穀・製粉業","50～99人","総数"
"102-2024","096","08","0","00000","2024000000","事業所","14","事業所数","精穀・製粉業","100～199人","総数"
"102-2024","096","09","0","00000","2024000000","事業所","4","事業所数","精穀・製粉業","200～299人","総数"
"102-2024","096","10","0","00000","2024000000","事業所","***","事業所数","精穀・製粉業","300人以上","総数"
"102-2024","097","00","0","00000","2024000000","事業所","6952","事業所数","パン・菓子製造業","総数","総数"
"102-2024","097","01","0","00000","2024000000","事業所","264","事業所数","パン・菓子製造業","0人","総数"
"102-2024","097","02","0","00000","2024000000","事業所","2110","事業所数","パン・菓子製造業","1～4人","総数"
"102-2024","097","03","0","00000","2024000000","事業所","1205","事業所数","パン・菓子製造業","5～9人","総数"
"102-2024","097","04","0","00000","2024000000","事業所","1140","事業所数","パン・菓子製造業","10～19人","総数"
"102-2024","097","05","0","00000","2024000000","事業所","618","事業所数","パン・菓子製造業","20～29人","総数"
"102-2024","097","06","0","00000","2024000000","事業所","565","事業所数","パン・菓子製造業","30～49人","総数"
"102-2024","097","07","0","00000","2024000000","事業所","471","事業所数","パン・菓子製造業","50～99人","総数"
"102-2024","097","08","0","00000","2024000000","事業所","302","事業所数","パン・菓子製造業","100～199人","総数"
"102-2024","097","09","0","00000","2024000000","事業所","105","事業所数","パン・菓子製造業","200～299人","総数"
"102-2024","097","10","0","00000","2024000000","事業所","172","事業所数","パン・菓子製造業","300人以上","総数"
"102-2024","098","00","0","00000","2024000000","事業所","308","事業所数","動植物油脂製造業","総数","総数"
"102-2024","098","01","0","00000","2024000000","事業所","22","事業所数","動植物油脂製造業","0人","総数"
"102-2024","098","02","0","00000","2024000000","事業所","79","事業所数","動植物油脂製造業","1～4人","総数"
"102-2024","098","03","0","00000","2024000000","事業所","49","事業所数","動植物油脂製造業","5～9人","総数"
"102-2024","098","04","0","00000","2024000000","事業所","48","事業所数","動植物油脂製造業","10～19人","総数"
"102-2024","098","05","0","00000","2024000000","事業所","22","事業所数","動植物油脂製造業","20～29人","総数"
"102-2024","098","06","0","00000","2024000000","事業所","32","事業所数","動植物油脂製造業","30～49人","総数"
"102-2024","098","07","0","00000","2024000000","事業所","26","事業所数","動植物油脂製造業","50～99人","総数"
"102-2024","098","08","0","00000","2024000000","事業所","21","事業所数","動植物油脂製造業","100～199人","総数"
"102-2024","098","09","0","00000","2024000000","事業所","6","事業所数","動植物油脂製造業","200～299人","総数"
"102-2024","098","10","0","00000","2024000000","事業所","3","事業所数","動植物油脂製造業","300人以上","総数"
"102-2024","099","00","0","00000","2024000000","事業所","11942","事業所数","その他の食料品製造業","総数","総数"
"102-2024","099","01","0","00000","2024000000","事業所","462","事業所数","その他の食料品製造業","0人","総数"
"102-2024","099","02","0","00000","2024000000","事業所","3727","事業所数","その他の食料品製造業","1～4人","総数"
"102-2024","099","03","0","00000","2024000000","事業所","2009","事業所数","その他の食料品製造業","5～9人","総数"
"102-2024","099","04","0","00000","2024000000","事業所","1717","事業所数","その他の食料品製造業","10～19人","総数"
"102-2024","099","05","0","00000","2024000000","事業所","965","事業所数","その他の食料品製造業","20～29人","総数"
"102-2024","099","06","0","00000","2024000000","事業所","971","事業所数","その他の食料品製造業","30～49人","総数"
"102-2024","099","07","0","00000","2024000000","事業所","936","事業所数","その他の食料品製造業","50～99人","総数"
"102-2024","099","08","0","00000","2024000000","事業所","643","事業所数","その他の食料品製造業","100～199人","総数"
"102-2024","099","09","0","00000","2024000000","事業所","241","事業所数","その他の食料品製造業","200～299人","総数"
"102-2024","099","10","0","00000","2024000000","事業所","271","事業所数","その他の食料品製造業","300人以上","総数"
"102-2024","10","00","0","00000","2024000000","事業所","7486","事業所数","飲料・たばこ・飼料製造業","総数","総数"
"102-2024","10","01","0","00000","2024000000","事業所","593","事業所数","飲料・たばこ・飼料製造業","0人","総数"
"102-2024","10","02","0","00000","2024000000","事業所","2955","事業所数","飲料・たばこ・飼料製造業","1～4人","総数"
"102-2024","10","03","0","00000","2024000000","事業所","1501","事業所数","飲料・たばこ・飼料製造業","5～9人","総数"
"102-2024","10","04","0","00000","2024000000","事業所","1092","事業所数","飲料・たばこ・飼料製造業","10～19人","総数"
"102-2024","10","05","0","00000","2024000000","事業所","480","事業所数","飲料・たばこ・飼料製造業","20～29人","総数"
"102-2024","10","06","0","00000","2024000000","事業所","385","事業所数","飲料・たばこ・飼料製造業","30～49人","総数"
"102-2024","10","07","0","00000","2024000000","事業所","286","事業所数","飲料・たばこ・飼料製造業","50～99人","総数"
"102-2024","10","08","0","00000","2024000000","事業所","143","事業所数","飲料・たばこ・飼料製造業","100～199人","総数"
"102-2024","10","09","0","00000","2024000000","事業所","34","事業所数","飲料・たばこ・飼料製造業","200～299人","総数"
"102-2024","10","10","0","00000","2024000000","事業所","17","事業所数","飲料・たばこ・飼料製造業","300人以上","総数"
"102-2024","100","00","0","00000","2024000000","事業所","146","事業所数","管理、補助的経済活動を行う事業所（10_飲料・たばこ・飼料製造業）","総数","総数"
"102-2024","100","01","0","00000","2024000000","事業所","26","事業所数","管理、補助的経済活動を行う事業所（10_飲料・たばこ・飼料製造業）","0人","総数"
"102-2024","100","02","0","00000","2024000000","事業所","63","事業所数","管理、補助的経済活動を行う事業所（10_飲料・たばこ・飼料製造業）","1～4人","総数"
"102-2024","100","03","0","00000","2024000000","事業所","20","事業所数","管理、補助的経済活動を行う事業所（10_飲料・たばこ・飼料製造業）","5～9人","総数"
"102-2024","100","04","0","00000","2024000000","事業所","15","事業所数","管理、補助的経済活動を行う事業所（10_飲料・たばこ・飼料製造業）","10～19人","総数"
"102-2024","100","05","0","00000","2024000000","事業所","5","事業所数","管理、補助的経済活動を行う事業所（10_飲料・たばこ・飼料製造業）","20～29人","総数"
"102-2024","100","06","0","00000","2024000000","事業所","6","事業所数","管理、補助的経済活動を行う事業所（10_飲料・たばこ・飼料製造業）","30～49人","総数"
"102-2024","100","07","0","00000","2024000000","事業所","6","事業所数","管理、補助的経済活動を行う事業所（10_飲料・たばこ・飼料製造業）","50～99人","総数"
"102-2024","100","08","0","00000","2024000000","事業所","3","事業所数","管理、補助的経済活動を行う事業所（10_飲料・たばこ・飼料製造業）","100～199人","総数"
"102-2024","100","09","0","00000","2024000000","事業所","***","事業所数","管理、補助的経済活動を行う事業所（10_飲料・たばこ・飼料製造業）","200～299人","総数"
"102-2024","100","10","0","00000","2024000000","事業所","2","事業所数","管理、補助的経済活動を行う事業所（10_飲料・たばこ・飼料製造業）","300人以上","総数"
"102-2024","101","00","0","00000","2024000000","事業所","975","事業所数","清涼飲料製造業","総数","総数"
"102-2024","101","01","0","00000","2024000000","事業所","57","事業所数","清涼飲料製造業","0人","総数"
"102-2024","101","02","0","00000","2024000000","事業所","275","事業所数","清涼飲料製造業","1～4人","総数"
"102-2024","101","03","0","00000","2024000000","事業所","175","事業所数","清涼飲料製造業","5～9人","総数"
"102-2024","101","04","0","00000","2024000000","事業所","142","事業所数","清涼飲料製造業","10～19人","総数"
"102-2024","101","05","0","00000","2024000000","事業所","56","事業所数","清涼飲料製造業","20～29人","総数"
"102-2024","101","06","0","00000","2024000000","事業所","80","事業所数","清涼飲料製造業","30～49人","総数"
"102-2024","101","07","0","00000","2024000000","事業所","97","事業所数","清涼飲料製造業","50～99人","総数"
"102-2024","101","08","0","00000","2024000000","事業所","68","事業所数","清涼飲料製造業","100～199人","総数"
"102-2024","101","09","0","00000","2024000000","事業所","15","事業所数","清涼飲料製造業","200～299人","総数"
"102-2024","101","10","0","00000","2024000000","事業所","10","事業所数","清涼飲料製造業","300人以上","総数"
"102-2024","102","00","0","00000","2024000000","事業所","2380","事業所数","酒類製造業","総数","総数"
"102-2024","102","01","0","00000","2024000000","事業所","156","事業所数","酒類製造業","0人","総数"
"102-2024","102","02","0","00000","2024000000","事業所","835","事業所数","酒類製造業","1～4人","総数"
"102-2024","102","03","0","00000","2024000000","事業所","538","事業所数","酒類製造業","5～9人","総数"
"102-2024","102","04","0","00000","2024000000","事業所","405","事業所数","酒類製造業","10～19人","総数"
"102-2024","102","05","0","00000","2024000000","事業所","177","事業所数","酒類製造業","20～29人","総数"
"102-2024","102","06","0","00000","2024000000","事業所","125","事業所数","酒類製造業","30～49人","総数"
"102-2024","102","07","0","00000","2024000000","事業所","86","事業所数","酒類製造業","50～99人","総数"
"102-2024","102","08","0","00000","2024000000","事業所","46","事業所数","酒類製造業","100～199人","総数"
"102-2024","102","09","0","00000","2024000000","事業所","11","事業所数","酒類製造業","200～299人","総数"
"102-2024","102","10","0","00000","2024000000","事業所","1","事業所数","酒類製造業","300人以上","総数"
"102-2024","103","00","0","00000","2024000000","事業所","1994","事業所数","茶・コーヒー製造業（清涼飲料を除く）","総数","総数"
"102-2024","103","01","0","00000","2024000000","事業所","212","事業所数","茶・コーヒー製造業（清涼飲料を除く）","0人","総数"
"102-2024","103","02","0","00000","2024000000","事業所","955","事業所数","茶・コーヒー製造業（清涼飲料を除く）","1～4人","総数"
"102-2024","103","03","0","00000","2024000000","事業所","339","事業所数","茶・コーヒー製造業（清涼飲料を除く）","5～9人","総数"
"102-2024","103","04","0","00000","2024000000","事業所","243","事業所数","茶・コーヒー製造業（清涼飲料を除く）","10～19人","総数"
"102-2024","103","05","0","00000","2024000000","事業所","111","事業所数","茶・コーヒー製造業（清涼飲料を除く）","20～29人","総数"
"102-2024","103","06","0","00000","2024000000","事業所","72","事業所数","茶・コーヒー製造業（清涼飲料を除く）","30～49人","総数"
"102-2024","103","07","0","00000","2024000000","事業所","41","事業所数","茶・コーヒー製造業（清涼飲料を除く）","50～99人","総数"
"102-2024","103","08","0","00000","2024000000","事業所","15","事業所数","茶・コーヒー製造業（清涼飲料を除く）","100～199人","総数"
"102-2024","103","09","0","00000","2024000000","事業所","5","事業所数","茶・コーヒー製造業（清涼飲料を除く）","200～299人","総数"
"102-2024","103","10","0","00000","2024000000","事業所","1","事業所数","茶・コーヒー製造業（清涼飲料を除く）","300人以上","総数"
"102-2024","104","00","0","00000","2024000000","事業所","261","事業所数","製氷業","総数","総数"
"102-2024","104","01","0","00000","2024000000","事業所","6","事業所数","製氷業","0人","総数"
"102-2024","104","02","0","00000","2024000000","事業所","125","事業所数","製氷業","1～4人","総数"
"102-2024","104","03","0","00000","2024000000","事業所","63","事業所数","製氷業","5～9人","総数"
"102-2024","104","04","0","00000","2024000000","事業所","39","事業所数","製氷業","10～19人","総数"
"102-2024","104","05","0","00000","2024000000","事業所","17","事業所数","製氷業","20～29人","総数"
"102-2024","104","06","0","00000","2024000000","事業所","9","事業所数","製氷業","30～49人","総数"
"102-2024","104","07","0","00000","2024000000","事業所","2","事業所数","製氷業","50～99人","総数"
"102-2024","104","08","0","00000","2024000000","事業所","***","事業所数","製氷業","100～199人","総数"
"102-2024","104","09","0","00000","2024000000","事業所","***","事業所数","製氷業","200～299人","総数"
"102-2024","104","10","0","00000","2024000000","事業所","***","事業所数","製氷業","300人以上","総数"
"102-2024","105","00","0","00000","2024000000","事業所","5","事業所数","たばこ製造業","総数","総数"
"102-2024","105","01","0","00000","2024000000","事業所","***","事業所数","たばこ製造業","0人","総数"
"102-2024","105","02","0","00000","2024000000","事業所","***","事業所数","たばこ製造業","1～4人","総数"
"102-2024","105","03","0","00000","2024000000","事業所","***","事業所数","たばこ製造業","5～9人","総数"
"102-2024","105","04","0","00000","2024000000","事業所","***","事業所数","たばこ製造業","10～19人","総数"
"102-2024","105","05","0","00000","2024000000","事業所","***","事業所数","たばこ製造業","20～29人","総数"
"102-2024","105","06","0","00000","2024000000","事業所","1","事業所数","たばこ製造業","30～49人","総数"
"102-2024","105","07","0","00000","2024000000","事業所","1","事業所数","たばこ製造業","50～99人","総数"
"102-2024","105","08","0","00000","2024000000","事業所","***","事業所数","たばこ製造業","100～199人","総数"
"102-2024","105","09","0","00000","2024000000","事業所","1","事業所数","たばこ製造業","200～299人","総数"
"102-2024","105","10","0","00000","2024000000","事業所","2","事業所数","たばこ製造業","300人以上","総数"
"102-2024","106","00","0","00000","2024000000","事業所","1725","事業所数","飼料・有機質肥料製造業","総数","総数"
"102-2024","106","01","0","00000","2024000000","事業所","136","事業所数","飼料・有機質肥料製造業","0人","総数"
"102-2024","106","02","0","00000","2024000000","事業所","702","事業所数","飼料・有機質肥料製造業","1～4人","総数"
"102-2024","106","03","0","00000","2024000000","事業所","366","事業所数","飼料・有機質肥料製造業","5～9人","総数"
"102-2024","106","04","0","00000","2024000000","事業所","248","事業所数","飼料・有機質肥料製造業","10～19人","総数"
"102-2024","106","05","0","00000","2024000000","事業所","114","事業所数","飼料・有機質肥料製造業","20～29人","総数"
"102-2024","106","06","0","00000","2024000000","事業所","92","事業所数","飼料・有機質肥料製造業","30～49人","総数"
"102-2024","106","07","0","00000","2024000000","事業所","53","事業所数","飼料・有機質肥料製造業","50～99人","総数"
"102-2024","106","08","0","00000","2024000000","事業所","11","事業所数","飼料・有機質肥料製造業","100～199人","総数"
"102-2024","106","09","0","00000","2024000000","事業所","2","事業所数","飼料・有機質肥料製造業","200～299人","総数"
"102-2024","106","10","0","00000","2024000000","事業所","1","事業所数","飼料・有機質肥料製造業","300人以上","総数"
"102-2024","11","00","0","00000","2024000000","事業所","20532","事業所数","繊維工業","総数","総数"
"102-2024","11","01","0","00000","2024000000","事業所","1415","事業所数","繊維工業","0人","総数"
"102-2024","11","02","0","00000","2024000000","事業所","9628","事業所数","繊維工業","1～4人","総数"
"102-2024","11","03","0","00000","2024000000","事業所","3471","事業所数","繊維工業","5～9人","総数"
"102-2024","11","04","0","00000","2024000000","事業所","2827","事業所数","繊維工業","10～19人","総数"
"102-2024","11","05","0","00000","2024000000","事業所","1251","事業所数","繊維工業","20～29人","総数"
"102-2024","11","06","0","00000","2024000000","事業所","936","事業所数","繊維工業","30～49人","総数"
"102-2024","11","07","0","00000","2024000000","事業所","671","事業所数","繊維工業","50～99人","総数"
"102-2024","11","08","0","00000","2024000000","事業所","261","事業所数","繊維工業","100～199人","総数"
"102-2024","11","09","0","00000","2024000000","事業所","49","事業所数","繊維工業","200～299人","総数"
"102-2024","11","10","0","00000","2024000000","事業所","23","事業所数","繊維工業","300人以上","総数"
"102-2024","110","00","0","00000","2024000000","事業所","281","事業所数","管理、補助的経済活動を行う事業所（11_繊維工業）","総数","総数"
"102-2024","110","01","0","00000","2024000000","事業所","42","事業所数","管理、補助的経済活動を行う事業所（11_繊維工業）","0人","総数"
"102-2024","110","02","0","00000","2024000000","事業所","124","事業所数","管理、補助的経済活動を行う事業所（11_繊維工業）","1～4人","総数"
"102-2024","110","03","0","00000","2024000000","事業所","39","事業所数","管理、補助的経済活動を行う事業所（11_繊維工業）","5～9人","総数"
"102-2024","110","04","0","00000","2024000000","事業所","28","事業所数","管理、補助的経済活動を行う事業所（11_繊維工業）","10～19人","総数"
"102-2024","110","05","0","00000","2024000000","事業所","13","事業所数","管理、補助的経済活動を行う事業所（11_繊維工業）","20～29人","総数"
"102-2024","110","06","0","00000","2024000000","事業所","14","事業所数","管理、補助的経済活動を行う事業所（11_繊維工業）","30～49人","総数"
"102-2024","110","07","0","00000","2024000000","事業所","13","事業所数","管理、補助的経済活動を行う事業所（11_繊維工業）","50～99人","総数"
"102-2024","110","08","0","00000","2024000000","事業所","6","事業所数","管理、補助的経済活動を行う事業所（11_繊維工業）","100～199人","総数"
"102-2024","110","09","0","00000","2024000000","事業所","1","事業所数","管理、補助的経済活動を行う事業所（11_繊維工業）","200～299人","総数"
"102-2024","110","10","0","00000","2024000000","事業所","1","事業所数","管理、補助的経済活動を行う事業所（11_繊維工業）","300人以上","総数"
"102-2024","111","00","0","00000","2024000000","事業所","1091","事業所数","製糸業、紡績業、化学繊維・ねん糸等製造業","総数","総数"
"102-2024","111","01","0","00000","2024000000","事業所","64","事業所数","製糸業、紡績業、化学繊維・ねん糸等製造業","0人","総数"
"102-2024","111","02","0","00000","2024000000","事業所","530","事業所数","製糸業、紡績業、化学繊維・ねん糸等製造業","1～4人","総数"
"102-2024","111","03","0","00000","2024000000","事業所","169","事業所数","製糸業、紡績業、化学繊維・ねん糸等製造業","5～9人","総数"
"102-2024","111","04","0","00000","2024000000","事業所","147","事業所数","製糸業、紡績業、化学繊維・ねん糸等製造業","10～19人","総数"
"102-2024","111","05","0","00000","2024000000","事業所","46","事業所数","製糸業、紡績業、化学繊維・ねん糸等製造業","20～29人","総数"
"102-2024","111","06","0","00000","2024000000","事業所","52","事業所数","製糸業、紡績業、化学繊維・ねん糸等製造業","30～49人","総数"
"102-2024","111","07","0","00000","2024000000","事業所","41","事業所数","製糸業、紡績業、化学繊維・ねん糸等製造業","50～99人","総数"
"102-2024","111","08","0","00000","2024000000","事業所","25","事業所数","製糸業、紡績業、化学繊維・ねん糸等製造業","100～199人","総数"
"102-2024","111","09","0","00000","2024000000","事業所","9","事業所数","製糸業、紡績業、化学繊維・ねん糸等製造業","200～299人","総数"
"102-2024","111","10","0","00000","2024000000","事業所","8","事業所数","製糸業、紡績業、化学繊維・ねん糸等製造業","300人以上","総数"
"102-2024","112","00","0","00000","2024000000","事業所","2029","事業所数","織物業","総数","総数"
"102-2024","112","01","0","00000","2024000000","事業所","164","事業所数","織物業","0人","総数"
"102-2024","112","02","0","00000","2024000000","事業所","1132","事業所数","織物業","1～4人","総数"
"102-2024","112","03","0","00000","2024000000","事業所","328","事業所数","織物業","5～9人","総数"
"102-2024","112","04","0","00000","2024000000","事業所","202","事業所数","織物業","10～19人","総数"
"102-2024","112","05","0","00000","2024000000","事業所","83","事業所数","織物業","20～29人","総数"
"102-2024","112","06","0","00000","2024000000","事業所","59","事業所数","織物業","30～49人","総数"
"102-2024","112","07","0","00000","2024000000","事業所","37","事業所数","織物業","50～99人","総数"
"102-2024","112","08","0","00000","2024000000","事業所","22","事業所数","織物業","100～199人","総数"
"102-2024","112","09","0","00000","2024000000","事業所","1","事業所数","織物業","200～299人","総数"
"102-2024","112","10","0","00000","2024000000","事業所","1","事業所数","織物業","300人以上","総数"
"102-2024","113","00","0","00000","2024000000","事業所","409","事業所数","ニット生地製造業","総数","総数"
"102-2024","113","01","0","00000","2024000000","事業所","29","事業所数","ニット生地製造業","0人","総数"
"102-2024","113","02","0","00000","2024000000","事業所","181","事業所数","ニット生地製造業","1～4人","総数"
"102-2024","113","03","0","00000","2024000000","事業所","73","事業所数","ニット生地製造業","5～9人","総数"
"102-2024","113","04","0","00000","2024000000","事業所","69","事業所数","ニット生地製造業","10～19人","総数"
"102-2024","113","05","0","00000","2024000000","事業所","22","事業所数","ニット生地製造業","20～29人","総数"
"102-2024","113","06","0","00000","2024000000","事業所","25","事業所数","ニット生地製造業","30～49人","総数"
"102-2024","113","07","0","00000","2024000000","事業所","10","事業所数","ニット生地製造業","50～99人","総数"
"102-2024","113","08","0","00000","2024000000","事業所","***","事業所数","ニット生地製造業","100～199人","総数"
"102-2024","113","09","0","00000","2024000000","事業所","***","事業所数","ニット生地製造業","200～299人","総数"
"102-2024","113","10","0","00000","2024000000","事業所","***","事業所数","ニット生地製造業","300人以上","総数"
"102-2024","114","00","0","00000","2024000000","事業所","1434","事業所数","染色整理業","総数","総数"
"102-2024","114","01","0","00000","2024000000","事業所","94","事業所数","染色整理業","0人","総数"
"102-2024","114","02","0","00000","2024000000","事業所","703","事業所数","染色整理業","1～4人","総数"
"102-2024","114","03","0","00000","2024000000","事業所","239","事業所数","染色整理業","5～9人","総数"
"102-2024","114","04","0","00000","2024000000","事業所","168","事業所数","染色整理業","10～19人","総数"
"102-2024","114","05","0","00000","2024000000","事業所","69","事業所数","染色整理業","20～29人","総数"
"102-2024","114","06","0","00000","2024000000","事業所","65","事業所数","染色整理業","30～49人","総数"
"102-2024","114","07","0","00000","2024000000","事業所","58","事業所数","染色整理業","50～99人","総数"
"102-2024","114","08","0","00000","2024000000","事業所","31","事業所数","染色整理業","100～199人","総数"
"102-2024","114","09","0","00000","2024000000","事業所","4","事業所数","染色整理業","200～299人","総数"
"102-2024","114","10","0","00000","2024000000","事業所","3","事業所数","染色整理業","300人以上","総数"
"102-2024","115","00","0","00000","2024000000","事業所","1465","事業所数","綱・網・レース・繊維粗製品製造業","総数","総数"
"102-2024","115","01","0","00000","2024000000","事業所","61","事業所数","綱・網・レース・繊維粗製品製造業","0人","総数"
"102-2024","115","02","0","00000","2024000000","事業所","671","事業所数","綱・網・レース・繊維粗製品製造業","1～4人","総数"
"102-2024","115","03","0","00000","2024000000","事業所","290","事業所数","綱・網・レース・繊維粗製品製造業","5～9人","総数"
"102-2024","115","04","0","00000","2024000000","事業所","180","事業所数","綱・網・レース・繊維粗製品製造業","10～19人","総数"
"102-2024","115","05","0","00000","2024000000","事業所","104","事業所数","綱・網・レース・繊維粗製品製造業","20～29人","総数"
"102-2024","115","06","0","00000","2024000000","事業所","67","事業所数","綱・網・レース・繊維粗製品製造業","30～49人","総数"
"102-2024","115","07","0","00000","2024000000","事業所","53","事業所数","綱・網・レース・繊維粗製品製造業","50～99人","総数"
"102-2024","115","08","0","00000","2024000000","事業所","28","事業所数","綱・網・レース・繊維粗製品製造業","100～199人","総数"
"102-2024","115","09","0","00000","2024000000","事業所","9","事業所数","綱・網・レース・繊維粗製品製造業","200～299人","総数"
"102-2024","115","10","0","00000","2024000000","事業所","2","事業所数","綱・網・レース・繊維粗製品製造業","300人以上","総数"
"102-2024","116","00","0","00000","2024000000","事業所","6511","事業所数","外衣・シャツ製造業（和式を除く）","総数","総数"
"102-2024","116","01","0","00000","2024000000","事業所","481","事業所数","外衣・シャツ製造業（和式を除く）","0人","総数"
"102-2024","116","02","0","00000","2024000000","事業所","2720","事業所数","外衣・シャツ製造業（和式を除く）","1～4人","総数"
"102-2024","116","03","0","00000","2024000000","事業所","1070","事業所数","外衣・シャツ製造業（和式を除く）","5～9人","総数"
"102-2024","116","04","0","00000","2024000000","事業所","1112","事業所数","外衣・シャツ製造業（和式を除く）","10～19人","総数"
"102-2024","116","05","0","00000","2024000000","事業所","452","事業所数","外衣・シャツ製造業（和式を除く）","20～29人","総数"
"102-2024","116","06","0","00000","2024000000","事業所","345","事業所数","外衣・シャツ製造業（和式を除く）","30～49人","総数"
"102-2024","116","07","0","00000","2024000000","事業所","247","事業所数","外衣・シャツ製造業（和式を除く）","50～99人","総数"
"102-2024","116","08","0","00000","2024000000","事業所","68","事業所数","外衣・シャツ製造業（和式を除く）","100～199人","総数"
"102-2024","116","09","0","00000","2024000000","事業所","12","事業所数","外衣・シャツ製造業（和式を除く）","200～299人","総数"
"102-2024","116","10","0","00000","2024000000","事業所","4","事業所数","外衣・シャツ製造業（和式を除く）","300人以上","総数"
"102-2024","117","00","0","00000","2024000000","事業所","451","事業所数","下着類製造業","総数","総数"
"102-2024","117","01","0","00000","2024000000","事業所","23","事業所数","下着類製造業","0人","総数"
"102-2024","117","02","0","00000","2024000000","事業所","145","事業所数","下着類製造業","1～4人","総数"
"102-2024","117","03","0","00000","2024000000","事業所","73","事業所数","下着類製造業","5～9人","総数"
"102-2024","117","04","0","00000","2024000000","事業所","66","事業所数","下着類製造業","10～19人","総数"
"102-2024","117","05","0","00000","2024000000","事業所","66","事業所数","下着類製造業","20～29人","総数"
"102-2024","117","06","0","00000","2024000000","事業所","36","事業所数","下着類製造業","30～49人","総数"
"102-2024","117","07","0","00000","2024000000","事業所","32","事業所数","下着類製造業","50～99人","総数"
"102-2024","117","08","0","00000","2024000000","事業所","9","事業所数","下着類製造業","100～199人","総数"
"102-2024","117","09","0","00000","2024000000","事業所","1","事業所数","下着類製造業","200～299人","総数"
"102-2024","117","10","0","00000","2024000000","事業所","***","事業所数","下着類製造業","300人以上","総数"
"102-2024","118","00","0","00000","2024000000","事業所","1872","事業所数","和装製品・その他の衣服・繊維製身の回り品製造業","総数","総数"
"102-2024","118","01","0","00000","2024000000","事業所","151","事業所数","和装製品・その他の衣服・繊維製身の回り品製造業","0人","総数"
"102-2024","118","02","0","00000","2024000000","事業所","959","事業所数","和装製品・その他の衣服・繊維製身の回り品製造業","1～4人","総数"
"102-2024","118","03","0","00000","2024000000","事業所","323","事業所数","和装製品・その他の衣服・繊維製身の回り品製造業","5～9人","総数"
"102-2024","118","04","0","00000","2024000000","事業所","208","事業所数","和装製品・その他の衣服・繊維製身の回り品製造業","10～19人","総数"
"102-2024","118","05","0","00000","2024000000","事業所","100","事業所数","和装製品・その他の衣服・繊維製身の回り品製造業","20～29人","総数"
"102-2024","118","06","0","00000","2024000000","事業所","80","事業所数","和装製品・その他の衣服・繊維製身の回り品製造業","30～49人","総数"
"102-2024","118","07","0","00000","2024000000","事業所","35","事業所数","和装製品・その他の衣服・繊維製身の回り品製造業","50～99人","総数"
"102-2024","118","08","0","00000","2024000000","事業所","14","事業所数","和装製品・その他の衣服・繊維製身の回り品製造業","100～199人","総数"
"102-2024","118","09","0","00000","2024000000","事業所","2","事業所数","和装製品・その他の衣服・繊維製身の回り品製造業","200～299人","総数"
"102-2024","118","10","0","00000","2024000000","事業所","***","事業所数","和装製品・その他の衣服・繊維製身の回り品製造業","300人以上","総数"
"102-2024","119","00","0","00000","2024000000","事業所","4987","事業所数","その他の繊維製品製造業","総数","総数"
"102-2024","119","01","0","00000","2024000000","事業所","306","事業所数","その他の繊維製品製造業","0人","総数"
"102-2024","119","02","0","00000","2024000000","事業所","2463","事業所数","その他の繊維製品製造業","1～4人","総数"
"102-2024","119","03","0","00000","2024000000","事業所","866","事業所数","その他の繊維製品製造業","5～9人","総数"
"102-2024","119","04","0","00000","2024000000","事業所","647","事業所数","その他の繊維製品製造業","10～19人","総数"
"102-2024","119","05","0","00000","2024000000","事業所","295","事業所数","その他の繊維製品製造業","20～29人","総数"
"102-2024","119","06","0","00000","2024000000","事業所","193","事業所数","その他の繊維製品製造業","30～49人","総数"
"102-2024","119","07","0","00000","2024000000","事業所","145","事業所数","その他の繊維製品製造業","50～99人","総数"
"102-2024","119","08","0","00000","2024000000","事業所","58","事業所数","その他の繊維製品製造業","100～199人","総数"
"102-2024","119","09","0","00000","2024000000","事業所","10","事業所数","その他の繊維製品製造業","200～299人","総数"
"102-2024","119","10","0","00000","2024000000","事業所","4","事業所数","その他の繊維製品製造業","300人以上","総数"
"102-2024","12","00","0","00000","2024000000","事業所","8202","事業所数","木材・木製品製造業（家具を除く）","総数","総数"
"102-2024","12","01","0","00000","2024000000","事業所","541","事業所数","木材・木製品製造業（家具を除く）","0人","総数"
"102-2024","12","02","0","00000","2024000000","事業所","3673","事業所数","木材・木製品製造業（家具を除く）","1～4人","総数"
"102-2024","12","03","0","00000","2024000000","事業所","1619","事業所数","木材・木製品製造業（家具を除く）","5～9人","総数"
"102-2024","12","04","0","00000","2024000000","事業所","1173","事業所数","木材・木製品製造業（家具を除く）","10～19人","総数"
"102-2024","12","05","0","00000","2024000000","事業所","525","事業所数","木材・木製品製造業（家具を除く）","20～29人","総数"
"102-2024","12","06","0","00000","2024000000","事業所","354","事業所数","木材・木製品製造業（家具を除く）","30～49人","総数"
"102-2024","12","07","0","00000","2024000000","事業所","228","事業所数","木材・木製品製造業（家具を除く）","50～99人","総数"
"102-2024","12","08","0","00000","2024000000","事業所","68","事業所数","木材・木製品製造業（家具を除く）","100～199人","総数"
"102-2024","12","09","0","00000","2024000000","事業所","13","事業所数","木材・木製品製造業（家具を除く）","200～299人","総数"
"102-2024","12","10","0","00000","2024000000","事業所","8","事業所数","木材・木製品製造業（家具を除く）","300人以上","総数"
"102-2024","120","00","0","00000","2024000000","事業所","130","事業所数","管理、補助的経済活動を行う事業所（12_木材・木製品製造業）","総数","総数"
"102-2024","120","01","0","00000","2024000000","事業所","17","事業所数","管理、補助的経済活動を行う事業所（12_木材・木製品製造業）","0人","総数"
"102-2024","120","02","0","00000","2024000000","事業所","77","事業所数","管理、補助的経済活動を行う事業所（12_木材・木製品製造業）","1～4人","総数"
"102-2024","120","03","0","00000","2024000000","事業所","22","事業所数","管理、補助的経済活動を行う事業所（12_木材・木製品製造業）","5～9人","総数"
"102-2024","120","04","0","00000","2024000000","事業所","6","事業所数","管理、補助的経済活動を行う事業所（12_木材・木製品製造業）","10～19人","総数"
"102-2024","120","05","0","00000","2024000000","事業所","5","事業所数","管理、補助的経済活動を行う事業所（12_木材・木製品製造業）","20～29人","総数"
"102-2024","120","06","0","00000","2024000000","事業所","***","事業所数","管理、補助的経済活動を行う事業所（12_木材・木製品製造業）","30～49人","総数"
"102-2024","120","07","0","00000","2024000000","事業所","2","事業所数","管理、補助的経済活動を行う事業所（12_木材・木製品製造業）","50～99人","総数"
"102-2024","120","08","0","00000","2024000000","事業所","***","事業所数","管理、補助的経済活動を行う事業所（12_木材・木製品製造業）","100～199人","総数"
"102-2024","120","09","0","00000","2024000000","事業所","***","事業所数","管理、補助的経済活動を行う事業所（12_木材・木製品製造業）","200～299人","総数"
"102-2024","120","10","0","00000","2024000000","事業所","1","事業所数","管理、補助的経済活動を行う事業所（12_木材・木製品製造業）","300人以上","総数"
"102-2024","121","00","0","00000","2024000000","事業所","4029","事業所数","製材業、木製品製造業","総数","総数"
"102-2024","121","01","0","00000","2024000000","事業所","284","事業所数","製材業、木製品製造業","0人","総数"
"102-2024","121","02","0","00000","2024000000","事業所","1949","事業所数","製材業、木製品製造業","1～4人","総数"
"102-2024","121","03","0","00000","2024000000","事業所","851","事業所数","製材業、木製品製造業","5～9人","総数"
"102-2024","121","04","0","00000","2024000000","事業所","567","事業所数","製材業、木製品製造業","10～19人","総数"
"102-2024","121","05","0","00000","2024000000","事業所","193","事業所数","製材業、木製品製造業","20～29人","総数"
"102-2024","121","06","0","00000","2024000000","事業所","116","事業所数","製材業、木製品製造業","30～49人","総数"
"102-2024","121","07","0","00000","2024000000","事業所","53","事業所数","製材業、木製品製造業","50～99人","総数"
"102-2024","121","08","0","00000","2024000000","事業所","12","事業所数","製材業、木製品製造業","100～199人","総数"
"102-2024","121","09","0","00000","2024000000","事業所","1","事業所数","製材業、木製品製造業","200～299人","総数"
"102-2024","121","10","0","00000","2024000000","事業所","3","事業所数","製材業、木製品製造業","300人以上","総数"
"102-2024","122","00","0","00000","2024000000","事業所","2115","事業所数","造作材・合板・建築用組立材料製造業","総数","総数"
"102-2024","122","01","0","00000","2024000000","事業所","92","事業所数","造作材・合板・建築用組立材料製造業","0人","総数"
"102-2024","122","02","0","00000","2024000000","事業所","629","事業所数","造作材・合板・建築用組立材料製造業","1～4人","総数"
"102-2024","122","03","0","00000","2024000000","事業所","355","事業所数","造作材・合板・建築用組立材料製造業","5～9人","総数"
"102-2024","122","04","0","00000","2024000000","事業所","395","事業所数","造作材・合板・建築用組立材料製造業","10～19人","総数"
"102-2024","122","05","0","00000","2024000000","事業所","238","事業所数","造作材・合板・建築用組立材料製造業","20～29人","総数"
"102-2024","122","06","0","00000","2024000000","事業所","186","事業所数","造作材・合板・建築用組立材料製造業","30～49人","総数"
"102-2024","122","07","0","00000","2024000000","事業所","154","事業所数","造作材・合板・建築用組立材料製造業","50～99人","総数"
"102-2024","122","08","0","00000","2024000000","事業所","51","事業所数","造作材・合板・建築用組立材料製造業","100～199人","総数"
"102-2024","122","09","0","00000","2024000000","事業所","11","事業所数","造作材・合板・建築用組立材料製造業","200～299人","総数"
"102-2024","122","10","0","00000","2024000000","事業所","4","事業所数","造作材・合板・建築用組立材料製造業","300人以上","総数"
"102-2024","123","00","0","00000","2024000000","事業所","694","事業所数","木製容器製造業（竹、とうを含む）","総数","総数"
"102-2024","123","01","0","00000","2024000000","事業所","43","事業所数","木製容器製造業（竹、とうを含む）","0人","総数"
"102-2024","123","02","0","00000","2024000000","事業所","333","事業所数","木製容器製造業（竹、とうを含む）","1～4人","総数"
"102-2024","123","03","0","00000","2024000000","事業所","152","事業所数","木製容器製造業（竹、とうを含む）","5～9人","総数"
"102-2024","123","04","0","00000","2024000000","事業所","94","事業所数","木製容器製造業（竹、とうを含む）","10～19人","総数"
"102-2024","123","05","0","00000","2024000000","事業所","38","事業所数","木製容器製造業（竹、とうを含む）","20～29人","総数"
"102-2024","123","06","0","00000","2024000000","事業所","26","事業所数","木製容器製造業（竹、とうを含む）","30～49人","総数"
"102-2024","123","07","0","00000","2024000000","事業所","4","事業所数","木製容器製造業（竹、とうを含む）","50～99人","総数"
"102-2024","123","08","0","00000","2024000000","事業所","4","事業所数","木製容器製造業（竹、とうを含む）","100～199人","総数"
"102-2024","123","09","0","00000","2024000000","事業所","***","事業所数","木製容器製造業（竹、とうを含む）","200～299人","総数"
"102-2024","123","10","0","00000","2024000000","事業所","***","事業所数","木製容器製造業（竹、とうを含む）","300人以上","総数"
"102-2024","129","00","0","00000","2024000000","事業所","1234","事業所数","その他の木製品製造業（竹、とうを含む）","総数","総数"
"102-2024","129","01","0","00000","2024000000","事業所","105","事業所数","その他の木製品製造業（竹、とうを含む）","0人","総数"
"102-2024","129","02","0","00000","2024000000","事業所","685","事業所数","その他の木製品製造業（竹、とうを含む）","1～4人","総数"
"102-2024","129","03","0","00000","2024000000","事業所","239","事業所数","その他の木製品製造業（竹、とうを含む）","5～9人","総数"
"102-2024","129","04","0","00000","2024000000","事業所","111","事業所数","その他の木製品製造業（竹、とうを含む）","10～19人","総数"
"102-2024","129","05","0","00000","2024000000","事業所","51","事業所数","その他の木製品製造業（竹、とうを含む）","20～29人","総数"
"102-2024","129","06","0","00000","2024000000","事業所","26","事業所数","その他の木製品製造業（竹、とうを含む）","30～49人","総数"
"102-2024","129","07","0","00000","2024000000","事業所","15","事業所数","その他の木製品製造業（竹、とうを含む）","50～99人","総数"
"102-2024","129","08","0","00000","2024000000","事業所","1","事業所数","その他の木製品製造業（竹、とうを含む）","100～199人","総数"
"102-2024","129","09","0","00000","2024000000","事業所","1","事業所数","その他の木製品製造業（竹、とうを含む）","200～299人","総数"
"102-2024","129","10","0","00000","2024000000","事業所","***","事業所数","その他の木製品製造業（竹、とうを含む）","300人以上","総数"
"102-2024","13","00","0","00000","2024000000","事業所","10047","事業所数","家具・装備品製造業","総数","総数"
"102-2024","13","01","0","00000","2024000000","事業所","740","事業所数","家具・装備品製造業","0人","総数"
"102-2024","13","02","0","00000","2024000000","事業所","5738","事業所数","家具・装備品製造業","1～4人","総数"
"102-2024","13","03","0","00000","2024000000","事業所","1630","事業所数","家具・装備品製造業","5～9人","総数"
"102-2024","13","04","0","00000","2024000000","事業所","952","事業所数","家具・装備品製造業","10～19人","総数"
"102-2024","13","05","0","00000","2024000000","事業所","410","事業所数","家具・装備品製造業","20～29人","総数"
"102-2024","13","06","0","00000","2024000000","事業所","277","事業所数","家具・装備品製造業","30～49人","総数"
"102-2024","13","07","0","00000","2024000000","事業所","181","事業所数","家具・装備品製造業","50～99人","総数"
"102-2024","13","08","0","00000","2024000000","事業所","84","事業所数","家具・装備品製造業","100～199人","総数"
"102-2024","13","09","0","00000","2024000000","事業所","21","事業所数","家具・装備品製造業","200～299人","総数"
"102-2024","13","10","0","00000","2024000000","事業所","14","事業所数","家具・装備品製造業","300人以上","総数"
"102-2024","130","00","0","00000","2024000000","事業所","152","事業所数","管理、補助的経済活動を行う事業所（13_家具・装備品製造業）","総数","総数"
"102-2024","130","01","0","00000","2024000000","事業所","30","事業所数","管理、補助的経済活動を行う事業所（13_家具・装備品製造業）","0人","総数"
"102-2024","130","02","0","00000","2024000000","事業所","68","事業所数","管理、補助的経済活動を行う事業所（13_家具・装備品製造業）","1～4人","総数"
"102-2024","130","03","0","00000","2024000000","事業所","24","事業所数","管理、補助的経済活動を行う事業所（13_家具・装備品製造業）","5～9人","総数"
"102-2024","130","04","0","00000","2024000000","事業所","11","事業所数","管理、補助的経済活動を行う事業所（13_家具・装備品製造業）","10～19人","総数"
"102-2024","130","05","0","00000","2024000000","事業所","5","事業所数","管理、補助的経済活動を行う事業所（13_家具・装備品製造業）","20～29人","総数"
"102-2024","130","06","0","00000","2024000000","事業所","3","事業所数","管理、補助的経済活動を行う事業所（13_家具・装備品製造業）","30～49人","総数"
"102-2024","130","07","0","00000","2024000000","事業所","7","事業所数","管理、補助的経済活動を行う事業所（13_家具・装備品製造業）","50～99人","総数"
"102-2024","130","08","0","00000","2024000000","事業所","2","事業所数","管理、補助的経済活動を行う事業所（13_家具・装備品製造業）","100～199人","総数"
"102-2024","130","09","0","00000","2024000000","事業所","***","事業所数","管理、補助的経済活動を行う事業所（13_家具・装備品製造業）","200～299人","総数"
"102-2024","130","10","0","00000","2024000000","事業所","2","事業所数","管理、補助的経済活動を行う事業所（13_家具・装備品製造業）","300人以上","総数"
"102-2024","131","00","0","00000","2024000000","事業所","5250","事業所数","家具製造業","総数","総数"
"102-2024","131","01","0","00000","2024000000","事業所","330","事業所数","家具製造業","0人","総数"
"102-2024","131","02","0","00000","2024000000","事業所","2665","事業所数","家具製造業","1～4人","総数"
"102-2024","131","03","0","00000","2024000000","事業所","970","事業所数","家具製造業","5～9人","総数"
"102-2024","131","04","0","00000","2024000000","事業所","597","事業所数","家具製造業","10～19人","総数"
"102-2024","131","05","0","00000","2024000000","事業所","287","事業所数","家具製造業","20～29人","総数"
"102-2024","131","06","0","00000","2024000000","事業所","200","事業所数","家具製造業","30～49人","総数"
"102-2024","131","07","0","00000","2024000000","事業所","117","事業所数","家具製造業","50～99人","総数"
"102-2024","131","08","0","00000","2024000000","事業所","60","事業所数","家具製造業","100～199人","総数"
"102-2024","131","09","0","00000","2024000000","事業所","19","事業所数","家具製造業","200～299人","総数"
"102-2024","131","10","0","00000","2024000000","事業所","5","事業所数","家具製造業","300人以上","総数"
"102-2024","132","00","0","00000","2024000000","事業所","581","事業所数","宗教用具製造業","総数","総数"
"102-2024","132","01","0","00000","2024000000","事業所","53","事業所数","宗教用具製造業","0人","総数"
"102-2024","132","02","0","00000","2024000000","事業所","338","事業所数","宗教用具製造業","1～4人","総数"
"102-2024","132","03","0","00000","2024000000","事業所","100","事業所数","宗教用具製造業","5～9人","総数"
"102-2024","132","04","0","00000","2024000000","事業所","50","事業所数","宗教用具製造業","10～19人","総数"
"102-2024","132","05","0","00000","2024000000","事業所","25","事業所数","宗教用具製造業","20～29人","総数"
"102-2024","132","06","0","00000","2024000000","事業所","11","事業所数","宗教用具製造業","30～49人","総数"
"102-2024","132","07","0","00000","2024000000","事業所","1","事業所数","宗教用具製造業","50～99人","総数"
"102-2024","132","08","0","00000","2024000000","事業所","2","事業所数","宗教用具製造業","100～199人","総数"
"102-2024","132","09","0","00000","2024000000","事業所","***","事業所数","宗教用具製造業","200～299人","総数"
"102-2024","132","10","0","00000","2024000000","事業所","1","事業所数","宗教用具製造業","300人以上","総数"
"102-2024","133","00","0","00000","2024000000","事業所","2687","事業所数","建具製造業","総数","総数"
"102-2024","133","01","0","00000","2024000000","事業所","237","事業所数","建具製造業","0人","総数"
"102-2024","133","02","0","00000","2024000000","事業所","1981","事業所数","建具製造業","1～4人","総数"
"102-2024","133","03","0","00000","2024000000","事業所","266","事業所数","建具製造業","5～9人","総数"
"102-2024","133","04","0","00000","2024000000","事業所","120","事業所数","建具製造業","10～19人","総数"
"102-2024","133","05","0","00000","2024000000","事業所","34","事業所数","建具製造業","20～29人","総数"
"102-2024","133","06","0","00000","2024000000","事業所","21","事業所数","建具製造業","30～49人","総数"
"102-2024","133","07","0","00000","2024000000","事業所","18","事業所数","建具製造業","50～99人","総数"
"102-2024","133","08","0","00000","2024000000","事業所","8","事業所数","建具製造業","100～199人","総数"
"102-2024","133","09","0","00000","2024000000","事業所","***","事業所数","建具製造業","200～299人","総数"
"102-2024","133","10","0","00000","2024000000","事業所","2","事業所数","建具製造業","300人以上","総数"
"102-2024","139","00","0","00000","2024000000","事業所","1377","事業所数","その他の家具・装備品製造業","総数","総数"
"102-2024","139","01","0","00000","2024000000","事業所","90","事業所数","その他の家具・装備品製造業","0人","総数"
"102-2024","139","02","0","00000","2024000000","事業所","686","事業所数","その他の家具・装備品製造業","1～4人","総数"
"102-2024","139","03","0","00000","2024000000","事業所","270","事業所数","その他の家具・装備品製造業","5～9人","総数"
"102-2024","139","04","0","00000","2024000000","事業所","174","事業所数","その他の家具・装備品製造業","10～19人","総数"
"102-2024","139","05","0","00000","2024000000","事業所","59","事業所数","その他の家具・装備品製造業","20～29人","総数"
"102-2024","139","06","0","00000","2024000000","事業所","42","事業所数","その他の家具・装備品製造業","30～49人","総数"
"102-2024","139","07","0","00000","2024000000","事業所","38","事業所数","その他の家具・装備品製造業","50～99人","総数"
"102-2024","139","08","0","00000","2024000000","事業所","12","事業所数","その他の家具・装備品製造業","100～199人","総数"
"102-2024","139","09","0","00000","2024000000","事業所","2","事業所数","その他の家具・装備品製造業","200～299人","総数"
"102-2024","139","10","0","00000","2024000000","事業所","4","事業所数","その他の家具・装備品製造業","300人以上","総数"
"102-2024","14","00","0","00000","2024000000","事業所","7844","事業所数","パルプ・紙・紙加工品製造業","総数","総数"
"102-2024","14","01","0","00000","2024000000","事業所","329","事業所数","パルプ・紙・紙加工品製造業","0人","総数"
"102-2024","14","02","0","00000","2024000000","事業所","2433","事業所数","パルプ・紙・紙加工品製造業","1～4人","総数"
"102-2024","14","03","0","00000","2024000000","事業所","1360","事業所数","パルプ・紙・紙加工品製造業","5～9人","総数"
"102-2024","14","04","0","00000","2024000000","事業所","1329","事業所数","パルプ・紙・紙加工品製造業","10～19人","総数"
"102-2024","14","05","0","00000","2024000000","事業所","774","事業所数","パルプ・紙・紙加工品製造業","20～29人","総数"
"102-2024","14","06","0","00000","2024000000","事業所","666","事業所数","パルプ・紙・紙加工品製造業","30～49人","総数"
"102-2024","14","07","0","00000","2024000000","事業所","590","事業所数","パルプ・紙・紙加工品製造業","50～99人","総数"
"102-2024","14","08","0","00000","2024000000","事業所","264","事業所数","パルプ・紙・紙加工品製造業","100～199人","総数"
"102-2024","14","09","0","00000","2024000000","事業所","62","事業所数","パルプ・紙・紙加工品製造業","200～299人","総数"
"102-2024","14","10","0","00000","2024000000","事業所","37","事業所数","パルプ・紙・紙加工品製造業","300人以上","総数"
"102-2024","140","00","0","00000","2024000000","事業所","233","事業所数","管理、補助的経済活動を行う事業所（14_パルプ・紙・紙加工品製造業）","総数","総数"
"102-2024","140","01","0","00000","2024000000","事業所","39","事業所数","管理、補助的経済活動を行う事業所（14_パルプ・紙・紙加工品製造業）","0人","総数"
"102-2024","140","02","0","00000","2024000000","事業所","107","事業所数","管理、補助的経済活動を行う事業所（14_パルプ・紙・紙加工品製造業）","1～4人","総数"
"102-2024","140","03","0","00000","2024000000","事業所","26","事業所数","管理、補助的経済活動を行う事業所（14_パルプ・紙・紙加工品製造業）","5～9人","総数"
"102-2024","140","04","0","00000","2024000000","事業所","25","事業所数","管理、補助的経済活動を行う事業所（14_パルプ・紙・紙加工品製造業）","10～19人","総数"
"102-2024","140","05","0","00000","2024000000","事業所","12","事業所数","管理、補助的経済活動を行う事業所（14_パルプ・紙・紙加工品製造業）","20～29人","総数"
"102-2024","140","06","0","00000","2024000000","事業所","8","事業所数","管理、補助的経済活動を行う事業所（14_パルプ・紙・紙加工品製造業）","30～49人","総数"
"102-2024","140","07","0","00000","2024000000","事業所","9","事業所数","管理、補助的経済活動を行う事業所（14_パルプ・紙・紙加工品製造業）","50～99人","総数"
"102-2024","140","08","0","00000","2024000000","事業所","6","事業所数","管理、補助的経済活動を行う事業所（14_パルプ・紙・紙加工品製造業）","100～199人","総数"
"102-2024","140","09","0","00000","2024000000","事業所","1","事業所数","管理、補助的経済活動を行う事業所（14_パルプ・紙・紙加工品製造業）","200～299人","総数"
"102-2024","140","10","0","00000","2024000000","事業所","***","事業所数","管理、補助的経済活動を行う事業所（14_パルプ・紙・紙加工品製造業）","300人以上","総数"
"102-2024","141","00","0","00000","2024000000","事業所","52","事業所数","パルプ製造業","総数","総数"
"102-2024","141","01","0","00000","2024000000","事業所","3","事業所数","パルプ製造業","0人","総数"
"102-2024","141","02","0","00000","2024000000","事業所","5","事業所数","パルプ製造業","1～4人","総数"
"102-2024","141","03","0","00000","2024000000","事業所","5","事業所数","パルプ製造業","5～9人","総数"
"102-2024","141","04","0","00000","2024000000","事業所","10","事業所数","パルプ製造業","10～19人","総数"
"102-2024","141","05","0","00000","2024000000","事業所","5","事業所数","パルプ製造業","20～29人","総数"
"102-2024","141","06","0","00000","2024000000","事業所","11","事業所数","パルプ製造業","30～49人","総数"
"102-2024","141","07","0","00000","2024000000","事業所","5","事業所数","パルプ製造業","50～99人","総数"
"102-2024","141","08","0","00000","2024000000","事業所","5","事業所数","パルプ製造業","100～199人","総数"
"102-2024","141","09","0","00000","2024000000","事業所","3","事業所数","パルプ製造業","200～299人","総数"
"102-2024","141","10","0","00000","2024000000","事業所","***","事業所数","パルプ製造業","300人以上","総数"
"102-2024","142","00","0","00000","2024000000","事業所","505","事業所数","紙製造業","総数","総数"
"102-2024","142","01","0","00000","2024000000","事業所","16","事業所数","紙製造業","0人","総数"
"102-2024","142","02","0","00000","2024000000","事業所","120","事業所数","紙製造業","1～4人","総数"
"102-2024","142","03","0","00000","2024000000","事業所","62","事業所数","紙製造業","5～9人","総数"
"102-2024","142","04","0","00000","2024000000","事業所","69","事業所数","紙製造業","10～19人","総数"
"102-2024","142","05","0","00000","2024000000","事業所","51","事業所数","紙製造業","20～29人","総数"
"102-2024","142","06","0","00000","2024000000","事業所","40","事業所数","紙製造業","30～49人","総数"
"102-2024","142","07","0","00000","2024000000","事業所","52","事業所数","紙製造業","50～99人","総数"
"102-2024","142","08","0","00000","2024000000","事業所","56","事業所数","紙製造業","100～199人","総数"
"102-2024","142","09","0","00000","2024000000","事業所","25","事業所数","紙製造業","200～299人","総数"
"102-2024","142","10","0","00000","2024000000","事業所","14","事業所数","紙製造業","300人以上","総数"
"102-2024","143","00","0","00000","2024000000","事業所","463","事業所数","加工紙製造業","総数","総数"
"102-2024","143","01","0","00000","2024000000","事業所","18","事業所数","加工紙製造業","0人","総数"
"102-2024","143","02","0","00000","2024000000","事業所","125","事業所数","加工紙製造業","1～4人","総数"
"102-2024","143","03","0","00000","2024000000","事業所","89","事業所数","加工紙製造業","5～9人","総数"
"102-2024","143","04","0","00000","2024000000","事業所","83","事業所数","加工紙製造業","10～19人","総数"
"102-2024","143","05","0","00000","2024000000","事業所","36","事業所数","加工紙製造業","20～29人","総数"
"102-2024","143","06","0","00000","2024000000","事業所","52","事業所数","加工紙製造業","30～49人","総数"
"102-2024","143","07","0","00000","2024000000","事業所","34","事業所数","加工紙製造業","50～99人","総数"
"102-2024","143","08","0","00000","2024000000","事業所","18","事業所数","加工紙製造業","100～199人","総数"
"102-2024","143","09","0","00000","2024000000","事業所","6","事業所数","加工紙製造業","200～299人","総数"
"102-2024","143","10","0","00000","2024000000","事業所","2","事業所数","加工紙製造業","300人以上","総数"
"102-2024","144","00","0","00000","2024000000","事業所","1113","事業所数","紙製品製造業","総数","総数"
"102-2024","144","01","0","00000","2024000000","事業所","75","事業所数","紙製品製造業","0人","総数"
"102-2024","144","02","0","00000","2024000000","事業所","425","事業所数","紙製品製造業","1～4人","総数"
"102-2024","144","03","0","00000","2024000000","事業所","189","事業所数","紙製品製造業","5～9人","総数"
"102-2024","144","04","0","00000","2024000000","事業所","180","事業所数","紙製品製造業","10～19人","総数"
"102-2024","144","05","0","00000","2024000000","事業所","70","事業所数","紙製品製造業","20～29人","総数"
"102-2024","144","06","0","00000","2024000000","事業所","71","事業所数","紙製品製造業","30～49人","総数"
"102-2024","144","07","0","00000","2024000000","事業所","74","事業所数","紙製品製造業","50～99人","総数"
"102-2024","144","08","0","00000","2024000000","事業所","25","事業所数","紙製品製造業","100～199人","総数"
"102-2024","144","09","0","00000","2024000000","事業所","2","事業所数","紙製品製造業","200～299人","総数"
"102-2024","144","10","0","00000","2024000000","事業所","2","事業所数","紙製品製造業","300人以上","総数"
"102-2024","145","00","0","00000","2024000000","事業所","4038","事業所数","紙製容器製造業","総数","総数"
"102-2024","145","01","0","00000","2024000000","事業所","120","事業所数","紙製容器製造業","0人","総数"
"102-2024","145","02","0","00000","2024000000","事業所","1208","事業所数","紙製容器製造業","1～4人","総数"
"102-2024","145","03","0","00000","2024000000","事業所","729","事業所数","紙製容器製造業","5～9人","総数"
"102-2024","145","04","0","00000","2024000000","事業所","725","事業所数","紙製容器製造業","10～19人","総数"
"102-2024","145","05","0","00000","2024000000","事業所","437","事業所数","紙製容器製造業","20～29人","総数"
"102-2024","145","06","0","00000","2024000000","事業所","362","事業所数","紙製容器製造業","30～49人","総数"
"102-2024","145","07","0","00000","2024000000","事業所","329","事業所数","紙製容器製造業","50～99人","総数"
"102-2024","145","08","0","00000","2024000000","事業所","105","事業所数","紙製容器製造業","100～199人","総数"
"102-2024","145","09","0","00000","2024000000","事業所","14","事業所数","紙製容器製造業","200～299人","総数"
"102-2024","145","10","0","00000","2024000000","事業所","9","事業所数","紙製容器製造業","300人以上","総数"
"102-2024","149","00","0","00000","2024000000","事業所","1440","事業所数","その他のパルプ・紙・紙加工品製造業","総数","総数"
"102-2024","149","01","0","00000","2024000000","事業所","58","事業所数","その他のパルプ・紙・紙加工品製造業","0人","総数"
"102-2024","149","02","0","00000","2024000000","事業所","443","事業所数","その他のパルプ・紙・紙加工品製造業","1～4人","総数"
"102-2024","149","03","0","00000","2024000000","事業所","260","事業所数","その他のパルプ・紙・紙加工品製造業","5～9人","総数"
"102-2024","149","04","0","00000","2024000000","事業所","237","事業所数","その他のパルプ・紙・紙加工品製造業","10～19人","総数"
"102-2024","149","05","0","00000","2024000000","事業所","163","事業所数","その他のパルプ・紙・紙加工品製造業","20～29人","総数"
"102-2024","149","06","0","00000","2024000000","事業所","122","事業所数","その他のパルプ・紙・紙加工品製造業","30～49人","総数"
"102-2024","149","07","0","00000","2024000000","事業所","87","事業所数","その他のパルプ・紙・紙加工品製造業","50～99人","総数"
"102-2024","149","08","0","00000","2024000000","事業所","49","事業所数","その他のパルプ・紙・紙加工品製造業","100～199人","総数"
"102-2024","149","09","0","00000","2024000000","事業所","11","事業所数","その他のパルプ・紙・紙加工品製造業","200～299人","総数"
"102-2024","149","10","0","00000","2024000000","事業所","10","事業所数","その他のパルプ・紙・紙加工品製造業","300人以上","総数"
"102-2024","15","00","0","00000","2024000000","事業所","18870","事業所数","印刷・同関連業","総数","総数"
"102-2024","15","01","0","00000","2024000000","事業所","1408","事業所数","印刷・同関連業","0人","総数"
"102-2024","15","02","0","00000","2024000000","事業所","8961","事業所数","印刷・同関連業","1～4人","総数"
"102-2024","15","03","0","00000","2024000000","事業所","3123","事業所数","印刷・同関連業","5～9人","総数"
"102-2024","15","04","0","00000","2024000000","事業所","2326","事業所数","印刷・同関連業","10～19人","総数"
"102-2024","15","05","0","00000","2024000000","事業所","1044","事業所数","印刷・同関連業","20～29人","総数"
"102-2024","15","06","0","00000","2024000000","事業所","932","事業所数","印刷・同関連業","30～49人","総数"
"102-2024","15","07","0","00000","2024000000","事業所","690","事業所数","印刷・同関連業","50～99人","総数"
"102-2024","15","08","0","00000","2024000000","事業所","263","事業所数","印刷・同関連業","100～199人","総数"
"102-2024","15","09","0","00000","2024000000","事業所","56","事業所数","印刷・同関連業","200～299人","総数"
"102-2024","15","10","0","00000","2024000000","事業所","67","事業所数","印刷・同関連業","300人以上","総数"
"102-2024","150","00","0","00000","2024000000","事業所","227","事業所数","管理、補助的経済活動を行う事業所（15_印刷・同関連業）","総数","総数"
"102-2024","150","01","0","00000","2024000000","事業所","29","事業所数","管理、補助的経済活動を行う事業所（15_印刷・同関連業）","0人","総数"
"102-2024","150","02","0","00000","2024000000","事業所","105","事業所数","管理、補助的経済活動を行う事業所（15_印刷・同関連業）","1～4人","総数"
"102-2024","150","03","0","00000","2024000000","事業所","33","事業所数","管理、補助的経済活動を行う事業所（15_印刷・同関連業）","5～9人","総数"
"102-2024","150","04","0","00000","2024000000","事業所","27","事業所数","管理、補助的経済活動を行う事業所（15_印刷・同関連業）","10～19人","総数"
"102-2024","150","05","0","00000","2024000000","事業所","11","事業所数","管理、補助的経済活動を行う事業所（15_印刷・同関連業）","20～29人","総数"
"102-2024","150","06","0","00000","2024000000","事業所","8","事業所数","管理、補助的経済活動を行う事業所（15_印刷・同関連業）","30～49人","総数"
"102-2024","150","07","0","00000","2024000000","事業所","7","事業所数","管理、補助的経済活動を行う事業所（15_印刷・同関連業）","50～99人","総数"
"102-2024","150","08","0","00000","2024000000","事業所","1","事業所数","管理、補助的経済活動を行う事業所（15_印刷・同関連業）","100～199人","総数"
"102-2024","150","09","0","00000","2024000000","事業所","2","事業所数","管理、補助的経済活動を行う事業所（15_印刷・同関連業）","200～299人","総数"
"102-2024","150","10","0","00000","2024000000","事業所","4","事業所数","管理、補助的経済活動を行う事業所（15_印刷・同関連業）","300人以上","総数"
"102-2024","151","00","0","00000","2024000000","事業所","15668","事業所数","印刷業","総数","総数"
"102-2024","151","01","0","00000","2024000000","事業所","1193","事業所数","印刷業","0人","総数"
"102-2024","151","02","0","00000","2024000000","事業所","7465","事業所数","印刷業","1～4人","総数"
"102-2024","151","03","0","00000","2024000000","事業所","2524","事業所数","印刷業","5～9人","総数"
"102-2024","151","04","0","00000","2024000000","事業所","1887","事業所数","印刷業","10～19人","総数"
"102-2024","151","05","0","00000","2024000000","事業所","879","事業所数","印刷業","20～29人","総数"
"102-2024","151","06","0","00000","2024000000","事業所","800","事業所数","印刷業","30～49人","総数"
"102-2024","151","07","0","00000","2024000000","事業所","582","事業所数","印刷業","50～99人","総数"
"102-2024","151","08","0","00000","2024000000","事業所","228","事業所数","印刷業","100～199人","総数"
"102-2024","151","09","0","00000","2024000000","事業所","52","事業所数","印刷業","200～299人","総数"
"102-2024","151","10","0","00000","2024000000","事業所","58","事業所数","印刷業","300人以上","総数"
"102-2024","152","00","0","00000","2024000000","事業所","913","事業所数","製版業","総数","総数"
"102-2024","152","01","0","00000","2024000000","事業所","44","事業所数","製版業","0人","総数"
"102-2024","152","02","0","00000","2024000000","事業所","388","事業所数","製版業","1～4人","総数"
"102-2024","152","03","0","00000","2024000000","事業所","160","事業所数","製版業","5～9人","総数"
"102-2024","152","04","0","00000","2024000000","事業所","124","事業所数","製版業","10～19人","総数"
"102-2024","152","05","0","00000","2024000000","事業所","57","事業所数","製版業","20～29人","総数"
"102-2024","152","06","0","00000","2024000000","事業所","60","事業所数","製版業","30～49人","総数"
"102-2024","152","07","0","00000","2024000000","事業所","51","事業所数","製版業","50～99人","総数"
"102-2024","152","08","0","00000","2024000000","事業所","23","事業所数","製版業","100～199人","総数"
"102-2024","152","09","0","00000","2024000000","事業所","1","事業所数","製版業","200～299人","総数"
"102-2024","152","10","0","00000","2024000000","事業所","5","事業所数","製版業","300人以上","総数"
"102-2024","153","00","0","00000","2024000000","事業所","1920","事業所数","製本業、印刷物加工業","総数","総数"
"102-2024","153","01","0","00000","2024000000","事業所","116","事業所数","製本業、印刷物加工業","0人","総数"
"102-2024","153","02","0","00000","2024000000","事業所","943","事業所数","製本業、印刷物加工業","1～4人","総数"
"102-2024","153","03","0","00000","2024000000","事業所","381","事業所数","製本業、印刷物加工業","5～9人","総数"
"102-2024","153","04","0","00000","2024000000","事業所","272","事業所数","製本業、印刷物加工業","10～19人","総数"
"102-2024","153","05","0","00000","2024000000","事業所","93","事業所数","製本業、印刷物加工業","20～29人","総数"
"102-2024","153","06","0","00000","2024000000","事業所","56","事業所数","製本業、印刷物加工業","30～49人","総数"
"102-2024","153","07","0","00000","2024000000","事業所","49","事業所数","製本業、印刷物加工業","50～99人","総数"
"102-2024","153","08","0","00000","2024000000","事業所","10","事業所数","製本業、印刷物加工業","100～199人","総数"
"102-2024","153","09","0","00000","2024000000","事業所","***","事業所数","製本業、印刷物加工業","200～299人","総数"
"102-2024","153","10","0","00000","2024000000","事業所","***","事業所数","製本業、印刷物加工業","300人以上","総数"
"102-2024","159","00","0","00000","2024000000","事業所","142","事業所数","印刷関連サービス業","総数","総数"
"102-2024","159","01","0","00000","2024000000","事業所","26","事業所数","印刷関連サービス業","0人","総数"
"102-2024","159","02","0","00000","2024000000","事業所","60","事業所数","印刷関連サービス業","1～4人","総数"
"102-2024","159","03","0","00000","2024000000","事業所","25","事業所数","印刷関連サービス業","5～9人","総数"
"102-2024","159","04","0","00000","2024000000","事業所","16","事業所数","印刷関連サービス業","10～19人","総数"
"102-2024","159","05","0","00000","2024000000","事業所","4","事業所数","印刷関連サービス業","20～29人","総数"
"102-2024","159","06","0","00000","2024000000","事業所","8","事業所数","印刷関連サービス業","30～49人","総数"
"102-2024","159","07","0","00000","2024000000","事業所","1","事業所数","印刷関連サービス業","50～99人","総数"
"102-2024","159","08","0","00000","2024000000","事業所","1","事業所数","印刷関連サービス業","100～199人","総数"
"102-2024","159","09","0","00000","2024000000","事業所","1","事業所数","印刷関連サービス業","200～299人","総数"
"102-2024","159","10","0","00000","2024000000","事業所","***","事業所数","印刷関連サービス業","300人以上","総数"
"102-2024","16","00","0","00000","2024000000","事業所","9286","事業所数","化学工業","総数","総数"
"102-2024","16","01","0","00000","2024000000","事業所","655","事業所数","化学工業","0人","総数"
"102-2024","16","02","0","00000","2024000000","事業所","2396","事業所数","化学工業","1～4人","総数"
"102-2024","16","03","0","00000","2024000000","事業所","1346","事業所数","化学工業","5～9人","総数"
"102-2024","16","04","0","00000","2024000000","事業所","1345","事業所数","化学工業","10～19人","総数"
"102-2024","16","05","0","00000","2024000000","事業所","763","事業所数","化学工業","20～29人","総数"
"102-2024","16","06","0","00000","2024000000","事業所","866","事業所数","化学工業","30～49人","総数"
"102-2024","16","07","0","00000","2024000000","事業所","857","事業所数","化学工業","50～99人","総数"
"102-2024","16","08","0","00000","2024000000","事業所","554","事業所数","化学工業","100～199人","総数"
"102-2024","16","09","0","00000","2024000000","事業所","227","事業所数","化学工業","200～299人","総数"
"102-2024","16","10","0","00000","2024000000","事業所","277","事業所数","化学工業","300人以上","総数"
"102-2024","160","00","0","00000","2024000000","事業所","580","事業所数","管理、補助的経済活動を行う事業所（16_化学工業）","総数","総数"
"102-2024","160","01","0","00000","2024000000","事業所","43","事業所数","管理、補助的経済活動を行う事業所（16_化学工業）","0人","総数"
"102-2024","160","02","0","00000","2024000000","事業所","196","事業所数","管理、補助的経済活動を行う事業所（16_化学工業）","1～4人","総数"
"102-2024","160","03","0","00000","2024000000","事業所","85","事業所数","管理、補助的経済活動を行う事業所（16_化学工業）","5～9人","総数"
"102-2024","160","04","0","00000","2024000000","事業所","80","事業所数","管理、補助的経済活動を行う事業所（16_化学工業）","10～19人","総数"
"102-2024","160","05","0","00000","2024000000","事業所","30","事業所数","管理、補助的経済活動を行う事業所（16_化学工業）","20～29人","総数"
"102-2024","160","06","0","00000","2024000000","事業所","47","事業所数","管理、補助的経済活動を行う事業所（16_化学工業）","30～49人","総数"
"102-2024","160","07","0","00000","2024000000","事業所","41","事業所数","管理、補助的経済活動を行う事業所（16_化学工業）","50～99人","総数"
"102-2024","160","08","0","00000","2024000000","事業所","21","事業所数","管理、補助的経済活動を行う事業所（16_化学工業）","100～199人","総数"
"102-2024","160","09","0","00000","2024000000","事業所","10","事業所数","管理、補助的経済活動を行う事業所（16_化学工業）","200～299人","総数"
"102-2024","160","10","0","00000","2024000000","事業所","27","事業所数","管理、補助的経済活動を行う事業所（16_化学工業）","300人以上","総数"
"102-2024","161","00","0","00000","2024000000","事業所","258","事業所数","化学肥料製造業","総数","総数"
"102-2024","161","01","0","00000","2024000000","事業所","19","事業所数","化学肥料製造業","0人","総数"
"102-2024","161","02","0","00000","2024000000","事業所","73","事業所数","化学肥料製造業","1～4人","総数"
"102-2024","161","03","0","00000","2024000000","事業所","39","事業所数","化学肥料製造業","5～9人","総数"
"102-2024","161","04","0","00000","2024000000","事業所","43","事業所数","化学肥料製造業","10～19人","総数"
"102-2024","161","05","0","00000","2024000000","事業所","30","事業所数","化学肥料製造業","20～29人","総数"
"102-2024","161","06","0","00000","2024000000","事業所","37","事業所数","化学肥料製造業","30～49人","総数"
"102-2024","161","07","0","00000","2024000000","事業所","13","事業所数","化学肥料製造業","50～99人","総数"
"102-2024","161","08","0","00000","2024000000","事業所","4","事業所数","化学肥料製造業","100～199人","総数"
"102-2024","161","09","0","00000","2024000000","事業所","***","事業所数","化学肥料製造業","200～299人","総数"
"102-2024","161","10","0","00000","2024000000","事業所","***","事業所数","化学肥料製造業","300人以上","総数"
"102-2024","162","00","0","00000","2024000000","事業所","1425","事業所数","無機化学工業製品製造業","総数","総数"
"102-2024","162","01","0","00000","2024000000","事業所","117","事業所数","無機化学工業製品製造業","0人","総数"
"102-2024","162","02","0","00000","2024000000","事業所","376","事業所数","無機化学工業製品製造業","1～4人","総数"
"102-2024","162","03","0","00000","2024000000","事業所","258","事業所数","無機化学工業製品製造業","5～9人","総数"
"102-2024","162","04","0","00000","2024000000","事業所","266","事業所数","無機化学工業製品製造業","10～19人","総数"
"102-2024","162","05","0","00000","2024000000","事業所","109","事業所数","無機化学工業製品製造業","20～29人","総数"
"102-2024","162","06","0","00000","2024000000","事業所","104","事業所数","無機化学工業製品製造業","30～49人","総数"
"102-2024","162","07","0","00000","2024000000","事業所","104","事業所数","無機化学工業製品製造業","50～99人","総数"
"102-2024","162","08","0","00000","2024000000","事業所","63","事業所数","無機化学工業製品製造業","100～199人","総数"
"102-2024","162","09","0","00000","2024000000","事業所","15","事業所数","無機化学工業製品製造業","200～299人","総数"
"102-2024","162","10","0","00000","2024000000","事業所","13","事業所数","無機化学工業製品製造業","300人以上","総数"
"102-2024","163","00","0","00000","2024000000","事業所","1223","事業所数","有機化学工業製品製造業","総数","総数"
"102-2024","163","01","0","00000","2024000000","事業所","79","事業所数","有機化学工業製品製造業","0人","総数"
"102-2024","163","02","0","00000","2024000000","事業所","240","事業所数","有機化学工業製品製造業","1～4人","総数"
"102-2024","163","03","0","00000","2024000000","事業所","133","事業所数","有機化学工業製品製造業","5～9人","総数"
"102-2024","163","04","0","00000","2024000000","事業所","158","事業所数","有機化学工業製品製造業","10～19人","総数"
"102-2024","163","05","0","00000","2024000000","事業所","109","事業所数","有機化学工業製品製造業","20～29人","総数"
"102-2024","163","06","0","00000","2024000000","事業所","130","事業所数","有機化学工業製品製造業","30～49人","総数"
"102-2024","163","07","0","00000","2024000000","事業所","149","事業所数","有機化学工業製品製造業","50～99人","総数"
"102-2024","163","08","0","00000","2024000000","事業所","101","事業所数","有機化学工業製品製造業","100～199人","総数"
"102-2024","163","09","0","00000","2024000000","事業所","47","事業所数","有機化学工業製品製造業","200～299人","総数"
"102-2024","163","10","0","00000","2024000000","事業所","77","事業所数","有機化学工業製品製造業","300人以上","総数"
"102-2024","164","00","0","00000","2024000000","事業所","1431","事業所数","油脂加工製品・石けん・合成洗剤・界面活性剤・塗料製造業","総数","総数"
"102-2024","164","01","0","00000","2024000000","事業所","80","事業所数","油脂加工製品・石けん・合成洗剤・界面活性剤・塗料製造業","0人","総数"
"102-2024","164","02","0","00000","2024000000","事業所","391","事業所数","油脂加工製品・石けん・合成洗剤・界面活性剤・塗料製造業","1～4人","総数"
"102-2024","164","03","0","00000","2024000000","事業所","229","事業所数","油脂加工製品・石けん・合成洗剤・界面活性剤・塗料製造業","5～9人","総数"
"102-2024","164","04","0","00000","2024000000","事業所","244","事業所数","油脂加工製品・石けん・合成洗剤・界面活性剤・塗料製造業","10～19人","総数"
"102-2024","164","05","0","00000","2024000000","事業所","137","事業所数","油脂加工製品・石けん・合成洗剤・界面活性剤・塗料製造業","20～29人","総数"
"102-2024","164","06","0","00000","2024000000","事業所","140","事業所数","油脂加工製品・石けん・合成洗剤・界面活性剤・塗料製造業","30～49人","総数"
"102-2024","164","07","0","00000","2024000000","事業所","125","事業所数","油脂加工製品・石けん・合成洗剤・界面活性剤・塗料製造業","50～99人","総数"
"102-2024","164","08","0","00000","2024000000","事業所","54","事業所数","油脂加工製品・石けん・合成洗剤・界面活性剤・塗料製造業","100～199人","総数"
"102-2024","164","09","0","00000","2024000000","事業所","18","事業所数","油脂加工製品・石けん・合成洗剤・界面活性剤・塗料製造業","200～299人","総数"
"102-2024","164","10","0","00000","2024000000","事業所","13","事業所数","油脂加工製品・石けん・合成洗剤・界面活性剤・塗料製造業","300人以上","総数"
"102-2024","165","00","0","00000","2024000000","事業所","1302","事業所数","医薬品製造業","総数","総数"
"102-2024","165","01","0","00000","2024000000","事業所","60","事業所数","医薬品製造業","0人","総数"
"102-2024","165","02","0","00000","2024000000","事業所","215","事業所数","医薬品製造業","1～4人","総数"
"102-2024","165","03","0","00000","2024000000","事業所","143","事業所数","医薬品製造業","5～9人","総数"
"102-2024","165","04","0","00000","2024000000","事業所","147","事業所数","医薬品製造業","10～19人","総数"
"102-2024","165","05","0","00000","2024000000","事業所","94","事業所数","医薬品製造業","20～29人","総数"
"102-2024","165","06","0","00000","2024000000","事業所","133","事業所数","医薬品製造業","30～49人","総数"
"102-2024","165","07","0","00000","2024000000","事業所","183","事業所数","医薬品製造業","50～99人","総数"
"102-2024","165","08","0","00000","2024000000","事業所","162","事業所数","医薬品製造業","100～199人","総数"
"102-2024","165","09","0","00000","2024000000","事業所","79","事業所数","医薬品製造業","200～299人","総数"
"102-2024","165","10","0","00000","2024000000","事業所","86","事業所数","医薬品製造業","300人以上","総数"
"102-2024","166","00","0","00000","2024000000","事業所","1455","事業所数","化粧品・歯磨・その他の化粧用調整品製造業","総数","総数"
"102-2024","166","01","0","00000","2024000000","事業所","147","事業所数","化粧品・歯磨・その他の化粧用調整品製造業","0人","総数"
"102-2024","166","02","0","00000","2024000000","事業所","436","事業所数","化粧品・歯磨・その他の化粧用調整品製造業","1～4人","総数"
"102-2024","166","03","0","00000","2024000000","事業所","206","事業所数","化粧品・歯磨・その他の化粧用調整品製造業","5～9人","総数"
"102-2024","166","04","0","00000","2024000000","事業所","182","事業所数","化粧品・歯磨・その他の化粧用調整品製造業","10～19人","総数"
"102-2024","166","05","0","00000","2024000000","事業所","121","事業所数","化粧品・歯磨・その他の化粧用調整品製造業","20～29人","総数"
"102-2024","166","06","0","00000","2024000000","事業所","121","事業所数","化粧品・歯磨・その他の化粧用調整品製造業","30～49人","総数"
"102-2024","166","07","0","00000","2024000000","事業所","99","事業所数","化粧品・歯磨・その他の化粧用調整品製造業","50～99人","総数"
"102-2024","166","08","0","00000","2024000000","事業所","80","事業所数","化粧品・歯磨・その他の化粧用調整品製造業","100～199人","総数"
"102-2024","166","09","0","00000","2024000000","事業所","32","事業所数","化粧品・歯磨・その他の化粧用調整品製造業","200～299人","総数"
"102-2024","166","10","0","00000","2024000000","事業所","31","事業所数","化粧品・歯磨・その他の化粧用調整品製造業","300人以上","総数"
"102-2024","169","00","0","00000","2024000000","事業所","1612","事業所数","その他の化学工業","総数","総数"
"102-2024","169","01","0","00000","2024000000","事業所","110","事業所数","その他の化学工業","0人","総数"
"102-2024","169","02","0","00000","2024000000","事業所","469","事業所数","その他の化学工業","1～4人","総数"
"102-2024","169","03","0","00000","2024000000","事業所","253","事業所数","その他の化学工業","5～9人","総数"
"102-2024","169","04","0","00000","2024000000","事業所","225","事業所数","その他の化学工業","10～19人","総数"
"102-2024","169","05","0","00000","2024000000","事業所","133","事業所数","その他の化学工業","20～29人","総数"
"102-2024","169","06","0","00000","2024000000","事業所","154","事業所数","その他の化学工業","30～49人","総数"
"102-2024","169","07","0","00000","2024000000","事業所","143","事業所数","その他の化学工業","50～99人","総数"
"102-2024","169","08","0","00000","2024000000","事業所","69","事業所数","その他の化学工業","100～199人","総数"
"102-2024","169","09","0","00000","2024000000","事業所","26","事業所数","その他の化学工業","200～299人","総数"
"102-2024","169","10","0","00000","2024000000","事業所","30","事業所数","その他の化学工業","300人以上","総数"
"102-2024","17","00","0","00000","2024000000","事業所","1693","事業所数","石油製品・石炭製品製造業","総数","総数"
"102-2024","17","01","0","00000","2024000000","事業所","98","事業所数","石油製品・石炭製品製造業","0人","総数"
"102-2024","17","02","0","00000","2024000000","事業所","564","事業所数","石油製品・石炭製品製造業","1～4人","総数"
"102-2024","17","03","0","00000","2024000000","事業所","547","事業所数","石油製品・石炭製品製造業","5～9人","総数"
"102-2024","17","04","0","00000","2024000000","事業所","265","事業所数","石油製品・石炭製品製造業","10～19人","総数"
"102-2024","17","05","0","00000","2024000000","事業所","83","事業所数","石油製品・石炭製品製造業","20～29人","総数"
"102-2024","17","06","0","00000","2024000000","事業所","56","事業所数","石油製品・石炭製品製造業","30～49人","総数"
"102-2024","17","07","0","00000","2024000000","事業所","39","事業所数","石油製品・石炭製品製造業","50～99人","総数"
"102-2024","17","08","0","00000","2024000000","事業所","12","事業所数","石油製品・石炭製品製造業","100～199人","総数"
"102-2024","17","09","0","00000","2024000000","事業所","7","事業所数","石油製品・石炭製品製造業","200～299人","総数"
"102-2024","17","10","0","00000","2024000000","事業所","22","事業所数","石油製品・石炭製品製造業","300人以上","総数"
"102-2024","170","00","0","00000","2024000000","事業所","101","事業所数","管理、補助的経済活動を行う事業所（17_石油製品・石炭製品製造業）","総数","総数"
"102-2024","170","01","0","00000","2024000000","事業所","24","事業所数","管理、補助的経済活動を行う事業所（17_石油製品・石炭製品製造業）","0人","総数"
"102-2024","170","02","0","00000","2024000000","事業所","24","事業所数","管理、補助的経済活動を行う事業所（17_石油製品・石炭製品製造業）","1～4人","総数"
"102-2024","170","03","0","00000","2024000000","事業所","16","事業所数","管理、補助的経済活動を行う事業所（17_石油製品・石炭製品製造業）","5～9人","総数"
"102-2024","170","04","0","00000","2024000000","事業所","17","事業所数","管理、補助的経済活動を行う事業所（17_石油製品・石炭製品製造業）","10～19人","総数"
"102-2024","170","05","0","00000","2024000000","事業所","8","事業所数","管理、補助的経済活動を行う事業所（17_石油製品・石炭製品製造業）","20～29人","総数"
"102-2024","170","06","0","00000","2024000000","事業所","8","事業所数","管理、補助的経済活動を行う事業所（17_石油製品・石炭製品製造業）","30～49人","総数"
"102-2024","170","07","0","00000","2024000000","事業所","***","事業所数","管理、補助的経済活動を行う事業所（17_石油製品・石炭製品製造業）","50～99人","総数"
"102-2024","170","08","0","00000","2024000000","事業所","2","事業所数","管理、補助的経済活動を行う事業所（17_石油製品・石炭製品製造業）","100～199人","総数"
"102-2024","170","09","0","00000","2024000000","事業所","1","事業所数","管理、補助的経済活動を行う事業所（17_石油製品・石炭製品製造業）","200～299人","総数"
"102-2024","170","10","0","00000","2024000000","事業所","1","事業所数","管理、補助的経済活動を行う事業所（17_石油製品・石炭製品製造業）","300人以上","総数"
"102-2024","171","00","0","00000","2024000000","事業所","49","事業所数","石油精製業","総数","総数"
"102-2024","171","01","0","00000","2024000000","事業所","***","事業所数","石油精製業","0人","総数"
"102-2024","171","02","0","00000","2024000000","事業所","9","事業所数","石油精製業","1～4人","総数"
"102-2024","171","03","0","00000","2024000000","事業所","5","事業所数","石油精製業","5～9人","総数"
"102-2024","171","04","0","00000","2024000000","事業所","2","事業所数","石油精製業","10～19人","総数"
"102-2024","171","05","0","00000","2024000000","事業所","2","事業所数","石油精製業","20～29人","総数"
"102-2024","171","06","0","00000","2024000000","事業所","3","事業所数","石油精製業","30～49人","総数"
"102-2024","171","07","0","00000","2024000000","事業所","4","事業所数","石油精製業","50～99人","総数"
"102-2024","171","08","0","00000","2024000000","事業所","2","事業所数","石油精製業","100～199人","総数"
"102-2024","171","09","0","00000","2024000000","事業所","4","事業所数","石油精製業","200～299人","総数"
"102-2024","171","10","0","00000","2024000000","事業所","18","事業所数","石油精製業","300人以上","総数"
"102-2024","172","00","0","00000","2024000000","事業所","174","事業所数","潤滑油・グリース製造業（石油精製によらないもの）","総数","総数"
"102-2024","172","01","0","00000","2024000000","事業所","13","事業所数","潤滑油・グリース製造業（石油精製によらないもの）","0人","総数"
"102-2024","172","02","0","00000","2024000000","事業所","43","事業所数","潤滑油・グリース製造業（石油精製によらないもの）","1～4人","総数"
"102-2024","172","03","0","00000","2024000000","事業所","24","事業所数","潤滑油・グリース製造業（石油精製によらないもの）","5～9人","総数"
"102-2024","172","04","0","00000","2024000000","事業所","29","事業所数","潤滑油・グリース製造業（石油精製によらないもの）","10～19人","総数"
"102-2024","172","05","0","00000","2024000000","事業所","16","事業所数","潤滑油・グリース製造業（石油精製によらないもの）","20～29人","総数"
"102-2024","172","06","0","00000","2024000000","事業所","25","事業所数","潤滑油・グリース製造業（石油精製によらないもの）","30～49人","総数"
"102-2024","172","07","0","00000","2024000000","事業所","17","事業所数","潤滑油・グリース製造業（石油精製によらないもの）","50～99人","総数"
"102-2024","172","08","0","00000","2024000000","事業所","5","事業所数","潤滑油・グリース製造業（石油精製によらないもの）","100～199人","総数"
"102-2024","172","09","0","00000","2024000000","事業所","2","事業所数","潤滑油・グリース製造業（石油精製によらないもの）","200～299人","総数"
"102-2024","172","10","0","00000","2024000000","事業所","***","事業所数","潤滑油・グリース製造業（石油精製によらないもの）","300人以上","総数"
"102-2024","173","00","0","00000","2024000000","事業所","16","事業所数","コークス製造業","総数","総数"
"102-2024","173","01","0","00000","2024000000","事業所","***","事業所数","コークス製造業","0人","総数"
"102-2024","173","02","0","00000","2024000000","事業所","4","事業所数","コークス製造業","1～4人","総数"
"102-2024","173","03","0","00000","2024000000","事業所","3","事業所数","コークス製造業","5～9人","総数"
"102-2024","173","04","0","00000","2024000000","事業所","2","事業所数","コークス製造業","10～19人","総数"
"102-2024","173","05","0","00000","2024000000","事業所","2","事業所数","コークス製造業","20～29人","総数"
"102-2024","173","06","0","00000","2024000000","事業所","***","事業所数","コークス製造業","30～49人","総数"
"102-2024","173","07","0","00000","2024000000","事業所","1","事業所数","コークス製造業","50～99人","総数"
"102-2024","173","08","0","00000","2024000000","事業所","1","事業所数","コークス製造業","100～199人","総数"
"102-2024","173","09","0","00000","2024000000","事業所","***","事業所数","コークス製造業","200～299人","総数"
"102-2024","173","10","0","00000","2024000000","事業所","3","事業所数","コークス製造業","300人以上","総数"
"102-2024","174","00","0","00000","2024000000","事業所","1174","事業所数","舗装材料製造業","総数","総数"
"102-2024","174","01","0","00000","2024000000","事業所","50","事業所数","舗装材料製造業","0人","総数"
"102-2024","174","02","0","00000","2024000000","事業所","435","事業所数","舗装材料製造業","1～4人","総数"
"102-2024","174","03","0","00000","2024000000","事業所","462","事業所数","舗装材料製造業","5～9人","総数"
"102-2024","174","04","0","00000","2024000000","事業所","176","事業所数","舗装材料製造業","10～19人","総数"
"102-2024","174","05","0","00000","2024000000","事業所","37","事業所数","舗装材料製造業","20～29人","総数"
"102-2024","174","06","0","00000","2024000000","事業所","9","事業所数","舗装材料製造業","30～49人","総数"
"102-2024","174","07","0","00000","2024000000","事業所","5","事業所数","舗装材料製造業","50～99人","総数"
"102-2024","174","08","0","00000","2024000000","事業所","***","事業所数","舗装材料製造業","100～199人","総数"
"102-2024","174","09","0","00000","2024000000","事業所","***","事業所数","舗装材料製造業","200～299人","総数"
"102-2024","174","10","0","00000","2024000000","事業所","***","事業所数","舗装材料製造業","300人以上","総数"
"102-2024","179","00","0","00000","2024000000","事業所","179","事業所数","その他の石油製品・石炭製品製造業","総数","総数"
"102-2024","179","01","0","00000","2024000000","事業所","11","事業所数","その他の石油製品・石炭製品製造業","0人","総数"
"102-2024","179","02","0","00000","2024000000","事業所","49","事業所数","その他の石油製品・石炭製品製造業","1～4人","総数"
"102-2024","179","03","0","00000","2024000000","事業所","37","事業所数","その他の石油製品・石炭製品製造業","5～9人","総数"
"102-2024","179","04","0","00000","2024000000","事業所","39","事業所数","その他の石油製品・石炭製品製造業","10～19人","総数"
"102-2024","179","05","0","00000","2024000000","事業所","18","事業所数","その他の石油製品・石炭製品製造業","20～29人","総数"
"102-2024","179","06","0","00000","2024000000","事業所","11","事業所数","その他の石油製品・石炭製品製造業","30～49人","総数"
"102-2024","179","07","0","00000","2024000000","事業所","12","事業所数","その他の石油製品・石炭製品製造業","50～99人","総数"
"102-2024","179","08","0","00000","2024000000","事業所","2","事業所数","その他の石油製品・石炭製品製造業","100～199人","総数"
"102-2024","179","09","0","00000","2024000000","事業所","***","事業所数","その他の石油製品・石炭製品製造業","200～299人","総数"
"102-2024","179","10","0","00000","2024000000","事業所","***","事業所数","その他の石油製品・石炭製品製造業","300人以上","総数"
"102-2024","18","00","0","00000","2024000000","事業所","18246","事業所数","プラスチック製品製造業（別掲を除く）","総数","総数"
"102-2024","18","01","0","00000","2024000000","事業所","706","事業所数","プラスチック製品製造業（別掲を除く）","0人","総数"
"102-2024","18","02","0","00000","2024000000","事業所","5588","事業所数","プラスチック製品製造業（別掲を除く）","1～4人","総数"
"102-2024","18","03","0","00000","2024000000","事業所","3317","事業所数","プラスチック製品製造業（別掲を除く）","5～9人","総数"
"102-2024","18","04","0","00000","2024000000","事業所","3226","事業所数","プラスチック製品製造業（別掲を除く）","10～19人","総数"
"102-2024","18","05","0","00000","2024000000","事業所","1720","事業所数","プラスチック製品製造業（別掲を除く）","20～29人","総数"
"102-2024","18","06","0","00000","2024000000","事業所","1602","事業所数","プラスチック製品製造業（別掲を除く）","30～49人","総数"
"102-2024","18","07","0","00000","2024000000","事業所","1244","事業所数","プラスチック製品製造業（別掲を除く）","50～99人","総数"
"102-2024","18","08","0","00000","2024000000","事業所","568","事業所数","プラスチック製品製造業（別掲を除く）","100～199人","総数"
"102-2024","18","09","0","00000","2024000000","事業所","162","事業所数","プラスチック製品製造業（別掲を除く）","200～299人","総数"
"102-2024","18","10","0","00000","2024000000","事業所","113","事業所数","プラスチック製品製造業（別掲を除く）","300人以上","総数"
"102-2024","180","00","0","00000","2024000000","事業所","514","事業所数","管理、補助的経済活動を行う事業所（18_プラスチック製品製造業）","総数","総数"
"102-2024","180","01","0","00000","2024000000","事業所","66","事業所数","管理、補助的経済活動を行う事業所（18_プラスチック製品製造業）","0人","総数"
"102-2024","180","02","0","00000","2024000000","事業所","260","事業所数","管理、補助的経済活動を行う事業所（18_プラスチック製品製造業）","1～4人","総数"
"102-2024","180","03","0","00000","2024000000","事業所","71","事業所数","管理、補助的経済活動を行う事業所（18_プラスチック製品製造業）","5～9人","総数"
"102-2024","180","04","0","00000","2024000000","事業所","51","事業所数","管理、補助的経済活動を行う事業所（18_プラスチック製品製造業）","10～19人","総数"
"102-2024","180","05","0","00000","2024000000","事業所","22","事業所数","管理、補助的経済活動を行う事業所（18_プラスチック製品製造業）","20～29人","総数"
"102-2024","180","06","0","00000","2024000000","事業所","12","事業所数","管理、補助的経済活動を行う事業所（18_プラスチック製品製造業）","30～49人","総数"
"102-2024","180","07","0","00000","2024000000","事業所","16","事業所数","管理、補助的経済活動を行う事業所（18_プラスチック製品製造業）","50～99人","総数"
"102-2024","180","08","0","00000","2024000000","事業所","11","事業所数","管理、補助的経済活動を行う事業所（18_プラスチック製品製造業）","100～199人","総数"
"102-2024","180","09","0","00000","2024000000","事業所","3","事業所数","管理、補助的経済活動を行う事業所（18_プラスチック製品製造業）","200～299人","総数"
"102-2024","180","10","0","00000","2024000000","事業所","2","事業所数","管理、補助的経済活動を行う事業所（18_プラスチック製品製造業）","300人以上","総数"
"102-2024","181","00","0","00000","2024000000","事業所","1385","事業所数","プラスチック板・棒・管・継手・異形押出製品製造業","総数","総数"
"102-2024","181","01","0","00000","2024000000","事業所","54","事業所数","プラスチック板・棒・管・継手・異形押出製品製造業","0人","総数"
"102-2024","181","02","0","00000","2024000000","事業所","513","事業所数","プラスチック板・棒・管・継手・異形押出製品製造業","1～4人","総数"
"102-2024","181","03","0","00000","2024000000","事業所","249","事業所数","プラスチック板・棒・管・継手・異形押出製品製造業","5～9人","総数"
"102-2024","181","04","0","00000","2024000000","事業所","223","事業所数","プラスチック板・棒・管・継手・異形押出製品製造業","10～19人","総数"
"102-2024","181","05","0","00000","2024000000","事業所","103","事業所数","プラスチック板・棒・管・継手・異形押出製品製造業","20～29人","総数"
"102-2024","181","06","0","00000","2024000000","事業所","121","事業所数","プラスチック板・棒・管・継手・異形押出製品製造業","30～49人","総数"
"102-2024","181","07","0","00000","2024000000","事業所","73","事業所数","プラスチック板・棒・管・継手・異形押出製品製造業","50～99人","総数"
"102-2024","181","08","0","00000","2024000000","事業所","30","事業所数","プラスチック板・棒・管・継手・異形押出製品製造業","100～199人","総数"
"102-2024","181","09","0","00000","2024000000","事業所","9","事業所数","プラスチック板・棒・管・継手・異形押出製品製造業","200～299人","総数"
"102-2024","181","10","0","00000","2024000000","事業所","10","事業所数","プラスチック板・棒・管・継手・異形押出製品製造業","300人以上","総数"
"102-2024","182","00","0","00000","2024000000","事業所","2684","事業所数","プラスチックフィルム・シート・床材・合成皮革製造業","総数","総数"
"102-2024","182","01","0","00000","2024000000","事業所","104","事業所数","プラスチックフィルム・シート・床材・合成皮革製造業","0人","総数"
"102-2024","182","02","0","00000","2024000000","事業所","845","事業所数","プラスチックフィルム・シート・床材・合成皮革製造業","1～4人","総数"
"102-2024","182","03","0","00000","2024000000","事業所","473","事業所数","プラスチックフィルム・シート・床材・合成皮革製造業","5～9人","総数"
"102-2024","182","04","0","00000","2024000000","事業所","408","事業所数","プラスチックフィルム・シート・床材・合成皮革製造業","10～19人","総数"
"102-2024","182","05","0","00000","2024000000","事業所","219","事業所数","プラスチックフィルム・シート・床材・合成皮革製造業","20～29人","総数"
"102-2024","182","06","0","00000","2024000000","事業所","247","事業所数","プラスチックフィルム・シート・床材・合成皮革製造業","30～49人","総数"
"102-2024","182","07","0","00000","2024000000","事業所","202","事業所数","プラスチックフィルム・シート・床材・合成皮革製造業","50～99人","総数"
"102-2024","182","08","0","00000","2024000000","事業所","105","事業所数","プラスチックフィルム・シート・床材・合成皮革製造業","100～199人","総数"
"102-2024","182","09","0","00000","2024000000","事業所","38","事業所数","プラスチックフィルム・シート・床材・合成皮革製造業","200～299人","総数"
"102-2024","182","10","0","00000","2024000000","事業所","43","事業所数","プラスチックフィルム・シート・床材・合成皮革製造業","300人以上","総数"
"102-2024","183","00","0","00000","2024000000","事業所","5915","事業所数","工業用プラスチック製品製造業","総数","総数"
"102-2024","183","01","0","00000","2024000000","事業所","178","事業所数","工業用プラスチック製品製造業","0人","総数"
"102-2024","183","02","0","00000","2024000000","事業所","1625","事業所数","工業用プラスチック製品製造業","1～4人","総数"
"102-2024","183","03","0","00000","2024000000","事業所","1040","事業所数","工業用プラスチック製品製造業","5～9人","総数"
"102-2024","183","04","0","00000","2024000000","事業所","1116","事業所数","工業用プラスチック製品製造業","10～19人","総数"
"102-2024","183","05","0","00000","2024000000","事業所","608","事業所数","工業用プラスチック製品製造業","20～29人","総数"
"102-2024","183","06","0","00000","2024000000","事業所","579","事業所数","工業用プラスチック製品製造業","30～49人","総数"
"102-2024","183","07","0","00000","2024000000","事業所","473","事業所数","工業用プラスチック製品製造業","50～99人","総数"
"102-2024","183","08","0","00000","2024000000","事業所","208","事業所数","工業用プラスチック製品製造業","100～199人","総数"
"102-2024","183","09","0","00000","2024000000","事業所","54","事業所数","工業用プラスチック製品製造業","200～299人","総数"
"102-2024","183","10","0","00000","2024000000","事業所","34","事業所数","工業用プラスチック製品製造業","300人以上","総数"
"102-2024","184","00","0","00000","2024000000","事業所","1784","事業所数","発泡・強化プラスチック製品製造業","総数","総数"
"102-2024","184","01","0","00000","2024000000","事業所","63","事業所数","発泡・強化プラスチック製品製造業","0人","総数"
"102-2024","184","02","0","00000","2024000000","事業所","535","事業所数","発泡・強化プラスチック製品製造業","1～4人","総数"
"102-2024","184","03","0","00000","2024000000","事業所","340","事業所数","発泡・強化プラスチック製品製造業","5～9人","総数"
"102-2024","184","04","0","00000","2024000000","事業所","340","事業所数","発泡・強化プラスチック製品製造業","10～19人","総数"
"102-2024","184","05","0","00000","2024000000","事業所","207","事業所数","発泡・強化プラスチック製品製造業","20～29人","総数"
"102-2024","184","06","0","00000","2024000000","事業所","160","事業所数","発泡・強化プラスチック製品製造業","30～49人","総数"
"102-2024","184","07","0","00000","2024000000","事業所","101","事業所数","発泡・強化プラスチック製品製造業","50～99人","総数"
"102-2024","184","08","0","00000","2024000000","事業所","27","事業所数","発泡・強化プラスチック製品製造業","100～199人","総数"
"102-2024","184","09","0","00000","2024000000","事業所","9","事業所数","発泡・強化プラスチック製品製造業","200～299人","総数"
"102-2024","184","10","0","00000","2024000000","事業所","2","事業所数","発泡・強化プラスチック製品製造業","300人以上","総数"
"102-2024","185","00","0","00000","2024000000","事業所","1268","事業所数","プラスチック成形材料製造業（廃プラスチックを含む）","総数","総数"
"102-2024","185","01","0","00000","2024000000","事業所","55","事業所数","プラスチック成形材料製造業（廃プラスチックを含む）","0人","総数"
"102-2024","185","02","0","00000","2024000000","事業所","416","事業所数","プラスチック成形材料製造業（廃プラスチックを含む）","1～4人","総数"
"102-2024","185","03","0","00000","2024000000","事業所","309","事業所数","プラスチック成形材料製造業（廃プラスチックを含む）","5～9人","総数"
"102-2024","185","04","0","00000","2024000000","事業所","234","事業所数","プラスチック成形材料製造業（廃プラスチックを含む）","10～19人","総数"
"102-2024","185","05","0","00000","2024000000","事業所","89","事業所数","プラスチック成形材料製造業（廃プラスチックを含む）","20～29人","総数"
"102-2024","185","06","0","00000","2024000000","事業所","85","事業所数","プラスチック成形材料製造業（廃プラスチックを含む）","30～49人","総数"
"102-2024","185","07","0","00000","2024000000","事業所","51","事業所数","プラスチック成形材料製造業（廃プラスチックを含む）","50～99人","総数"
"102-2024","185","08","0","00000","2024000000","事業所","22","事業所数","プラスチック成形材料製造業（廃プラスチックを含む）","100～199人","総数"
"102-2024","185","09","0","00000","2024000000","事業所","7","事業所数","プラスチック成形材料製造業（廃プラスチックを含む）","200～299人","総数"
"102-2024","185","10","0","00000","2024000000","事業所","***","事業所数","プラスチック成形材料製造業（廃プラスチックを含む）","300人以上","総数"
"102-2024","189","00","0","00000","2024000000","事業所","4694","事業所数","その他のプラスチック製品製造業","総数","総数"
"102-2024","189","01","0","00000","2024000000","事業所","186","事業所数","その他のプラスチック製品製造業","0人","総数"
"102-2024","189","02","0","00000","2024000000","事業所","1393","事業所数","その他のプラスチック製品製造業","1～4人","総数"
"102-2024","189","03","0","00000","2024000000","事業所","835","事業所数","その他のプラスチック製品製造業","5～9人","総数"
"102-2024","189","04","0","00000","2024000000","事業所","853","事業所数","その他のプラスチック製品製造業","10～19人","総数"
"102-2024","189","05","0","00000","2024000000","事業所","472","事業所数","その他のプラスチック製品製造業","20～29人","総数"
"102-2024","189","06","0","00000","2024000000","事業所","398","事業所数","その他のプラスチック製品製造業","30～49人","総数"
"102-2024","189","07","0","00000","2024000000","事業所","328","事業所数","その他のプラスチック製品製造業","50～99人","総数"
"102-2024","189","08","0","00000","2024000000","事業所","165","事業所数","その他のプラスチック製品製造業","100～199人","総数"
"102-2024","189","09","0","00000","2024000000","事業所","42","事業所数","その他のプラスチック製品製造業","200～299人","総数"
"102-2024","189","10","0","00000","2024000000","事業所","22","事業所数","その他のプラスチック製品製造業","300人以上","総数"
"102-2024","19","00","0","00000","2024000000","事業所","3447","事業所数","ゴム製品製造業","総数","総数"
"102-2024","19","01","0","00000","2024000000","事業所","144","事業所数","ゴム製品製造業","0人","総数"
"102-2024","19","02","0","00000","2024000000","事業所","1175","事業所数","ゴム製品製造業","1～4人","総数"
"102-2024","19","03","0","00000","2024000000","事業所","587","事業所数","ゴム製品製造業","5～9人","総数"
"102-2024","19","04","0","00000","2024000000","事業所","569","事業所数","ゴム製品製造業","10～19人","総数"
"102-2024","19","05","0","00000","2024000000","事業所","291","事業所数","ゴム製品製造業","20～29人","総数"
"102-2024","19","06","0","00000","2024000000","事業所","253","事業所数","ゴム製品製造業","30～49人","総数"
"102-2024","19","07","0","00000","2024000000","事業所","210","事業所数","ゴム製品製造業","50～99人","総数"
"102-2024","19","08","0","00000","2024000000","事業所","112","事業所数","ゴム製品製造業","100～199人","総数"
"102-2024","19","09","0","00000","2024000000","事業所","44","事業所数","ゴム製品製造業","200～299人","総数"
"102-2024","19","10","0","00000","2024000000","事業所","62","事業所数","ゴム製品製造業","300人以上","総数"
"102-2024","190","00","0","00000","2024000000","事業所","107","事業所数","管理、補助的経済活動を行う事業所（19_ゴム製品製造業）","総数","総数"
"102-2024","190","01","0","00000","2024000000","事業所","19","事業所数","管理、補助的経済活動を行う事業所（19_ゴム製品製造業）","0人","総数"
"102-2024","190","02","0","00000","2024000000","事業所","42","事業所数","管理、補助的経済活動を行う事業所（19_ゴム製品製造業）","1～4人","総数"
"102-2024","190","03","0","00000","2024000000","事業所","17","事業所数","管理、補助的経済活動を行う事業所（19_ゴム製品製造業）","5～9人","総数"
"102-2024","190","04","0","00000","2024000000","事業所","8","事業所数","管理、補助的経済活動を行う事業所（19_ゴム製品製造業）","10～19人","総数"
"102-2024","190","05","0","00000","2024000000","事業所","6","事業所数","管理、補助的経済活動を行う事業所（19_ゴム製品製造業）","20～29人","総数"
"102-2024","190","06","0","00000","2024000000","事業所","4","事業所数","管理、補助的経済活動を行う事業所（19_ゴム製品製造業）","30～49人","総数"
"102-2024","190","07","0","00000","2024000000","事業所","6","事業所数","管理、補助的経済活動を行う事業所（19_ゴム製品製造業）","50～99人","総数"
"102-2024","190","08","0","00000","2024000000","事業所","2","事業所数","管理、補助的経済活動を行う事業所（19_ゴム製品製造業）","100～199人","総数"
"102-2024","190","09","0","00000","2024000000","事業所","2","事業所数","管理、補助的経済活動を行う事業所（19_ゴム製品製造業）","200～299人","総数"
"102-2024","190","10","0","00000","2024000000","事業所","1","事業所数","管理、補助的経済活動を行う事業所（19_ゴム製品製造業）","300人以上","総数"
"102-2024","191","00","0","00000","2024000000","事業所","64","事業所数","タイヤ・チューブ製造業","総数","総数"
"102-2024","191","01","0","00000","2024000000","事業所","***","事業所数","タイヤ・チューブ製造業","0人","総数"
"102-2024","191","02","0","00000","2024000000","事業所","8","事業所数","タイヤ・チューブ製造業","1～4人","総数"
"102-2024","191","03","0","00000","2024000000","事業所","5","事業所数","タイヤ・チューブ製造業","5～9人","総数"
"102-2024","191","04","0","00000","2024000000","事業所","8","事業所数","タイヤ・チューブ製造業","10～19人","総数"
"102-2024","191","05","0","00000","2024000000","事業所","9","事業所数","タイヤ・チューブ製造業","20～29人","総数"
"102-2024","191","06","0","00000","2024000000","事業所","5","事業所数","タイヤ・チューブ製造業","30～49人","総数"
"102-2024","191","07","0","00000","2024000000","事業所","5","事業所数","タイヤ・チューブ製造業","50～99人","総数"
"102-2024","191","08","0","00000","2024000000","事業所","1","事業所数","タイヤ・チューブ製造業","100～199人","総数"
"102-2024","191","09","0","00000","2024000000","事業所","2","事業所数","タイヤ・チューブ製造業","200～299人","総数"
"102-2024","191","10","0","00000","2024000000","事業所","21","事業所数","タイヤ・チューブ製造業","300人以上","総数"
"102-2024","192","00","0","00000","2024000000","事業所","240","事業所数","ゴム製・プラスチック製履物・同附属品製造業","総数","総数"
"102-2024","192","01","0","00000","2024000000","事業所","23","事業所数","ゴム製・プラスチック製履物・同附属品製造業","0人","総数"
"102-2024","192","02","0","00000","2024000000","事業所","103","事業所数","ゴム製・プラスチック製履物・同附属品製造業","1～4人","総数"
"102-2024","192","03","0","00000","2024000000","事業所","44","事業所数","ゴム製・プラスチック製履物・同附属品製造業","5～9人","総数"
"102-2024","192","04","0","00000","2024000000","事業所","33","事業所数","ゴム製・プラスチック製履物・同附属品製造業","10～19人","総数"
"102-2024","192","05","0","00000","2024000000","事業所","21","事業所数","ゴム製・プラスチック製履物・同附属品製造業","20～29人","総数"
"102-2024","192","06","0","00000","2024000000","事業所","3","事業所数","ゴム製・プラスチック製履物・同附属品製造業","30～49人","総数"
"102-2024","192","07","0","00000","2024000000","事業所","10","事業所数","ゴム製・プラスチック製履物・同附属品製造業","50～99人","総数"
"102-2024","192","08","0","00000","2024000000","事業所","1","事業所数","ゴム製・プラスチック製履物・同附属品製造業","100～199人","総数"
"102-2024","192","09","0","00000","2024000000","事業所","***","事業所数","ゴム製・プラスチック製履物・同附属品製造業","200～299人","総数"
"102-2024","192","10","0","00000","2024000000","事業所","2","事業所数","ゴム製・プラスチック製履物・同附属品製造業","300人以上","総数"
"102-2024","193","00","0","00000","2024000000","事業所","2512","事業所数","ゴムベルト・ゴムホース・工業用ゴム製品製造業","総数","総数"
"102-2024","193","01","0","00000","2024000000","事業所","81","事業所数","ゴムベルト・ゴムホース・工業用ゴム製品製造業","0人","総数"
"102-2024","193","02","0","00000","2024000000","事業所","832","事業所数","ゴムベルト・ゴムホース・工業用ゴム製品製造業","1～4人","総数"
"102-2024","193","03","0","00000","2024000000","事業所","424","事業所数","ゴムベルト・ゴムホース・工業用ゴム製品製造業","5～9人","総数"
"102-2024","193","04","0","00000","2024000000","事業所","438","事業所数","ゴムベルト・ゴムホース・工業用ゴム製品製造業","10～19人","総数"
"102-2024","193","05","0","00000","2024000000","事業所","215","事業所数","ゴムベルト・ゴムホース・工業用ゴム製品製造業","20～29人","総数"
"102-2024","193","06","0","00000","2024000000","事業所","197","事業所数","ゴムベルト・ゴムホース・工業用ゴム製品製造業","30～49人","総数"
"102-2024","193","07","0","00000","2024000000","事業所","157","事業所数","ゴムベルト・ゴムホース・工業用ゴム製品製造業","50～99人","総数"
"102-2024","193","08","0","00000","2024000000","事業所","94","事業所数","ゴムベルト・ゴムホース・工業用ゴム製品製造業","100～199人","総数"
"102-2024","193","09","0","00000","2024000000","事業所","37","事業所数","ゴムベルト・ゴムホース・工業用ゴム製品製造業","200～299人","総数"
"102-2024","193","10","0","00000","2024000000","事業所","37","事業所数","ゴムベルト・ゴムホース・工業用ゴム製品製造業","300人以上","総数"
"102-2024","199","00","0","00000","2024000000","事業所","523","事業所数","その他のゴム製品製造業","総数","総数"
"102-2024","199","01","0","00000","2024000000","事業所","21","事業所数","その他のゴム製品製造業","0人","総数"
"102-2024","199","02","0","00000","2024000000","事業所","190","事業所数","その他のゴム製品製造業","1～4人","総数"
"102-2024","199","03","0","00000","2024000000","事業所","96","事業所数","その他のゴム製品製造業","5～9人","総数"
"102-2024","199","04","0","00000","2024000000","事業所","82","事業所数","その他のゴム製品製造業","10～19人","総数"
"102-2024","199","05","0","00000","2024000000","事業所","40","事業所数","その他のゴム製品製造業","20～29人","総数"
"102-2024","199","06","0","00000","2024000000","事業所","44","事業所数","その他のゴム製品製造業","30～49人","総数"
"102-2024","199","07","0","00000","2024000000","事業所","32","事業所数","その他のゴム製品製造業","50～99人","総数"
"102-2024","199","08","0","00000","2024000000","事業所","14","事業所数","その他のゴム製品製造業","100～199人","総数"
"102-2024","199","09","0","00000","2024000000","事業所","3","事業所数","その他のゴム製品製造業","200～299人","総数"
"102-2024","199","10","0","00000","2024000000","事業所","1","事業所数","その他のゴム製品製造業","300人以上","総数"
"102-2024","20","00","0","00000","2024000000","事業所","2343","事業所数","なめし革・同製品・毛皮製造業","総数","総数"
"102-2024","20","01","0","00000","2024000000","事業所","180","事業所数","なめし革・同製品・毛皮製造業","0人","総数"
"102-2024","20","02","0","00000","2024000000","事業所","1247","事業所数","なめし革・同製品・毛皮製造業","1～4人","総数"
"102-2024","20","03","0","00000","2024000000","事業所","421","事業所数","なめし革・同製品・毛皮製造業","5～9人","総数"
"102-2024","20","04","0","00000","2024000000","事業所","250","事業所数","なめし革・同製品・毛皮製造業","10～19人","総数"
"102-2024","20","05","0","00000","2024000000","事業所","104","事業所数","なめし革・同製品・毛皮製造業","20～29人","総数"
"102-2024","20","06","0","00000","2024000000","事業所","79","事業所数","なめし革・同製品・毛皮製造業","30～49人","総数"
"102-2024","20","07","0","00000","2024000000","事業所","45","事業所数","なめし革・同製品・毛皮製造業","50～99人","総数"
"102-2024","20","08","0","00000","2024000000","事業所","14","事業所数","なめし革・同製品・毛皮製造業","100～199人","総数"
"102-2024","20","09","0","00000","2024000000","事業所","2","事業所数","なめし革・同製品・毛皮製造業","200～299人","総数"
"102-2024","20","10","0","00000","2024000000","事業所","1","事業所数","なめし革・同製品・毛皮製造業","300人以上","総数"
"102-2024","200","00","0","00000","2024000000","事業所","13","事業所数","管理、補助的経済活動を行う事業所（20_なめし革・同製品・毛皮製造業）","総数","総数"
"102-2024","200","01","0","00000","2024000000","事業所","***","事業所数","管理、補助的経済活動を行う事業所（20_なめし革・同製品・毛皮製造業）","0人","総数"
"102-2024","200","02","0","00000","2024000000","事業所","10","事業所数","管理、補助的経済活動を行う事業所（20_なめし革・同製品・毛皮製造業）","1～4人","総数"
"102-2024","200","03","0","00000","2024000000","事業所","2","事業所数","管理、補助的経済活動を行う事業所（20_なめし革・同製品・毛皮製造業）","5～9人","総数"
"102-2024","200","04","0","00000","2024000000","事業所","1","事業所数","管理、補助的経済活動を行う事業所（20_なめし革・同製品・毛皮製造業）","10～19人","総数"
"102-2024","200","05","0","00000","2024000000","事業所","***","事業所数","管理、補助的経済活動を行う事業所（20_なめし革・同製品・毛皮製造業）","20～29人","総数"
"102-2024","200","06","0","00000","2024000000","事業所","***","事業所数","管理、補助的経済活動を行う事業所（20_なめし革・同製品・毛皮製造業）","30～49人","総数"
"102-2024","200","07","0","00000","2024000000","事業所","***","事業所数","管理、補助的経済活動を行う事業所（20_なめし革・同製品・毛皮製造業）","50～99人","総数"
"102-2024","200","08","0","00000","2024000000","事業所","***","事業所数","管理、補助的経済活動を行う事業所（20_なめし革・同製品・毛皮製造業）","100～199人","総数"
"102-2024","200","09","0","00000","2024000000","事業所","***","事業所数","管理、補助的経済活動を行う事業所（20_なめし革・同製品・毛皮製造業）","200～299人","総数"
"102-2024","200","10","0","00000","2024000000","事業所","***","事業所数","管理、補助的経済活動を行う事業所（20_なめし革・同製品・毛皮製造業）","300人以上","総数"
"102-2024","201","00","0","00000","2024000000","事業所","182","事業所数","なめし革製造業","総数","総数"
"102-2024","201","01","0","00000","2024000000","事業所","7","事業所数","なめし革製造業","0人","総数"
"102-2024","201","02","0","00000","2024000000","事業所","91","事業所数","なめし革製造業","1～4人","総数"
"102-2024","201","03","0","00000","2024000000","事業所","53","事業所数","なめし革製造業","5～9人","総数"
"102-2024","201","04","0","00000","2024000000","事業所","18","事業所数","なめし革製造業","10～19人","総数"
"102-2024","201","05","0","00000","2024000000","事業所","7","事業所数","なめし革製造業","20～29人","総数"
"102-2024","201","06","0","00000","2024000000","事業所","2","事業所数","なめし革製造業","30～49人","総数"
"102-2024","201","07","0","00000","2024000000","事業所","3","事業所数","なめし革製造業","50～99人","総数"
"102-2024","201","08","0","00000","2024000000","事業所","***","事業所数","なめし革製造業","100～199人","総数"
"102-2024","201","09","0","00000","2024000000","事業所","1","事業所数","なめし革製造業","200～299人","総数"
"102-2024","201","10","0","00000","2024000000","事業所","***","事業所数","なめし革製造業","300人以上","総数"
"102-2024","202","00","0","00000","2024000000","事業所","49","事業所数","工業用革製品製造業（手袋を除く）","総数","総数"
"102-2024","202","01","0","00000","2024000000","事業所","1","事業所数","工業用革製品製造業（手袋を除く）","0人","総数"
"102-2024","202","02","0","00000","2024000000","事業所","24","事業所数","工業用革製品製造業（手袋を除く）","1～4人","総数"
"102-2024","202","03","0","00000","2024000000","事業所","6","事業所数","工業用革製品製造業（手袋を除く）","5～9人","総数"
"102-2024","202","04","0","00000","2024000000","事業所","5","事業所数","工業用革製品製造業（手袋を除く）","10～19人","総数"
"102-2024","202","05","0","00000","2024000000","事業所","2","事業所数","工業用革製品製造業（手袋を除く）","20～29人","総数"
"102-2024","202","06","0","00000","2024000000","事業所","6","事業所数","工業用革製品製造業（手袋を除く）","30～49人","総数"
"102-2024","202","07","0","00000","2024000000","事業所","3","事業所数","工業用革製品製造業（手袋を除く）","50～99人","総数"
"102-2024","202","08","0","00000","2024000000","事業所","1","事業所数","工業用革製品製造業（手袋を除く）","100～199人","総数"
"102-2024","202","09","0","00000","2024000000","事業所","***","事業所数","工業用革製品製造業（手袋を除く）","200～299人","総数"
"102-2024","202","10","0","00000","2024000000","事業所","1","事業所数","工業用革製品製造業（手袋を除く）","300人以上","総数"
"102-2024","203","00","0","00000","2024000000","事業所","147","事業所数","革製履物用材料・同附属品製造業","総数","総数"
"102-2024","203","01","0","00000","2024000000","事業所","8","事業所数","革製履物用材料・同附属品製造業","0人","総数"
"102-2024","203","02","0","00000","2024000000","事業所","90","事業所数","革製履物用材料・同附属品製造業","1～4人","総数"
"102-2024","203","03","0","00000","2024000000","事業所","24","事業所数","革製履物用材料・同附属品製造業","5～9人","総数"
"102-2024","203","04","0","00000","2024000000","事業所","16","事業所数","革製履物用材料・同附属品製造業","10～19人","総数"
"102-2024","203","05","0","00000","2024000000","事業所","4","事業所数","革製履物用材料・同附属品製造業","20～29人","総数"
"102-2024","203","06","0","00000","2024000000","事業所","3","事業所数","革製履物用材料・同附属品製造業","30～49人","総数"
"102-2024","203","07","0","00000","2024000000","事業所","2","事業所数","革製履物用材料・同附属品製造業","50～99人","総数"
"102-2024","203","08","0","00000","2024000000","事業所","***","事業所数","革製履物用材料・同附属品製造業","100～199人","総数"
"102-2024","203","09","0","00000","2024000000","事業所","***","事業所数","革製履物用材料・同附属品製造業","200～299人","総数"
"102-2024","203","10","0","00000","2024000000","事業所","***","事業所数","革製履物用材料・同附属品製造業","300人以上","総数"
"102-2024","204","00","0","00000","2024000000","事業所","390","事業所数","革製履物製造業","総数","総数"
"102-2024","204","01","0","00000","2024000000","事業所","25","事業所数","革製履物製造業","0人","総数"
"102-2024","204","02","0","00000","2024000000","事業所","175","事業所数","革製履物製造業","1～4人","総数"
"102-2024","204","03","0","00000","2024000000","事業所","71","事業所数","革製履物製造業","5～9人","総数"
"102-2024","204","04","0","00000","2024000000","事業所","62","事業所数","革製履物製造業","10～19人","総数"
"102-2024","204","05","0","00000","2024000000","事業所","19","事業所数","革製履物製造業","20～29人","総数"
"102-2024","204","06","0","00000","2024000000","事業所","18","事業所数","革製履物製造業","30～49人","総数"
"102-2024","204","07","0","00000","2024000000","事業所","15","事業所数","革製履物製造業","50～99人","総数"
"102-2024","204","08","0","00000","2024000000","事業所","5","事業所数","革製履物製造業","100～199人","総数"
"102-2024","204","09","0","00000","2024000000","事業所","***","事業所数","革製履物製造業","200～299人","総数"
"102-2024","204","10","0","00000","2024000000","事業所","***","事業所数","革製履物製造業","300人以上","総数"
"102-2024","205","00","0","00000","2024000000","事業所","34","事業所数","革製手袋製造業","総数","総数"
"102-2024","205","01","0","00000","2024000000","事業所","***","事業所数","革製手袋製造業","0人","総数"
"102-2024","205","02","0","00000","2024000000","事業所","14","事業所数","革製手袋製造業","1～4人","総数"
"102-2024","205","03","0","00000","2024000000","事業所","6","事業所数","革製手袋製造業","5～9人","総数"
"102-2024","205","04","0","00000","2024000000","事業所","6","事業所数","革製手袋製造業","10～19人","総数"
"102-2024","205","05","0","00000","2024000000","事業所","4","事業所数","革製手袋製造業","20～29人","総数"
"102-2024","205","06","0","00000","2024000000","事業所","4","事業所数","革製手袋製造業","30～49人","総数"
"102-2024","205","07","0","00000","2024000000","事業所","***","事業所数","革製手袋製造業","50～99人","総数"
"102-2024","205","08","0","00000","2024000000","事業所","***","事業所数","革製手袋製造業","100～199人","総数"
"102-2024","205","09","0","00000","2024000000","事業所","***","事業所数","革製手袋製造業","200～299人","総数"
"102-2024","205","10","0","00000","2024000000","事業所","***","事業所数","革製手袋製造業","300人以上","総数"
"102-2024","206","00","0","00000","2024000000","事業所","607","事業所数","かばん製造業","総数","総数"
"102-2024","206","01","0","00000","2024000000","事業所","51","事業所数","かばん製造業","0人","総数"
"102-2024","206","02","0","00000","2024000000","事業所","318","事業所数","かばん製造業","1～4人","総数"
"102-2024","206","03","0","00000","2024000000","事業所","111","事業所数","かばん製造業","5～9人","総数"
"102-2024","206","04","0","00000","2024000000","事業所","51","事業所数","かばん製造業","10～19人","総数"
"102-2024","206","05","0","00000","2024000000","事業所","35","事業所数","かばん製造業","20～29人","総数"
"102-2024","206","06","0","00000","2024000000","事業所","20","事業所数","かばん製造業","30～49人","総数"
"102-2024","206","07","0","00000","2024000000","事業所","15","事業所数","かばん製造業","50～99人","総数"
"102-2024","206","08","0","00000","2024000000","事業所","5","事業所数","かばん製造業","100～199人","総数"
"102-2024","206","09","0","00000","2024000000","事業所","1","事業所数","かばん製造業","200～299人","総数"
"102-2024","206","10","0","00000","2024000000","事業所","***","事業所数","かばん製造業","300人以上","総数"
"102-2024","207","00","0","00000","2024000000","事業所","735","事業所数","袋物製造業","総数","総数"
"102-2024","207","01","0","00000","2024000000","事業所","67","事業所数","袋物製造業","0人","総数"
"102-2024","207","02","0","00000","2024000000","事業所","420","事業所数","袋物製造業","1～4人","総数"
"102-2024","207","03","0","00000","2024000000","事業所","119","事業所数","袋物製造業","5～9人","総数"
"102-2024","207","04","0","00000","2024000000","事業所","75","事業所数","袋物製造業","10～19人","総数"
"102-2024","207","05","0","00000","2024000000","事業所","25","事業所数","袋物製造業","20～29人","総数"
"102-2024","207","06","0","00000","2024000000","事業所","20","事業所数","袋物製造業","30～49人","総数"
"102-2024","207","07","0","00000","2024000000","事業所","7","事業所数","袋物製造業","50～99人","総数"
"102-2024","207","08","0","00000","2024000000","事業所","2","事業所数","袋物製造業","100～199人","総数"
"102-2024","207","09","0","00000","2024000000","事業所","***","事業所数","袋物製造業","200～299人","総数"
"102-2024","207","10","0","00000","2024000000","事業所","***","事業所数","袋物製造業","300人以上","総数"
"102-2024","208","00","0","00000","2024000000","事業所","6","事業所数","毛皮製造業","総数","総数"
"102-2024","208","01","0","00000","2024000000","事業所","1","事業所数","毛皮製造業","0人","総数"
"102-2024","208","02","0","00000","2024000000","事業所","5","事業所数","毛皮製造業","1～4人","総数"
"102-2024","208","03","0","00000","2024000000","事業所","***","事業所数","毛皮製造業","5～9人","総数"
"102-2024","208","04","0","00000","2024000000","事業所","***","事業所数","毛皮製造業","10～19人","総数"
"102-2024","208","05","0","00000","2024000000","事業所","***","事業所数","毛皮製造業","20～29人","総数"
"102-2024","208","06","0","00000","2024000000","事業所","***","事業所数","毛皮製造業","30～49人","総数"
"102-2024","208","07","0","00000","2024000000","事業所","***","事業所数","毛皮製造業","50～99人","総数"
"102-2024","208","08","0","00000","2024000000","事業所","***","事業所数","毛皮製造業","100～199人","総数"
"102-2024","208","09","0","00000","2024000000","事業所","***","事業所数","毛皮製造業","200～299人","総数"
"102-2024","208","10","0","00000","2024000000","事業所","***","事業所数","毛皮製造業","300人以上","総数"
"102-2024","209","00","0","00000","2024000000","事業所","180","事業所数","その他のなめし革製品製造業","総数","総数"
"102-2024","209","01","0","00000","2024000000","事業所","20","事業所数","その他のなめし革製品製造業","0人","総数"
"102-2024","209","02","0","00000","2024000000","事業所","100","事業所数","その他のなめし革製品製造業","1～4人","総数"
"102-2024","209","03","0","00000","2024000000","事業所","29","事業所数","その他のなめし革製品製造業","5～9人","総数"
"102-2024","209","04","0","00000","2024000000","事業所","16","事業所数","その他のなめし革製品製造業","10～19人","総数"
"102-2024","209","05","0","00000","2024000000","事業所","8","事業所数","その他のなめし革製品製造業","20～29人","総数"
"102-2024","209","06","0","00000","2024000000","事業所","6","事業所数","その他のなめし革製品製造業","30～49人","総数"
"102-2024","209","07","0","00000","2024000000","事業所","***","事業所数","その他のなめし革製品製造業","50～99人","総数"
"102-2024","209","08","0","00000","2024000000","事業所","1","事業所数","その他のなめし革製品製造業","100～199人","総数"
"102-2024","209","09","0","00000","2024000000","事業所","***","事業所数","その他のなめし革製品製造業","200～299人","総数"
"102-2024","209","10","0","00000","2024000000","事業所","***","事業所数","その他のなめし革製品製造業","300人以上","総数"
"102-2024","21","00","0","00000","2024000000","事業所","14518","事業所数","窯業・土石製品製造業","総数","総数"
"102-2024","21","01","0","00000","2024000000","事業所","709","事業所数","窯業・土石製品製造業","0人","総数"
"102-2024","21","02","0","00000","2024000000","事業所","4944","事業所数","窯業・土石製品製造業","1～4人","総数"
"102-2024","21","03","0","00000","2024000000","事業所","2918","事業所数","窯業・土石製品製造業","5～9人","総数"
"102-2024","21","04","0","00000","2024000000","事業所","3079","事業所数","窯業・土石製品製造業","10～19人","総数"
"102-2024","21","05","0","00000","2024000000","事業所","1279","事業所数","窯業・土石製品製造業","20～29人","総数"
"102-2024","21","06","0","00000","2024000000","事業所","778","事業所数","窯業・土石製品製造業","30～49人","総数"
"102-2024","21","07","0","00000","2024000000","事業所","505","事業所数","窯業・土石製品製造業","50～99人","総数"
"102-2024","21","08","0","00000","2024000000","事業所","192","事業所数","窯業・土石製品製造業","100～199人","総数"
"102-2024","21","09","0","00000","2024000000","事業所","58","事業所数","窯業・土石製品製造業","200～299人","総数"
"102-2024","21","10","0","00000","2024000000","事業所","56","事業所数","窯業・土石製品製造業","300人以上","総数"
"102-2024","210","00","0","00000","2024000000","事業所","460","事業所数","管理、補助的経済活動を行う事業所（21_窯業・土石製品製造業）","総数","総数"
"102-2024","210","01","0","00000","2024000000","事業所","59","事業所数","管理、補助的経済活動を行う事業所（21_窯業・土石製品製造業）","0人","総数"
"102-2024","210","02","0","00000","2024000000","事業所","235","事業所数","管理、補助的経済活動を行う事業所（21_窯業・土石製品製造業）","1～4人","総数"
"102-2024","210","03","0","00000","2024000000","事業所","65","事業所数","管理、補助的経済活動を行う事業所（21_窯業・土石製品製造業）","5～9人","総数"
"102-2024","210","04","0","00000","2024000000","事業所","41","事業所数","管理、補助的経済活動を行う事業所（21_窯業・土石製品製造業）","10～19人","総数"
"102-2024","210","05","0","00000","2024000000","事業所","28","事業所数","管理、補助的経済活動を行う事業所（21_窯業・土石製品製造業）","20～29人","総数"
"102-2024","210","06","0","00000","2024000000","事業所","12","事業所数","管理、補助的経済活動を行う事業所（21_窯業・土石製品製造業）","30～49人","総数"
"102-2024","210","07","0","00000","2024000000","事業所","13","事業所数","管理、補助的経済活動を行う事業所（21_窯業・土石製品製造業）","50～99人","総数"
"102-2024","210","08","0","00000","2024000000","事業所","6","事業所数","管理、補助的経済活動を行う事業所（21_窯業・土石製品製造業）","100～199人","総数"
"102-2024","210","09","0","00000","2024000000","事業所","1","事業所数","管理、補助的経済活動を行う事業所（21_窯業・土石製品製造業）","200～299人","総数"
"102-2024","210","10","0","00000","2024000000","事業所","***","事業所数","管理、補助的経済活動を行う事業所（21_窯業・土石製品製造業）","300人以上","総数"
"102-2024","211","00","0","00000","2024000000","事業所","1333","事業所数","ガラス・同製品製造業","総数","総数"
"102-2024","211","01","0","00000","2024000000","事業所","60","事業所数","ガラス・同製品製造業","0人","総数"
"102-2024","211","02","0","00000","2024000000","事業所","471","事業所数","ガラス・同製品製造業","1～4人","総数"
"102-2024","211","03","0","00000","2024000000","事業所","205","事業所数","ガラス・同製品製造業","5～9人","総数"
"102-2024","211","04","0","00000","2024000000","事業所","192","事業所数","ガラス・同製品製造業","10～19人","総数"
"102-2024","211","05","0","00000","2024000000","事業所","98","事業所数","ガラス・同製品製造業","20～29人","総数"
"102-2024","211","06","0","00000","2024000000","事業所","106","事業所数","ガラス・同製品製造業","30～49人","総数"
"102-2024","211","07","0","00000","2024000000","事業所","97","事業所数","ガラス・同製品製造業","50～99人","総数"
"102-2024","211","08","0","00000","2024000000","事業所","57","事業所数","ガラス・同製品製造業","100～199人","総数"
"102-2024","211","09","0","00000","2024000000","事業所","22","事業所数","ガラス・同製品製造業","200～299人","総数"
"102-2024","211","10","0","00000","2024000000","事業所","25","事業所数","ガラス・同製品製造業","300人以上","総数"
"102-2024","212","00","0","00000","2024000000","事業所","5445","事業所数","セメント・同製品製造業","総数","総数"
"102-2024","212","01","0","00000","2024000000","事業所","169","事業所数","セメント・同製品製造業","0人","総数"
"102-2024","212","02","0","00000","2024000000","事業所","970","事業所数","セメント・同製品製造業","1～4人","総数"
"102-2024","212","03","0","00000","2024000000","事業所","1300","事業所数","セメント・同製品製造業","5～9人","総数"
"102-2024","212","04","0","00000","2024000000","事業所","1755","事業所数","セメント・同製品製造業","10～19人","総数"
"102-2024","212","05","0","00000","2024000000","事業所","715","事業所数","セメント・同製品製造業","20～29人","総数"
"102-2024","212","06","0","00000","2024000000","事業所","336","事業所数","セメント・同製品製造業","30～49人","総数"
"102-2024","212","07","0","00000","2024000000","事業所","149","事業所数","セメント・同製品製造業","50～99人","総数"
"102-2024","212","08","0","00000","2024000000","事業所","41","事業所数","セメント・同製品製造業","100～199人","総数"
"102-2024","212","09","0","00000","2024000000","事業所","6","事業所数","セメント・同製品製造業","200～299人","総数"
"102-2024","212","10","0","00000","2024000000","事業所","4","事業所数","セメント・同製品製造業","300人以上","総数"
"102-2024","213","00","0","00000","2024000000","事業所","244","事業所数","建設用粘土製品製造業（陶磁器製を除く）","総数","総数"
"102-2024","213","01","0","00000","2024000000","事業所","16","事業所数","建設用粘土製品製造業（陶磁器製を除く）","0人","総数"
"102-2024","213","02","0","00000","2024000000","事業所","116","事業所数","建設用粘土製品製造業（陶磁器製を除く）","1～4人","総数"
"102-2024","213","03","0","00000","2024000000","事業所","50","事業所数","建設用粘土製品製造業（陶磁器製を除く）","5～9人","総数"
"102-2024","213","04","0","00000","2024000000","事業所","32","事業所数","建設用粘土製品製造業（陶磁器製を除く）","10～19人","総数"
"102-2024","213","05","0","00000","2024000000","事業所","17","事業所数","建設用粘土製品製造業（陶磁器製を除く）","20～29人","総数"
"102-2024","213","06","0","00000","2024000000","事業所","5","事業所数","建設用粘土製品製造業（陶磁器製を除く）","30～49人","総数"
"102-2024","213","07","0","00000","2024000000","事業所","6","事業所数","建設用粘土製品製造業（陶磁器製を除く）","50～99人","総数"
"102-2024","213","08","0","00000","2024000000","事業所","2","事業所数","建設用粘土製品製造業（陶磁器製を除く）","100～199人","総数"
"102-2024","213","09","0","00000","2024000000","事業所","***","事業所数","建設用粘土製品製造業（陶磁器製を除く）","200～299人","総数"
"102-2024","213","10","0","00000","2024000000","事業所","***","事業所数","建設用粘土製品製造業（陶磁器製を除く）","300人以上","総数"
"102-2024","214","00","0","00000","2024000000","事業所","2143","事業所数","陶磁器・同関連製品製造業","総数","総数"
"102-2024","214","01","0","00000","2024000000","事業所","124","事業所数","陶磁器・同関連製品製造業","0人","総数"
"102-2024","214","02","0","00000","2024000000","事業所","1195","事業所数","陶磁器・同関連製品製造業","1～4人","総数"
"102-2024","214","03","0","00000","2024000000","事業所","325","事業所数","陶磁器・同関連製品製造業","5～9人","総数"
"102-2024","214","04","0","00000","2024000000","事業所","211","事業所数","陶磁器・同関連製品製造業","10～19人","総数"
"102-2024","214","05","0","00000","2024000000","事業所","76","事業所数","陶磁器・同関連製品製造業","20～29人","総数"
"102-2024","214","06","0","00000","2024000000","事業所","87","事業所数","陶磁器・同関連製品製造業","30～49人","総数"
"102-2024","214","07","0","00000","2024000000","事業所","80","事業所数","陶磁器・同関連製品製造業","50～99人","総数"
"102-2024","214","08","0","00000","2024000000","事業所","21","事業所数","陶磁器・同関連製品製造業","100～199人","総数"
"102-2024","214","09","0","00000","2024000000","事業所","11","事業所数","陶磁器・同関連製品製造業","200～299人","総数"
"102-2024","214","10","0","00000","2024000000","事業所","13","事業所数","陶磁器・同関連製品製造業","300人以上","総数"
"102-2024","215","00","0","00000","2024000000","事業所","238","事業所数","耐火物製造業","総数","総数"
"102-2024","215","01","0","00000","2024000000","事業所","1","事業所数","耐火物製造業","0人","総数"
"102-2024","215","02","0","00000","2024000000","事業所","53","事業所数","耐火物製造業","1～4人","総数"
"102-2024","215","03","0","00000","2024000000","事業所","47","事業所数","耐火物製造業","5～9人","総数"
"102-2024","215","04","0","00000","2024000000","事業所","36","事業所数","耐火物製造業","10～19人","総数"
"102-2024","215","05","0","00000","2024000000","事業所","29","事業所数","耐火物製造業","20～29人","総数"
"102-2024","215","06","0","00000","2024000000","事業所","21","事業所数","耐火物製造業","30～49人","総数"
"102-2024","215","07","0","00000","2024000000","事業所","30","事業所数","耐火物製造業","50～99人","総数"
"102-2024","215","08","0","00000","2024000000","事業所","12","事業所数","耐火物製造業","100～199人","総数"
"102-2024","215","09","0","00000","2024000000","事業所","4","事業所数","耐火物製造業","200～299人","総数"
"102-2024","215","10","0","00000","2024000000","事業所","5","事業所数","耐火物製造業","300人以上","総数"
"102-2024","216","00","0","00000","2024000000","事業所","188","事業所数","炭素・黒鉛製品製造業","総数","総数"
"102-2024","216","01","0","00000","2024000000","事業所","10","事業所数","炭素・黒鉛製品製造業","0人","総数"
"102-2024","216","02","0","00000","2024000000","事業所","47","事業所数","炭素・黒鉛製品製造業","1～4人","総数"
"102-2024","216","03","0","00000","2024000000","事業所","32","事業所数","炭素・黒鉛製品製造業","5～9人","総数"
"102-2024","216","04","0","00000","2024000000","事業所","27","事業所数","炭素・黒鉛製品製造業","10～19人","総数"
"102-2024","216","05","0","00000","2024000000","事業所","17","事業所数","炭素・黒鉛製品製造業","20～29人","総数"
"102-2024","216","06","0","00000","2024000000","事業所","14","事業所数","炭素・黒鉛製品製造業","30～49人","総数"
"102-2024","216","07","0","00000","2024000000","事業所","20","事業所数","炭素・黒鉛製品製造業","50～99人","総数"
"102-2024","216","08","0","00000","2024000000","事業所","15","事業所数","炭素・黒鉛製品製造業","100～199人","総数"
"102-2024","216","09","0","00000","2024000000","事業所","3","事業所数","炭素・黒鉛製品製造業","200～299人","総数"
"102-2024","216","10","0","00000","2024000000","事業所","3","事業所数","炭素・黒鉛製品製造業","300人以上","総数"
"102-2024","217","00","0","00000","2024000000","事業所","306","事業所数","研磨材・同製品製造業","総数","総数"
"102-2024","217","01","0","00000","2024000000","事業所","15","事業所数","研磨材・同製品製造業","0人","総数"
"102-2024","217","02","0","00000","2024000000","事業所","97","事業所数","研磨材・同製品製造業","1～4人","総数"
"102-2024","217","03","0","00000","2024000000","事業所","44","事業所数","研磨材・同製品製造業","5～9人","総数"
"102-2024","217","04","0","00000","2024000000","事業所","52","事業所数","研磨材・同製品製造業","10～19人","総数"
"102-2024","217","05","0","00000","2024000000","事業所","24","事業所数","研磨材・同製品製造業","20～29人","総数"
"102-2024","217","06","0","00000","2024000000","事業所","27","事業所数","研磨材・同製品製造業","30～49人","総数"
"102-2024","217","07","0","00000","2024000000","事業所","24","事業所数","研磨材・同製品製造業","50～99人","総数"
"102-2024","217","08","0","00000","2024000000","事業所","17","事業所数","研磨材・同製品製造業","100～199人","総数"
"102-2024","217","09","0","00000","2024000000","事業所","3","事業所数","研磨材・同製品製造業","200～299人","総数"
"102-2024","217","10","0","00000","2024000000","事業所","3","事業所数","研磨材・同製品製造業","300人以上","総数"
"102-2024","218","00","0","00000","2024000000","事業所","2918","事業所数","骨材・石工品等製造業","総数","総数"
"102-2024","218","01","0","00000","2024000000","事業所","207","事業所数","骨材・石工品等製造業","0人","総数"
"102-2024","218","02","0","00000","2024000000","事業所","1345","事業所数","骨材・石工品等製造業","1～4人","総数"
"102-2024","218","03","0","00000","2024000000","事業所","593","事業所数","骨材・石工品等製造業","5～9人","総数"
"102-2024","218","04","0","00000","2024000000","事業所","502","事業所数","骨材・石工品等製造業","10～19人","総数"
"102-2024","218","05","0","00000","2024000000","事業所","162","事業所数","骨材・石工品等製造業","20～29人","総数"
"102-2024","218","06","0","00000","2024000000","事業所","77","事業所数","骨材・石工品等製造業","30～49人","総数"
"102-2024","218","07","0","00000","2024000000","事業所","26","事業所数","骨材・石工品等製造業","50～99人","総数"
"102-2024","218","08","0","00000","2024000000","事業所","3","事業所数","骨材・石工品等製造業","100～199人","総数"
"102-2024","218","09","0","00000","2024000000","事業所","2","事業所数","骨材・石工品等製造業","200～299人","総数"
"102-2024","218","10","0","00000","2024000000","事業所","1","事業所数","骨材・石工品等製造業","300人以上","総数"
"102-2024","219","00","0","00000","2024000000","事業所","1243","事業所数","その他の窯業・土石製品製造業","総数","総数"
"102-2024","219","01","0","00000","2024000000","事業所","48","事業所数","その他の窯業・土石製品製造業","0人","総数"
"102-2024","219","02","0","00000","2024000000","事業所","415","事業所数","その他の窯業・土石製品製造業","1～4人","総数"
"102-2024","219","03","0","00000","2024000000","事業所","257","事業所数","その他の窯業・土石製品製造業","5～9人","総数"
"102-2024","219","04","0","00000","2024000000","事業所","231","事業所数","その他の窯業・土石製品製造業","10～19人","総数"
"102-2024","219","05","0","00000","2024000000","事業所","113","事業所数","その他の窯業・土石製品製造業","20～29人","総数"
"102-2024","219","06","0","00000","2024000000","事業所","93","事業所数","その他の窯業・土石製品製造業","30～49人","総数"
"102-2024","219","07","0","00000","2024000000","事業所","60","事業所数","その他の窯業・土石製品製造業","50～99人","総数"
"102-2024","219","08","0","00000","2024000000","事業所","18","事業所数","その他の窯業・土石製品製造業","100～199人","総数"
"102-2024","219","09","0","00000","2024000000","事業所","6","事業所数","その他の窯業・土石製品製造業","200～299人","総数"
"102-2024","219","10","0","00000","2024000000","事業所","2","事業所数","その他の窯業・土石製品製造業","300人以上","総数"
"102-2024","22","00","0","00000","2024000000","事業所","6221","事業所数","鉄鋼業","総数","総数"
"102-2024","22","01","0","00000","2024000000","事業所","254","事業所数","鉄鋼業","0人","総数"
"102-2024","22","02","0","00000","2024000000","事業所","1826","事業所数","鉄鋼業","1～4人","総数"
"102-2024","22","03","0","00000","2024000000","事業所","1101","事業所数","鉄鋼業","5～9人","総数"
"102-2024","22","04","0","00000","2024000000","事業所","1085","事業所数","鉄鋼業","10～19人","総数"
"102-2024","22","05","0","00000","2024000000","事業所","602","事業所数","鉄鋼業","20～29人","総数"
"102-2024","22","06","0","00000","2024000000","事業所","518","事業所数","鉄鋼業","30～49人","総数"
"102-2024","22","07","0","00000","2024000000","事業所","453","事業所数","鉄鋼業","50～99人","総数"
"102-2024","22","08","0","00000","2024000000","事業所","220","事業所数","鉄鋼業","100～199人","総数"
"102-2024","22","09","0","00000","2024000000","事業所","76","事業所数","鉄鋼業","200～299人","総数"
"102-2024","22","10","0","00000","2024000000","事業所","86","事業所数","鉄鋼業","300人以上","総数"
"102-2024","220","00","0","00000","2024000000","事業所","194","事業所数","管理、補助的経済活動を行う事業所（22_鉄鋼業）","総数","総数"
"102-2024","220","01","0","00000","2024000000","事業所","23","事業所数","管理、補助的経済活動を行う事業所（22_鉄鋼業）","0人","総数"
"102-2024","220","02","0","00000","2024000000","事業所","88","事業所数","管理、補助的経済活動を行う事業所（22_鉄鋼業）","1～4人","総数"
"102-2024","220","03","0","00000","2024000000","事業所","30","事業所数","管理、補助的経済活動を行う事業所（22_鉄鋼業）","5～9人","総数"
"102-2024","220","04","0","00000","2024000000","事業所","17","事業所数","管理、補助的経済活動を行う事業所（22_鉄鋼業）","10～19人","総数"
"102-2024","220","05","0","00000","2024000000","事業所","13","事業所数","管理、補助的経済活動を行う事業所（22_鉄鋼業）","20～29人","総数"
"102-2024","220","06","0","00000","2024000000","事業所","8","事業所数","管理、補助的経済活動を行う事業所（22_鉄鋼業）","30～49人","総数"
"102-2024","220","07","0","00000","2024000000","事業所","7","事業所数","管理、補助的経済活動を行う事業所（22_鉄鋼業）","50～99人","総数"
"102-2024","220","08","0","00000","2024000000","事業所","4","事業所数","管理、補助的経済活動を行う事業所（22_鉄鋼業）","100～199人","総数"
"102-2024","220","09","0","00000","2024000000","事業所","***","事業所数","管理、補助的経済活動を行う事業所（22_鉄鋼業）","200～299人","総数"
"102-2024","220","10","0","00000","2024000000","事業所","4","事業所数","管理、補助的経済活動を行う事業所（22_鉄鋼業）","300人以上","総数"
"102-2024","221","00","0","00000","2024000000","事業所","33","事業所数","製鉄業","総数","総数"
"102-2024","221","01","0","00000","2024000000","事業所","1","事業所数","製鉄業","0人","総数"
"102-2024","221","02","0","00000","2024000000","事業所","4","事業所数","製鉄業","1～4人","総数"
"102-2024","221","03","0","00000","2024000000","事業所","1","事業所数","製鉄業","5～9人","総数"
"102-2024","221","04","0","00000","2024000000","事業所","2","事業所数","製鉄業","10～19人","総数"
"102-2024","221","05","0","00000","2024000000","事業所","1","事業所数","製鉄業","20～29人","総数"
"102-2024","221","06","0","00000","2024000000","事業所","***","事業所数","製鉄業","30～49人","総数"
"102-2024","221","07","0","00000","2024000000","事業所","4","事業所数","製鉄業","50～99人","総数"
"102-2024","221","08","0","00000","2024000000","事業所","2","事業所数","製鉄業","100～199人","総数"
"102-2024","221","09","0","00000","2024000000","事業所","5","事業所数","製鉄業","200～299人","総数"
"102-2024","221","10","0","00000","2024000000","事業所","13","事業所数","製鉄業","300人以上","総数"
"102-2024","222","00","0","00000","2024000000","事業所","102","事業所数","製鋼・製鋼圧延業","総数","総数"
"102-2024","222","01","0","00000","2024000000","事業所","4","事業所数","製鋼・製鋼圧延業","0人","総数"
"102-2024","222","02","0","00000","2024000000","事業所","11","事業所数","製鋼・製鋼圧延業","1～4人","総数"
"102-2024","222","03","0","00000","2024000000","事業所","5","事業所数","製鋼・製鋼圧延業","5～9人","総数"
"102-2024","222","04","0","00000","2024000000","事業所","4","事業所数","製鋼・製鋼圧延業","10～19人","総数"
"102-2024","222","05","0","00000","2024000000","事業所","5","事業所数","製鋼・製鋼圧延業","20～29人","総数"
"102-2024","222","06","0","00000","2024000000","事業所","2","事業所数","製鋼・製鋼圧延業","30～49人","総数"
"102-2024","222","07","0","00000","2024000000","事業所","5","事業所数","製鋼・製鋼圧延業","50～99人","総数"
"102-2024","222","08","0","00000","2024000000","事業所","24","事業所数","製鋼・製鋼圧延業","100～199人","総数"
"102-2024","222","09","0","00000","2024000000","事業所","22","事業所数","製鋼・製鋼圧延業","200～299人","総数"
"102-2024","222","10","0","00000","2024000000","事業所","20","事業所数","製鋼・製鋼圧延業","300人以上","総数"
"102-2024","223","00","0","00000","2024000000","事業所","622","事業所数","製鋼を行わない鋼材製造業（表面処理鋼材を除く）","総数","総数"
"102-2024","223","01","0","00000","2024000000","事業所","7","事業所数","製鋼を行わない鋼材製造業（表面処理鋼材を除く）","0人","総数"
"102-2024","223","02","0","00000","2024000000","事業所","117","事業所数","製鋼を行わない鋼材製造業（表面処理鋼材を除く）","1～4人","総数"
"102-2024","223","03","0","00000","2024000000","事業所","75","事業所数","製鋼を行わない鋼材製造業（表面処理鋼材を除く）","5～9人","総数"
"102-2024","223","04","0","00000","2024000000","事業所","85","事業所数","製鋼を行わない鋼材製造業（表面処理鋼材を除く）","10～19人","総数"
"102-2024","223","05","0","00000","2024000000","事業所","67","事業所数","製鋼を行わない鋼材製造業（表面処理鋼材を除く）","20～29人","総数"
"102-2024","223","06","0","00000","2024000000","事業所","74","事業所数","製鋼を行わない鋼材製造業（表面処理鋼材を除く）","30～49人","総数"
"102-2024","223","07","0","00000","2024000000","事業所","101","事業所数","製鋼を行わない鋼材製造業（表面処理鋼材を除く）","50～99人","総数"
"102-2024","223","08","0","00000","2024000000","事業所","60","事業所数","製鋼を行わない鋼材製造業（表面処理鋼材を除く）","100～199人","総数"
"102-2024","223","09","0","00000","2024000000","事業所","16","事業所数","製鋼を行わない鋼材製造業（表面処理鋼材を除く）","200～299人","総数"
"102-2024","223","10","0","00000","2024000000","事業所","20","事業所数","製鋼を行わない鋼材製造業（表面処理鋼材を除く）","300人以上","総数"
"102-2024","224","00","0","00000","2024000000","事業所","190","事業所数","表面処理鋼材製造業","総数","総数"
"102-2024","224","01","0","00000","2024000000","事業所","9","事業所数","表面処理鋼材製造業","0人","総数"
"102-2024","224","02","0","00000","2024000000","事業所","76","事業所数","表面処理鋼材製造業","1～4人","総数"
"102-2024","224","03","0","00000","2024000000","事業所","41","事業所数","表面処理鋼材製造業","5～9人","総数"
"102-2024","224","04","0","00000","2024000000","事業所","15","事業所数","表面処理鋼材製造業","10～19人","総数"
"102-2024","224","05","0","00000","2024000000","事業所","12","事業所数","表面処理鋼材製造業","20～29人","総数"
"102-2024","224","06","0","00000","2024000000","事業所","17","事業所数","表面処理鋼材製造業","30～49人","総数"
"102-2024","224","07","0","00000","2024000000","事業所","12","事業所数","表面処理鋼材製造業","50～99人","総数"
"102-2024","224","08","0","00000","2024000000","事業所","5","事業所数","表面処理鋼材製造業","100～199人","総数"
"102-2024","224","09","0","00000","2024000000","事業所","2","事業所数","表面処理鋼材製造業","200～299人","総数"
"102-2024","224","10","0","00000","2024000000","事業所","1","事業所数","表面処理鋼材製造業","300人以上","総数"
"102-2024","225","00","0","00000","2024000000","事業所","1546","事業所数","鉄素形材製造業","総数","総数"
"102-2024","225","01","0","00000","2024000000","事業所","60","事業所数","鉄素形材製造業","0人","総数"
"102-2024","225","02","0","00000","2024000000","事業所","470","事業所数","鉄素形材製造業","1～4人","総数"
"102-2024","225","03","0","00000","2024000000","事業所","246","事業所数","鉄素形材製造業","5～9人","総数"
"102-2024","225","04","0","00000","2024000000","事業所","233","事業所数","鉄素形材製造業","10～19人","総数"
"102-2024","225","05","0","00000","2024000000","事業所","150","事業所数","鉄素形材製造業","20～29人","総数"
"102-2024","225","06","0","00000","2024000000","事業所","144","事業所数","鉄素形材製造業","30～49人","総数"
"102-2024","225","07","0","00000","2024000000","事業所","139","事業所数","鉄素形材製造業","50～99人","総数"
"102-2024","225","08","0","00000","2024000000","事業所","66","事業所数","鉄素形材製造業","100～199人","総数"
"102-2024","225","09","0","00000","2024000000","事業所","20","事業所数","鉄素形材製造業","200～299人","総数"
"102-2024","225","10","0","00000","2024000000","事業所","18","事業所数","鉄素形材製造業","300人以上","総数"
"102-2024","229","00","0","00000","2024000000","事業所","3534","事業所数","その他の鉄鋼業","総数","総数"
"102-2024","229","01","0","00000","2024000000","事業所","150","事業所数","その他の鉄鋼業","0人","総数"
"102-2024","229","02","0","00000","2024000000","事業所","1060","事業所数","その他の鉄鋼業","1～4人","総数"
"102-2024","229","03","0","00000","2024000000","事業所","703","事業所数","その他の鉄鋼業","5～9人","総数"
"102-2024","229","04","0","00000","2024000000","事業所","729","事業所数","その他の鉄鋼業","10～19人","総数"
"102-2024","229","05","0","00000","2024000000","事業所","354","事業所数","その他の鉄鋼業","20～29人","総数"
"102-2024","229","06","0","00000","2024000000","事業所","273","事業所数","その他の鉄鋼業","30～49人","総数"
"102-2024","229","07","0","00000","2024000000","事業所","185","事業所数","その他の鉄鋼業","50～99人","総数"
"102-2024","229","08","0","00000","2024000000","事業所","59","事業所数","その他の鉄鋼業","100～199人","総数"
"102-2024","229","09","0","00000","2024000000","事業所","11","事業所数","その他の鉄鋼業","200～299人","総数"
"102-2024","229","10","0","00000","2024000000","事業所","10","事業所数","その他の鉄鋼業","300人以上","総数"
"102-2024","23","00","0","00000","2024000000","事業所","4025","事業所数","非鉄金属製造業","総数","総数"
"102-2024","23","01","0","00000","2024000000","事業所","194","事業所数","非鉄金属製造業","0人","総数"
"102-2024","23","02","0","00000","2024000000","事業所","1195","事業所数","非鉄金属製造業","1～4人","総数"
"102-2024","23","03","0","00000","2024000000","事業所","695","事業所数","非鉄金属製造業","5～9人","総数"
"102-2024","23","04","0","00000","2024000000","事業所","645","事業所数","非鉄金属製造業","10～19人","総数"
"102-2024","23","05","0","00000","2024000000","事業所","344","事業所数","非鉄金属製造業","20～29人","総数"
"102-2024","23","06","0","00000","2024000000","事業所","325","事業所数","非鉄金属製造業","30～49人","総数"
"102-2024","23","07","0","00000","2024000000","事業所","292","事業所数","非鉄金属製造業","50～99人","総数"
"102-2024","23","08","0","00000","2024000000","事業所","193","事業所数","非鉄金属製造業","100～199人","総数"
"102-2024","23","09","0","00000","2024000000","事業所","54","事業所数","非鉄金属製造業","200～299人","総数"
"102-2024","23","10","0","00000","2024000000","事業所","88","事業所数","非鉄金属製造業","300人以上","総数"
"102-2024","230","00","0","00000","2024000000","事業所","132","事業所数","管理、補助的経済活動を行う事業所（23_非鉄金属製造業）","総数","総数"
"102-2024","230","01","0","00000","2024000000","事業所","15","事業所数","管理、補助的経済活動を行う事業所（23_非鉄金属製造業）","0人","総数"
"102-2024","230","02","0","00000","2024000000","事業所","53","事業所数","管理、補助的経済活動を行う事業所（23_非鉄金属製造業）","1～4人","総数"
"102-2024","230","03","0","00000","2024000000","事業所","22","事業所数","管理、補助的経済活動を行う事業所（23_非鉄金属製造業）","5～9人","総数"
"102-2024","230","04","0","00000","2024000000","事業所","13","事業所数","管理、補助的経済活動を行う事業所（23_非鉄金属製造業）","10～19人","総数"
"102-2024","230","05","0","00000","2024000000","事業所","12","事業所数","管理、補助的経済活動を行う事業所（23_非鉄金属製造業）","20～29人","総数"
"102-2024","230","06","0","00000","2024000000","事業所","6","事業所数","管理、補助的経済活動を行う事業所（23_非鉄金属製造業）","30～49人","総数"
"102-2024","230","07","0","00000","2024000000","事業所","4","事業所数","管理、補助的経済活動を行う事業所（23_非鉄金属製造業）","50～99人","総数"
"102-2024","230","08","0","00000","2024000000","事業所","1","事業所数","管理、補助的経済活動を行う事業所（23_非鉄金属製造業）","100～199人","総数"
"102-2024","230","09","0","00000","2024000000","事業所","1","事業所数","管理、補助的経済活動を行う事業所（23_非鉄金属製造業）","200～299人","総数"
"102-2024","230","10","0","00000","2024000000","事業所","5","事業所数","管理、補助的経済活動を行う事業所（23_非鉄金属製造業）","300人以上","総数"
"102-2024","231","00","0","00000","2024000000","事業所","99","事業所数","非鉄金属第１次製錬・精製業","総数","総数"
"102-2024","231","01","0","00000","2024000000","事業所","2","事業所数","非鉄金属第１次製錬・精製業","0人","総数"
"102-2024","231","02","0","00000","2024000000","事業所","21","事業所数","非鉄金属第１次製錬・精製業","1～4人","総数"
"102-2024","231","03","0","00000","2024000000","事業所","5","事業所数","非鉄金属第１次製錬・精製業","5～9人","総数"
"102-2024","231","04","0","00000","2024000000","事業所","9","事業所数","非鉄金属第１次製錬・精製業","10～19人","総数"
"102-2024","231","05","0","00000","2024000000","事業所","8","事業所数","非鉄金属第１次製錬・精製業","20～29人","総数"
"102-2024","231","06","0","00000","2024000000","事業所","14","事業所数","非鉄金属第１次製錬・精製業","30～49人","総数"
"102-2024","231","07","0","00000","2024000000","事業所","11","事業所数","非鉄金属第１次製錬・精製業","50～99人","総数"
"102-2024","231","08","0","00000","2024000000","事業所","9","事業所数","非鉄金属第１次製錬・精製業","100～199人","総数"
"102-2024","231","09","0","00000","2024000000","事業所","10","事業所数","非鉄金属第１次製錬・精製業","200～299人","総数"
"102-2024","231","10","0","00000","2024000000","事業所","10","事業所数","非鉄金属第１次製錬・精製業","300人以上","総数"
"102-2024","232","00","0","00000","2024000000","事業所","575","事業所数","非鉄金属第２次製錬・精製業（非鉄金属合金製造業を含む）","総数","総数"
"102-2024","232","01","0","00000","2024000000","事業所","26","事業所数","非鉄金属第２次製錬・精製業（非鉄金属合金製造業を含む）","0人","総数"
"102-2024","232","02","0","00000","2024000000","事業所","164","事業所数","非鉄金属第２次製錬・精製業（非鉄金属合金製造業を含む）","1～4人","総数"
"102-2024","232","03","0","00000","2024000000","事業所","103","事業所数","非鉄金属第２次製錬・精製業（非鉄金属合金製造業を含む）","5～9人","総数"
"102-2024","232","04","0","00000","2024000000","事業所","108","事業所数","非鉄金属第２次製錬・精製業（非鉄金属合金製造業を含む）","10～19人","総数"
"102-2024","232","05","0","00000","2024000000","事業所","52","事業所数","非鉄金属第２次製錬・精製業（非鉄金属合金製造業を含む）","20～29人","総数"
"102-2024","232","06","0","00000","2024000000","事業所","57","事業所数","非鉄金属第２次製錬・精製業（非鉄金属合金製造業を含む）","30～49人","総数"
"102-2024","232","07","0","00000","2024000000","事業所","37","事業所数","非鉄金属第２次製錬・精製業（非鉄金属合金製造業を含む）","50～99人","総数"
"102-2024","232","08","0","00000","2024000000","事業所","18","事業所数","非鉄金属第２次製錬・精製業（非鉄金属合金製造業を含む）","100～199人","総数"
"102-2024","232","09","0","00000","2024000000","事業所","2","事業所数","非鉄金属第２次製錬・精製業（非鉄金属合金製造業を含む）","200～299人","総数"
"102-2024","232","10","0","00000","2024000000","事業所","8","事業所数","非鉄金属第２次製錬・精製業（非鉄金属合金製造業を含む）","300人以上","総数"
"102-2024","233","00","0","00000","2024000000","事業所","576","事業所数","非鉄金属・同合金圧延業（抽伸、押出しを含む）","総数","総数"
"102-2024","233","01","0","00000","2024000000","事業所","29","事業所数","非鉄金属・同合金圧延業（抽伸、押出しを含む）","0人","総数"
"102-2024","233","02","0","00000","2024000000","事業所","177","事業所数","非鉄金属・同合金圧延業（抽伸、押出しを含む）","1～4人","総数"
"102-2024","233","03","0","00000","2024000000","事業所","79","事業所数","非鉄金属・同合金圧延業（抽伸、押出しを含む）","5～9人","総数"
"102-2024","233","04","0","00000","2024000000","事業所","75","事業所数","非鉄金属・同合金圧延業（抽伸、押出しを含む）","10～19人","総数"
"102-2024","233","05","0","00000","2024000000","事業所","47","事業所数","非鉄金属・同合金圧延業（抽伸、押出しを含む）","20～29人","総数"
"102-2024","233","06","0","00000","2024000000","事業所","50","事業所数","非鉄金属・同合金圧延業（抽伸、押出しを含む）","30～49人","総数"
"102-2024","233","07","0","00000","2024000000","事業所","41","事業所数","非鉄金属・同合金圧延業（抽伸、押出しを含む）","50～99人","総数"
"102-2024","233","08","0","00000","2024000000","事業所","40","事業所数","非鉄金属・同合金圧延業（抽伸、押出しを含む）","100～199人","総数"
"102-2024","233","09","0","00000","2024000000","事業所","12","事業所数","非鉄金属・同合金圧延業（抽伸、押出しを含む）","200～299人","総数"
"102-2024","233","10","0","00000","2024000000","事業所","26","事業所数","非鉄金属・同合金圧延業（抽伸、押出しを含む）","300人以上","総数"
"102-2024","234","00","0","00000","2024000000","事業所","649","事業所数","電線・ケーブル製造業","総数","総数"
"102-2024","234","01","0","00000","2024000000","事業所","29","事業所数","電線・ケーブル製造業","0人","総数"
"102-2024","234","02","0","00000","2024000000","事業所","157","事業所数","電線・ケーブル製造業","1～4人","総数"
"102-2024","234","03","0","00000","2024000000","事業所","111","事業所数","電線・ケーブル製造業","5～9人","総数"
"102-2024","234","04","0","00000","2024000000","事業所","109","事業所数","電線・ケーブル製造業","10～19人","総数"
"102-2024","234","05","0","00000","2024000000","事業所","58","事業所数","電線・ケーブル製造業","20～29人","総数"
"102-2024","234","06","0","00000","2024000000","事業所","48","事業所数","電線・ケーブル製造業","30～49人","総数"
"102-2024","234","07","0","00000","2024000000","事業所","80","事業所数","電線・ケーブル製造業","50～99人","総数"
"102-2024","234","08","0","00000","2024000000","事業所","33","事業所数","電線・ケーブル製造業","100～199人","総数"
"102-2024","234","09","0","00000","2024000000","事業所","10","事業所数","電線・ケーブル製造業","200～299人","総数"
"102-2024","234","10","0","00000","2024000000","事業所","14","事業所数","電線・ケーブル製造業","300人以上","総数"
"102-2024","235","00","0","00000","2024000000","事業所","1502","事業所数","非鉄金属素形材製造業","総数","総数"
"102-2024","235","01","0","00000","2024000000","事業所","67","事業所数","非鉄金属素形材製造業","0人","総数"
"102-2024","235","02","0","00000","2024000000","事業所","469","事業所数","非鉄金属素形材製造業","1～4人","総数"
"102-2024","235","03","0","00000","2024000000","事業所","288","事業所数","非鉄金属素形材製造業","5～9人","総数"
"102-2024","235","04","0","00000","2024000000","事業所","251","事業所数","非鉄金属素形材製造業","10～19人","総数"
"102-2024","235","05","0","00000","2024000000","事業所","128","事業所数","非鉄金属素形材製造業","20～29人","総数"
"102-2024","235","06","0","00000","2024000000","事業所","113","事業所数","非鉄金属素形材製造業","30～49人","総数"
"102-2024","235","07","0","00000","2024000000","事業所","95","事業所数","非鉄金属素形材製造業","50～99人","総数"
"102-2024","235","08","0","00000","2024000000","事業所","66","事業所数","非鉄金属素形材製造業","100～199人","総数"
"102-2024","235","09","0","00000","2024000000","事業所","10","事業所数","非鉄金属素形材製造業","200～299人","総数"
"102-2024","235","10","0","00000","2024000000","事業所","15","事業所数","非鉄金属素形材製造業","300人以上","総数"
"102-2024","239","00","0","00000","2024000000","事業所","492","事業所数","その他の非鉄金属製造業","総数","総数"
"102-2024","239","01","0","00000","2024000000","事業所","26","事業所数","その他の非鉄金属製造業","0人","総数"
"102-2024","239","02","0","00000","2024000000","事業所","154","事業所数","その他の非鉄金属製造業","1～4人","総数"
"102-2024","239","03","0","00000","2024000000","事業所","87","事業所数","その他の非鉄金属製造業","5～9人","総数"
"102-2024","239","04","0","00000","2024000000","事業所","80","事業所数","その他の非鉄金属製造業","10～19人","総数"
"102-2024","239","05","0","00000","2024000000","事業所","39","事業所数","その他の非鉄金属製造業","20～29人","総数"
"102-2024","239","06","0","00000","2024000000","事業所","37","事業所数","その他の非鉄金属製造業","30～49人","総数"
"102-2024","239","07","0","00000","2024000000","事業所","24","事業所数","その他の非鉄金属製造業","50～99人","総数"
"102-2024","239","08","0","00000","2024000000","事業所","26","事業所数","その他の非鉄金属製造業","100～199人","総数"
"102-2024","239","09","0","00000","2024000000","事業所","9","事業所数","その他の非鉄金属製造業","200～299人","総数"
"102-2024","239","10","0","00000","2024000000","事業所","10","事業所数","その他の非鉄金属製造業","300人以上","総数"
"102-2024","24","00","0","00000","2024000000","事業所","41867","事業所数","金属製品製造業","総数","総数"
"102-2024","24","01","0","00000","2024000000","事業所","2220","事業所数","金属製品製造業","0人","総数"
"102-2024","24","02","0","00000","2024000000","事業所","17110","事業所数","金属製品製造業","1～4人","総数"
"102-2024","24","03","0","00000","2024000000","事業所","8168","事業所数","金属製品製造業","5～9人","総数"
"102-2024","24","04","0","00000","2024000000","事業所","6534","事業所数","金属製品製造業","10～19人","総数"
"102-2024","24","05","0","00000","2024000000","事業所","3076","事業所数","金属製品製造業","20～29人","総数"
"102-2024","24","06","0","00000","2024000000","事業所","2363","事業所数","金属製品製造業","30～49人","総数"
"102-2024","24","07","0","00000","2024000000","事業所","1582","事業所数","金属製品製造業","50～99人","総数"
"102-2024","24","08","0","00000","2024000000","事業所","599","事業所数","金属製品製造業","100～199人","総数"
"102-2024","24","09","0","00000","2024000000","事業所","121","事業所数","金属製品製造業","200～299人","総数"
"102-2024","24","10","0","00000","2024000000","事業所","94","事業所数","金属製品製造業","300人以上","総数"
"102-2024","240","00","0","00000","2024000000","事業所","823","事業所数","管理、補助的経済活動を行う事業所（24_金属製品製造業）","総数","総数"
"102-2024","240","01","0","00000","2024000000","事業所","131","事業所数","管理、補助的経済活動を行う事業所（24_金属製品製造業）","0人","総数"
"102-2024","240","02","0","00000","2024000000","事業所","447","事業所数","管理、補助的経済活動を行う事業所（24_金属製品製造業）","1～4人","総数"
"102-2024","240","03","0","00000","2024000000","事業所","103","事業所数","管理、補助的経済活動を行う事業所（24_金属製品製造業）","5～9人","総数"
"102-2024","240","04","0","00000","2024000000","事業所","64","事業所数","管理、補助的経済活動を行う事業所（24_金属製品製造業）","10～19人","総数"
"102-2024","240","05","0","00000","2024000000","事業所","16","事業所数","管理、補助的経済活動を行う事業所（24_金属製品製造業）","20～29人","総数"
"102-2024","240","06","0","00000","2024000000","事業所","28","事業所数","管理、補助的経済活動を行う事業所（24_金属製品製造業）","30～49人","総数"
"102-2024","240","07","0","00000","2024000000","事業所","16","事業所数","管理、補助的経済活動を行う事業所（24_金属製品製造業）","50～99人","総数"
"102-2024","240","08","0","00000","2024000000","事業所","8","事業所数","管理、補助的経済活動を行う事業所（24_金属製品製造業）","100～199人","総数"
"102-2024","240","09","0","00000","2024000000","事業所","5","事業所数","管理、補助的経済活動を行う事業所（24_金属製品製造業）","200～299人","総数"
"102-2024","240","10","0","00000","2024000000","事業所","5","事業所数","管理、補助的経済活動を行う事業所（24_金属製品製造業）","300人以上","総数"
"102-2024","241","00","0","00000","2024000000","事業所","274","事業所数","ブリキ缶・その他のめっき板等製品製造業","総数","総数"
"102-2024","241","01","0","00000","2024000000","事業所","10","事業所数","ブリキ缶・その他のめっき板等製品製造業","0人","総数"
"102-2024","241","02","0","00000","2024000000","事業所","64","事業所数","ブリキ缶・その他のめっき板等製品製造業","1～4人","総数"
"102-2024","241","03","0","00000","2024000000","事業所","53","事業所数","ブリキ缶・その他のめっき板等製品製造業","5～9人","総数"
"102-2024","241","04","0","00000","2024000000","事業所","47","事業所数","ブリキ缶・その他のめっき板等製品製造業","10～19人","総数"
"102-2024","241","05","0","00000","2024000000","事業所","42","事業所数","ブリキ缶・その他のめっき板等製品製造業","20～29人","総数"
"102-2024","241","06","0","00000","2024000000","事業所","21","事業所数","ブリキ缶・その他のめっき板等製品製造業","30～49人","総数"
"102-2024","241","07","0","00000","2024000000","事業所","23","事業所数","ブリキ缶・その他のめっき板等製品製造業","50～99人","総数"
"102-2024","241","08","0","00000","2024000000","事業所","11","事業所数","ブリキ缶・その他のめっき板等製品製造業","100～199人","総数"
"102-2024","241","09","0","00000","2024000000","事業所","3","事業所数","ブリキ缶・その他のめっき板等製品製造業","200～299人","総数"
"102-2024","241","10","0","00000","2024000000","事業所","***","事業所数","ブリキ缶・その他のめっき板等製品製造業","300人以上","総数"
"102-2024","242","00","0","00000","2024000000","事業所","3631","事業所数","洋食器・刃物・手道具・金物類製造業","総数","総数"
"102-2024","242","01","0","00000","2024000000","事業所","218","事業所数","洋食器・刃物・手道具・金物類製造業","0人","総数"
"102-2024","242","02","0","00000","2024000000","事業所","1820","事業所数","洋食器・刃物・手道具・金物類製造業","1～4人","総数"
"102-2024","242","03","0","00000","2024000000","事業所","656","事業所数","洋食器・刃物・手道具・金物類製造業","5～9人","総数"
"102-2024","242","04","0","00000","2024000000","事業所","438","事業所数","洋食器・刃物・手道具・金物類製造業","10～19人","総数"
"102-2024","242","05","0","00000","2024000000","事業所","193","事業所数","洋食器・刃物・手道具・金物類製造業","20～29人","総数"
"102-2024","242","06","0","00000","2024000000","事業所","142","事業所数","洋食器・刃物・手道具・金物類製造業","30～49人","総数"
"102-2024","242","07","0","00000","2024000000","事業所","106","事業所数","洋食器・刃物・手道具・金物類製造業","50～99人","総数"
"102-2024","242","08","0","00000","2024000000","事業所","48","事業所数","洋食器・刃物・手道具・金物類製造業","100～199人","総数"
"102-2024","242","09","0","00000","2024000000","事業所","5","事業所数","洋食器・刃物・手道具・金物類製造業","200～299人","総数"
"102-2024","242","10","0","00000","2024000000","事業所","5","事業所数","洋食器・刃物・手道具・金物類製造業","300人以上","総数"
"102-2024","243","00","0","00000","2024000000","事業所","1531","事業所数","暖房・調理等装置、配管工事用附属品製造業","総数","総数"
"102-2024","243","01","0","00000","2024000000","事業所","92","事業所数","暖房・調理等装置、配管工事用附属品製造業","0人","総数"
"102-2024","243","02","0","00000","2024000000","事業所","555","事業所数","暖房・調理等装置、配管工事用附属品製造業","1～4人","総数"
"102-2024","243","03","0","00000","2024000000","事業所","294","事業所数","暖房・調理等装置、配管工事用附属品製造業","5～9人","総数"
"102-2024","243","04","0","00000","2024000000","事業所","231","事業所数","暖房・調理等装置、配管工事用附属品製造業","10～19人","総数"
"102-2024","243","05","0","00000","2024000000","事業所","113","事業所数","暖房・調理等装置、配管工事用附属品製造業","20～29人","総数"
"102-2024","243","06","0","00000","2024000000","事業所","101","事業所数","暖房・調理等装置、配管工事用附属品製造業","30～49人","総数"
"102-2024","243","07","0","00000","2024000000","事業所","72","事業所数","暖房・調理等装置、配管工事用附属品製造業","50～99人","総数"
"102-2024","243","08","0","00000","2024000000","事業所","47","事業所数","暖房・調理等装置、配管工事用附属品製造業","100～199人","総数"
"102-2024","243","09","0","00000","2024000000","事業所","10","事業所数","暖房・調理等装置、配管工事用附属品製造業","200～299人","総数"
"102-2024","243","10","0","00000","2024000000","事業所","16","事業所数","暖房・調理等装置、配管工事用附属品製造業","300人以上","総数"
"102-2024","244","00","0","00000","2024000000","事業所","17792","事業所数","建設用・建築用金属製品製造業（製缶板金業を含む）","総数","総数"
"102-2024","244","01","0","00000","2024000000","事業所","913","事業所数","建設用・建築用金属製品製造業（製缶板金業を含む）","0人","総数"
"102-2024","244","02","0","00000","2024000000","事業所","7361","事業所数","建設用・建築用金属製品製造業（製缶板金業を含む）","1～4人","総数"
"102-2024","244","03","0","00000","2024000000","事業所","3707","事業所数","建設用・建築用金属製品製造業（製缶板金業を含む）","5～9人","総数"
"102-2024","244","04","0","00000","2024000000","事業所","2901","事業所数","建設用・建築用金属製品製造業（製缶板金業を含む）","10～19人","総数"
"102-2024","244","05","0","00000","2024000000","事業所","1250","事業所数","建設用・建築用金属製品製造業（製缶板金業を含む）","20～29人","総数"
"102-2024","244","06","0","00000","2024000000","事業所","874","事業所数","建設用・建築用金属製品製造業（製缶板金業を含む）","30～49人","総数"
"102-2024","244","07","0","00000","2024000000","事業所","551","事業所数","建設用・建築用金属製品製造業（製缶板金業を含む）","50～99人","総数"
"102-2024","244","08","0","00000","2024000000","事業所","173","事業所数","建設用・建築用金属製品製造業（製缶板金業を含む）","100～199人","総数"
"102-2024","244","09","0","00000","2024000000","事業所","35","事業所数","建設用・建築用金属製品製造業（製缶板金業を含む）","200～299人","総数"
"102-2024","244","10","0","00000","2024000000","事業所","27","事業所数","建設用・建築用金属製品製造業（製缶板金業を含む）","300人以上","総数"
"102-2024","245","00","0","00000","2024000000","事業所","4931","事業所数","金属素形材製品製造業","総数","総数"
"102-2024","245","01","0","00000","2024000000","事業所","236","事業所数","金属素形材製品製造業","0人","総数"
"102-2024","245","02","0","00000","2024000000","事業所","1865","事業所数","金属素形材製品製造業","1～4人","総数"
"102-2024","245","03","0","00000","2024000000","事業所","880","事業所数","金属素形材製品製造業","5～9人","総数"
"102-2024","245","04","0","00000","2024000000","事業所","774","事業所数","金属素形材製品製造業","10～19人","総数"
"102-2024","245","05","0","00000","2024000000","事業所","391","事業所数","金属素形材製品製造業","20～29人","総数"
"102-2024","245","06","0","00000","2024000000","事業所","372","事業所数","金属素形材製品製造業","30～49人","総数"
"102-2024","245","07","0","00000","2024000000","事業所","262","事業所数","金属素形材製品製造業","50～99人","総数"
"102-2024","245","08","0","00000","2024000000","事業所","113","事業所数","金属素形材製品製造業","100～199人","総数"
"102-2024","245","09","0","00000","2024000000","事業所","25","事業所数","金属素形材製品製造業","200～299人","総数"
"102-2024","245","10","0","00000","2024000000","事業所","13","事業所数","金属素形材製品製造業","300人以上","総数"
"102-2024","246","00","0","00000","2024000000","事業所","6884","事業所数","金属被覆・彫刻業、熱処理業（ほうろう鉄器を除く）","総数","総数"
"102-2024","246","01","0","00000","2024000000","事業所","248","事業所数","金属被覆・彫刻業、熱処理業（ほうろう鉄器を除く）","0人","総数"
"102-2024","246","02","0","00000","2024000000","事業所","2484","事業所数","金属被覆・彫刻業、熱処理業（ほうろう鉄器を除く）","1～4人","総数"
"102-2024","246","03","0","00000","2024000000","事業所","1434","事業所数","金属被覆・彫刻業、熱処理業（ほうろう鉄器を除く）","5～9人","総数"
"102-2024","246","04","0","00000","2024000000","事業所","1212","事業所数","金属被覆・彫刻業、熱処理業（ほうろう鉄器を除く）","10～19人","総数"
"102-2024","246","05","0","00000","2024000000","事業所","621","事業所数","金属被覆・彫刻業、熱処理業（ほうろう鉄器を除く）","20～29人","総数"
"102-2024","246","06","0","00000","2024000000","事業所","473","事業所数","金属被覆・彫刻業、熱処理業（ほうろう鉄器を除く）","30～49人","総数"
"102-2024","246","07","0","00000","2024000000","事業所","292","事業所数","金属被覆・彫刻業、熱処理業（ほうろう鉄器を除く）","50～99人","総数"
"102-2024","246","08","0","00000","2024000000","事業所","102","事業所数","金属被覆・彫刻業、熱処理業（ほうろう鉄器を除く）","100～199人","総数"
"102-2024","246","09","0","00000","2024000000","事業所","14","事業所数","金属被覆・彫刻業、熱処理業（ほうろう鉄器を除く）","200～299人","総数"
"102-2024","246","10","0","00000","2024000000","事業所","4","事業所数","金属被覆・彫刻業、熱処理業（ほうろう鉄器を除く）","300人以上","総数"
"102-2024","247","00","0","00000","2024000000","事業所","1006","事業所数","金属線製品製造業（ねじ類を除く）","総数","総数"
"102-2024","247","01","0","00000","2024000000","事業所","37","事業所数","金属線製品製造業（ねじ類を除く）","0人","総数"
"102-2024","247","02","0","00000","2024000000","事業所","386","事業所数","金属線製品製造業（ねじ類を除く）","1～4人","総数"
"102-2024","247","03","0","00000","2024000000","事業所","241","事業所数","金属線製品製造業（ねじ類を除く）","5～9人","総数"
"102-2024","247","04","0","00000","2024000000","事業所","172","事業所数","金属線製品製造業（ねじ類を除く）","10～19人","総数"
"102-2024","247","05","0","00000","2024000000","事業所","94","事業所数","金属線製品製造業（ねじ類を除く）","20～29人","総数"
"102-2024","247","06","0","00000","2024000000","事業所","43","事業所数","金属線製品製造業（ねじ類を除く）","30～49人","総数"
"102-2024","247","07","0","00000","2024000000","事業所","21","事業所数","金属線製品製造業（ねじ類を除く）","50～99人","総数"
"102-2024","247","08","0","00000","2024000000","事業所","7","事業所数","金属線製品製造業（ねじ類を除く）","100～199人","総数"
"102-2024","247","09","0","00000","2024000000","事業所","5","事業所数","金属線製品製造業（ねじ類を除く）","200～299人","総数"
"102-2024","247","10","0","00000","2024000000","事業所","***","事業所数","金属線製品製造業（ねじ類を除く）","300人以上","総数"
"102-2024","248","00","0","00000","2024000000","事業所","2127","事業所数","ボルト・ナット・リベット・小ねじ・木ねじ等製造業","総数","総数"
"102-2024","248","01","0","00000","2024000000","事業所","122","事業所数","ボルト・ナット・リベット・小ねじ・木ねじ等製造業","0人","総数"
"102-2024","248","02","0","00000","2024000000","事業所","887","事業所数","ボルト・ナット・リベット・小ねじ・木ねじ等製造業","1～4人","総数"
"102-2024","248","03","0","00000","2024000000","事業所","366","事業所数","ボルト・ナット・リベット・小ねじ・木ねじ等製造業","5～9人","総数"
"102-2024","248","04","0","00000","2024000000","事業所","300","事業所数","ボルト・ナット・リベット・小ねじ・木ねじ等製造業","10～19人","総数"
"102-2024","248","05","0","00000","2024000000","事業所","142","事業所数","ボルト・ナット・リベット・小ねじ・木ねじ等製造業","20～29人","総数"
"102-2024","248","06","0","00000","2024000000","事業所","131","事業所数","ボルト・ナット・リベット・小ねじ・木ねじ等製造業","30～49人","総数"
"102-2024","248","07","0","00000","2024000000","事業所","122","事業所数","ボルト・ナット・リベット・小ねじ・木ねじ等製造業","50～99人","総数"
"102-2024","248","08","0","00000","2024000000","事業所","42","事業所数","ボルト・ナット・リベット・小ねじ・木ねじ等製造業","100～199人","総数"
"102-2024","248","09","0","00000","2024000000","事業所","7","事業所数","ボルト・ナット・リベット・小ねじ・木ねじ等製造業","200～299人","総数"
"102-2024","248","10","0","00000","2024000000","事業所","8","事業所数","ボルト・ナット・リベット・小ねじ・木ねじ等製造業","300人以上","総数"
"102-2024","249","00","0","00000","2024000000","事業所","2858","事業所数","その他の金属製品製造業","総数","総数"
"102-2024","249","01","0","00000","2024000000","事業所","212","事業所数","その他の金属製品製造業","0人","総数"
"102-2024","249","02","0","00000","2024000000","事業所","1233","事業所数","その他の金属製品製造業","1～4人","総数"
"102-2024","249","03","0","00000","2024000000","事業所","434","事業所数","その他の金属製品製造業","5～9人","総数"
"102-2024","249","04","0","00000","2024000000","事業所","394","事業所数","その他の金属製品製造業","10～19人","総数"
"102-2024","249","05","0","00000","2024000000","事業所","214","事業所数","その他の金属製品製造業","20～29人","総数"
"102-2024","249","06","0","00000","2024000000","事業所","178","事業所数","その他の金属製品製造業","30～49人","総数"
"102-2024","249","07","0","00000","2024000000","事業所","117","事業所数","その他の金属製品製造業","50～99人","総数"
"102-2024","249","08","0","00000","2024000000","事業所","48","事業所数","その他の金属製品製造業","100～199人","総数"
"102-2024","249","09","0","00000","2024000000","事業所","12","事業所数","その他の金属製品製造業","200～299人","総数"
"102-2024","249","10","0","00000","2024000000","事業所","16","事業所数","その他の金属製品製造業","300人以上","総数"
"102-2024","25","00","0","00000","2024000000","事業所","12234","事業所数","はん用機械器具製造業","総数","総数"
"102-2024","25","01","0","00000","2024000000","事業所","683","事業所数","はん用機械器具製造業","0人","総数"
"102-2024","25","02","0","00000","2024000000","事業所","4923","事業所数","はん用機械器具製造業","1～4人","総数"
"102-2024","25","03","0","00000","2024000000","事業所","2261","事業所数","はん用機械器具製造業","5～9人","総数"
"102-2024","25","04","0","00000","2024000000","事業所","1691","事業所数","はん用機械器具製造業","10～19人","総数"
"102-2024","25","05","0","00000","2024000000","事業所","764","事業所数","はん用機械器具製造業","20～29人","総数"
"102-2024","25","06","0","00000","2024000000","事業所","704","事業所数","はん用機械器具製造業","30～49人","総数"
"102-2024","25","07","0","00000","2024000000","事業所","603","事業所数","はん用機械器具製造業","50～99人","総数"
"102-2024","25","08","0","00000","2024000000","事業所","318","事業所数","はん用機械器具製造業","100～199人","総数"
"102-2024","25","09","0","00000","2024000000","事業所","105","事業所数","はん用機械器具製造業","200～299人","総数"
"102-2024","25","10","0","00000","2024000000","事業所","182","事業所数","はん用機械器具製造業","300人以上","総数"
"102-2024","250","00","0","00000","2024000000","事業所","307","事業所数","管理、補助的経済活動を行う事業所（25_はん用機械器具製造業）","総数","総数"
"102-2024","250","01","0","00000","2024000000","事業所","59","事業所数","管理、補助的経済活動を行う事業所（25_はん用機械器具製造業）","0人","総数"
"102-2024","250","02","0","00000","2024000000","事業所","140","事業所数","管理、補助的経済活動を行う事業所（25_はん用機械器具製造業）","1～4人","総数"
"102-2024","250","03","0","00000","2024000000","事業所","37","事業所数","管理、補助的経済活動を行う事業所（25_はん用機械器具製造業）","5～9人","総数"
"102-2024","250","04","0","00000","2024000000","事業所","23","事業所数","管理、補助的経済活動を行う事業所（25_はん用機械器具製造業）","10～19人","総数"
"102-2024","250","05","0","00000","2024000000","事業所","9","事業所数","管理、補助的経済活動を行う事業所（25_はん用機械器具製造業）","20～29人","総数"
"102-2024","250","06","0","00000","2024000000","事業所","17","事業所数","管理、補助的経済活動を行う事業所（25_はん用機械器具製造業）","30～49人","総数"
"102-2024","250","07","0","00000","2024000000","事業所","10","事業所数","管理、補助的経済活動を行う事業所（25_はん用機械器具製造業）","50～99人","総数"
"102-2024","250","08","0","00000","2024000000","事業所","3","事業所数","管理、補助的経済活動を行う事業所（25_はん用機械器具製造業）","100～199人","総数"
"102-2024","250","09","0","00000","2024000000","事業所","2","事業所数","管理、補助的経済活動を行う事業所（25_はん用機械器具製造業）","200～299人","総数"
"102-2024","250","10","0","00000","2024000000","事業所","7","事業所数","管理、補助的経済活動を行う事業所（25_はん用機械器具製造業）","300人以上","総数"
"102-2024","251","00","0","00000","2024000000","事業所","468","事業所数","ボイラ・原動機製造業","総数","総数"
"102-2024","251","01","0","00000","2024000000","事業所","23","事業所数","ボイラ・原動機製造業","0人","総数"
"102-2024","251","02","0","00000","2024000000","事業所","123","事業所数","ボイラ・原動機製造業","1～4人","総数"
"102-2024","251","03","0","00000","2024000000","事業所","76","事業所数","ボイラ・原動機製造業","5～9人","総数"
"102-2024","251","04","0","00000","2024000000","事業所","80","事業所数","ボイラ・原動機製造業","10～19人","総数"
"102-2024","251","05","0","00000","2024000000","事業所","48","事業所数","ボイラ・原動機製造業","20～29人","総数"
"102-2024","251","06","0","00000","2024000000","事業所","41","事業所数","ボイラ・原動機製造業","30～49人","総数"
"102-2024","251","07","0","00000","2024000000","事業所","31","事業所数","ボイラ・原動機製造業","50～99人","総数"
"102-2024","251","08","0","00000","2024000000","事業所","24","事業所数","ボイラ・原動機製造業","100～199人","総数"
"102-2024","251","09","0","00000","2024000000","事業所","4","事業所数","ボイラ・原動機製造業","200～299人","総数"
"102-2024","251","10","0","00000","2024000000","事業所","18","事業所数","ボイラ・原動機製造業","300人以上","総数"
"102-2024","252","00","0","00000","2024000000","事業所","1836","事業所数","ポンプ・圧縮機器製造業","総数","総数"
"102-2024","252","01","0","00000","2024000000","事業所","60","事業所数","ポンプ・圧縮機器製造業","0人","総数"
"102-2024","252","02","0","00000","2024000000","事業所","621","事業所数","ポンプ・圧縮機器製造業","1～4人","総数"
"102-2024","252","03","0","00000","2024000000","事業所","338","事業所数","ポンプ・圧縮機器製造業","5～9人","総数"
"102-2024","252","04","0","00000","2024000000","事業所","292","事業所数","ポンプ・圧縮機器製造業","10～19人","総数"
"102-2024","252","05","0","00000","2024000000","事業所","133","事業所数","ポンプ・圧縮機器製造業","20～29人","総数"
"102-2024","252","06","0","00000","2024000000","事業所","144","事業所数","ポンプ・圧縮機器製造業","30～49人","総数"
"102-2024","252","07","0","00000","2024000000","事業所","112","事業所数","ポンプ・圧縮機器製造業","50～99人","総数"
"102-2024","252","08","0","00000","2024000000","事業所","63","事業所数","ポンプ・圧縮機器製造業","100～199人","総数"
"102-2024","252","09","0","00000","2024000000","事業所","25","事業所数","ポンプ・圧縮機器製造業","200～299人","総数"
"102-2024","252","10","0","00000","2024000000","事業所","48","事業所数","ポンプ・圧縮機器製造業","300人以上","総数"
"102-2024","253","00","0","00000","2024000000","事業所","3949","事業所数","一般産業用機械・装置製造業","総数","総数"
"102-2024","253","01","0","00000","2024000000","事業所","196","事業所数","一般産業用機械・装置製造業","0人","総数"
"102-2024","253","02","0","00000","2024000000","事業所","1459","事業所数","一般産業用機械・装置製造業","1～4人","総数"
"102-2024","253","03","0","00000","2024000000","事業所","798","事業所数","一般産業用機械・装置製造業","5～9人","総数"
"102-2024","253","04","0","00000","2024000000","事業所","594","事業所数","一般産業用機械・装置製造業","10～19人","総数"
"102-2024","253","05","0","00000","2024000000","事業所","270","事業所数","一般産業用機械・装置製造業","20～29人","総数"
"102-2024","253","06","0","00000","2024000000","事業所","227","事業所数","一般産業用機械・装置製造業","30～49人","総数"
"102-2024","253","07","0","00000","2024000000","事業所","205","事業所数","一般産業用機械・装置製造業","50～99人","総数"
"102-2024","253","08","0","00000","2024000000","事業所","111","事業所数","一般産業用機械・装置製造業","100～199人","総数"
"102-2024","253","09","0","00000","2024000000","事業所","36","事業所数","一般産業用機械・装置製造業","200～299人","総数"
"102-2024","253","10","0","00000","2024000000","事業所","53","事業所数","一般産業用機械・装置製造業","300人以上","総数"
"102-2024","259","00","0","00000","2024000000","事業所","5674","事業所数","その他のはん用機械・同部分品製造業","総数","総数"
"102-2024","259","01","0","00000","2024000000","事業所","345","事業所数","その他のはん用機械・同部分品製造業","0人","総数"
"102-2024","259","02","0","00000","2024000000","事業所","2580","事業所数","その他のはん用機械・同部分品製造業","1～4人","総数"
"102-2024","259","03","0","00000","2024000000","事業所","1012","事業所数","その他のはん用機械・同部分品製造業","5～9人","総数"
"102-2024","259","04","0","00000","2024000000","事業所","702","事業所数","その他のはん用機械・同部分品製造業","10～19人","総数"
"102-2024","259","05","0","00000","2024000000","事業所","304","事業所数","その他のはん用機械・同部分品製造業","20～29人","総数"
"102-2024","259","06","0","00000","2024000000","事業所","275","事業所数","その他のはん用機械・同部分品製造業","30～49人","総数"
"102-2024","259","07","0","00000","2024000000","事業所","245","事業所数","その他のはん用機械・同部分品製造業","50～99人","総数"
"102-2024","259","08","0","00000","2024000000","事業所","117","事業所数","その他のはん用機械・同部分品製造業","100～199人","総数"
"102-2024","259","09","0","00000","2024000000","事業所","38","事業所数","その他のはん用機械・同部分品製造業","200～299人","総数"
"102-2024","259","10","0","00000","2024000000","事業所","56","事業所数","その他のはん用機械・同部分品製造業","300人以上","総数"
"102-2024","26","00","0","00000","2024000000","事業所","30462","事業所数","生産用機械器具製造業","総数","総数"
"102-2024","26","01","0","00000","2024000000","事業所","1855","事業所数","生産用機械器具製造業","0人","総数"
"102-2024","26","02","0","00000","2024000000","事業所","12113","事業所数","生産用機械器具製造業","1～4人","総数"
"102-2024","26","03","0","00000","2024000000","事業所","5588","事業所数","生産用機械器具製造業","5～9人","総数"
"102-2024","26","04","0","00000","2024000000","事業所","4354","事業所数","生産用機械器具製造業","10～19人","総数"
"102-2024","26","05","0","00000","2024000000","事業所","2144","事業所数","生産用機械器具製造業","20～29人","総数"
"102-2024","26","06","0","00000","2024000000","事業所","1859","事業所数","生産用機械器具製造業","30～49人","総数"
"102-2024","26","07","0","00000","2024000000","事業所","1486","事業所数","生産用機械器具製造業","50～99人","総数"
"102-2024","26","08","0","00000","2024000000","事業所","631","事業所数","生産用機械器具製造業","100～199人","総数"
"102-2024","26","09","0","00000","2024000000","事業所","186","事業所数","生産用機械器具製造業","200～299人","総数"
"102-2024","26","10","0","00000","2024000000","事業所","246","事業所数","生産用機械器具製造業","300人以上","総数"
"102-2024","260","00","0","00000","2024000000","事業所","569","事業所数","管理、補助的経済活動を行う事業所（26_生産用機械器具製造業）","総数","総数"
"102-2024","260","01","0","00000","2024000000","事業所","86","事業所数","管理、補助的経済活動を行う事業所（26_生産用機械器具製造業）","0人","総数"
"102-2024","260","02","0","00000","2024000000","事業所","345","事業所数","管理、補助的経済活動を行う事業所（26_生産用機械器具製造業）","1～4人","総数"
"102-2024","260","03","0","00000","2024000000","事業所","50","事業所数","管理、補助的経済活動を行う事業所（26_生産用機械器具製造業）","5～9人","総数"
"102-2024","260","04","0","00000","2024000000","事業所","28","事業所数","管理、補助的経済活動を行う事業所（26_生産用機械器具製造業）","10～19人","総数"
"102-2024","260","05","0","00000","2024000000","事業所","17","事業所数","管理、補助的経済活動を行う事業所（26_生産用機械器具製造業）","20～29人","総数"
"102-2024","260","06","0","00000","2024000000","事業所","12","事業所数","管理、補助的経済活動を行う事業所（26_生産用機械器具製造業）","30～49人","総数"
"102-2024","260","07","0","00000","2024000000","事業所","17","事業所数","管理、補助的経済活動を行う事業所（26_生産用機械器具製造業）","50～99人","総数"
"102-2024","260","08","0","00000","2024000000","事業所","7","事業所数","管理、補助的経済活動を行う事業所（26_生産用機械器具製造業）","100～199人","総数"
"102-2024","260","09","0","00000","2024000000","事業所","***","事業所数","管理、補助的経済活動を行う事業所（26_生産用機械器具製造業）","200～299人","総数"
"102-2024","260","10","0","00000","2024000000","事業所","7","事業所数","管理、補助的経済活動を行う事業所（26_生産用機械器具製造業）","300人以上","総数"
"102-2024","261","00","0","00000","2024000000","事業所","1050","事業所数","農業用機械製造業（農業用器具を除く）","総数","総数"
"102-2024","261","01","0","00000","2024000000","事業所","42","事業所数","農業用機械製造業（農業用器具を除く）","0人","総数"
"102-2024","261","02","0","00000","2024000000","事業所","372","事業所数","農業用機械製造業（農業用器具を除く）","1～4人","総数"
"102-2024","261","03","0","00000","2024000000","事業所","201","事業所数","農業用機械製造業（農業用器具を除く）","5～9人","総数"
"102-2024","261","04","0","00000","2024000000","事業所","166","事業所数","農業用機械製造業（農業用器具を除く）","10～19人","総数"
"102-2024","261","05","0","00000","2024000000","事業所","79","事業所数","農業用機械製造業（農業用器具を除く）","20～29人","総数"
"102-2024","261","06","0","00000","2024000000","事業所","78","事業所数","農業用機械製造業（農業用器具を除く）","30～49人","総数"
"102-2024","261","07","0","00000","2024000000","事業所","55","事業所数","農業用機械製造業（農業用器具を除く）","50～99人","総数"
"102-2024","261","08","0","00000","2024000000","事業所","32","事業所数","農業用機械製造業（農業用器具を除く）","100～199人","総数"
"102-2024","261","09","0","00000","2024000000","事業所","11","事業所数","農業用機械製造業（農業用器具を除く）","200～299人","総数"
"102-2024","261","10","0","00000","2024000000","事業所","14","事業所数","農業用機械製造業（農業用器具を除く）","300人以上","総数"
"102-2024","262","00","0","00000","2024000000","事業所","1961","事業所数","建設機械・鉱山機械製造業","総数","総数"
"102-2024","262","01","0","00000","2024000000","事業所","81","事業所数","建設機械・鉱山機械製造業","0人","総数"
"102-2024","262","02","0","00000","2024000000","事業所","610","事業所数","建設機械・鉱山機械製造業","1～4人","総数"
"102-2024","262","03","0","00000","2024000000","事業所","358","事業所数","建設機械・鉱山機械製造業","5～9人","総数"
"102-2024","262","04","0","00000","2024000000","事業所","287","事業所数","建設機械・鉱山機械製造業","10～19人","総数"
"102-2024","262","05","0","00000","2024000000","事業所","161","事業所数","建設機械・鉱山機械製造業","20～29人","総数"
"102-2024","262","06","0","00000","2024000000","事業所","175","事業所数","建設機械・鉱山機械製造業","30～49人","総数"
"102-2024","262","07","0","00000","2024000000","事業所","164","事業所数","建設機械・鉱山機械製造業","50～99人","総数"
"102-2024","262","08","0","00000","2024000000","事業所","71","事業所数","建設機械・鉱山機械製造業","100～199人","総数"
"102-2024","262","09","0","00000","2024000000","事業所","21","事業所数","建設機械・鉱山機械製造業","200～299人","総数"
"102-2024","262","10","0","00000","2024000000","事業所","33","事業所数","建設機械・鉱山機械製造業","300人以上","総数"
"102-2024","263","00","0","00000","2024000000","事業所","534","事業所数","繊維機械製造業","総数","総数"
"102-2024","263","01","0","00000","2024000000","事業所","30","事業所数","繊維機械製造業","0人","総数"
"102-2024","263","02","0","00000","2024000000","事業所","246","事業所数","繊維機械製造業","1～4人","総数"
"102-2024","263","03","0","00000","2024000000","事業所","79","事業所数","繊維機械製造業","5～9人","総数"
"102-2024","263","04","0","00000","2024000000","事業所","63","事業所数","繊維機械製造業","10～19人","総数"
"102-2024","263","05","0","00000","2024000000","事業所","35","事業所数","繊維機械製造業","20～29人","総数"
"102-2024","263","06","0","00000","2024000000","事業所","30","事業所数","繊維機械製造業","30～49人","総数"
"102-2024","263","07","0","00000","2024000000","事業所","31","事業所数","繊維機械製造業","50～99人","総数"
"102-2024","263","08","0","00000","2024000000","事業所","12","事業所数","繊維機械製造業","100～199人","総数"
"102-2024","263","09","0","00000","2024000000","事業所","4","事業所数","繊維機械製造業","200～299人","総数"
"102-2024","263","10","0","00000","2024000000","事業所","4","事業所数","繊維機械製造業","300人以上","総数"
"102-2024","264","00","0","00000","2024000000","事業所","3009","事業所数","生活関連産業用機械製造業","総数","総数"
"102-2024","264","01","0","00000","2024000000","事業所","191","事業所数","生活関連産業用機械製造業","0人","総数"
"102-2024","264","02","0","00000","2024000000","事業所","1292","事業所数","生活関連産業用機械製造業","1～4人","総数"
"102-2024","264","03","0","00000","2024000000","事業所","542","事業所数","生活関連産業用機械製造業","5～9人","総数"
"102-2024","264","04","0","00000","2024000000","事業所","420","事業所数","生活関連産業用機械製造業","10～19人","総数"
"102-2024","264","05","0","00000","2024000000","事業所","185","事業所数","生活関連産業用機械製造業","20～29人","総数"
"102-2024","264","06","0","00000","2024000000","事業所","150","事業所数","生活関連産業用機械製造業","30～49人","総数"
"102-2024","264","07","0","00000","2024000000","事業所","138","事業所数","生活関連産業用機械製造業","50～99人","総数"
"102-2024","264","08","0","00000","2024000000","事業所","56","事業所数","生活関連産業用機械製造業","100～199人","総数"
"102-2024","264","09","0","00000","2024000000","事業所","21","事業所数","生活関連産業用機械製造業","200～299人","総数"
"102-2024","264","10","0","00000","2024000000","事業所","14","事業所数","生活関連産業用機械製造業","300人以上","総数"
"102-2024","265","00","0","00000","2024000000","事業所","2299","事業所数","基礎素材産業用機械製造業","総数","総数"
"102-2024","265","01","0","00000","2024000000","事業所","132","事業所数","基礎素材産業用機械製造業","0人","総数"
"102-2024","265","02","0","00000","2024000000","事業所","817","事業所数","基礎素材産業用機械製造業","1～4人","総数"
"102-2024","265","03","0","00000","2024000000","事業所","461","事業所数","基礎素材産業用機械製造業","5～9人","総数"
"102-2024","265","04","0","00000","2024000000","事業所","364","事業所数","基礎素材産業用機械製造業","10～19人","総数"
"102-2024","265","05","0","00000","2024000000","事業所","167","事業所数","基礎素材産業用機械製造業","20～29人","総数"
"102-2024","265","06","0","00000","2024000000","事業所","135","事業所数","基礎素材産業用機械製造業","30～49人","総数"
"102-2024","265","07","0","00000","2024000000","事業所","122","事業所数","基礎素材産業用機械製造業","50～99人","総数"
"102-2024","265","08","0","00000","2024000000","事業所","57","事業所数","基礎素材産業用機械製造業","100～199人","総数"
"102-2024","265","09","0","00000","2024000000","事業所","22","事業所数","基礎素材産業用機械製造業","200～299人","総数"
"102-2024","265","10","0","00000","2024000000","事業所","22","事業所数","基礎素材産業用機械製造業","300人以上","総数"
"102-2024","266","00","0","00000","2024000000","事業所","8914","事業所数","金属加工機械製造業","総数","総数"
"102-2024","266","01","0","00000","2024000000","事業所","587","事業所数","金属加工機械製造業","0人","総数"
"102-2024","266","02","0","00000","2024000000","事業所","3838","事業所数","金属加工機械製造業","1～4人","総数"
"102-2024","266","03","0","00000","2024000000","事業所","1676","事業所数","金属加工機械製造業","5～9人","総数"
"102-2024","266","04","0","00000","2024000000","事業所","1228","事業所数","金属加工機械製造業","10～19人","総数"
"102-2024","266","05","0","00000","2024000000","事業所","557","事業所数","金属加工機械製造業","20～29人","総数"
"102-2024","266","06","0","00000","2024000000","事業所","462","事業所数","金属加工機械製造業","30～49人","総数"
"102-2024","266","07","0","00000","2024000000","事業所","338","事業所数","金属加工機械製造業","50～99人","総数"
"102-2024","266","08","0","00000","2024000000","事業所","130","事業所数","金属加工機械製造業","100～199人","総数"
"102-2024","266","09","0","00000","2024000000","事業所","34","事業所数","金属加工機械製造業","200～299人","総数"
"102-2024","266","10","0","00000","2024000000","事業所","64","事業所数","金属加工機械製造業","300人以上","総数"
"102-2024","267","00","0","00000","2024000000","事業所","2374","事業所数","半導体・フラットパネルディスプレイ製造装置製造業","総数","総数"
"102-2024","267","01","0","00000","2024000000","事業所","102","事業所数","半導体・フラットパネルディスプレイ製造装置製造業","0人","総数"
"102-2024","267","02","0","00000","2024000000","事業所","610","事業所数","半導体・フラットパネルディスプレイ製造装置製造業","1～4人","総数"
"102-2024","267","03","0","00000","2024000000","事業所","363","事業所数","半導体・フラットパネルディスプレイ製造装置製造業","5～9人","総数"
"102-2024","267","04","0","00000","2024000000","事業所","392","事業所数","半導体・フラットパネルディスプレイ製造装置製造業","10～19人","総数"
"102-2024","267","05","0","00000","2024000000","事業所","243","事業所数","半導体・フラットパネルディスプレイ製造装置製造業","20～29人","総数"
"102-2024","267","06","0","00000","2024000000","事業所","255","事業所数","半導体・フラットパネルディスプレイ製造装置製造業","30～49人","総数"
"102-2024","267","07","0","00000","2024000000","事業所","225","事業所数","半導体・フラットパネルディスプレイ製造装置製造業","50～99人","総数"
"102-2024","267","08","0","00000","2024000000","事業所","101","事業所数","半導体・フラットパネルディスプレイ製造装置製造業","100～199人","総数"
"102-2024","267","09","0","00000","2024000000","事業所","35","事業所数","半導体・フラットパネルディスプレイ製造装置製造業","200～299人","総数"
"102-2024","267","10","0","00000","2024000000","事業所","48","事業所数","半導体・フラットパネルディスプレイ製造装置製造業","300人以上","総数"
"102-2024","269","00","0","00000","2024000000","事業所","9751","事業所数","その他の生産用機械・同部分品製造業","総数","総数"
"102-2024","269","01","0","00000","2024000000","事業所","604","事業所数","その他の生産用機械・同部分品製造業","0人","総数"
"102-2024","269","02","0","00000","2024000000","事業所","3982","事業所数","その他の生産用機械・同部分品製造業","1～4人","総数"
"102-2024","269","03","0","00000","2024000000","事業所","1858","事業所数","その他の生産用機械・同部分品製造業","5～9人","総数"
"102-2024","269","04","0","00000","2024000000","事業所","1406","事業所数","その他の生産用機械・同部分品製造業","10～19人","総数"
"102-2024","269","05","0","00000","2024000000","事業所","700","事業所数","その他の生産用機械・同部分品製造業","20～29人","総数"
"102-2024","269","06","0","00000","2024000000","事業所","562","事業所数","その他の生産用機械・同部分品製造業","30～49人","総数"
"102-2024","269","07","0","00000","2024000000","事業所","396","事業所数","その他の生産用機械・同部分品製造業","50～99人","総数"
"102-2024","269","08","0","00000","2024000000","事業所","165","事業所数","その他の生産用機械・同部分品製造業","100～199人","総数"
"102-2024","269","09","0","00000","2024000000","事業所","38","事業所数","その他の生産用機械・同部分品製造業","200～299人","総数"
"102-2024","269","10","0","00000","2024000000","事業所","40","事業所数","その他の生産用機械・同部分品製造業","300人以上","総数"
"102-2024","27","00","0","00000","2024000000","事業所","7216","事業所数","業務用機械器具製造業","総数","総数"
"102-2024","27","01","0","00000","2024000000","事業所","492","事業所数","業務用機械器具製造業","0人","総数"
"102-2024","27","02","0","00000","2024000000","事業所","2604","事業所数","業務用機械器具製造業","1～4人","総数"
"102-2024","27","03","0","00000","2024000000","事業所","1210","事業所数","業務用機械器具製造業","5～9人","総数"
"102-2024","27","04","0","00000","2024000000","事業所","1013","事業所数","業務用機械器具製造業","10～19人","総数"
"102-2024","27","05","0","00000","2024000000","事業所","549","事業所数","業務用機械器具製造業","20～29人","総数"
"102-2024","27","06","0","00000","2024000000","事業所","464","事業所数","業務用機械器具製造業","30～49人","総数"
"102-2024","27","07","0","00000","2024000000","事業所","427","事業所数","業務用機械器具製造業","50～99人","総数"
"102-2024","27","08","0","00000","2024000000","事業所","248","事業所数","業務用機械器具製造業","100～199人","総数"
"102-2024","27","09","0","00000","2024000000","事業所","87","事業所数","業務用機械器具製造業","200～299人","総数"
"102-2024","27","10","0","00000","2024000000","事業所","122","事業所数","業務用機械器具製造業","300人以上","総数"
"102-2024","270","00","0","00000","2024000000","事業所","224","事業所数","管理、補助的経済活動を行う事業所（27_業務用機械器具製造業）","総数","総数"
"102-2024","270","01","0","00000","2024000000","事業所","26","事業所数","管理、補助的経済活動を行う事業所（27_業務用機械器具製造業）","0人","総数"
"102-2024","270","02","0","00000","2024000000","事業所","99","事業所数","管理、補助的経済活動を行う事業所（27_業務用機械器具製造業）","1～4人","総数"
"102-2024","270","03","0","00000","2024000000","事業所","33","事業所数","管理、補助的経済活動を行う事業所（27_業務用機械器具製造業）","5～9人","総数"
"102-2024","270","04","0","00000","2024000000","事業所","24","事業所数","管理、補助的経済活動を行う事業所（27_業務用機械器具製造業）","10～19人","総数"
"102-2024","270","05","0","00000","2024000000","事業所","13","事業所数","管理、補助的経済活動を行う事業所（27_業務用機械器具製造業）","20～29人","総数"
"102-2024","270","06","0","00000","2024000000","事業所","7","事業所数","管理、補助的経済活動を行う事業所（27_業務用機械器具製造業）","30～49人","総数"
"102-2024","270","07","0","00000","2024000000","事業所","11","事業所数","管理、補助的経済活動を行う事業所（27_業務用機械器具製造業）","50～99人","総数"
"102-2024","270","08","0","00000","2024000000","事業所","7","事業所数","管理、補助的経済活動を行う事業所（27_業務用機械器具製造業）","100～199人","総数"
"102-2024","270","09","0","00000","2024000000","事業所","1","事業所数","管理、補助的経済活動を行う事業所（27_業務用機械器具製造業）","200～299人","総数"
"102-2024","270","10","0","00000","2024000000","事業所","3","事業所数","管理、補助的経済活動を行う事業所（27_業務用機械器具製造業）","300人以上","総数"
"102-2024","271","00","0","00000","2024000000","事業所","383","事業所数","事務用機械器具製造業","総数","総数"
"102-2024","271","01","0","00000","2024000000","事業所","16","事業所数","事務用機械器具製造業","0人","総数"
"102-2024","271","02","0","00000","2024000000","事業所","105","事業所数","事務用機械器具製造業","1～4人","総数"
"102-2024","271","03","0","00000","2024000000","事業所","47","事業所数","事務用機械器具製造業","5～9人","総数"
"102-2024","271","04","0","00000","2024000000","事業所","44","事業所数","事務用機械器具製造業","10～19人","総数"
"102-2024","271","05","0","00000","2024000000","事業所","37","事業所数","事務用機械器具製造業","20～29人","総数"
"102-2024","271","06","0","00000","2024000000","事業所","39","事業所数","事務用機械器具製造業","30～49人","総数"
"102-2024","271","07","0","00000","2024000000","事業所","38","事業所数","事務用機械器具製造業","50～99人","総数"
"102-2024","271","08","0","00000","2024000000","事業所","17","事業所数","事務用機械器具製造業","100～199人","総数"
"102-2024","271","09","0","00000","2024000000","事業所","14","事業所数","事務用機械器具製造業","200～299人","総数"
"102-2024","271","10","0","00000","2024000000","事業所","26","事業所数","事務用機械器具製造業","300人以上","総数"
"102-2024","272","00","0","00000","2024000000","事業所","1093","事業所数","サービス用・娯楽用機械器具製造業","総数","総数"
"102-2024","272","01","0","00000","2024000000","事業所","76","事業所数","サービス用・娯楽用機械器具製造業","0人","総数"
"102-2024","272","02","0","00000","2024000000","事業所","350","事業所数","サービス用・娯楽用機械器具製造業","1～4人","総数"
"102-2024","272","03","0","00000","2024000000","事業所","198","事業所数","サービス用・娯楽用機械器具製造業","5～9人","総数"
"102-2024","272","04","0","00000","2024000000","事業所","172","事業所数","サービス用・娯楽用機械器具製造業","10～19人","総数"
"102-2024","272","05","0","00000","2024000000","事業所","80","事業所数","サービス用・娯楽用機械器具製造業","20～29人","総数"
"102-2024","272","06","0","00000","2024000000","事業所","91","事業所数","サービス用・娯楽用機械器具製造業","30～49人","総数"
"102-2024","272","07","0","00000","2024000000","事業所","69","事業所数","サービス用・娯楽用機械器具製造業","50～99人","総数"
"102-2024","272","08","0","00000","2024000000","事業所","32","事業所数","サービス用・娯楽用機械器具製造業","100～199人","総数"
"102-2024","272","09","0","00000","2024000000","事業所","13","事業所数","サービス用・娯楽用機械器具製造業","200～299人","総数"
"102-2024","272","10","0","00000","2024000000","事業所","12","事業所数","サービス用・娯楽用機械器具製造業","300人以上","総数"
"102-2024","273","00","0","00000","2024000000","事業所","2586","事業所数","計量器・測定器・分析機器・試験機・測量機械器具・理化学機械器具製造業","総数","総数"
"102-2024","273","01","0","00000","2024000000","事業所","174","事業所数","計量器・測定器・分析機器・試験機・測量機械器具・理化学機械器具製造業","0人","総数"
"102-2024","273","02","0","00000","2024000000","事業所","981","事業所数","計量器・測定器・分析機器・試験機・測量機械器具・理化学機械器具製造業","1～4人","総数"
"102-2024","273","03","0","00000","2024000000","事業所","451","事業所数","計量器・測定器・分析機器・試験機・測量機械器具・理化学機械器具製造業","5～9人","総数"
"102-2024","273","04","0","00000","2024000000","事業所","370","事業所数","計量器・測定器・分析機器・試験機・測量機械器具・理化学機械器具製造業","10～19人","総数"
"102-2024","273","05","0","00000","2024000000","事業所","197","事業所数","計量器・測定器・分析機器・試験機・測量機械器具・理化学機械器具製造業","20～29人","総数"
"102-2024","273","06","0","00000","2024000000","事業所","150","事業所数","計量器・測定器・分析機器・試験機・測量機械器具・理化学機械器具製造業","30～49人","総数"
"102-2024","273","07","0","00000","2024000000","事業所","132","事業所数","計量器・測定器・分析機器・試験機・測量機械器具・理化学機械器具製造業","50～99人","総数"
"102-2024","273","08","0","00000","2024000000","事業所","81","事業所数","計量器・測定器・分析機器・試験機・測量機械器具・理化学機械器具製造業","100～199人","総数"
"102-2024","273","09","0","00000","2024000000","事業所","21","事業所数","計量器・測定器・分析機器・試験機・測量機械器具・理化学機械器具製造業","200～299人","総数"
"102-2024","273","10","0","00000","2024000000","事業所","29","事業所数","計量器・測定器・分析機器・試験機・測量機械器具・理化学機械器具製造業","300人以上","総数"
"102-2024","274","00","0","00000","2024000000","事業所","2052","事業所数","医療用機械器具・医療用品製造業","総数","総数"
"102-2024","274","01","0","00000","2024000000","事業所","138","事業所数","医療用機械器具・医療用品製造業","0人","総数"
"102-2024","274","02","0","00000","2024000000","事業所","736","事業所数","医療用機械器具・医療用品製造業","1～4人","総数"
"102-2024","274","03","0","00000","2024000000","事業所","357","事業所数","医療用機械器具・医療用品製造業","5～9人","総数"
"102-2024","274","04","0","00000","2024000000","事業所","300","事業所数","医療用機械器具・医療用品製造業","10～19人","総数"
"102-2024","274","05","0","00000","2024000000","事業所","146","事業所数","医療用機械器具・医療用品製造業","20～29人","総数"
"102-2024","274","06","0","00000","2024000000","事業所","114","事業所数","医療用機械器具・医療用品製造業","30～49人","総数"
"102-2024","274","07","0","00000","2024000000","事業所","125","事業所数","医療用機械器具・医療用品製造業","50～99人","総数"
"102-2024","274","08","0","00000","2024000000","事業所","76","事業所数","医療用機械器具・医療用品製造業","100～199人","総数"
"102-2024","274","09","0","00000","2024000000","事業所","24","事業所数","医療用機械器具・医療用品製造業","200～299人","総数"
"102-2024","274","10","0","00000","2024000000","事業所","36","事業所数","医療用機械器具・医療用品製造業","300人以上","総数"
"102-2024","275","00","0","00000","2024000000","事業所","836","事業所数","光学機械器具・レンズ製造業","総数","総数"
"102-2024","275","01","0","00000","2024000000","事業所","60","事業所数","光学機械器具・レンズ製造業","0人","総数"
"102-2024","275","02","0","00000","2024000000","事業所","328","事業所数","光学機械器具・レンズ製造業","1～4人","総数"
"102-2024","275","03","0","00000","2024000000","事業所","120","事業所数","光学機械器具・レンズ製造業","5～9人","総数"
"102-2024","275","04","0","00000","2024000000","事業所","98","事業所数","光学機械器具・レンズ製造業","10～19人","総数"
"102-2024","275","05","0","00000","2024000000","事業所","70","事業所数","光学機械器具・レンズ製造業","20～29人","総数"
"102-2024","275","06","0","00000","2024000000","事業所","58","事業所数","光学機械器具・レンズ製造業","30～49人","総数"
"102-2024","275","07","0","00000","2024000000","事業所","49","事業所数","光学機械器具・レンズ製造業","50～99人","総数"
"102-2024","275","08","0","00000","2024000000","事業所","31","事業所数","光学機械器具・レンズ製造業","100～199人","総数"
"102-2024","275","09","0","00000","2024000000","事業所","11","事業所数","光学機械器具・レンズ製造業","200～299人","総数"
"102-2024","275","10","0","00000","2024000000","事業所","11","事業所数","光学機械器具・レンズ製造業","300人以上","総数"
"102-2024","276","00","0","00000","2024000000","事業所","42","事業所数","武器製造業","総数","総数"
"102-2024","276","01","0","00000","2024000000","事業所","2","事業所数","武器製造業","0人","総数"
"102-2024","276","02","0","00000","2024000000","事業所","5","事業所数","武器製造業","1～4人","総数"
"102-2024","276","03","0","00000","2024000000","事業所","4","事業所数","武器製造業","5～9人","総数"
"102-2024","276","04","0","00000","2024000000","事業所","5","事業所数","武器製造業","10～19人","総数"
"102-2024","276","05","0","00000","2024000000","事業所","6","事業所数","武器製造業","20～29人","総数"
"102-2024","276","06","0","00000","2024000000","事業所","5","事業所数","武器製造業","30～49人","総数"
"102-2024","276","07","0","00000","2024000000","事業所","3","事業所数","武器製造業","50～99人","総数"
"102-2024","276","08","0","00000","2024000000","事業所","4","事業所数","武器製造業","100～199人","総数"
"102-2024","276","09","0","00000","2024000000","事業所","3","事業所数","武器製造業","200～299人","総数"
"102-2024","276","10","0","00000","2024000000","事業所","5","事業所数","武器製造業","300人以上","総数"
"102-2024","28","00","0","00000","2024000000","事業所","6413","事業所数","電子部品・デバイス・電子回路製造業","総数","総数"
"102-2024","28","01","0","00000","2024000000","事業所","310","事業所数","電子部品・デバイス・電子回路製造業","0人","総数"
"102-2024","28","02","0","00000","2024000000","事業所","1652","事業所数","電子部品・デバイス・電子回路製造業","1～4人","総数"
"102-2024","28","03","0","00000","2024000000","事業所","965","事業所数","電子部品・デバイス・電子回路製造業","5～9人","総数"
"102-2024","28","04","0","00000","2024000000","事業所","962","事業所数","電子部品・デバイス・電子回路製造業","10～19人","総数"
"102-2024","28","05","0","00000","2024000000","事業所","532","事業所数","電子部品・デバイス・電子回路製造業","20～29人","総数"
"102-2024","28","06","0","00000","2024000000","事業所","578","事業所数","電子部品・デバイス・電子回路製造業","30～49人","総数"
"102-2024","28","07","0","00000","2024000000","事業所","582","事業所数","電子部品・デバイス・電子回路製造業","50～99人","総数"
"102-2024","28","08","0","00000","2024000000","事業所","415","事業所数","電子部品・デバイス・電子回路製造業","100～199人","総数"
"102-2024","28","09","0","00000","2024000000","事業所","148","事業所数","電子部品・デバイス・電子回路製造業","200～299人","総数"
"102-2024","28","10","0","00000","2024000000","事業所","269","事業所数","電子部品・デバイス・電子回路製造業","300人以上","総数"
"102-2024","280","00","0","00000","2024000000","事業所","197","事業所数","管理、補助的経済活動を行う事業所（28_電子部品・デバイス・電子回路製造業）","総数","総数"
"102-2024","280","01","0","00000","2024000000","事業所","15","事業所数","管理、補助的経済活動を行う事業所（28_電子部品・デバイス・電子回路製造業）","0人","総数"
"102-2024","280","02","0","00000","2024000000","事業所","75","事業所数","管理、補助的経済活動を行う事業所（28_電子部品・デバイス・電子回路製造業）","1～4人","総数"
"102-2024","280","03","0","00000","2024000000","事業所","29","事業所数","管理、補助的経済活動を行う事業所（28_電子部品・デバイス・電子回路製造業）","5～9人","総数"
"102-2024","280","04","0","00000","2024000000","事業所","34","事業所数","管理、補助的経済活動を行う事業所（28_電子部品・デバイス・電子回路製造業）","10～19人","総数"
"102-2024","280","05","0","00000","2024000000","事業所","8","事業所数","管理、補助的経済活動を行う事業所（28_電子部品・デバイス・電子回路製造業）","20～29人","総数"
"102-2024","280","06","0","00000","2024000000","事業所","8","事業所数","管理、補助的経済活動を行う事業所（28_電子部品・デバイス・電子回路製造業）","30～49人","総数"
"102-2024","280","07","0","00000","2024000000","事業所","10","事業所数","管理、補助的経済活動を行う事業所（28_電子部品・デバイス・電子回路製造業）","50～99人","総数"
"102-2024","280","08","0","00000","2024000000","事業所","11","事業所数","管理、補助的経済活動を行う事業所（28_電子部品・デバイス・電子回路製造業）","100～199人","総数"
"102-2024","280","09","0","00000","2024000000","事業所","2","事業所数","管理、補助的経済活動を行う事業所（28_電子部品・デバイス・電子回路製造業）","200～299人","総数"
"102-2024","280","10","0","00000","2024000000","事業所","5","事業所数","管理、補助的経済活動を行う事業所（28_電子部品・デバイス・電子回路製造業）","300人以上","総数"
"102-2024","281","00","0","00000","2024000000","事業所","713","事業所数","電子デバイス製造業","総数","総数"
"102-2024","281","01","0","00000","2024000000","事業所","39","事業所数","電子デバイス製造業","0人","総数"
"102-2024","281","02","0","00000","2024000000","事業所","174","事業所数","電子デバイス製造業","1～4人","総数"
"102-2024","281","03","0","00000","2024000000","事業所","70","事業所数","電子デバイス製造業","5～9人","総数"
"102-2024","281","04","0","00000","2024000000","事業所","75","事業所数","電子デバイス製造業","10～19人","総数"
"102-2024","281","05","0","00000","2024000000","事業所","41","事業所数","電子デバイス製造業","20～29人","総数"
"102-2024","281","06","0","00000","2024000000","事業所","56","事業所数","電子デバイス製造業","30～49人","総数"
"102-2024","281","07","0","00000","2024000000","事業所","73","事業所数","電子デバイス製造業","50～99人","総数"
"102-2024","281","08","0","00000","2024000000","事業所","67","事業所数","電子デバイス製造業","100～199人","総数"
"102-2024","281","09","0","00000","2024000000","事業所","31","事業所数","電子デバイス製造業","200～299人","総数"
"102-2024","281","10","0","00000","2024000000","事業所","87","事業所数","電子デバイス製造業","300人以上","総数"
"102-2024","282","00","0","00000","2024000000","事業所","1368","事業所数","電子部品製造業","総数","総数"
"102-2024","282","01","0","00000","2024000000","事業所","50","事業所数","電子部品製造業","0人","総数"
"102-2024","282","02","0","00000","2024000000","事業所","345","事業所数","電子部品製造業","1～4人","総数"
"102-2024","282","03","0","00000","2024000000","事業所","216","事業所数","電子部品製造業","5～9人","総数"
"102-2024","282","04","0","00000","2024000000","事業所","217","事業所数","電子部品製造業","10～19人","総数"
"102-2024","282","05","0","00000","2024000000","事業所","106","事業所数","電子部品製造業","20～29人","総数"
"102-2024","282","06","0","00000","2024000000","事業所","125","事業所数","電子部品製造業","30～49人","総数"
"102-2024","282","07","0","00000","2024000000","事業所","123","事業所数","電子部品製造業","50～99人","総数"
"102-2024","282","08","0","00000","2024000000","事業所","101","事業所数","電子部品製造業","100～199人","総数"
"102-2024","282","09","0","00000","2024000000","事業所","26","事業所数","電子部品製造業","200～299人","総数"
"102-2024","282","10","0","00000","2024000000","事業所","59","事業所数","電子部品製造業","300人以上","総数"
"102-2024","283","00","0","00000","2024000000","事業所","42","事業所数","記録メディア製造業","総数","総数"
"102-2024","283","01","0","00000","2024000000","事業所","3","事業所数","記録メディア製造業","0人","総数"
"102-2024","283","02","0","00000","2024000000","事業所","6","事業所数","記録メディア製造業","1～4人","総数"
"102-2024","283","03","0","00000","2024000000","事業所","7","事業所数","記録メディア製造業","5～9人","総数"
"102-2024","283","04","0","00000","2024000000","事業所","3","事業所数","記録メディア製造業","10～19人","総数"
"102-2024","283","05","0","00000","2024000000","事業所","3","事業所数","記録メディア製造業","20～29人","総数"
"102-2024","283","06","0","00000","2024000000","事業所","2","事業所数","記録メディア製造業","30～49人","総数"
"102-2024","283","07","0","00000","2024000000","事業所","6","事業所数","記録メディア製造業","50～99人","総数"
"102-2024","283","08","0","00000","2024000000","事業所","3","事業所数","記録メディア製造業","100～199人","総数"
"102-2024","283","09","0","00000","2024000000","事業所","4","事業所数","記録メディア製造業","200～299人","総数"
"102-2024","283","10","0","00000","2024000000","事業所","5","事業所数","記録メディア製造業","300人以上","総数"
"102-2024","284","00","0","00000","2024000000","事業所","1649","事業所数","電子回路製造業","総数","総数"
"102-2024","284","01","0","00000","2024000000","事業所","67","事業所数","電子回路製造業","0人","総数"
"102-2024","284","02","0","00000","2024000000","事業所","380","事業所数","電子回路製造業","1～4人","総数"
"102-2024","284","03","0","00000","2024000000","事業所","245","事業所数","電子回路製造業","5～9人","総数"
"102-2024","284","04","0","00000","2024000000","事業所","256","事業所数","電子回路製造業","10～19人","総数"
"102-2024","284","05","0","00000","2024000000","事業所","172","事業所数","電子回路製造業","20～29人","総数"
"102-2024","284","06","0","00000","2024000000","事業所","174","事業所数","電子回路製造業","30～49人","総数"
"102-2024","284","07","0","00000","2024000000","事業所","171","事業所数","電子回路製造業","50～99人","総数"
"102-2024","284","08","0","00000","2024000000","事業所","106","事業所数","電子回路製造業","100～199人","総数"
"102-2024","284","09","0","00000","2024000000","事業所","40","事業所数","電子回路製造業","200～299人","総数"
"102-2024","284","10","0","00000","2024000000","事業所","38","事業所数","電子回路製造業","300人以上","総数"
"102-2024","285","00","0","00000","2024000000","事業所","327","事業所数","ユニット部品製造業","総数","総数"
"102-2024","285","01","0","00000","2024000000","事業所","12","事業所数","ユニット部品製造業","0人","総数"
"102-2024","285","02","0","00000","2024000000","事業所","80","事業所数","ユニット部品製造業","1～4人","総数"
"102-2024","285","03","0","00000","2024000000","事業所","42","事業所数","ユニット部品製造業","5～9人","総数"
"102-2024","285","04","0","00000","2024000000","事業所","49","事業所数","ユニット部品製造業","10～19人","総数"
"102-2024","285","05","0","00000","2024000000","事業所","32","事業所数","ユニット部品製造業","20～29人","総数"
"102-2024","285","06","0","00000","2024000000","事業所","34","事業所数","ユニット部品製造業","30～49人","総数"
"102-2024","285","07","0","00000","2024000000","事業所","38","事業所数","ユニット部品製造業","50～99人","総数"
"102-2024","285","08","0","00000","2024000000","事業所","23","事業所数","ユニット部品製造業","100～199人","総数"
"102-2024","285","09","0","00000","2024000000","事業所","7","事業所数","ユニット部品製造業","200～299人","総数"
"102-2024","285","10","0","00000","2024000000","事業所","10","事業所数","ユニット部品製造業","300人以上","総数"
"102-2024","289","00","0","00000","2024000000","事業所","2117","事業所数","その他の電子部品・デバイス・電子回路製造業","総数","総数"
"102-2024","289","01","0","00000","2024000000","事業所","124","事業所数","その他の電子部品・デバイス・電子回路製造業","0人","総数"
"102-2024","289","02","0","00000","2024000000","事業所","592","事業所数","その他の電子部品・デバイス・電子回路製造業","1～4人","総数"
"102-2024","289","03","0","00000","2024000000","事業所","356","事業所数","その他の電子部品・デバイス・電子回路製造業","5～9人","総数"
"102-2024","289","04","0","00000","2024000000","事業所","328","事業所数","その他の電子部品・デバイス・電子回路製造業","10～19人","総数"
"102-2024","289","05","0","00000","2024000000","事業所","170","事業所数","その他の電子部品・デバイス・電子回路製造業","20～29人","総数"
"102-2024","289","06","0","00000","2024000000","事業所","179","事業所数","その他の電子部品・デバイス・電子回路製造業","30～49人","総数"
"102-2024","289","07","0","00000","2024000000","事業所","161","事業所数","その他の電子部品・デバイス・電子回路製造業","50～99人","総数"
"102-2024","289","08","0","00000","2024000000","事業所","104","事業所数","その他の電子部品・デバイス・電子回路製造業","100～199人","総数"
"102-2024","289","09","0","00000","2024000000","事業所","38","事業所数","その他の電子部品・デバイス・電子回路製造業","200～299人","総数"
"102-2024","289","10","0","00000","2024000000","事業所","65","事業所数","その他の電子部品・デバイス・電子回路製造業","300人以上","総数"
"102-2024","29","00","0","00000","2024000000","事業所","13817","事業所数","電気機械器具製造業","総数","総数"
"102-2024","29","01","0","00000","2024000000","事業所","818","事業所数","電気機械器具製造業","0人","総数"
"102-2024","29","02","0","00000","2024000000","事業所","4508","事業所数","電気機械器具製造業","1～4人","総数"
"102-2024","29","03","0","00000","2024000000","事業所","2331","事業所数","電気機械器具製造業","5～9人","総数"
"102-2024","29","04","0","00000","2024000000","事業所","2143","事業所数","電気機械器具製造業","10～19人","総数"
"102-2024","29","05","0","00000","2024000000","事業所","1089","事業所数","電気機械器具製造業","20～29人","総数"
"102-2024","29","06","0","00000","2024000000","事業所","1055","事業所数","電気機械器具製造業","30～49人","総数"
"102-2024","29","07","0","00000","2024000000","事業所","904","事業所数","電気機械器具製造業","50～99人","総数"
"102-2024","29","08","0","00000","2024000000","事業所","506","事業所数","電気機械器具製造業","100～199人","総数"
"102-2024","29","09","0","00000","2024000000","事業所","189","事業所数","電気機械器具製造業","200～299人","総数"
"102-2024","29","10","0","00000","2024000000","事業所","274","事業所数","電気機械器具製造業","300人以上","総数"
"102-2024","290","00","0","00000","2024000000","事業所","382","事業所数","管理、補助的経済活動を行う事業所（29_電気機械器具製造業）","総数","総数"
"102-2024","290","01","0","00000","2024000000","事業所","43","事業所数","管理、補助的経済活動を行う事業所（29_電気機械器具製造業）","0人","総数"
"102-2024","290","02","0","00000","2024000000","事業所","184","事業所数","管理、補助的経済活動を行う事業所（29_電気機械器具製造業）","1～4人","総数"
"102-2024","290","03","0","00000","2024000000","事業所","46","事業所数","管理、補助的経済活動を行う事業所（29_電気機械器具製造業）","5～9人","総数"
"102-2024","290","04","0","00000","2024000000","事業所","33","事業所数","管理、補助的経済活動を行う事業所（29_電気機械器具製造業）","10～19人","総数"
"102-2024","290","05","0","00000","2024000000","事業所","13","事業所数","管理、補助的経済活動を行う事業所（29_電気機械器具製造業）","20～29人","総数"
"102-2024","290","06","0","00000","2024000000","事業所","19","事業所数","管理、補助的経済活動を行う事業所（29_電気機械器具製造業）","30～49人","総数"
"102-2024","290","07","0","00000","2024000000","事業所","14","事業所数","管理、補助的経済活動を行う事業所（29_電気機械器具製造業）","50～99人","総数"
"102-2024","290","08","0","00000","2024000000","事業所","9","事業所数","管理、補助的経済活動を行う事業所（29_電気機械器具製造業）","100～199人","総数"
"102-2024","290","09","0","00000","2024000000","事業所","7","事業所数","管理、補助的経済活動を行う事業所（29_電気機械器具製造業）","200～299人","総数"
"102-2024","290","10","0","00000","2024000000","事業所","14","事業所数","管理、補助的経済活動を行う事業所（29_電気機械器具製造業）","300人以上","総数"
"102-2024","291","00","0","00000","2024000000","事業所","6120","事業所数","発電用・送電用・配電用電気機械器具製造業","総数","総数"
"102-2024","291","01","0","00000","2024000000","事業所","355","事業所数","発電用・送電用・配電用電気機械器具製造業","0人","総数"
"102-2024","291","02","0","00000","2024000000","事業所","2195","事業所数","発電用・送電用・配電用電気機械器具製造業","1～4人","総数"
"102-2024","291","03","0","00000","2024000000","事業所","1104","事業所数","発電用・送電用・配電用電気機械器具製造業","5～9人","総数"
"102-2024","291","04","0","00000","2024000000","事業所","950","事業所数","発電用・送電用・配電用電気機械器具製造業","10～19人","総数"
"102-2024","291","05","0","00000","2024000000","事業所","424","事業所数","発電用・送電用・配電用電気機械器具製造業","20～29人","総数"
"102-2024","291","06","0","00000","2024000000","事業所","443","事業所数","発電用・送電用・配電用電気機械器具製造業","30～49人","総数"
"102-2024","291","07","0","00000","2024000000","事業所","350","事業所数","発電用・送電用・配電用電気機械器具製造業","50～99人","総数"
"102-2024","291","08","0","00000","2024000000","事業所","167","事業所数","発電用・送電用・配電用電気機械器具製造業","100～199人","総数"
"102-2024","291","09","0","00000","2024000000","事業所","51","事業所数","発電用・送電用・配電用電気機械器具製造業","200～299人","総数"
"102-2024","291","10","0","00000","2024000000","事業所","81","事業所数","発電用・送電用・配電用電気機械器具製造業","300人以上","総数"
"102-2024","292","00","0","00000","2024000000","事業所","2165","事業所数","産業用電気機械器具製造業","総数","総数"
"102-2024","292","01","0","00000","2024000000","事業所","81","事業所数","産業用電気機械器具製造業","0人","総数"
"102-2024","292","02","0","00000","2024000000","事業所","543","事業所数","産業用電気機械器具製造業","1～4人","総数"
"102-2024","292","03","0","00000","2024000000","事業所","349","事業所数","産業用電気機械器具製造業","5～9人","総数"
"102-2024","292","04","0","00000","2024000000","事業所","387","事業所数","産業用電気機械器具製造業","10～19人","総数"
"102-2024","292","05","0","00000","2024000000","事業所","219","事業所数","産業用電気機械器具製造業","20～29人","総数"
"102-2024","292","06","0","00000","2024000000","事業所","223","事業所数","産業用電気機械器具製造業","30～49人","総数"
"102-2024","292","07","0","00000","2024000000","事業所","169","事業所数","産業用電気機械器具製造業","50～99人","総数"
"102-2024","292","08","0","00000","2024000000","事業所","110","事業所数","産業用電気機械器具製造業","100～199人","総数"
"102-2024","292","09","0","00000","2024000000","事業所","39","事業所数","産業用電気機械器具製造業","200～299人","総数"
"102-2024","292","10","0","00000","2024000000","事業所","45","事業所数","産業用電気機械器具製造業","300人以上","総数"
"102-2024","293","00","0","00000","2024000000","事業所","1317","事業所数","民生用電気機械器具製造業","総数","総数"
"102-2024","293","01","0","00000","2024000000","事業所","75","事業所数","民生用電気機械器具製造業","0人","総数"
"102-2024","293","02","0","00000","2024000000","事業所","378","事業所数","民生用電気機械器具製造業","1～4人","総数"
"102-2024","293","03","0","00000","2024000000","事業所","211","事業所数","民生用電気機械器具製造業","5～9人","総数"
"102-2024","293","04","0","00000","2024000000","事業所","189","事業所数","民生用電気機械器具製造業","10～19人","総数"
"102-2024","293","05","0","00000","2024000000","事業所","125","事業所数","民生用電気機械器具製造業","20～29人","総数"
"102-2024","293","06","0","00000","2024000000","事業所","101","事業所数","民生用電気機械器具製造業","30～49人","総数"
"102-2024","293","07","0","00000","2024000000","事業所","94","事業所数","民生用電気機械器具製造業","50～99人","総数"
"102-2024","293","08","0","00000","2024000000","事業所","74","事業所数","民生用電気機械器具製造業","100～199人","総数"
"102-2024","293","09","0","00000","2024000000","事業所","38","事業所数","民生用電気機械器具製造業","200～299人","総数"
"102-2024","293","10","0","00000","2024000000","事業所","32","事業所数","民生用電気機械器具製造業","300人以上","総数"
"102-2024","294","00","0","00000","2024000000","事業所","957","事業所数","電球・電気照明器具製造業","総数","総数"
"102-2024","294","01","0","00000","2024000000","事業所","56","事業所数","電球・電気照明器具製造業","0人","総数"
"102-2024","294","02","0","00000","2024000000","事業所","326","事業所数","電球・電気照明器具製造業","1～4人","総数"
"102-2024","294","03","0","00000","2024000000","事業所","173","事業所数","電球・電気照明器具製造業","5～9人","総数"
"102-2024","294","04","0","00000","2024000000","事業所","146","事業所数","電球・電気照明器具製造業","10～19人","総数"
"102-2024","294","05","0","00000","2024000000","事業所","70","事業所数","電球・電気照明器具製造業","20～29人","総数"
"102-2024","294","06","0","00000","2024000000","事業所","62","事業所数","電球・電気照明器具製造業","30～49人","総数"
"102-2024","294","07","0","00000","2024000000","事業所","71","事業所数","電球・電気照明器具製造業","50～99人","総数"
"102-2024","294","08","0","00000","2024000000","事業所","26","事業所数","電球・電気照明器具製造業","100～199人","総数"
"102-2024","294","09","0","00000","2024000000","事業所","6","事業所数","電球・電気照明器具製造業","200～299人","総数"
"102-2024","294","10","0","00000","2024000000","事業所","21","事業所数","電球・電気照明器具製造業","300人以上","総数"
"102-2024","295","00","0","00000","2024000000","事業所","252","事業所数","電池製造業","総数","総数"
"102-2024","295","01","0","00000","2024000000","事業所","26","事業所数","電池製造業","0人","総数"
"102-2024","295","02","0","00000","2024000000","事業所","45","事業所数","電池製造業","1～4人","総数"
"102-2024","295","03","0","00000","2024000000","事業所","26","事業所数","電池製造業","5～9人","総数"
"102-2024","295","04","0","00000","2024000000","事業所","34","事業所数","電池製造業","10～19人","総数"
"102-2024","295","05","0","00000","2024000000","事業所","21","事業所数","電池製造業","20～29人","総数"
"102-2024","295","06","0","00000","2024000000","事業所","20","事業所数","電池製造業","30～49人","総数"
"102-2024","295","07","0","00000","2024000000","事業所","20","事業所数","電池製造業","50～99人","総数"
"102-2024","295","08","0","00000","2024000000","事業所","17","事業所数","電池製造業","100～199人","総数"
"102-2024","295","09","0","00000","2024000000","事業所","12","事業所数","電池製造業","200～299人","総数"
"102-2024","295","10","0","00000","2024000000","事業所","31","事業所数","電池製造業","300人以上","総数"
"102-2024","296","00","0","00000","2024000000","事業所","958","事業所数","電子応用装置製造業","総数","総数"
"102-2024","296","01","0","00000","2024000000","事業所","64","事業所数","電子応用装置製造業","0人","総数"
"102-2024","296","02","0","00000","2024000000","事業所","312","事業所数","電子応用装置製造業","1～4人","総数"
"102-2024","296","03","0","00000","2024000000","事業所","157","事業所数","電子応用装置製造業","5～9人","総数"
"102-2024","296","04","0","00000","2024000000","事業所","170","事業所数","電子応用装置製造業","10～19人","総数"
"102-2024","296","05","0","00000","2024000000","事業所","73","事業所数","電子応用装置製造業","20～29人","総数"
"102-2024","296","06","0","00000","2024000000","事業所","65","事業所数","電子応用装置製造業","30～49人","総数"
"102-2024","296","07","0","00000","2024000000","事業所","64","事業所数","電子応用装置製造業","50～99人","総数"
"102-2024","296","08","0","00000","2024000000","事業所","31","事業所数","電子応用装置製造業","100～199人","総数"
"102-2024","296","09","0","00000","2024000000","事業所","7","事業所数","電子応用装置製造業","200～299人","総数"
"102-2024","296","10","0","00000","2024000000","事業所","15","事業所数","電子応用装置製造業","300人以上","総数"
"102-2024","297","00","0","00000","2024000000","事業所","1189","事業所数","電気計測器製造業","総数","総数"
"102-2024","297","01","0","00000","2024000000","事業所","78","事業所数","電気計測器製造業","0人","総数"
"102-2024","297","02","0","00000","2024000000","事業所","382","事業所数","電気計測器製造業","1～4人","総数"
"102-2024","297","03","0","00000","2024000000","事業所","180","事業所数","電気計測器製造業","5～9人","総数"
"102-2024","297","04","0","00000","2024000000","事業所","170","事業所数","電気計測器製造業","10～19人","総数"
"102-2024","297","05","0","00000","2024000000","事業所","103","事業所数","電気計測器製造業","20～29人","総数"
"102-2024","297","06","0","00000","2024000000","事業所","88","事業所数","電気計測器製造業","30～49人","総数"
"102-2024","297","07","0","00000","2024000000","事業所","89","事業所数","電気計測器製造業","50～99人","総数"
"102-2024","297","08","0","00000","2024000000","事業所","48","事業所数","電気計測器製造業","100～199人","総数"
"102-2024","297","09","0","00000","2024000000","事業所","22","事業所数","電気計測器製造業","200～299人","総数"
"102-2024","297","10","0","00000","2024000000","事業所","29","事業所数","電気計測器製造業","300人以上","総数"
"102-2024","299","00","0","00000","2024000000","事業所","476","事業所数","その他の電気機械器具製造業","総数","総数"
"102-2024","299","01","0","00000","2024000000","事業所","40","事業所数","その他の電気機械器具製造業","0人","総数"
"102-2024","299","02","0","00000","2024000000","事業所","143","事業所数","その他の電気機械器具製造業","1～4人","総数"
"102-2024","299","03","0","00000","2024000000","事業所","84","事業所数","その他の電気機械器具製造業","5～9人","総数"
"102-2024","299","04","0","00000","2024000000","事業所","64","事業所数","その他の電気機械器具製造業","10～19人","総数"
"102-2024","299","05","0","00000","2024000000","事業所","41","事業所数","その他の電気機械器具製造業","20～29人","総数"
"102-2024","299","06","0","00000","2024000000","事業所","34","事業所数","その他の電気機械器具製造業","30～49人","総数"
"102-2024","299","07","0","00000","2024000000","事業所","33","事業所数","その他の電気機械器具製造業","50～99人","総数"
"102-2024","299","08","0","00000","2024000000","事業所","24","事業所数","その他の電気機械器具製造業","100～199人","総数"
"102-2024","299","09","0","00000","2024000000","事業所","7","事業所数","その他の電気機械器具製造業","200～299人","総数"
"102-2024","299","10","0","00000","2024000000","事業所","6","事業所数","その他の電気機械器具製造業","300人以上","総数"
"102-2024","30","00","0","00000","2024000000","事業所","2062","事業所数","情報通信機械器具製造業","総数","総数"
"102-2024","30","01","0","00000","2024000000","事業所","146","事業所数","情報通信機械器具製造業","0人","総数"
"102-2024","30","02","0","00000","2024000000","事業所","577","事業所数","情報通信機械器具製造業","1～4人","総数"
"102-2024","30","03","0","00000","2024000000","事業所","288","事業所数","情報通信機械器具製造業","5～9人","総数"
"102-2024","30","04","0","00000","2024000000","事業所","295","事業所数","情報通信機械器具製造業","10～19人","総数"
"102-2024","30","05","0","00000","2024000000","事業所","159","事業所数","情報通信機械器具製造業","20～29人","総数"
"102-2024","30","06","0","00000","2024000000","事業所","174","事業所数","情報通信機械器具製造業","30～49人","総数"
"102-2024","30","07","0","00000","2024000000","事業所","170","事業所数","情報通信機械器具製造業","50～99人","総数"
"102-2024","30","08","0","00000","2024000000","事業所","115","事業所数","情報通信機械器具製造業","100～199人","総数"
"102-2024","30","09","0","00000","2024000000","事業所","53","事業所数","情報通信機械器具製造業","200～299人","総数"
"102-2024","30","10","0","00000","2024000000","事業所","85","事業所数","情報通信機械器具製造業","300人以上","総数"
"102-2024","300","00","0","00000","2024000000","事業所","72","事業所数","管理、補助的経済活動を行う事業所（30_情報通信機械器具製造業）","総数","総数"
"102-2024","300","01","0","00000","2024000000","事業所","3","事業所数","管理、補助的経済活動を行う事業所（30_情報通信機械器具製造業）","0人","総数"
"102-2024","300","02","0","00000","2024000000","事業所","24","事業所数","管理、補助的経済活動を行う事業所（30_情報通信機械器具製造業）","1～4人","総数"
"102-2024","300","03","0","00000","2024000000","事業所","10","事業所数","管理、補助的経済活動を行う事業所（30_情報通信機械器具製造業）","5～9人","総数"
"102-2024","300","04","0","00000","2024000000","事業所","6","事業所数","管理、補助的経済活動を行う事業所（30_情報通信機械器具製造業）","10～19人","総数"
"102-2024","300","05","0","00000","2024000000","事業所","7","事業所数","管理、補助的経済活動を行う事業所（30_情報通信機械器具製造業）","20～29人","総数"
"102-2024","300","06","0","00000","2024000000","事業所","2","事業所数","管理、補助的経済活動を行う事業所（30_情報通信機械器具製造業）","30～49人","総数"
"102-2024","300","07","0","00000","2024000000","事業所","1","事業所数","管理、補助的経済活動を行う事業所（30_情報通信機械器具製造業）","50～99人","総数"
"102-2024","300","08","0","00000","2024000000","事業所","4","事業所数","管理、補助的経済活動を行う事業所（30_情報通信機械器具製造業）","100～199人","総数"
"102-2024","300","09","0","00000","2024000000","事業所","3","事業所数","管理、補助的経済活動を行う事業所（30_情報通信機械器具製造業）","200～299人","総数"
"102-2024","300","10","0","00000","2024000000","事業所","12","事業所数","管理、補助的経済活動を行う事業所（30_情報通信機械器具製造業）","300人以上","総数"
"102-2024","301","00","0","00000","2024000000","事業所","832","事業所数","通信機械器具・同関連機械器具製造業","総数","総数"
"102-2024","301","01","0","00000","2024000000","事業所","40","事業所数","通信機械器具・同関連機械器具製造業","0人","総数"
"102-2024","301","02","0","00000","2024000000","事業所","175","事業所数","通信機械器具・同関連機械器具製造業","1～4人","総数"
"102-2024","301","03","0","00000","2024000000","事業所","110","事業所数","通信機械器具・同関連機械器具製造業","5～9人","総数"
"102-2024","301","04","0","00000","2024000000","事業所","126","事業所数","通信機械器具・同関連機械器具製造業","10～19人","総数"
"102-2024","301","05","0","00000","2024000000","事業所","75","事業所数","通信機械器具・同関連機械器具製造業","20～29人","総数"
"102-2024","301","06","0","00000","2024000000","事業所","92","事業所数","通信機械器具・同関連機械器具製造業","30～49人","総数"
"102-2024","301","07","0","00000","2024000000","事業所","91","事業所数","通信機械器具・同関連機械器具製造業","50～99人","総数"
"102-2024","301","08","0","00000","2024000000","事業所","53","事業所数","通信機械器具・同関連機械器具製造業","100～199人","総数"
"102-2024","301","09","0","00000","2024000000","事業所","29","事業所数","通信機械器具・同関連機械器具製造業","200～299人","総数"
"102-2024","301","10","0","00000","2024000000","事業所","41","事業所数","通信機械器具・同関連機械器具製造業","300人以上","総数"
"102-2024","302","00","0","00000","2024000000","事業所","567","事業所数","映像・音響機械器具製造業","総数","総数"
"102-2024","302","01","0","00000","2024000000","事業所","59","事業所数","映像・音響機械器具製造業","0人","総数"
"102-2024","302","02","0","00000","2024000000","事業所","218","事業所数","映像・音響機械器具製造業","1～4人","総数"
"102-2024","302","03","0","00000","2024000000","事業所","87","事業所数","映像・音響機械器具製造業","5～9人","総数"
"102-2024","302","04","0","00000","2024000000","事業所","76","事業所数","映像・音響機械器具製造業","10～19人","総数"
"102-2024","302","05","0","00000","2024000000","事業所","34","事業所数","映像・音響機械器具製造業","20～29人","総数"
"102-2024","302","06","0","00000","2024000000","事業所","25","事業所数","映像・音響機械器具製造業","30～49人","総数"
"102-2024","302","07","0","00000","2024000000","事業所","29","事業所数","映像・音響機械器具製造業","50～99人","総数"
"102-2024","302","08","0","00000","2024000000","事業所","20","事業所数","映像・音響機械器具製造業","100～199人","総数"
"102-2024","302","09","0","00000","2024000000","事業所","6","事業所数","映像・音響機械器具製造業","200～299人","総数"
"102-2024","302","10","0","00000","2024000000","事業所","13","事業所数","映像・音響機械器具製造業","300人以上","総数"
"102-2024","303","00","0","00000","2024000000","事業所","591","事業所数","電子計算機・同附属装置製造業","総数","総数"
"102-2024","303","01","0","00000","2024000000","事業所","44","事業所数","電子計算機・同附属装置製造業","0人","総数"
"102-2024","303","02","0","00000","2024000000","事業所","160","事業所数","電子計算機・同附属装置製造業","1～4人","総数"
"102-2024","303","03","0","00000","2024000000","事業所","81","事業所数","電子計算機・同附属装置製造業","5～9人","総数"
"102-2024","303","04","0","00000","2024000000","事業所","87","事業所数","電子計算機・同附属装置製造業","10～19人","総数"
"102-2024","303","05","0","00000","2024000000","事業所","43","事業所数","電子計算機・同附属装置製造業","20～29人","総数"
"102-2024","303","06","0","00000","2024000000","事業所","55","事業所数","電子計算機・同附属装置製造業","30～49人","総数"
"102-2024","303","07","0","00000","2024000000","事業所","49","事業所数","電子計算機・同附属装置製造業","50～99人","総数"
"102-2024","303","08","0","00000","2024000000","事業所","38","事業所数","電子計算機・同附属装置製造業","100～199人","総数"
"102-2024","303","09","0","00000","2024000000","事業所","15","事業所数","電子計算機・同附属装置製造業","200～299人","総数"
"102-2024","303","10","0","00000","2024000000","事業所","19","事業所数","電子計算機・同附属装置製造業","300人以上","総数"
"102-2024","31","00","0","00000","2024000000","事業所","15587","事業所数","輸送用機械器具製造業","総数","総数"
"102-2024","31","01","0","00000","2024000000","事業所","651","事業所数","輸送用機械器具製造業","0人","総数"
"102-2024","31","02","0","00000","2024000000","事業所","4462","事業所数","輸送用機械器具製造業","1～4人","総数"
"102-2024","31","03","0","00000","2024000000","事業所","2532","事業所数","輸送用機械器具製造業","5～9人","総数"
"102-2024","31","04","0","00000","2024000000","事業所","2476","事業所数","輸送用機械器具製造業","10～19人","総数"
"102-2024","31","05","0","00000","2024000000","事業所","1236","事業所数","輸送用機械器具製造業","20～29人","総数"
"102-2024","31","06","0","00000","2024000000","事業所","1397","事業所数","輸送用機械器具製造業","30～49人","総数"
"102-2024","31","07","0","00000","2024000000","事業所","1253","事業所数","輸送用機械器具製造業","50～99人","総数"
"102-2024","31","08","0","00000","2024000000","事業所","768","事業所数","輸送用機械器具製造業","100～199人","総数"
"102-2024","31","09","0","00000","2024000000","事業所","282","事業所数","輸送用機械器具製造業","200～299人","総数"
"102-2024","31","10","0","00000","2024000000","事業所","530","事業所数","輸送用機械器具製造業","300人以上","総数"
"102-2024","310","00","0","00000","2024000000","事業所","455","事業所数","管理、補助的経済活動を行う事業所（31_輸送用機械器具製造業）","総数","総数"
"102-2024","310","01","0","00000","2024000000","事業所","65","事業所数","管理、補助的経済活動を行う事業所（31_輸送用機械器具製造業）","0人","総数"
"102-2024","310","02","0","00000","2024000000","事業所","205","事業所数","管理、補助的経済活動を行う事業所（31_輸送用機械器具製造業）","1～4人","総数"
"102-2024","310","03","0","00000","2024000000","事業所","60","事業所数","管理、補助的経済活動を行う事業所（31_輸送用機械器具製造業）","5～9人","総数"
"102-2024","310","04","0","00000","2024000000","事業所","39","事業所数","管理、補助的経済活動を行う事業所（31_輸送用機械器具製造業）","10～19人","総数"
"102-2024","310","05","0","00000","2024000000","事業所","21","事業所数","管理、補助的経済活動を行う事業所（31_輸送用機械器具製造業）","20～29人","総数"
"102-2024","310","06","0","00000","2024000000","事業所","14","事業所数","管理、補助的経済活動を行う事業所（31_輸送用機械器具製造業）","30～49人","総数"
"102-2024","310","07","0","00000","2024000000","事業所","18","事業所数","管理、補助的経済活動を行う事業所（31_輸送用機械器具製造業）","50～99人","総数"
"102-2024","310","08","0","00000","2024000000","事業所","8","事業所数","管理、補助的経済活動を行う事業所（31_輸送用機械器具製造業）","100～199人","総数"
"102-2024","310","09","0","00000","2024000000","事業所","6","事業所数","管理、補助的経済活動を行う事業所（31_輸送用機械器具製造業）","200～299人","総数"
"102-2024","310","10","0","00000","2024000000","事業所","19","事業所数","管理、補助的経済活動を行う事業所（31_輸送用機械器具製造業）","300人以上","総数"
"102-2024","311","00","0","00000","2024000000","事業所","9782","事業所数","自動車・同附属品製造業","総数","総数"
"102-2024","311","01","0","00000","2024000000","事業所","346","事業所数","自動車・同附属品製造業","0人","総数"
"102-2024","311","02","0","00000","2024000000","事業所","2460","事業所数","自動車・同附属品製造業","1～4人","総数"
"102-2024","311","03","0","00000","2024000000","事業所","1439","事業所数","自動車・同附属品製造業","5～9人","総数"
"102-2024","311","04","0","00000","2024000000","事業所","1526","事業所数","自動車・同附属品製造業","10～19人","総数"
"102-2024","311","05","0","00000","2024000000","事業所","827","事業所数","自動車・同附属品製造業","20～29人","総数"
"102-2024","311","06","0","00000","2024000000","事業所","980","事業所数","自動車・同附属品製造業","30～49人","総数"
"102-2024","311","07","0","00000","2024000000","事業所","937","事業所数","自動車・同附属品製造業","50～99人","総数"
"102-2024","311","08","0","00000","2024000000","事業所","609","事業所数","自動車・同附属品製造業","100～199人","総数"
"102-2024","311","09","0","00000","2024000000","事業所","234","事業所数","自動車・同附属品製造業","200～299人","総数"
"102-2024","311","10","0","00000","2024000000","事業所","424","事業所数","自動車・同附属品製造業","300人以上","総数"
"102-2024","312","00","0","00000","2024000000","事業所","741","事業所数","鉄道車両・同部分品製造業","総数","総数"
"102-2024","312","01","0","00000","2024000000","事業所","19","事業所数","鉄道車両・同部分品製造業","0人","総数"
"102-2024","312","02","0","00000","2024000000","事業所","206","事業所数","鉄道車両・同部分品製造業","1～4人","総数"
"102-2024","312","03","0","00000","2024000000","事業所","129","事業所数","鉄道車両・同部分品製造業","5～9人","総数"
"102-2024","312","04","0","00000","2024000000","事業所","140","事業所数","鉄道車両・同部分品製造業","10～19人","総数"
"102-2024","312","05","0","00000","2024000000","事業所","66","事業所数","鉄道車両・同部分品製造業","20～29人","総数"
"102-2024","312","06","0","00000","2024000000","事業所","72","事業所数","鉄道車両・同部分品製造業","30～49人","総数"
"102-2024","312","07","0","00000","2024000000","事業所","49","事業所数","鉄道車両・同部分品製造業","50～99人","総数"
"102-2024","312","08","0","00000","2024000000","事業所","33","事業所数","鉄道車両・同部分品製造業","100～199人","総数"
"102-2024","312","09","0","00000","2024000000","事業所","11","事業所数","鉄道車両・同部分品製造業","200～299人","総数"
"102-2024","312","10","0","00000","2024000000","事業所","16","事業所数","鉄道車両・同部分品製造業","300人以上","総数"
"102-2024","313","00","0","00000","2024000000","事業所","3044","事業所数","船舶製造・修理業、舶用機関製造業","総数","総数"
"102-2024","313","01","0","00000","2024000000","事業所","142","事業所数","船舶製造・修理業、舶用機関製造業","0人","総数"
"102-2024","313","02","0","00000","2024000000","事業所","1115","事業所数","船舶製造・修理業、舶用機関製造業","1～4人","総数"
"102-2024","313","03","0","00000","2024000000","事業所","633","事業所数","船舶製造・修理業、舶用機関製造業","5～9人","総数"
"102-2024","313","04","0","00000","2024000000","事業所","526","事業所数","船舶製造・修理業、舶用機関製造業","10～19人","総数"
"102-2024","313","05","0","00000","2024000000","事業所","206","事業所数","船舶製造・修理業、舶用機関製造業","20～29人","総数"
"102-2024","313","06","0","00000","2024000000","事業所","197","事業所数","船舶製造・修理業、舶用機関製造業","30～49人","総数"
"102-2024","313","07","0","00000","2024000000","事業所","124","事業所数","船舶製造・修理業、舶用機関製造業","50～99人","総数"
"102-2024","313","08","0","00000","2024000000","事業所","51","事業所数","船舶製造・修理業、舶用機関製造業","100～199人","総数"
"102-2024","313","09","0","00000","2024000000","事業所","17","事業所数","船舶製造・修理業、舶用機関製造業","200～299人","総数"
"102-2024","313","10","0","00000","2024000000","事業所","33","事業所数","船舶製造・修理業、舶用機関製造業","300人以上","総数"
"102-2024","314","00","0","00000","2024000000","事業所","455","事業所数","航空機・同附属品製造業","総数","総数"
"102-2024","314","01","0","00000","2024000000","事業所","9","事業所数","航空機・同附属品製造業","0人","総数"
"102-2024","314","02","0","00000","2024000000","事業所","100","事業所数","航空機・同附属品製造業","1～4人","総数"
"102-2024","314","03","0","00000","2024000000","事業所","66","事業所数","航空機・同附属品製造業","5～9人","総数"
"102-2024","314","04","0","00000","2024000000","事業所","55","事業所数","航空機・同附属品製造業","10～19人","総数"
"102-2024","314","05","0","00000","2024000000","事業所","48","事業所数","航空機・同附属品製造業","20～29人","総数"
"102-2024","314","06","0","00000","2024000000","事業所","58","事業所数","航空機・同附属品製造業","30～49人","総数"
"102-2024","314","07","0","00000","2024000000","事業所","51","事業所数","航空機・同附属品製造業","50～99人","総数"
"102-2024","314","08","0","00000","2024000000","事業所","34","事業所数","航空機・同附属品製造業","100～199人","総数"
"102-2024","314","09","0","00000","2024000000","事業所","9","事業所数","航空機・同附属品製造業","200～299人","総数"
"102-2024","314","10","0","00000","2024000000","事業所","25","事業所数","航空機・同附属品製造業","300人以上","総数"
"102-2024","315","00","0","00000","2024000000","事業所","417","事業所数","産業用運搬車両・同部分品・附属品製造業","総数","総数"
"102-2024","315","01","0","00000","2024000000","事業所","19","事業所数","産業用運搬車両・同部分品・附属品製造業","0人","総数"
"102-2024","315","02","0","00000","2024000000","事業所","136","事業所数","産業用運搬車両・同部分品・附属品製造業","1～4人","総数"
"102-2024","315","03","0","00000","2024000000","事業所","68","事業所数","産業用運搬車両・同部分品・附属品製造業","5～9人","総数"
"102-2024","315","04","0","00000","2024000000","事業所","79","事業所数","産業用運搬車両・同部分品・附属品製造業","10～19人","総数"
"102-2024","315","05","0","00000","2024000000","事業所","38","事業所数","産業用運搬車両・同部分品・附属品製造業","20～29人","総数"
"102-2024","315","06","0","00000","2024000000","事業所","28","事業所数","産業用運搬車両・同部分品・附属品製造業","30～49人","総数"
"102-2024","315","07","0","00000","2024000000","事業所","28","事業所数","産業用運搬車両・同部分品・附属品製造業","50～99人","総数"
"102-2024","315","08","0","00000","2024000000","事業所","12","事業所数","産業用運搬車両・同部分品・附属品製造業","100～199人","総数"
"102-2024","315","09","0","00000","2024000000","事業所","3","事業所数","産業用運搬車両・同部分品・附属品製造業","200～299人","総数"
"102-2024","315","10","0","00000","2024000000","事業所","6","事業所数","産業用運搬車両・同部分品・附属品製造業","300人以上","総数"
"102-2024","319","00","0","00000","2024000000","事業所","693","事業所数","その他の輸送用機械器具製造業","総数","総数"
"102-2024","319","01","0","00000","2024000000","事業所","51","事業所数","その他の輸送用機械器具製造業","0人","総数"
"102-2024","319","02","0","00000","2024000000","事業所","240","事業所数","その他の輸送用機械器具製造業","1～4人","総数"
"102-2024","319","03","0","00000","2024000000","事業所","137","事業所数","その他の輸送用機械器具製造業","5～9人","総数"
"102-2024","319","04","0","00000","2024000000","事業所","111","事業所数","その他の輸送用機械器具製造業","10～19人","総数"
"102-2024","319","05","0","00000","2024000000","事業所","30","事業所数","その他の輸送用機械器具製造業","20～29人","総数"
"102-2024","319","06","0","00000","2024000000","事業所","48","事業所数","その他の輸送用機械器具製造業","30～49人","総数"
"102-2024","319","07","0","00000","2024000000","事業所","46","事業所数","その他の輸送用機械器具製造業","50～99人","総数"
"102-2024","319","08","0","00000","2024000000","事業所","21","事業所数","その他の輸送用機械器具製造業","100～199人","総数"
"102-2024","319","09","0","00000","2024000000","事業所","2","事業所数","その他の輸送用機械器具製造業","200～299人","総数"
"102-2024","319","10","0","00000","2024000000","事業所","7","事業所数","その他の輸送用機械器具製造業","300人以上","総数"
"102-2024","32","00","0","00000","2024000000","事業所","17849","事業所数","その他の製造業","総数","総数"
"102-2024","32","01","0","00000","2024000000","事業所","1796","事業所数","その他の製造業","0人","総数"
"102-2024","32","02","0","00000","2024000000","事業所","9623","事業所数","その他の製造業","1～4人","総数"
"102-2024","32","03","0","00000","2024000000","事業所","2865","事業所数","その他の製造業","5～9人","総数"
"102-2024","32","04","0","00000","2024000000","事業所","1729","事業所数","その他の製造業","10～19人","総数"
"102-2024","32","05","0","00000","2024000000","事業所","676","事業所数","その他の製造業","20～29人","総数"
"102-2024","32","06","0","00000","2024000000","事業所","540","事業所数","その他の製造業","30～49人","総数"
"102-2024","32","07","0","00000","2024000000","事業所","347","事業所数","その他の製造業","50～99人","総数"
"102-2024","32","08","0","00000","2024000000","事業所","180","事業所数","その他の製造業","100～199人","総数"
"102-2024","32","09","0","00000","2024000000","事業所","52","事業所数","その他の製造業","200～299人","総数"
"102-2024","32","10","0","00000","2024000000","事業所","41","事業所数","その他の製造業","300人以上","総数"
"102-2024","320","00","0","00000","2024000000","事業所","186","事業所数","管理、補助的経済活動を行う事業所（32_その他の製造業）","総数","総数"
"102-2024","320","01","0","00000","2024000000","事業所","27","事業所数","管理、補助的経済活動を行う事業所（32_その他の製造業）","0人","総数"
"102-2024","320","02","0","00000","2024000000","事業所","95","事業所数","管理、補助的経済活動を行う事業所（32_その他の製造業）","1～4人","総数"
"102-2024","320","03","0","00000","2024000000","事業所","24","事業所数","管理、補助的経済活動を行う事業所（32_その他の製造業）","5～9人","総数"
"102-2024","320","04","0","00000","2024000000","事業所","11","事業所数","管理、補助的経済活動を行う事業所（32_その他の製造業）","10～19人","総数"
"102-2024","320","05","0","00000","2024000000","事業所","5","事業所数","管理、補助的経済活動を行う事業所（32_その他の製造業）","20～29人","総数"
"102-2024","320","06","0","00000","2024000000","事業所","8","事業所数","管理、補助的経済活動を行う事業所（32_その他の製造業）","30～49人","総数"
"102-2024","320","07","0","00000","2024000000","事業所","9","事業所数","管理、補助的経済活動を行う事業所（32_その他の製造業）","50～99人","総数"
"102-2024","320","08","0","00000","2024000000","事業所","3","事業所数","管理、補助的経済活動を行う事業所（32_その他の製造業）","100～199人","総数"
"102-2024","320","09","0","00000","2024000000","事業所","3","事業所数","管理、補助的経済活動を行う事業所（32_その他の製造業）","200～299人","総数"
"102-2024","320","10","0","00000","2024000000","事業所","1","事業所数","管理、補助的経済活動を行う事業所（32_その他の製造業）","300人以上","総数"
"102-2024","321","00","0","00000","2024000000","事業所","1126","事業所数","貴金属・宝石製品製造業","総数","総数"
"102-2024","321","01","0","00000","2024000000","事業所","125","事業所数","貴金属・宝石製品製造業","0人","総数"
"102-2024","321","02","0","00000","2024000000","事業所","648","事業所数","貴金属・宝石製品製造業","1～4人","総数"
"102-2024","321","03","0","00000","2024000000","事業所","173","事業所数","貴金属・宝石製品製造業","5～9人","総数"
"102-2024","321","04","0","00000","2024000000","事業所","96","事業所数","貴金属・宝石製品製造業","10～19人","総数"
"102-2024","321","05","0","00000","2024000000","事業所","32","事業所数","貴金属・宝石製品製造業","20～29人","総数"
"102-2024","321","06","0","00000","2024000000","事業所","26","事業所数","貴金属・宝石製品製造業","30～49人","総数"
"102-2024","321","07","0","00000","2024000000","事業所","16","事業所数","貴金属・宝石製品製造業","50～99人","総数"
"102-2024","321","08","0","00000","2024000000","事業所","7","事業所数","貴金属・宝石製品製造業","100～199人","総数"
"102-2024","321","09","0","00000","2024000000","事業所","2","事業所数","貴金属・宝石製品製造業","200～299人","総数"
"102-2024","321","10","0","00000","2024000000","事業所","1","事業所数","貴金属・宝石製品製造業","300人以上","総数"
"102-2024","322","00","0","00000","2024000000","事業所","943","事業所数","装身具・装飾品・ボタン・同関連品製造業（貴金属・宝石製を除く）","総数","総数"
"102-2024","322","01","0","00000","2024000000","事業所","115","事業所数","装身具・装飾品・ボタン・同関連品製造業（貴金属・宝石製を除く）","0人","総数"
"102-2024","322","02","0","00000","2024000000","事業所","476","事業所数","装身具・装飾品・ボタン・同関連品製造業（貴金属・宝石製を除く）","1～4人","総数"
"102-2024","322","03","0","00000","2024000000","事業所","165","事業所数","装身具・装飾品・ボタン・同関連品製造業（貴金属・宝石製を除く）","5～9人","総数"
"102-2024","322","04","0","00000","2024000000","事業所","84","事業所数","装身具・装飾品・ボタン・同関連品製造業（貴金属・宝石製を除く）","10～19人","総数"
"102-2024","322","05","0","00000","2024000000","事業所","44","事業所数","装身具・装飾品・ボタン・同関連品製造業（貴金属・宝石製を除く）","20～29人","総数"
"102-2024","322","06","0","00000","2024000000","事業所","30","事業所数","装身具・装飾品・ボタン・同関連品製造業（貴金属・宝石製を除く）","30～49人","総数"
"102-2024","322","07","0","00000","2024000000","事業所","18","事業所数","装身具・装飾品・ボタン・同関連品製造業（貴金属・宝石製を除く）","50～99人","総数"
"102-2024","322","08","0","00000","2024000000","事業所","8","事業所数","装身具・装飾品・ボタン・同関連品製造業（貴金属・宝石製を除く）","100～199人","総数"
"102-2024","322","09","0","00000","2024000000","事業所","1","事業所数","装身具・装飾品・ボタン・同関連品製造業（貴金属・宝石製を除く）","200～299人","総数"
"102-2024","322","10","0","00000","2024000000","事業所","2","事業所数","装身具・装飾品・ボタン・同関連品製造業（貴金属・宝石製を除く）","300人以上","総数"
"102-2024","323","00","0","00000","2024000000","事業所","144","事業所数","時計・同部分品製造業","総数","総数"
"102-2024","323","01","0","00000","2024000000","事業所","10","事業所数","時計・同部分品製造業","0人","総数"
"102-2024","323","02","0","00000","2024000000","事業所","39","事業所数","時計・同部分品製造業","1～4人","総数"
"102-2024","323","03","0","00000","2024000000","事業所","25","事業所数","時計・同部分品製造業","5～9人","総数"
"102-2024","323","04","0","00000","2024000000","事業所","14","事業所数","時計・同部分品製造業","10～19人","総数"
"102-2024","323","05","0","00000","2024000000","事業所","14","事業所数","時計・同部分品製造業","20～29人","総数"
"102-2024","323","06","0","00000","2024000000","事業所","11","事業所数","時計・同部分品製造業","30～49人","総数"
"102-2024","323","07","0","00000","2024000000","事業所","16","事業所数","時計・同部分品製造業","50～99人","総数"
"102-2024","323","08","0","00000","2024000000","事業所","7","事業所数","時計・同部分品製造業","100～199人","総数"
"102-2024","323","09","0","00000","2024000000","事業所","5","事業所数","時計・同部分品製造業","200～299人","総数"
"102-2024","323","10","0","00000","2024000000","事業所","3","事業所数","時計・同部分品製造業","300人以上","総数"
"102-2024","324","00","0","00000","2024000000","事業所","391","事業所数","楽器製造業","総数","総数"
"102-2024","324","01","0","00000","2024000000","事業所","32","事業所数","楽器製造業","0人","総数"
"102-2024","324","02","0","00000","2024000000","事業所","195","事業所数","楽器製造業","1～4人","総数"
"102-2024","324","03","0","00000","2024000000","事業所","60","事業所数","楽器製造業","5～9人","総数"
"102-2024","324","04","0","00000","2024000000","事業所","41","事業所数","楽器製造業","10～19人","総数"
"102-2024","324","05","0","00000","2024000000","事業所","16","事業所数","楽器製造業","20～29人","総数"
"102-2024","324","06","0","00000","2024000000","事業所","19","事業所数","楽器製造業","30～49人","総数"
"102-2024","324","07","0","00000","2024000000","事業所","19","事業所数","楽器製造業","50～99人","総数"
"102-2024","324","08","0","00000","2024000000","事業所","4","事業所数","楽器製造業","100～199人","総数"
"102-2024","324","09","0","00000","2024000000","事業所","3","事業所数","楽器製造業","200～299人","総数"
"102-2024","324","10","0","00000","2024000000","事業所","2","事業所数","楽器製造業","300人以上","総数"
"102-2024","325","00","0","00000","2024000000","事業所","2169","事業所数","がん具・運動用具製造業","総数","総数"
"102-2024","325","01","0","00000","2024000000","事業所","230","事業所数","がん具・運動用具製造業","0人","総数"
"102-2024","325","02","0","00000","2024000000","事業所","985","事業所数","がん具・運動用具製造業","1～4人","総数"
"102-2024","325","03","0","00000","2024000000","事業所","371","事業所数","がん具・運動用具製造業","5～9人","総数"
"102-2024","325","04","0","00000","2024000000","事業所","264","事業所数","がん具・運動用具製造業","10～19人","総数"
"102-2024","325","05","0","00000","2024000000","事業所","115","事業所数","がん具・運動用具製造業","20～29人","総数"
"102-2024","325","06","0","00000","2024000000","事業所","97","事業所数","がん具・運動用具製造業","30～49人","総数"
"102-2024","325","07","0","00000","2024000000","事業所","58","事業所数","がん具・運動用具製造業","50～99人","総数"
"102-2024","325","08","0","00000","2024000000","事業所","36","事業所数","がん具・運動用具製造業","100～199人","総数"
"102-2024","325","09","0","00000","2024000000","事業所","10","事業所数","がん具・運動用具製造業","200～299人","総数"
"102-2024","325","10","0","00000","2024000000","事業所","3","事業所数","がん具・運動用具製造業","300人以上","総数"
"102-2024","32A","00","0","00000","2024000000","事業所","1164","事業所数","がん具製造業","総数","総数"
"102-2024","32A","01","0","00000","2024000000","事業所","129","事業所数","がん具製造業","0人","総数"
"102-2024","32A","02","0","00000","2024000000","事業所","552","事業所数","がん具製造業","1～4人","総数"
"102-2024","32A","03","0","00000","2024000000","事業所","213","事業所数","がん具製造業","5～9人","総数"
"102-2024","32A","04","0","00000","2024000000","事業所","135","事業所数","がん具製造業","10～19人","総数"
"102-2024","32A","05","0","00000","2024000000","事業所","51","事業所数","がん具製造業","20～29人","総数"
"102-2024","32A","06","0","00000","2024000000","事業所","40","事業所数","がん具製造業","30～49人","総数"
"102-2024","32A","07","0","00000","2024000000","事業所","26","事業所数","がん具製造業","50～99人","総数"
"102-2024","32A","08","0","00000","2024000000","事業所","13","事業所数","がん具製造業","100～199人","総数"
"102-2024","32A","09","0","00000","2024000000","事業所","4","事業所数","がん具製造業","200～299人","総数"
"102-2024","32A","10","0","00000","2024000000","事業所","1","事業所数","がん具製造業","300人以上","総数"
"102-2024","32B","00","0","00000","2024000000","事業所","1005","事業所数","運動用具製造業","総数","総数"
"102-2024","32B","01","0","00000","2024000000","事業所","101","事業所数","運動用具製造業","0人","総数"
"102-2024","32B","02","0","00000","2024000000","事業所","433","事業所数","運動用具製造業","1～4人","総数"
"102-2024","32B","03","0","00000","2024000000","事業所","158","事業所数","運動用具製造業","5～9人","総数"
"102-2024","32B","04","0","00000","2024000000","事業所","129","事業所数","運動用具製造業","10～19人","総数"
"102-2024","32B","05","0","00000","2024000000","事業所","64","事業所数","運動用具製造業","20～29人","総数"
"102-2024","32B","06","0","00000","2024000000","事業所","57","事業所数","運動用具製造業","30～49人","総数"
"102-2024","32B","07","0","00000","2024000000","事業所","32","事業所数","運動用具製造業","50～99人","総数"
"102-2024","32B","08","0","00000","2024000000","事業所","23","事業所数","運動用具製造業","100～199人","総数"
"102-2024","32B","09","0","00000","2024000000","事業所","6","事業所数","運動用具製造業","200～299人","総数"
"102-2024","32B","10","0","00000","2024000000","事業所","2","事業所数","運動用具製造業","300人以上","総数"
"102-2024","326","00","0","00000","2024000000","事業所","789","事業所数","ペン・鉛筆・絵画用品・その他の事務用品製造業","総数","総数"
"102-2024","326","01","0","00000","2024000000","事業所","46","事業所数","ペン・鉛筆・絵画用品・その他の事務用品製造業","0人","総数"
"102-2024","326","02","0","00000","2024000000","事業所","335","事業所数","ペン・鉛筆・絵画用品・その他の事務用品製造業","1～4人","総数"
"102-2024","326","03","0","00000","2024000000","事業所","145","事業所数","ペン・鉛筆・絵画用品・その他の事務用品製造業","5～9人","総数"
"102-2024","326","04","0","00000","2024000000","事業所","109","事業所数","ペン・鉛筆・絵画用品・その他の事務用品製造業","10～19人","総数"
"102-2024","326","05","0","00000","2024000000","事業所","44","事業所数","ペン・鉛筆・絵画用品・その他の事務用品製造業","20～29人","総数"
"102-2024","326","06","0","00000","2024000000","事業所","48","事業所数","ペン・鉛筆・絵画用品・その他の事務用品製造業","30～49人","総数"
"102-2024","326","07","0","00000","2024000000","事業所","34","事業所数","ペン・鉛筆・絵画用品・その他の事務用品製造業","50～99人","総数"
"102-2024","326","08","0","00000","2024000000","事業所","17","事業所数","ペン・鉛筆・絵画用品・その他の事務用品製造業","100～199人","総数"
"102-2024","326","09","0","00000","2024000000","事業所","6","事業所数","ペン・鉛筆・絵画用品・その他の事務用品製造業","200～299人","総数"
"102-2024","326","10","0","00000","2024000000","事業所","5","事業所数","ペン・鉛筆・絵画用品・その他の事務用品製造業","300人以上","総数"
"102-2024","327","00","0","00000","2024000000","事業所","469","事業所数","漆器製造業","総数","総数"
"102-2024","327","01","0","00000","2024000000","事業所","34","事業所数","漆器製造業","0人","総数"
"102-2024","327","02","0","00000","2024000000","事業所","317","事業所数","漆器製造業","1～4人","総数"
"102-2024","327","03","0","00000","2024000000","事業所","67","事業所数","漆器製造業","5～9人","総数"
"102-2024","327","04","0","00000","2024000000","事業所","34","事業所数","漆器製造業","10～19人","総数"
"102-2024","327","05","0","00000","2024000000","事業所","11","事業所数","漆器製造業","20～29人","総数"
"102-2024","327","06","0","00000","2024000000","事業所","***","事業所数","漆器製造業","30～49人","総数"
"102-2024","327","07","0","00000","2024000000","事業所","5","事業所数","漆器製造業","50～99人","総数"
"102-2024","327","08","0","00000","2024000000","事業所","1","事業所数","漆器製造業","100～199人","総数"
"102-2024","327","09","0","00000","2024000000","事業所","***","事業所数","漆器製造業","200～299人","総数"
"102-2024","327","10","0","00000","2024000000","事業所","***","事業所数","漆器製造業","300人以上","総数"
"102-2024","328","00","0","00000","2024000000","事業所","2185","事業所数","畳等生活雑貨製品製造業","総数","総数"
"102-2024","328","01","0","00000","2024000000","事業所","182","事業所数","畳等生活雑貨製品製造業","0人","総数"
"102-2024","328","02","0","00000","2024000000","事業所","1392","事業所数","畳等生活雑貨製品製造業","1～4人","総数"
"102-2024","328","03","0","00000","2024000000","事業所","278","事業所数","畳等生活雑貨製品製造業","5～9人","総数"
"102-2024","328","04","0","00000","2024000000","事業所","173","事業所数","畳等生活雑貨製品製造業","10～19人","総数"
"102-2024","328","05","0","00000","2024000000","事業所","67","事業所数","畳等生活雑貨製品製造業","20～29人","総数"
"102-2024","328","06","0","00000","2024000000","事業所","57","事業所数","畳等生活雑貨製品製造業","30～49人","総数"
"102-2024","328","07","0","00000","2024000000","事業所","22","事業所数","畳等生活雑貨製品製造業","50～99人","総数"
"102-2024","328","08","0","00000","2024000000","事業所","11","事業所数","畳等生活雑貨製品製造業","100～199人","総数"
"102-2024","328","09","0","00000","2024000000","事業所","1","事業所数","畳等生活雑貨製品製造業","200～299人","総数"
"102-2024","328","10","0","00000","2024000000","事業所","2","事業所数","畳等生活雑貨製品製造業","300人以上","総数"
"102-2024","329","00","0","00000","2024000000","事業所","9446","事業所数","他に分類されない製造業","総数","総数"
"102-2024","329","01","0","00000","2024000000","事業所","995","事業所数","他に分類されない製造業","0人","総数"
"102-2024","329","02","0","00000","2024000000","事業所","5140","事業所数","他に分類されない製造業","1～4人","総数"
"102-2024","329","03","0","00000","2024000000","事業所","1557","事業所数","他に分類されない製造業","5～9人","総数"
"102-2024","329","04","0","00000","2024000000","事業所","903","事業所数","他に分類されない製造業","10～19人","総数"
"102-2024","329","05","0","00000","2024000000","事業所","328","事業所数","他に分類されない製造業","20～29人","総数"
"102-2024","329","06","0","00000","2024000000","事業所","244","事業所数","他に分類されない製造業","30～49人","総数"
"102-2024","329","07","0","00000","2024000000","事業所","150","事業所数","他に分類されない製造業","50～99人","総数"
"102-2024","329","08","0","00000","2024000000","事業所","86","事業所数","他に分類されない製造業","100～199人","総数"
"102-2024","329","09","0","00000","2024000000","事業所","21","事業所数","他に分類されない製造業","200～299人","総数"
"102-2024","329","10","0","00000","2024000000","事業所","22","事業所数","他に分類されない製造業","300人以上","総数"
"102-2024","32C","00","0","00000","2024000000","事業所","168","事業所数","情報記録物製造業（新聞、書籍等の印刷物を除く）","総数","総数"
"102-2024","32C","01","0","00000","2024000000","事業所","24","事業所数","情報記録物製造業（新聞、書籍等の印刷物を除く）","0人","総数"
"102-2024","32C","02","0","00000","2024000000","事業所","61","事業所数","情報記録物製造業（新聞、書籍等の印刷物を除く）","1～4人","総数"
"102-2024","32C","03","0","00000","2024000000","事業所","30","事業所数","情報記録物製造業（新聞、書籍等の印刷物を除く）","5～9人","総数"
"102-2024","32C","04","0","00000","2024000000","事業所","22","事業所数","情報記録物製造業（新聞、書籍等の印刷物を除く）","10～19人","総数"
"102-2024","32C","05","0","00000","2024000000","事業所","5","事業所数","情報記録物製造業（新聞、書籍等の印刷物を除く）","20～29人","総数"
"102-2024","32C","06","0","00000","2024000000","事業所","12","事業所数","情報記録物製造業（新聞、書籍等の印刷物を除く）","30～49人","総数"
"102-2024","32C","07","0","00000","2024000000","事業所","4","事業所数","情報記録物製造業（新聞、書籍等の印刷物を除く）","50～99人","総数"
"102-2024","32C","08","0","00000","2024000000","事業所","6","事業所数","情報記録物製造業（新聞、書籍等の印刷物を除く）","100～199人","総数"
"102-2024","32C","09","0","00000","2024000000","事業所","2","事業所数","情報記録物製造業（新聞、書籍等の印刷物を除く）","200～299人","総数"
"102-2024","32C","10","0","00000","2024000000","事業所","2","事業所数","情報記録物製造業（新聞、書籍等の印刷物を除く）","300人以上","総数"
"102-2024","32D","00","0","00000","2024000000","事業所","9278","事業所数","他に分類されないその他の製造業","総数","総数"
"102-2024","32D","01","0","00000","2024000000","事業所","971","事業所数","他に分類されないその他の製造業","0人","総数"
"102-2024","32D","02","0","00000","2024000000","事業所","5079","事業所数","他に分類されないその他の製造業","1～4人","総数"
"102-2024","32D","03","0","00000","2024000000","事業所","1527","事業所数","他に分類されないその他の製造業","5～9人","総数"
"102-2024","32D","04","0","00000","2024000000","事業所","881","事業所数","他に分類されないその他の製造業","10～19人","総数"
"102-2024","32D","05","0","00000","2024000000","事業所","323","事業所数","他に分類されないその他の製造業","20～29人","総数"
"102-2024","32D","06","0","00000","2024000000","事業所","232","事業所数","他に分類されないその他の製造業","30～49人","総数"
"102-2024","32D","07","0","00000","2024000000","事業所","146","事業所数","他に分類されないその他の製造業","50～99人","総数"
"102-2024","32D","08","0","00000","2024000000","事業所","80","事業所数","他に分類されないその他の製造業","100～199人","総数"
"102-2024","32D","09","0","00000","2024000000","事業所","19","事業所数","他に分類されないその他の製造業","200～299人","総数"
"102-2024","32D","10","0","00000","2024000000","事業所","20","事業所数","他に分類されないその他の製造業","300人以上","総数"
"102-2024","F","00","0","00000","2024000000","事業所","12079","事業所数","電気・ガス・熱供給・水道業","総数","総数"
"102-2024","F","01","0","00000","2024000000","事業所","3429","事業所数","電気・ガス・熱供給・水道業","0人","総数"
"102-2024","F","02","0","00000","2024000000","事業所","4668","事業所数","電気・ガス・熱供給・水道業","1～4人","総数"
"102-2024","F","03","0","00000","2024000000","事業所","1078","事業所数","電気・ガス・熱供給・水道業","5～9人","総数"
"102-2024","F","04","0","00000","2024000000","事業所","1086","事業所数","電気・ガス・熱供給・水道業","10～19人","総数"
"102-2024","F","05","0","00000","2024000000","事業所","516","事業所数","電気・ガス・熱供給・水道業","20～29人","総数"
"102-2024","F","06","0","00000","2024000000","事業所","470","事業所数","電気・ガス・熱供給・水道業","30～49人","総数"
"102-2024","F","07","0","00000","2024000000","事業所","471","事業所数","電気・ガス・熱供給・水道業","50～99人","総数"
"102-2024","F","08","0","00000","2024000000","事業所","209","事業所数","電気・ガス・熱供給・水道業","100～199人","総数"
"102-2024","F","09","0","00000","2024000000","事業所","56","事業所数","電気・ガス・熱供給・水道業","200～299人","総数"
"102-2024","F","10","0","00000","2024000000","事業所","96","事業所数","電気・ガス・熱供給・水道業","300人以上","総数"
"102-2024","33","00","0","00000","2024000000","事業所","9258","事業所数","電気業","総数","総数"
"102-2024","33","01","0","00000","2024000000","事業所","3309","事業所数","電気業","0人","総数"
"102-2024","33","02","0","00000","2024000000","事業所","3902","事業所数","電気業","1～4人","総数"
"102-2024","33","03","0","00000","2024000000","事業所","483","事業所数","電気業","5～9人","総数"
"102-2024","33","04","0","00000","2024000000","事業所","438","事業所数","電気業","10～19人","総数"
"102-2024","33","05","0","00000","2024000000","事業所","249","事業所数","電気業","20～29人","総数"
"102-2024","33","06","0","00000","2024000000","事業所","289","事業所数","電気業","30～49人","総数"
"102-2024","33","07","0","00000","2024000000","事業所","318","事業所数","電気業","50～99人","総数"
"102-2024","33","08","0","00000","2024000000","事業所","158","事業所数","電気業","100～199人","総数"
"102-2024","33","09","0","00000","2024000000","事業所","39","事業所数","電気業","200～299人","総数"
"102-2024","33","10","0","00000","2024000000","事業所","73","事業所数","電気業","300人以上","総数"
"102-2024","330","00","0","00000","2024000000","事業所","706","事業所数","管理、補助的経済活動を行う事業所（33_電気業）","総数","総数"
"102-2024","330","01","0","00000","2024000000","事業所","61","事業所数","管理、補助的経済活動を行う事業所（33_電気業）","0人","総数"
"102-2024","330","02","0","00000","2024000000","事業所","63","事業所数","管理、補助的経済活動を行う事業所（33_電気業）","1～4人","総数"
"102-2024","330","03","0","00000","2024000000","事業所","64","事業所数","管理、補助的経済活動を行う事業所（33_電気業）","5～9人","総数"
"102-2024","330","04","0","00000","2024000000","事業所","87","事業所数","管理、補助的経済活動を行う事業所（33_電気業）","10～19人","総数"
"102-2024","330","05","0","00000","2024000000","事業所","97","事業所数","管理、補助的経済活動を行う事業所（33_電気業）","20～29人","総数"
"102-2024","330","06","0","00000","2024000000","事業所","131","事業所数","管理、補助的経済活動を行う事業所（33_電気業）","30～49人","総数"
"102-2024","330","07","0","00000","2024000000","事業所","116","事業所数","管理、補助的経済活動を行う事業所（33_電気業）","50～99人","総数"
"102-2024","330","08","0","00000","2024000000","事業所","52","事業所数","管理、補助的経済活動を行う事業所（33_電気業）","100～199人","総数"
"102-2024","330","09","0","00000","2024000000","事業所","8","事業所数","管理、補助的経済活動を行う事業所（33_電気業）","200～299人","総数"
"102-2024","330","10","0","00000","2024000000","事業所","27","事業所数","管理、補助的経済活動を行う事業所（33_電気業）","300人以上","総数"
"102-2024","331","00","0","00000","2024000000","事業所","8552","事業所数","電気業","総数","総数"
"102-2024","331","01","0","00000","2024000000","事業所","3248","事業所数","電気業","0人","総数"
"102-2024","331","02","0","00000","2024000000","事業所","3839","事業所数","電気業","1～4人","総数"
"102-2024","331","03","0","00000","2024000000","事業所","419","事業所数","電気業","5～9人","総数"
"102-2024","331","04","0","00000","2024000000","事業所","351","事業所数","電気業","10～19人","総数"
"102-2024","331","05","0","00000","2024000000","事業所","152","事業所数","電気業","20～29人","総数"
"102-2024","331","06","0","00000","2024000000","事業所","158","事業所数","電気業","30～49人","総数"
"102-2024","331","07","0","00000","2024000000","事業所","202","事業所数","電気業","50～99人","総数"
"102-2024","331","08","0","00000","2024000000","事業所","106","事業所数","電気業","100～199人","総数"
"102-2024","331","09","0","00000","2024000000","事業所","31","事業所数","電気業","200～299人","総数"
"102-2024","331","10","0","00000","2024000000","事業所","46","事業所数","電気業","300人以上","総数"
"102-2024","34","00","0","00000","2024000000","事業所","633","事業所数","ガス業","総数","総数"
"102-2024","34","01","0","00000","2024000000","事業所","43","事業所数","ガス業","0人","総数"
"102-2024","34","02","0","00000","2024000000","事業所","110","事業所数","ガス業","1～4人","総数"
"102-2024","34","03","0","00000","2024000000","事業所","67","事業所数","ガス業","5～9人","総数"
"102-2024","34","04","0","00000","2024000000","事業所","132","事業所数","ガス業","10～19人","総数"
"102-2024","34","05","0","00000","2024000000","事業所","56","事業所数","ガス業","20～29人","総数"
"102-2024","34","06","0","00000","2024000000","事業所","62","事業所数","ガス業","30～49人","総数"
"102-2024","34","07","0","00000","2024000000","事業所","97","事業所数","ガス業","50～99人","総数"
"102-2024","34","08","0","00000","2024000000","事業所","36","事業所数","ガス業","100～199人","総数"
"102-2024","34","09","0","00000","2024000000","事業所","11","事業所数","ガス業","200～299人","総数"
"102-2024","34","10","0","00000","2024000000","事業所","19","事業所数","ガス業","300人以上","総数"
"102-2024","340","00","0","00000","2024000000","事業所","159","事業所数","管理、補助的経済活動を行う事業所（34_ガス業）","総数","総数"
"102-2024","340","01","0","00000","2024000000","事業所","16","事業所数","管理、補助的経済活動を行う事業所（34_ガス業）","0人","総数"
"102-2024","340","02","0","00000","2024000000","事業所","25","事業所数","管理、補助的経済活動を行う事業所（34_ガス業）","1～4人","総数"
"102-2024","340","03","0","00000","2024000000","事業所","9","事業所数","管理、補助的経済活動を行う事業所（34_ガス業）","5～9人","総数"
"102-2024","340","04","0","00000","2024000000","事業所","21","事業所数","管理、補助的経済活動を行う事業所（34_ガス業）","10～19人","総数"
"102-2024","340","05","0","00000","2024000000","事業所","16","事業所数","管理、補助的経済活動を行う事業所（34_ガス業）","20～29人","総数"
"102-2024","340","06","0","00000","2024000000","事業所","15","事業所数","管理、補助的経済活動を行う事業所（34_ガス業）","30～49人","総数"
"102-2024","340","07","0","00000","2024000000","事業所","25","事業所数","管理、補助的経済活動を行う事業所（34_ガス業）","50～99人","総数"
"102-2024","340","08","0","00000","2024000000","事業所","11","事業所数","管理、補助的経済活動を行う事業所（34_ガス業）","100～199人","総数"
"102-2024","340","09","0","00000","2024000000","事業所","6","事業所数","管理、補助的経済活動を行う事業所（34_ガス業）","200～299人","総数"
"102-2024","340","10","0","00000","2024000000","事業所","15","事業所数","管理、補助的経済活動を行う事業所（34_ガス業）","300人以上","総数"
"102-2024","341","00","0","00000","2024000000","事業所","474","事業所数","ガス業","総数","総数"
"102-2024","341","01","0","00000","2024000000","事業所","27","事業所数","ガス業","0人","総数"
"102-2024","341","02","0","00000","2024000000","事業所","85","事業所数","ガス業","1～4人","総数"
"102-2024","341","03","0","00000","2024000000","事業所","58","事業所数","ガス業","5～9人","総数"
"102-2024","341","04","0","00000","2024000000","事業所","111","事業所数","ガス業","10～19人","総数"
"102-2024","341","05","0","00000","2024000000","事業所","40","事業所数","ガス業","20～29人","総数"
"102-2024","341","06","0","00000","2024000000","事業所","47","事業所数","ガス業","30～49人","総数"
"102-2024","341","07","0","00000","2024000000","事業所","72","事業所数","ガス業","50～99人","総数"
"102-2024","341","08","0","00000","2024000000","事業所","25","事業所数","ガス業","100～199人","総数"
"102-2024","341","09","0","00000","2024000000","事業所","5","事業所数","ガス業","200～299人","総数"
"102-2024","341","10","0","00000","2024000000","事業所","4","事業所数","ガス業","300人以上","総数"
"102-2024","35","00","0","00000","2024000000","事業所","203","事業所数","熱供給業","総数","総数"
"102-2024","35","01","0","00000","2024000000","事業所","20","事業所数","熱供給業","0人","総数"
"102-2024","35","02","0","00000","2024000000","事業所","86","事業所数","熱供給業","1～4人","総数"
"102-2024","35","03","0","00000","2024000000","事業所","30","事業所数","熱供給業","5～9人","総数"
"102-2024","35","04","0","00000","2024000000","事業所","39","事業所数","熱供給業","10～19人","総数"
"102-2024","35","05","0","00000","2024000000","事業所","11","事業所数","熱供給業","20～29人","総数"
"102-2024","35","06","0","00000","2024000000","事業所","12","事業所数","熱供給業","30～49人","総数"
"102-2024","35","07","0","00000","2024000000","事業所","2","事業所数","熱供給業","50～99人","総数"
"102-2024","35","08","0","00000","2024000000","事業所","1","事業所数","熱供給業","100～199人","総数"
"102-2024","35","09","0","00000","2024000000","事業所","1","事業所数","熱供給業","200～299人","総数"
"102-2024","35","10","0","00000","2024000000","事業所","1","事業所数","熱供給業","300人以上","総数"
"102-2024","350","00","0","00000","2024000000","事業所","6","事業所数","管理、補助的経済活動を行う事業所（35_熱供給業）","総数","総数"
"102-2024","350","01","0","00000","2024000000","事業所","1","事業所数","管理、補助的経済活動を行う事業所（35_熱供給業）","0人","総数"
"102-2024","350","02","0","00000","2024000000","事業所","3","事業所数","管理、補助的経済活動を行う事業所（35_熱供給業）","1～4人","総数"
"102-2024","350","03","0","00000","2024000000","事業所","1","事業所数","管理、補助的経済活動を行う事業所（35_熱供給業）","5～9人","総数"
"102-2024","350","04","0","00000","2024000000","事業所","***","事業所数","管理、補助的経済活動を行う事業所（35_熱供給業）","10～19人","総数"
"102-2024","350","05","0","00000","2024000000","事業所","***","事業所数","管理、補助的経済活動を行う事業所（35_熱供給業）","20～29人","総数"
"102-2024","350","06","0","00000","2024000000","事業所","***","事業所数","管理、補助的経済活動を行う事業所（35_熱供給業）","30～49人","総数"
"102-2024","350","07","0","00000","2024000000","事業所","***","事業所数","管理、補助的経済活動を行う事業所（35_熱供給業）","50～99人","総数"
"102-2024","350","08","0","00000","2024000000","事業所","***","事業所数","管理、補助的経済活動を行う事業所（35_熱供給業）","100～199人","総数"
"102-2024","350","09","0","00000","2024000000","事業所","***","事業所数","管理、補助的経済活動を行う事業所（35_熱供給業）","200～299人","総数"
"102-2024","350","10","0","00000","2024000000","事業所","1","事業所数","管理、補助的経済活動を行う事業所（35_熱供給業）","300人以上","総数"
"102-2024","351","00","0","00000","2024000000","事業所","197","事業所数","熱供給業","総数","総数"
"102-2024","351","01","0","00000","2024000000","事業所","19","事業所数","熱供給業","0人","総数"
"102-2024","351","02","0","00000","2024000000","事業所","83","事業所数","熱供給業","1～4人","総数"
"102-2024","351","03","0","00000","2024000000","事業所","29","事業所数","熱供給業","5～9人","総数"
"102-2024","351","04","0","00000","2024000000","事業所","39","事業所数","熱供給業","10～19人","総数"
"102-2024","351","05","0","00000","2024000000","事業所","11","事業所数","熱供給業","20～29人","総数"
"102-2024","351","06","0","00000","2024000000","事業所","12","事業所数","熱供給業","30～49人","総数"
"102-2024","351","07","0","00000","2024000000","事業所","2","事業所数","熱供給業","50～99人","総数"
"102-2024","351","08","0","00000","2024000000","事業所","1","事業所数","熱供給業","100～199人","総数"
"102-2024","351","09","0","00000","2024000000","事業所","1","事業所数","熱供給業","200～299人","総数"
"102-2024","351","10","0","00000","2024000000","事業所","***","事業所数","熱供給業","300人以上","総数"
"102-2024","36","00","0","00000","2024000000","事業所","1985","事業所数","水道業","総数","総数"
"102-2024","36","01","0","00000","2024000000","事業所","57","事業所数","水道業","0人","総数"
"102-2024","36","02","0","00000","2024000000","事業所","570","事業所数","水道業","1～4人","総数"
"102-2024","36","03","0","00000","2024000000","事業所","498","事業所数","水道業","5～9人","総数"
"102-2024","36","04","0","00000","2024000000","事業所","477","事業所数","水道業","10～19人","総数"
"102-2024","36","05","0","00000","2024000000","事業所","200","事業所数","水道業","20～29人","総数"
"102-2024","36","06","0","00000","2024000000","事業所","107","事業所数","水道業","30～49人","総数"
"102-2024","36","07","0","00000","2024000000","事業所","54","事業所数","水道業","50～99人","総数"
"102-2024","36","08","0","00000","2024000000","事業所","14","事業所数","水道業","100～199人","総数"
"102-2024","36","09","0","00000","2024000000","事業所","5","事業所数","水道業","200～299人","総数"
"102-2024","36","10","0","00000","2024000000","事業所","3","事業所数","水道業","300人以上","総数"
"102-2024","360","00","0","00000","2024000000","事業所","40","事業所数","管理、補助的経済活動を行う事業所（36_水道業）","総数","総数"
"102-2024","360","01","0","00000","2024000000","事業所","2","事業所数","管理、補助的経済活動を行う事業所（36_水道業）","0人","総数"
"102-2024","360","02","0","00000","2024000000","事業所","20","事業所数","管理、補助的経済活動を行う事業所（36_水道業）","1～4人","総数"
"102-2024","360","03","0","00000","2024000000","事業所","3","事業所数","管理、補助的経済活動を行う事業所（36_水道業）","5～9人","総数"
"102-2024","360","04","0","00000","2024000000","事業所","6","事業所数","管理、補助的経済活動を行う事業所（36_水道業）","10～19人","総数"
"102-2024","360","05","0","00000","2024000000","事業所","1","事業所数","管理、補助的経済活動を行う事業所（36_水道業）","20～29人","総数"
"102-2024","360","06","0","00000","2024000000","事業所","4","事業所数","管理、補助的経済活動を行う事業所（36_水道業）","30～49人","総数"
"102-2024","360","07","0","00000","2024000000","事業所","1","事業所数","管理、補助的経済活動を行う事業所（36_水道業）","50～99人","総数"
"102-2024","360","08","0","00000","2024000000","事業所","***","事業所数","管理、補助的経済活動を行う事業所（36_水道業）","100～199人","総数"
"102-2024","360","09","0","00000","2024000000","事業所","1","事業所数","管理、補助的経済活動を行う事業所（36_水道業）","200～299人","総数"
"102-2024","360","10","0","00000","2024000000","事業所","2","事業所数","管理、補助的経済活動を行う事業所（36_水道業）","300人以上","総数"
"102-2024","361","00","0","00000","2024000000","事業所","524","事業所数","上水道業","総数","総数"
"102-2024","361","01","0","00000","2024000000","事業所","13","事業所数","上水道業","0人","総数"
"102-2024","361","02","0","00000","2024000000","事業所","153","事業所数","上水道業","1～4人","総数"
"102-2024","361","03","0","00000","2024000000","事業所","141","事業所数","上水道業","5～9人","総数"
"102-2024","361","04","0","00000","2024000000","事業所","139","事業所数","上水道業","10～19人","総数"
"102-2024","361","05","0","00000","2024000000","事業所","41","事業所数","上水道業","20～29人","総数"
"102-2024","361","06","0","00000","2024000000","事業所","20","事業所数","上水道業","30～49人","総数"
"102-2024","361","07","0","00000","2024000000","事業所","12","事業所数","上水道業","50～99人","総数"
"102-2024","361","08","0","00000","2024000000","事業所","3","事業所数","上水道業","100～199人","総数"
"102-2024","361","09","0","00000","2024000000","事業所","1","事業所数","上水道業","200～299人","総数"
"102-2024","361","10","0","00000","2024000000","事業所","1","事業所数","上水道業","300人以上","総数"
"102-2024","362","00","0","00000","2024000000","事業所","22","事業所数","工業用水道業","総数","総数"
"102-2024","362","01","0","00000","2024000000","事業所","2","事業所数","工業用水道業","0人","総数"
"102-2024","362","02","0","00000","2024000000","事業所","9","事業所数","工業用水道業","1～4人","総数"
"102-2024","362","03","0","00000","2024000000","事業所","6","事業所数","工業用水道業","5～9人","総数"
"102-2024","362","04","0","00000","2024000000","事業所","3","事業所数","工業用水道業","10～19人","総数"
"102-2024","362","05","0","00000","2024000000","事業所","1","事業所数","工業用水道業","20～29人","総数"
"102-2024","362","06","0","00000","2024000000","事業所","1","事業所数","工業用水道業","30～49人","総数"
"102-2024","362","07","0","00000","2024000000","事業所","***","事業所数","工業用水道業","50～99人","総数"
"102-2024","362","08","0","00000","2024000000","事業所","***","事業所数","工業用水道業","100～199人","総数"
"102-2024","362","09","0","00000","2024000000","事業所","***","事業所数","工業用水道業","200～299人","総数"
"102-2024","362","10","0","00000","2024000000","事業所","***","事業所数","工業用水道業","300人以上","総数"
"102-2024","363","00","0","00000","2024000000","事業所","1399","事業所数","下水道業","総数","総数"
"102-2024","363","01","0","00000","2024000000","事業所","40","事業所数","下水道業","0人","総数"
"102-2024","363","02","0","00000","2024000000","事業所","388","事業所数","下水道業","1～4人","総数"
"102-2024","363","03","0","00000","2024000000","事業所","348","事業所数","下水道業","5～9人","総数"
"102-2024","363","04","0","00000","2024000000","事業所","329","事業所数","下水道業","10～19人","総数"
"102-2024","363","05","0","00000","2024000000","事業所","157","事業所数","下水道業","20～29人","総数"
"102-2024","363","06","0","00000","2024000000","事業所","82","事業所数","下水道業","30～49人","総数"
"102-2024","363","07","0","00000","2024000000","事業所","41","事業所数","下水道業","50～99人","総数"
"102-2024","363","08","0","00000","2024000000","事業所","11","事業所数","下水道業","100～199人","総数"
"102-2024","363","09","0","00000","2024000000","事業所","3","事業所数","下水道業","200～299人","総数"
"102-2024","363","10","0","00000","2024000000","事業所","***","事業所数","下水道業","300人以上","総数"
"102-2024","G","00","0","00000","2024000000","事業所","85992","事業所数","情報通信業","総数","総数"
"102-2024","G","01","0","00000","2024000000","事業所","14446","事業所数","情報通信業","0人","総数"
"102-2024","G","02","0","00000","2024000000","事業所","35705","事業所数","情報通信業","1～4人","総数"
"102-2024","G","03","0","00000","2024000000","事業所","11127","事業所数","情報通信業","5～9人","総数"
"102-2024","G","04","0","00000","2024000000","事業所","8680","事業所数","情報通信業","10～19人","総数"
"102-2024","G","05","0","00000","2024000000","事業所","4127","事業所数","情報通信業","20～29人","総数"
"102-2024","G","06","0","00000","2024000000","事業所","4346","事業所数","情報通信業","30～49人","総数"
"102-2024","G","07","0","00000","2024000000","事業所","3816","事業所数","情報通信業","50～99人","総数"
"102-2024","G","08","0","00000","2024000000","事業所","2097","事業所数","情報通信業","100～199人","総数"
"102-2024","G","09","0","00000","2024000000","事業所","689","事業所数","情報通信業","200～299人","総数"
"102-2024","G","10","0","00000","2024000000","事業所","959","事業所数","情報通信業","300人以上","総数"
"102-2024","G1","00","0","00000","2024000000","事業所","24713","事業所数","情報通信業（通信業、放送業、映像・音声・文字情報制作業）","総数","総数"
"102-2024","G1","01","0","00000","2024000000","事業所","4014","事業所数","情報通信業（通信業、放送業、映像・音声・文字情報制作業）","0人","総数"
"102-2024","G1","02","0","00000","2024000000","事業所","11756","事業所数","情報通信業（通信業、放送業、映像・音声・文字情報制作業）","1～4人","総数"
"102-2024","G1","03","0","00000","2024000000","事業所","3440","事業所数","情報通信業（通信業、放送業、映像・音声・文字情報制作業）","5～9人","総数"
"102-2024","G1","04","0","00000","2024000000","事業所","2257","事業所数","情報通信業（通信業、放送業、映像・音声・文字情報制作業）","10～19人","総数"
"102-2024","G1","05","0","00000","2024000000","事業所","878","事業所数","情報通信業（通信業、放送業、映像・音声・文字情報制作業）","20～29人","総数"
"102-2024","G1","06","0","00000","2024000000","事業所","879","事業所数","情報通信業（通信業、放送業、映像・音声・文字情報制作業）","30～49人","総数"
"102-2024","G1","07","0","00000","2024000000","事業所","809","事業所数","情報通信業（通信業、放送業、映像・音声・文字情報制作業）","50～99人","総数"
"102-2024","G1","08","0","00000","2024000000","事業所","404","事業所数","情報通信業（通信業、放送業、映像・音声・文字情報制作業）","100～199人","総数"
"102-2024","G1","09","0","00000","2024000000","事業所","136","事業所数","情報通信業（通信業、放送業、映像・音声・文字情報制作業）","200～299人","総数"
"102-2024","G1","10","0","00000","2024000000","事業所","140","事業所数","情報通信業（通信業、放送業、映像・音声・文字情報制作業）","300人以上","総数"
"102-2024","37","00","0","00000","2024000000","事業所","2737","事業所数","通信業","総数","総数"
"102-2024","37","01","0","00000","2024000000","事業所","368","事業所数","通信業","0人","総数"
"102-2024","37","02","0","00000","2024000000","事業所","823","事業所数","通信業","1～4人","総数"
"102-2024","37","03","0","00000","2024000000","事業所","574","事業所数","通信業","5～9人","総数"
"102-2024","37","04","0","00000","2024000000","事業所","341","事業所数","通信業","10～19人","総数"
"102-2024","37","05","0","00000","2024000000","事業所","130","事業所数","通信業","20～29人","総数"
"102-2024","37","06","0","00000","2024000000","事業所","141","事業所数","通信業","30～49人","総数"
"102-2024","37","07","0","00000","2024000000","事業所","159","事業所数","通信業","50～99人","総数"
"102-2024","37","08","0","00000","2024000000","事業所","105","事業所数","通信業","100～199人","総数"
"102-2024","37","09","0","00000","2024000000","事業所","36","事業所数","通信業","200～299人","総数"
"102-2024","37","10","0","00000","2024000000","事業所","60","事業所数","通信業","300人以上","総数"
"102-2024","370","00","0","00000","2024000000","事業所","19","事業所数","管理、補助的経済活動を行う事業所（37_通信業）","総数","総数"
"102-2024","370","01","0","00000","2024000000","事業所","2","事業所数","管理、補助的経済活動を行う事業所（37_通信業）","0人","総数"
"102-2024","370","02","0","00000","2024000000","事業所","5","事業所数","管理、補助的経済活動を行う事業所（37_通信業）","1～4人","総数"
"102-2024","370","03","0","00000","2024000000","事業所","1","事業所数","管理、補助的経済活動を行う事業所（37_通信業）","5～9人","総数"
"102-2024","370","04","0","00000","2024000000","事業所","***","事業所数","管理、補助的経済活動を行う事業所（37_通信業）","10～19人","総数"
"102-2024","370","05","0","00000","2024000000","事業所","3","事業所数","管理、補助的経済活動を行う事業所（37_通信業）","20～29人","総数"
"102-2024","370","06","0","00000","2024000000","事業所","1","事業所数","管理、補助的経済活動を行う事業所（37_通信業）","30～49人","総数"
"102-2024","370","07","0","00000","2024000000","事業所","***","事業所数","管理、補助的経済活動を行う事業所（37_通信業）","50～99人","総数"
"102-2024","370","08","0","00000","2024000000","事業所","6","事業所数","管理、補助的経済活動を行う事業所（37_通信業）","100～199人","総数"
"102-2024","370","09","0","00000","2024000000","事業所","***","事業所数","管理、補助的経済活動を行う事業所（37_通信業）","200～299人","総数"
"102-2024","370","10","0","00000","2024000000","事業所","1","事業所数","管理、補助的経済活動を行う事業所（37_通信業）","300人以上","総数"
"102-2024","371","00","0","00000","2024000000","事業所","1078","事業所数","固定電気通信業","総数","総数"
"102-2024","371","01","0","00000","2024000000","事業所","138","事業所数","固定電気通信業","0人","総数"
"102-2024","371","02","0","00000","2024000000","事業所","387","事業所数","固定電気通信業","1～4人","総数"
"102-2024","371","03","0","00000","2024000000","事業所","170","事業所数","固定電気通信業","5～9人","総数"
"102-2024","371","04","0","00000","2024000000","事業所","128","事業所数","固定電気通信業","10～19人","総数"
"102-2024","371","05","0","00000","2024000000","事業所","63","事業所数","固定電気通信業","20～29人","総数"
"102-2024","371","06","0","00000","2024000000","事業所","66","事業所数","固定電気通信業","30～49人","総数"
"102-2024","371","07","0","00000","2024000000","事業所","54","事業所数","固定電気通信業","50～99人","総数"
"102-2024","371","08","0","00000","2024000000","事業所","37","事業所数","固定電気通信業","100～199人","総数"
"102-2024","371","09","0","00000","2024000000","事業所","14","事業所数","固定電気通信業","200～299人","総数"
"102-2024","371","10","0","00000","2024000000","事業所","21","事業所数","固定電気通信業","300人以上","総数"
"102-2024","372","00","0","00000","2024000000","事業所","491","事業所数","移動電気通信業","総数","総数"
"102-2024","372","01","0","00000","2024000000","事業所","122","事業所数","移動電気通信業","0人","総数"
"102-2024","372","02","0","00000","2024000000","事業所","112","事業所数","移動電気通信業","1～4人","総数"
"102-2024","372","03","0","00000","2024000000","事業所","120","事業所数","移動電気通信業","5～9人","総数"
"102-2024","372","04","0","00000","2024000000","事業所","40","事業所数","移動電気通信業","10～19人","総数"
"102-2024","372","05","0","00000","2024000000","事業所","16","事業所数","移動電気通信業","20～29人","総数"
"102-2024","372","06","0","00000","2024000000","事業所","15","事業所数","移動電気通信業","30～49人","総数"
"102-2024","372","07","0","00000","2024000000","事業所","22","事業所数","移動電気通信業","50～99人","総数"
"102-2024","372","08","0","00000","2024000000","事業所","20","事業所数","移動電気通信業","100～199人","総数"
"102-2024","372","09","0","00000","2024000000","事業所","6","事業所数","移動電気通信業","200～299人","総数"
"102-2024","372","10","0","00000","2024000000","事業所","18","事業所数","移動電気通信業","300人以上","総数"
"102-2024","373","00","0","00000","2024000000","事業所","1147","事業所数","電気通信に附帯するサービス業","総数","総数"
"102-2024","373","01","0","00000","2024000000","事業所","105","事業所数","電気通信に附帯するサービス業","0人","総数"
"102-2024","373","02","0","00000","2024000000","事業所","318","事業所数","電気通信に附帯するサービス業","1～4人","総数"
"102-2024","373","03","0","00000","2024000000","事業所","283","事業所数","電気通信に附帯するサービス業","5～9人","総数"
"102-2024","373","04","0","00000","2024000000","事業所","173","事業所数","電気通信に附帯するサービス業","10～19人","総数"
"102-2024","373","05","0","00000","2024000000","事業所","48","事業所数","電気通信に附帯するサービス業","20～29人","総数"
"102-2024","373","06","0","00000","2024000000","事業所","59","事業所数","電気通信に附帯するサービス業","30～49人","総数"
"102-2024","373","07","0","00000","2024000000","事業所","83","事業所数","電気通信に附帯するサービス業","50～99人","総数"
"102-2024","373","08","0","00000","2024000000","事業所","42","事業所数","電気通信に附帯するサービス業","100～199人","総数"
"102-2024","373","09","0","00000","2024000000","事業所","16","事業所数","電気通信に附帯するサービス業","200～299人","総数"
"102-2024","373","10","0","00000","2024000000","事業所","20","事業所数","電気通信に附帯するサービス業","300人以上","総数"
"102-2024","38","00","0","00000","2024000000","事業所","1704","事業所数","放送業","総数","総数"
"102-2024","38","01","0","00000","2024000000","事業所","77","事業所数","放送業","0人","総数"
"102-2024","38","02","0","00000","2024000000","事業所","609","事業所数","放送業","1～4人","総数"
"102-2024","38","03","0","00000","2024000000","事業所","280","事業所数","放送業","5～9人","総数"
"102-2024","38","04","0","00000","2024000000","事業所","229","事業所数","放送業","10～19人","総数"
"102-2024","38","05","0","00000","2024000000","事業所","99","事業所数","放送業","20～29人","総数"
"102-2024","38","06","0","00000","2024000000","事業所","115","事業所数","放送業","30～49人","総数"
"102-2024","38","07","0","00000","2024000000","事業所","183","事業所数","放送業","50～99人","総数"
"102-2024","38","08","0","00000","2024000000","事業所","74","事業所数","放送業","100～199人","総数"
"102-2024","38","09","0","00000","2024000000","事業所","18","事業所数","放送業","200～299人","総数"
"102-2024","38","10","0","00000","2024000000","事業所","20","事業所数","放送業","300人以上","総数"
"102-2024","380","00","0","00000","2024000000","事業所","8","事業所数","管理、補助的経済活動を行う事業所（38_放送業）","総数","総数"
"102-2024","380","01","0","00000","2024000000","事業所","1","事業所数","管理、補助的経済活動を行う事業所（38_放送業）","0人","総数"
"102-2024","380","02","0","00000","2024000000","事業所","1","事業所数","管理、補助的経済活動を行う事業所（38_放送業）","1～4人","総数"
"102-2024","380","03","0","00000","2024000000","事業所","***","事業所数","管理、補助的経済活動を行う事業所（38_放送業）","5～9人","総数"
"102-2024","380","04","0","00000","2024000000","事業所","4","事業所数","管理、補助的経済活動を行う事業所（38_放送業）","10～19人","総数"
"102-2024","380","05","0","00000","2024000000","事業所","***","事業所数","管理、補助的経済活動を行う事業所（38_放送業）","20～29人","総数"
"102-2024","380","06","0","00000","2024000000","事業所","1","事業所数","管理、補助的経済活動を行う事業所（38_放送業）","30～49人","総数"
"102-2024","380","07","0","00000","2024000000","事業所","***","事業所数","管理、補助的経済活動を行う事業所（38_放送業）","50～99人","総数"
"102-2024","380","08","0","00000","2024000000","事業所","1","事業所数","管理、補助的経済活動を行う事業所（38_放送業）","100～199人","総数"
"102-2024","380","09","0","00000","2024000000","事業所","***","事業所数","管理、補助的経済活動を行う事業所（38_放送業）","200～299人","総数"
"102-2024","380","10","0","00000","2024000000","事業所","***","事業所数","管理、補助的経済活動を行う事業所（38_放送業）","300人以上","総数"
"102-2024","381","00","0","00000","2024000000","事業所","56","事業所数","公共放送業（有線放送業を除く）","総数","総数"
"102-2024","381","01","0","00000","2024000000","事業所","1","事業所数","公共放送業（有線放送業を除く）","0人","総数"
"102-2024","381","02","0","00000","2024000000","事業所","***","事業所数","公共放送業（有線放送業を除く）","1～4人","総数"
"102-2024","381","03","0","00000","2024000000","事業所","***","事業所数","公共放送業（有線放送業を除く）","5～9人","総数"
"102-2024","381","04","0","00000","2024000000","事業所","3","事業所数","公共放送業（有線放送業を除く）","10～19人","総数"
"102-2024","381","05","0","00000","2024000000","事業所","1","事業所数","公共放送業（有線放送業を除く）","20～29人","総数"
"102-2024","381","06","0","00000","2024000000","事業所","2","事業所数","公共放送業（有線放送業を除く）","30～49人","総数"
"102-2024","381","07","0","00000","2024000000","事業所","36","事業所数","公共放送業（有線放送業を除く）","50～99人","総数"
"102-2024","381","08","0","00000","2024000000","事業所","5","事業所数","公共放送業（有線放送業を除く）","100～199人","総数"
"102-2024","381","09","0","00000","2024000000","事業所","2","事業所数","公共放送業（有線放送業を除く）","200～299人","総数"
"102-2024","381","10","0","00000","2024000000","事業所","6","事業所数","公共放送業（有線放送業を除く）","300人以上","総数"
"102-2024","382","00","0","00000","2024000000","事業所","909","事業所数","民間放送業（有線放送業を除く）","総数","総数"
"102-2024","382","01","0","00000","2024000000","事業所","27","事業所数","民間放送業（有線放送業を除く）","0人","総数"
"102-2024","382","02","0","00000","2024000000","事業所","404","事業所数","民間放送業（有線放送業を除く）","1～4人","総数"
"102-2024","382","03","0","00000","2024000000","事業所","161","事業所数","民間放送業（有線放送業を除く）","5～9人","総数"
"102-2024","382","04","0","00000","2024000000","事業所","107","事業所数","民間放送業（有線放送業を除く）","10～19人","総数"
"102-2024","382","05","0","00000","2024000000","事業所","31","事業所数","民間放送業（有線放送業を除く）","20～29人","総数"
"102-2024","382","06","0","00000","2024000000","事業所","36","事業所数","民間放送業（有線放送業を除く）","30～49人","総数"
"102-2024","382","07","0","00000","2024000000","事業所","80","事業所数","民間放送業（有線放送業を除く）","50～99人","総数"
"102-2024","382","08","0","00000","2024000000","事業所","44","事業所数","民間放送業（有線放送業を除く）","100～199人","総数"
"102-2024","382","09","0","00000","2024000000","事業所","9","事業所数","民間放送業（有線放送業を除く）","200～299人","総数"
"102-2024","382","10","0","00000","2024000000","事業所","10","事業所数","民間放送業（有線放送業を除く）","300人以上","総数"
"102-2024","383","00","0","00000","2024000000","事業所","731","事業所数","有線放送業","総数","総数"
"102-2024","383","01","0","00000","2024000000","事業所","48","事業所数","有線放送業","0人","総数"
"102-2024","383","02","0","00000","2024000000","事業所","204","事業所数","有線放送業","1～4人","総数"
"102-2024","383","03","0","00000","2024000000","事業所","119","事業所数","有線放送業","5～9人","総数"
"102-2024","383","04","0","00000","2024000000","事業所","115","事業所数","有線放送業","10～19人","総数"
"102-2024","383","05","0","00000","2024000000","事業所","67","事業所数","有線放送業","20～29人","総数"
"102-2024","383","06","0","00000","2024000000","事業所","76","事業所数","有線放送業","30～49人","総数"
"102-2024","383","07","0","00000","2024000000","事業所","67","事業所数","有線放送業","50～99人","総数"
"102-2024","383","08","0","00000","2024000000","事業所","24","事業所数","有線放送業","100～199人","総数"
"102-2024","383","09","0","00000","2024000000","事業所","7","事業所数","有線放送業","200～299人","総数"
"102-2024","383","10","0","00000","2024000000","事業所","4","事業所数","有線放送業","300人以上","総数"
"102-2024","41","00","0","00000","2024000000","事業所","20272","事業所数","映像・音声・文字情報制作業","総数","総数"
"102-2024","41","01","0","00000","2024000000","事業所","3569","事業所数","映像・音声・文字情報制作業","0人","総数"
"102-2024","41","02","0","00000","2024000000","事業所","10324","事業所数","映像・音声・文字情報制作業","1～4人","総数"
"102-2024","41","03","0","00000","2024000000","事業所","2586","事業所数","映像・音声・文字情報制作業","5～9人","総数"
"102-2024","41","04","0","00000","2024000000","事業所","1687","事業所数","映像・音声・文字情報制作業","10～19人","総数"
"102-2024","41","05","0","00000","2024000000","事業所","649","事業所数","映像・音声・文字情報制作業","20～29人","総数"
"102-2024","41","06","0","00000","2024000000","事業所","623","事業所数","映像・音声・文字情報制作業","30～49人","総数"
"102-2024","41","07","0","00000","2024000000","事業所","467","事業所数","映像・音声・文字情報制作業","50～99人","総数"
"102-2024","41","08","0","00000","2024000000","事業所","225","事業所数","映像・音声・文字情報制作業","100～199人","総数"
"102-2024","41","09","0","00000","2024000000","事業所","82","事業所数","映像・音声・文字情報制作業","200～299人","総数"
"102-2024","41","10","0","00000","2024000000","事業所","60","事業所数","映像・音声・文字情報制作業","300人以上","総数"
"102-2024","410","00","0","00000","2024000000","事業所","74","事業所数","管理、補助的経済活動を行う事業所（41_映像・音声・文字情報制作業）","総数","総数"
"102-2024","410","01","0","00000","2024000000","事業所","10","事業所数","管理、補助的経済活動を行う事業所（41_映像・音声・文字情報制作業）","0人","総数"
"102-2024","410","02","0","00000","2024000000","事業所","30","事業所数","管理、補助的経済活動を行う事業所（41_映像・音声・文字情報制作業）","1～4人","総数"
"102-2024","410","03","0","00000","2024000000","事業所","10","事業所数","管理、補助的経済活動を行う事業所（41_映像・音声・文字情報制作業）","5～9人","総数"
"102-2024","410","04","0","00000","2024000000","事業所","14","事業所数","管理、補助的経済活動を行う事業所（41_映像・音声・文字情報制作業）","10～19人","総数"
"102-2024","410","05","0","00000","2024000000","事業所","3","事業所数","管理、補助的経済活動を行う事業所（41_映像・音声・文字情報制作業）","20～29人","総数"
"102-2024","410","06","0","00000","2024000000","事業所","3","事業所数","管理、補助的経済活動を行う事業所（41_映像・音声・文字情報制作業）","30～49人","総数"
"102-2024","410","07","0","00000","2024000000","事業所","***","事業所数","管理、補助的経済活動を行う事業所（41_映像・音声・文字情報制作業）","50～99人","総数"
"102-2024","410","08","0","00000","2024000000","事業所","3","事業所数","管理、補助的経済活動を行う事業所（41_映像・音声・文字情報制作業）","100～199人","総数"
"102-2024","410","09","0","00000","2024000000","事業所","1","事業所数","管理、補助的経済活動を行う事業所（41_映像・音声・文字情報制作業）","200～299人","総数"
"102-2024","410","10","0","00000","2024000000","事業所","***","事業所数","管理、補助的経済活動を行う事業所（41_映像・音声・文字情報制作業）","300人以上","総数"
"102-2024","411","00","0","00000","2024000000","事業所","7694","事業所数","映像情報制作・配給業","総数","総数"
"102-2024","411","01","0","00000","2024000000","事業所","1697","事業所数","映像情報制作・配給業","0人","総数"
"102-2024","411","02","0","00000","2024000000","事業所","3632","事業所数","映像情報制作・配給業","1～4人","総数"
"102-2024","411","03","0","00000","2024000000","事業所","847","事業所数","映像情報制作・配給業","5～9人","総数"
"102-2024","411","04","0","00000","2024000000","事業所","644","事業所数","映像情報制作・配給業","10～19人","総数"
"102-2024","411","05","0","00000","2024000000","事業所","266","事業所数","映像情報制作・配給業","20～29人","総数"
"102-2024","411","06","0","00000","2024000000","事業所","263","事業所数","映像情報制作・配給業","30～49人","総数"
"102-2024","411","07","0","00000","2024000000","事業所","205","事業所数","映像情報制作・配給業","50～99人","総数"
"102-2024","411","08","0","00000","2024000000","事業所","97","事業所数","映像情報制作・配給業","100～199人","総数"
"102-2024","411","09","0","00000","2024000000","事業所","24","事業所数","映像情報制作・配給業","200～299人","総数"
"102-2024","411","10","0","00000","2024000000","事業所","19","事業所数","映像情報制作・配給業","300人以上","総数"
"102-2024","412","00","0","00000","2024000000","事業所","788","事業所数","音声情報制作業","総数","総数"
"102-2024","412","01","0","00000","2024000000","事業所","182","事業所数","音声情報制作業","0人","総数"
"102-2024","412","02","0","00000","2024000000","事業所","463","事業所数","音声情報制作業","1～4人","総数"
"102-2024","412","03","0","00000","2024000000","事業所","77","事業所数","音声情報制作業","5～9人","総数"
"102-2024","412","04","0","00000","2024000000","事業所","35","事業所数","音声情報制作業","10～19人","総数"
"102-2024","412","05","0","00000","2024000000","事業所","4","事業所数","音声情報制作業","20～29人","総数"
"102-2024","412","06","0","00000","2024000000","事業所","7","事業所数","音声情報制作業","30～49人","総数"
"102-2024","412","07","0","00000","2024000000","事業所","11","事業所数","音声情報制作業","50～99人","総数"
"102-2024","412","08","0","00000","2024000000","事業所","5","事業所数","音声情報制作業","100～199人","総数"
"102-2024","412","09","0","00000","2024000000","事業所","1","事業所数","音声情報制作業","200～299人","総数"
"102-2024","412","10","0","00000","2024000000","事業所","3","事業所数","音声情報制作業","300人以上","総数"
"102-2024","413","00","0","00000","2024000000","事業所","1394","事業所数","新聞業","総数","総数"
"102-2024","413","01","0","00000","2024000000","事業所","37","事業所数","新聞業","0人","総数"
"102-2024","413","02","0","00000","2024000000","事業所","693","事業所数","新聞業","1～4人","総数"
"102-2024","413","03","0","00000","2024000000","事業所","246","事業所数","新聞業","5～9人","総数"
"102-2024","413","04","0","00000","2024000000","事業所","168","事業所数","新聞業","10～19人","総数"
"102-2024","413","05","0","00000","2024000000","事業所","82","事業所数","新聞業","20～29人","総数"
"102-2024","413","06","0","00000","2024000000","事業所","52","事業所数","新聞業","30～49人","総数"
"102-2024","413","07","0","00000","2024000000","事業所","45","事業所数","新聞業","50～99人","総数"
"102-2024","413","08","0","00000","2024000000","事業所","28","事業所数","新聞業","100～199人","総数"
"102-2024","413","09","0","00000","2024000000","事業所","24","事業所数","新聞業","200～299人","総数"
"102-2024","413","10","0","00000","2024000000","事業所","19","事業所数","新聞業","300人以上","総数"
"102-2024","414","00","0","00000","2024000000","事業所","4367","事業所数","出版業","総数","総数"
"102-2024","414","01","0","00000","2024000000","事業所","741","事業所数","出版業","0人","総数"
"102-2024","414","02","0","00000","2024000000","事業所","2033","事業所数","出版業","1～4人","総数"
"102-2024","414","03","0","00000","2024000000","事業所","643","事業所数","出版業","5～9人","総数"
"102-2024","414","04","0","00000","2024000000","事業所","422","事業所数","出版業","10～19人","総数"
"102-2024","414","05","0","00000","2024000000","事業所","161","事業所数","出版業","20～29人","総数"
"102-2024","414","06","0","00000","2024000000","事業所","162","事業所数","出版業","30～49人","総数"
"102-2024","414","07","0","00000","2024000000","事業所","115","事業所数","出版業","50～99人","総数"
"102-2024","414","08","0","00000","2024000000","事業所","55","事業所数","出版業","100～199人","総数"
"102-2024","414","09","0","00000","2024000000","事業所","23","事業所数","出版業","200～299人","総数"
"102-2024","414","10","0","00000","2024000000","事業所","12","事業所数","出版業","300人以上","総数"
"102-2024","415","00","0","00000","2024000000","事業所","1864","事業所数","広告制作業","総数","総数"
"102-2024","415","01","0","00000","2024000000","事業所","312","事業所数","広告制作業","0人","総数"
"102-2024","415","02","0","00000","2024000000","事業所","1000","事業所数","広告制作業","1～4人","総数"
"102-2024","415","03","0","00000","2024000000","事業所","237","事業所数","広告制作業","5～9人","総数"
"102-2024","415","04","0","00000","2024000000","事業所","142","事業所数","広告制作業","10～19人","総数"
"102-2024","415","05","0","00000","2024000000","事業所","52","事業所数","広告制作業","20～29人","総数"
"102-2024","415","06","0","00000","2024000000","事業所","58","事業所数","広告制作業","30～49人","総数"
"102-2024","415","07","0","00000","2024000000","事業所","36","事業所数","広告制作業","50～99人","総数"
"102-2024","415","08","0","00000","2024000000","事業所","18","事業所数","広告制作業","100～199人","総数"
"102-2024","415","09","0","00000","2024000000","事業所","5","事業所数","広告制作業","200～299人","総数"
"102-2024","415","10","0","00000","2024000000","事業所","4","事業所数","広告制作業","300人以上","総数"
"102-2024","416","00","0","00000","2024000000","事業所","4090","事業所数","映像・音声・文字情報制作に附帯するサービス業","総数","総数"
"102-2024","416","01","0","00000","2024000000","事業所","590","事業所数","映像・音声・文字情報制作に附帯するサービス業","0人","総数"
"102-2024","416","02","0","00000","2024000000","事業所","2472","事業所数","映像・音声・文字情報制作に附帯するサービス業","1～4人","総数"
"102-2024","416","03","0","00000","2024000000","事業所","526","事業所数","映像・音声・文字情報制作に附帯するサービス業","5～9人","総数"
"102-2024","416","04","0","00000","2024000000","事業所","262","事業所数","映像・音声・文字情報制作に附帯するサービス業","10～19人","総数"
"102-2024","416","05","0","00000","2024000000","事業所","81","事業所数","映像・音声・文字情報制作に附帯するサービス業","20～29人","総数"
"102-2024","416","06","0","00000","2024000000","事業所","78","事業所数","映像・音声・文字情報制作に附帯するサービス業","30～49人","総数"
"102-2024","416","07","0","00000","2024000000","事業所","55","事業所数","映像・音声・文字情報制作に附帯するサービス業","50～99人","総数"
"102-2024","416","08","0","00000","2024000000","事業所","19","事業所数","映像・音声・文字情報制作に附帯するサービス業","100～199人","総数"
"102-2024","416","09","0","00000","2024000000","事業所","4","事業所数","映像・音声・文字情報制作に附帯するサービス業","200～299人","総数"
"102-2024","416","10","0","00000","2024000000","事業所","3","事業所数","映像・音声・文字情報制作に附帯するサービス業","300人以上","総数"
"102-2024","G2","00","0","00000","2024000000","事業所","61279","事業所数","情報通信業（情報サービス業、インターネット附随サービス業）","総数","総数"
"102-2024","G2","01","0","00000","2024000000","事業所","10432","事業所数","情報通信業（情報サービス業、インターネット附随サービス業）","0人","総数"
"102-2024","G2","02","0","00000","2024000000","事業所","23949","事業所数","情報通信業（情報サービス業、インターネット附随サービス業）","1～4人","総数"
"102-2024","G2","03","0","00000","2024000000","事業所","7687","事業所数","情報通信業（情報サービス業、インターネット附随サービス業）","5～9人","総数"
"102-2024","G2","04","0","00000","2024000000","事業所","6423","事業所数","情報通信業（情報サービス業、インターネット附随サービス業）","10～19人","総数"
"102-2024","G2","05","0","00000","2024000000","事業所","3249","事業所数","情報通信業（情報サービス業、インターネット附随サービス業）","20～29人","総数"
"102-2024","G2","06","0","00000","2024000000","事業所","3467","事業所数","情報通信業（情報サービス業、インターネット附随サービス業）","30～49人","総数"
"102-2024","G2","07","0","00000","2024000000","事業所","3007","事業所数","情報通信業（情報サービス業、インターネット附随サービス業）","50～99人","総数"
"102-2024","G2","08","0","00000","2024000000","事業所","1693","事業所数","情報通信業（情報サービス業、インターネット附随サービス業）","100～199人","総数"
"102-2024","G2","09","0","00000","2024000000","事業所","553","事業所数","情報通信業（情報サービス業、インターネット附随サービス業）","200～299人","総数"
"102-2024","G2","10","0","00000","2024000000","事業所","819","事業所数","情報通信業（情報サービス業、インターネット附随サービス業）","300人以上","総数"
"102-2024","39","00","0","00000","2024000000","事業所","49622","事業所数","情報サービス業","総数","総数"
"102-2024","39","01","0","00000","2024000000","事業所","7501","事業所数","情報サービス業","0人","総数"
"102-2024","39","02","0","00000","2024000000","事業所","19008","事業所数","情報サービス業","1～4人","総数"
"102-2024","39","03","0","00000","2024000000","事業所","6408","事業所数","情報サービス業","5～9人","総数"
"102-2024","39","04","0","00000","2024000000","事業所","5500","事業所数","情報サービス業","10～19人","総数"
"102-2024","39","05","0","00000","2024000000","事業所","2842","事業所数","情報サービス業","20～29人","総数"
"102-2024","39","06","0","00000","2024000000","事業所","3082","事業所数","情報サービス業","30～49人","総数"
"102-2024","39","07","0","00000","2024000000","事業所","2648","事業所数","情報サービス業","50～99人","総数"
"102-2024","39","08","0","00000","2024000000","事業所","1446","事業所数","情報サービス業","100～199人","総数"
"102-2024","39","09","0","00000","2024000000","事業所","487","事業所数","情報サービス業","200～299人","総数"
"102-2024","39","10","0","00000","2024000000","事業所","700","事業所数","情報サービス業","300人以上","総数"
"102-2024","390","00","0","00000","2024000000","事業所","293","事業所数","管理、補助的経済活動を行う事業所（39_情報サービス業）","総数","総数"
"102-2024","390","01","0","00000","2024000000","事業所","45","事業所数","管理、補助的経済活動を行う事業所（39_情報サービス業）","0人","総数"
"102-2024","390","02","0","00000","2024000000","事業所","126","事業所数","管理、補助的経済活動を行う事業所（39_情報サービス業）","1～4人","総数"
"102-2024","390","03","0","00000","2024000000","事業所","32","事業所数","管理、補助的経済活動を行う事業所（39_情報サービス業）","5～9人","総数"
"102-2024","390","04","0","00000","2024000000","事業所","21","事業所数","管理、補助的経済活動を行う事業所（39_情報サービス業）","10～19人","総数"
"102-2024","390","05","0","00000","2024000000","事業所","13","事業所数","管理、補助的経済活動を行う事業所（39_情報サービス業）","20～29人","総数"
"102-2024","390","06","0","00000","2024000000","事業所","13","事業所数","管理、補助的経済活動を行う事業所（39_情報サービス業）","30～49人","総数"
"102-2024","390","07","0","00000","2024000000","事業所","19","事業所数","管理、補助的経済活動を行う事業所（39_情報サービス業）","50～99人","総数"
"102-2024","390","08","0","00000","2024000000","事業所","17","事業所数","管理、補助的経済活動を行う事業所（39_情報サービス業）","100～199人","総数"
"102-2024","390","09","0","00000","2024000000","事業所","3","事業所数","管理、補助的経済活動を行う事業所（39_情報サービス業）","200～299人","総数"
"102-2024","390","10","0","00000","2024000000","事業所","4","事業所数","管理、補助的経済活動を行う事業所（39_情報サービス業）","300人以上","総数"
"102-2024","391","00","0","00000","2024000000","事業所","42978","事業所数","ソフトウェア業","総数","総数"
"102-2024","391","01","0","00000","2024000000","事業所","6504","事業所数","ソフトウェア業","0人","総数"
"102-2024","391","02","0","00000","2024000000","事業所","16232","事業所数","ソフトウェア業","1～4人","総数"
"102-2024","391","03","0","00000","2024000000","事業所","5523","事業所数","ソフトウェア業","5～9人","総数"
"102-2024","391","04","0","00000","2024000000","事業所","4796","事業所数","ソフトウェア業","10～19人","総数"
"102-2024","391","05","0","00000","2024000000","事業所","2542","事業所数","ソフトウェア業","20～29人","総数"
"102-2024","391","06","0","00000","2024000000","事業所","2738","事業所数","ソフトウェア業","30～49人","総数"
"102-2024","391","07","0","00000","2024000000","事業所","2343","事業所数","ソフトウェア業","50～99人","総数"
"102-2024","391","08","0","00000","2024000000","事業所","1245","事業所数","ソフトウェア業","100～199人","総数"
"102-2024","391","09","0","00000","2024000000","事業所","432","事業所数","ソフトウェア業","200～299人","総数"
"102-2024","391","10","0","00000","2024000000","事業所","623","事業所数","ソフトウェア業","300人以上","総数"
"102-2024","392","00","0","00000","2024000000","事業所","6332","事業所数","情報処理・提供サービス業","総数","総数"
"102-2024","392","01","0","00000","2024000000","事業所","940","事業所数","情報処理・提供サービス業","0人","総数"
"102-2024","392","02","0","00000","2024000000","事業所","2643","事業所数","情報処理・提供サービス業","1～4人","総数"
"102-2024","392","03","0","00000","2024000000","事業所","853","事業所数","情報処理・提供サービス業","5～9人","総数"
"102-2024","392","04","0","00000","2024000000","事業所","683","事業所数","情報処理・提供サービス業","10～19人","総数"
"102-2024","392","05","0","00000","2024000000","事業所","287","事業所数","情報処理・提供サービス業","20～29人","総数"
"102-2024","392","06","0","00000","2024000000","事業所","331","事業所数","情報処理・提供サービス業","30～49人","総数"
"102-2024","392","07","0","00000","2024000000","事業所","286","事業所数","情報処理・提供サービス業","50～99人","総数"
"102-2024","392","08","0","00000","2024000000","事業所","184","事業所数","情報処理・提供サービス業","100～199人","総数"
"102-2024","392","09","0","00000","2024000000","事業所","52","事業所数","情報処理・提供サービス業","200～299人","総数"
"102-2024","392","10","0","00000","2024000000","事業所","73","事業所数","情報処理・提供サービス業","300人以上","総数"
"102-2024","39A","00","0","00000","2024000000","事業所","2986","事業所数","情報処理サービス業","総数","総数"
"102-2024","39A","01","0","00000","2024000000","事業所","401","事業所数","情報処理サービス業","0人","総数"
"102-2024","39A","02","0","00000","2024000000","事業所","1183","事業所数","情報処理サービス業","1～4人","総数"
"102-2024","39A","03","0","00000","2024000000","事業所","428","事業所数","情報処理サービス業","5～9人","総数"
"102-2024","39A","04","0","00000","2024000000","事業所","297","事業所数","情報処理サービス業","10～19人","総数"
"102-2024","39A","05","0","00000","2024000000","事業所","133","事業所数","情報処理サービス業","20～29人","総数"
"102-2024","39A","06","0","00000","2024000000","事業所","176","事業所数","情報処理サービス業","30～49人","総数"
"102-2024","39A","07","0","00000","2024000000","事業所","175","事業所数","情報処理サービス業","50～99人","総数"
"102-2024","39A","08","0","00000","2024000000","事業所","112","事業所数","情報処理サービス業","100～199人","総数"
"102-2024","39A","09","0","00000","2024000000","事業所","32","事業所数","情報処理サービス業","200～299人","総数"
"102-2024","39A","10","0","00000","2024000000","事業所","49","事業所数","情報処理サービス業","300人以上","総数"
"102-2024","39B","00","0","00000","2024000000","事業所","1636","事業所数","情報提供サービス業","総数","総数"
"102-2024","39B","01","0","00000","2024000000","事業所","235","事業所数","情報提供サービス業","0人","総数"
"102-2024","39B","02","0","00000","2024000000","事業所","662","事業所数","情報提供サービス業","1～4人","総数"
"102-2024","39B","03","0","00000","2024000000","事業所","237","事業所数","情報提供サービス業","5～9人","総数"
"102-2024","39B","04","0","00000","2024000000","事業所","224","事業所数","情報提供サービス業","10～19人","総数"
"102-2024","39B","05","0","00000","2024000000","事業所","79","事業所数","情報提供サービス業","20～29人","総数"
"102-2024","39B","06","0","00000","2024000000","事業所","77","事業所数","情報提供サービス業","30～49人","総数"
"102-2024","39B","07","0","00000","2024000000","事業所","68","事業所数","情報提供サービス業","50～99人","総数"
"102-2024","39B","08","0","00000","2024000000","事業所","35","事業所数","情報提供サービス業","100～199人","総数"
"102-2024","39B","09","0","00000","2024000000","事業所","10","事業所数","情報提供サービス業","200～299人","総数"
"102-2024","39B","10","0","00000","2024000000","事業所","9","事業所数","情報提供サービス業","300人以上","総数"
"102-2024","39C","00","0","00000","2024000000","事業所","1710","事業所数","その他の情報処理・提供サービス業","総数","総数"
"102-2024","39C","01","0","00000","2024000000","事業所","304","事業所数","その他の情報処理・提供サービス業","0人","総数"
"102-2024","39C","02","0","00000","2024000000","事業所","798","事業所数","その他の情報処理・提供サービス業","1～4人","総数"
"102-2024","39C","03","0","00000","2024000000","事業所","188","事業所数","その他の情報処理・提供サービス業","5～9人","総数"
"102-2024","39C","04","0","00000","2024000000","事業所","162","事業所数","その他の情報処理・提供サービス業","10～19人","総数"
"102-2024","39C","05","0","00000","2024000000","事業所","75","事業所数","その他の情報処理・提供サービス業","20～29人","総数"
"102-2024","39C","06","0","00000","2024000000","事業所","78","事業所数","その他の情報処理・提供サービス業","30～49人","総数"
"102-2024","39C","07","0","00000","2024000000","事業所","43","事業所数","その他の情報処理・提供サービス業","50～99人","総数"
"102-2024","39C","08","0","00000","2024000000","事業所","37","事業所数","その他の情報処理・提供サービス業","100～199人","総数"
"102-2024","39C","09","0","00000","2024000000","事業所","10","事業所数","その他の情報処理・提供サービス業","200～299人","総数"
"102-2024","39C","10","0","00000","2024000000","事業所","15","事業所数","その他の情報処理・提供サービス業","300人以上","総数"
"102-2024","40","00","0","00000","2024000000","事業所","11643","事業所数","インターネット附随サービス業","総数","総数"
"102-2024","40","01","0","00000","2024000000","事業所","2927","事業所数","インターネット附随サービス業","0人","総数"
"102-2024","40","02","0","00000","2024000000","事業所","4934","事業所数","インターネット附随サービス業","1～4人","総数"
"102-2024","40","03","0","00000","2024000000","事業所","1279","事業所数","インターネット附随サービス業","5～9人","総数"
"102-2024","40","04","0","00000","2024000000","事業所","920","事業所数","インターネット附随サービス業","10～19人","総数"
"102-2024","40","05","0","00000","2024000000","事業所","407","事業所数","インターネット附随サービス業","20～29人","総数"
"102-2024","40","06","0","00000","2024000000","事業所","385","事業所数","インターネット附随サービス業","30～49人","総数"
"102-2024","40","07","0","00000","2024000000","事業所","359","事業所数","インターネット附随サービス業","50～99人","総数"
"102-2024","40","08","0","00000","2024000000","事業所","247","事業所数","インターネット附随サービス業","100～199人","総数"
"102-2024","40","09","0","00000","2024000000","事業所","66","事業所数","インターネット附随サービス業","200～299人","総数"
"102-2024","40","10","0","00000","2024000000","事業所","119","事業所数","インターネット附随サービス業","300人以上","総数"
"102-2024","400","00","0","00000","2024000000","事業所","137","事業所数","管理、補助的経済活動を行う事業所（40_インターネット附随サービス業）","総数","総数"
"102-2024","400","01","0","00000","2024000000","事業所","8","事業所数","管理、補助的経済活動を行う事業所（40_インターネット附随サービス業）","0人","総数"
"102-2024","400","02","0","00000","2024000000","事業所","38","事業所数","管理、補助的経済活動を行う事業所（40_インターネット附随サービス業）","1～4人","総数"
"102-2024","400","03","0","00000","2024000000","事業所","7","事業所数","管理、補助的経済活動を行う事業所（40_インターネット附随サービス業）","5～9人","総数"
"102-2024","400","04","0","00000","2024000000","事業所","4","事業所数","管理、補助的経済活動を行う事業所（40_インターネット附随サービス業）","10～19人","総数"
"102-2024","400","05","0","00000","2024000000","事業所","4","事業所数","管理、補助的経済活動を行う事業所（40_インターネット附随サービス業）","20～29人","総数"
"102-2024","400","06","0","00000","2024000000","事業所","7","事業所数","管理、補助的経済活動を行う事業所（40_インターネット附随サービス業）","30～49人","総数"
"102-2024","400","07","0","00000","2024000000","事業所","21","事業所数","管理、補助的経済活動を行う事業所（40_インターネット附随サービス業）","50～99人","総数"
"102-2024","400","08","0","00000","2024000000","事業所","35","事業所数","管理、補助的経済活動を行う事業所（40_インターネット附随サービス業）","100～199人","総数"
"102-2024","400","09","0","00000","2024000000","事業所","3","事業所数","管理、補助的経済活動を行う事業所（40_インターネット附随サービス業）","200～299人","総数"
"102-2024","400","10","0","00000","2024000000","事業所","10","事業所数","管理、補助的経済活動を行う事業所（40_インターネット附随サービス業）","300人以上","総数"
"102-2024","401","00","0","00000","2024000000","事業所","11506","事業所数","インターネット附随サービス業","総数","総数"
"102-2024","401","01","0","00000","2024000000","事業所","2919","事業所数","インターネット附随サービス業","0人","総数"
"102-2024","401","02","0","00000","2024000000","事業所","4896","事業所数","インターネット附随サービス業","1～4人","総数"
"102-2024","401","03","0","00000","2024000000","事業所","1272","事業所数","インターネット附随サービス業","5～9人","総数"
"102-2024","401","04","0","00000","2024000000","事業所","916","事業所数","インターネット附随サービス業","10～19人","総数"
"102-2024","401","05","0","00000","2024000000","事業所","403","事業所数","インターネット附随サービス業","20～29人","総数"
"102-2024","401","06","0","00000","2024000000","事業所","378","事業所数","インターネット附随サービス業","30～49人","総数"
"102-2024","401","07","0","00000","2024000000","事業所","338","事業所数","インターネット附随サービス業","50～99人","総数"
"102-2024","401","08","0","00000","2024000000","事業所","212","事業所数","インターネット附随サービス業","100～199人","総数"
"102-2024","401","09","0","00000","2024000000","事業所","63","事業所数","インターネット附随サービス業","200～299人","総数"
"102-2024","401","10","0","00000","2024000000","事業所","109","事業所数","インターネット附随サービス業","300人以上","総数"
"102-2024","H","00","0","00000","2024000000","事業所","120026","事業所数","運輸業、郵便業","総数","総数"
"102-2024","H","01","0","00000","2024000000","事業所","4836","事業所数","運輸業、郵便業","0人","総数"
"102-2024","H","02","0","00000","2024000000","事業所","27220","事業所数","運輸業、郵便業","1～4人","総数"
"102-2024","H","03","0","00000","2024000000","事業所","22968","事業所数","運輸業、郵便業","5～9人","総数"
"102-2024","H","04","0","00000","2024000000","事業所","25550","事業所数","運輸業、郵便業","10～19人","総数"
"102-2024","H","05","0","00000","2024000000","事業所","13199","事業所数","運輸業、郵便業","20～29人","総数"
"102-2024","H","06","0","00000","2024000000","事業所","12946","事業所数","運輸業、郵便業","30～49人","総数"
"102-2024","H","07","0","00000","2024000000","事業所","8648","事業所数","運輸業、郵便業","50～99人","総数"
"102-2024","H","08","0","00000","2024000000","事業所","3193","事業所数","運輸業、郵便業","100～199人","総数"
"102-2024","H","09","0","00000","2024000000","事業所","854","事業所数","運輸業、郵便業","200～299人","総数"
"102-2024","H","10","0","00000","2024000000","事業所","612","事業所数","運輸業、郵便業","300人以上","総数"
"102-2024","42","00","0","00000","2024000000","事業所","3104","事業所数","鉄道業","総数","総数"
"102-2024","42","01","0","00000","2024000000","事業所","93","事業所数","鉄道業","0人","総数"
"102-2024","42","02","0","00000","2024000000","事業所","452","事業所数","鉄道業","1～4人","総数"
"102-2024","42","03","0","00000","2024000000","事業所","411","事業所数","鉄道業","5～9人","総数"
"102-2024","42","04","0","00000","2024000000","事業所","521","事業所数","鉄道業","10～19人","総数"
"102-2024","42","05","0","00000","2024000000","事業所","357","事業所数","鉄道業","20～29人","総数"
"102-2024","42","06","0","00000","2024000000","事業所","404","事業所数","鉄道業","30～49人","総数"
"102-2024","42","07","0","00000","2024000000","事業所","377","事業所数","鉄道業","50～99人","総数"
"102-2024","42","08","0","00000","2024000000","事業所","255","事業所数","鉄道業","100～199人","総数"
"102-2024","42","09","0","00000","2024000000","事業所","130","事業所数","鉄道業","200～299人","総数"
"102-2024","42","10","0","00000","2024000000","事業所","104","事業所数","鉄道業","300人以上","総数"
"102-2024","420","00","0","00000","2024000000","事業所","110","事業所数","管理、補助的経済活動を行う事業所（42_鉄道業）","総数","総数"
"102-2024","420","01","0","00000","2024000000","事業所","2","事業所数","管理、補助的経済活動を行う事業所（42_鉄道業）","0人","総数"
"102-2024","420","02","0","00000","2024000000","事業所","16","事業所数","管理、補助的経済活動を行う事業所（42_鉄道業）","1～4人","総数"
"102-2024","420","03","0","00000","2024000000","事業所","23","事業所数","管理、補助的経済活動を行う事業所（42_鉄道業）","5～9人","総数"
"102-2024","420","04","0","00000","2024000000","事業所","19","事業所数","管理、補助的経済活動を行う事業所（42_鉄道業）","10～19人","総数"
"102-2024","420","05","0","00000","2024000000","事業所","10","事業所数","管理、補助的経済活動を行う事業所（42_鉄道業）","20～29人","総数"
"102-2024","420","06","0","00000","2024000000","事業所","11","事業所数","管理、補助的経済活動を行う事業所（42_鉄道業）","30～49人","総数"
"102-2024","420","07","0","00000","2024000000","事業所","9","事業所数","管理、補助的経済活動を行う事業所（42_鉄道業）","50～99人","総数"
"102-2024","420","08","0","00000","2024000000","事業所","5","事業所数","管理、補助的経済活動を行う事業所（42_鉄道業）","100～199人","総数"
"102-2024","420","09","0","00000","2024000000","事業所","10","事業所数","管理、補助的経済活動を行う事業所（42_鉄道業）","200～299人","総数"
"102-2024","420","10","0","00000","2024000000","事業所","5","事業所数","管理、補助的経済活動を行う事業所（42_鉄道業）","300人以上","総数"
"102-2024","421","00","0","00000","2024000000","事業所","2994","事業所数","鉄道業","総数","総数"
"102-2024","421","01","0","00000","2024000000","事業所","91","事業所数","鉄道業","0人","総数"
"102-2024","421","02","0","00000","2024000000","事業所","436","事業所数","鉄道業","1～4人","総数"
"102-2024","421","03","0","00000","2024000000","事業所","388","事業所数","鉄道業","5～9人","総数"
"102-2024","421","04","0","00000","2024000000","事業所","502","事業所数","鉄道業","10～19人","総数"
"102-2024","421","05","0","00000","2024000000","事業所","347","事業所数","鉄道業","20～29人","総数"
"102-2024","421","06","0","00000","2024000000","事業所","393","事業所数","鉄道業","30～49人","総数"
"102-2024","421","07","0","00000","2024000000","事業所","368","事業所数","鉄道業","50～99人","総数"
"102-2024","421","08","0","00000","2024000000","事業所","250","事業所数","鉄道業","100～199人","総数"
"102-2024","421","09","0","00000","2024000000","事業所","120","事業所数","鉄道業","200～299人","総数"
"102-2024","421","10","0","00000","2024000000","事業所","99","事業所数","鉄道業","300人以上","総数"
"102-2024","43","00","0","00000","2024000000","事業所","11970","事業所数","道路旅客運送業","総数","総数"
"102-2024","43","01","0","00000","2024000000","事業所","352","事業所数","道路旅客運送業","0人","総数"
"102-2024","43","02","0","00000","2024000000","事業所","2592","事業所数","道路旅客運送業","1～4人","総数"
"102-2024","43","03","0","00000","2024000000","事業所","1948","事業所数","道路旅客運送業","5～9人","総数"
"102-2024","43","04","0","00000","2024000000","事業所","2151","事業所数","道路旅客運送業","10～19人","総数"
"102-2024","43","05","0","00000","2024000000","事業所","1267","事業所数","道路旅客運送業","20～29人","総数"
"102-2024","43","06","0","00000","2024000000","事業所","1404","事業所数","道路旅客運送業","30～49人","総数"
"102-2024","43","07","0","00000","2024000000","事業所","1336","事業所数","道路旅客運送業","50～99人","総数"
"102-2024","43","08","0","00000","2024000000","事業所","708","事業所数","道路旅客運送業","100～199人","総数"
"102-2024","43","09","0","00000","2024000000","事業所","145","事業所数","道路旅客運送業","200～299人","総数"
"102-2024","43","10","0","00000","2024000000","事業所","67","事業所数","道路旅客運送業","300人以上","総数"
"102-2024","430","00","0","00000","2024000000","事業所","193","事業所数","管理、補助的経済活動を行う事業所（43_道路旅客運送業）","総数","総数"
"102-2024","430","01","0","00000","2024000000","事業所","5","事業所数","管理、補助的経済活動を行う事業所（43_道路旅客運送業）","0人","総数"
"102-2024","430","02","0","00000","2024000000","事業所","55","事業所数","管理、補助的経済活動を行う事業所（43_道路旅客運送業）","1～4人","総数"
"102-2024","430","03","0","00000","2024000000","事業所","40","事業所数","管理、補助的経済活動を行う事業所（43_道路旅客運送業）","5～9人","総数"
"102-2024","430","04","0","00000","2024000000","事業所","45","事業所数","管理、補助的経済活動を行う事業所（43_道路旅客運送業）","10～19人","総数"
"102-2024","430","05","0","00000","2024000000","事業所","15","事業所数","管理、補助的経済活動を行う事業所（43_道路旅客運送業）","20～29人","総数"
"102-2024","430","06","0","00000","2024000000","事業所","18","事業所数","管理、補助的経済活動を行う事業所（43_道路旅客運送業）","30～49人","総数"
"102-2024","430","07","0","00000","2024000000","事業所","8","事業所数","管理、補助的経済活動を行う事業所（43_道路旅客運送業）","50～99人","総数"
"102-2024","430","08","0","00000","2024000000","事業所","6","事業所数","管理、補助的経済活動を行う事業所（43_道路旅客運送業）","100～199人","総数"
"102-2024","430","09","0","00000","2024000000","事業所","***","事業所数","管理、補助的経済活動を行う事業所（43_道路旅客運送業）","200～299人","総数"
"102-2024","430","10","0","00000","2024000000","事業所","1","事業所数","管理、補助的経済活動を行う事業所（43_道路旅客運送業）","300人以上","総数"
"102-2024","431","00","0","00000","2024000000","事業所","1835","事業所数","一般乗合旅客自動車運送業","総数","総数"
"102-2024","431","01","0","00000","2024000000","事業所","48","事業所数","一般乗合旅客自動車運送業","0人","総数"
"102-2024","431","02","0","00000","2024000000","事業所","296","事業所数","一般乗合旅客自動車運送業","1～4人","総数"
"102-2024","431","03","0","00000","2024000000","事業所","198","事業所数","一般乗合旅客自動車運送業","5～9人","総数"
"102-2024","431","04","0","00000","2024000000","事業所","230","事業所数","一般乗合旅客自動車運送業","10～19人","総数"
"102-2024","431","05","0","00000","2024000000","事業所","194","事業所数","一般乗合旅客自動車運送業","20～29人","総数"
"102-2024","431","06","0","00000","2024000000","事業所","267","事業所数","一般乗合旅客自動車運送業","30～49人","総数"
"102-2024","431","07","0","00000","2024000000","事業所","307","事業所数","一般乗合旅客自動車運送業","50～99人","総数"
"102-2024","431","08","0","00000","2024000000","事業所","236","事業所数","一般乗合旅客自動車運送業","100～199人","総数"
"102-2024","431","09","0","00000","2024000000","事業所","50","事業所数","一般乗合旅客自動車運送業","200～299人","総数"
"102-2024","431","10","0","00000","2024000000","事業所","9","事業所数","一般乗合旅客自動車運送業","300人以上","総数"
"102-2024","432","00","0","00000","2024000000","事業所","7135","事業所数","一般乗用旅客自動車運送業","総数","総数"
"102-2024","432","01","0","00000","2024000000","事業所","234","事業所数","一般乗用旅客自動車運送業","0人","総数"
"102-2024","432","02","0","00000","2024000000","事業所","1706","事業所数","一般乗用旅客自動車運送業","1～4人","総数"
"102-2024","432","03","0","00000","2024000000","事業所","1009","事業所数","一般乗用旅客自動車運送業","5～9人","総数"
"102-2024","432","04","0","00000","2024000000","事業所","1156","事業所数","一般乗用旅客自動車運送業","10～19人","総数"
"102-2024","432","05","0","00000","2024000000","事業所","727","事業所数","一般乗用旅客自動車運送業","20～29人","総数"
"102-2024","432","06","0","00000","2024000000","事業所","867","事業所数","一般乗用旅客自動車運送業","30～49人","総数"
"102-2024","432","07","0","00000","2024000000","事業所","878","事業所数","一般乗用旅客自動車運送業","50～99人","総数"
"102-2024","432","08","0","00000","2024000000","事業所","420","事業所数","一般乗用旅客自動車運送業","100～199人","総数"
"102-2024","432","09","0","00000","2024000000","事業所","87","事業所数","一般乗用旅客自動車運送業","200～299人","総数"
"102-2024","432","10","0","00000","2024000000","事業所","51","事業所数","一般乗用旅客自動車運送業","300人以上","総数"
"102-2024","433","00","0","00000","2024000000","事業所","2542","事業所数","一般貸切旅客自動車運送業","総数","総数"
"102-2024","433","01","0","00000","2024000000","事業所","55","事業所数","一般貸切旅客自動車運送業","0人","総数"
"102-2024","433","02","0","00000","2024000000","事業所","469","事業所数","一般貸切旅客自動車運送業","1～4人","総数"
"102-2024","433","03","0","00000","2024000000","事業所","653","事業所数","一般貸切旅客自動車運送業","5～9人","総数"
"102-2024","433","04","0","00000","2024000000","事業所","669","事業所数","一般貸切旅客自動車運送業","10～19人","総数"
"102-2024","433","05","0","00000","2024000000","事業所","309","事業所数","一般貸切旅客自動車運送業","20～29人","総数"
"102-2024","433","06","0","00000","2024000000","事業所","227","事業所数","一般貸切旅客自動車運送業","30～49人","総数"
"102-2024","433","07","0","00000","2024000000","事業所","117","事業所数","一般貸切旅客自動車運送業","50～99人","総数"
"102-2024","433","08","0","00000","2024000000","事業所","34","事業所数","一般貸切旅客自動車運送業","100～199人","総数"
"102-2024","433","09","0","00000","2024000000","事業所","5","事業所数","一般貸切旅客自動車運送業","200～299人","総数"
"102-2024","433","10","0","00000","2024000000","事業所","4","事業所数","一般貸切旅客自動車運送業","300人以上","総数"
"102-2024","439","00","0","00000","2024000000","事業所","265","事業所数","その他の道路旅客運送業","総数","総数"
"102-2024","439","01","0","00000","2024000000","事業所","10","事業所数","その他の道路旅客運送業","0人","総数"
"102-2024","439","02","0","00000","2024000000","事業所","66","事業所数","その他の道路旅客運送業","1～4人","総数"
"102-2024","439","03","0","00000","2024000000","事業所","48","事業所数","その他の道路旅客運送業","5～9人","総数"
"102-2024","439","04","0","00000","2024000000","事業所","51","事業所数","その他の道路旅客運送業","10～19人","総数"
"102-2024","439","05","0","00000","2024000000","事業所","22","事業所数","その他の道路旅客運送業","20～29人","総数"
"102-2024","439","06","0","00000","2024000000","事業所","25","事業所数","その他の道路旅客運送業","30～49人","総数"
"102-2024","439","07","0","00000","2024000000","事業所","26","事業所数","その他の道路旅客運送業","50～99人","総数"
"102-2024","439","08","0","00000","2024000000","事業所","12","事業所数","その他の道路旅客運送業","100～199人","総数"
"102-2024","439","09","0","00000","2024000000","事業所","3","事業所数","その他の道路旅客運送業","200～299人","総数"
"102-2024","439","10","0","00000","2024000000","事業所","2","事業所数","その他の道路旅客運送業","300人以上","総数"
"102-2024","44","00","0","00000","2024000000","事業所","70434","事業所数","道路貨物運送業","総数","総数"
"102-2024","44","01","0","00000","2024000000","事業所","2518","事業所数","道路貨物運送業","0人","総数"
"102-2024","44","02","0","00000","2024000000","事業所","13070","事業所数","道路貨物運送業","1～4人","総数"
"102-2024","44","03","0","00000","2024000000","事業所","13699","事業所数","道路貨物運送業","5～9人","総数"
"102-2024","44","04","0","00000","2024000000","事業所","16492","事業所数","道路貨物運送業","10～19人","総数"
"102-2024","44","05","0","00000","2024000000","事業所","8864","事業所数","道路貨物運送業","20～29人","総数"
"102-2024","44","06","0","00000","2024000000","事業所","8613","事業所数","道路貨物運送業","30～49人","総数"
"102-2024","44","07","0","00000","2024000000","事業所","5280","事業所数","道路貨物運送業","50～99人","総数"
"102-2024","44","08","0","00000","2024000000","事業所","1449","事業所数","道路貨物運送業","100～199人","総数"
"102-2024","44","09","0","00000","2024000000","事業所","281","事業所数","道路貨物運送業","200～299人","総数"
"102-2024","44","10","0","00000","2024000000","事業所","168","事業所数","道路貨物運送業","300人以上","総数"
"102-2024","440","00","0","00000","2024000000","事業所","1546","事業所数","管理、補助的経済活動を行う事業所（44_道路貨物運送業）","総数","総数"
"102-2024","440","01","0","00000","2024000000","事業所","151","事業所数","管理、補助的経済活動を行う事業所（44_道路貨物運送業）","0人","総数"
"102-2024","440","02","0","00000","2024000000","事業所","648","事業所数","管理、補助的経済活動を行う事業所（44_道路貨物運送業）","1～4人","総数"
"102-2024","440","03","0","00000","2024000000","事業所","290","事業所数","管理、補助的経済活動を行う事業所（44_道路貨物運送業）","5～9人","総数"
"102-2024","440","04","0","00000","2024000000","事業所","218","事業所数","管理、補助的経済活動を行う事業所（44_道路貨物運送業）","10～19人","総数"
"102-2024","440","05","0","00000","2024000000","事業所","89","事業所数","管理、補助的経済活動を行う事業所（44_道路貨物運送業）","20～29人","総数"
"102-2024","440","06","0","00000","2024000000","事業所","76","事業所数","管理、補助的経済活動を行う事業所（44_道路貨物運送業）","30～49人","総数"
"102-2024","440","07","0","00000","2024000000","事業所","49","事業所数","管理、補助的経済活動を行う事業所（44_道路貨物運送業）","50～99人","総数"
"102-2024","440","08","0","00000","2024000000","事業所","16","事業所数","管理、補助的経済活動を行う事業所（44_道路貨物運送業）","100～199人","総数"
"102-2024","440","09","0","00000","2024000000","事業所","6","事業所数","管理、補助的経済活動を行う事業所（44_道路貨物運送業）","200～299人","総数"
"102-2024","440","10","0","00000","2024000000","事業所","3","事業所数","管理、補助的経済活動を行う事業所（44_道路貨物運送業）","300人以上","総数"
"102-2024","441","00","0","00000","2024000000","事業所","63503","事業所数","一般貨物自動車運送業","総数","総数"
"102-2024","441","01","0","00000","2024000000","事業所","1792","事業所数","一般貨物自動車運送業","0人","総数"
"102-2024","441","02","0","00000","2024000000","事業所","10205","事業所数","一般貨物自動車運送業","1～4人","総数"
"102-2024","441","03","0","00000","2024000000","事業所","12473","事業所数","一般貨物自動車運送業","5～9人","総数"
"102-2024","441","04","0","00000","2024000000","事業所","15516","事業所数","一般貨物自動車運送業","10～19人","総数"
"102-2024","441","05","0","00000","2024000000","事業所","8459","事業所数","一般貨物自動車運送業","20～29人","総数"
"102-2024","441","06","0","00000","2024000000","事業所","8287","事業所数","一般貨物自動車運送業","30～49人","総数"
"102-2024","441","07","0","00000","2024000000","事業所","5017","事業所数","一般貨物自動車運送業","50～99人","総数"
"102-2024","441","08","0","00000","2024000000","事業所","1338","事業所数","一般貨物自動車運送業","100～199人","総数"
"102-2024","441","09","0","00000","2024000000","事業所","261","事業所数","一般貨物自動車運送業","200～299人","総数"
"102-2024","441","10","0","00000","2024000000","事業所","155","事業所数","一般貨物自動車運送業","300人以上","総数"
"102-2024","442","00","0","00000","2024000000","事業所","924","事業所数","特定貨物自動車運送業","総数","総数"
"102-2024","442","01","0","00000","2024000000","事業所","36","事業所数","特定貨物自動車運送業","0人","総数"
"102-2024","442","02","0","00000","2024000000","事業所","235","事業所数","特定貨物自動車運送業","1～4人","総数"
"102-2024","442","03","0","00000","2024000000","事業所","196","事業所数","特定貨物自動車運送業","5～9人","総数"
"102-2024","442","04","0","00000","2024000000","事業所","196","事業所数","特定貨物自動車運送業","10～19人","総数"
"102-2024","442","05","0","00000","2024000000","事業所","103","事業所数","特定貨物自動車運送業","20～29人","総数"
"102-2024","442","06","0","00000","2024000000","事業所","86","事業所数","特定貨物自動車運送業","30～49人","総数"
"102-2024","442","07","0","00000","2024000000","事業所","55","事業所数","特定貨物自動車運送業","50～99人","総数"
"102-2024","442","08","0","00000","2024000000","事業所","12","事業所数","特定貨物自動車運送業","100～199人","総数"
"102-2024","442","09","0","00000","2024000000","事業所","2","事業所数","特定貨物自動車運送業","200～299人","総数"
"102-2024","442","10","0","00000","2024000000","事業所","3","事業所数","特定貨物自動車運送業","300人以上","総数"
"102-2024","443","00","0","00000","2024000000","事業所","2945","事業所数","貨物軽自動車運送業","総数","総数"
"102-2024","443","01","0","00000","2024000000","事業所","504","事業所数","貨物軽自動車運送業","0人","総数"
"102-2024","443","02","0","00000","2024000000","事業所","1593","事業所数","貨物軽自動車運送業","1～4人","総数"
"102-2024","443","03","0","00000","2024000000","事業所","398","事業所数","貨物軽自動車運送業","5～9人","総数"
"102-2024","443","04","0","00000","2024000000","事業所","265","事業所数","貨物軽自動車運送業","10～19人","総数"
"102-2024","443","05","0","00000","2024000000","事業所","88","事業所数","貨物軽自動車運送業","20～29人","総数"
"102-2024","443","06","0","00000","2024000000","事業所","65","事業所数","貨物軽自動車運送業","30～49人","総数"
"102-2024","443","07","0","00000","2024000000","事業所","24","事業所数","貨物軽自動車運送業","50～99人","総数"
"102-2024","443","08","0","00000","2024000000","事業所","4","事業所数","貨物軽自動車運送業","100～199人","総数"
"102-2024","443","09","0","00000","2024000000","事業所","2","事業所数","貨物軽自動車運送業","200～299人","総数"
"102-2024","443","10","0","00000","2024000000","事業所","2","事業所数","貨物軽自動車運送業","300人以上","総数"
"102-2024","444","00","0","00000","2024000000","事業所","1399","事業所数","集配利用運送業","総数","総数"
"102-2024","444","01","0","00000","2024000000","事業所","31","事業所数","集配利用運送業","0人","総数"
"102-2024","444","02","0","00000","2024000000","事業所","328","事業所数","集配利用運送業","1～4人","総数"
"102-2024","444","03","0","00000","2024000000","事業所","315","事業所数","集配利用運送業","5～9人","総数"
"102-2024","444","04","0","00000","2024000000","事業所","290","事業所数","集配利用運送業","10～19人","総数"
"102-2024","444","05","0","00000","2024000000","事業所","115","事業所数","集配利用運送業","20～29人","総数"
"102-2024","444","06","0","00000","2024000000","事業所","95","事業所数","集配利用運送業","30～49人","総数"
"102-2024","444","07","0","00000","2024000000","事業所","132","事業所数","集配利用運送業","50～99人","総数"
"102-2024","444","08","0","00000","2024000000","事業所","78","事業所数","集配利用運送業","100～199人","総数"
"102-2024","444","09","0","00000","2024000000","事業所","10","事業所数","集配利用運送業","200～299人","総数"
"102-2024","444","10","0","00000","2024000000","事業所","5","事業所数","集配利用運送業","300人以上","総数"
"102-2024","449","00","0","00000","2024000000","事業所","110","事業所数","その他の道路貨物運送業","総数","総数"
"102-2024","449","01","0","00000","2024000000","事業所","2","事業所数","その他の道路貨物運送業","0人","総数"
"102-2024","449","02","0","00000","2024000000","事業所","60","事業所数","その他の道路貨物運送業","1～4人","総数"
"102-2024","449","03","0","00000","2024000000","事業所","25","事業所数","その他の道路貨物運送業","5～9人","総数"
"102-2024","449","04","0","00000","2024000000","事業所","6","事業所数","その他の道路貨物運送業","10～19人","総数"
"102-2024","449","05","0","00000","2024000000","事業所","9","事業所数","その他の道路貨物運送業","20～29人","総数"
"102-2024","449","06","0","00000","2024000000","事業所","4","事業所数","その他の道路貨物運送業","30～49人","総数"
"102-2024","449","07","0","00000","2024000000","事業所","3","事業所数","その他の道路貨物運送業","50～99人","総数"
"102-2024","449","08","0","00000","2024000000","事業所","1","事業所数","その他の道路貨物運送業","100～199人","総数"
"102-2024","449","09","0","00000","2024000000","事業所","***","事業所数","その他の道路貨物運送業","200～299人","総数"
"102-2024","449","10","0","00000","2024000000","事業所","***","事業所数","その他の道路貨物運送業","300人以上","総数"
"102-2024","45","00","0","00000","2024000000","事業所","2739","事業所数","水運業","総数","総数"
"102-2024","45","01","0","00000","2024000000","事業所","230","事業所数","水運業","0人","総数"
"102-2024","45","02","0","00000","2024000000","事業所","932","事業所数","水運業","1～4人","総数"
"102-2024","45","03","0","00000","2024000000","事業所","599","事業所数","水運業","5～9人","総数"
"102-2024","45","04","0","00000","2024000000","事業所","428","事業所数","水運業","10～19人","総数"
"102-2024","45","05","0","00000","2024000000","事業所","186","事業所数","水運業","20～29人","総数"
"102-2024","45","06","0","00000","2024000000","事業所","185","事業所数","水運業","30～49人","総数"
"102-2024","45","07","0","00000","2024000000","事業所","119","事業所数","水運業","50～99人","総数"
"102-2024","45","08","0","00000","2024000000","事業所","39","事業所数","水運業","100～199人","総数"
"102-2024","45","09","0","00000","2024000000","事業所","13","事業所数","水運業","200～299人","総数"
"102-2024","45","10","0","00000","2024000000","事業所","8","事業所数","水運業","300人以上","総数"
"102-2024","450","00","0","00000","2024000000","事業所","47","事業所数","管理、補助的経済活動を行う事業所（45_水運業）","総数","総数"
"102-2024","450","01","0","00000","2024000000","事業所","13","事業所数","管理、補助的経済活動を行う事業所（45_水運業）","0人","総数"
"102-2024","450","02","0","00000","2024000000","事業所","17","事業所数","管理、補助的経済活動を行う事業所（45_水運業）","1～4人","総数"
"102-2024","450","03","0","00000","2024000000","事業所","7","事業所数","管理、補助的経済活動を行う事業所（45_水運業）","5～9人","総数"
"102-2024","450","04","0","00000","2024000000","事業所","4","事業所数","管理、補助的経済活動を行う事業所（45_水運業）","10～19人","総数"
"102-2024","450","05","0","00000","2024000000","事業所","4","事業所数","管理、補助的経済活動を行う事業所（45_水運業）","20～29人","総数"
"102-2024","450","06","0","00000","2024000000","事業所","***","事業所数","管理、補助的経済活動を行う事業所（45_水運業）","30～49人","総数"
"102-2024","450","07","0","00000","2024000000","事業所","2","事業所数","管理、補助的経済活動を行う事業所（45_水運業）","50～99人","総数"
"102-2024","450","08","0","00000","2024000000","事業所","***","事業所数","管理、補助的経済活動を行う事業所（45_水運業）","100～199人","総数"
"102-2024","450","09","0","00000","2024000000","事業所","***","事業所数","管理、補助的経済活動を行う事業所（45_水運業）","200～299人","総数"
"102-2024","450","10","0","00000","2024000000","事業所","***","事業所数","管理、補助的経済活動を行う事業所（45_水運業）","300人以上","総数"
"102-2024","451","00","0","00000","2024000000","事業所","267","事業所数","外航海運業","総数","総数"
"102-2024","451","01","0","00000","2024000000","事業所","14","事業所数","外航海運業","0人","総数"
"102-2024","451","02","0","00000","2024000000","事業所","81","事業所数","外航海運業","1～4人","総数"
"102-2024","451","03","0","00000","2024000000","事業所","59","事業所数","外航海運業","5～9人","総数"
"102-2024","451","04","0","00000","2024000000","事業所","31","事業所数","外航海運業","10～19人","総数"
"102-2024","451","05","0","00000","2024000000","事業所","22","事業所数","外航海運業","20～29人","総数"
"102-2024","451","06","0","00000","2024000000","事業所","21","事業所数","外航海運業","30～49人","総数"
"102-2024","451","07","0","00000","2024000000","事業所","19","事業所数","外航海運業","50～99人","総数"
"102-2024","451","08","0","00000","2024000000","事業所","11","事業所数","外航海運業","100～199人","総数"
"102-2024","451","09","0","00000","2024000000","事業所","4","事業所数","外航海運業","200～299人","総数"
"102-2024","451","10","0","00000","2024000000","事業所","5","事業所数","外航海運業","300人以上","総数"
"102-2024","452","00","0","00000","2024000000","事業所","1420","事業所数","沿海海運業","総数","総数"
"102-2024","452","01","0","00000","2024000000","事業所","83","事業所数","沿海海運業","0人","総数"
"102-2024","452","02","0","00000","2024000000","事業所","493","事業所数","沿海海運業","1～4人","総数"
"102-2024","452","03","0","00000","2024000000","事業所","329","事業所数","沿海海運業","5～9人","総数"
"102-2024","452","04","0","00000","2024000000","事業所","241","事業所数","沿海海運業","10～19人","総数"
"102-2024","452","05","0","00000","2024000000","事業所","95","事業所数","沿海海運業","20～29人","総数"
"102-2024","452","06","0","00000","2024000000","事業所","89","事業所数","沿海海運業","30～49人","総数"
"102-2024","452","07","0","00000","2024000000","事業所","58","事業所数","沿海海運業","50～99人","総数"
"102-2024","452","08","0","00000","2024000000","事業所","20","事業所数","沿海海運業","100～199人","総数"
"102-2024","452","09","0","00000","2024000000","事業所","9","事業所数","沿海海運業","200～299人","総数"
"102-2024","452","10","0","00000","2024000000","事業所","3","事業所数","沿海海運業","300人以上","総数"
"102-2024","453","00","0","00000","2024000000","事業所","326","事業所数","内陸水運業","総数","総数"
"102-2024","453","01","0","00000","2024000000","事業所","22","事業所数","内陸水運業","0人","総数"
"102-2024","453","02","0","00000","2024000000","事業所","145","事業所数","内陸水運業","1～4人","総数"
"102-2024","453","03","0","00000","2024000000","事業所","76","事業所数","内陸水運業","5～9人","総数"
"102-2024","453","04","0","00000","2024000000","事業所","42","事業所数","内陸水運業","10～19人","総数"
"102-2024","453","05","0","00000","2024000000","事業所","20","事業所数","内陸水運業","20～29人","総数"
"102-2024","453","06","0","00000","2024000000","事業所","9","事業所数","内陸水運業","30～49人","総数"
"102-2024","453","07","0","00000","2024000000","事業所","7","事業所数","内陸水運業","50～99人","総数"
"102-2024","453","08","0","00000","2024000000","事業所","5","事業所数","内陸水運業","100～199人","総数"
"102-2024","453","09","0","00000","2024000000","事業所","***","事業所数","内陸水運業","200～299人","総数"
"102-2024","453","10","0","00000","2024000000","事業所","***","事業所数","内陸水運業","300人以上","総数"
"102-2024","454","00","0","00000","2024000000","事業所","677","事業所数","船舶貸渡業","総数","総数"
"102-2024","454","01","0","00000","2024000000","事業所","97","事業所数","船舶貸渡業","0人","総数"
"102-2024","454","02","0","00000","2024000000","事業所","195","事業所数","船舶貸渡業","1～4人","総数"
"102-2024","454","03","0","00000","2024000000","事業所","128","事業所数","船舶貸渡業","5～9人","総数"
"102-2024","454","04","0","00000","2024000000","事業所","110","事業所数","船舶貸渡業","10～19人","総数"
"102-2024","454","05","0","00000","2024000000","事業所","45","事業所数","船舶貸渡業","20～29人","総数"
"102-2024","454","06","0","00000","2024000000","事業所","66","事業所数","船舶貸渡業","30～49人","総数"
"102-2024","454","07","0","00000","2024000000","事業所","33","事業所数","船舶貸渡業","50～99人","総数"
"102-2024","454","08","0","00000","2024000000","事業所","3","事業所数","船舶貸渡業","100～199人","総数"
"102-2024","454","09","0","00000","2024000000","事業所","***","事業所数","船舶貸渡業","200～299人","総数"
"102-2024","454","10","0","00000","2024000000","事業所","***","事業所数","船舶貸渡業","300人以上","総数"
"102-2024","46","00","0","00000","2024000000","事業所","786","事業所数","航空運輸業","総数","総数"
"102-2024","46","01","0","00000","2024000000","事業所","76","事業所数","航空運輸業","0人","総数"
"102-2024","46","02","0","00000","2024000000","事業所","276","事業所数","航空運輸業","1～4人","総数"
"102-2024","46","03","0","00000","2024000000","事業所","138","事業所数","航空運輸業","5～9人","総数"
"102-2024","46","04","0","00000","2024000000","事業所","99","事業所数","航空運輸業","10～19人","総数"
"102-2024","46","05","0","00000","2024000000","事業所","38","事業所数","航空運輸業","20～29人","総数"
"102-2024","46","06","0","00000","2024000000","事業所","50","事業所数","航空運輸業","30～49人","総数"
"102-2024","46","07","0","00000","2024000000","事業所","44","事業所数","航空運輸業","50～99人","総数"
"102-2024","46","08","0","00000","2024000000","事業所","23","事業所数","航空運輸業","100～199人","総数"
"102-2024","46","09","0","00000","2024000000","事業所","11","事業所数","航空運輸業","200～299人","総数"
"102-2024","46","10","0","00000","2024000000","事業所","31","事業所数","航空運輸業","300人以上","総数"
"102-2024","460","00","0","00000","2024000000","事業所","13","事業所数","管理、補助的経済活動を行う事業所（46_航空運輸業）","総数","総数"
"102-2024","460","01","0","00000","2024000000","事業所","4","事業所数","管理、補助的経済活動を行う事業所（46_航空運輸業）","0人","総数"
"102-2024","460","02","0","00000","2024000000","事業所","3","事業所数","管理、補助的経済活動を行う事業所（46_航空運輸業）","1～4人","総数"
"102-2024","460","03","0","00000","2024000000","事業所","***","事業所数","管理、補助的経済活動を行う事業所（46_航空運輸業）","5～9人","総数"
"102-2024","460","04","0","00000","2024000000","事業所","1","事業所数","管理、補助的経済活動を行う事業所（46_航空運輸業）","10～19人","総数"
"102-2024","460","05","0","00000","2024000000","事業所","1","事業所数","管理、補助的経済活動を行う事業所（46_航空運輸業）","20～29人","総数"
"102-2024","460","06","0","00000","2024000000","事業所","3","事業所数","管理、補助的経済活動を行う事業所（46_航空運輸業）","30～49人","総数"
"102-2024","460","07","0","00000","2024000000","事業所","1","事業所数","管理、補助的経済活動を行う事業所（46_航空運輸業）","50～99人","総数"
"102-2024","460","08","0","00000","2024000000","事業所","***","事業所数","管理、補助的経済活動を行う事業所（46_航空運輸業）","100～199人","総数"
"102-2024","460","09","0","00000","2024000000","事業所","***","事業所数","管理、補助的経済活動を行う事業所（46_航空運輸業）","200～299人","総数"
"102-2024","460","10","0","00000","2024000000","事業所","***","事業所数","管理、補助的経済活動を行う事業所（46_航空運輸業）","300人以上","総数"
"102-2024","461","00","0","00000","2024000000","事業所","698","事業所数","航空運送業","総数","総数"
"102-2024","461","01","0","00000","2024000000","事業所","70","事業所数","航空運送業","0人","総数"
"102-2024","461","02","0","00000","2024000000","事業所","235","事業所数","航空運送業","1～4人","総数"
"102-2024","461","03","0","00000","2024000000","事業所","131","事業所数","航空運送業","5～9人","総数"
"102-2024","461","04","0","00000","2024000000","事業所","86","事業所数","航空運送業","10～19人","総数"
"102-2024","461","05","0","00000","2024000000","事業所","33","事業所数","航空運送業","20～29人","総数"
"102-2024","461","06","0","00000","2024000000","事業所","43","事業所数","航空運送業","30～49人","総数"
"102-2024","461","07","0","00000","2024000000","事業所","39","事業所数","航空運送業","50～99人","総数"
"102-2024","461","08","0","00000","2024000000","事業所","19","事業所数","航空運送業","100～199人","総数"
"102-2024","461","09","0","00000","2024000000","事業所","11","事業所数","航空運送業","200～299人","総数"
"102-2024","461","10","0","00000","2024000000","事業所","31","事業所数","航空運送業","300人以上","総数"
"102-2024","462","00","0","00000","2024000000","事業所","73","事業所数","航空機使用業（航空運送業を除く）","総数","総数"
"102-2024","462","01","0","00000","2024000000","事業所","2","事業所数","航空機使用業（航空運送業を除く）","0人","総数"
"102-2024","462","02","0","00000","2024000000","事業所","37","事業所数","航空機使用業（航空運送業を除く）","1～4人","総数"
"102-2024","462","03","0","00000","2024000000","事業所","7","事業所数","航空機使用業（航空運送業を除く）","5～9人","総数"
"102-2024","462","04","0","00000","2024000000","事業所","11","事業所数","航空機使用業（航空運送業を除く）","10～19人","総数"
"102-2024","462","05","0","00000","2024000000","事業所","4","事業所数","航空機使用業（航空運送業を除く）","20～29人","総数"
"102-2024","462","06","0","00000","2024000000","事業所","4","事業所数","航空機使用業（航空運送業を除く）","30～49人","総数"
"102-2024","462","07","0","00000","2024000000","事業所","4","事業所数","航空機使用業（航空運送業を除く）","50～99人","総数"
"102-2024","462","08","0","00000","2024000000","事業所","4","事業所数","航空機使用業（航空運送業を除く）","100～199人","総数"
"102-2024","462","09","0","00000","2024000000","事業所","***","事業所数","航空機使用業（航空運送業を除く）","200～299人","総数"
"102-2024","462","10","0","00000","2024000000","事業所","***","事業所数","航空機使用業（航空運送業を除く）","300人以上","総数"
"102-2024","47","00","0","00000","2024000000","事業所","11702","事業所数","倉庫業","総数","総数"
"102-2024","47","01","0","00000","2024000000","事業所","653","事業所数","倉庫業","0人","総数"
"102-2024","47","02","0","00000","2024000000","事業所","3781","事業所数","倉庫業","1～4人","総数"
"102-2024","47","03","0","00000","2024000000","事業所","2372","事業所数","倉庫業","5～9人","総数"
"102-2024","47","04","0","00000","2024000000","事業所","2110","事業所数","倉庫業","10～19人","総数"
"102-2024","47","05","0","00000","2024000000","事業所","959","事業所数","倉庫業","20～29人","総数"
"102-2024","47","06","0","00000","2024000000","事業所","836","事業所数","倉庫業","30～49人","総数"
"102-2024","47","07","0","00000","2024000000","事業所","602","事業所数","倉庫業","50～99人","総数"
"102-2024","47","08","0","00000","2024000000","事業所","282","事業所数","倉庫業","100～199人","総数"
"102-2024","47","09","0","00000","2024000000","事業所","76","事業所数","倉庫業","200～299人","総数"
"102-2024","47","10","0","00000","2024000000","事業所","31","事業所数","倉庫業","300人以上","総数"
"102-2024","470","00","0","00000","2024000000","事業所","239","事業所数","管理、補助的経済活動を行う事業所（47_倉庫業）","総数","総数"
"102-2024","470","01","0","00000","2024000000","事業所","19","事業所数","管理、補助的経済活動を行う事業所（47_倉庫業）","0人","総数"
"102-2024","470","02","0","00000","2024000000","事業所","99","事業所数","管理、補助的経済活動を行う事業所（47_倉庫業）","1～4人","総数"
"102-2024","470","03","0","00000","2024000000","事業所","34","事業所数","管理、補助的経済活動を行う事業所（47_倉庫業）","5～9人","総数"
"102-2024","470","04","0","00000","2024000000","事業所","31","事業所数","管理、補助的経済活動を行う事業所（47_倉庫業）","10～19人","総数"
"102-2024","470","05","0","00000","2024000000","事業所","19","事業所数","管理、補助的経済活動を行う事業所（47_倉庫業）","20～29人","総数"
"102-2024","470","06","0","00000","2024000000","事業所","14","事業所数","管理、補助的経済活動を行う事業所（47_倉庫業）","30～49人","総数"
"102-2024","470","07","0","00000","2024000000","事業所","12","事業所数","管理、補助的経済活動を行う事業所（47_倉庫業）","50～99人","総数"
"102-2024","470","08","0","00000","2024000000","事業所","8","事業所数","管理、補助的経済活動を行う事業所（47_倉庫業）","100～199人","総数"
"102-2024","470","09","0","00000","2024000000","事業所","1","事業所数","管理、補助的経済活動を行う事業所（47_倉庫業）","200～299人","総数"
"102-2024","470","10","0","00000","2024000000","事業所","2","事業所数","管理、補助的経済活動を行う事業所（47_倉庫業）","300人以上","総数"
"102-2024","471","00","0","00000","2024000000","事業所","9834","事業所数","倉庫業（冷蔵倉庫業を除く）","総数","総数"
"102-2024","471","01","0","00000","2024000000","事業所","579","事業所数","倉庫業（冷蔵倉庫業を除く）","0人","総数"
"102-2024","471","02","0","00000","2024000000","事業所","3230","事業所数","倉庫業（冷蔵倉庫業を除く）","1～4人","総数"
"102-2024","471","03","0","00000","2024000000","事業所","1958","事業所数","倉庫業（冷蔵倉庫業を除く）","5～9人","総数"
"102-2024","471","04","0","00000","2024000000","事業所","1718","事業所数","倉庫業（冷蔵倉庫業を除く）","10～19人","総数"
"102-2024","471","05","0","00000","2024000000","事業所","785","事業所数","倉庫業（冷蔵倉庫業を除く）","20～29人","総数"
"102-2024","471","06","0","00000","2024000000","事業所","702","事業所数","倉庫業（冷蔵倉庫業を除く）","30～49人","総数"
"102-2024","471","07","0","00000","2024000000","事業所","529","事業所数","倉庫業（冷蔵倉庫業を除く）","50～99人","総数"
"102-2024","471","08","0","00000","2024000000","事業所","239","事業所数","倉庫業（冷蔵倉庫業を除く）","100～199人","総数"
"102-2024","471","09","0","00000","2024000000","事業所","66","事業所数","倉庫業（冷蔵倉庫業を除く）","200～299人","総数"
"102-2024","471","10","0","00000","2024000000","事業所","28","事業所数","倉庫業（冷蔵倉庫業を除く）","300人以上","総数"
"102-2024","472","00","0","00000","2024000000","事業所","1628","事業所数","冷蔵倉庫業","総数","総数"
"102-2024","472","01","0","00000","2024000000","事業所","55","事業所数","冷蔵倉庫業","0人","総数"
"102-2024","472","02","0","00000","2024000000","事業所","452","事業所数","冷蔵倉庫業","1～4人","総数"
"102-2024","472","03","0","00000","2024000000","事業所","380","事業所数","冷蔵倉庫業","5～9人","総数"
"102-2024","472","04","0","00000","2024000000","事業所","360","事業所数","冷蔵倉庫業","10～19人","総数"
"102-2024","472","05","0","00000","2024000000","事業所","155","事業所数","冷蔵倉庫業","20～29人","総数"
"102-2024","472","06","0","00000","2024000000","事業所","120","事業所数","冷蔵倉庫業","30～49人","総数"
"102-2024","472","07","0","00000","2024000000","事業所","61","事業所数","冷蔵倉庫業","50～99人","総数"
"102-2024","472","08","0","00000","2024000000","事業所","35","事業所数","冷蔵倉庫業","100～199人","総数"
"102-2024","472","09","0","00000","2024000000","事業所","9","事業所数","冷蔵倉庫業","200～299人","総数"
"102-2024","472","10","0","00000","2024000000","事業所","1","事業所数","冷蔵倉庫業","300人以上","総数"
"102-2024","48","00","0","00000","2024000000","事業所","18934","事業所数","運輸に附帯するサービス業","総数","総数"
"102-2024","48","01","0","00000","2024000000","事業所","904","事業所数","運輸に附帯するサービス業","0人","総数"
"102-2024","48","02","0","00000","2024000000","事業所","6093","事業所数","運輸に附帯するサービス業","1～4人","総数"
"102-2024","48","03","0","00000","2024000000","事業所","3784","事業所数","運輸に附帯するサービス業","5～9人","総数"
"102-2024","48","04","0","00000","2024000000","事業所","3721","事業所数","運輸に附帯するサービス業","10～19人","総数"
"102-2024","48","05","0","00000","2024000000","事業所","1522","事業所数","運輸に附帯するサービス業","20～29人","総数"
"102-2024","48","06","0","00000","2024000000","事業所","1444","事業所数","運輸に附帯するサービス業","30～49人","総数"
"102-2024","48","07","0","00000","2024000000","事業所","876","事業所数","運輸に附帯するサービス業","50～99人","総数"
"102-2024","48","08","0","00000","2024000000","事業所","404","事業所数","運輸に附帯するサービス業","100～199人","総数"
"102-2024","48","09","0","00000","2024000000","事業所","98","事業所数","運輸に附帯するサービス業","200～299人","総数"
"102-2024","48","10","0","00000","2024000000","事業所","88","事業所数","運輸に附帯するサービス業","300人以上","総数"
"102-2024","480","00","0","00000","2024000000","事業所","386","事業所数","管理、補助的経済活動を行う事業所（48_運輸に附帯するサービス業）","総数","総数"
"102-2024","480","01","0","00000","2024000000","事業所","18","事業所数","管理、補助的経済活動を行う事業所（48_運輸に附帯するサービス業）","0人","総数"
"102-2024","480","02","0","00000","2024000000","事業所","135","事業所数","管理、補助的経済活動を行う事業所（48_運輸に附帯するサービス業）","1～4人","総数"
"102-2024","480","03","0","00000","2024000000","事業所","81","事業所数","管理、補助的経済活動を行う事業所（48_運輸に附帯するサービス業）","5～9人","総数"
"102-2024","480","04","0","00000","2024000000","事業所","67","事業所数","管理、補助的経済活動を行う事業所（48_運輸に附帯するサービス業）","10～19人","総数"
"102-2024","480","05","0","00000","2024000000","事業所","27","事業所数","管理、補助的経済活動を行う事業所（48_運輸に附帯するサービス業）","20～29人","総数"
"102-2024","480","06","0","00000","2024000000","事業所","30","事業所数","管理、補助的経済活動を行う事業所（48_運輸に附帯するサービス業）","30～49人","総数"
"102-2024","480","07","0","00000","2024000000","事業所","16","事業所数","管理、補助的経済活動を行う事業所（48_運輸に附帯するサービス業）","50～99人","総数"
"102-2024","480","08","0","00000","2024000000","事業所","9","事業所数","管理、補助的経済活動を行う事業所（48_運輸に附帯するサービス業）","100～199人","総数"
"102-2024","480","09","0","00000","2024000000","事業所","2","事業所数","管理、補助的経済活動を行う事業所（48_運輸に附帯するサービス業）","200～299人","総数"
"102-2024","480","10","0","00000","2024000000","事業所","1","事業所数","管理、補助的経済活動を行う事業所（48_運輸に附帯するサービス業）","300人以上","総数"
"102-2024","481","00","0","00000","2024000000","事業所","2180","事業所数","港湾運送業","総数","総数"
"102-2024","481","01","0","00000","2024000000","事業所","53","事業所数","港湾運送業","0人","総数"
"102-2024","481","02","0","00000","2024000000","事業所","514","事業所数","港湾運送業","1～4人","総数"
"102-2024","481","03","0","00000","2024000000","事業所","426","事業所数","港湾運送業","5～9人","総数"
"102-2024","481","04","0","00000","2024000000","事業所","426","事業所数","港湾運送業","10～19人","総数"
"102-2024","481","05","0","00000","2024000000","事業所","205","事業所数","港湾運送業","20～29人","総数"
"102-2024","481","06","0","00000","2024000000","事業所","260","事業所数","港湾運送業","30～49人","総数"
"102-2024","481","07","0","00000","2024000000","事業所","185","事業所数","港湾運送業","50～99人","総数"
"102-2024","481","08","0","00000","2024000000","事業所","80","事業所数","港湾運送業","100～199人","総数"
"102-2024","481","09","0","00000","2024000000","事業所","19","事業所数","港湾運送業","200～299人","総数"
"102-2024","481","10","0","00000","2024000000","事業所","12","事業所数","港湾運送業","300人以上","総数"
"102-2024","482","00","0","00000","2024000000","事業所","4454","事業所数","貨物運送取扱業（集配利用運送業を除く）","総数","総数"
"102-2024","482","01","0","00000","2024000000","事業所","278","事業所数","貨物運送取扱業（集配利用運送業を除く）","0人","総数"
"102-2024","482","02","0","00000","2024000000","事業所","1666","事業所数","貨物運送取扱業（集配利用運送業を除く）","1～4人","総数"
"102-2024","482","03","0","00000","2024000000","事業所","884","事業所数","貨物運送取扱業（集配利用運送業を除く）","5～9人","総数"
"102-2024","482","04","0","00000","2024000000","事業所","724","事業所数","貨物運送取扱業（集配利用運送業を除く）","10～19人","総数"
"102-2024","482","05","0","00000","2024000000","事業所","331","事業所数","貨物運送取扱業（集配利用運送業を除く）","20～29人","総数"
"102-2024","482","06","0","00000","2024000000","事業所","285","事業所数","貨物運送取扱業（集配利用運送業を除く）","30～49人","総数"
"102-2024","482","07","0","00000","2024000000","事業所","188","事業所数","貨物運送取扱業（集配利用運送業を除く）","50～99人","総数"
"102-2024","482","08","0","00000","2024000000","事業所","69","事業所数","貨物運送取扱業（集配利用運送業を除く）","100～199人","総数"
"102-2024","482","09","0","00000","2024000000","事業所","15","事業所数","貨物運送取扱業（集配利用運送業を除く）","200～299人","総数"
"102-2024","482","10","0","00000","2024000000","事業所","14","事業所数","貨物運送取扱業（集配利用運送業を除く）","300人以上","総数"
"102-2024","483","00","0","00000","2024000000","事業所","692","事業所数","運送代理店","総数","総数"
"102-2024","483","01","0","00000","2024000000","事業所","45","事業所数","運送代理店","0人","総数"
"102-2024","483","02","0","00000","2024000000","事業所","278","事業所数","運送代理店","1～4人","総数"
"102-2024","483","03","0","00000","2024000000","事業所","131","事業所数","運送代理店","5～9人","総数"
"102-2024","483","04","0","00000","2024000000","事業所","109","事業所数","運送代理店","10～19人","総数"
"102-2024","483","05","0","00000","2024000000","事業所","49","事業所数","運送代理店","20～29人","総数"
"102-2024","483","06","0","00000","2024000000","事業所","45","事業所数","運送代理店","30～49人","総数"
"102-2024","483","07","0","00000","2024000000","事業所","17","事業所数","運送代理店","50～99人","総数"
"102-2024","483","08","0","00000","2024000000","事業所","12","事業所数","運送代理店","100～199人","総数"
"102-2024","483","09","0","00000","2024000000","事業所","6","事業所数","運送代理店","200～299人","総数"
"102-2024","483","10","0","00000","2024000000","事業所","***","事業所数","運送代理店","300人以上","総数"
"102-2024","484","00","0","00000","2024000000","事業所","2422","事業所数","こん包業","総数","総数"
"102-2024","484","01","0","00000","2024000000","事業所","79","事業所数","こん包業","0人","総数"
"102-2024","484","02","0","00000","2024000000","事業所","583","事業所数","こん包業","1～4人","総数"
"102-2024","484","03","0","00000","2024000000","事業所","459","事業所数","こん包業","5～9人","総数"
"102-2024","484","04","0","00000","2024000000","事業所","487","事業所数","こん包業","10～19人","総数"
"102-2024","484","05","0","00000","2024000000","事業所","262","事業所数","こん包業","20～29人","総数"
"102-2024","484","06","0","00000","2024000000","事業所","261","事業所数","こん包業","30～49人","総数"
"102-2024","484","07","0","00000","2024000000","事業所","193","事業所数","こん包業","50～99人","総数"
"102-2024","484","08","0","00000","2024000000","事業所","69","事業所数","こん包業","100～199人","総数"
"102-2024","484","09","0","00000","2024000000","事業所","12","事業所数","こん包業","200～299人","総数"
"102-2024","484","10","0","00000","2024000000","事業所","17","事業所数","こん包業","300人以上","総数"
"102-2024","485","00","0","00000","2024000000","事業所","734","事業所数","運輸施設提供業","総数","総数"
"102-2024","485","01","0","00000","2024000000","事業所","24","事業所数","運輸施設提供業","0人","総数"
"102-2024","485","02","0","00000","2024000000","事業所","171","事業所数","運輸施設提供業","1～4人","総数"
"102-2024","485","03","0","00000","2024000000","事業所","103","事業所数","運輸施設提供業","5～9人","総数"
"102-2024","485","04","0","00000","2024000000","事業所","145","事業所数","運輸施設提供業","10～19人","総数"
"102-2024","485","05","0","00000","2024000000","事業所","85","事業所数","運輸施設提供業","20～29人","総数"
"102-2024","485","06","0","00000","2024000000","事業所","117","事業所数","運輸施設提供業","30～49人","総数"
"102-2024","485","07","0","00000","2024000000","事業所","41","事業所数","運輸施設提供業","50～99人","総数"
"102-2024","485","08","0","00000","2024000000","事業所","30","事業所数","運輸施設提供業","100～199人","総数"
"102-2024","485","09","0","00000","2024000000","事業所","10","事業所数","運輸施設提供業","200～299人","総数"
"102-2024","485","10","0","00000","2024000000","事業所","8","事業所数","運輸施設提供業","300人以上","総数"
"102-2024","489","00","0","00000","2024000000","事業所","8066","事業所数","その他の運輸に附帯するサービス業","総数","総数"
"102-2024","489","01","0","00000","2024000000","事業所","407","事業所数","その他の運輸に附帯するサービス業","0人","総数"
"102-2024","489","02","0","00000","2024000000","事業所","2746","事業所数","その他の運輸に附帯するサービス業","1～4人","総数"
"102-2024","489","03","0","00000","2024000000","事業所","1700","事業所数","その他の運輸に附帯するサービス業","5～9人","総数"
"102-2024","489","04","0","00000","2024000000","事業所","1763","事業所数","その他の運輸に附帯するサービス業","10～19人","総数"
"102-2024","489","05","0","00000","2024000000","事業所","563","事業所数","その他の運輸に附帯するサービス業","20～29人","総数"
"102-2024","489","06","0","00000","2024000000","事業所","446","事業所数","その他の運輸に附帯するサービス業","30～49人","総数"
"102-2024","489","07","0","00000","2024000000","事業所","236","事業所数","その他の運輸に附帯するサービス業","50～99人","総数"
"102-2024","489","08","0","00000","2024000000","事業所","135","事業所数","その他の運輸に附帯するサービス業","100～199人","総数"
"102-2024","489","09","0","00000","2024000000","事業所","34","事業所数","その他の運輸に附帯するサービス業","200～299人","総数"
"102-2024","489","10","0","00000","2024000000","事業所","36","事業所数","その他の運輸に附帯するサービス業","300人以上","総数"
"102-2024","49","00","0","00000","2024000000","事業所","355","事業所数","郵便業（信書便事業を含む）","総数","総数"
"102-2024","49","01","0","00000","2024000000","事業所","9","事業所数","郵便業（信書便事業を含む）","0人","総数"
"102-2024","49","02","0","00000","2024000000","事業所","24","事業所数","郵便業（信書便事業を含む）","1～4人","総数"
"102-2024","49","03","0","00000","2024000000","事業所","17","事業所数","郵便業（信書便事業を含む）","5～9人","総数"
"102-2024","49","04","0","00000","2024000000","事業所","27","事業所数","郵便業（信書便事業を含む）","10～19人","総数"
"102-2024","49","05","0","00000","2024000000","事業所","6","事業所数","郵便業（信書便事業を含む）","20～29人","総数"
"102-2024","49","06","0","00000","2024000000","事業所","10","事業所数","郵便業（信書便事業を含む）","30～49人","総数"
"102-2024","49","07","0","00000","2024000000","事業所","14","事業所数","郵便業（信書便事業を含む）","50～99人","総数"
"102-2024","49","08","0","00000","2024000000","事業所","33","事業所数","郵便業（信書便事業を含む）","100～199人","総数"
"102-2024","49","09","0","00000","2024000000","事業所","100","事業所数","郵便業（信書便事業を含む）","200～299人","総数"
"102-2024","49","10","0","00000","2024000000","事業所","115","事業所数","郵便業（信書便事業を含む）","300人以上","総数"
"102-2024","490","00","0","00000","2024000000","事業所","42","事業所数","管理、補助的経済活動を行う事業所（49_郵便業）","総数","総数"
"102-2024","490","01","0","00000","2024000000","事業所","5","事業所数","管理、補助的経済活動を行う事業所（49_郵便業）","0人","総数"
"102-2024","490","02","0","00000","2024000000","事業所","5","事業所数","管理、補助的経済活動を行う事業所（49_郵便業）","1～4人","総数"
"102-2024","490","03","0","00000","2024000000","事業所","9","事業所数","管理、補助的経済活動を行う事業所（49_郵便業）","5～9人","総数"
"102-2024","490","04","0","00000","2024000000","事業所","10","事業所数","管理、補助的経済活動を行う事業所（49_郵便業）","10～19人","総数"
"102-2024","490","05","0","00000","2024000000","事業所","1","事業所数","管理、補助的経済活動を行う事業所（49_郵便業）","20～29人","総数"
"102-2024","490","06","0","00000","2024000000","事業所","4","事業所数","管理、補助的経済活動を行う事業所（49_郵便業）","30～49人","総数"
"102-2024","490","07","0","00000","2024000000","事業所","6","事業所数","管理、補助的経済活動を行う事業所（49_郵便業）","50～99人","総数"
"102-2024","490","08","0","00000","2024000000","事業所","1","事業所数","管理、補助的経済活動を行う事業所（49_郵便業）","100～199人","総数"
"102-2024","490","09","0","00000","2024000000","事業所","1","事業所数","管理、補助的経済活動を行う事業所（49_郵便業）","200～299人","総数"
"102-2024","490","10","0","00000","2024000000","事業所","***","事業所数","管理、補助的経済活動を行う事業所（49_郵便業）","300人以上","総数"
"102-2024","491","00","0","00000","2024000000","事業所","313","事業所数","郵便業（信書便事業を含む）","総数","総数"
"102-2024","491","01","0","00000","2024000000","事業所","4","事業所数","郵便業（信書便事業を含む）","0人","総数"
"102-2024","491","02","0","00000","2024000000","事業所","19","事業所数","郵便業（信書便事業を含む）","1～4人","総数"
"102-2024","491","03","0","00000","2024000000","事業所","8","事業所数","郵便業（信書便事業を含む）","5～9人","総数"
"102-2024","491","04","0","00000","2024000000","事業所","17","事業所数","郵便業（信書便事業を含む）","10～19人","総数"
"102-2024","491","05","0","00000","2024000000","事業所","5","事業所数","郵便業（信書便事業を含む）","20～29人","総数"
"102-2024","491","06","0","00000","2024000000","事業所","6","事業所数","郵便業（信書便事業を含む）","30～49人","総数"
"102-2024","491","07","0","00000","2024000000","事業所","8","事業所数","郵便業（信書便事業を含む）","50～99人","総数"
"102-2024","491","08","0","00000","2024000000","事業所","32","事業所数","郵便業（信書便事業を含む）","100～199人","総数"
"102-2024","491","09","0","00000","2024000000","事業所","99","事業所数","郵便業（信書便事業を含む）","200～299人","総数"
"102-2024","491","10","0","00000","2024000000","事業所","115","事業所数","郵便業（信書便事業を含む）","300人以上","総数"
"102-2024","I","00","0","00000","2024000000","事業所","964106","事業所数","卸売業、小売業","総数","総数"
"102-2024","I","01","0","00000","2024000000","事業所","62656","事業所数","卸売業、小売業","0人","総数"
"102-2024","I","02","0","00000","2024000000","事業所","440488","事業所数","卸売業、小売業","1～4人","総数"
"102-2024","I","03","0","00000","2024000000","事業所","206345","事業所数","卸売業、小売業","5～9人","総数"
"102-2024","I","04","0","00000","2024000000","事業所","146955","事業所数","卸売業、小売業","10～19人","総数"
"102-2024","I","05","0","00000","2024000000","事業所","49738","事業所数","卸売業、小売業","20～29人","総数"
"102-2024","I","06","0","00000","2024000000","事業所","30717","事業所数","卸売業、小売業","30～49人","総数"
"102-2024","I","07","0","00000","2024000000","事業所","17858","事業所数","卸売業、小売業","50～99人","総数"
"102-2024","I","08","0","00000","2024000000","事業所","6771","事業所数","卸売業、小売業","100～199人","総数"
"102-2024","I","09","0","00000","2024000000","事業所","1331","事業所数","卸売業、小売業","200～299人","総数"
"102-2024","I","10","0","00000","2024000000","事業所","1247","事業所数","卸売業、小売業","300人以上","総数"
"102-2024","I1","00","0","00000","2024000000","事業所","319077","事業所数","卸売業","総数","総数"
"102-2024","I1","01","0","00000","2024000000","事業所","26203","事業所数","卸売業","0人","総数"
"102-2024","I1","02","0","00000","2024000000","事業所","146597","事業所数","卸売業","1～4人","総数"
"102-2024","I1","03","0","00000","2024000000","事業所","68558","事業所数","卸売業","5～9人","総数"
"102-2024","I1","04","0","00000","2024000000","事業所","43046","事業所数","卸売業","10～19人","総数"
"102-2024","I1","05","0","00000","2024000000","事業所","14423","事業所数","卸売業","20～29人","総数"
"102-2024","I1","06","0","00000","2024000000","事業所","10732","事業所数","卸売業","30～49人","総数"
"102-2024","I1","07","0","00000","2024000000","事業所","6005","事業所数","卸売業","50～99人","総数"
"102-2024","I1","08","0","00000","2024000000","事業所","2216","事業所数","卸売業","100～199人","総数"
"102-2024","I1","09","0","00000","2024000000","事業所","595","事業所数","卸売業","200～299人","総数"
"102-2024","I1","10","0","00000","2024000000","事業所","702","事業所数","卸売業","300人以上","総数"
"102-2024","50","00","0","00000","2024000000","事業所","1084","事業所数","各種商品卸売業","総数","総数"
"102-2024","50","01","0","00000","2024000000","事業所","57","事業所数","各種商品卸売業","0人","総数"
"102-2024","50","02","0","00000","2024000000","事業所","379","事業所数","各種商品卸売業","1～4人","総数"
"102-2024","50","03","0","00000","2024000000","事業所","353","事業所数","各種商品卸売業","5～9人","総数"
"102-2024","50","04","0","00000","2024000000","事業所","197","事業所数","各種商品卸売業","10～19人","総数"
"102-2024","50","05","0","00000","2024000000","事業所","27","事業所数","各種商品卸売業","20～29人","総数"
"102-2024","50","06","0","00000","2024000000","事業所","29","事業所数","各種商品卸売業","30～49人","総数"
"102-2024","50","07","0","00000","2024000000","事業所","18","事業所数","各種商品卸売業","50～99人","総数"
"102-2024","50","08","0","00000","2024000000","事業所","10","事業所数","各種商品卸売業","100～199人","総数"
"102-2024","50","09","0","00000","2024000000","事業所","1","事業所数","各種商品卸売業","200～299人","総数"
"102-2024","50","10","0","00000","2024000000","事業所","13","事業所数","各種商品卸売業","300人以上","総数"
"102-2024","500","00","0","00000","2024000000","事業所","20","事業所数","管理、補助的経済活動を行う事業所（50_各種商品卸売業）","総数","総数"
"102-2024","500","01","0","00000","2024000000","事業所","***","事業所数","管理、補助的経済活動を行う事業所（50_各種商品卸売業）","0人","総数"
"102-2024","500","02","0","00000","2024000000","事業所","10","事業所数","管理、補助的経済活動を行う事業所（50_各種商品卸売業）","1～4人","総数"
"102-2024","500","03","0","00000","2024000000","事業所","5","事業所数","管理、補助的経済活動を行う事業所（50_各種商品卸売業）","5～9人","総数"
"102-2024","500","04","0","00000","2024000000","事業所","2","事業所数","管理、補助的経済活動を行う事業所（50_各種商品卸売業）","10～19人","総数"
"102-2024","500","05","0","00000","2024000000","事業所","2","事業所数","管理、補助的経済活動を行う事業所（50_各種商品卸売業）","20～29人","総数"
"102-2024","500","06","0","00000","2024000000","事業所","***","事業所数","管理、補助的経済活動を行う事業所（50_各種商品卸売業）","30～49人","総数"
"102-2024","500","07","0","00000","2024000000","事業所","***","事業所数","管理、補助的経済活動を行う事業所（50_各種商品卸売業）","50～99人","総数"
"102-2024","500","08","0","00000","2024000000","事業所","1","事業所数","管理、補助的経済活動を行う事業所（50_各種商品卸売業）","100～199人","総数"
"102-2024","500","09","0","00000","2024000000","事業所","***","事業所数","管理、補助的経済活動を行う事業所（50_各種商品卸売業）","200～299人","総数"
"102-2024","500","10","0","00000","2024000000","事業所","***","事業所数","管理、補助的経済活動を行う事業所（50_各種商品卸売業）","300人以上","総数"
"102-2024","501","00","0","00000","2024000000","事業所","1064","事業所数","各種商品卸売業","総数","総数"
"102-2024","501","01","0","00000","2024000000","事業所","57","事業所数","各種商品卸売業","0人","総数"
"102-2024","501","02","0","00000","2024000000","事業所","369","事業所数","各種商品卸売業","1～4人","総数"
"102-2024","501","03","0","00000","2024000000","事業所","348","事業所数","各種商品卸売業","5～9人","総数"
"102-2024","501","04","0","00000","2024000000","事業所","195","事業所数","各種商品卸売業","10～19人","総数"
"102-2024","501","05","0","00000","2024000000","事業所","25","事業所数","各種商品卸売業","20～29人","総数"
"102-2024","501","06","0","00000","2024000000","事業所","29","事業所数","各種商品卸売業","30～49人","総数"
"102-2024","501","07","0","00000","2024000000","事業所","18","事業所数","各種商品卸売業","50～99人","総数"
"102-2024","501","08","0","00000","2024000000","事業所","9","事業所数","各種商品卸売業","100～199人","総数"
"102-2024","501","09","0","00000","2024000000","事業所","1","事業所数","各種商品卸売業","200～299人","総数"
"102-2024","501","10","0","00000","2024000000","事業所","13","事業所数","各種商品卸売業","300人以上","総数"
"102-2024","50A","00","0","00000","2024000000","事業所","23","事業所数","各種商品卸売業（従業者が常時100人以上のもの）","総数","総数"
"102-2024","50A","01","0","00000","2024000000","事業所","***","事業所数","各種商品卸売業（従業者が常時100人以上のもの）","0人","総数"
"102-2024","50A","02","0","00000","2024000000","事業所","***","事業所数","各種商品卸売業（従業者が常時100人以上のもの）","1～4人","総数"
"102-2024","50A","03","0","00000","2024000000","事業所","***","事業所数","各種商品卸売業（従業者が常時100人以上のもの）","5～9人","総数"
"102-2024","50A","04","0","00000","2024000000","事業所","***","事業所数","各種商品卸売業（従業者が常時100人以上のもの）","10～19人","総数"
"102-2024","50A","05","0","00000","2024000000","事業所","***","事業所数","各種商品卸売業（従業者が常時100人以上のもの）","20～29人","総数"
"102-2024","50A","06","0","00000","2024000000","事業所","***","事業所数","各種商品卸売業（従業者が常時100人以上のもの）","30～49人","総数"
"102-2024","50A","07","0","00000","2024000000","事業所","***","事業所数","各種商品卸売業（従業者が常時100人以上のもの）","50～99人","総数"
"102-2024","50A","08","0","00000","2024000000","事業所","9","事業所数","各種商品卸売業（従業者が常時100人以上のもの）","100～199人","総数"
"102-2024","50A","09","0","00000","2024000000","事業所","1","事業所数","各種商品卸売業（従業者が常時100人以上のもの）","200～299人","総数"
"102-2024","50A","10","0","00000","2024000000","事業所","13","事業所数","各種商品卸売業（従業者が常時100人以上のもの）","300人以上","総数"
"102-2024","50B","00","0","00000","2024000000","事業所","1041","事業所数","その他の各種商品卸売業","総数","総数"
"102-2024","50B","01","0","00000","2024000000","事業所","57","事業所数","その他の各種商品卸売業","0人","総数"
"102-2024","50B","02","0","00000","2024000000","事業所","369","事業所数","その他の各種商品卸売業","1～4人","総数"
"102-2024","50B","03","0","00000","2024000000","事業所","348","事業所数","その他の各種商品卸売業","5～9人","総数"
"102-2024","50B","04","0","00000","2024000000","事業所","195","事業所数","その他の各種商品卸売業","10～19人","総数"
"102-2024","50B","05","0","00000","2024000000","事業所","25","事業所数","その他の各種商品卸売業","20～29人","総数"
"102-2024","50B","06","0","00000","2024000000","事業所","29","事業所数","その他の各種商品卸売業","30～49人","総数"
"102-2024","50B","07","0","00000","2024000000","事業所","18","事業所数","その他の各種商品卸売業","50～99人","総数"
"102-2024","50B","08","0","00000","2024000000","事業所","***","事業所数","その他の各種商品卸売業","100～199人","総数"
"102-2024","50B","09","0","00000","2024000000","事業所","***","事業所数","その他の各種商品卸売業","200～299人","総数"
"102-2024","50B","10","0","00000","2024000000","事業所","***","事業所数","その他の各種商品卸売業","300人以上","総数"
"102-2024","51","00","0","00000","2024000000","事業所","17060","事業所数","繊維・衣服等卸売業","総数","総数"
"102-2024","51","01","0","00000","2024000000","事業所","2029","事業所数","繊維・衣服等卸売業","0人","総数"
"102-2024","51","02","0","00000","2024000000","事業所","8931","事業所数","繊維・衣服等卸売業","1～4人","総数"
"102-2024","51","03","0","00000","2024000000","事業所","2883","事業所数","繊維・衣服等卸売業","5～9人","総数"
"102-2024","51","04","0","00000","2024000000","事業所","1680","事業所数","繊維・衣服等卸売業","10～19人","総数"
"102-2024","51","05","0","00000","2024000000","事業所","602","事業所数","繊維・衣服等卸売業","20～29人","総数"
"102-2024","51","06","0","00000","2024000000","事業所","469","事業所数","繊維・衣服等卸売業","30～49人","総数"
"102-2024","51","07","0","00000","2024000000","事業所","269","事業所数","繊維・衣服等卸売業","50～99人","総数"
"102-2024","51","08","0","00000","2024000000","事業所","126","事業所数","繊維・衣服等卸売業","100～199人","総数"
"102-2024","51","09","0","00000","2024000000","事業所","31","事業所数","繊維・衣服等卸売業","200～299人","総数"
"102-2024","51","10","0","00000","2024000000","事業所","40","事業所数","繊維・衣服等卸売業","300人以上","総数"
"102-2024","510","00","0","00000","2024000000","事業所","438","事業所数","管理、補助的経済活動を行う事業所（51_繊維・衣服等卸売業）","総数","総数"
"102-2024","510","01","0","00000","2024000000","事業所","35","事業所数","管理、補助的経済活動を行う事業所（51_繊維・衣服等卸売業）","0人","総数"
"102-2024","510","02","0","00000","2024000000","事業所","183","事業所数","管理、補助的経済活動を行う事業所（51_繊維・衣服等卸売業）","1～4人","総数"
"102-2024","510","03","0","00000","2024000000","事業所","85","事業所数","管理、補助的経済活動を行う事業所（51_繊維・衣服等卸売業）","5～9人","総数"
"102-2024","510","04","0","00000","2024000000","事業所","65","事業所数","管理、補助的経済活動を行う事業所（51_繊維・衣服等卸売業）","10～19人","総数"
"102-2024","510","05","0","00000","2024000000","事業所","24","事業所数","管理、補助的経済活動を行う事業所（51_繊維・衣服等卸売業）","20～29人","総数"
"102-2024","510","06","0","00000","2024000000","事業所","21","事業所数","管理、補助的経済活動を行う事業所（51_繊維・衣服等卸売業）","30～49人","総数"
"102-2024","510","07","0","00000","2024000000","事業所","16","事業所数","管理、補助的経済活動を行う事業所（51_繊維・衣服等卸売業）","50～99人","総数"
"102-2024","510","08","0","00000","2024000000","事業所","8","事業所数","管理、補助的経済活動を行う事業所（51_繊維・衣服等卸売業）","100～199人","総数"
"102-2024","510","09","0","00000","2024000000","事業所","1","事業所数","管理、補助的経済活動を行う事業所（51_繊維・衣服等卸売業）","200～299人","総数"
"102-2024","510","10","0","00000","2024000000","事業所","***","事業所数","管理、補助的経済活動を行う事業所（51_繊維・衣服等卸売業）","300人以上","総数"
"102-2024","511","00","0","00000","2024000000","事業所","2974","事業所数","繊維品卸売業（衣服、身の回り品を除く）","総数","総数"
"102-2024","511","01","0","00000","2024000000","事業所","351","事業所数","繊維品卸売業（衣服、身の回り品を除く）","0人","総数"
"102-2024","511","02","0","00000","2024000000","事業所","1682","事業所数","繊維品卸売業（衣服、身の回り品を除く）","1～4人","総数"
"102-2024","511","03","0","00000","2024000000","事業所","494","事業所数","繊維品卸売業（衣服、身の回り品を除く）","5～9人","総数"
"102-2024","511","04","0","00000","2024000000","事業所","261","事業所数","繊維品卸売業（衣服、身の回り品を除く）","10～19人","総数"
"102-2024","511","05","0","00000","2024000000","事業所","76","事業所数","繊維品卸売業（衣服、身の回り品を除く）","20～29人","総数"
"102-2024","511","06","0","00000","2024000000","事業所","56","事業所数","繊維品卸売業（衣服、身の回り品を除く）","30～49人","総数"
"102-2024","511","07","0","00000","2024000000","事業所","30","事業所数","繊維品卸売業（衣服、身の回り品を除く）","50～99人","総数"
"102-2024","511","08","0","00000","2024000000","事業所","14","事業所数","繊維品卸売業（衣服、身の回り品を除く）","100～199人","総数"
"102-2024","511","09","0","00000","2024000000","事業所","4","事業所数","繊維品卸売業（衣服、身の回り品を除く）","200～299人","総数"
"102-2024","511","10","0","00000","2024000000","事業所","6","事業所数","繊維品卸売業（衣服、身の回り品を除く）","300人以上","総数"
"102-2024","512","00","0","00000","2024000000","事業所","7051","事業所数","衣服卸売業","総数","総数"
"102-2024","512","01","0","00000","2024000000","事業所","843","事業所数","衣服卸売業","0人","総数"
"102-2024","512","02","0","00000","2024000000","事業所","3680","事業所数","衣服卸売業","1～4人","総数"
"102-2024","512","03","0","00000","2024000000","事業所","1213","事業所数","衣服卸売業","5～9人","総数"
"102-2024","512","04","0","00000","2024000000","事業所","651","事業所数","衣服卸売業","10～19人","総数"
"102-2024","512","05","0","00000","2024000000","事業所","256","事業所数","衣服卸売業","20～29人","総数"
"102-2024","512","06","0","00000","2024000000","事業所","193","事業所数","衣服卸売業","30～49人","総数"
"102-2024","512","07","0","00000","2024000000","事業所","121","事業所数","衣服卸売業","50～99人","総数"
"102-2024","512","08","0","00000","2024000000","事業所","53","事業所数","衣服卸売業","100～199人","総数"
"102-2024","512","09","0","00000","2024000000","事業所","16","事業所数","衣服卸売業","200～299人","総数"
"102-2024","512","10","0","00000","2024000000","事業所","25","事業所数","衣服卸売業","300人以上","総数"
"102-2024","513","00","0","00000","2024000000","事業所","6597","事業所数","身の回り品卸売業","総数","総数"
"102-2024","513","01","0","00000","2024000000","事業所","800","事業所数","身の回り品卸売業","0人","総数"
"102-2024","513","02","0","00000","2024000000","事業所","3386","事業所数","身の回り品卸売業","1～4人","総数"
"102-2024","513","03","0","00000","2024000000","事業所","1091","事業所数","身の回り品卸売業","5～9人","総数"
"102-2024","513","04","0","00000","2024000000","事業所","703","事業所数","身の回り品卸売業","10～19人","総数"
"102-2024","513","05","0","00000","2024000000","事業所","246","事業所数","身の回り品卸売業","20～29人","総数"
"102-2024","513","06","0","00000","2024000000","事業所","199","事業所数","身の回り品卸売業","30～49人","総数"
"102-2024","513","07","0","00000","2024000000","事業所","102","事業所数","身の回り品卸売業","50～99人","総数"
"102-2024","513","08","0","00000","2024000000","事業所","51","事業所数","身の回り品卸売業","100～199人","総数"
"102-2024","513","09","0","00000","2024000000","事業所","10","事業所数","身の回り品卸売業","200～299人","総数"
"102-2024","513","10","0","00000","2024000000","事業所","9","事業所数","身の回り品卸売業","300人以上","総数"
"102-2024","52","00","0","00000","2024000000","事業所","56820","事業所数","飲食料品卸売業","総数","総数"
"102-2024","52","01","0","00000","2024000000","事業所","5127","事業所数","飲食料品卸売業","0人","総数"
"102-2024","52","02","0","00000","2024000000","事業所","25412","事業所数","飲食料品卸売業","1～4人","総数"
"102-2024","52","03","0","00000","2024000000","事業所","10956","事業所数","飲食料品卸売業","5～9人","総数"
"102-2024","52","04","0","00000","2024000000","事業所","8087","事業所数","飲食料品卸売業","10～19人","総数"
"102-2024","52","05","0","00000","2024000000","事業所","3133","事業所数","飲食料品卸売業","20～29人","総数"
"102-2024","52","06","0","00000","2024000000","事業所","2254","事業所数","飲食料品卸売業","30～49人","総数"
"102-2024","52","07","0","00000","2024000000","事業所","1227","事業所数","飲食料品卸売業","50～99人","総数"
"102-2024","52","08","0","00000","2024000000","事業所","445","事業所数","飲食料品卸売業","100～199人","総数"
"102-2024","52","09","0","00000","2024000000","事業所","100","事業所数","飲食料品卸売業","200～299人","総数"
"102-2024","52","10","0","00000","2024000000","事業所","79","事業所数","飲食料品卸売業","300人以上","総数"
"102-2024","520","00","0","00000","2024000000","事業所","1746","事業所数","管理、補助的経済活動を行う事業所（52_飲食料品卸売業）","総数","総数"
"102-2024","520","01","0","00000","2024000000","事業所","439","事業所数","管理、補助的経済活動を行う事業所（52_飲食料品卸売業）","0人","総数"
"102-2024","520","02","0","00000","2024000000","事業所","710","事業所数","管理、補助的経済活動を行う事業所（52_飲食料品卸売業）","1～4人","総数"
"102-2024","520","03","0","00000","2024000000","事業所","236","事業所数","管理、補助的経済活動を行う事業所（52_飲食料品卸売業）","5～9人","総数"
"102-2024","520","04","0","00000","2024000000","事業所","173","事業所数","管理、補助的経済活動を行う事業所（52_飲食料品卸売業）","10～19人","総数"
"102-2024","520","05","0","00000","2024000000","事業所","67","事業所数","管理、補助的経済活動を行う事業所（52_飲食料品卸売業）","20～29人","総数"
"102-2024","520","06","0","00000","2024000000","事業所","55","事業所数","管理、補助的経済活動を行う事業所（52_飲食料品卸売業）","30～49人","総数"
"102-2024","520","07","0","00000","2024000000","事業所","41","事業所数","管理、補助的経済活動を行う事業所（52_飲食料品卸売業）","50～99人","総数"
"102-2024","520","08","0","00000","2024000000","事業所","16","事業所数","管理、補助的経済活動を行う事業所（52_飲食料品卸売業）","100～199人","総数"
"102-2024","520","09","0","00000","2024000000","事業所","4","事業所数","管理、補助的経済活動を行う事業所（52_飲食料品卸売業）","200～299人","総数"
"102-2024","520","10","0","00000","2024000000","事業所","5","事業所数","管理、補助的経済活動を行う事業所（52_飲食料品卸売業）","300人以上","総数"
"102-2024","521","00","0","00000","2024000000","事業所","25617","事業所数","農畜産物・水産物卸売業","総数","総数"
"102-2024","521","01","0","00000","2024000000","事業所","2014","事業所数","農畜産物・水産物卸売業","0人","総数"
"102-2024","521","02","0","00000","2024000000","事業所","11522","事業所数","農畜産物・水産物卸売業","1～4人","総数"
"102-2024","521","03","0","00000","2024000000","事業所","5284","事業所数","農畜産物・水産物卸売業","5～9人","総数"
"102-2024","521","04","0","00000","2024000000","事業所","3657","事業所数","農畜産物・水産物卸売業","10～19人","総数"
"102-2024","521","05","0","00000","2024000000","事業所","1430","事業所数","農畜産物・水産物卸売業","20～29人","総数"
"102-2024","521","06","0","00000","2024000000","事業所","997","事業所数","農畜産物・水産物卸売業","30～49人","総数"
"102-2024","521","07","0","00000","2024000000","事業所","510","事業所数","農畜産物・水産物卸売業","50～99人","総数"
"102-2024","521","08","0","00000","2024000000","事業所","161","事業所数","農畜産物・水産物卸売業","100～199人","総数"
"102-2024","521","09","0","00000","2024000000","事業所","30","事業所数","農畜産物・水産物卸売業","200～299人","総数"
"102-2024","521","10","0","00000","2024000000","事業所","12","事業所数","農畜産物・水産物卸売業","300人以上","総数"
"102-2024","52A","00","0","00000","2024000000","事業所","2994","事業所数","米穀類卸売業","総数","総数"
"102-2024","52A","01","0","00000","2024000000","事業所","324","事業所数","米穀類卸売業","0人","総数"
"102-2024","52A","02","0","00000","2024000000","事業所","1586","事業所数","米穀類卸売業","1～4人","総数"
"102-2024","52A","03","0","00000","2024000000","事業所","543","事業所数","米穀類卸売業","5～9人","総数"
"102-2024","52A","04","0","00000","2024000000","事業所","315","事業所数","米穀類卸売業","10～19人","総数"
"102-2024","52A","05","0","00000","2024000000","事業所","100","事業所数","米穀類卸売業","20～29人","総数"
"102-2024","52A","06","0","00000","2024000000","事業所","66","事業所数","米穀類卸売業","30～49人","総数"
"102-2024","52A","07","0","00000","2024000000","事業所","43","事業所数","米穀類卸売業","50～99人","総数"
"102-2024","52A","08","0","00000","2024000000","事業所","11","事業所数","米穀類卸売業","100～199人","総数"
"102-2024","52A","09","0","00000","2024000000","事業所","5","事業所数","米穀類卸売業","200～299人","総数"
"102-2024","52A","10","0","00000","2024000000","事業所","1","事業所数","米穀類卸売業","300人以上","総数"
"102-2024","52B","00","0","00000","2024000000","事業所","8196","事業所数","野菜・果実卸売業","総数","総数"
"102-2024","52B","01","0","00000","2024000000","事業所","594","事業所数","野菜・果実卸売業","0人","総数"
"102-2024","52B","02","0","00000","2024000000","事業所","3398","事業所数","野菜・果実卸売業","1～4人","総数"
"102-2024","52B","03","0","00000","2024000000","事業所","1619","事業所数","野菜・果実卸売業","5～9人","総数"
"102-2024","52B","04","0","00000","2024000000","事業所","1222","事業所数","野菜・果実卸売業","10～19人","総数"
"102-2024","52B","05","0","00000","2024000000","事業所","579","事業所数","野菜・果実卸売業","20～29人","総数"
"102-2024","52B","06","0","00000","2024000000","事業所","437","事業所数","野菜・果実卸売業","30～49人","総数"
"102-2024","52B","07","0","00000","2024000000","事業所","247","事業所数","野菜・果実卸売業","50～99人","総数"
"102-2024","52B","08","0","00000","2024000000","事業所","78","事業所数","野菜・果実卸売業","100～199人","総数"
"102-2024","52B","09","0","00000","2024000000","事業所","16","事業所数","野菜・果実卸売業","200～299人","総数"
"102-2024","52B","10","0","00000","2024000000","事業所","6","事業所数","野菜・果実卸売業","300人以上","総数"
"102-2024","52C","00","0","00000","2024000000","事業所","4931","事業所数","食肉卸売業","総数","総数"
"102-2024","52C","01","0","00000","2024000000","事業所","339","事業所数","食肉卸売業","0人","総数"
"102-2024","52C","02","0","00000","2024000000","事業所","1984","事業所数","食肉卸売業","1～4人","総数"
"102-2024","52C","03","0","00000","2024000000","事業所","1132","事業所数","食肉卸売業","5～9人","総数"
"102-2024","52C","04","0","00000","2024000000","事業所","821","事業所数","食肉卸売業","10～19人","総数"
"102-2024","52C","05","0","00000","2024000000","事業所","323","事業所数","食肉卸売業","20～29人","総数"
"102-2024","52C","06","0","00000","2024000000","事業所","206","事業所数","食肉卸売業","30～49人","総数"
"102-2024","52C","07","0","00000","2024000000","事業所","88","事業所数","食肉卸売業","50～99人","総数"
"102-2024","52C","08","0","00000","2024000000","事業所","30","事業所数","食肉卸売業","100～199人","総数"
"102-2024","52C","09","0","00000","2024000000","事業所","5","事業所数","食肉卸売業","200～299人","総数"
"102-2024","52C","10","0","00000","2024000000","事業所","3","事業所数","食肉卸売業","300人以上","総数"
"102-2024","52D","00","0","00000","2024000000","事業所","7827","事業所数","生鮮魚介卸売業","総数","総数"
"102-2024","52D","01","0","00000","2024000000","事業所","587","事業所数","生鮮魚介卸売業","0人","総数"
"102-2024","52D","02","0","00000","2024000000","事業所","3759","事業所数","生鮮魚介卸売業","1～4人","総数"
"102-2024","52D","03","0","00000","2024000000","事業所","1684","事業所数","生鮮魚介卸売業","5～9人","総数"
"102-2024","52D","04","0","00000","2024000000","事業所","1082","事業所数","生鮮魚介卸売業","10～19人","総数"
"102-2024","52D","05","0","00000","2024000000","事業所","349","事業所数","生鮮魚介卸売業","20～29人","総数"
"102-2024","52D","06","0","00000","2024000000","事業所","222","事業所数","生鮮魚介卸売業","30～49人","総数"
"102-2024","52D","07","0","00000","2024000000","事業所","108","事業所数","生鮮魚介卸売業","50～99人","総数"
"102-2024","52D","08","0","00000","2024000000","事業所","31","事業所数","生鮮魚介卸売業","100～199人","総数"
"102-2024","52D","09","0","00000","2024000000","事業所","4","事業所数","生鮮魚介卸売業","200～299人","総数"
"102-2024","52D","10","0","00000","2024000000","事業所","1","事業所数","生鮮魚介卸売業","300人以上","総数"
"102-2024","52E","00","0","00000","2024000000","事業所","1669","事業所数","その他の農畜産物・水産物卸売業","総数","総数"
"102-2024","52E","01","0","00000","2024000000","事業所","170","事業所数","その他の農畜産物・水産物卸売業","0人","総数"
"102-2024","52E","02","0","00000","2024000000","事業所","795","事業所数","その他の農畜産物・水産物卸売業","1～4人","総数"
"102-2024","52E","03","0","00000","2024000000","事業所","306","事業所数","その他の農畜産物・水産物卸売業","5～9人","総数"
"102-2024","52E","04","0","00000","2024000000","事業所","217","事業所数","その他の農畜産物・水産物卸売業","10～19人","総数"
"102-2024","52E","05","0","00000","2024000000","事業所","79","事業所数","その他の農畜産物・水産物卸売業","20～29人","総数"
"102-2024","52E","06","0","00000","2024000000","事業所","66","事業所数","その他の農畜産物・水産物卸売業","30～49人","総数"
"102-2024","52E","07","0","00000","2024000000","事業所","24","事業所数","その他の農畜産物・水産物卸売業","50～99人","総数"
"102-2024","52E","08","0","00000","2024000000","事業所","11","事業所数","その他の農畜産物・水産物卸売業","100～199人","総数"
"102-2024","52E","09","0","00000","2024000000","事業所","***","事業所数","その他の農畜産物・水産物卸売業","200～299人","総数"
"102-2024","52E","10","0","00000","2024000000","事業所","1","事業所数","その他の農畜産物・水産物卸売業","300人以上","総数"
"102-2024","522","00","0","00000","2024000000","事業所","29453","事業所数","食料・飲料卸売業","総数","総数"
"102-2024","522","01","0","00000","2024000000","事業所","2674","事業所数","食料・飲料卸売業","0人","総数"
"102-2024","522","02","0","00000","2024000000","事業所","13178","事業所数","食料・飲料卸売業","1～4人","総数"
"102-2024","522","03","0","00000","2024000000","事業所","5434","事業所数","食料・飲料卸売業","5～9人","総数"
"102-2024","522","04","0","00000","2024000000","事業所","4257","事業所数","食料・飲料卸売業","10～19人","総数"
"102-2024","522","05","0","00000","2024000000","事業所","1636","事業所数","食料・飲料卸売業","20～29人","総数"
"102-2024","522","06","0","00000","2024000000","事業所","1202","事業所数","食料・飲料卸売業","30～49人","総数"
"102-2024","522","07","0","00000","2024000000","事業所","676","事業所数","食料・飲料卸売業","50～99人","総数"
"102-2024","522","08","0","00000","2024000000","事業所","268","事業所数","食料・飲料卸売業","100～199人","総数"
"102-2024","522","09","0","00000","2024000000","事業所","66","事業所数","食料・飲料卸売業","200～299人","総数"
"102-2024","522","10","0","00000","2024000000","事業所","62","事業所数","食料・飲料卸売業","300人以上","総数"
"102-2024","53","00","0","00000","2024000000","事業所","72032","事業所数","建築材料、鉱物・金属材料等卸売業","総数","総数"
"102-2024","53","01","0","00000","2024000000","事業所","5581","事業所数","建築材料、鉱物・金属材料等卸売業","0人","総数"
"102-2024","53","02","0","00000","2024000000","事業所","33380","事業所数","建築材料、鉱物・金属材料等卸売業","1～4人","総数"
"102-2024","53","03","0","00000","2024000000","事業所","16638","事業所数","建築材料、鉱物・金属材料等卸売業","5～9人","総数"
"102-2024","53","04","0","00000","2024000000","事業所","10001","事業所数","建築材料、鉱物・金属材料等卸売業","10～19人","総数"
"102-2024","53","05","0","00000","2024000000","事業所","3008","事業所数","建築材料、鉱物・金属材料等卸売業","20～29人","総数"
"102-2024","53","06","0","00000","2024000000","事業所","2015","事業所数","建築材料、鉱物・金属材料等卸売業","30～49人","総数"
"102-2024","53","07","0","00000","2024000000","事業所","941","事業所数","建築材料、鉱物・金属材料等卸売業","50～99人","総数"
"102-2024","53","08","0","00000","2024000000","事業所","280","事業所数","建築材料、鉱物・金属材料等卸売業","100～199人","総数"
"102-2024","53","09","0","00000","2024000000","事業所","104","事業所数","建築材料、鉱物・金属材料等卸売業","200～299人","総数"
"102-2024","53","10","0","00000","2024000000","事業所","84","事業所数","建築材料、鉱物・金属材料等卸売業","300人以上","総数"
"102-2024","530","00","0","00000","2024000000","事業所","1621","事業所数","管理、補助的経済活動を行う事業所（53_建築材料、鉱物・金属材料等卸売業）","総数","総数"
"102-2024","530","01","0","00000","2024000000","事業所","233","事業所数","管理、補助的経済活動を行う事業所（53_建築材料、鉱物・金属材料等卸売業）","0人","総数"
"102-2024","530","02","0","00000","2024000000","事業所","750","事業所数","管理、補助的経済活動を行う事業所（53_建築材料、鉱物・金属材料等卸売業）","1～4人","総数"
"102-2024","530","03","0","00000","2024000000","事業所","319","事業所数","管理、補助的経済活動を行う事業所（53_建築材料、鉱物・金属材料等卸売業）","5～9人","総数"
"102-2024","530","04","0","00000","2024000000","事業所","170","事業所数","管理、補助的経済活動を行う事業所（53_建築材料、鉱物・金属材料等卸売業）","10～19人","総数"
"102-2024","530","05","0","00000","2024000000","事業所","60","事業所数","管理、補助的経済活動を行う事業所（53_建築材料、鉱物・金属材料等卸売業）","20～29人","総数"
"102-2024","530","06","0","00000","2024000000","事業所","48","事業所数","管理、補助的経済活動を行う事業所（53_建築材料、鉱物・金属材料等卸売業）","30～49人","総数"
"102-2024","530","07","0","00000","2024000000","事業所","29","事業所数","管理、補助的経済活動を行う事業所（53_建築材料、鉱物・金属材料等卸売業）","50～99人","総数"
"102-2024","530","08","0","00000","2024000000","事業所","9","事業所数","管理、補助的経済活動を行う事業所（53_建築材料、鉱物・金属材料等卸売業）","100～199人","総数"
"102-2024","530","09","0","00000","2024000000","事業所","2","事業所数","管理、補助的経済活動を行う事業所（53_建築材料、鉱物・金属材料等卸売業）","200～299人","総数"
"102-2024","530","10","0","00000","2024000000","事業所","1","事業所数","管理、補助的経済活動を行う事業所（53_建築材料、鉱物・金属材料等卸売業）","300人以上","総数"
"102-2024","531","00","0","00000","2024000000","事業所","29689","事業所数","建築材料卸売業","総数","総数"
"102-2024","531","01","0","00000","2024000000","事業所","2475","事業所数","建築材料卸売業","0人","総数"
"102-2024","531","02","0","00000","2024000000","事業所","14396","事業所数","建築材料卸売業","1～4人","総数"
"102-2024","531","03","0","00000","2024000000","事業所","6739","事業所数","建築材料卸売業","5～9人","総数"
"102-2024","531","04","0","00000","2024000000","事業所","3884","事業所数","建築材料卸売業","10～19人","総数"
"102-2024","531","05","0","00000","2024000000","事業所","1081","事業所数","建築材料卸売業","20～29人","総数"
"102-2024","531","06","0","00000","2024000000","事業所","697","事業所数","建築材料卸売業","30～49人","総数"
"102-2024","531","07","0","00000","2024000000","事業所","315","事業所数","建築材料卸売業","50～99人","総数"
"102-2024","531","08","0","00000","2024000000","事業所","61","事業所数","建築材料卸売業","100～199人","総数"
"102-2024","531","09","0","00000","2024000000","事業所","24","事業所数","建築材料卸売業","200～299人","総数"
"102-2024","531","10","0","00000","2024000000","事業所","17","事業所数","建築材料卸売業","300人以上","総数"
"102-2024","532","00","0","00000","2024000000","事業所","15296","事業所数","化学製品卸売業","総数","総数"
"102-2024","532","01","0","00000","2024000000","事業所","1060","事業所数","化学製品卸売業","0人","総数"
"102-2024","532","02","0","00000","2024000000","事業所","7102","事業所数","化学製品卸売業","1～4人","総数"
"102-2024","532","03","0","00000","2024000000","事業所","3644","事業所数","化学製品卸売業","5～9人","総数"
"102-2024","532","04","0","00000","2024000000","事業所","2007","事業所数","化学製品卸売業","10～19人","総数"
"102-2024","532","05","0","00000","2024000000","事業所","625","事業所数","化学製品卸売業","20～29人","総数"
"102-2024","532","06","0","00000","2024000000","事業所","436","事業所数","化学製品卸売業","30～49人","総数"
"102-2024","532","07","0","00000","2024000000","事業所","245","事業所数","化学製品卸売業","50～99人","総数"
"102-2024","532","08","0","00000","2024000000","事業所","96","事業所数","化学製品卸売業","100～199人","総数"
"102-2024","532","09","0","00000","2024000000","事業所","42","事業所数","化学製品卸売業","200～299人","総数"
"102-2024","532","10","0","00000","2024000000","事業所","39","事業所数","化学製品卸売業","300人以上","総数"
"102-2024","533","00","0","00000","2024000000","事業所","5611","事業所数","石油・鉱物卸売業","総数","総数"
"102-2024","533","01","0","00000","2024000000","事業所","364","事業所数","石油・鉱物卸売業","0人","総数"
"102-2024","533","02","0","00000","2024000000","事業所","2309","事業所数","石油・鉱物卸売業","1～4人","総数"
"102-2024","533","03","0","00000","2024000000","事業所","1376","事業所数","石油・鉱物卸売業","5～9人","総数"
"102-2024","533","04","0","00000","2024000000","事業所","908","事業所数","石油・鉱物卸売業","10～19人","総数"
"102-2024","533","05","0","00000","2024000000","事業所","295","事業所数","石油・鉱物卸売業","20～29人","総数"
"102-2024","533","06","0","00000","2024000000","事業所","211","事業所数","石油・鉱物卸売業","30～49人","総数"
"102-2024","533","07","0","00000","2024000000","事業所","94","事業所数","石油・鉱物卸売業","50～99人","総数"
"102-2024","533","08","0","00000","2024000000","事業所","37","事業所数","石油・鉱物卸売業","100～199人","総数"
"102-2024","533","09","0","00000","2024000000","事業所","11","事業所数","石油・鉱物卸売業","200～299人","総数"
"102-2024","533","10","0","00000","2024000000","事業所","6","事業所数","石油・鉱物卸売業","300人以上","総数"
"102-2024","534","00","0","00000","2024000000","事業所","7427","事業所数","鉄鋼製品卸売業","総数","総数"
"102-2024","534","01","0","00000","2024000000","事業所","422","事業所数","鉄鋼製品卸売業","0人","総数"
"102-2024","534","02","0","00000","2024000000","事業所","3076","事業所数","鉄鋼製品卸売業","1～4人","総数"
"102-2024","534","03","0","00000","2024000000","事業所","1779","事業所数","鉄鋼製品卸売業","5～9人","総数"
"102-2024","534","04","0","00000","2024000000","事業所","1267","事業所数","鉄鋼製品卸売業","10～19人","総数"
"102-2024","534","05","0","00000","2024000000","事業所","425","事業所数","鉄鋼製品卸売業","20～29人","総数"
"102-2024","534","06","0","00000","2024000000","事業所","264","事業所数","鉄鋼製品卸売業","30～49人","総数"
"102-2024","534","07","0","00000","2024000000","事業所","129","事業所数","鉄鋼製品卸売業","50～99人","総数"
"102-2024","534","08","0","00000","2024000000","事業所","33","事業所数","鉄鋼製品卸売業","100～199人","総数"
"102-2024","534","09","0","00000","2024000000","事業所","16","事業所数","鉄鋼製品卸売業","200～299人","総数"
"102-2024","534","10","0","00000","2024000000","事業所","16","事業所数","鉄鋼製品卸売業","300人以上","総数"
"102-2024","535","00","0","00000","2024000000","事業所","3017","事業所数","非鉄金属卸売業","総数","総数"
"102-2024","535","01","0","00000","2024000000","事業所","315","事業所数","非鉄金属卸売業","0人","総数"
"102-2024","535","02","0","00000","2024000000","事業所","1505","事業所数","非鉄金属卸売業","1～4人","総数"
"102-2024","535","03","0","00000","2024000000","事業所","650","事業所数","非鉄金属卸売業","5～9人","総数"
"102-2024","535","04","0","00000","2024000000","事業所","313","事業所数","非鉄金属卸売業","10～19人","総数"
"102-2024","535","05","0","00000","2024000000","事業所","108","事業所数","非鉄金属卸売業","20～29人","総数"
"102-2024","535","06","0","00000","2024000000","事業所","66","事業所数","非鉄金属卸売業","30～49人","総数"
"102-2024","535","07","0","00000","2024000000","事業所","31","事業所数","非鉄金属卸売業","50～99人","総数"
"102-2024","535","08","0","00000","2024000000","事業所","20","事業所数","非鉄金属卸売業","100～199人","総数"
"102-2024","535","09","0","00000","2024000000","事業所","5","事業所数","非鉄金属卸売業","200～299人","総数"
"102-2024","535","10","0","00000","2024000000","事業所","4","事業所数","非鉄金属卸売業","300人以上","総数"
"102-2024","536","00","0","00000","2024000000","事業所","9369","事業所数","再生資源卸売業","総数","総数"
"102-2024","536","01","0","00000","2024000000","事業所","711","事業所数","再生資源卸売業","0人","総数"
"102-2024","536","02","0","00000","2024000000","事業所","4242","事業所数","再生資源卸売業","1～4人","総数"
"102-2024","536","03","0","00000","2024000000","事業所","2130","事業所数","再生資源卸売業","5～9人","総数"
"102-2024","536","04","0","00000","2024000000","事業所","1452","事業所数","再生資源卸売業","10～19人","総数"
"102-2024","536","05","0","00000","2024000000","事業所","414","事業所数","再生資源卸売業","20～29人","総数"
"102-2024","536","06","0","00000","2024000000","事業所","293","事業所数","再生資源卸売業","30～49人","総数"
"102-2024","536","07","0","00000","2024000000","事業所","98","事業所数","再生資源卸売業","50～99人","総数"
"102-2024","536","08","0","00000","2024000000","事業所","24","事業所数","再生資源卸売業","100～199人","総数"
"102-2024","536","09","0","00000","2024000000","事業所","4","事業所数","再生資源卸売業","200～299人","総数"
"102-2024","536","10","0","00000","2024000000","事業所","1","事業所数","再生資源卸売業","300人以上","総数"
"102-2024","54","00","0","00000","2024000000","事業所","95906","事業所数","機械器具卸売業","総数","総数"
"102-2024","54","01","0","00000","2024000000","事業所","6174","事業所数","機械器具卸売業","0人","総数"
"102-2024","54","02","0","00000","2024000000","事業所","41579","事業所数","機械器具卸売業","1～4人","総数"
"102-2024","54","03","0","00000","2024000000","事業所","23033","事業所数","機械器具卸売業","5～9人","総数"
"102-2024","54","04","0","00000","2024000000","事業所","13744","事業所数","機械器具卸売業","10～19人","総数"
"102-2024","54","05","0","00000","2024000000","事業所","4430","事業所数","機械器具卸売業","20～29人","総数"
"102-2024","54","06","0","00000","2024000000","事業所","3525","事業所数","機械器具卸売業","30～49人","総数"
"102-2024","54","07","0","00000","2024000000","事業所","2132","事業所数","機械器具卸売業","50～99人","総数"
"102-2024","54","08","0","00000","2024000000","事業所","788","事業所数","機械器具卸売業","100～199人","総数"
"102-2024","54","09","0","00000","2024000000","事業所","213","事業所数","機械器具卸売業","200～299人","総数"
"102-2024","54","10","0","00000","2024000000","事業所","288","事業所数","機械器具卸売業","300人以上","総数"
"102-2024","540","00","0","00000","2024000000","事業所","2000","事業所数","管理、補助的経済活動を行う事業所（54_機械器具卸売業）","総数","総数"
"102-2024","540","01","0","00000","2024000000","事業所","140","事業所数","管理、補助的経済活動を行う事業所（54_機械器具卸売業）","0人","総数"
"102-2024","540","02","0","00000","2024000000","事業所","789","事業所数","管理、補助的経済活動を行う事業所（54_機械器具卸売業）","1～4人","総数"
"102-2024","540","03","0","00000","2024000000","事業所","402","事業所数","管理、補助的経済活動を行う事業所（54_機械器具卸売業）","5～9人","総数"
"102-2024","540","04","0","00000","2024000000","事業所","280","事業所数","管理、補助的経済活動を行う事業所（54_機械器具卸売業）","10～19人","総数"
"102-2024","540","05","0","00000","2024000000","事業所","115","事業所数","管理、補助的経済活動を行う事業所（54_機械器具卸売業）","20～29人","総数"
"102-2024","540","06","0","00000","2024000000","事業所","116","事業所数","管理、補助的経済活動を行う事業所（54_機械器具卸売業）","30～49人","総数"
"102-2024","540","07","0","00000","2024000000","事業所","91","事業所数","管理、補助的経済活動を行う事業所（54_機械器具卸売業）","50～99人","総数"
"102-2024","540","08","0","00000","2024000000","事業所","35","事業所数","管理、補助的経済活動を行う事業所（54_機械器具卸売業）","100～199人","総数"
"102-2024","540","09","0","00000","2024000000","事業所","19","事業所数","管理、補助的経済活動を行う事業所（54_機械器具卸売業）","200～299人","総数"
"102-2024","540","10","0","00000","2024000000","事業所","13","事業所数","管理、補助的経済活動を行う事業所（54_機械器具卸売業）","300人以上","総数"
"102-2024","541","00","0","00000","2024000000","事業所","38669","事業所数","産業機械器具卸売業","総数","総数"
"102-2024","541","01","0","00000","2024000000","事業所","2418","事業所数","産業機械器具卸売業","0人","総数"
"102-2024","541","02","0","00000","2024000000","事業所","17754","事業所数","産業機械器具卸売業","1～4人","総数"
"102-2024","541","03","0","00000","2024000000","事業所","9567","事業所数","産業機械器具卸売業","5～9人","総数"
"102-2024","541","04","0","00000","2024000000","事業所","5308","事業所数","産業機械器具卸売業","10～19人","総数"
"102-2024","541","05","0","00000","2024000000","事業所","1557","事業所数","産業機械器具卸売業","20～29人","総数"
"102-2024","541","06","0","00000","2024000000","事業所","1070","事業所数","産業機械器具卸売業","30～49人","総数"
"102-2024","541","07","0","00000","2024000000","事業所","630","事業所数","産業機械器具卸売業","50～99人","総数"
"102-2024","541","08","0","00000","2024000000","事業所","239","事業所数","産業機械器具卸売業","100～199人","総数"
"102-2024","541","09","0","00000","2024000000","事業所","61","事業所数","産業機械器具卸売業","200～299人","総数"
"102-2024","541","10","0","00000","2024000000","事業所","65","事業所数","産業機械器具卸売業","300人以上","総数"
"102-2024","542","00","0","00000","2024000000","事業所","15918","事業所数","自動車卸売業","総数","総数"
"102-2024","542","01","0","00000","2024000000","事業所","995","事業所数","自動車卸売業","0人","総数"
"102-2024","542","02","0","00000","2024000000","事業所","6635","事業所数","自動車卸売業","1～4人","総数"
"102-2024","542","03","0","00000","2024000000","事業所","3961","事業所数","自動車卸売業","5～9人","総数"
"102-2024","542","04","0","00000","2024000000","事業所","2257","事業所数","自動車卸売業","10～19人","総数"
"102-2024","542","05","0","00000","2024000000","事業所","774","事業所数","自動車卸売業","20～29人","総数"
"102-2024","542","06","0","00000","2024000000","事業所","774","事業所数","自動車卸売業","30～49人","総数"
"102-2024","542","07","0","00000","2024000000","事業所","379","事業所数","自動車卸売業","50～99人","総数"
"102-2024","542","08","0","00000","2024000000","事業所","92","事業所数","自動車卸売業","100～199人","総数"
"102-2024","542","09","0","00000","2024000000","事業所","18","事業所数","自動車卸売業","200～299人","総数"
"102-2024","542","10","0","00000","2024000000","事業所","33","事業所数","自動車卸売業","300人以上","総数"
"102-2024","543","00","0","00000","2024000000","事業所","25195","事業所数","電気機械器具卸売業","総数","総数"
"102-2024","543","01","0","00000","2024000000","事業所","1758","事業所数","電気機械器具卸売業","0人","総数"
"102-2024","543","02","0","00000","2024000000","事業所","10515","事業所数","電気機械器具卸売業","1～4人","総数"
"102-2024","543","03","0","00000","2024000000","事業所","5808","事業所数","電気機械器具卸売業","5～9人","総数"
"102-2024","543","04","0","00000","2024000000","事業所","3773","事業所数","電気機械器具卸売業","10～19人","総数"
"102-2024","543","05","0","00000","2024000000","事業所","1199","事業所数","電気機械器具卸売業","20～29人","総数"
"102-2024","543","06","0","00000","2024000000","事業所","966","事業所数","電気機械器具卸売業","30～49人","総数"
"102-2024","543","07","0","00000","2024000000","事業所","671","事業所数","電気機械器具卸売業","50～99人","総数"
"102-2024","543","08","0","00000","2024000000","事業所","276","事業所数","電気機械器具卸売業","100～199人","総数"
"102-2024","543","09","0","00000","2024000000","事業所","89","事業所数","電気機械器具卸売業","200～299人","総数"
"102-2024","543","10","0","00000","2024000000","事業所","140","事業所数","電気機械器具卸売業","300人以上","総数"
"102-2024","549","00","0","00000","2024000000","事業所","14123","事業所数","その他の機械器具卸売業","総数","総数"
"102-2024","549","01","0","00000","2024000000","事業所","863","事業所数","その他の機械器具卸売業","0人","総数"
"102-2024","549","02","0","00000","2024000000","事業所","5885","事業所数","その他の機械器具卸売業","1～4人","総数"
"102-2024","549","03","0","00000","2024000000","事業所","3295","事業所数","その他の機械器具卸売業","5～9人","総数"
"102-2024","549","04","0","00000","2024000000","事業所","2126","事業所数","その他の機械器具卸売業","10～19人","総数"
"102-2024","549","05","0","00000","2024000000","事業所","785","事業所数","その他の機械器具卸売業","20～29人","総数"
"102-2024","549","06","0","00000","2024000000","事業所","599","事業所数","その他の機械器具卸売業","30～49人","総数"
"102-2024","549","07","0","00000","2024000000","事業所","361","事業所数","その他の機械器具卸売業","50～99人","総数"
"102-2024","549","08","0","00000","2024000000","事業所","146","事業所数","その他の機械器具卸売業","100～199人","総数"
"102-2024","549","09","0","00000","2024000000","事業所","26","事業所数","その他の機械器具卸売業","200～299人","総数"
"102-2024","549","10","0","00000","2024000000","事業所","37","事業所数","その他の機械器具卸売業","300人以上","総数"
"102-2024","55","00","0","00000","2024000000","事業所","76157","事業所数","その他の卸売業","総数","総数"
"102-2024","55","01","0","00000","2024000000","事業所","7228","事業所数","その他の卸売業","0人","総数"
"102-2024","55","02","0","00000","2024000000","事業所","36906","事業所数","その他の卸売業","1～4人","総数"
"102-2024","55","03","0","00000","2024000000","事業所","14694","事業所数","その他の卸売業","5～9人","総数"
"102-2024","55","04","0","00000","2024000000","事業所","9337","事業所数","その他の卸売業","10～19人","総数"
"102-2024","55","05","0","00000","2024000000","事業所","3223","事業所数","その他の卸売業","20～29人","総数"
"102-2024","55","06","0","00000","2024000000","事業所","2440","事業所数","その他の卸売業","30～49人","総数"
"102-2024","55","07","0","00000","2024000000","事業所","1418","事業所数","その他の卸売業","50～99人","総数"
"102-2024","55","08","0","00000","2024000000","事業所","567","事業所数","その他の卸売業","100～199人","総数"
"102-2024","55","09","0","00000","2024000000","事業所","146","事業所数","その他の卸売業","200～299人","総数"
"102-2024","55","10","0","00000","2024000000","事業所","198","事業所数","その他の卸売業","300人以上","総数"
"102-2024","550","00","0","00000","2024000000","事業所","1724","事業所数","管理、補助的経済活動を行う事業所（55_その他の卸売業）","総数","総数"
"102-2024","550","01","0","00000","2024000000","事業所","107","事業所数","管理、補助的経済活動を行う事業所（55_その他の卸売業）","0人","総数"
"102-2024","550","02","0","00000","2024000000","事業所","632","事業所数","管理、補助的経済活動を行う事業所（55_その他の卸売業）","1～4人","総数"
"102-2024","550","03","0","00000","2024000000","事業所","317","事業所数","管理、補助的経済活動を行う事業所（55_その他の卸売業）","5～9人","総数"
"102-2024","550","04","0","00000","2024000000","事業所","261","事業所数","管理、補助的経済活動を行う事業所（55_その他の卸売業）","10～19人","総数"
"102-2024","550","05","0","00000","2024000000","事業所","94","事業所数","管理、補助的経済活動を行う事業所（55_その他の卸売業）","20～29人","総数"
"102-2024","550","06","0","00000","2024000000","事業所","111","事業所数","管理、補助的経済活動を行う事業所（55_その他の卸売業）","30～49人","総数"
"102-2024","550","07","0","00000","2024000000","事業所","98","事業所数","管理、補助的経済活動を行う事業所（55_その他の卸売業）","50～99人","総数"
"102-2024","550","08","0","00000","2024000000","事業所","59","事業所数","管理、補助的経済活動を行う事業所（55_その他の卸売業）","100～199人","総数"
"102-2024","550","09","0","00000","2024000000","事業所","18","事業所数","管理、補助的経済活動を行う事業所（55_その他の卸売業）","200～299人","総数"
"102-2024","550","10","0","00000","2024000000","事業所","27","事業所数","管理、補助的経済活動を行う事業所（55_その他の卸売業）","300人以上","総数"
"102-2024","551","00","0","00000","2024000000","事業所","10725","事業所数","家具・建具・じゅう器等卸売業","総数","総数"
"102-2024","551","01","0","00000","2024000000","事業所","925","事業所数","家具・建具・じゅう器等卸売業","0人","総数"
"102-2024","551","02","0","00000","2024000000","事業所","5069","事業所数","家具・建具・じゅう器等卸売業","1～4人","総数"
"102-2024","551","03","0","00000","2024000000","事業所","2359","事業所数","家具・建具・じゅう器等卸売業","5～9人","総数"
"102-2024","551","04","0","00000","2024000000","事業所","1307","事業所数","家具・建具・じゅう器等卸売業","10～19人","総数"
"102-2024","551","05","0","00000","2024000000","事業所","438","事業所数","家具・建具・じゅう器等卸売業","20～29人","総数"
"102-2024","551","06","0","00000","2024000000","事業所","350","事業所数","家具・建具・じゅう器等卸売業","30～49人","総数"
"102-2024","551","07","0","00000","2024000000","事業所","181","事業所数","家具・建具・じゅう器等卸売業","50～99人","総数"
"102-2024","551","08","0","00000","2024000000","事業所","65","事業所数","家具・建具・じゅう器等卸売業","100～199人","総数"
"102-2024","551","09","0","00000","2024000000","事業所","18","事業所数","家具・建具・じゅう器等卸売業","200～299人","総数"
"102-2024","551","10","0","00000","2024000000","事業所","13","事業所数","家具・建具・じゅう器等卸売業","300人以上","総数"
"102-2024","552","00","0","00000","2024000000","事業所","14639","事業所数","医薬品・化粧品等卸売業","総数","総数"
"102-2024","552","01","0","00000","2024000000","事業所","1363","事業所数","医薬品・化粧品等卸売業","0人","総数"
"102-2024","552","02","0","00000","2024000000","事業所","5719","事業所数","医薬品・化粧品等卸売業","1～4人","総数"
"102-2024","552","03","0","00000","2024000000","事業所","2730","事業所数","医薬品・化粧品等卸売業","5～9人","総数"
"102-2024","552","04","0","00000","2024000000","事業所","2377","事業所数","医薬品・化粧品等卸売業","10～19人","総数"
"102-2024","552","05","0","00000","2024000000","事業所","935","事業所数","医薬品・化粧品等卸売業","20～29人","総数"
"102-2024","552","06","0","00000","2024000000","事業所","738","事業所数","医薬品・化粧品等卸売業","30～49人","総数"
"102-2024","552","07","0","00000","2024000000","事業所","427","事業所数","医薬品・化粧品等卸売業","50～99人","総数"
"102-2024","552","08","0","00000","2024000000","事業所","203","事業所数","医薬品・化粧品等卸売業","100～199人","総数"
"102-2024","552","09","0","00000","2024000000","事業所","51","事業所数","医薬品・化粧品等卸売業","200～299人","総数"
"102-2024","552","10","0","00000","2024000000","事業所","96","事業所数","医薬品・化粧品等卸売業","300人以上","総数"
"102-2024","553","00","0","00000","2024000000","事業所","5337","事業所数","紙・紙製品卸売業","総数","総数"
"102-2024","553","01","0","00000","2024000000","事業所","438","事業所数","紙・紙製品卸売業","0人","総数"
"102-2024","553","02","0","00000","2024000000","事業所","2617","事業所数","紙・紙製品卸売業","1～4人","総数"
"102-2024","553","03","0","00000","2024000000","事業所","1024","事業所数","紙・紙製品卸売業","5～9人","総数"
"102-2024","553","04","0","00000","2024000000","事業所","693","事業所数","紙・紙製品卸売業","10～19人","総数"
"102-2024","553","05","0","00000","2024000000","事業所","243","事業所数","紙・紙製品卸売業","20～29人","総数"
"102-2024","553","06","0","00000","2024000000","事業所","161","事業所数","紙・紙製品卸売業","30～49人","総数"
"102-2024","553","07","0","00000","2024000000","事業所","98","事業所数","紙・紙製品卸売業","50～99人","総数"
"102-2024","553","08","0","00000","2024000000","事業所","40","事業所数","紙・紙製品卸売業","100～199人","総数"
"102-2024","553","09","0","00000","2024000000","事業所","8","事業所数","紙・紙製品卸売業","200～299人","総数"
"102-2024","553","10","0","00000","2024000000","事業所","15","事業所数","紙・紙製品卸売業","300人以上","総数"
"102-2024","559","00","0","00000","2024000000","事業所","43727","事業所数","他に分類されない卸売業","総数","総数"
"102-2024","559","01","0","00000","2024000000","事業所","4395","事業所数","他に分類されない卸売業","0人","総数"
"102-2024","559","02","0","00000","2024000000","事業所","22864","事業所数","他に分類されない卸売業","1～4人","総数"
"102-2024","559","03","0","00000","2024000000","事業所","8264","事業所数","他に分類されない卸売業","5～9人","総数"
"102-2024","559","04","0","00000","2024000000","事業所","4699","事業所数","他に分類されない卸売業","10～19人","総数"
"102-2024","559","05","0","00000","2024000000","事業所","1513","事業所数","他に分類されない卸売業","20～29人","総数"
"102-2024","559","06","0","00000","2024000000","事業所","1080","事業所数","他に分類されない卸売業","30～49人","総数"
"102-2024","559","07","0","00000","2024000000","事業所","614","事業所数","他に分類されない卸売業","50～99人","総数"
"102-2024","559","08","0","00000","2024000000","事業所","200","事業所数","他に分類されない卸売業","100～199人","総数"
"102-2024","559","09","0","00000","2024000000","事業所","51","事業所数","他に分類されない卸売業","200～299人","総数"
"102-2024","559","10","0","00000","2024000000","事業所","47","事業所数","他に分類されない卸売業","300人以上","総数"
"102-2024","55A","00","0","00000","2024000000","事業所","2544","事業所数","代理商、仲立業","総数","総数"
"102-2024","55A","01","0","00000","2024000000","事業所","554","事業所数","代理商、仲立業","0人","総数"
"102-2024","55A","02","0","00000","2024000000","事業所","1394","事業所数","代理商、仲立業","1～4人","総数"
"102-2024","55A","03","0","00000","2024000000","事業所","289","事業所数","代理商、仲立業","5～9人","総数"
"102-2024","55A","04","0","00000","2024000000","事業所","166","事業所数","代理商、仲立業","10～19人","総数"
"102-2024","55A","05","0","00000","2024000000","事業所","64","事業所数","代理商、仲立業","20～29人","総数"
"102-2024","55A","06","0","00000","2024000000","事業所","46","事業所数","代理商、仲立業","30～49人","総数"
"102-2024","55A","07","0","00000","2024000000","事業所","19","事業所数","代理商、仲立業","50～99人","総数"
"102-2024","55A","08","0","00000","2024000000","事業所","12","事業所数","代理商、仲立業","100～199人","総数"
"102-2024","55A","09","0","00000","2024000000","事業所","***","事業所数","代理商、仲立業","200～299人","総数"
"102-2024","55A","10","0","00000","2024000000","事業所","***","事業所数","代理商、仲立業","300人以上","総数"
"102-2024","55B","00","0","00000","2024000000","事業所","41183","事業所数","他に分類されないその他の卸売業","総数","総数"
"102-2024","55B","01","0","00000","2024000000","事業所","3841","事業所数","他に分類されないその他の卸売業","0人","総数"
"102-2024","55B","02","0","00000","2024000000","事業所","21470","事業所数","他に分類されないその他の卸売業","1～4人","総数"
"102-2024","55B","03","0","00000","2024000000","事業所","7975","事業所数","他に分類されないその他の卸売業","5～9人","総数"
"102-2024","55B","04","0","00000","2024000000","事業所","4533","事業所数","他に分類されないその他の卸売業","10～19人","総数"
"102-2024","55B","05","0","00000","2024000000","事業所","1449","事業所数","他に分類されないその他の卸売業","20～29人","総数"
"102-2024","55B","06","0","00000","2024000000","事業所","1034","事業所数","他に分類されないその他の卸売業","30～49人","総数"
"102-2024","55B","07","0","00000","2024000000","事業所","595","事業所数","他に分類されないその他の卸売業","50～99人","総数"
"102-2024","55B","08","0","00000","2024000000","事業所","188","事業所数","他に分類されないその他の卸売業","100～199人","総数"
"102-2024","55B","09","0","00000","2024000000","事業所","51","事業所数","他に分類されないその他の卸売業","200～299人","総数"
"102-2024","55B","10","0","00000","2024000000","事業所","47","事業所数","他に分類されないその他の卸売業","300人以上","総数"
"102-2024","I2","00","0","00000","2024000000","事業所","645029","事業所数","小売業","総数","総数"
"102-2024","I2","01","0","00000","2024000000","事業所","36453","事業所数","小売業","0人","総数"
"102-2024","I2","02","0","00000","2024000000","事業所","293891","事業所数","小売業","1～4人","総数"
"102-2024","I2","03","0","00000","2024000000","事業所","137787","事業所数","小売業","5～9人","総数"
"102-2024","I2","04","0","00000","2024000000","事業所","103909","事業所数","小売業","10～19人","総数"
"102-2024","I2","05","0","00000","2024000000","事業所","35315","事業所数","小売業","20～29人","総数"
"102-2024","I2","06","0","00000","2024000000","事業所","19985","事業所数","小売業","30～49人","総数"
"102-2024","I2","07","0","00000","2024000000","事業所","11853","事業所数","小売業","50～99人","総数"
"102-2024","I2","08","0","00000","2024000000","事業所","4555","事業所数","小売業","100～199人","総数"
"102-2024","I2","09","0","00000","2024000000","事業所","736","事業所数","小売業","200～299人","総数"
"102-2024","I2","10","0","00000","2024000000","事業所","545","事業所数","小売業","300人以上","総数"
"102-2024","56","00","0","00000","2024000000","事業所","83272","事業所数","各種商品小売業","総数","総数"
"102-2024","56","01","0","00000","2024000000","事業所","711","事業所数","各種商品小売業","0人","総数"
"102-2024","56","02","0","00000","2024000000","事業所","8236","事業所数","各種商品小売業","1～4人","総数"
"102-2024","56","03","0","00000","2024000000","事業所","13322","事業所数","各種商品小売業","5～9人","総数"
"102-2024","56","04","0","00000","2024000000","事業所","36804","事業所数","各種商品小売業","10～19人","総数"
"102-2024","56","05","0","00000","2024000000","事業所","14525","事業所数","各種商品小売業","20～29人","総数"
"102-2024","56","06","0","00000","2024000000","事業所","6036","事業所数","各種商品小売業","30～49人","総数"
"102-2024","56","07","0","00000","2024000000","事業所","1908","事業所数","各種商品小売業","50～99人","総数"
"102-2024","56","08","0","00000","2024000000","事業所","985","事業所数","各種商品小売業","100～199人","総数"
"102-2024","56","09","0","00000","2024000000","事業所","383","事業所数","各種商品小売業","200～299人","総数"
"102-2024","56","10","0","00000","2024000000","事業所","362","事業所数","各種商品小売業","300人以上","総数"
"102-2024","560","00","0","00000","2024000000","事業所","901","事業所数","管理、補助的経済活動を行う事業所（56_各種商品小売業）","総数","総数"
"102-2024","560","01","0","00000","2024000000","事業所","179","事業所数","管理、補助的経済活動を行う事業所（56_各種商品小売業）","0人","総数"
"102-2024","560","02","0","00000","2024000000","事業所","361","事業所数","管理、補助的経済活動を行う事業所（56_各種商品小売業）","1～4人","総数"
"102-2024","560","03","0","00000","2024000000","事業所","82","事業所数","管理、補助的経済活動を行う事業所（56_各種商品小売業）","5～9人","総数"
"102-2024","560","04","0","00000","2024000000","事業所","72","事業所数","管理、補助的経済活動を行う事業所（56_各種商品小売業）","10～19人","総数"
"102-2024","560","05","0","00000","2024000000","事業所","39","事業所数","管理、補助的経済活動を行う事業所（56_各種商品小売業）","20～29人","総数"
"102-2024","560","06","0","00000","2024000000","事業所","41","事業所数","管理、補助的経済活動を行う事業所（56_各種商品小売業）","30～49人","総数"
"102-2024","560","07","0","00000","2024000000","事業所","43","事業所数","管理、補助的経済活動を行う事業所（56_各種商品小売業）","50～99人","総数"
"102-2024","560","08","0","00000","2024000000","事業所","38","事業所数","管理、補助的経済活動を行う事業所（56_各種商品小売業）","100～199人","総数"
"102-2024","560","09","0","00000","2024000000","事業所","11","事業所数","管理、補助的経済活動を行う事業所（56_各種商品小売業）","200～299人","総数"
"102-2024","560","10","0","00000","2024000000","事業所","35","事業所数","管理、補助的経済活動を行う事業所（56_各種商品小売業）","300人以上","総数"
"102-2024","561","00","0","00000","2024000000","事業所","187","事業所数","百貨店","総数","総数"
"102-2024","561","01","0","00000","2024000000","事業所","***","事業所数","百貨店","0人","総数"
"102-2024","561","02","0","00000","2024000000","事業所","***","事業所数","百貨店","1～4人","総数"
"102-2024","561","03","0","00000","2024000000","事業所","***","事業所数","百貨店","5～9人","総数"
"102-2024","561","04","0","00000","2024000000","事業所","***","事業所数","百貨店","10～19人","総数"
"102-2024","561","05","0","00000","2024000000","事業所","***","事業所数","百貨店","20～29人","総数"
"102-2024","561","06","0","00000","2024000000","事業所","***","事業所数","百貨店","30～49人","総数"
"102-2024","561","07","0","00000","2024000000","事業所","46","事業所数","百貨店","50～99人","総数"
"102-2024","561","08","0","00000","2024000000","事業所","49","事業所数","百貨店","100～199人","総数"
"102-2024","561","09","0","00000","2024000000","事業所","32","事業所数","百貨店","200～299人","総数"
"102-2024","561","10","0","00000","2024000000","事業所","60","事業所数","百貨店","300人以上","総数"
"102-2024","562","00","0","00000","2024000000","事業所","1834","事業所数","総合スーパーマーケット","総数","総数"
"102-2024","562","01","0","00000","2024000000","事業所","***","事業所数","総合スーパーマーケット","0人","総数"
"102-2024","562","02","0","00000","2024000000","事業所","***","事業所数","総合スーパーマーケット","1～4人","総数"
"102-2024","562","03","0","00000","2024000000","事業所","***","事業所数","総合スーパーマーケット","5～9人","総数"
"102-2024","562","04","0","00000","2024000000","事業所","***","事業所数","総合スーパーマーケット","10～19人","総数"
"102-2024","562","05","0","00000","2024000000","事業所","***","事業所数","総合スーパーマーケット","20～29人","総数"
"102-2024","562","06","0","00000","2024000000","事業所","***","事業所数","総合スーパーマーケット","30～49人","総数"
"102-2024","562","07","0","00000","2024000000","事業所","626","事業所数","総合スーパーマーケット","50～99人","総数"
"102-2024","562","08","0","00000","2024000000","事業所","654","事業所数","総合スーパーマーケット","100～199人","総数"
"102-2024","562","09","0","00000","2024000000","事業所","303","事業所数","総合スーパーマーケット","200～299人","総数"
"102-2024","562","10","0","00000","2024000000","事業所","251","事業所数","総合スーパーマーケット","300人以上","総数"
"102-2024","563","00","0","00000","2024000000","事業所","46665","事業所数","コンビニエンスストア","総数","総数"
"102-2024","563","01","0","00000","2024000000","事業所","274","事業所数","コンビニエンスストア","0人","総数"
"102-2024","563","02","0","00000","2024000000","事業所","5316","事業所数","コンビニエンスストア","1～4人","総数"
"102-2024","563","03","0","00000","2024000000","事業所","7308","事業所数","コンビニエンスストア","5～9人","総数"
"102-2024","563","04","0","00000","2024000000","事業所","23076","事業所数","コンビニエンスストア","10～19人","総数"
"102-2024","563","05","0","00000","2024000000","事業所","8563","事業所数","コンビニエンスストア","20～29人","総数"
"102-2024","563","06","0","00000","2024000000","事業所","1793","事業所数","コンビニエンスストア","30～49人","総数"
"102-2024","563","07","0","00000","2024000000","事業所","299","事業所数","コンビニエンスストア","50～99人","総数"
"102-2024","563","08","0","00000","2024000000","事業所","28","事業所数","コンビニエンスストア","100～199人","総数"
"102-2024","563","09","0","00000","2024000000","事業所","6","事業所数","コンビニエンスストア","200～299人","総数"
"102-2024","563","10","0","00000","2024000000","事業所","2","事業所数","コンビニエンスストア","300人以上","総数"
"102-2024","564","00","0","00000","2024000000","事業所","19601","事業所数","ドラッグストア","総数","総数"
"102-2024","564","01","0","00000","2024000000","事業所","42","事業所数","ドラッグストア","0人","総数"
"102-2024","564","02","0","00000","2024000000","事業所","614","事業所数","ドラッグストア","1～4人","総数"
"102-2024","564","03","0","00000","2024000000","事業所","3096","事業所数","ドラッグストア","5～9人","総数"
"102-2024","564","04","0","00000","2024000000","事業所","9377","事業所数","ドラッグストア","10～19人","総数"
"102-2024","564","05","0","00000","2024000000","事業所","3839","事業所数","ドラッグストア","20～29人","総数"
"102-2024","564","06","0","00000","2024000000","事業所","2466","事業所数","ドラッグストア","30～49人","総数"
"102-2024","564","07","0","00000","2024000000","事業所","160","事業所数","ドラッグストア","50～99人","総数"
"102-2024","564","08","0","00000","2024000000","事業所","7","事業所数","ドラッグストア","100～199人","総数"
"102-2024","564","09","0","00000","2024000000","事業所","***","事業所数","ドラッグストア","200～299人","総数"
"102-2024","564","10","0","00000","2024000000","事業所","***","事業所数","ドラッグストア","300人以上","総数"
"102-2024","565","00","0","00000","2024000000","事業所","4430","事業所数","ホームセンター","総数","総数"
"102-2024","565","01","0","00000","2024000000","事業所","***","事業所数","ホームセンター","0人","総数"
"102-2024","565","02","0","00000","2024000000","事業所","359","事業所数","ホームセンター","1～4人","総数"
"102-2024","565","03","0","00000","2024000000","事業所","1066","事業所数","ホームセンター","5～9人","総数"
"102-2024","565","04","0","00000","2024000000","事業所","937","事業所数","ホームセンター","10～19人","総数"
"102-2024","565","05","0","00000","2024000000","事業所","547","事業所数","ホームセンター","20～29人","総数"
"102-2024","565","06","0","00000","2024000000","事業所","684","事業所数","ホームセンター","30～49人","総数"
"102-2024","565","07","0","00000","2024000000","事業所","606","事業所数","ホームセンター","50～99人","総数"
"102-2024","565","08","0","00000","2024000000","事業所","191","事業所数","ホームセンター","100～199人","総数"
"102-2024","565","09","0","00000","2024000000","事業所","28","事業所数","ホームセンター","200～299人","総数"
"102-2024","565","10","0","00000","2024000000","事業所","12","事業所数","ホームセンター","300人以上","総数"
"102-2024","566","00","0","00000","2024000000","事業所","8091","事業所数","均一価格店","総数","総数"
"102-2024","566","01","0","00000","2024000000","事業所","178","事業所数","均一価格店","0人","総数"
"102-2024","566","02","0","00000","2024000000","事業所","1339","事業所数","均一価格店","1～4人","総数"
"102-2024","566","03","0","00000","2024000000","事業所","1616","事業所数","均一価格店","5～9人","総数"
"102-2024","566","04","0","00000","2024000000","事業所","3014","事業所数","均一価格店","10～19人","総数"
"102-2024","566","05","0","00000","2024000000","事業所","1161","事業所数","均一価格店","20～29人","総数"
"102-2024","566","06","0","00000","2024000000","事業所","632","事業所数","均一価格店","30～49人","総数"
"102-2024","566","07","0","00000","2024000000","事業所","128","事業所数","均一価格店","50～99人","総数"
"102-2024","566","08","0","00000","2024000000","事業所","18","事業所数","均一価格店","100～199人","総数"
"102-2024","566","09","0","00000","2024000000","事業所","3","事業所数","均一価格店","200～299人","総数"
"102-2024","566","10","0","00000","2024000000","事業所","2","事業所数","均一価格店","300人以上","総数"
"102-2024","569","00","0","00000","2024000000","事業所","1563","事業所数","その他の各種商品小売業","総数","総数"
"102-2024","569","01","0","00000","2024000000","事業所","38","事業所数","その他の各種商品小売業","0人","総数"
"102-2024","569","02","0","00000","2024000000","事業所","247","事業所数","その他の各種商品小売業","1～4人","総数"
"102-2024","569","03","0","00000","2024000000","事業所","154","事業所数","その他の各種商品小売業","5～9人","総数"
"102-2024","569","04","0","00000","2024000000","事業所","328","事業所数","その他の各種商品小売業","10～19人","総数"
"102-2024","569","05","0","00000","2024000000","事業所","376","事業所数","その他の各種商品小売業","20～29人","総数"
"102-2024","569","06","0","00000","2024000000","事業所","420","事業所数","その他の各種商品小売業","30～49人","総数"
"102-2024","569","07","0","00000","2024000000","事業所","***","事業所数","その他の各種商品小売業","50～99人","総数"
"102-2024","569","08","0","00000","2024000000","事業所","***","事業所数","その他の各種商品小売業","100～199人","総数"
"102-2024","569","09","0","00000","2024000000","事業所","***","事業所数","その他の各種商品小売業","200～299人","総数"
"102-2024","569","10","0","00000","2024000000","事業所","***","事業所数","その他の各種商品小売業","300人以上","総数"
"102-2024","57","00","0","00000","2024000000","事業所","75989","事業所数","織物・衣服・身の回り品小売業","総数","総数"
"102-2024","57","01","0","00000","2024000000","事業所","4900","事業所数","織物・衣服・身の回り品小売業","0人","総数"
"102-2024","57","02","0","00000","2024000000","事業所","40553","事業所数","織物・衣服・身の回り品小売業","1～4人","総数"
"102-2024","57","03","0","00000","2024000000","事業所","20723","事業所数","織物・衣服・身の回り品小売業","5～9人","総数"
"102-2024","57","04","0","00000","2024000000","事業所","7314","事業所数","織物・衣服・身の回り品小売業","10～19人","総数"
"102-2024","57","05","0","00000","2024000000","事業所","1223","事業所数","織物・衣服・身の回り品小売業","20～29人","総数"
"102-2024","57","06","0","00000","2024000000","事業所","823","事業所数","織物・衣服・身の回り品小売業","30～49人","総数"
"102-2024","57","07","0","00000","2024000000","事業所","322","事業所数","織物・衣服・身の回り品小売業","50～99人","総数"
"102-2024","57","08","0","00000","2024000000","事業所","96","事業所数","織物・衣服・身の回り品小売業","100～199人","総数"
"102-2024","57","09","0","00000","2024000000","事業所","20","事業所数","織物・衣服・身の回り品小売業","200～299人","総数"
"102-2024","57","10","0","00000","2024000000","事業所","15","事業所数","織物・衣服・身の回り品小売業","300人以上","総数"
"102-2024","570","00","0","00000","2024000000","事業所","974","事業所数","管理、補助的経済活動を行う事業所（57_織物・衣服・身の回り品小売業）","総数","総数"
"102-2024","570","01","0","00000","2024000000","事業所","126","事業所数","管理、補助的経済活動を行う事業所（57_織物・衣服・身の回り品小売業）","0人","総数"
"102-2024","570","02","0","00000","2024000000","事業所","441","事業所数","管理、補助的経済活動を行う事業所（57_織物・衣服・身の回り品小売業）","1～4人","総数"
"102-2024","570","03","0","00000","2024000000","事業所","143","事業所数","管理、補助的経済活動を行う事業所（57_織物・衣服・身の回り品小売業）","5～9人","総数"
"102-2024","570","04","0","00000","2024000000","事業所","109","事業所数","管理、補助的経済活動を行う事業所（57_織物・衣服・身の回り品小売業）","10～19人","総数"
"102-2024","570","05","0","00000","2024000000","事業所","44","事業所数","管理、補助的経済活動を行う事業所（57_織物・衣服・身の回り品小売業）","20～29人","総数"
"102-2024","570","06","0","00000","2024000000","事業所","45","事業所数","管理、補助的経済活動を行う事業所（57_織物・衣服・身の回り品小売業）","30～49人","総数"
"102-2024","570","07","0","00000","2024000000","事業所","35","事業所数","管理、補助的経済活動を行う事業所（57_織物・衣服・身の回り品小売業）","50～99人","総数"
"102-2024","570","08","0","00000","2024000000","事業所","20","事業所数","管理、補助的経済活動を行う事業所（57_織物・衣服・身の回り品小売業）","100～199人","総数"
"102-2024","570","09","0","00000","2024000000","事業所","6","事業所数","管理、補助的経済活動を行う事業所（57_織物・衣服・身の回り品小売業）","200～299人","総数"
"102-2024","570","10","0","00000","2024000000","事業所","5","事業所数","管理、補助的経済活動を行う事業所（57_織物・衣服・身の回り品小売業）","300人以上","総数"
"102-2024","571","00","0","00000","2024000000","事業所","6529","事業所数","呉服・服地・寝具小売業","総数","総数"
"102-2024","571","01","0","00000","2024000000","事業所","593","事業所数","呉服・服地・寝具小売業","0人","総数"
"102-2024","571","02","0","00000","2024000000","事業所","4058","事業所数","呉服・服地・寝具小売業","1～4人","総数"
"102-2024","571","03","0","00000","2024000000","事業所","1373","事業所数","呉服・服地・寝具小売業","5～9人","総数"
"102-2024","571","04","0","00000","2024000000","事業所","393","事業所数","呉服・服地・寝具小売業","10～19人","総数"
"102-2024","571","05","0","00000","2024000000","事業所","69","事業所数","呉服・服地・寝具小売業","20～29人","総数"
"102-2024","571","06","0","00000","2024000000","事業所","34","事業所数","呉服・服地・寝具小売業","30～49人","総数"
"102-2024","571","07","0","00000","2024000000","事業所","7","事業所数","呉服・服地・寝具小売業","50～99人","総数"
"102-2024","571","08","0","00000","2024000000","事業所","2","事業所数","呉服・服地・寝具小売業","100～199人","総数"
"102-2024","571","09","0","00000","2024000000","事業所","***","事業所数","呉服・服地・寝具小売業","200～299人","総数"
"102-2024","571","10","0","00000","2024000000","事業所","***","事業所数","呉服・服地・寝具小売業","300人以上","総数"
"102-2024","572","00","0","00000","2024000000","事業所","11332","事業所数","男子服小売業","総数","総数"
"102-2024","572","01","0","00000","2024000000","事業所","773","事業所数","男子服小売業","0人","総数"
"102-2024","572","02","0","00000","2024000000","事業所","5528","事業所数","男子服小売業","1～4人","総数"
"102-2024","572","03","0","00000","2024000000","事業所","3918","事業所数","男子服小売業","5～9人","総数"
"102-2024","572","04","0","00000","2024000000","事業所","909","事業所数","男子服小売業","10～19人","総数"
"102-2024","572","05","0","00000","2024000000","事業所","113","事業所数","男子服小売業","20～29人","総数"
"102-2024","572","06","0","00000","2024000000","事業所","65","事業所数","男子服小売業","30～49人","総数"
"102-2024","572","07","0","00000","2024000000","事業所","15","事業所数","男子服小売業","50～99人","総数"
"102-2024","572","08","0","00000","2024000000","事業所","7","事業所数","男子服小売業","100～199人","総数"
"102-2024","572","09","0","00000","2024000000","事業所","3","事業所数","男子服小売業","200～299人","総数"
"102-2024","572","10","0","00000","2024000000","事業所","1","事業所数","男子服小売業","300人以上","総数"
"102-2024","573","00","0","00000","2024000000","事業所","32569","事業所数","婦人・子供服小売業","総数","総数"
"102-2024","573","01","0","00000","2024000000","事業所","1821","事業所数","婦人・子供服小売業","0人","総数"
"102-2024","573","02","0","00000","2024000000","事業所","17575","事業所数","婦人・子供服小売業","1～4人","総数"
"102-2024","573","03","0","00000","2024000000","事業所","7878","事業所数","婦人・子供服小売業","5～9人","総数"
"102-2024","573","04","0","00000","2024000000","事業所","3842","事業所数","婦人・子供服小売業","10～19人","総数"
"102-2024","573","05","0","00000","2024000000","事業所","704","事業所数","婦人・子供服小売業","20～29人","総数"
"102-2024","573","06","0","00000","2024000000","事業所","495","事業所数","婦人・子供服小売業","30～49人","総数"
"102-2024","573","07","0","00000","2024000000","事業所","192","事業所数","婦人・子供服小売業","50～99人","総数"
"102-2024","573","08","0","00000","2024000000","事業所","44","事業所数","婦人・子供服小売業","100～199人","総数"
"102-2024","573","09","0","00000","2024000000","事業所","10","事業所数","婦人・子供服小売業","200～299人","総数"
"102-2024","573","10","0","00000","2024000000","事業所","8","事業所数","婦人・子供服小売業","300人以上","総数"
"102-2024","574","00","0","00000","2024000000","事業所","6229","事業所数","靴・履物小売業","総数","総数"
"102-2024","574","01","0","00000","2024000000","事業所","483","事業所数","靴・履物小売業","0人","総数"
"102-2024","574","02","0","00000","2024000000","事業所","3640","事業所数","靴・履物小売業","1～4人","総数"
"102-2024","574","03","0","00000","2024000000","事業所","1692","事業所数","靴・履物小売業","5～9人","総数"
"102-2024","574","04","0","00000","2024000000","事業所","355","事業所数","靴・履物小売業","10～19人","総数"
"102-2024","574","05","0","00000","2024000000","事業所","26","事業所数","靴・履物小売業","20～29人","総数"
"102-2024","574","06","0","00000","2024000000","事業所","27","事業所数","靴・履物小売業","30～49人","総数"
"102-2024","574","07","0","00000","2024000000","事業所","5","事業所数","靴・履物小売業","50～99人","総数"
"102-2024","574","08","0","00000","2024000000","事業所","***","事業所数","靴・履物小売業","100～199人","総数"
"102-2024","574","09","0","00000","2024000000","事業所","1","事業所数","靴・履物小売業","200～299人","総数"
"102-2024","574","10","0","00000","2024000000","事業所","***","事業所数","靴・履物小売業","300人以上","総数"
"102-2024","579","00","0","00000","2024000000","事業所","18351","事業所数","その他の織物・衣服・身の回り品小売業","総数","総数"
"102-2024","579","01","0","00000","2024000000","事業所","1103","事業所数","その他の織物・衣服・身の回り品小売業","0人","総数"
"102-2024","579","02","0","00000","2024000000","事業所","9309","事業所数","その他の織物・衣服・身の回り品小売業","1～4人","総数"
"102-2024","579","03","0","00000","2024000000","事業所","5717","事業所数","その他の織物・衣服・身の回り品小売業","5～9人","総数"
"102-2024","579","04","0","00000","2024000000","事業所","1706","事業所数","その他の織物・衣服・身の回り品小売業","10～19人","総数"
"102-2024","579","05","0","00000","2024000000","事業所","267","事業所数","その他の織物・衣服・身の回り品小売業","20～29人","総数"
"102-2024","579","06","0","00000","2024000000","事業所","157","事業所数","その他の織物・衣服・身の回り品小売業","30～49人","総数"
"102-2024","579","07","0","00000","2024000000","事業所","68","事業所数","その他の織物・衣服・身の回り品小売業","50～99人","総数"
"102-2024","579","08","0","00000","2024000000","事業所","23","事業所数","その他の織物・衣服・身の回り品小売業","100～199人","総数"
"102-2024","579","09","0","00000","2024000000","事業所","***","事業所数","その他の織物・衣服・身の回り品小売業","200～299人","総数"
"102-2024","579","10","0","00000","2024000000","事業所","1","事業所数","その他の織物・衣服・身の回り品小売業","300人以上","総数"
"102-2024","58","00","0","00000","2024000000","事業所","132502","事業所数","飲食料品小売業","総数","総数"
"102-2024","58","01","0","00000","2024000000","事業所","6511","事業所数","飲食料品小売業","0人","総数"
"102-2024","58","02","0","00000","2024000000","事業所","62165","事業所数","飲食料品小売業","1～4人","総数"
"102-2024","58","03","0","00000","2024000000","事業所","23378","事業所数","飲食料品小売業","5～9人","総数"
"102-2024","58","04","0","00000","2024000000","事業所","16934","事業所数","飲食料品小売業","10～19人","総数"
"102-2024","58","05","0","00000","2024000000","事業所","7298","事業所数","飲食料品小売業","20～29人","総数"
"102-2024","58","06","0","00000","2024000000","事業所","6404","事業所数","飲食料品小売業","30～49人","総数"
"102-2024","58","07","0","00000","2024000000","事業所","6811","事業所数","飲食料品小売業","50～99人","総数"
"102-2024","58","08","0","00000","2024000000","事業所","2758","事業所数","飲食料品小売業","100～199人","総数"
"102-2024","58","09","0","00000","2024000000","事業所","182","事業所数","飲食料品小売業","200～299人","総数"
"102-2024","58","10","0","00000","2024000000","事業所","61","事業所数","飲食料品小売業","300人以上","総数"
"102-2024","580","00","0","00000","2024000000","事業所","1688","事業所数","管理、補助的経済活動を行う事業所（58_飲食料品小売業）","総数","総数"
"102-2024","580","01","0","00000","2024000000","事業所","152","事業所数","管理、補助的経済活動を行う事業所（58_飲食料品小売業）","0人","総数"
"102-2024","580","02","0","00000","2024000000","事業所","644","事業所数","管理、補助的経済活動を行う事業所（58_飲食料品小売業）","1～4人","総数"
"102-2024","580","03","0","00000","2024000000","事業所","266","事業所数","管理、補助的経済活動を行う事業所（58_飲食料品小売業）","5～9人","総数"
"102-2024","580","04","0","00000","2024000000","事業所","201","事業所数","管理、補助的経済活動を行う事業所（58_飲食料品小売業）","10～19人","総数"
"102-2024","580","05","0","00000","2024000000","事業所","98","事業所数","管理、補助的経済活動を行う事業所（58_飲食料品小売業）","20～29人","総数"
"102-2024","580","06","0","00000","2024000000","事業所","108","事業所数","管理、補助的経済活動を行う事業所（58_飲食料品小売業）","30～49人","総数"
"102-2024","580","07","0","00000","2024000000","事業所","106","事業所数","管理、補助的経済活動を行う事業所（58_飲食料品小売業）","50～99人","総数"
"102-2024","580","08","0","00000","2024000000","事業所","72","事業所数","管理、補助的経済活動を行う事業所（58_飲食料品小売業）","100～199人","総数"
"102-2024","580","09","0","00000","2024000000","事業所","17","事業所数","管理、補助的経済活動を行う事業所（58_飲食料品小売業）","200～299人","総数"
"102-2024","580","10","0","00000","2024000000","事業所","24","事業所数","管理、補助的経済活動を行う事業所（58_飲食料品小売業）","300人以上","総数"
"102-2024","581","00","0","00000","2024000000","事業所","21727","事業所数","各種食料品小売業","総数","総数"
"102-2024","581","01","0","00000","2024000000","事業所","261","事業所数","各種食料品小売業","0人","総数"
"102-2024","581","02","0","00000","2024000000","事業所","2226","事業所数","各種食料品小売業","1～4人","総数"
"102-2024","581","03","0","00000","2024000000","事業所","1116","事業所数","各種食料品小売業","5～9人","総数"
"102-2024","581","04","0","00000","2024000000","事業所","2537","事業所数","各種食料品小売業","10～19人","総数"
"102-2024","581","05","0","00000","2024000000","事業所","2938","事業所数","各種食料品小売業","20～29人","総数"
"102-2024","581","06","0","00000","2024000000","事業所","4076","事業所数","各種食料品小売業","30～49人","総数"
"102-2024","581","07","0","00000","2024000000","事業所","5870","事業所数","各種食料品小売業","50～99人","総数"
"102-2024","581","08","0","00000","2024000000","事業所","2550","事業所数","各種食料品小売業","100～199人","総数"
"102-2024","581","09","0","00000","2024000000","事業所","136","事業所数","各種食料品小売業","200～299人","総数"
"102-2024","581","10","0","00000","2024000000","事業所","17","事業所数","各種食料品小売業","300人以上","総数"
"102-2024","582","00","0","00000","2024000000","事業所","8276","事業所数","野菜・果実小売業","総数","総数"
"102-2024","582","01","0","00000","2024000000","事業所","484","事業所数","野菜・果実小売業","0人","総数"
"102-2024","582","02","0","00000","2024000000","事業所","4410","事業所数","野菜・果実小売業","1～4人","総数"
"102-2024","582","03","0","00000","2024000000","事業所","1712","事業所数","野菜・果実小売業","5～9人","総数"
"102-2024","582","04","0","00000","2024000000","事業所","1035","事業所数","野菜・果実小売業","10～19人","総数"
"102-2024","582","05","0","00000","2024000000","事業所","339","事業所数","野菜・果実小売業","20～29人","総数"
"102-2024","582","06","0","00000","2024000000","事業所","225","事業所数","野菜・果実小売業","30～49人","総数"
"102-2024","582","07","0","00000","2024000000","事業所","64","事業所数","野菜・果実小売業","50～99人","総数"
"102-2024","582","08","0","00000","2024000000","事業所","7","事業所数","野菜・果実小売業","100～199人","総数"
"102-2024","582","09","0","00000","2024000000","事業所","***","事業所数","野菜・果実小売業","200～299人","総数"
"102-2024","582","10","0","00000","2024000000","事業所","***","事業所数","野菜・果実小売業","300人以上","総数"
"102-2024","583","00","0","00000","2024000000","事業所","6430","事業所数","食肉小売業","総数","総数"
"102-2024","583","01","0","00000","2024000000","事業所","204","事業所数","食肉小売業","0人","総数"
"102-2024","583","02","0","00000","2024000000","事業所","3601","事業所数","食肉小売業","1～4人","総数"
"102-2024","583","03","0","00000","2024000000","事業所","1513","事業所数","食肉小売業","5～9人","総数"
"102-2024","583","04","0","00000","2024000000","事業所","769","事業所数","食肉小売業","10～19人","総数"
"102-2024","583","05","0","00000","2024000000","事業所","199","事業所数","食肉小売業","20～29人","総数"
"102-2024","583","06","0","00000","2024000000","事業所","105","事業所数","食肉小売業","30～49人","総数"
"102-2024","583","07","0","00000","2024000000","事業所","31","事業所数","食肉小売業","50～99人","総数"
"102-2024","583","08","0","00000","2024000000","事業所","6","事業所数","食肉小売業","100～199人","総数"
"102-2024","583","09","0","00000","2024000000","事業所","2","事業所数","食肉小売業","200～299人","総数"
"102-2024","583","10","0","00000","2024000000","事業所","***","事業所数","食肉小売業","300人以上","総数"
"102-2024","584","00","0","00000","2024000000","事業所","5421","事業所数","鮮魚小売業","総数","総数"
"102-2024","584","01","0","00000","2024000000","事業所","247","事業所数","鮮魚小売業","0人","総数"
"102-2024","584","02","0","00000","2024000000","事業所","3102","事業所数","鮮魚小売業","1～4人","総数"
"102-2024","584","03","0","00000","2024000000","事業所","1225","事業所数","鮮魚小売業","5～9人","総数"
"102-2024","584","04","0","00000","2024000000","事業所","606","事業所数","鮮魚小売業","10～19人","総数"
"102-2024","584","05","0","00000","2024000000","事業所","151","事業所数","鮮魚小売業","20～29人","総数"
"102-2024","584","06","0","00000","2024000000","事業所","69","事業所数","鮮魚小売業","30～49人","総数"
"102-2024","584","07","0","00000","2024000000","事業所","16","事業所数","鮮魚小売業","50～99人","総数"
"102-2024","584","08","0","00000","2024000000","事業所","2","事業所数","鮮魚小売業","100～199人","総数"
"102-2024","584","09","0","00000","2024000000","事業所","3","事業所数","鮮魚小売業","200～299人","総数"
"102-2024","584","10","0","00000","2024000000","事業所","***","事業所数","鮮魚小売業","300人以上","総数"
"102-2024","585","00","0","00000","2024000000","事業所","11171","事業所数","酒小売業","総数","総数"
"102-2024","585","01","0","00000","2024000000","事業所","1246","事業所数","酒小売業","0人","総数"
"102-2024","585","02","0","00000","2024000000","事業所","7680","事業所数","酒小売業","1～4人","総数"
"102-2024","585","03","0","00000","2024000000","事業所","1252","事業所数","酒小売業","5～9人","総数"
"102-2024","585","04","0","00000","2024000000","事業所","804","事業所数","酒小売業","10～19人","総数"
"102-2024","585","05","0","00000","2024000000","事業所","116","事業所数","酒小売業","20～29人","総数"
"102-2024","585","06","0","00000","2024000000","事業所","52","事業所数","酒小売業","30～49人","総数"
"102-2024","585","07","0","00000","2024000000","事業所","19","事業所数","酒小売業","50～99人","総数"
"102-2024","585","08","0","00000","2024000000","事業所","2","事業所数","酒小売業","100～199人","総数"
"102-2024","585","09","0","00000","2024000000","事業所","***","事業所数","酒小売業","200～299人","総数"
"102-2024","585","10","0","00000","2024000000","事業所","***","事業所数","酒小売業","300人以上","総数"
"102-2024","586","00","0","00000","2024000000","事業所","38630","事業所数","菓子・パン小売業","総数","総数"
"102-2024","586","01","0","00000","2024000000","事業所","1416","事業所数","菓子・パン小売業","0人","総数"
"102-2024","586","02","0","00000","2024000000","事業所","19359","事業所数","菓子・パン小売業","1～4人","総数"
"102-2024","586","03","0","00000","2024000000","事業所","8743","事業所数","菓子・パン小売業","5～9人","総数"
"102-2024","586","04","0","00000","2024000000","事業所","5784","事業所数","菓子・パン小売業","10～19人","総数"
"102-2024","586","05","0","00000","2024000000","事業所","1993","事業所数","菓子・パン小売業","20～29人","総数"
"102-2024","586","06","0","00000","2024000000","事業所","1007","事業所数","菓子・パン小売業","30～49人","総数"
"102-2024","586","07","0","00000","2024000000","事業所","287","事業所数","菓子・パン小売業","50～99人","総数"
"102-2024","586","08","0","00000","2024000000","事業所","29","事業所数","菓子・パン小売業","100～199人","総数"
"102-2024","586","09","0","00000","2024000000","事業所","7","事業所数","菓子・パン小売業","200～299人","総数"
"102-2024","586","10","0","00000","2024000000","事業所","5","事業所数","菓子・パン小売業","300人以上","総数"
"102-2024","589","00","0","00000","2024000000","事業所","39109","事業所数","その他の飲食料品小売業","総数","総数"
"102-2024","589","01","0","00000","2024000000","事業所","2500","事業所数","その他の飲食料品小売業","0人","総数"
"102-2024","589","02","0","00000","2024000000","事業所","21140","事業所数","その他の飲食料品小売業","1～4人","総数"
"102-2024","589","03","0","00000","2024000000","事業所","7505","事業所数","その他の飲食料品小売業","5～9人","総数"
"102-2024","589","04","0","00000","2024000000","事業所","5198","事業所数","その他の飲食料品小売業","10～19人","総数"
"102-2024","589","05","0","00000","2024000000","事業所","1464","事業所数","その他の飲食料品小売業","20～29人","総数"
"102-2024","589","06","0","00000","2024000000","事業所","762","事業所数","その他の飲食料品小売業","30～49人","総数"
"102-2024","589","07","0","00000","2024000000","事業所","418","事業所数","その他の飲食料品小売業","50～99人","総数"
"102-2024","589","08","0","00000","2024000000","事業所","90","事業所数","その他の飲食料品小売業","100～199人","総数"
"102-2024","589","09","0","00000","2024000000","事業所","17","事業所数","その他の飲食料品小売業","200～299人","総数"
"102-2024","589","10","0","00000","2024000000","事業所","15","事業所数","その他の飲食料品小売業","300人以上","総数"
"102-2024","58A","00","0","00000","2024000000","事業所","12093","事業所数","料理品小売業","総数","総数"
"102-2024","58A","01","0","00000","2024000000","事業所","514","事業所数","料理品小売業","0人","総数"
"102-2024","58A","02","0","00000","2024000000","事業所","4752","事業所数","料理品小売業","1～4人","総数"
"102-2024","58A","03","0","00000","2024000000","事業所","3344","事業所数","料理品小売業","5～9人","総数"
"102-2024","58A","04","0","00000","2024000000","事業所","2666","事業所数","料理品小売業","10～19人","総数"
"102-2024","58A","05","0","00000","2024000000","事業所","539","事業所数","料理品小売業","20～29人","総数"
"102-2024","58A","06","0","00000","2024000000","事業所","193","事業所数","料理品小売業","30～49人","総数"
"102-2024","58A","07","0","00000","2024000000","事業所","68","事業所数","料理品小売業","50～99人","総数"
"102-2024","58A","08","0","00000","2024000000","事業所","14","事業所数","料理品小売業","100～199人","総数"
"102-2024","58A","09","0","00000","2024000000","事業所","1","事業所数","料理品小売業","200～299人","総数"
"102-2024","58A","10","0","00000","2024000000","事業所","2","事業所数","料理品小売業","300人以上","総数"
"102-2024","58B","00","0","00000","2024000000","事業所","27016","事業所数","他に分類されない飲食料品小売業","総数","総数"
"102-2024","58B","01","0","00000","2024000000","事業所","1986","事業所数","他に分類されない飲食料品小売業","0人","総数"
"102-2024","58B","02","0","00000","2024000000","事業所","16388","事業所数","他に分類されない飲食料品小売業","1～4人","総数"
"102-2024","58B","03","0","00000","2024000000","事業所","4161","事業所数","他に分類されない飲食料品小売業","5～9人","総数"
"102-2024","58B","04","0","00000","2024000000","事業所","2532","事業所数","他に分類されない飲食料品小売業","10～19人","総数"
"102-2024","58B","05","0","00000","2024000000","事業所","925","事業所数","他に分類されない飲食料品小売業","20～29人","総数"
"102-2024","58B","06","0","00000","2024000000","事業所","569","事業所数","他に分類されない飲食料品小売業","30～49人","総数"
"102-2024","58B","07","0","00000","2024000000","事業所","350","事業所数","他に分類されない飲食料品小売業","50～99人","総数"
"102-2024","58B","08","0","00000","2024000000","事業所","76","事業所数","他に分類されない飲食料品小売業","100～199人","総数"
"102-2024","58B","09","0","00000","2024000000","事業所","16","事業所数","他に分類されない飲食料品小売業","200～299人","総数"
"102-2024","58B","10","0","00000","2024000000","事業所","13","事業所数","他に分類されない飲食料品小売業","300人以上","総数"
"102-2024","59","00","0","00000","2024000000","事業所","99228","事業所数","機械器具小売業","総数","総数"
"102-2024","59","01","0","00000","2024000000","事業所","6711","事業所数","機械器具小売業","0人","総数"
"102-2024","59","02","0","00000","2024000000","事業所","50526","事業所数","機械器具小売業","1～4人","総数"
"102-2024","59","03","0","00000","2024000000","事業所","18482","事業所数","機械器具小売業","5～9人","総数"
"102-2024","59","04","0","00000","2024000000","事業所","15508","事業所数","機械器具小売業","10～19人","総数"
"102-2024","59","05","0","00000","2024000000","事業所","4950","事業所数","機械器具小売業","20～29人","総数"
"102-2024","59","06","0","00000","2024000000","事業所","2089","事業所数","機械器具小売業","30～49人","総数"
"102-2024","59","07","0","00000","2024000000","事業所","715","事業所数","機械器具小売業","50～99人","総数"
"102-2024","59","08","0","00000","2024000000","事業所","188","事業所数","機械器具小売業","100～199人","総数"
"102-2024","59","09","0","00000","2024000000","事業所","40","事業所数","機械器具小売業","200～299人","総数"
"102-2024","59","10","0","00000","2024000000","事業所","19","事業所数","機械器具小売業","300人以上","総数"
"102-2024","590","00","0","00000","2024000000","事業所","964","事業所数","管理、補助的経済活動を行う事業所（59_機械器具小売業）","総数","総数"
"102-2024","590","01","0","00000","2024000000","事業所","108","事業所数","管理、補助的経済活動を行う事業所（59_機械器具小売業）","0人","総数"
"102-2024","590","02","0","00000","2024000000","事業所","321","事業所数","管理、補助的経済活動を行う事業所（59_機械器具小売業）","1～4人","総数"
"102-2024","590","03","0","00000","2024000000","事業所","139","事業所数","管理、補助的経済活動を行う事業所（59_機械器具小売業）","5～9人","総数"
"102-2024","590","04","0","00000","2024000000","事業所","125","事業所数","管理、補助的経済活動を行う事業所（59_機械器具小売業）","10～19人","総数"
"102-2024","590","05","0","00000","2024000000","事業所","93","事業所数","管理、補助的経済活動を行う事業所（59_機械器具小売業）","20～29人","総数"
"102-2024","590","06","0","00000","2024000000","事業所","74","事業所数","管理、補助的経済活動を行う事業所（59_機械器具小売業）","30～49人","総数"
"102-2024","590","07","0","00000","2024000000","事業所","57","事業所数","管理、補助的経済活動を行う事業所（59_機械器具小売業）","50～99人","総数"
"102-2024","590","08","0","00000","2024000000","事業所","33","事業所数","管理、補助的経済活動を行う事業所（59_機械器具小売業）","100～199人","総数"
"102-2024","590","09","0","00000","2024000000","事業所","7","事業所数","管理、補助的経済活動を行う事業所（59_機械器具小売業）","200～299人","総数"
"102-2024","590","10","0","00000","2024000000","事業所","7","事業所数","管理、補助的経済活動を行う事業所（59_機械器具小売業）","300人以上","総数"
"102-2024","591","00","0","00000","2024000000","事業所","66237","事業所数","自動車小売業","総数","総数"
"102-2024","591","01","0","00000","2024000000","事業所","4367","事業所数","自動車小売業","0人","総数"
"102-2024","591","02","0","00000","2024000000","事業所","32482","事業所数","自動車小売業","1～4人","総数"
"102-2024","591","03","0","00000","2024000000","事業所","12199","事業所数","自動車小売業","5～9人","総数"
"102-2024","591","04","0","00000","2024000000","事業所","11804","事業所数","自動車小売業","10～19人","総数"
"102-2024","591","05","0","00000","2024000000","事業所","3776","事業所数","自動車小売業","20～29人","総数"
"102-2024","591","06","0","00000","2024000000","事業所","1217","事業所数","自動車小売業","30～49人","総数"
"102-2024","591","07","0","00000","2024000000","事業所","323","事業所数","自動車小売業","50～99人","総数"
"102-2024","591","08","0","00000","2024000000","事業所","53","事業所数","自動車小売業","100～199人","総数"
"102-2024","591","09","0","00000","2024000000","事業所","12","事業所数","自動車小売業","200～299人","総数"
"102-2024","591","10","0","00000","2024000000","事業所","4","事業所数","自動車小売業","300人以上","総数"
"102-2024","592","00","0","00000","2024000000","事業所","3998","事業所数","自転車小売業","総数","総数"
"102-2024","592","01","0","00000","2024000000","事業所","275","事業所数","自転車小売業","0人","総数"
"102-2024","592","02","0","00000","2024000000","事業所","2587","事業所数","自転車小売業","1～4人","総数"
"102-2024","592","03","0","00000","2024000000","事業所","844","事業所数","自転車小売業","5～9人","総数"
"102-2024","592","04","0","00000","2024000000","事業所","274","事業所数","自転車小売業","10～19人","総数"
"102-2024","592","05","0","00000","2024000000","事業所","13","事業所数","自転車小売業","20～29人","総数"
"102-2024","592","06","0","00000","2024000000","事業所","3","事業所数","自転車小売業","30～49人","総数"
"102-2024","592","07","0","00000","2024000000","事業所","2","事業所数","自転車小売業","50～99人","総数"
"102-2024","592","08","0","00000","2024000000","事業所","***","事業所数","自転車小売業","100～199人","総数"
"102-2024","592","09","0","00000","2024000000","事業所","***","事業所数","自転車小売業","200～299人","総数"
"102-2024","592","10","0","00000","2024000000","事業所","***","事業所数","自転車小売業","300人以上","総数"
"102-2024","593","00","0","00000","2024000000","事業所","28029","事業所数","機械器具小売業（自動車、自転車を除く）","総数","総数"
"102-2024","593","01","0","00000","2024000000","事業所","1961","事業所数","機械器具小売業（自動車、自転車を除く）","0人","総数"
"102-2024","593","02","0","00000","2024000000","事業所","15136","事業所数","機械器具小売業（自動車、自転車を除く）","1～4人","総数"
"102-2024","593","03","0","00000","2024000000","事業所","5300","事業所数","機械器具小売業（自動車、自転車を除く）","5～9人","総数"
"102-2024","593","04","0","00000","2024000000","事業所","3305","事業所数","機械器具小売業（自動車、自転車を除く）","10～19人","総数"
"102-2024","593","05","0","00000","2024000000","事業所","1068","事業所数","機械器具小売業（自動車、自転車を除く）","20～29人","総数"
"102-2024","593","06","0","00000","2024000000","事業所","795","事業所数","機械器具小売業（自動車、自転車を除く）","30～49人","総数"
"102-2024","593","07","0","00000","2024000000","事業所","333","事業所数","機械器具小売業（自動車、自転車を除く）","50～99人","総数"
"102-2024","593","08","0","00000","2024000000","事業所","102","事業所数","機械器具小売業（自動車、自転車を除く）","100～199人","総数"
"102-2024","593","09","0","00000","2024000000","事業所","21","事業所数","機械器具小売業（自動車、自転車を除く）","200～299人","総数"
"102-2024","593","10","0","00000","2024000000","事業所","8","事業所数","機械器具小売業（自動車、自転車を除く）","300人以上","総数"
"102-2024","60","00","0","00000","2024000000","事業所","223707","事業所数","その他の小売業","総数","総数"
"102-2024","60","01","0","00000","2024000000","事業所","12291","事業所数","その他の小売業","0人","総数"
"102-2024","60","02","0","00000","2024000000","事業所","117699","事業所数","その他の小売業","1～4人","総数"
"102-2024","60","03","0","00000","2024000000","事業所","57238","事業所数","その他の小売業","5～9人","総数"
"102-2024","60","04","0","00000","2024000000","事業所","24544","事業所数","その他の小売業","10～19人","総数"
"102-2024","60","05","0","00000","2024000000","事業所","6313","事業所数","その他の小売業","20～29人","総数"
"102-2024","60","06","0","00000","2024000000","事業所","3750","事業所数","その他の小売業","30～49人","総数"
"102-2024","60","07","0","00000","2024000000","事業所","1436","事業所数","その他の小売業","50～99人","総数"
"102-2024","60","08","0","00000","2024000000","事業所","327","事業所数","その他の小売業","100～199人","総数"
"102-2024","60","09","0","00000","2024000000","事業所","75","事業所数","その他の小売業","200～299人","総数"
"102-2024","60","10","0","00000","2024000000","事業所","34","事業所数","その他の小売業","300人以上","総数"
"102-2024","600","00","0","00000","2024000000","事業所","3110","事業所数","管理、補助的経済活動を行う事業所（60_その他の小売業）","総数","総数"
"102-2024","600","01","0","00000","2024000000","事業所","443","事業所数","管理、補助的経済活動を行う事業所（60_その他の小売業）","0人","総数"
"102-2024","600","02","0","00000","2024000000","事業所","1588","事業所数","管理、補助的経済活動を行う事業所（60_その他の小売業）","1～4人","総数"
"102-2024","600","03","0","00000","2024000000","事業所","468","事業所数","管理、補助的経済活動を行う事業所（60_その他の小売業）","5～9人","総数"
"102-2024","600","04","0","00000","2024000000","事業所","299","事業所数","管理、補助的経済活動を行う事業所（60_その他の小売業）","10～19人","総数"
"102-2024","600","05","0","00000","2024000000","事業所","98","事業所数","管理、補助的経済活動を行う事業所（60_その他の小売業）","20～29人","総数"
"102-2024","600","06","0","00000","2024000000","事業所","101","事業所数","管理、補助的経済活動を行う事業所（60_その他の小売業）","30～49人","総数"
"102-2024","600","07","0","00000","2024000000","事業所","59","事業所数","管理、補助的経済活動を行う事業所（60_その他の小売業）","50～99人","総数"
"102-2024","600","08","0","00000","2024000000","事業所","38","事業所数","管理、補助的経済活動を行う事業所（60_その他の小売業）","100～199人","総数"
"102-2024","600","09","0","00000","2024000000","事業所","8","事業所数","管理、補助的経済活動を行う事業所（60_その他の小売業）","200～299人","総数"
"102-2024","600","10","0","00000","2024000000","事業所","8","事業所数","管理、補助的経済活動を行う事業所（60_その他の小売業）","300人以上","総数"
"102-2024","601","00","0","00000","2024000000","事業所","9312","事業所数","家具・建具・畳小売業","総数","総数"
"102-2024","601","01","0","00000","2024000000","事業所","770","事業所数","家具・建具・畳小売業","0人","総数"
"102-2024","601","02","0","00000","2024000000","事業所","5665","事業所数","家具・建具・畳小売業","1～4人","総数"
"102-2024","601","03","0","00000","2024000000","事業所","1536","事業所数","家具・建具・畳小売業","5～9人","総数"
"102-2024","601","04","0","00000","2024000000","事業所","527","事業所数","家具・建具・畳小売業","10～19人","総数"
"102-2024","601","05","0","00000","2024000000","事業所","203","事業所数","家具・建具・畳小売業","20～29人","総数"
"102-2024","601","06","0","00000","2024000000","事業所","302","事業所数","家具・建具・畳小売業","30～49人","総数"
"102-2024","601","07","0","00000","2024000000","事業所","260","事業所数","家具・建具・畳小売業","50～99人","総数"
"102-2024","601","08","0","00000","2024000000","事業所","38","事業所数","家具・建具・畳小売業","100～199人","総数"
"102-2024","601","09","0","00000","2024000000","事業所","7","事業所数","家具・建具・畳小売業","200～299人","総数"
"102-2024","601","10","0","00000","2024000000","事業所","4","事業所数","家具・建具・畳小売業","300人以上","総数"
"102-2024","602","00","0","00000","2024000000","事業所","7157","事業所数","じゅう器小売業","総数","総数"
"102-2024","602","01","0","00000","2024000000","事業所","721","事業所数","じゅう器小売業","0人","総数"
"102-2024","602","02","0","00000","2024000000","事業所","4615","事業所数","じゅう器小売業","1～4人","総数"
"102-2024","602","03","0","00000","2024000000","事業所","1305","事業所数","じゅう器小売業","5～9人","総数"
"102-2024","602","04","0","00000","2024000000","事業所","398","事業所数","じゅう器小売業","10～19人","総数"
"102-2024","602","05","0","00000","2024000000","事業所","62","事業所数","じゅう器小売業","20～29人","総数"
"102-2024","602","06","0","00000","2024000000","事業所","35","事業所数","じゅう器小売業","30～49人","総数"
"102-2024","602","07","0","00000","2024000000","事業所","17","事業所数","じゅう器小売業","50～99人","総数"
"102-2024","602","08","0","00000","2024000000","事業所","2","事業所数","じゅう器小売業","100～199人","総数"
"102-2024","602","09","0","00000","2024000000","事業所","2","事業所数","じゅう器小売業","200～299人","総数"
"102-2024","602","10","0","00000","2024000000","事業所","***","事業所数","じゅう器小売業","300人以上","総数"
"102-2024","603","00","0","00000","2024000000","事業所","62735","事業所数","医薬品・化粧品小売業","総数","総数"
"102-2024","603","01","0","00000","2024000000","事業所","1966","事業所数","医薬品・化粧品小売業","0人","総数"
"102-2024","603","02","0","00000","2024000000","事業所","32062","事業所数","医薬品・化粧品小売業","1～4人","総数"
"102-2024","603","03","0","00000","2024000000","事業所","21398","事業所数","医薬品・化粧品小売業","5～9人","総数"
"102-2024","603","04","0","00000","2024000000","事業所","6232","事業所数","医薬品・化粧品小売業","10～19人","総数"
"102-2024","603","05","0","00000","2024000000","事業所","718","事業所数","医薬品・化粧品小売業","20～29人","総数"
"102-2024","603","06","0","00000","2024000000","事業所","261","事業所数","医薬品・化粧品小売業","30～49人","総数"
"102-2024","603","07","0","00000","2024000000","事業所","80","事業所数","医薬品・化粧品小売業","50～99人","総数"
"102-2024","603","08","0","00000","2024000000","事業所","15","事業所数","医薬品・化粧品小売業","100～199人","総数"
"102-2024","603","09","0","00000","2024000000","事業所","2","事業所数","医薬品・化粧品小売業","200～299人","総数"
"102-2024","603","10","0","00000","2024000000","事業所","1","事業所数","医薬品・化粧品小売業","300人以上","総数"
"102-2024","604","00","0","00000","2024000000","事業所","8029","事業所数","農耕用品小売業","総数","総数"
"102-2024","604","01","0","00000","2024000000","事業所","375","事業所数","農耕用品小売業","0人","総数"
"102-2024","604","02","0","00000","2024000000","事業所","4094","事業所数","農耕用品小売業","1～4人","総数"
"102-2024","604","03","0","00000","2024000000","事業所","2468","事業所数","農耕用品小売業","5～9人","総数"
"102-2024","604","04","0","00000","2024000000","事業所","858","事業所数","農耕用品小売業","10～19人","総数"
"102-2024","604","05","0","00000","2024000000","事業所","132","事業所数","農耕用品小売業","20～29人","総数"
"102-2024","604","06","0","00000","2024000000","事業所","73","事業所数","農耕用品小売業","30～49人","総数"
"102-2024","604","07","0","00000","2024000000","事業所","24","事業所数","農耕用品小売業","50～99人","総数"
"102-2024","604","08","0","00000","2024000000","事業所","5","事業所数","農耕用品小売業","100～199人","総数"
"102-2024","604","09","0","00000","2024000000","事業所","***","事業所数","農耕用品小売業","200～299人","総数"
"102-2024","604","10","0","00000","2024000000","事業所","***","事業所数","農耕用品小売業","300人以上","総数"
"102-2024","605","00","0","00000","2024000000","事業所","37855","事業所数","燃料小売業","総数","総数"
"102-2024","605","01","0","00000","2024000000","事業所","1627","事業所数","燃料小売業","0人","総数"
"102-2024","605","02","0","00000","2024000000","事業所","18590","事業所数","燃料小売業","1～4人","総数"
"102-2024","605","03","0","00000","2024000000","事業所","11171","事業所数","燃料小売業","5～9人","総数"
"102-2024","605","04","0","00000","2024000000","事業所","5225","事業所数","燃料小売業","10～19人","総数"
"102-2024","605","05","0","00000","2024000000","事業所","850","事業所数","燃料小売業","20～29人","総数"
"102-2024","605","06","0","00000","2024000000","事業所","282","事業所数","燃料小売業","30～49人","総数"
"102-2024","605","07","0","00000","2024000000","事業所","83","事業所数","燃料小売業","50～99人","総数"
"102-2024","605","08","0","00000","2024000000","事業所","17","事業所数","燃料小売業","100～199人","総数"
"102-2024","605","09","0","00000","2024000000","事業所","4","事業所数","燃料小売業","200～299人","総数"
"102-2024","605","10","0","00000","2024000000","事業所","6","事業所数","燃料小売業","300人以上","総数"
"102-2024","606","00","0","00000","2024000000","事業所","19345","事業所数","書籍・文房具小売業","総数","総数"
"102-2024","606","01","0","00000","2024000000","事業所","704","事業所数","書籍・文房具小売業","0人","総数"
"102-2024","606","02","0","00000","2024000000","事業所","6544","事業所数","書籍・文房具小売業","1～4人","総数"
"102-2024","606","03","0","00000","2024000000","事業所","3334","事業所数","書籍・文房具小売業","5～9人","総数"
"102-2024","606","04","0","00000","2024000000","事業所","4344","事業所数","書籍・文房具小売業","10～19人","総数"
"102-2024","606","05","0","00000","2024000000","事業所","2274","事業所数","書籍・文房具小売業","20～29人","総数"
"102-2024","606","06","0","00000","2024000000","事業所","1567","事業所数","書籍・文房具小売業","30～49人","総数"
"102-2024","606","07","0","00000","2024000000","事業所","473","事業所数","書籍・文房具小売業","50～99人","総数"
"102-2024","606","08","0","00000","2024000000","事業所","91","事業所数","書籍・文房具小売業","100～199人","総数"
"102-2024","606","09","0","00000","2024000000","事業所","10","事業所数","書籍・文房具小売業","200～299人","総数"
"102-2024","606","10","0","00000","2024000000","事業所","4","事業所数","書籍・文房具小売業","300人以上","総数"
"102-2024","607","00","0","00000","2024000000","事業所","14120","事業所数","スポーツ用品・がん具・娯楽用品・楽器小売業","総数","総数"
"102-2024","607","01","0","00000","2024000000","事業所","1098","事業所数","スポーツ用品・がん具・娯楽用品・楽器小売業","0人","総数"
"102-2024","607","02","0","00000","2024000000","事業所","7045","事業所数","スポーツ用品・がん具・娯楽用品・楽器小売業","1～4人","総数"
"102-2024","607","03","0","00000","2024000000","事業所","2944","事業所数","スポーツ用品・がん具・娯楽用品・楽器小売業","5～9人","総数"
"102-2024","607","04","0","00000","2024000000","事業所","1661","事業所数","スポーツ用品・がん具・娯楽用品・楽器小売業","10～19人","総数"
"102-2024","607","05","0","00000","2024000000","事業所","603","事業所数","スポーツ用品・がん具・娯楽用品・楽器小売業","20～29人","総数"
"102-2024","607","06","0","00000","2024000000","事業所","549","事業所数","スポーツ用品・がん具・娯楽用品・楽器小売業","30～49人","総数"
"102-2024","607","07","0","00000","2024000000","事業所","196","事業所数","スポーツ用品・がん具・娯楽用品・楽器小売業","50～99人","総数"
"102-2024","607","08","0","00000","2024000000","事業所","20","事業所数","スポーツ用品・がん具・娯楽用品・楽器小売業","100～199人","総数"
"102-2024","607","09","0","00000","2024000000","事業所","2","事業所数","スポーツ用品・がん具・娯楽用品・楽器小売業","200～299人","総数"
"102-2024","607","10","0","00000","2024000000","事業所","2","事業所数","スポーツ用品・がん具・娯楽用品・楽器小売業","300人以上","総数"
"102-2024","60A","00","0","00000","2024000000","事業所","8976","事業所数","スポーツ用品小売業","総数","総数"
"102-2024","60A","01","0","00000","2024000000","事業所","720","事業所数","スポーツ用品小売業","0人","総数"
"102-2024","60A","02","0","00000","2024000000","事業所","4516","事業所数","スポーツ用品小売業","1～4人","総数"
"102-2024","60A","03","0","00000","2024000000","事業所","1747","事業所数","スポーツ用品小売業","5～9人","総数"
"102-2024","60A","04","0","00000","2024000000","事業所","1015","事業所数","スポーツ用品小売業","10～19人","総数"
"102-2024","60A","05","0","00000","2024000000","事業所","403","事業所数","スポーツ用品小売業","20～29人","総数"
"102-2024","60A","06","0","00000","2024000000","事業所","402","事業所数","スポーツ用品小売業","30～49人","総数"
"102-2024","60A","07","0","00000","2024000000","事業所","159","事業所数","スポーツ用品小売業","50～99人","総数"
"102-2024","60A","08","0","00000","2024000000","事業所","13","事業所数","スポーツ用品小売業","100～199人","総数"
"102-2024","60A","09","0","00000","2024000000","事業所","***","事業所数","スポーツ用品小売業","200～299人","総数"
"102-2024","60A","10","0","00000","2024000000","事業所","1","事業所数","スポーツ用品小売業","300人以上","総数"
"102-2024","60B","00","0","00000","2024000000","事業所","3230","事業所数","がん具・娯楽用品小売業","総数","総数"
"102-2024","60B","01","0","00000","2024000000","事業所","246","事業所数","がん具・娯楽用品小売業","0人","総数"
"102-2024","60B","02","0","00000","2024000000","事業所","1545","事業所数","がん具・娯楽用品小売業","1～4人","総数"
"102-2024","60B","03","0","00000","2024000000","事業所","756","事業所数","がん具・娯楽用品小売業","5～9人","総数"
"102-2024","60B","04","0","00000","2024000000","事業所","370","事業所数","がん具・娯楽用品小売業","10～19人","総数"
"102-2024","60B","05","0","00000","2024000000","事業所","150","事業所数","がん具・娯楽用品小売業","20～29人","総数"
"102-2024","60B","06","0","00000","2024000000","事業所","125","事業所数","がん具・娯楽用品小売業","30～49人","総数"
"102-2024","60B","07","0","00000","2024000000","事業所","31","事業所数","がん具・娯楽用品小売業","50～99人","総数"
"102-2024","60B","08","0","00000","2024000000","事業所","6","事業所数","がん具・娯楽用品小売業","100～199人","総数"
"102-2024","60B","09","0","00000","2024000000","事業所","1","事業所数","がん具・娯楽用品小売業","200～299人","総数"
"102-2024","60B","10","0","00000","2024000000","事業所","***","事業所数","がん具・娯楽用品小売業","300人以上","総数"
"102-2024","60C","00","0","00000","2024000000","事業所","1914","事業所数","楽器小売業","総数","総数"
"102-2024","60C","01","0","00000","2024000000","事業所","132","事業所数","楽器小売業","0人","総数"
"102-2024","60C","02","0","00000","2024000000","事業所","984","事業所数","楽器小売業","1～4人","総数"
"102-2024","60C","03","0","00000","2024000000","事業所","441","事業所数","楽器小売業","5～9人","総数"
"102-2024","60C","04","0","00000","2024000000","事業所","276","事業所数","楽器小売業","10～19人","総数"
"102-2024","60C","05","0","00000","2024000000","事業所","50","事業所数","楽器小売業","20～29人","総数"
"102-2024","60C","06","0","00000","2024000000","事業所","22","事業所数","楽器小売業","30～49人","総数"
"102-2024","60C","07","0","00000","2024000000","事業所","6","事業所数","楽器小売業","50～99人","総数"
"102-2024","60C","08","0","00000","2024000000","事業所","1","事業所数","楽器小売業","100～199人","総数"
"102-2024","60C","09","0","00000","2024000000","事業所","1","事業所数","楽器小売業","200～299人","総数"
"102-2024","60C","10","0","00000","2024000000","事業所","1","事業所数","楽器小売業","300人以上","総数"
"102-2024","608","00","0","00000","2024000000","事業所","14048","事業所数","写真機・時計・眼鏡小売業","総数","総数"
"102-2024","608","01","0","00000","2024000000","事業所","952","事業所数","写真機・時計・眼鏡小売業","0人","総数"
"102-2024","608","02","0","00000","2024000000","事業所","8233","事業所数","写真機・時計・眼鏡小売業","1～4人","総数"
"102-2024","608","03","0","00000","2024000000","事業所","3989","事業所数","写真機・時計・眼鏡小売業","5～9人","総数"
"102-2024","608","04","0","00000","2024000000","事業所","750","事業所数","写真機・時計・眼鏡小売業","10～19人","総数"
"102-2024","608","05","0","00000","2024000000","事業所","67","事業所数","写真機・時計・眼鏡小売業","20～29人","総数"
"102-2024","608","06","0","00000","2024000000","事業所","37","事業所数","写真機・時計・眼鏡小売業","30～49人","総数"
"102-2024","608","07","0","00000","2024000000","事業所","13","事業所数","写真機・時計・眼鏡小売業","50～99人","総数"
"102-2024","608","08","0","00000","2024000000","事業所","6","事業所数","写真機・時計・眼鏡小売業","100～199人","総数"
"102-2024","608","09","0","00000","2024000000","事業所","1","事業所数","写真機・時計・眼鏡小売業","200～299人","総数"
"102-2024","608","10","0","00000","2024000000","事業所","***","事業所数","写真機・時計・眼鏡小売業","300人以上","総数"
"102-2024","609","00","0","00000","2024000000","事業所","47993","事業所数","他に分類されない小売業","総数","総数"
"102-2024","609","01","0","00000","2024000000","事業所","3634","事業所数","他に分類されない小売業","0人","総数"
"102-2024","609","02","0","00000","2024000000","事業所","29261","事業所数","他に分類されない小売業","1～4人","総数"
"102-2024","609","03","0","00000","2024000000","事業所","8625","事業所数","他に分類されない小売業","5～9人","総数"
"102-2024","609","04","0","00000","2024000000","事業所","4250","事業所数","他に分類されない小売業","10～19人","総数"
"102-2024","609","05","0","00000","2024000000","事業所","1306","事業所数","他に分類されない小売業","20～29人","総数"
"102-2024","609","06","0","00000","2024000000","事業所","543","事業所数","他に分類されない小売業","30～49人","総数"
"102-2024","609","07","0","00000","2024000000","事業所","231","事業所数","他に分類されない小売業","50～99人","総数"
"102-2024","609","08","0","00000","2024000000","事業所","95","事業所数","他に分類されない小売業","100～199人","総数"
"102-2024","609","09","0","00000","2024000000","事業所","39","事業所数","他に分類されない小売業","200～299人","総数"
"102-2024","609","10","0","00000","2024000000","事業所","9","事業所数","他に分類されない小売業","300人以上","総数"
"102-2024","60D","00","0","00000","2024000000","事業所","10204","事業所数","花・植木小売業","総数","総数"
"102-2024","60D","01","0","00000","2024000000","事業所","582","事業所数","花・植木小売業","0人","総数"
"102-2024","60D","02","0","00000","2024000000","事業所","7521","事業所数","花・植木小売業","1～4人","総数"
"102-2024","60D","03","0","00000","2024000000","事業所","1568","事業所数","花・植木小売業","5～9人","総数"
"102-2024","60D","04","0","00000","2024000000","事業所","405","事業所数","花・植木小売業","10～19人","総数"
"102-2024","60D","05","0","00000","2024000000","事業所","80","事業所数","花・植木小売業","20～29人","総数"
"102-2024","60D","06","0","00000","2024000000","事業所","33","事業所数","花・植木小売業","30～49人","総数"
"102-2024","60D","07","0","00000","2024000000","事業所","12","事業所数","花・植木小売業","50～99人","総数"
"102-2024","60D","08","0","00000","2024000000","事業所","2","事業所数","花・植木小売業","100～199人","総数"
"102-2024","60D","09","0","00000","2024000000","事業所","1","事業所数","花・植木小売業","200～299人","総数"
"102-2024","60D","10","0","00000","2024000000","事業所","***","事業所数","花・植木小売業","300人以上","総数"
"102-2024","60E","00","0","00000","2024000000","事業所","3611","事業所数","ペット・ペット用品小売業","総数","総数"
"102-2024","60E","01","0","00000","2024000000","事業所","214","事業所数","ペット・ペット用品小売業","0人","総数"
"102-2024","60E","02","0","00000","2024000000","事業所","1493","事業所数","ペット・ペット用品小売業","1～4人","総数"
"102-2024","60E","03","0","00000","2024000000","事業所","1039","事業所数","ペット・ペット用品小売業","5～9人","総数"
"102-2024","60E","04","0","00000","2024000000","事業所","654","事業所数","ペット・ペット用品小売業","10～19人","総数"
"102-2024","60E","05","0","00000","2024000000","事業所","144","事業所数","ペット・ペット用品小売業","20～29人","総数"
"102-2024","60E","06","0","00000","2024000000","事業所","59","事業所数","ペット・ペット用品小売業","30～49人","総数"
"102-2024","60E","07","0","00000","2024000000","事業所","5","事業所数","ペット・ペット用品小売業","50～99人","総数"
"102-2024","60E","08","0","00000","2024000000","事業所","2","事業所数","ペット・ペット用品小売業","100～199人","総数"
"102-2024","60E","09","0","00000","2024000000","事業所","***","事業所数","ペット・ペット用品小売業","200～299人","総数"
"102-2024","60E","10","0","00000","2024000000","事業所","1","事業所数","ペット・ペット用品小売業","300人以上","総数"
"102-2024","60F","00","0","00000","2024000000","事業所","7600","事業所数","中古品小売業（他に分類されないもの）","総数","総数"
"102-2024","60F","01","0","00000","2024000000","事業所","472","事業所数","中古品小売業（他に分類されないもの）","0人","総数"
"102-2024","60F","02","0","00000","2024000000","事業所","3017","事業所数","中古品小売業（他に分類されないもの）","1～4人","総数"
"102-2024","60F","03","0","00000","2024000000","事業所","1554","事業所数","中古品小売業（他に分類されないもの）","5～9人","総数"
"102-2024","60F","04","0","00000","2024000000","事業所","1662","事業所数","中古品小売業（他に分類されないもの）","10～19人","総数"
"102-2024","60F","05","0","00000","2024000000","事業所","614","事業所数","中古品小売業（他に分類されないもの）","20～29人","総数"
"102-2024","60F","06","0","00000","2024000000","事業所","206","事業所数","中古品小売業（他に分類されないもの）","30～49人","総数"
"102-2024","60F","07","0","00000","2024000000","事業所","65","事業所数","中古品小売業（他に分類されないもの）","50～99人","総数"
"102-2024","60F","08","0","00000","2024000000","事業所","9","事業所数","中古品小売業（他に分類されないもの）","100～199人","総数"
"102-2024","60F","09","0","00000","2024000000","事業所","1","事業所数","中古品小売業（他に分類されないもの）","200～299人","総数"
"102-2024","60F","10","0","00000","2024000000","事業所","***","事業所数","中古品小売業（他に分類されないもの）","300人以上","総数"
"102-2024","60G","00","0","00000","2024000000","事業所","26578","事業所数","他に分類されないその他の小売業","総数","総数"
"102-2024","60G","01","0","00000","2024000000","事業所","2366","事業所数","他に分類されないその他の小売業","0人","総数"
"102-2024","60G","02","0","00000","2024000000","事業所","17230","事業所数","他に分類されないその他の小売業","1～4人","総数"
"102-2024","60G","03","0","00000","2024000000","事業所","4464","事業所数","他に分類されないその他の小売業","5～9人","総数"
"102-2024","60G","04","0","00000","2024000000","事業所","1529","事業所数","他に分類されないその他の小売業","10～19人","総数"
"102-2024","60G","05","0","00000","2024000000","事業所","468","事業所数","他に分類されないその他の小売業","20～29人","総数"
"102-2024","60G","06","0","00000","2024000000","事業所","245","事業所数","他に分類されないその他の小売業","30～49人","総数"
"102-2024","60G","07","0","00000","2024000000","事業所","149","事業所数","他に分類されないその他の小売業","50～99人","総数"
"102-2024","60G","08","0","00000","2024000000","事業所","82","事業所数","他に分類されないその他の小売業","100～199人","総数"
"102-2024","60G","09","0","00000","2024000000","事業所","37","事業所数","他に分類されないその他の小売業","200～299人","総数"
"102-2024","60G","10","0","00000","2024000000","事業所","8","事業所数","他に分類されないその他の小売業","300人以上","総数"
"102-2024","61","00","0","00000","2024000000","事業所","30314","事業所数","無店舗小売業","総数","総数"
"102-2024","61","01","0","00000","2024000000","事業所","5319","事業所数","無店舗小売業","0人","総数"
"102-2024","61","02","0","00000","2024000000","事業所","14709","事業所数","無店舗小売業","1～4人","総数"
"102-2024","61","03","0","00000","2024000000","事業所","4643","事業所数","無店舗小売業","5～9人","総数"
"102-2024","61","04","0","00000","2024000000","事業所","2804","事業所数","無店舗小売業","10～19人","総数"
"102-2024","61","05","0","00000","2024000000","事業所","1006","事業所数","無店舗小売業","20～29人","総数"
"102-2024","61","06","0","00000","2024000000","事業所","882","事業所数","無店舗小売業","30～49人","総数"
"102-2024","61","07","0","00000","2024000000","事業所","661","事業所数","無店舗小売業","50～99人","総数"
"102-2024","61","08","0","00000","2024000000","事業所","200","事業所数","無店舗小売業","100～199人","総数"
"102-2024","61","09","0","00000","2024000000","事業所","36","事業所数","無店舗小売業","200～299人","総数"
"102-2024","61","10","0","00000","2024000000","事業所","54","事業所数","無店舗小売業","300人以上","総数"
"102-2024","610","00","0","00000","2024000000","事業所","252","事業所数","管理、補助的経済活動を行う事業所（61_無店舗小売業）","総数","総数"
"102-2024","610","01","0","00000","2024000000","事業所","32","事業所数","管理、補助的経済活動を行う事業所（61_無店舗小売業）","0人","総数"
"102-2024","610","02","0","00000","2024000000","事業所","83","事業所数","管理、補助的経済活動を行う事業所（61_無店舗小売業）","1～4人","総数"
"102-2024","610","03","0","00000","2024000000","事業所","39","事業所数","管理、補助的経済活動を行う事業所（61_無店舗小売業）","5～9人","総数"
"102-2024","610","04","0","00000","2024000000","事業所","31","事業所数","管理、補助的経済活動を行う事業所（61_無店舗小売業）","10～19人","総数"
"102-2024","610","05","0","00000","2024000000","事業所","10","事業所数","管理、補助的経済活動を行う事業所（61_無店舗小売業）","20～29人","総数"
"102-2024","610","06","0","00000","2024000000","事業所","21","事業所数","管理、補助的経済活動を行う事業所（61_無店舗小売業）","30～49人","総数"
"102-2024","610","07","0","00000","2024000000","事業所","20","事業所数","管理、補助的経済活動を行う事業所（61_無店舗小売業）","50～99人","総数"
"102-2024","610","08","0","00000","2024000000","事業所","11","事業所数","管理、補助的経済活動を行う事業所（61_無店舗小売業）","100～199人","総数"
"102-2024","610","09","0","00000","2024000000","事業所","3","事業所数","管理、補助的経済活動を行う事業所（61_無店舗小売業）","200～299人","総数"
"102-2024","610","10","0","00000","2024000000","事業所","2","事業所数","管理、補助的経済活動を行う事業所（61_無店舗小売業）","300人以上","総数"
"102-2024","611","00","0","00000","2024000000","事業所","23337","事業所数","通信販売・訪問販売小売業","総数","総数"
"102-2024","611","01","0","00000","2024000000","事業所","4408","事業所数","通信販売・訪問販売小売業","0人","総数"
"102-2024","611","02","0","00000","2024000000","事業所","11606","事業所数","通信販売・訪問販売小売業","1～4人","総数"
"102-2024","611","03","0","00000","2024000000","事業所","3378","事業所数","通信販売・訪問販売小売業","5～9人","総数"
"102-2024","611","04","0","00000","2024000000","事業所","1989","事業所数","通信販売・訪問販売小売業","10～19人","総数"
"102-2024","611","05","0","00000","2024000000","事業所","628","事業所数","通信販売・訪問販売小売業","20～29人","総数"
"102-2024","611","06","0","00000","2024000000","事業所","576","事業所数","通信販売・訪問販売小売業","30～49人","総数"
"102-2024","611","07","0","00000","2024000000","事業所","518","事業所数","通信販売・訪問販売小売業","50～99人","総数"
"102-2024","611","08","0","00000","2024000000","事業所","159","事業所数","通信販売・訪問販売小売業","100～199人","総数"
"102-2024","611","09","0","00000","2024000000","事業所","30","事業所数","通信販売・訪問販売小売業","200～299人","総数"
"102-2024","611","10","0","00000","2024000000","事業所","45","事業所数","通信販売・訪問販売小売業","300人以上","総数"
"102-2024","612","00","0","00000","2024000000","事業所","1957","事業所数","自動販売機による小売業","総数","総数"
"102-2024","612","01","0","00000","2024000000","事業所","146","事業所数","自動販売機による小売業","0人","総数"
"102-2024","612","02","0","00000","2024000000","事業所","527","事業所数","自動販売機による小売業","1～4人","総数"
"102-2024","612","03","0","00000","2024000000","事業所","479","事業所数","自動販売機による小売業","5～9人","総数"
"102-2024","612","04","0","00000","2024000000","事業所","354","事業所数","自動販売機による小売業","10～19人","総数"
"102-2024","612","05","0","00000","2024000000","事業所","213","事業所数","自動販売機による小売業","20～29人","総数"
"102-2024","612","06","0","00000","2024000000","事業所","181","事業所数","自動販売機による小売業","30～49人","総数"
"102-2024","612","07","0","00000","2024000000","事業所","51","事業所数","自動販売機による小売業","50～99人","総数"
"102-2024","612","08","0","00000","2024000000","事業所","5","事業所数","自動販売機による小売業","100～199人","総数"
"102-2024","612","09","0","00000","2024000000","事業所","1","事業所数","自動販売機による小売業","200～299人","総数"
"102-2024","612","10","0","00000","2024000000","事業所","***","事業所数","自動販売機による小売業","300人以上","総数"
"102-2024","619","00","0","00000","2024000000","事業所","4767","事業所数","その他の無店舗小売業","総数","総数"
"102-2024","619","01","0","00000","2024000000","事業所","732","事業所数","その他の無店舗小売業","0人","総数"
"102-2024","619","02","0","00000","2024000000","事業所","2493","事業所数","その他の無店舗小売業","1～4人","総数"
"102-2024","619","03","0","00000","2024000000","事業所","747","事業所数","その他の無店舗小売業","5～9人","総数"
"102-2024","619","04","0","00000","2024000000","事業所","430","事業所数","その他の無店舗小売業","10～19人","総数"
"102-2024","619","05","0","00000","2024000000","事業所","155","事業所数","その他の無店舗小売業","20～29人","総数"
"102-2024","619","06","0","00000","2024000000","事業所","104","事業所数","その他の無店舗小売業","30～49人","総数"
"102-2024","619","07","0","00000","2024000000","事業所","72","事業所数","その他の無店舗小売業","50～99人","総数"
"102-2024","619","08","0","00000","2024000000","事業所","25","事業所数","その他の無店舗小売業","100～199人","総数"
"102-2024","619","09","0","00000","2024000000","事業所","2","事業所数","その他の無店舗小売業","200～299人","総数"
"102-2024","619","10","0","00000","2024000000","事業所","7","事業所数","その他の無店舗小売業","300人以上","総数"
"102-2024","J","00","0","00000","2024000000","事業所","80154","事業所数","金融業、保険業","総数","総数"
"102-2024","J","01","0","00000","2024000000","事業所","7107","事業所数","金融業、保険業","0人","総数"
"102-2024","J","02","0","00000","2024000000","事業所","24964","事業所数","金融業、保険業","1～4人","総数"
"102-2024","J","03","0","00000","2024000000","事業所","15300","事業所数","金融業、保険業","5～9人","総数"
"102-2024","J","04","0","00000","2024000000","事業所","16576","事業所数","金融業、保険業","10～19人","総数"
"102-2024","J","05","0","00000","2024000000","事業所","6841","事業所数","金融業、保険業","20～29人","総数"
"102-2024","J","06","0","00000","2024000000","事業所","5310","事業所数","金融業、保険業","30～49人","総数"
"102-2024","J","07","0","00000","2024000000","事業所","2712","事業所数","金融業、保険業","50～99人","総数"
"102-2024","J","08","0","00000","2024000000","事業所","770","事業所数","金融業、保険業","100～199人","総数"
"102-2024","J","09","0","00000","2024000000","事業所","219","事業所数","金融業、保険業","200～299人","総数"
"102-2024","J","10","0","00000","2024000000","事業所","355","事業所数","金融業、保険業","300人以上","総数"
"102-2024","62","00","0","00000","2024000000","事業所","13012","事業所数","銀行業","総数","総数"
"102-2024","62","01","0","00000","2024000000","事業所","363","事業所数","銀行業","0人","総数"
"102-2024","62","02","0","00000","2024000000","事業所","1332","事業所数","銀行業","1～4人","総数"
"102-2024","62","03","0","00000","2024000000","事業所","2670","事業所数","銀行業","5～9人","総数"
"102-2024","62","04","0","00000","2024000000","事業所","4582","事業所数","銀行業","10～19人","総数"
"102-2024","62","05","0","00000","2024000000","事業所","1881","事業所数","銀行業","20～29人","総数"
"102-2024","62","06","0","00000","2024000000","事業所","1326","事業所数","銀行業","30～49人","総数"
"102-2024","62","07","0","00000","2024000000","事業所","530","事業所数","銀行業","50～99人","総数"
"102-2024","62","08","0","00000","2024000000","事業所","161","事業所数","銀行業","100～199人","総数"
"102-2024","62","09","0","00000","2024000000","事業所","50","事業所数","銀行業","200～299人","総数"
"102-2024","62","10","0","00000","2024000000","事業所","117","事業所数","銀行業","300人以上","総数"
"102-2024","620","00","0","00000","2024000000","事業所","92","事業所数","管理、補助的経済活動を行う事業所（62_銀行業）","総数","総数"
"102-2024","620","01","0","00000","2024000000","事業所","2","事業所数","管理、補助的経済活動を行う事業所（62_銀行業）","0人","総数"
"102-2024","620","02","0","00000","2024000000","事業所","12","事業所数","管理、補助的経済活動を行う事業所（62_銀行業）","1～4人","総数"
"102-2024","620","03","0","00000","2024000000","事業所","7","事業所数","管理、補助的経済活動を行う事業所（62_銀行業）","5～9人","総数"
"102-2024","620","04","0","00000","2024000000","事業所","25","事業所数","管理、補助的経済活動を行う事業所（62_銀行業）","10～19人","総数"
"102-2024","620","05","0","00000","2024000000","事業所","14","事業所数","管理、補助的経済活動を行う事業所（62_銀行業）","20～29人","総数"
"102-2024","620","06","0","00000","2024000000","事業所","10","事業所数","管理、補助的経済活動を行う事業所（62_銀行業）","30～49人","総数"
"102-2024","620","07","0","00000","2024000000","事業所","14","事業所数","管理、補助的経済活動を行う事業所（62_銀行業）","50～99人","総数"
"102-2024","620","08","0","00000","2024000000","事業所","2","事業所数","管理、補助的経済活動を行う事業所（62_銀行業）","100～199人","総数"
"102-2024","620","09","0","00000","2024000000","事業所","1","事業所数","管理、補助的経済活動を行う事業所（62_銀行業）","200～299人","総数"
"102-2024","620","10","0","00000","2024000000","事業所","5","事業所数","管理、補助的経済活動を行う事業所（62_銀行業）","300人以上","総数"
"102-2024","621","00","0","00000","2024000000","事業所","46","事業所数","中央銀行","総数","総数"
"102-2024","621","01","0","00000","2024000000","事業所","***","事業所数","中央銀行","0人","総数"
"102-2024","621","02","0","00000","2024000000","事業所","9","事業所数","中央銀行","1～4人","総数"
"102-2024","621","03","0","00000","2024000000","事業所","3","事業所数","中央銀行","5～9人","総数"
"102-2024","621","04","0","00000","2024000000","事業所","***","事業所数","中央銀行","10～19人","総数"
"102-2024","621","05","0","00000","2024000000","事業所","***","事業所数","中央銀行","20～29人","総数"
"102-2024","621","06","0","00000","2024000000","事業所","18","事業所数","中央銀行","30～49人","総数"
"102-2024","621","07","0","00000","2024000000","事業所","12","事業所数","中央銀行","50～99人","総数"
"102-2024","621","08","0","00000","2024000000","事業所","2","事業所数","中央銀行","100～199人","総数"
"102-2024","621","09","0","00000","2024000000","事業所","***","事業所数","中央銀行","200～299人","総数"
"102-2024","621","10","0","00000","2024000000","事業所","2","事業所数","中央銀行","300人以上","総数"
"102-2024","622","00","0","00000","2024000000","事業所","12874","事業所数","銀行（中央銀行を除く）","総数","総数"
"102-2024","622","01","0","00000","2024000000","事業所","361","事業所数","銀行（中央銀行を除く）","0人","総数"
"102-2024","622","02","0","00000","2024000000","事業所","1311","事業所数","銀行（中央銀行を除く）","1～4人","総数"
"102-2024","622","03","0","00000","2024000000","事業所","2660","事業所数","銀行（中央銀行を除く）","5～9人","総数"
"102-2024","622","04","0","00000","2024000000","事業所","4557","事業所数","銀行（中央銀行を除く）","10～19人","総数"
"102-2024","622","05","0","00000","2024000000","事業所","1867","事業所数","銀行（中央銀行を除く）","20～29人","総数"
"102-2024","622","06","0","00000","2024000000","事業所","1298","事業所数","銀行（中央銀行を除く）","30～49人","総数"
"102-2024","622","07","0","00000","2024000000","事業所","504","事業所数","銀行（中央銀行を除く）","50～99人","総数"
"102-2024","622","08","0","00000","2024000000","事業所","157","事業所数","銀行（中央銀行を除く）","100～199人","総数"
"102-2024","622","09","0","00000","2024000000","事業所","49","事業所数","銀行（中央銀行を除く）","200～299人","総数"
"102-2024","622","10","0","00000","2024000000","事業所","110","事業所数","銀行（中央銀行を除く）","300人以上","総数"
"102-2024","63","00","0","00000","2024000000","事業所","10736","事業所数","協同組織金融業","総数","総数"
"102-2024","63","01","0","00000","2024000000","事業所","57","事業所数","協同組織金融業","0人","総数"
"102-2024","63","02","0","00000","2024000000","事業所","1657","事業所数","協同組織金融業","1～4人","総数"
"102-2024","63","03","0","00000","2024000000","事業所","3240","事業所数","協同組織金融業","5～9人","総数"
"102-2024","63","04","0","00000","2024000000","事業所","4420","事業所数","協同組織金融業","10～19人","総数"
"102-2024","63","05","0","00000","2024000000","事業所","786","事業所数","協同組織金融業","20～29人","総数"
"102-2024","63","06","0","00000","2024000000","事業所","250","事業所数","協同組織金融業","30～49人","総数"
"102-2024","63","07","0","00000","2024000000","事業所","177","事業所数","協同組織金融業","50～99人","総数"
"102-2024","63","08","0","00000","2024000000","事業所","91","事業所数","協同組織金融業","100～199人","総数"
"102-2024","63","09","0","00000","2024000000","事業所","33","事業所数","協同組織金融業","200～299人","総数"
"102-2024","63","10","0","00000","2024000000","事業所","25","事業所数","協同組織金融業","300人以上","総数"
"102-2024","630","00","0","00000","2024000000","事業所","70","事業所数","管理、補助的経済活動を行う事業所（63_協同組織金融業）","総数","総数"
"102-2024","630","01","0","00000","2024000000","事業所","***","事業所数","管理、補助的経済活動を行う事業所（63_協同組織金融業）","0人","総数"
"102-2024","630","02","0","00000","2024000000","事業所","8","事業所数","管理、補助的経済活動を行う事業所（63_協同組織金融業）","1～4人","総数"
"102-2024","630","03","0","00000","2024000000","事業所","17","事業所数","管理、補助的経済活動を行う事業所（63_協同組織金融業）","5～9人","総数"
"102-2024","630","04","0","00000","2024000000","事業所","8","事業所数","管理、補助的経済活動を行う事業所（63_協同組織金融業）","10～19人","総数"
"102-2024","630","05","0","00000","2024000000","事業所","5","事業所数","管理、補助的経済活動を行う事業所（63_協同組織金融業）","20～29人","総数"
"102-2024","630","06","0","00000","2024000000","事業所","11","事業所数","管理、補助的経済活動を行う事業所（63_協同組織金融業）","30～49人","総数"
"102-2024","630","07","0","00000","2024000000","事業所","7","事業所数","管理、補助的経済活動を行う事業所（63_協同組織金融業）","50～99人","総数"
"102-2024","630","08","0","00000","2024000000","事業所","8","事業所数","管理、補助的経済活動を行う事業所（63_協同組織金融業）","100～199人","総数"
"102-2024","630","09","0","00000","2024000000","事業所","4","事業所数","管理、補助的経済活動を行う事業所（63_協同組織金融業）","200～299人","総数"
"102-2024","630","10","0","00000","2024000000","事業所","2","事業所数","管理、補助的経済活動を行う事業所（63_協同組織金融業）","300人以上","総数"
"102-2024","631","00","0","00000","2024000000","事業所","9771","事業所数","中小企業等金融業","総数","総数"
"102-2024","631","01","0","00000","2024000000","事業所","47","事業所数","中小企業等金融業","0人","総数"
"102-2024","631","02","0","00000","2024000000","事業所","1302","事業所数","中小企業等金融業","1～4人","総数"
"102-2024","631","03","0","00000","2024000000","事業所","2968","事業所数","中小企業等金融業","5～9人","総数"
"102-2024","631","04","0","00000","2024000000","事業所","4251","事業所数","中小企業等金融業","10～19人","総数"
"102-2024","631","05","0","00000","2024000000","事業所","744","事業所数","中小企業等金融業","20～29人","総数"
"102-2024","631","06","0","00000","2024000000","事業所","220","事業所数","中小企業等金融業","30～49人","総数"
"102-2024","631","07","0","00000","2024000000","事業所","131","事業所数","中小企業等金融業","50～99人","総数"
"102-2024","631","08","0","00000","2024000000","事業所","64","事業所数","中小企業等金融業","100～199人","総数"
"102-2024","631","09","0","00000","2024000000","事業所","23","事業所数","中小企業等金融業","200～299人","総数"
"102-2024","631","10","0","00000","2024000000","事業所","21","事業所数","中小企業等金融業","300人以上","総数"
"102-2024","632","00","0","00000","2024000000","事業所","895","事業所数","農林水産金融業","総数","総数"
"102-2024","632","01","0","00000","2024000000","事業所","10","事業所数","農林水産金融業","0人","総数"
"102-2024","632","02","0","00000","2024000000","事業所","347","事業所数","農林水産金融業","1～4人","総数"
"102-2024","632","03","0","00000","2024000000","事業所","255","事業所数","農林水産金融業","5～9人","総数"
"102-2024","632","04","0","00000","2024000000","事業所","161","事業所数","農林水産金融業","10～19人","総数"
"102-2024","632","05","0","00000","2024000000","事業所","37","事業所数","農林水産金融業","20～29人","総数"
"102-2024","632","06","0","00000","2024000000","事業所","19","事業所数","農林水産金融業","30～49人","総数"
"102-2024","632","07","0","00000","2024000000","事業所","39","事業所数","農林水産金融業","50～99人","総数"
"102-2024","632","08","0","00000","2024000000","事業所","19","事業所数","農林水産金融業","100～199人","総数"
"102-2024","632","09","0","00000","2024000000","事業所","6","事業所数","農林水産金融業","200～299人","総数"
"102-2024","632","10","0","00000","2024000000","事業所","2","事業所数","農林水産金融業","300人以上","総数"
"102-2024","64","00","0","00000","2024000000","事業所","4254","事業所数","貸金業、クレジットカード業等非預金信用機関","総数","総数"
"102-2024","64","01","0","00000","2024000000","事業所","637","事業所数","貸金業、クレジットカード業等非預金信用機関","0人","総数"
"102-2024","64","02","0","00000","2024000000","事業所","1899","事業所数","貸金業、クレジットカード業等非預金信用機関","1～4人","総数"
"102-2024","64","03","0","00000","2024000000","事業所","585","事業所数","貸金業、クレジットカード業等非預金信用機関","5～9人","総数"
"102-2024","64","04","0","00000","2024000000","事業所","463","事業所数","貸金業、クレジットカード業等非預金信用機関","10～19人","総数"
"102-2024","64","05","0","00000","2024000000","事業所","177","事業所数","貸金業、クレジットカード業等非預金信用機関","20～29人","総数"
"102-2024","64","06","0","00000","2024000000","事業所","179","事業所数","貸金業、クレジットカード業等非預金信用機関","30～49人","総数"
"102-2024","64","07","0","00000","2024000000","事業所","141","事業所数","貸金業、クレジットカード業等非預金信用機関","50～99人","総数"
"102-2024","64","08","0","00000","2024000000","事業所","92","事業所数","貸金業、クレジットカード業等非預金信用機関","100～199人","総数"
"102-2024","64","09","0","00000","2024000000","事業所","22","事業所数","貸金業、クレジットカード業等非預金信用機関","200～299人","総数"
"102-2024","64","10","0","00000","2024000000","事業所","59","事業所数","貸金業、クレジットカード業等非預金信用機関","300人以上","総数"
"102-2024","640","00","0","00000","2024000000","事業所","32","事業所数","管理、補助的経済活動を行う事業所（64_貸金業、クレジットカード業等非預金信用機関）","総数","総数"
"102-2024","640","01","0","00000","2024000000","事業所","3","事業所数","管理、補助的経済活動を行う事業所（64_貸金業、クレジットカード業等非預金信用機関）","0人","総数"
"102-2024","640","02","0","00000","2024000000","事業所","7","事業所数","管理、補助的経済活動を行う事業所（64_貸金業、クレジットカード業等非預金信用機関）","1～4人","総数"
"102-2024","640","03","0","00000","2024000000","事業所","3","事業所数","管理、補助的経済活動を行う事業所（64_貸金業、クレジットカード業等非預金信用機関）","5～9人","総数"
"102-2024","640","04","0","00000","2024000000","事業所","2","事業所数","管理、補助的経済活動を行う事業所（64_貸金業、クレジットカード業等非預金信用機関）","10～19人","総数"
"102-2024","640","05","0","00000","2024000000","事業所","3","事業所数","管理、補助的経済活動を行う事業所（64_貸金業、クレジットカード業等非預金信用機関）","20～29人","総数"
"102-2024","640","06","0","00000","2024000000","事業所","1","事業所数","管理、補助的経済活動を行う事業所（64_貸金業、クレジットカード業等非預金信用機関）","30～49人","総数"
"102-2024","640","07","0","00000","2024000000","事業所","2","事業所数","管理、補助的経済活動を行う事業所（64_貸金業、クレジットカード業等非預金信用機関）","50～99人","総数"
"102-2024","640","08","0","00000","2024000000","事業所","7","事業所数","管理、補助的経済活動を行う事業所（64_貸金業、クレジットカード業等非預金信用機関）","100～199人","総数"
"102-2024","640","09","0","00000","2024000000","事業所","1","事業所数","管理、補助的経済活動を行う事業所（64_貸金業、クレジットカード業等非預金信用機関）","200～299人","総数"
"102-2024","640","10","0","00000","2024000000","事業所","3","事業所数","管理、補助的経済活動を行う事業所（64_貸金業、クレジットカード業等非預金信用機関）","300人以上","総数"
"102-2024","641","00","0","00000","2024000000","事業所","857","事業所数","貸金業","総数","総数"
"102-2024","641","01","0","00000","2024000000","事業所","131","事業所数","貸金業","0人","総数"
"102-2024","641","02","0","00000","2024000000","事業所","438","事業所数","貸金業","1～4人","総数"
"102-2024","641","03","0","00000","2024000000","事業所","161","事業所数","貸金業","5～9人","総数"
"102-2024","641","04","0","00000","2024000000","事業所","53","事業所数","貸金業","10～19人","総数"
"102-2024","641","05","0","00000","2024000000","事業所","18","事業所数","貸金業","20～29人","総数"
"102-2024","641","06","0","00000","2024000000","事業所","20","事業所数","貸金業","30～49人","総数"
"102-2024","641","07","0","00000","2024000000","事業所","13","事業所数","貸金業","50～99人","総数"
"102-2024","641","08","0","00000","2024000000","事業所","8","事業所数","貸金業","100～199人","総数"
"102-2024","641","09","0","00000","2024000000","事業所","2","事業所数","貸金業","200～299人","総数"
"102-2024","641","10","0","00000","2024000000","事業所","13","事業所数","貸金業","300人以上","総数"
"102-2024","642","00","0","00000","2024000000","事業所","939","事業所数","質屋","総数","総数"
"102-2024","642","01","0","00000","2024000000","事業所","140","事業所数","質屋","0人","総数"
"102-2024","642","02","0","00000","2024000000","事業所","719","事業所数","質屋","1～4人","総数"
"102-2024","642","03","0","00000","2024000000","事業所","70","事業所数","質屋","5～9人","総数"
"102-2024","642","04","0","00000","2024000000","事業所","9","事業所数","質屋","10～19人","総数"
"102-2024","642","05","0","00000","2024000000","事業所","***","事業所数","質屋","20～29人","総数"
"102-2024","642","06","0","00000","2024000000","事業所","1","事業所数","質屋","30～49人","総数"
"102-2024","642","07","0","00000","2024000000","事業所","***","事業所数","質屋","50～99人","総数"
"102-2024","642","08","0","00000","2024000000","事業所","***","事業所数","質屋","100～199人","総数"
"102-2024","642","09","0","00000","2024000000","事業所","***","事業所数","質屋","200～299人","総数"
"102-2024","642","10","0","00000","2024000000","事業所","***","事業所数","質屋","300人以上","総数"
"102-2024","643","00","0","00000","2024000000","事業所","1266","事業所数","クレジットカード業、割賦金融業","総数","総数"
"102-2024","643","01","0","00000","2024000000","事業所","59","事業所数","クレジットカード業、割賦金融業","0人","総数"
"102-2024","643","02","0","00000","2024000000","事業所","307","事業所数","クレジットカード業、割賦金融業","1～4人","総数"
"102-2024","643","03","0","00000","2024000000","事業所","248","事業所数","クレジットカード業、割賦金融業","5～9人","総数"
"102-2024","643","04","0","00000","2024000000","事業所","266","事業所数","クレジットカード業、割賦金融業","10～19人","総数"
"102-2024","643","05","0","00000","2024000000","事業所","96","事業所数","クレジットカード業、割賦金融業","20～29人","総数"
"102-2024","643","06","0","00000","2024000000","事業所","87","事業所数","クレジットカード業、割賦金融業","30～49人","総数"
"102-2024","643","07","0","00000","2024000000","事業所","88","事業所数","クレジットカード業、割賦金融業","50～99人","総数"
"102-2024","643","08","0","00000","2024000000","事業所","64","事業所数","クレジットカード業、割賦金融業","100～199人","総数"
"102-2024","643","09","0","00000","2024000000","事業所","17","事業所数","クレジットカード業、割賦金融業","200～299人","総数"
"102-2024","643","10","0","00000","2024000000","事業所","34","事業所数","クレジットカード業、割賦金融業","300人以上","総数"
"102-2024","649","00","0","00000","2024000000","事業所","1159","事業所数","その他の非預金信用機関","総数","総数"
"102-2024","649","01","0","00000","2024000000","事業所","303","事業所数","その他の非預金信用機関","0人","総数"
"102-2024","649","02","0","00000","2024000000","事業所","428","事業所数","その他の非預金信用機関","1～4人","総数"
"102-2024","649","03","0","00000","2024000000","事業所","103","事業所数","その他の非預金信用機関","5～9人","総数"
"102-2024","649","04","0","00000","2024000000","事業所","133","事業所数","その他の非預金信用機関","10～19人","総数"
"102-2024","649","05","0","00000","2024000000","事業所","60","事業所数","その他の非預金信用機関","20～29人","総数"
"102-2024","649","06","0","00000","2024000000","事業所","70","事業所数","その他の非預金信用機関","30～49人","総数"
"102-2024","649","07","0","00000","2024000000","事業所","38","事業所数","その他の非預金信用機関","50～99人","総数"
"102-2024","649","08","0","00000","2024000000","事業所","13","事業所数","その他の非預金信用機関","100～199人","総数"
"102-2024","649","09","0","00000","2024000000","事業所","2","事業所数","その他の非預金信用機関","200～299人","総数"
"102-2024","649","10","0","00000","2024000000","事業所","9","事業所数","その他の非預金信用機関","300人以上","総数"
"102-2024","65","00","0","00000","2024000000","事業所","7925","事業所数","金融商品取引業、商品先物取引業","総数","総数"
"102-2024","65","01","0","00000","2024000000","事業所","2949","事業所数","金融商品取引業、商品先物取引業","0人","総数"
"102-2024","65","02","0","00000","2024000000","事業所","2611","事業所数","金融商品取引業、商品先物取引業","1～4人","総数"
"102-2024","65","03","0","00000","2024000000","事業所","739","事業所数","金融商品取引業、商品先物取引業","5～9人","総数"
"102-2024","65","04","0","00000","2024000000","事業所","647","事業所数","金融商品取引業、商品先物取引業","10～19人","総数"
"102-2024","65","05","0","00000","2024000000","事業所","335","事業所数","金融商品取引業、商品先物取引業","20～29人","総数"
"102-2024","65","06","0","00000","2024000000","事業所","299","事業所数","金融商品取引業、商品先物取引業","30～49人","総数"
"102-2024","65","07","0","00000","2024000000","事業所","211","事業所数","金融商品取引業、商品先物取引業","50～99人","総数"
"102-2024","65","08","0","00000","2024000000","事業所","73","事業所数","金融商品取引業、商品先物取引業","100～199人","総数"
"102-2024","65","09","0","00000","2024000000","事業所","19","事業所数","金融商品取引業、商品先物取引業","200～299人","総数"
"102-2024","65","10","0","00000","2024000000","事業所","42","事業所数","金融商品取引業、商品先物取引業","300人以上","総数"
"102-2024","650","00","0","00000","2024000000","事業所","7","事業所数","管理、補助的経済活動を行う事業所（65_金融商品取引業、商品先物取引業）","総数","総数"
"102-2024","650","01","0","00000","2024000000","事業所","1","事業所数","管理、補助的経済活動を行う事業所（65_金融商品取引業、商品先物取引業）","0人","総数"
"102-2024","650","02","0","00000","2024000000","事業所","3","事業所数","管理、補助的経済活動を行う事業所（65_金融商品取引業、商品先物取引業）","1～4人","総数"
"102-2024","650","03","0","00000","2024000000","事業所","***","事業所数","管理、補助的経済活動を行う事業所（65_金融商品取引業、商品先物取引業）","5～9人","総数"
"102-2024","650","04","0","00000","2024000000","事業所","***","事業所数","管理、補助的経済活動を行う事業所（65_金融商品取引業、商品先物取引業）","10～19人","総数"
"102-2024","650","05","0","00000","2024000000","事業所","***","事業所数","管理、補助的経済活動を行う事業所（65_金融商品取引業、商品先物取引業）","20～29人","総数"
"102-2024","650","06","0","00000","2024000000","事業所","2","事業所数","管理、補助的経済活動を行う事業所（65_金融商品取引業、商品先物取引業）","30～49人","総数"
"102-2024","650","07","0","00000","2024000000","事業所","***","事業所数","管理、補助的経済活動を行う事業所（65_金融商品取引業、商品先物取引業）","50～99人","総数"
"102-2024","650","08","0","00000","2024000000","事業所","1","事業所数","管理、補助的経済活動を行う事業所（65_金融商品取引業、商品先物取引業）","100～199人","総数"
"102-2024","650","09","0","00000","2024000000","事業所","***","事業所数","管理、補助的経済活動を行う事業所（65_金融商品取引業、商品先物取引業）","200～299人","総数"
"102-2024","650","10","0","00000","2024000000","事業所","***","事業所数","管理、補助的経済活動を行う事業所（65_金融商品取引業、商品先物取引業）","300人以上","総数"
"102-2024","651","00","0","00000","2024000000","事業所","7813","事業所数","金融商品取引業","総数","総数"
"102-2024","651","01","0","00000","2024000000","事業所","2921","事業所数","金融商品取引業","0人","総数"
"102-2024","651","02","0","00000","2024000000","事業所","2563","事業所数","金融商品取引業","1～4人","総数"
"102-2024","651","03","0","00000","2024000000","事業所","734","事業所数","金融商品取引業","5～9人","総数"
"102-2024","651","04","0","00000","2024000000","事業所","638","事業所数","金融商品取引業","10～19人","総数"
"102-2024","651","05","0","00000","2024000000","事業所","330","事業所数","金融商品取引業","20～29人","総数"
"102-2024","651","06","0","00000","2024000000","事業所","290","事業所数","金融商品取引業","30～49人","総数"
"102-2024","651","07","0","00000","2024000000","事業所","205","事業所数","金融商品取引業","50～99人","総数"
"102-2024","651","08","0","00000","2024000000","事業所","71","事業所数","金融商品取引業","100～199人","総数"
"102-2024","651","09","0","00000","2024000000","事業所","19","事業所数","金融商品取引業","200～299人","総数"
"102-2024","651","10","0","00000","2024000000","事業所","42","事業所数","金融商品取引業","300人以上","総数"
"102-2024","652","00","0","00000","2024000000","事業所","105","事業所数","商品先物取引業、商品投資顧問業","総数","総数"
"102-2024","652","01","0","00000","2024000000","事業所","27","事業所数","商品先物取引業、商品投資顧問業","0人","総数"
"102-2024","652","02","0","00000","2024000000","事業所","45","事業所数","商品先物取引業、商品投資顧問業","1～4人","総数"
"102-2024","652","03","0","00000","2024000000","事業所","5","事業所数","商品先物取引業、商品投資顧問業","5～9人","総数"
"102-2024","652","04","0","00000","2024000000","事業所","9","事業所数","商品先物取引業、商品投資顧問業","10～19人","総数"
"102-2024","652","05","0","00000","2024000000","事業所","5","事業所数","商品先物取引業、商品投資顧問業","20～29人","総数"
"102-2024","652","06","0","00000","2024000000","事業所","7","事業所数","商品先物取引業、商品投資顧問業","30～49人","総数"
"102-2024","652","07","0","00000","2024000000","事業所","6","事業所数","商品先物取引業、商品投資顧問業","50～99人","総数"
"102-2024","652","08","0","00000","2024000000","事業所","1","事業所数","商品先物取引業、商品投資顧問業","100～199人","総数"
"102-2024","652","09","0","00000","2024000000","事業所","***","事業所数","商品先物取引業、商品投資顧問業","200～299人","総数"
"102-2024","652","10","0","00000","2024000000","事業所","***","事業所数","商品先物取引業、商品投資顧問業","300人以上","総数"
"102-2024","66","00","0","00000","2024000000","事業所","2267","事業所数","補助的金融業等","総数","総数"
"102-2024","66","01","0","00000","2024000000","事業所","303","事業所数","補助的金融業等","0人","総数"
"102-2024","66","02","0","00000","2024000000","事業所","765","事業所数","補助的金融業等","1～4人","総数"
"102-2024","66","03","0","00000","2024000000","事業所","477","事業所数","補助的金融業等","5～9人","総数"
"102-2024","66","04","0","00000","2024000000","事業所","310","事業所数","補助的金融業等","10～19人","総数"
"102-2024","66","05","0","00000","2024000000","事業所","116","事業所数","補助的金融業等","20～29人","総数"
"102-2024","66","06","0","00000","2024000000","事業所","105","事業所数","補助的金融業等","30～49人","総数"
"102-2024","66","07","0","00000","2024000000","事業所","115","事業所数","補助的金融業等","50～99人","総数"
"102-2024","66","08","0","00000","2024000000","事業所","52","事業所数","補助的金融業等","100～199人","総数"
"102-2024","66","09","0","00000","2024000000","事業所","15","事業所数","補助的金融業等","200～299人","総数"
"102-2024","66","10","0","00000","2024000000","事業所","9","事業所数","補助的金融業等","300人以上","総数"
"102-2024","660","00","0","00000","2024000000","事業所","16","事業所数","管理、補助的経済活動を行う事業所（66_補助的金融業等）","総数","総数"
"102-2024","660","01","0","00000","2024000000","事業所","2","事業所数","管理、補助的経済活動を行う事業所（66_補助的金融業等）","0人","総数"
"102-2024","660","02","0","00000","2024000000","事業所","1","事業所数","管理、補助的経済活動を行う事業所（66_補助的金融業等）","1～4人","総数"
"102-2024","660","03","0","00000","2024000000","事業所","4","事業所数","管理、補助的経済活動を行う事業所（66_補助的金融業等）","5～9人","総数"
"102-2024","660","04","0","00000","2024000000","事業所","2","事業所数","管理、補助的経済活動を行う事業所（66_補助的金融業等）","10～19人","総数"
"102-2024","660","05","0","00000","2024000000","事業所","2","事業所数","管理、補助的経済活動を行う事業所（66_補助的金融業等）","20～29人","総数"
"102-2024","660","06","0","00000","2024000000","事業所","3","事業所数","管理、補助的経済活動を行う事業所（66_補助的金融業等）","30～49人","総数"
"102-2024","660","07","0","00000","2024000000","事業所","1","事業所数","管理、補助的経済活動を行う事業所（66_補助的金融業等）","50～99人","総数"
"102-2024","660","08","0","00000","2024000000","事業所","1","事業所数","管理、補助的経済活動を行う事業所（66_補助的金融業等）","100～199人","総数"
"102-2024","660","09","0","00000","2024000000","事業所","***","事業所数","管理、補助的経済活動を行う事業所（66_補助的金融業等）","200～299人","総数"
"102-2024","660","10","0","00000","2024000000","事業所","***","事業所数","管理、補助的経済活動を行う事業所（66_補助的金融業等）","300人以上","総数"
"102-2024","661","00","0","00000","2024000000","事業所","1554","事業所数","補助的金融業、金融附帯業","総数","総数"
"102-2024","661","01","0","00000","2024000000","事業所","170","事業所数","補助的金融業、金融附帯業","0人","総数"
"102-2024","661","02","0","00000","2024000000","事業所","488","事業所数","補助的金融業、金融附帯業","1～4人","総数"
"102-2024","661","03","0","00000","2024000000","事業所","328","事業所数","補助的金融業、金融附帯業","5～9人","総数"
"102-2024","661","04","0","00000","2024000000","事業所","229","事業所数","補助的金融業、金融附帯業","10～19人","総数"
"102-2024","661","05","0","00000","2024000000","事業所","86","事業所数","補助的金融業、金融附帯業","20～29人","総数"
"102-2024","661","06","0","00000","2024000000","事業所","92","事業所数","補助的金融業、金融附帯業","30～49人","総数"
"102-2024","661","07","0","00000","2024000000","事業所","95","事業所数","補助的金融業、金融附帯業","50～99人","総数"
"102-2024","661","08","0","00000","2024000000","事業所","48","事業所数","補助的金融業、金融附帯業","100～199人","総数"
"102-2024","661","09","0","00000","2024000000","事業所","13","事業所数","補助的金融業、金融附帯業","200～299人","総数"
"102-2024","661","10","0","00000","2024000000","事業所","5","事業所数","補助的金融業、金融附帯業","300人以上","総数"
"102-2024","662","00","0","00000","2024000000","事業所","77","事業所数","信託業","総数","総数"
"102-2024","662","01","0","00000","2024000000","事業所","49","事業所数","信託業","0人","総数"
"102-2024","662","02","0","00000","2024000000","事業所","5","事業所数","信託業","1～4人","総数"
"102-2024","662","03","0","00000","2024000000","事業所","8","事業所数","信託業","5～9人","総数"
"102-2024","662","04","0","00000","2024000000","事業所","8","事業所数","信託業","10～19人","総数"
"102-2024","662","05","0","00000","2024000000","事業所","4","事業所数","信託業","20～29人","総数"
"102-2024","662","06","0","00000","2024000000","事業所","2","事業所数","信託業","30～49人","総数"
"102-2024","662","07","0","00000","2024000000","事業所","1","事業所数","信託業","50～99人","総数"
"102-2024","662","08","0","00000","2024000000","事業所","***","事業所数","信託業","100～199人","総数"
"102-2024","662","09","0","00000","2024000000","事業所","***","事業所数","信託業","200～299人","総数"
"102-2024","662","10","0","00000","2024000000","事業所","***","事業所数","信託業","300人以上","総数"
"102-2024","663","00","0","00000","2024000000","事業所","620","事業所数","金融代理業","総数","総数"
"102-2024","663","01","0","00000","2024000000","事業所","82","事業所数","金融代理業","0人","総数"
"102-2024","663","02","0","00000","2024000000","事業所","271","事業所数","金融代理業","1～4人","総数"
"102-2024","663","03","0","00000","2024000000","事業所","137","事業所数","金融代理業","5～9人","総数"
"102-2024","663","04","0","00000","2024000000","事業所","71","事業所数","金融代理業","10～19人","総数"
"102-2024","663","05","0","00000","2024000000","事業所","24","事業所数","金融代理業","20～29人","総数"
"102-2024","663","06","0","00000","2024000000","事業所","8","事業所数","金融代理業","30～49人","総数"
"102-2024","663","07","0","00000","2024000000","事業所","18","事業所数","金融代理業","50～99人","総数"
"102-2024","663","08","0","00000","2024000000","事業所","3","事業所数","金融代理業","100～199人","総数"
"102-2024","663","09","0","00000","2024000000","事業所","2","事業所数","金融代理業","200～299人","総数"
"102-2024","663","10","0","00000","2024000000","事業所","4","事業所数","金融代理業","300人以上","総数"
"102-2024","67","00","0","00000","2024000000","事業所","41954","事業所数","保険業（保険媒介代理業、保険サービス業を含む）","総数","総数"
"102-2024","67","01","0","00000","2024000000","事業所","2795","事業所数","保険業（保険媒介代理業、保険サービス業を含む）","0人","総数"
"102-2024","67","02","0","00000","2024000000","事業所","16697","事業所数","保険業（保険媒介代理業、保険サービス業を含む）","1～4人","総数"
"102-2024","67","03","0","00000","2024000000","事業所","7589","事業所数","保険業（保険媒介代理業、保険サービス業を含む）","5～9人","総数"
"102-2024","67","04","0","00000","2024000000","事業所","6154","事業所数","保険業（保険媒介代理業、保険サービス業を含む）","10～19人","総数"
"102-2024","67","05","0","00000","2024000000","事業所","3546","事業所数","保険業（保険媒介代理業、保険サービス業を含む）","20～29人","総数"
"102-2024","67","06","0","00000","2024000000","事業所","3151","事業所数","保険業（保険媒介代理業、保険サービス業を含む）","30～49人","総数"
"102-2024","67","07","0","00000","2024000000","事業所","1538","事業所数","保険業（保険媒介代理業、保険サービス業を含む）","50～99人","総数"
"102-2024","67","08","0","00000","2024000000","事業所","301","事業所数","保険業（保険媒介代理業、保険サービス業を含む）","100～199人","総数"
"102-2024","67","09","0","00000","2024000000","事業所","80","事業所数","保険業（保険媒介代理業、保険サービス業を含む）","200～299人","総数"
"102-2024","67","10","0","00000","2024000000","事業所","103","事業所数","保険業（保険媒介代理業、保険サービス業を含む）","300人以上","総数"
"102-2024","670","00","0","00000","2024000000","事業所","127","事業所数","管理、補助的経済活動を行う事業所（67_保険業）","総数","総数"
"102-2024","670","01","0","00000","2024000000","事業所","10","事業所数","管理、補助的経済活動を行う事業所（67_保険業）","0人","総数"
"102-2024","670","02","0","00000","2024000000","事業所","32","事業所数","管理、補助的経済活動を行う事業所（67_保険業）","1～4人","総数"
"102-2024","670","03","0","00000","2024000000","事業所","37","事業所数","管理、補助的経済活動を行う事業所（67_保険業）","5～9人","総数"
"102-2024","670","04","0","00000","2024000000","事業所","25","事業所数","管理、補助的経済活動を行う事業所（67_保険業）","10～19人","総数"
"102-2024","670","05","0","00000","2024000000","事業所","4","事業所数","管理、補助的経済活動を行う事業所（67_保険業）","20～29人","総数"
"102-2024","670","06","0","00000","2024000000","事業所","5","事業所数","管理、補助的経済活動を行う事業所（67_保険業）","30～49人","総数"
"102-2024","670","07","0","00000","2024000000","事業所","10","事業所数","管理、補助的経済活動を行う事業所（67_保険業）","50～99人","総数"
"102-2024","670","08","0","00000","2024000000","事業所","1","事業所数","管理、補助的経済活動を行う事業所（67_保険業）","100～199人","総数"
"102-2024","670","09","0","00000","2024000000","事業所","***","事業所数","管理、補助的経済活動を行う事業所（67_保険業）","200～299人","総数"
"102-2024","670","10","0","00000","2024000000","事業所","3","事業所数","管理、補助的経済活動を行う事業所（67_保険業）","300人以上","総数"
"102-2024","671","00","0","00000","2024000000","事業所","11409","事業所数","生命保険業","総数","総数"
"102-2024","671","01","0","00000","2024000000","事業所","120","事業所数","生命保険業","0人","総数"
"102-2024","671","02","0","00000","2024000000","事業所","766","事業所数","生命保険業","1～4人","総数"
"102-2024","671","03","0","00000","2024000000","事業所","1353","事業所数","生命保険業","5～9人","総数"
"102-2024","671","04","0","00000","2024000000","事業所","3012","事業所数","生命保険業","10～19人","総数"
"102-2024","671","05","0","00000","2024000000","事業所","2564","事業所数","生命保険業","20～29人","総数"
"102-2024","671","06","0","00000","2024000000","事業所","2335","事業所数","生命保険業","30～49人","総数"
"102-2024","671","07","0","00000","2024000000","事業所","1041","事業所数","生命保険業","50～99人","総数"
"102-2024","671","08","0","00000","2024000000","事業所","137","事業所数","生命保険業","100～199人","総数"
"102-2024","671","09","0","00000","2024000000","事業所","29","事業所数","生命保険業","200～299人","総数"
"102-2024","671","10","0","00000","2024000000","事業所","52","事業所数","生命保険業","300人以上","総数"
"102-2024","672","00","0","00000","2024000000","事業所","2302","事業所数","損害保険業","総数","総数"
"102-2024","672","01","0","00000","2024000000","事業所","7","事業所数","損害保険業","0人","総数"
"102-2024","672","02","0","00000","2024000000","事業所","320","事業所数","損害保険業","1～4人","総数"
"102-2024","672","03","0","00000","2024000000","事業所","402","事業所数","損害保険業","5～9人","総数"
"102-2024","672","04","0","00000","2024000000","事業所","655","事業所数","損害保険業","10～19人","総数"
"102-2024","672","05","0","00000","2024000000","事業所","275","事業所数","損害保険業","20～29人","総数"
"102-2024","672","06","0","00000","2024000000","事業所","291","事業所数","損害保険業","30～49人","総数"
"102-2024","672","07","0","00000","2024000000","事業所","202","事業所数","損害保険業","50～99人","総数"
"102-2024","672","08","0","00000","2024000000","事業所","84","事業所数","損害保険業","100～199人","総数"
"102-2024","672","09","0","00000","2024000000","事業所","33","事業所数","損害保険業","200～299人","総数"
"102-2024","672","10","0","00000","2024000000","事業所","33","事業所数","損害保険業","300人以上","総数"
"102-2024","673","00","0","00000","2024000000","事業所","2185","事業所数","共済事業、少額短期保険業","総数","総数"
"102-2024","673","01","0","00000","2024000000","事業所","68","事業所数","共済事業、少額短期保険業","0人","総数"
"102-2024","673","02","0","00000","2024000000","事業所","775","事業所数","共済事業、少額短期保険業","1～4人","総数"
"102-2024","673","03","0","00000","2024000000","事業所","460","事業所数","共済事業、少額短期保険業","5～9人","総数"
"102-2024","673","04","0","00000","2024000000","事業所","382","事業所数","共済事業、少額短期保険業","10～19人","総数"
"102-2024","673","05","0","00000","2024000000","事業所","179","事業所数","共済事業、少額短期保険業","20～29人","総数"
"102-2024","673","06","0","00000","2024000000","事業所","179","事業所数","共済事業、少額短期保険業","30～49人","総数"
"102-2024","673","07","0","00000","2024000000","事業所","103","事業所数","共済事業、少額短期保険業","50～99人","総数"
"102-2024","673","08","0","00000","2024000000","事業所","29","事業所数","共済事業、少額短期保険業","100～199人","総数"
"102-2024","673","09","0","00000","2024000000","事業所","5","事業所数","共済事業、少額短期保険業","200～299人","総数"
"102-2024","673","10","0","00000","2024000000","事業所","5","事業所数","共済事業、少額短期保険業","300人以上","総数"
"102-2024","674","00","0","00000","2024000000","事業所","25009","事業所数","保険媒介代理業","総数","総数"
"102-2024","674","01","0","00000","2024000000","事業所","2521","事業所数","保険媒介代理業","0人","総数"
"102-2024","674","02","0","00000","2024000000","事業所","14352","事業所数","保険媒介代理業","1～4人","総数"
"102-2024","674","03","0","00000","2024000000","事業所","5123","事業所数","保険媒介代理業","5～9人","総数"
"102-2024","674","04","0","00000","2024000000","事業所","1998","事業所数","保険媒介代理業","10～19人","総数"
"102-2024","674","05","0","00000","2024000000","事業所","498","事業所数","保険媒介代理業","20～29人","総数"
"102-2024","674","06","0","00000","2024000000","事業所","302","事業所数","保険媒介代理業","30～49人","総数"
"102-2024","674","07","0","00000","2024000000","事業所","152","事業所数","保険媒介代理業","50～99人","総数"
"102-2024","674","08","0","00000","2024000000","事業所","42","事業所数","保険媒介代理業","100～199人","総数"
"102-2024","674","09","0","00000","2024000000","事業所","13","事業所数","保険媒介代理業","200～299人","総数"
"102-2024","674","10","0","00000","2024000000","事業所","8","事業所数","保険媒介代理業","300人以上","総数"
"102-2024","675","00","0","00000","2024000000","事業所","922","事業所数","保険サービス業","総数","総数"
"102-2024","675","01","0","00000","2024000000","事業所","69","事業所数","保険サービス業","0人","総数"
"102-2024","675","02","0","00000","2024000000","事業所","452","事業所数","保険サービス業","1～4人","総数"
"102-2024","675","03","0","00000","2024000000","事業所","214","事業所数","保険サービス業","5～9人","総数"
"102-2024","675","04","0","00000","2024000000","事業所","82","事業所数","保険サービス業","10～19人","総数"
"102-2024","675","05","0","00000","2024000000","事業所","26","事業所数","保険サービス業","20～29人","総数"
"102-2024","675","06","0","00000","2024000000","事業所","39","事業所数","保険サービス業","30～49人","総数"
"102-2024","675","07","0","00000","2024000000","事業所","30","事業所数","保険サービス業","50～99人","総数"
"102-2024","675","08","0","00000","2024000000","事業所","8","事業所数","保険サービス業","100～199人","総数"
"102-2024","675","09","0","00000","2024000000","事業所","***","事業所数","保険サービス業","200～299人","総数"
"102-2024","675","10","0","00000","2024000000","事業所","2","事業所数","保険サービス業","300人以上","総数"
"102-2024","K","00","0","00000","2024000000","事業所","280462","事業所数","不動産業、物品賃貸業","総数","総数"
"102-2024","K","01","0","00000","2024000000","事業所","69780","事業所数","不動産業、物品賃貸業","0人","総数"
"102-2024","K","02","0","00000","2024000000","事業所","162687","事業所数","不動産業、物品賃貸業","1～4人","総数"
"102-2024","K","03","0","00000","2024000000","事業所","27280","事業所数","不動産業、物品賃貸業","5～9人","総数"
"102-2024","K","04","0","00000","2024000000","事業所","12420","事業所数","不動産業、物品賃貸業","10～19人","総数"
"102-2024","K","05","0","00000","2024000000","事業所","3487","事業所数","不動産業、物品賃貸業","20～29人","総数"
"102-2024","K","06","0","00000","2024000000","事業所","2383","事業所数","不動産業、物品賃貸業","30～49人","総数"
"102-2024","K","07","0","00000","2024000000","事業所","1388","事業所数","不動産業、物品賃貸業","50～99人","総数"
"102-2024","K","08","0","00000","2024000000","事業所","618","事業所数","不動産業、物品賃貸業","100～199人","総数"
"102-2024","K","09","0","00000","2024000000","事業所","194","事業所数","不動産業、物品賃貸業","200～299人","総数"
"102-2024","K","10","0","00000","2024000000","事業所","225","事業所数","不動産業、物品賃貸業","300人以上","総数"
"102-2024","K1","00","0","00000","2024000000","事業所","250462","事業所数","不動産業","総数","総数"
"102-2024","K1","01","0","00000","2024000000","事業所","67059","事業所数","不動産業","0人","総数"
"102-2024","K1","02","0","00000","2024000000","事業所","150772","事業所数","不動産業","1～4人","総数"
"102-2024","K1","03","0","00000","2024000000","事業所","19244","事業所数","不動産業","5～9人","総数"
"102-2024","K1","04","0","00000","2024000000","事業所","7704","事業所数","不動産業","10～19人","総数"
"102-2024","K1","05","0","00000","2024000000","事業所","2181","事業所数","不動産業","20～29人","総数"
"102-2024","K1","06","0","00000","2024000000","事業所","1639","事業所数","不動産業","30～49人","総数"
"102-2024","K1","07","0","00000","2024000000","事業所","1001","事業所数","不動産業","50～99人","総数"
"102-2024","K1","08","0","00000","2024000000","事業所","499","事業所数","不動産業","100～199人","総数"
"102-2024","K1","09","0","00000","2024000000","事業所","169","事業所数","不動産業","200～299人","総数"
"102-2024","K1","10","0","00000","2024000000","事業所","194","事業所数","不動産業","300人以上","総数"
"102-2024","68","00","0","00000","2024000000","事業所","60794","事業所数","不動産取引業","総数","総数"
"102-2024","68","01","0","00000","2024000000","事業所","9932","事業所数","不動産取引業","0人","総数"
"102-2024","68","02","0","00000","2024000000","事業所","35864","事業所数","不動産取引業","1～4人","総数"
"102-2024","68","03","0","00000","2024000000","事業所","9335","事業所数","不動産取引業","5～9人","総数"
"102-2024","68","04","0","00000","2024000000","事業所","3684","事業所数","不動産取引業","10～19人","総数"
"102-2024","68","05","0","00000","2024000000","事業所","822","事業所数","不動産取引業","20～29人","総数"
"102-2024","68","06","0","00000","2024000000","事業所","604","事業所数","不動産取引業","30～49人","総数"
"102-2024","68","07","0","00000","2024000000","事業所","336","事業所数","不動産取引業","50～99人","総数"
"102-2024","68","08","0","00000","2024000000","事業所","139","事業所数","不動産取引業","100～199人","総数"
"102-2024","68","09","0","00000","2024000000","事業所","41","事業所数","不動産取引業","200～299人","総数"
"102-2024","68","10","0","00000","2024000000","事業所","37","事業所数","不動産取引業","300人以上","総数"
"102-2024","680","00","0","00000","2024000000","事業所","102","事業所数","管理、補助的経済活動を行う事業所（68_不動産取引業）","総数","総数"
"102-2024","680","01","0","00000","2024000000","事業所","6","事業所数","管理、補助的経済活動を行う事業所（68_不動産取引業）","0人","総数"
"102-2024","680","02","0","00000","2024000000","事業所","47","事業所数","管理、補助的経済活動を行う事業所（68_不動産取引業）","1～4人","総数"
"102-2024","680","03","0","00000","2024000000","事業所","13","事業所数","管理、補助的経済活動を行う事業所（68_不動産取引業）","5～9人","総数"
"102-2024","680","04","0","00000","2024000000","事業所","15","事業所数","管理、補助的経済活動を行う事業所（68_不動産取引業）","10～19人","総数"
"102-2024","680","05","0","00000","2024000000","事業所","3","事業所数","管理、補助的経済活動を行う事業所（68_不動産取引業）","20～29人","総数"
"102-2024","680","06","0","00000","2024000000","事業所","4","事業所数","管理、補助的経済活動を行う事業所（68_不動産取引業）","30～49人","総数"
"102-2024","680","07","0","00000","2024000000","事業所","7","事業所数","管理、補助的経済活動を行う事業所（68_不動産取引業）","50～99人","総数"
"102-2024","680","08","0","00000","2024000000","事業所","3","事業所数","管理、補助的経済活動を行う事業所（68_不動産取引業）","100～199人","総数"
"102-2024","680","09","0","00000","2024000000","事業所","3","事業所数","管理、補助的経済活動を行う事業所（68_不動産取引業）","200～299人","総数"
"102-2024","680","10","0","00000","2024000000","事業所","1","事業所数","管理、補助的経済活動を行う事業所（68_不動産取引業）","300人以上","総数"
"102-2024","681","00","0","00000","2024000000","事業所","19597","事業所数","建物売買業、土地売買業","総数","総数"
"102-2024","681","01","0","00000","2024000000","事業所","2941","事業所数","建物売買業、土地売買業","0人","総数"
"102-2024","681","02","0","00000","2024000000","事業所","11453","事業所数","建物売買業、土地売買業","1～4人","総数"
"102-2024","681","03","0","00000","2024000000","事業所","2903","事業所数","建物売買業、土地売買業","5～9人","総数"
"102-2024","681","04","0","00000","2024000000","事業所","1291","事業所数","建物売買業、土地売買業","10～19人","総数"
"102-2024","681","05","0","00000","2024000000","事業所","389","事業所数","建物売買業、土地売買業","20～29人","総数"
"102-2024","681","06","0","00000","2024000000","事業所","305","事業所数","建物売買業、土地売買業","30～49人","総数"
"102-2024","681","07","0","00000","2024000000","事業所","182","事業所数","建物売買業、土地売買業","50～99人","総数"
"102-2024","681","08","0","00000","2024000000","事業所","85","事業所数","建物売買業、土地売買業","100～199人","総数"
"102-2024","681","09","0","00000","2024000000","事業所","25","事業所数","建物売買業、土地売買業","200～299人","総数"
"102-2024","681","10","0","00000","2024000000","事業所","23","事業所数","建物売買業、土地売買業","300人以上","総数"
"102-2024","682","00","0","00000","2024000000","事業所","41093","事業所数","不動産代理業・仲介業","総数","総数"
"102-2024","682","01","0","00000","2024000000","事業所","6984","事業所数","不動産代理業・仲介業","0人","総数"
"102-2024","682","02","0","00000","2024000000","事業所","24363","事業所数","不動産代理業・仲介業","1～4人","総数"
"102-2024","682","03","0","00000","2024000000","事業所","6419","事業所数","不動産代理業・仲介業","5～9人","総数"
"102-2024","682","04","0","00000","2024000000","事業所","2378","事業所数","不動産代理業・仲介業","10～19人","総数"
"102-2024","682","05","0","00000","2024000000","事業所","430","事業所数","不動産代理業・仲介業","20～29人","総数"
"102-2024","682","06","0","00000","2024000000","事業所","295","事業所数","不動産代理業・仲介業","30～49人","総数"
"102-2024","682","07","0","00000","2024000000","事業所","147","事業所数","不動産代理業・仲介業","50～99人","総数"
"102-2024","682","08","0","00000","2024000000","事業所","51","事業所数","不動産代理業・仲介業","100～199人","総数"
"102-2024","682","09","0","00000","2024000000","事業所","13","事業所数","不動産代理業・仲介業","200～299人","総数"
"102-2024","682","10","0","00000","2024000000","事業所","13","事業所数","不動産代理業・仲介業","300人以上","総数"
"102-2024","69","00","0","00000","2024000000","事業所","189636","事業所数","不動産賃貸業・管理業","総数","総数"
"102-2024","69","01","0","00000","2024000000","事業所","57116","事業所数","不動産賃貸業・管理業","0人","総数"
"102-2024","69","02","0","00000","2024000000","事業所","114891","事業所数","不動産賃貸業・管理業","1～4人","総数"
"102-2024","69","03","0","00000","2024000000","事業所","9907","事業所数","不動産賃貸業・管理業","5～9人","総数"
"102-2024","69","04","0","00000","2024000000","事業所","4019","事業所数","不動産賃貸業・管理業","10～19人","総数"
"102-2024","69","05","0","00000","2024000000","事業所","1359","事業所数","不動産賃貸業・管理業","20～29人","総数"
"102-2024","69","06","0","00000","2024000000","事業所","1034","事業所数","不動産賃貸業・管理業","30～49人","総数"
"102-2024","69","07","0","00000","2024000000","事業所","665","事業所数","不動産賃貸業・管理業","50～99人","総数"
"102-2024","69","08","0","00000","2024000000","事業所","360","事業所数","不動産賃貸業・管理業","100～199人","総数"
"102-2024","69","09","0","00000","2024000000","事業所","128","事業所数","不動産賃貸業・管理業","200～299人","総数"
"102-2024","69","10","0","00000","2024000000","事業所","157","事業所数","不動産賃貸業・管理業","300人以上","総数"
"102-2024","690","00","0","00000","2024000000","事業所","178","事業所数","管理、補助的経済活動を行う事業所（69_不動産賃貸業・管理業）","総数","総数"
"102-2024","690","01","0","00000","2024000000","事業所","36","事業所数","管理、補助的経済活動を行う事業所（69_不動産賃貸業・管理業）","0人","総数"
"102-2024","690","02","0","00000","2024000000","事業所","73","事業所数","管理、補助的経済活動を行う事業所（69_不動産賃貸業・管理業）","1～4人","総数"
"102-2024","690","03","0","00000","2024000000","事業所","16","事業所数","管理、補助的経済活動を行う事業所（69_不動産賃貸業・管理業）","5～9人","総数"
"102-2024","690","04","0","00000","2024000000","事業所","21","事業所数","管理、補助的経済活動を行う事業所（69_不動産賃貸業・管理業）","10～19人","総数"
"102-2024","690","05","0","00000","2024000000","事業所","6","事業所数","管理、補助的経済活動を行う事業所（69_不動産賃貸業・管理業）","20～29人","総数"
"102-2024","690","06","0","00000","2024000000","事業所","12","事業所数","管理、補助的経済活動を行う事業所（69_不動産賃貸業・管理業）","30～49人","総数"
"102-2024","690","07","0","00000","2024000000","事業所","9","事業所数","管理、補助的経済活動を行う事業所（69_不動産賃貸業・管理業）","50～99人","総数"
"102-2024","690","08","0","00000","2024000000","事業所","4","事業所数","管理、補助的経済活動を行う事業所（69_不動産賃貸業・管理業）","100～199人","総数"
"102-2024","690","09","0","00000","2024000000","事業所","***","事業所数","管理、補助的経済活動を行う事業所（69_不動産賃貸業・管理業）","200～299人","総数"
"102-2024","690","10","0","00000","2024000000","事業所","1","事業所数","管理、補助的経済活動を行う事業所（69_不動産賃貸業・管理業）","300人以上","総数"
"102-2024","691","00","0","00000","2024000000","事業所","48973","事業所数","不動産賃貸業（貸家業、貸間業を除く）","総数","総数"
"102-2024","691","01","0","00000","2024000000","事業所","15195","事業所数","不動産賃貸業（貸家業、貸間業を除く）","0人","総数"
"102-2024","691","02","0","00000","2024000000","事業所","28314","事業所数","不動産賃貸業（貸家業、貸間業を除く）","1～4人","総数"
"102-2024","691","03","0","00000","2024000000","事業所","3004","事業所数","不動産賃貸業（貸家業、貸間業を除く）","5～9人","総数"
"102-2024","691","04","0","00000","2024000000","事業所","1304","事業所数","不動産賃貸業（貸家業、貸間業を除く）","10～19人","総数"
"102-2024","691","05","0","00000","2024000000","事業所","464","事業所数","不動産賃貸業（貸家業、貸間業を除く）","20～29人","総数"
"102-2024","691","06","0","00000","2024000000","事業所","341","事業所数","不動産賃貸業（貸家業、貸間業を除く）","30～49人","総数"
"102-2024","691","07","0","00000","2024000000","事業所","202","事業所数","不動産賃貸業（貸家業、貸間業を除く）","50～99人","総数"
"102-2024","691","08","0","00000","2024000000","事業所","89","事業所数","不動産賃貸業（貸家業、貸間業を除く）","100～199人","総数"
"102-2024","691","09","0","00000","2024000000","事業所","24","事業所数","不動産賃貸業（貸家業、貸間業を除く）","200～299人","総数"
"102-2024","691","10","0","00000","2024000000","事業所","36","事業所数","不動産賃貸業（貸家業、貸間業を除く）","300人以上","総数"
"102-2024","692","00","0","00000","2024000000","事業所","95114","事業所数","貸家業、貸間業","総数","総数"
"102-2024","692","01","0","00000","2024000000","事業所","30153","事業所数","貸家業、貸間業","0人","総数"
"102-2024","692","02","0","00000","2024000000","事業所","59354","事業所数","貸家業、貸間業","1～4人","総数"
"102-2024","692","03","0","00000","2024000000","事業所","3748","事業所数","貸家業、貸間業","5～9人","総数"
"102-2024","692","04","0","00000","2024000000","事業所","1112","事業所数","貸家業、貸間業","10～19人","総数"
"102-2024","692","05","0","00000","2024000000","事業所","357","事業所数","貸家業、貸間業","20～29人","総数"
"102-2024","692","06","0","00000","2024000000","事業所","219","事業所数","貸家業、貸間業","30～49人","総数"
"102-2024","692","07","0","00000","2024000000","事業所","107","事業所数","貸家業、貸間業","50～99人","総数"
"102-2024","692","08","0","00000","2024000000","事業所","47","事業所数","貸家業、貸間業","100～199人","総数"
"102-2024","692","09","0","00000","2024000000","事業所","7","事業所数","貸家業、貸間業","200～299人","総数"
"102-2024","692","10","0","00000","2024000000","事業所","10","事業所数","貸家業、貸間業","300人以上","総数"
"102-2024","693","00","0","00000","2024000000","事業所","9447","事業所数","駐車場業","総数","総数"
"102-2024","693","01","0","00000","2024000000","事業所","2350","事業所数","駐車場業","0人","総数"
"102-2024","693","02","0","00000","2024000000","事業所","5768","事業所数","駐車場業","1～4人","総数"
"102-2024","693","03","0","00000","2024000000","事業所","714","事業所数","駐車場業","5～9人","総数"
"102-2024","693","04","0","00000","2024000000","事業所","350","事業所数","駐車場業","10～19人","総数"
"102-2024","693","05","0","00000","2024000000","事業所","104","事業所数","駐車場業","20～29人","総数"
"102-2024","693","06","0","00000","2024000000","事業所","80","事業所数","駐車場業","30～49人","総数"
"102-2024","693","07","0","00000","2024000000","事業所","57","事業所数","駐車場業","50～99人","総数"
"102-2024","693","08","0","00000","2024000000","事業所","17","事業所数","駐車場業","100～199人","総数"
"102-2024","693","09","0","00000","2024000000","事業所","2","事業所数","駐車場業","200～299人","総数"
"102-2024","693","10","0","00000","2024000000","事業所","5","事業所数","駐車場業","300人以上","総数"
"102-2024","694","00","0","00000","2024000000","事業所","35917","事業所数","不動産管理業","総数","総数"
"102-2024","694","01","0","00000","2024000000","事業所","9380","事業所数","不動産管理業","0人","総数"
"102-2024","694","02","0","00000","2024000000","事業所","21377","事業所数","不動産管理業","1～4人","総数"
"102-2024","694","03","0","00000","2024000000","事業所","2425","事業所数","不動産管理業","5～9人","総数"
"102-2024","694","04","0","00000","2024000000","事業所","1232","事業所数","不動産管理業","10～19人","総数"
"102-2024","694","05","0","00000","2024000000","事業所","428","事業所数","不動産管理業","20～29人","総数"
"102-2024","694","06","0","00000","2024000000","事業所","382","事業所数","不動産管理業","30～49人","総数"
"102-2024","694","07","0","00000","2024000000","事業所","290","事業所数","不動産管理業","50～99人","総数"
"102-2024","694","08","0","00000","2024000000","事業所","203","事業所数","不動産管理業","100～199人","総数"
"102-2024","694","09","0","00000","2024000000","事業所","95","事業所数","不動産管理業","200～299人","総数"
"102-2024","694","10","0","00000","2024000000","事業所","105","事業所数","不動産管理業","300人以上","総数"
"102-2024","K2","00","0","00000","2024000000","事業所","30000","事業所数","物品賃貸業","総数","総数"
"102-2024","K2","01","0","00000","2024000000","事業所","2721","事業所数","物品賃貸業","0人","総数"
"102-2024","K2","02","0","00000","2024000000","事業所","11915","事業所数","物品賃貸業","1～4人","総数"
"102-2024","K2","03","0","00000","2024000000","事業所","8036","事業所数","物品賃貸業","5～9人","総数"
"102-2024","K2","04","0","00000","2024000000","事業所","4716","事業所数","物品賃貸業","10～19人","総数"
"102-2024","K2","05","0","00000","2024000000","事業所","1306","事業所数","物品賃貸業","20～29人","総数"
"102-2024","K2","06","0","00000","2024000000","事業所","744","事業所数","物品賃貸業","30～49人","総数"
"102-2024","K2","07","0","00000","2024000000","事業所","387","事業所数","物品賃貸業","50～99人","総数"
"102-2024","K2","08","0","00000","2024000000","事業所","119","事業所数","物品賃貸業","100～199人","総数"
"102-2024","K2","09","0","00000","2024000000","事業所","25","事業所数","物品賃貸業","200～299人","総数"
"102-2024","K2","10","0","00000","2024000000","事業所","31","事業所数","物品賃貸業","300人以上","総数"
"102-2024","70","00","0","00000","2024000000","事業所","30000","事業所数","物品賃貸業","総数","総数"
"102-2024","70","01","0","00000","2024000000","事業所","2721","事業所数","物品賃貸業","0人","総数"
"102-2024","70","02","0","00000","2024000000","事業所","11915","事業所数","物品賃貸業","1～4人","総数"
"102-2024","70","03","0","00000","2024000000","事業所","8036","事業所数","物品賃貸業","5～9人","総数"
"102-2024","70","04","0","00000","2024000000","事業所","4716","事業所数","物品賃貸業","10～19人","総数"
"102-2024","70","05","0","00000","2024000000","事業所","1306","事業所数","物品賃貸業","20～29人","総数"
"102-2024","70","06","0","00000","2024000000","事業所","744","事業所数","物品賃貸業","30～49人","総数"
"102-2024","70","07","0","00000","2024000000","事業所","387","事業所数","物品賃貸業","50～99人","総数"
"102-2024","70","08","0","00000","2024000000","事業所","119","事業所数","物品賃貸業","100～199人","総数"
"102-2024","70","09","0","00000","2024000000","事業所","25","事業所数","物品賃貸業","200～299人","総数"
"102-2024","70","10","0","00000","2024000000","事業所","31","事業所数","物品賃貸業","300人以上","総数"
"102-2024","700","00","0","00000","2024000000","事業所","1265","事業所数","管理、補助的経済活動を行う事業所（70_物品賃貸業）","総数","総数"
"102-2024","700","01","0","00000","2024000000","事業所","89","事業所数","管理、補助的経済活動を行う事業所（70_物品賃貸業）","0人","総数"
"102-2024","700","02","0","00000","2024000000","事業所","571","事業所数","管理、補助的経済活動を行う事業所（70_物品賃貸業）","1～4人","総数"
"102-2024","700","03","0","00000","2024000000","事業所","293","事業所数","管理、補助的経済活動を行う事業所（70_物品賃貸業）","5～9人","総数"
"102-2024","700","04","0","00000","2024000000","事業所","189","事業所数","管理、補助的経済活動を行う事業所（70_物品賃貸業）","10～19人","総数"
"102-2024","700","05","0","00000","2024000000","事業所","57","事業所数","管理、補助的経済活動を行う事業所（70_物品賃貸業）","20～29人","総数"
"102-2024","700","06","0","00000","2024000000","事業所","28","事業所数","管理、補助的経済活動を行う事業所（70_物品賃貸業）","30～49人","総数"
"102-2024","700","07","0","00000","2024000000","事業所","24","事業所数","管理、補助的経済活動を行う事業所（70_物品賃貸業）","50～99人","総数"
"102-2024","700","08","0","00000","2024000000","事業所","9","事業所数","管理、補助的経済活動を行う事業所（70_物品賃貸業）","100～199人","総数"
"102-2024","700","09","0","00000","2024000000","事業所","4","事業所数","管理、補助的経済活動を行う事業所（70_物品賃貸業）","200～299人","総数"
"102-2024","700","10","0","00000","2024000000","事業所","1","事業所数","管理、補助的経済活動を行う事業所（70_物品賃貸業）","300人以上","総数"
"102-2024","701","00","0","00000","2024000000","事業所","1163","事業所数","各種物品賃貸業","総数","総数"
"102-2024","701","01","0","00000","2024000000","事業所","70","事業所数","各種物品賃貸業","0人","総数"
"102-2024","701","02","0","00000","2024000000","事業所","361","事業所数","各種物品賃貸業","1～4人","総数"
"102-2024","701","03","0","00000","2024000000","事業所","362","事業所数","各種物品賃貸業","5～9人","総数"
"102-2024","701","04","0","00000","2024000000","事業所","210","事業所数","各種物品賃貸業","10～19人","総数"
"102-2024","701","05","0","00000","2024000000","事業所","48","事業所数","各種物品賃貸業","20～29人","総数"
"102-2024","701","06","0","00000","2024000000","事業所","45","事業所数","各種物品賃貸業","30～49人","総数"
"102-2024","701","07","0","00000","2024000000","事業所","32","事業所数","各種物品賃貸業","50～99人","総数"
"102-2024","701","08","0","00000","2024000000","事業所","16","事業所数","各種物品賃貸業","100～199人","総数"
"102-2024","701","09","0","00000","2024000000","事業所","6","事業所数","各種物品賃貸業","200～299人","総数"
"102-2024","701","10","0","00000","2024000000","事業所","13","事業所数","各種物品賃貸業","300人以上","総数"
"102-2024","70C","00","0","00000","2024000000","事業所","783","事業所数","総合リース業","総数","総数"
"102-2024","70C","01","0","00000","2024000000","事業所","59","事業所数","総合リース業","0人","総数"
"102-2024","70C","02","0","00000","2024000000","事業所","262","事業所数","総合リース業","1～4人","総数"
"102-2024","70C","03","0","00000","2024000000","事業所","230","事業所数","総合リース業","5～9人","総数"
"102-2024","70C","04","0","00000","2024000000","事業所","95","事業所数","総合リース業","10～19人","総数"
"102-2024","70C","05","0","00000","2024000000","事業所","36","事業所数","総合リース業","20～29人","総数"
"102-2024","70C","06","0","00000","2024000000","事業所","39","事業所数","総合リース業","30～49人","総数"
"102-2024","70C","07","0","00000","2024000000","事業所","27","事業所数","総合リース業","50～99人","総数"
"102-2024","70C","08","0","00000","2024000000","事業所","16","事業所数","総合リース業","100～199人","総数"
"102-2024","70C","09","0","00000","2024000000","事業所","6","事業所数","総合リース業","200～299人","総数"
"102-2024","70C","10","0","00000","2024000000","事業所","13","事業所数","総合リース業","300人以上","総数"
"102-2024","70D","00","0","00000","2024000000","事業所","380","事業所数","その他の各種物品賃貸業","総数","総数"
"102-2024","70D","01","0","00000","2024000000","事業所","11","事業所数","その他の各種物品賃貸業","0人","総数"
"102-2024","70D","02","0","00000","2024000000","事業所","99","事業所数","その他の各種物品賃貸業","1～4人","総数"
"102-2024","70D","03","0","00000","2024000000","事業所","132","事業所数","その他の各種物品賃貸業","5～9人","総数"
"102-2024","70D","04","0","00000","2024000000","事業所","115","事業所数","その他の各種物品賃貸業","10～19人","総数"
"102-2024","70D","05","0","00000","2024000000","事業所","12","事業所数","その他の各種物品賃貸業","20～29人","総数"
"102-2024","70D","06","0","00000","2024000000","事業所","6","事業所数","その他の各種物品賃貸業","30～49人","総数"
"102-2024","70D","07","0","00000","2024000000","事業所","5","事業所数","その他の各種物品賃貸業","50～99人","総数"
"102-2024","70D","08","0","00000","2024000000","事業所","***","事業所数","その他の各種物品賃貸業","100～199人","総数"
"102-2024","70D","09","0","00000","2024000000","事業所","***","事業所数","その他の各種物品賃貸業","200～299人","総数"
"102-2024","70D","10","0","00000","2024000000","事業所","***","事業所数","その他の各種物品賃貸業","300人以上","総数"
"102-2024","702","00","0","00000","2024000000","事業所","10610","事業所数","産業用機械器具賃貸業","総数","総数"
"102-2024","702","01","0","00000","2024000000","事業所","1010","事業所数","産業用機械器具賃貸業","0人","総数"
"102-2024","702","02","0","00000","2024000000","事業所","3782","事業所数","産業用機械器具賃貸業","1～4人","総数"
"102-2024","702","03","0","00000","2024000000","事業所","3057","事業所数","産業用機械器具賃貸業","5～9人","総数"
"102-2024","702","04","0","00000","2024000000","事業所","1798","事業所数","産業用機械器具賃貸業","10～19人","総数"
"102-2024","702","05","0","00000","2024000000","事業所","518","事業所数","産業用機械器具賃貸業","20～29人","総数"
"102-2024","702","06","0","00000","2024000000","事業所","270","事業所数","産業用機械器具賃貸業","30～49人","総数"
"102-2024","702","07","0","00000","2024000000","事業所","126","事業所数","産業用機械器具賃貸業","50～99人","総数"
"102-2024","702","08","0","00000","2024000000","事業所","34","事業所数","産業用機械器具賃貸業","100～199人","総数"
"102-2024","702","09","0","00000","2024000000","事業所","7","事業所数","産業用機械器具賃貸業","200～299人","総数"
"102-2024","702","10","0","00000","2024000000","事業所","8","事業所数","産業用機械器具賃貸業","300人以上","総数"
"102-2024","703","00","0","00000","2024000000","事業所","633","事業所数","事務用機械器具賃貸業","総数","総数"
"102-2024","703","01","0","00000","2024000000","事業所","124","事業所数","事務用機械器具賃貸業","0人","総数"
"102-2024","703","02","0","00000","2024000000","事業所","249","事業所数","事務用機械器具賃貸業","1～4人","総数"
"102-2024","703","03","0","00000","2024000000","事業所","105","事業所数","事務用機械器具賃貸業","5～9人","総数"
"102-2024","703","04","0","00000","2024000000","事業所","86","事業所数","事務用機械器具賃貸業","10～19人","総数"
"102-2024","703","05","0","00000","2024000000","事業所","29","事業所数","事務用機械器具賃貸業","20～29人","総数"
"102-2024","703","06","0","00000","2024000000","事業所","20","事業所数","事務用機械器具賃貸業","30～49人","総数"
"102-2024","703","07","0","00000","2024000000","事業所","13","事業所数","事務用機械器具賃貸業","50～99人","総数"
"102-2024","703","08","0","00000","2024000000","事業所","4","事業所数","事務用機械器具賃貸業","100～199人","総数"
"102-2024","703","09","0","00000","2024000000","事業所","1","事業所数","事務用機械器具賃貸業","200～299人","総数"
"102-2024","703","10","0","00000","2024000000","事業所","2","事業所数","事務用機械器具賃貸業","300人以上","総数"
"102-2024","704","00","0","00000","2024000000","事業所","6371","事業所数","自動車賃貸業","総数","総数"
"102-2024","704","01","0","00000","2024000000","事業所","720","事業所数","自動車賃貸業","0人","総数"
"102-2024","704","02","0","00000","2024000000","事業所","2463","事業所数","自動車賃貸業","1～4人","総数"
"102-2024","704","03","0","00000","2024000000","事業所","1785","事業所数","自動車賃貸業","5～9人","総数"
"102-2024","704","04","0","00000","2024000000","事業所","955","事業所数","自動車賃貸業","10～19人","総数"
"102-2024","704","05","0","00000","2024000000","事業所","234","事業所数","自動車賃貸業","20～29人","総数"
"102-2024","704","06","0","00000","2024000000","事業所","121","事業所数","自動車賃貸業","30～49人","総数"
"102-2024","704","07","0","00000","2024000000","事業所","66","事業所数","自動車賃貸業","50～99人","総数"
"102-2024","704","08","0","00000","2024000000","事業所","19","事業所数","自動車賃貸業","100～199人","総数"
"102-2024","704","09","0","00000","2024000000","事業所","3","事業所数","自動車賃貸業","200～299人","総数"
"102-2024","704","10","0","00000","2024000000","事業所","5","事業所数","自動車賃貸業","300人以上","総数"
"102-2024","705","00","0","00000","2024000000","事業所","526","事業所数","スポーツ・娯楽用品賃貸業","総数","総数"
"102-2024","705","01","0","00000","2024000000","事業所","69","事業所数","スポーツ・娯楽用品賃貸業","0人","総数"
"102-2024","705","02","0","00000","2024000000","事業所","305","事業所数","スポーツ・娯楽用品賃貸業","1～4人","総数"
"102-2024","705","03","0","00000","2024000000","事業所","76","事業所数","スポーツ・娯楽用品賃貸業","5～9人","総数"
"102-2024","705","04","0","00000","2024000000","事業所","56","事業所数","スポーツ・娯楽用品賃貸業","10～19人","総数"
"102-2024","705","05","0","00000","2024000000","事業所","11","事業所数","スポーツ・娯楽用品賃貸業","20～29人","総数"
"102-2024","705","06","0","00000","2024000000","事業所","4","事業所数","スポーツ・娯楽用品賃貸業","30～49人","総数"
"102-2024","705","07","0","00000","2024000000","事業所","4","事業所数","スポーツ・娯楽用品賃貸業","50～99人","総数"
"102-2024","705","08","0","00000","2024000000","事業所","1","事業所数","スポーツ・娯楽用品賃貸業","100～199人","総数"
"102-2024","705","09","0","00000","2024000000","事業所","***","事業所数","スポーツ・娯楽用品賃貸業","200～299人","総数"
"102-2024","705","10","0","00000","2024000000","事業所","***","事業所数","スポーツ・娯楽用品賃貸業","300人以上","総数"
"102-2024","709","00","0","00000","2024000000","事業所","9432","事業所数","その他の物品賃貸業","総数","総数"
"102-2024","709","01","0","00000","2024000000","事業所","639","事業所数","その他の物品賃貸業","0人","総数"
"102-2024","709","02","0","00000","2024000000","事業所","4184","事業所数","その他の物品賃貸業","1～4人","総数"
"102-2024","709","03","0","00000","2024000000","事業所","2358","事業所数","その他の物品賃貸業","5～9人","総数"
"102-2024","709","04","0","00000","2024000000","事業所","1422","事業所数","その他の物品賃貸業","10～19人","総数"
"102-2024","709","05","0","00000","2024000000","事業所","409","事業所数","その他の物品賃貸業","20～29人","総数"
"102-2024","709","06","0","00000","2024000000","事業所","256","事業所数","その他の物品賃貸業","30～49人","総数"
"102-2024","709","07","0","00000","2024000000","事業所","122","事業所数","その他の物品賃貸業","50～99人","総数"
"102-2024","709","08","0","00000","2024000000","事業所","36","事業所数","その他の物品賃貸業","100～199人","総数"
"102-2024","709","09","0","00000","2024000000","事業所","4","事業所数","その他の物品賃貸業","200～299人","総数"
"102-2024","709","10","0","00000","2024000000","事業所","2","事業所数","その他の物品賃貸業","300人以上","総数"
"102-2024","70A","00","0","00000","2024000000","事業所","253","事業所数","音楽・映像記録物賃貸業（別掲を除く）","総数","総数"
"102-2024","70A","01","0","00000","2024000000","事業所","12","事業所数","音楽・映像記録物賃貸業（別掲を除く）","0人","総数"
"102-2024","70A","02","0","00000","2024000000","事業所","70","事業所数","音楽・映像記録物賃貸業（別掲を除く）","1～4人","総数"
"102-2024","70A","03","0","00000","2024000000","事業所","41","事業所数","音楽・映像記録物賃貸業（別掲を除く）","5～9人","総数"
"102-2024","70A","04","0","00000","2024000000","事業所","81","事業所数","音楽・映像記録物賃貸業（別掲を除く）","10～19人","総数"
"102-2024","70A","05","0","00000","2024000000","事業所","19","事業所数","音楽・映像記録物賃貸業（別掲を除く）","20～29人","総数"
"102-2024","70A","06","0","00000","2024000000","事業所","23","事業所数","音楽・映像記録物賃貸業（別掲を除く）","30～49人","総数"
"102-2024","70A","07","0","00000","2024000000","事業所","7","事業所数","音楽・映像記録物賃貸業（別掲を除く）","50～99人","総数"
"102-2024","70A","08","0","00000","2024000000","事業所","***","事業所数","音楽・映像記録物賃貸業（別掲を除く）","100～199人","総数"
"102-2024","70A","09","0","00000","2024000000","事業所","***","事業所数","音楽・映像記録物賃貸業（別掲を除く）","200～299人","総数"
"102-2024","70A","10","0","00000","2024000000","事業所","***","事業所数","音楽・映像記録物賃貸業（別掲を除く）","300人以上","総数"
"102-2024","70B","00","0","00000","2024000000","事業所","9179","事業所数","他に分類されない物品賃貸業","総数","総数"
"102-2024","70B","01","0","00000","2024000000","事業所","627","事業所数","他に分類されない物品賃貸業","0人","総数"
"102-2024","70B","02","0","00000","2024000000","事業所","4114","事業所数","他に分類されない物品賃貸業","1～4人","総数"
"102-2024","70B","03","0","00000","2024000000","事業所","2317","事業所数","他に分類されない物品賃貸業","5～9人","総数"
"102-2024","70B","04","0","00000","2024000000","事業所","1341","事業所数","他に分類されない物品賃貸業","10～19人","総数"
"102-2024","70B","05","0","00000","2024000000","事業所","390","事業所数","他に分類されない物品賃貸業","20～29人","総数"
"102-2024","70B","06","0","00000","2024000000","事業所","233","事業所数","他に分類されない物品賃貸業","30～49人","総数"
"102-2024","70B","07","0","00000","2024000000","事業所","115","事業所数","他に分類されない物品賃貸業","50～99人","総数"
"102-2024","70B","08","0","00000","2024000000","事業所","36","事業所数","他に分類されない物品賃貸業","100～199人","総数"
"102-2024","70B","09","0","00000","2024000000","事業所","4","事業所数","他に分類されない物品賃貸業","200～299人","総数"
"102-2024","70B","10","0","00000","2024000000","事業所","2","事業所数","他に分類されない物品賃貸業","300人以上","総数"
"102-2024","L","00","0","00000","2024000000","事業所","228153","事業所数","学術研究、専門・技術サービス業","総数","総数"
"102-2024","L","01","0","00000","2024000000","事業所","33861","事業所数","学術研究、専門・技術サービス業","0人","総数"
"102-2024","L","02","0","00000","2024000000","事業所","130130","事業所数","学術研究、専門・技術サービス業","1～4人","総数"
"102-2024","L","03","0","00000","2024000000","事業所","31633","事業所数","学術研究、専門・技術サービス業","5～9人","総数"
"102-2024","L","04","0","00000","2024000000","事業所","16715","事業所数","学術研究、専門・技術サービス業","10～19人","総数"
"102-2024","L","05","0","00000","2024000000","事業所","5787","事業所数","学術研究、専門・技術サービス業","20～29人","総数"
"102-2024","L","06","0","00000","2024000000","事業所","4495","事業所数","学術研究、専門・技術サービス業","30～49人","総数"
"102-2024","L","07","0","00000","2024000000","事業所","3051","事業所数","学術研究、専門・技術サービス業","50～99人","総数"
"102-2024","L","08","0","00000","2024000000","事業所","1443","事業所数","学術研究、専門・技術サービス業","100～199人","総数"
"102-2024","L","09","0","00000","2024000000","事業所","388","事業所数","学術研究、専門・技術サービス業","200～299人","総数"
"102-2024","L","10","0","00000","2024000000","事業所","650","事業所数","学術研究、専門・技術サービス業","300人以上","総数"
"102-2024","71","00","0","00000","2024000000","事業所","6354","事業所数","学術・開発研究機関","総数","総数"
"102-2024","71","01","0","00000","2024000000","事業所","746","事業所数","学術・開発研究機関","0人","総数"
"102-2024","71","02","0","00000","2024000000","事業所","2041","事業所数","学術・開発研究機関","1～4人","総数"
"102-2024","71","03","0","00000","2024000000","事業所","926","事業所数","学術・開発研究機関","5～9人","総数"
"102-2024","71","04","0","00000","2024000000","事業所","828","事業所数","学術・開発研究機関","10～19人","総数"
"102-2024","71","05","0","00000","2024000000","事業所","366","事業所数","学術・開発研究機関","20～29人","総数"
"102-2024","71","06","0","00000","2024000000","事業所","439","事業所数","学術・開発研究機関","30～49人","総数"
"102-2024","71","07","0","00000","2024000000","事業所","411","事業所数","学術・開発研究機関","50～99人","総数"
"102-2024","71","08","0","00000","2024000000","事業所","296","事業所数","学術・開発研究機関","100～199人","総数"
"102-2024","71","09","0","00000","2024000000","事業所","106","事業所数","学術・開発研究機関","200～299人","総数"
"102-2024","71","10","0","00000","2024000000","事業所","195","事業所数","学術・開発研究機関","300人以上","総数"
"102-2024","710","00","0","00000","2024000000","事業所","44","事業所数","管理、補助的経済活動を行う事業所（71_学術・開発研究機関）","総数","総数"
"102-2024","710","01","0","00000","2024000000","事業所","3","事業所数","管理、補助的経済活動を行う事業所（71_学術・開発研究機関）","0人","総数"
"102-2024","710","02","0","00000","2024000000","事業所","22","事業所数","管理、補助的経済活動を行う事業所（71_学術・開発研究機関）","1～4人","総数"
"102-2024","710","03","0","00000","2024000000","事業所","9","事業所数","管理、補助的経済活動を行う事業所（71_学術・開発研究機関）","5～9人","総数"
"102-2024","710","04","0","00000","2024000000","事業所","4","事業所数","管理、補助的経済活動を行う事業所（71_学術・開発研究機関）","10～19人","総数"
"102-2024","710","05","0","00000","2024000000","事業所","1","事業所数","管理、補助的経済活動を行う事業所（71_学術・開発研究機関）","20～29人","総数"
"102-2024","710","06","0","00000","2024000000","事業所","1","事業所数","管理、補助的経済活動を行う事業所（71_学術・開発研究機関）","30～49人","総数"
"102-2024","710","07","0","00000","2024000000","事業所","1","事業所数","管理、補助的経済活動を行う事業所（71_学術・開発研究機関）","50～99人","総数"
"102-2024","710","08","0","00000","2024000000","事業所","2","事業所数","管理、補助的経済活動を行う事業所（71_学術・開発研究機関）","100～199人","総数"
"102-2024","710","09","0","00000","2024000000","事業所","***","事業所数","管理、補助的経済活動を行う事業所（71_学術・開発研究機関）","200～299人","総数"
"102-2024","710","10","0","00000","2024000000","事業所","1","事業所数","管理、補助的経済活動を行う事業所（71_学術・開発研究機関）","300人以上","総数"
"102-2024","711","00","0","00000","2024000000","事業所","5702","事業所数","自然科学研究所","総数","総数"
"102-2024","711","01","0","00000","2024000000","事業所","657","事業所数","自然科学研究所","0人","総数"
"102-2024","711","02","0","00000","2024000000","事業所","1772","事業所数","自然科学研究所","1～4人","総数"
"102-2024","711","03","0","00000","2024000000","事業所","817","事業所数","自然科学研究所","5～9人","総数"
"102-2024","711","04","0","00000","2024000000","事業所","747","事業所数","自然科学研究所","10～19人","総数"
"102-2024","711","05","0","00000","2024000000","事業所","338","事業所数","自然科学研究所","20～29人","総数"
"102-2024","711","06","0","00000","2024000000","事業所","404","事業所数","自然科学研究所","30～49人","総数"
"102-2024","711","07","0","00000","2024000000","事業所","390","事業所数","自然科学研究所","50～99人","総数"
"102-2024","711","08","0","00000","2024000000","事業所","279","事業所数","自然科学研究所","100～199人","総数"
"102-2024","711","09","0","00000","2024000000","事業所","105","事業所数","自然科学研究所","200～299人","総数"
"102-2024","711","10","0","00000","2024000000","事業所","193","事業所数","自然科学研究所","300人以上","総数"
"102-2024","712","00","0","00000","2024000000","事業所","608","事業所数","人文・社会科学研究所","総数","総数"
"102-2024","712","01","0","00000","2024000000","事業所","86","事業所数","人文・社会科学研究所","0人","総数"
"102-2024","712","02","0","00000","2024000000","事業所","247","事業所数","人文・社会科学研究所","1～4人","総数"
"102-2024","712","03","0","00000","2024000000","事業所","100","事業所数","人文・社会科学研究所","5～9人","総数"
"102-2024","712","04","0","00000","2024000000","事業所","77","事業所数","人文・社会科学研究所","10～19人","総数"
"102-2024","712","05","0","00000","2024000000","事業所","27","事業所数","人文・社会科学研究所","20～29人","総数"
"102-2024","712","06","0","00000","2024000000","事業所","34","事業所数","人文・社会科学研究所","30～49人","総数"
"102-2024","712","07","0","00000","2024000000","事業所","20","事業所数","人文・社会科学研究所","50～99人","総数"
"102-2024","712","08","0","00000","2024000000","事業所","15","事業所数","人文・社会科学研究所","100～199人","総数"
"102-2024","712","09","0","00000","2024000000","事業所","1","事業所数","人文・社会科学研究所","200～299人","総数"
"102-2024","712","10","0","00000","2024000000","事業所","1","事業所数","人文・社会科学研究所","300人以上","総数"
"102-2024","72","00","0","00000","2024000000","事業所","127065","事業所数","専門サービス業（他に分類されないもの）","総数","総数"
"102-2024","72","01","0","00000","2024000000","事業所","22282","事業所数","専門サービス業（他に分類されないもの）","0人","総数"
"102-2024","72","02","0","00000","2024000000","事業所","76570","事業所数","専門サービス業（他に分類されないもの）","1～4人","総数"
"102-2024","72","03","0","00000","2024000000","事業所","16083","事業所数","専門サービス業（他に分類されないもの）","5～9人","総数"
"102-2024","72","04","0","00000","2024000000","事業所","6845","事業所数","専門サービス業（他に分類されないもの）","10～19人","総数"
"102-2024","72","05","0","00000","2024000000","事業所","2164","事業所数","専門サービス業（他に分類されないもの）","20～29人","総数"
"102-2024","72","06","0","00000","2024000000","事業所","1442","事業所数","専門サービス業（他に分類されないもの）","30～49人","総数"
"102-2024","72","07","0","00000","2024000000","事業所","923","事業所数","専門サービス業（他に分類されないもの）","50～99人","総数"
"102-2024","72","08","0","00000","2024000000","事業所","432","事業所数","専門サービス業（他に分類されないもの）","100～199人","総数"
"102-2024","72","09","0","00000","2024000000","事業所","130","事業所数","専門サービス業（他に分類されないもの）","200～299人","総数"
"102-2024","72","10","0","00000","2024000000","事業所","194","事業所数","専門サービス業（他に分類されないもの）","300人以上","総数"
"102-2024","720","00","0","00000","2024000000","事業所","219","事業所数","管理、補助的経済活動を行う事業所（72_専門サービス業）","総数","総数"
"102-2024","720","01","0","00000","2024000000","事業所","18","事業所数","管理、補助的経済活動を行う事業所（72_専門サービス業）","0人","総数"
"102-2024","720","02","0","00000","2024000000","事業所","146","事業所数","管理、補助的経済活動を行う事業所（72_専門サービス業）","1～4人","総数"
"102-2024","720","03","0","00000","2024000000","事業所","21","事業所数","管理、補助的経済活動を行う事業所（72_専門サービス業）","5～9人","総数"
"102-2024","720","04","0","00000","2024000000","事業所","17","事業所数","管理、補助的経済活動を行う事業所（72_専門サービス業）","10～19人","総数"
"102-2024","720","05","0","00000","2024000000","事業所","7","事業所数","管理、補助的経済活動を行う事業所（72_専門サービス業）","20～29人","総数"
"102-2024","720","06","0","00000","2024000000","事業所","4","事業所数","管理、補助的経済活動を行う事業所（72_専門サービス業）","30～49人","総数"
"102-2024","720","07","0","00000","2024000000","事業所","3","事業所数","管理、補助的経済活動を行う事業所（72_専門サービス業）","50～99人","総数"
"102-2024","720","08","0","00000","2024000000","事業所","2","事業所数","管理、補助的経済活動を行う事業所（72_専門サービス業）","100～199人","総数"
"102-2024","720","09","0","00000","2024000000","事業所","1","事業所数","管理、補助的経済活動を行う事業所（72_専門サービス業）","200～299人","総数"
"102-2024","720","10","0","00000","2024000000","事業所","***","事業所数","管理、補助的経済活動を行う事業所（72_専門サービス業）","300人以上","総数"
"102-2024","721","00","0","00000","2024000000","事業所","10350","事業所数","法律事務所、特許事務所","総数","総数"
"102-2024","721","01","0","00000","2024000000","事業所","196","事業所数","法律事務所、特許事務所","0人","総数"
"102-2024","721","02","0","00000","2024000000","事業所","7984","事業所数","法律事務所、特許事務所","1～4人","総数"
"102-2024","721","03","0","00000","2024000000","事業所","1386","事業所数","法律事務所、特許事務所","5～9人","総数"
"102-2024","721","04","0","00000","2024000000","事業所","472","事業所数","法律事務所、特許事務所","10～19人","総数"
"102-2024","721","05","0","00000","2024000000","事業所","153","事業所数","法律事務所、特許事務所","20～29人","総数"
"102-2024","721","06","0","00000","2024000000","事業所","85","事業所数","法律事務所、特許事務所","30～49人","総数"
"102-2024","721","07","0","00000","2024000000","事業所","50","事業所数","法律事務所、特許事務所","50～99人","総数"
"102-2024","721","08","0","00000","2024000000","事業所","19","事業所数","法律事務所、特許事務所","100～199人","総数"
"102-2024","721","09","0","00000","2024000000","事業所","2","事業所数","法律事務所、特許事務所","200～299人","総数"
"102-2024","721","10","0","00000","2024000000","事業所","3","事業所数","法律事務所、特許事務所","300人以上","総数"
"102-2024","72A","00","0","00000","2024000000","事業所","9372","事業所数","法律事務所","総数","総数"
"102-2024","72A","01","0","00000","2024000000","事業所","157","事業所数","法律事務所","0人","総数"
"102-2024","72A","02","0","00000","2024000000","事業所","7460","事業所数","法律事務所","1～4人","総数"
"102-2024","72A","03","0","00000","2024000000","事業所","1190","事業所数","法律事務所","5～9人","総数"
"102-2024","72A","04","0","00000","2024000000","事業所","365","事業所数","法律事務所","10～19人","総数"
"102-2024","72A","05","0","00000","2024000000","事業所","109","事業所数","法律事務所","20～29人","総数"
"102-2024","72A","06","0","00000","2024000000","事業所","50","事業所数","法律事務所","30～49人","総数"
"102-2024","72A","07","0","00000","2024000000","事業所","26","事業所数","法律事務所","50～99人","総数"
"102-2024","72A","08","0","00000","2024000000","事業所","12","事業所数","法律事務所","100～199人","総数"
"102-2024","72A","09","0","00000","2024000000","事業所","1","事業所数","法律事務所","200～299人","総数"
"102-2024","72A","10","0","00000","2024000000","事業所","2","事業所数","法律事務所","300人以上","総数"
"102-2024","72B","00","0","00000","2024000000","事業所","978","事業所数","特許事務所","総数","総数"
"102-2024","72B","01","0","00000","2024000000","事業所","39","事業所数","特許事務所","0人","総数"
"102-2024","72B","02","0","00000","2024000000","事業所","524","事業所数","特許事務所","1～4人","総数"
"102-2024","72B","03","0","00000","2024000000","事業所","196","事業所数","特許事務所","5～9人","総数"
"102-2024","72B","04","0","00000","2024000000","事業所","107","事業所数","特許事務所","10～19人","総数"
"102-2024","72B","05","0","00000","2024000000","事業所","44","事業所数","特許事務所","20～29人","総数"
"102-2024","72B","06","0","00000","2024000000","事業所","35","事業所数","特許事務所","30～49人","総数"
"102-2024","72B","07","0","00000","2024000000","事業所","24","事業所数","特許事務所","50～99人","総数"
"102-2024","72B","08","0","00000","2024000000","事業所","7","事業所数","特許事務所","100～199人","総数"
"102-2024","72B","09","0","00000","2024000000","事業所","1","事業所数","特許事務所","200～299人","総数"
"102-2024","72B","10","0","00000","2024000000","事業所","1","事業所数","特許事務所","300人以上","総数"
"102-2024","722","00","0","00000","2024000000","事業所","9236","事業所数","公証人役場、司法書士事務所、土地家屋調査士事務所","総数","総数"
"102-2024","722","01","0","00000","2024000000","事業所","177","事業所数","公証人役場、司法書士事務所、土地家屋調査士事務所","0人","総数"
"102-2024","722","02","0","00000","2024000000","事業所","7843","事業所数","公証人役場、司法書士事務所、土地家屋調査士事務所","1～4人","総数"
"102-2024","722","03","0","00000","2024000000","事業所","908","事業所数","公証人役場、司法書士事務所、土地家屋調査士事務所","5～9人","総数"
"102-2024","722","04","0","00000","2024000000","事業所","220","事業所数","公証人役場、司法書士事務所、土地家屋調査士事務所","10～19人","総数"
"102-2024","722","05","0","00000","2024000000","事業所","60","事業所数","公証人役場、司法書士事務所、土地家屋調査士事務所","20～29人","総数"
"102-2024","722","06","0","00000","2024000000","事業所","20","事業所数","公証人役場、司法書士事務所、土地家屋調査士事務所","30～49人","総数"
"102-2024","722","07","0","00000","2024000000","事業所","6","事業所数","公証人役場、司法書士事務所、土地家屋調査士事務所","50～99人","総数"
"102-2024","722","08","0","00000","2024000000","事業所","2","事業所数","公証人役場、司法書士事務所、土地家屋調査士事務所","100～199人","総数"
"102-2024","722","09","0","00000","2024000000","事業所","***","事業所数","公証人役場、司法書士事務所、土地家屋調査士事務所","200～299人","総数"
"102-2024","722","10","0","00000","2024000000","事業所","***","事業所数","公証人役場、司法書士事務所、土地家屋調査士事務所","300人以上","総数"
"102-2024","72J","00","0","00000","2024000000","事業所","6335","事業所数","公証人役場、司法書士事務所","総数","総数"
"102-2024","72J","01","0","00000","2024000000","事業所","71","事業所数","公証人役場、司法書士事務所","0人","総数"
"102-2024","72J","02","0","00000","2024000000","事業所","5346","事業所数","公証人役場、司法書士事務所","1～4人","総数"
"102-2024","72J","03","0","00000","2024000000","事業所","688","事業所数","公証人役場、司法書士事務所","5～9人","総数"
"102-2024","72J","04","0","00000","2024000000","事業所","156","事業所数","公証人役場、司法書士事務所","10～19人","総数"
"102-2024","72J","05","0","00000","2024000000","事業所","52","事業所数","公証人役場、司法書士事務所","20～29人","総数"
"102-2024","72J","06","0","00000","2024000000","事業所","15","事業所数","公証人役場、司法書士事務所","30～49人","総数"
"102-2024","72J","07","0","00000","2024000000","事業所","5","事業所数","公証人役場、司法書士事務所","50～99人","総数"
"102-2024","72J","08","0","00000","2024000000","事業所","2","事業所数","公証人役場、司法書士事務所","100～199人","総数"
"102-2024","72J","09","0","00000","2024000000","事業所","***","事業所数","公証人役場、司法書士事務所","200～299人","総数"
"102-2024","72J","10","0","00000","2024000000","事業所","***","事業所数","公証人役場、司法書士事務所","300人以上","総数"
"102-2024","72K","00","0","00000","2024000000","事業所","2901","事業所数","土地家屋調査士事務所","総数","総数"
"102-2024","72K","01","0","00000","2024000000","事業所","106","事業所数","土地家屋調査士事務所","0人","総数"
"102-2024","72K","02","0","00000","2024000000","事業所","2497","事業所数","土地家屋調査士事務所","1～4人","総数"
"102-2024","72K","03","0","00000","2024000000","事業所","220","事業所数","土地家屋調査士事務所","5～9人","総数"
"102-2024","72K","04","0","00000","2024000000","事業所","64","事業所数","土地家屋調査士事務所","10～19人","総数"
"102-2024","72K","05","0","00000","2024000000","事業所","8","事業所数","土地家屋調査士事務所","20～29人","総数"
"102-2024","72K","06","0","00000","2024000000","事業所","5","事業所数","土地家屋調査士事務所","30～49人","総数"
"102-2024","72K","07","0","00000","2024000000","事業所","1","事業所数","土地家屋調査士事務所","50～99人","総数"
"102-2024","72K","08","0","00000","2024000000","事業所","***","事業所数","土地家屋調査士事務所","100～199人","総数"
"102-2024","72K","09","0","00000","2024000000","事業所","***","事業所数","土地家屋調査士事務所","200～299人","総数"
"102-2024","72K","10","0","00000","2024000000","事業所","***","事業所数","土地家屋調査士事務所","300人以上","総数"
"102-2024","723","00","0","00000","2024000000","事業所","2546","事業所数","行政書士事務所","総数","総数"
"102-2024","723","01","0","00000","2024000000","事業所","207","事業所数","行政書士事務所","0人","総数"
"102-2024","723","02","0","00000","2024000000","事業所","1953","事業所数","行政書士事務所","1～4人","総数"
"102-2024","723","03","0","00000","2024000000","事業所","269","事業所数","行政書士事務所","5～9人","総数"
"102-2024","723","04","0","00000","2024000000","事業所","81","事業所数","行政書士事務所","10～19人","総数"
"102-2024","723","05","0","00000","2024000000","事業所","19","事業所数","行政書士事務所","20～29人","総数"
"102-2024","723","06","0","00000","2024000000","事業所","14","事業所数","行政書士事務所","30～49人","総数"
"102-2024","723","07","0","00000","2024000000","事業所","2","事業所数","行政書士事務所","50～99人","総数"
"102-2024","723","08","0","00000","2024000000","事業所","1","事業所数","行政書士事務所","100～199人","総数"
"102-2024","723","09","0","00000","2024000000","事業所","***","事業所数","行政書士事務所","200～299人","総数"
"102-2024","723","10","0","00000","2024000000","事業所","***","事業所数","行政書士事務所","300人以上","総数"
"102-2024","724","00","0","00000","2024000000","事業所","24133","事業所数","公認会計士事務所、税理士事務所","総数","総数"
"102-2024","724","01","0","00000","2024000000","事業所","351","事業所数","公認会計士事務所、税理士事務所","0人","総数"
"102-2024","724","02","0","00000","2024000000","事業所","14692","事業所数","公認会計士事務所、税理士事務所","1～4人","総数"
"102-2024","724","03","0","00000","2024000000","事業所","5625","事業所数","公認会計士事務所、税理士事務所","5～9人","総数"
"102-2024","724","04","0","00000","2024000000","事業所","2442","事業所数","公認会計士事務所、税理士事務所","10～19人","総数"
"102-2024","724","05","0","00000","2024000000","事業所","567","事業所数","公認会計士事務所、税理士事務所","20～29人","総数"
"102-2024","724","06","0","00000","2024000000","事業所","288","事業所数","公認会計士事務所、税理士事務所","30～49人","総数"
"102-2024","724","07","0","00000","2024000000","事業所","126","事業所数","公認会計士事務所、税理士事務所","50～99人","総数"
"102-2024","724","08","0","00000","2024000000","事業所","17","事業所数","公認会計士事務所、税理士事務所","100～199人","総数"
"102-2024","724","09","0","00000","2024000000","事業所","8","事業所数","公認会計士事務所、税理士事務所","200～299人","総数"
"102-2024","724","10","0","00000","2024000000","事業所","17","事業所数","公認会計士事務所、税理士事務所","300人以上","総数"
"102-2024","72C","00","0","00000","2024000000","事業所","1658","事業所数","公認会計士事務所","総数","総数"
"102-2024","72C","01","0","00000","2024000000","事業所","60","事業所数","公認会計士事務所","0人","総数"
"102-2024","72C","02","0","00000","2024000000","事業所","966","事業所数","公認会計士事務所","1～4人","総数"
"102-2024","72C","03","0","00000","2024000000","事業所","368","事業所数","公認会計士事務所","5～9人","総数"
"102-2024","72C","04","0","00000","2024000000","事業所","143","事業所数","公認会計士事務所","10～19人","総数"
"102-2024","72C","05","0","00000","2024000000","事業所","46","事業所数","公認会計士事務所","20～29人","総数"
"102-2024","72C","06","0","00000","2024000000","事業所","31","事業所数","公認会計士事務所","30～49人","総数"
"102-2024","72C","07","0","00000","2024000000","事業所","18","事業所数","公認会計士事務所","50～99人","総数"
"102-2024","72C","08","0","00000","2024000000","事業所","8","事業所数","公認会計士事務所","100～199人","総数"
"102-2024","72C","09","0","00000","2024000000","事業所","6","事業所数","公認会計士事務所","200～299人","総数"
"102-2024","72C","10","0","00000","2024000000","事業所","12","事業所数","公認会計士事務所","300人以上","総数"
"102-2024","72D","00","0","00000","2024000000","事業所","22475","事業所数","税理士事務所","総数","総数"
"102-2024","72D","01","0","00000","2024000000","事業所","291","事業所数","税理士事務所","0人","総数"
"102-2024","72D","02","0","00000","2024000000","事業所","13726","事業所数","税理士事務所","1～4人","総数"
"102-2024","72D","03","0","00000","2024000000","事業所","5257","事業所数","税理士事務所","5～9人","総数"
"102-2024","72D","04","0","00000","2024000000","事業所","2299","事業所数","税理士事務所","10～19人","総数"
"102-2024","72D","05","0","00000","2024000000","事業所","521","事業所数","税理士事務所","20～29人","総数"
"102-2024","72D","06","0","00000","2024000000","事業所","257","事業所数","税理士事務所","30～49人","総数"
"102-2024","72D","07","0","00000","2024000000","事業所","108","事業所数","税理士事務所","50～99人","総数"
"102-2024","72D","08","0","00000","2024000000","事業所","9","事業所数","税理士事務所","100～199人","総数"
"102-2024","72D","09","0","00000","2024000000","事業所","2","事業所数","税理士事務所","200～299人","総数"
"102-2024","72D","10","0","00000","2024000000","事業所","5","事業所数","税理士事務所","300人以上","総数"
"102-2024","725","00","0","00000","2024000000","事業所","4859","事業所数","社会保険労務士事務所","総数","総数"
"102-2024","725","01","0","00000","2024000000","事業所","210","事業所数","社会保険労務士事務所","0人","総数"
"102-2024","725","02","0","00000","2024000000","事業所","3305","事業所数","社会保険労務士事務所","1～4人","総数"
"102-2024","725","03","0","00000","2024000000","事業所","928","事業所数","社会保険労務士事務所","5～9人","総数"
"102-2024","725","04","0","00000","2024000000","事業所","279","事業所数","社会保険労務士事務所","10～19人","総数"
"102-2024","725","05","0","00000","2024000000","事業所","88","事業所数","社会保険労務士事務所","20～29人","総数"
"102-2024","725","06","0","00000","2024000000","事業所","37","事業所数","社会保険労務士事務所","30～49人","総数"
"102-2024","725","07","0","00000","2024000000","事業所","9","事業所数","社会保険労務士事務所","50～99人","総数"
"102-2024","725","08","0","00000","2024000000","事業所","2","事業所数","社会保険労務士事務所","100～199人","総数"
"102-2024","725","09","0","00000","2024000000","事業所","***","事業所数","社会保険労務士事務所","200～299人","総数"
"102-2024","725","10","0","00000","2024000000","事業所","1","事業所数","社会保険労務士事務所","300人以上","総数"
"102-2024","726","00","0","00000","2024000000","事業所","8803","事業所数","デザイン業","総数","総数"
"102-2024","726","01","0","00000","2024000000","事業所","1840","事業所数","デザイン業","0人","総数"
"102-2024","726","02","0","00000","2024000000","事業所","5316","事業所数","デザイン業","1～4人","総数"
"102-2024","726","03","0","00000","2024000000","事業所","910","事業所数","デザイン業","5～9人","総数"
"102-2024","726","04","0","00000","2024000000","事業所","431","事業所数","デザイン業","10～19人","総数"
"102-2024","726","05","0","00000","2024000000","事業所","140","事業所数","デザイン業","20～29人","総数"
"102-2024","726","06","0","00000","2024000000","事業所","85","事業所数","デザイン業","30～49人","総数"
"102-2024","726","07","0","00000","2024000000","事業所","57","事業所数","デザイン業","50～99人","総数"
"102-2024","726","08","0","00000","2024000000","事業所","21","事業所数","デザイン業","100～199人","総数"
"102-2024","726","09","0","00000","2024000000","事業所","2","事業所数","デザイン業","200～299人","総数"
"102-2024","726","10","0","00000","2024000000","事業所","1","事業所数","デザイン業","300人以上","総数"
"102-2024","727","00","0","00000","2024000000","事業所","139","事業所数","著述・芸術家業","総数","総数"
"102-2024","727","01","0","00000","2024000000","事業所","5","事業所数","著述・芸術家業","0人","総数"
"102-2024","727","02","0","00000","2024000000","事業所","130","事業所数","著述・芸術家業","1～4人","総数"
"102-2024","727","03","0","00000","2024000000","事業所","3","事業所数","著述・芸術家業","5～9人","総数"
"102-2024","727","04","0","00000","2024000000","事業所","1","事業所数","著述・芸術家業","10～19人","総数"
"102-2024","727","05","0","00000","2024000000","事業所","***","事業所数","著述・芸術家業","20～29人","総数"
"102-2024","727","06","0","00000","2024000000","事業所","***","事業所数","著述・芸術家業","30～49人","総数"
"102-2024","727","07","0","00000","2024000000","事業所","***","事業所数","著述・芸術家業","50～99人","総数"
"102-2024","727","08","0","00000","2024000000","事業所","***","事業所数","著述・芸術家業","100～199人","総数"
"102-2024","727","09","0","00000","2024000000","事業所","***","事業所数","著述・芸術家業","200～299人","総数"
"102-2024","727","10","0","00000","2024000000","事業所","***","事業所数","著述・芸術家業","300人以上","総数"
"102-2024","728","00","0","00000","2024000000","事業所","29249","事業所数","経営コンサルタント業、純粋持株会社","総数","総数"
"102-2024","728","01","0","00000","2024000000","事業所","9349","事業所数","経営コンサルタント業、純粋持株会社","0人","総数"
"102-2024","728","02","0","00000","2024000000","事業所","14400","事業所数","経営コンサルタント業、純粋持株会社","1～4人","総数"
"102-2024","728","03","0","00000","2024000000","事業所","2407","事業所数","経営コンサルタント業、純粋持株会社","5～9人","総数"
"102-2024","728","04","0","00000","2024000000","事業所","1234","事業所数","経営コンサルタント業、純粋持株会社","10～19人","総数"
"102-2024","728","05","0","00000","2024000000","事業所","582","事業所数","経営コンサルタント業、純粋持株会社","20～29人","総数"
"102-2024","728","06","0","00000","2024000000","事業所","482","事業所数","経営コンサルタント業、純粋持株会社","30～49人","総数"
"102-2024","728","07","0","00000","2024000000","事業所","365","事業所数","経営コンサルタント業、純粋持株会社","50～99人","総数"
"102-2024","728","08","0","00000","2024000000","事業所","221","事業所数","経営コンサルタント業、純粋持株会社","100～199人","総数"
"102-2024","728","09","0","00000","2024000000","事業所","77","事業所数","経営コンサルタント業、純粋持株会社","200～299人","総数"
"102-2024","728","10","0","00000","2024000000","事業所","132","事業所数","経営コンサルタント業、純粋持株会社","300人以上","総数"
"102-2024","72E","00","0","00000","2024000000","事業所","25481","事業所数","経営コンサルタント業","総数","総数"
"102-2024","72E","01","0","00000","2024000000","事業所","7954","事業所数","経営コンサルタント業","0人","総数"
"102-2024","72E","02","0","00000","2024000000","事業所","13202","事業所数","経営コンサルタント業","1～4人","総数"
"102-2024","72E","03","0","00000","2024000000","事業所","2132","事業所数","経営コンサルタント業","5～9人","総数"
"102-2024","72E","04","0","00000","2024000000","事業所","979","事業所数","経営コンサルタント業","10～19人","総数"
"102-2024","72E","05","0","00000","2024000000","事業所","428","事業所数","経営コンサルタント業","20～29人","総数"
"102-2024","72E","06","0","00000","2024000000","事業所","334","事業所数","経営コンサルタント業","30～49人","総数"
"102-2024","72E","07","0","00000","2024000000","事業所","213","事業所数","経営コンサルタント業","50～99人","総数"
"102-2024","72E","08","0","00000","2024000000","事業所","123","事業所数","経営コンサルタント業","100～199人","総数"
"102-2024","72E","09","0","00000","2024000000","事業所","39","事業所数","経営コンサルタント業","200～299人","総数"
"102-2024","72E","10","0","00000","2024000000","事業所","77","事業所数","経営コンサルタント業","300人以上","総数"
"102-2024","72F","00","0","00000","2024000000","事業所","3768","事業所数","純粋持株会社","総数","総数"
"102-2024","72F","01","0","00000","2024000000","事業所","1395","事業所数","純粋持株会社","0人","総数"
"102-2024","72F","02","0","00000","2024000000","事業所","1198","事業所数","純粋持株会社","1～4人","総数"
"102-2024","72F","03","0","00000","2024000000","事業所","275","事業所数","純粋持株会社","5～9人","総数"
"102-2024","72F","04","0","00000","2024000000","事業所","255","事業所数","純粋持株会社","10～19人","総数"
"102-2024","72F","05","0","00000","2024000000","事業所","154","事業所数","純粋持株会社","20～29人","総数"
"102-2024","72F","06","0","00000","2024000000","事業所","148","事業所数","純粋持株会社","30～49人","総数"
"102-2024","72F","07","0","00000","2024000000","事業所","152","事業所数","純粋持株会社","50～99人","総数"
"102-2024","72F","08","0","00000","2024000000","事業所","98","事業所数","純粋持株会社","100～199人","総数"
"102-2024","72F","09","0","00000","2024000000","事業所","38","事業所数","純粋持株会社","200～299人","総数"
"102-2024","72F","10","0","00000","2024000000","事業所","55","事業所数","純粋持株会社","300人以上","総数"
"102-2024","729","00","0","00000","2024000000","事業所","37530","事業所数","その他の専門サービス業","総数","総数"
"102-2024","729","01","0","00000","2024000000","事業所","9928","事業所数","その他の専門サービス業","0人","総数"
"102-2024","729","02","0","00000","2024000000","事業所","20801","事業所数","その他の専門サービス業","1～4人","総数"
"102-2024","729","03","0","00000","2024000000","事業所","3626","事業所数","その他の専門サービス業","5～9人","総数"
"102-2024","729","04","0","00000","2024000000","事業所","1668","事業所数","その他の専門サービス業","10～19人","総数"
"102-2024","729","05","0","00000","2024000000","事業所","548","事業所数","その他の専門サービス業","20～29人","総数"
"102-2024","729","06","0","00000","2024000000","事業所","427","事業所数","その他の専門サービス業","30～49人","総数"
"102-2024","729","07","0","00000","2024000000","事業所","305","事業所数","その他の専門サービス業","50～99人","総数"
"102-2024","729","08","0","00000","2024000000","事業所","147","事業所数","その他の専門サービス業","100～199人","総数"
"102-2024","729","09","0","00000","2024000000","事業所","40","事業所数","その他の専門サービス業","200～299人","総数"
"102-2024","729","10","0","00000","2024000000","事業所","40","事業所数","その他の専門サービス業","300人以上","総数"
"102-2024","72G","00","0","00000","2024000000","事業所","414","事業所数","興信所","総数","総数"
"102-2024","72G","01","0","00000","2024000000","事業所","64","事業所数","興信所","0人","総数"
"102-2024","72G","02","0","00000","2024000000","事業所","206","事業所数","興信所","1～4人","総数"
"102-2024","72G","03","0","00000","2024000000","事業所","59","事業所数","興信所","5～9人","総数"
"102-2024","72G","04","0","00000","2024000000","事業所","51","事業所数","興信所","10～19人","総数"
"102-2024","72G","05","0","00000","2024000000","事業所","10","事業所数","興信所","20～29人","総数"
"102-2024","72G","06","0","00000","2024000000","事業所","14","事業所数","興信所","30～49人","総数"
"102-2024","72G","07","0","00000","2024000000","事業所","6","事業所数","興信所","50～99人","総数"
"102-2024","72G","08","0","00000","2024000000","事業所","2","事業所数","興信所","100～199人","総数"
"102-2024","72G","09","0","00000","2024000000","事業所","***","事業所数","興信所","200～299人","総数"
"102-2024","72G","10","0","00000","2024000000","事業所","2","事業所数","興信所","300人以上","総数"
"102-2024","72H","00","0","00000","2024000000","事業所","37116","事業所数","他に分類されない専門サービス業","総数","総数"
"102-2024","72H","01","0","00000","2024000000","事業所","9864","事業所数","他に分類されない専門サービス業","0人","総数"
"102-2024","72H","02","0","00000","2024000000","事業所","20595","事業所数","他に分類されない専門サービス業","1～4人","総数"
"102-2024","72H","03","0","00000","2024000000","事業所","3567","事業所数","他に分類されない専門サービス業","5～9人","総数"
"102-2024","72H","04","0","00000","2024000000","事業所","1617","事業所数","他に分類されない専門サービス業","10～19人","総数"
"102-2024","72H","05","0","00000","2024000000","事業所","538","事業所数","他に分類されない専門サービス業","20～29人","総数"
"102-2024","72H","06","0","00000","2024000000","事業所","413","事業所数","他に分類されない専門サービス業","30～49人","総数"
"102-2024","72H","07","0","00000","2024000000","事業所","299","事業所数","他に分類されない専門サービス業","50～99人","総数"
"102-2024","72H","08","0","00000","2024000000","事業所","145","事業所数","他に分類されない専門サービス業","100～199人","総数"
"102-2024","72H","09","0","00000","2024000000","事業所","40","事業所数","他に分類されない専門サービス業","200～299人","総数"
"102-2024","72H","10","0","00000","2024000000","事業所","38","事業所数","他に分類されない専門サービス業","300人以上","総数"
"102-2024","73","00","0","00000","2024000000","事業所","11973","事業所数","広告業","総数","総数"
"102-2024","73","01","0","00000","2024000000","事業所","2226","事業所数","広告業","0人","総数"
"102-2024","73","02","0","00000","2024000000","事業所","5707","事業所数","広告業","1～4人","総数"
"102-2024","73","03","0","00000","2024000000","事業所","1715","事業所数","広告業","5～9人","総数"
"102-2024","73","04","0","00000","2024000000","事業所","1139","事業所数","広告業","10～19人","総数"
"102-2024","73","05","0","00000","2024000000","事業所","414","事業所数","広告業","20～29人","総数"
"102-2024","73","06","0","00000","2024000000","事業所","338","事業所数","広告業","30～49人","総数"
"102-2024","73","07","0","00000","2024000000","事業所","256","事業所数","広告業","50～99人","総数"
"102-2024","73","08","0","00000","2024000000","事業所","113","事業所数","広告業","100～199人","総数"
"102-2024","73","09","0","00000","2024000000","事業所","18","事業所数","広告業","200～299人","総数"
"102-2024","73","10","0","00000","2024000000","事業所","47","事業所数","広告業","300人以上","総数"
"102-2024","730","00","0","00000","2024000000","事業所","31","事業所数","管理、補助的経済活動を行う事業所（73_広告業）","総数","総数"
"102-2024","730","01","0","00000","2024000000","事業所","2","事業所数","管理、補助的経済活動を行う事業所（73_広告業）","0人","総数"
"102-2024","730","02","0","00000","2024000000","事業所","16","事業所数","管理、補助的経済活動を行う事業所（73_広告業）","1～4人","総数"
"102-2024","730","03","0","00000","2024000000","事業所","6","事業所数","管理、補助的経済活動を行う事業所（73_広告業）","5～9人","総数"
"102-2024","730","04","0","00000","2024000000","事業所","5","事業所数","管理、補助的経済活動を行う事業所（73_広告業）","10～19人","総数"
"102-2024","730","05","0","00000","2024000000","事業所","1","事業所数","管理、補助的経済活動を行う事業所（73_広告業）","20～29人","総数"
"102-2024","730","06","0","00000","2024000000","事業所","***","事業所数","管理、補助的経済活動を行う事業所（73_広告業）","30～49人","総数"
"102-2024","730","07","0","00000","2024000000","事業所","1","事業所数","管理、補助的経済活動を行う事業所（73_広告業）","50～99人","総数"
"102-2024","730","08","0","00000","2024000000","事業所","***","事業所数","管理、補助的経済活動を行う事業所（73_広告業）","100～199人","総数"
"102-2024","730","09","0","00000","2024000000","事業所","***","事業所数","管理、補助的経済活動を行う事業所（73_広告業）","200～299人","総数"
"102-2024","730","10","0","00000","2024000000","事業所","***","事業所数","管理、補助的経済活動を行う事業所（73_広告業）","300人以上","総数"
"102-2024","731","00","0","00000","2024000000","事業所","11942","事業所数","広告業","総数","総数"
"102-2024","731","01","0","00000","2024000000","事業所","2224","事業所数","広告業","0人","総数"
"102-2024","731","02","0","00000","2024000000","事業所","5691","事業所数","広告業","1～4人","総数"
"102-2024","731","03","0","00000","2024000000","事業所","1709","事業所数","広告業","5～9人","総数"
"102-2024","731","04","0","00000","2024000000","事業所","1134","事業所数","広告業","10～19人","総数"
"102-2024","731","05","0","00000","2024000000","事業所","413","事業所数","広告業","20～29人","総数"
"102-2024","731","06","0","00000","2024000000","事業所","338","事業所数","広告業","30～49人","総数"
"102-2024","731","07","0","00000","2024000000","事業所","255","事業所数","広告業","50～99人","総数"
"102-2024","731","08","0","00000","2024000000","事業所","113","事業所数","広告業","100～199人","総数"
"102-2024","731","09","0","00000","2024000000","事業所","18","事業所数","広告業","200～299人","総数"
"102-2024","731","10","0","00000","2024000000","事業所","47","事業所数","広告業","300人以上","総数"
"102-2024","74","00","0","00000","2024000000","事業所","82760","事業所数","技術サービス業（他に分類されないもの）","総数","総数"
"102-2024","74","01","0","00000","2024000000","事業所","8606","事業所数","技術サービス業（他に分類されないもの）","0人","総数"
"102-2024","74","02","0","00000","2024000000","事業所","45812","事業所数","技術サービス業（他に分類されないもの）","1～4人","総数"
"102-2024","74","03","0","00000","2024000000","事業所","12909","事業所数","技術サービス業（他に分類されないもの）","5～9人","総数"
"102-2024","74","04","0","00000","2024000000","事業所","7903","事業所数","技術サービス業（他に分類されないもの）","10～19人","総数"
"102-2024","74","05","0","00000","2024000000","事業所","2843","事業所数","技術サービス業（他に分類されないもの）","20～29人","総数"
"102-2024","74","06","0","00000","2024000000","事業所","2276","事業所数","技術サービス業（他に分類されないもの）","30～49人","総数"
"102-2024","74","07","0","00000","2024000000","事業所","1461","事業所数","技術サービス業（他に分類されないもの）","50～99人","総数"
"102-2024","74","08","0","00000","2024000000","事業所","602","事業所数","技術サービス業（他に分類されないもの）","100～199人","総数"
"102-2024","74","09","0","00000","2024000000","事業所","134","事業所数","技術サービス業（他に分類されないもの）","200～299人","総数"
"102-2024","74","10","0","00000","2024000000","事業所","214","事業所数","技術サービス業（他に分類されないもの）","300人以上","総数"
"102-2024","740","00","0","00000","2024000000","事業所","437","事業所数","管理、補助的経済活動を行う事業所（74_技術サービス業）","総数","総数"
"102-2024","740","01","0","00000","2024000000","事業所","47","事業所数","管理、補助的経済活動を行う事業所（74_技術サービス業）","0人","総数"
"102-2024","740","02","0","00000","2024000000","事業所","245","事業所数","管理、補助的経済活動を行う事業所（74_技術サービス業）","1～4人","総数"
"102-2024","740","03","0","00000","2024000000","事業所","45","事業所数","管理、補助的経済活動を行う事業所（74_技術サービス業）","5～9人","総数"
"102-2024","740","04","0","00000","2024000000","事業所","31","事業所数","管理、補助的経済活動を行う事業所（74_技術サービス業）","10～19人","総数"
"102-2024","740","05","0","00000","2024000000","事業所","20","事業所数","管理、補助的経済活動を行う事業所（74_技術サービス業）","20～29人","総数"
"102-2024","740","06","0","00000","2024000000","事業所","25","事業所数","管理、補助的経済活動を行う事業所（74_技術サービス業）","30～49人","総数"
"102-2024","740","07","0","00000","2024000000","事業所","15","事業所数","管理、補助的経済活動を行う事業所（74_技術サービス業）","50～99人","総数"
"102-2024","740","08","0","00000","2024000000","事業所","7","事業所数","管理、補助的経済活動を行う事業所（74_技術サービス業）","100～199人","総数"
"102-2024","740","09","0","00000","2024000000","事業所","1","事業所数","管理、補助的経済活動を行う事業所（74_技術サービス業）","200～299人","総数"
"102-2024","740","10","0","00000","2024000000","事業所","1","事業所数","管理、補助的経済活動を行う事業所（74_技術サービス業）","300人以上","総数"
"102-2024","741","00","0","00000","2024000000","事業所","8586","事業所数","獣医業","総数","総数"
"102-2024","741","01","0","00000","2024000000","事業所","225","事業所数","獣医業","0人","総数"
"102-2024","741","02","0","00000","2024000000","事業所","5012","事業所数","獣医業","1～4人","総数"
"102-2024","741","03","0","00000","2024000000","事業所","2219","事業所数","獣医業","5～9人","総数"
"102-2024","741","04","0","00000","2024000000","事業所","829","事業所数","獣医業","10～19人","総数"
"102-2024","741","05","0","00000","2024000000","事業所","183","事業所数","獣医業","20～29人","総数"
"102-2024","741","06","0","00000","2024000000","事業所","90","事業所数","獣医業","30～49人","総数"
"102-2024","741","07","0","00000","2024000000","事業所","23","事業所数","獣医業","50～99人","総数"
"102-2024","741","08","0","00000","2024000000","事業所","5","事業所数","獣医業","100～199人","総数"
"102-2024","741","09","0","00000","2024000000","事業所","***","事業所数","獣医業","200～299人","総数"
"102-2024","741","10","0","00000","2024000000","事業所","***","事業所数","獣医業","300人以上","総数"
"102-2024","742","00","0","00000","2024000000","事業所","45495","事業所数","土木建築サービス業","総数","総数"
"102-2024","742","01","0","00000","2024000000","事業所","5290","事業所数","土木建築サービス業","0人","総数"
"102-2024","742","02","0","00000","2024000000","事業所","26940","事業所数","土木建築サービス業","1～4人","総数"
"102-2024","742","03","0","00000","2024000000","事業所","6113","事業所数","土木建築サービス業","5～9人","総数"
"102-2024","742","04","0","00000","2024000000","事業所","3689","事業所数","土木建築サービス業","10～19人","総数"
"102-2024","742","05","0","00000","2024000000","事業所","1374","事業所数","土木建築サービス業","20～29人","総数"
"102-2024","742","06","0","00000","2024000000","事業所","1112","事業所数","土木建築サービス業","30～49人","総数"
"102-2024","742","07","0","00000","2024000000","事業所","647","事業所数","土木建築サービス業","50～99人","総数"
"102-2024","742","08","0","00000","2024000000","事業所","240","事業所数","土木建築サービス業","100～199人","総数"
"102-2024","742","09","0","00000","2024000000","事業所","46","事業所数","土木建築サービス業","200～299人","総数"
"102-2024","742","10","0","00000","2024000000","事業所","44","事業所数","土木建築サービス業","300人以上","総数"
"102-2024","74A","00","0","00000","2024000000","事業所","33537","事業所数","建築設計業","総数","総数"
"102-2024","74A","01","0","00000","2024000000","事業所","4348","事業所数","建築設計業","0人","総数"
"102-2024","74A","02","0","00000","2024000000","事業所","20273","事業所数","建築設計業","1～4人","総数"
"102-2024","74A","03","0","00000","2024000000","事業所","3937","事業所数","建築設計業","5～9人","総数"
"102-2024","74A","04","0","00000","2024000000","事業所","2391","事業所数","建築設計業","10～19人","総数"
"102-2024","74A","05","0","00000","2024000000","事業所","961","事業所数","建築設計業","20～29人","総数"
"102-2024","74A","06","0","00000","2024000000","事業所","810","事業所数","建築設計業","30～49人","総数"
"102-2024","74A","07","0","00000","2024000000","事業所","524","事業所数","建築設計業","50～99人","総数"
"102-2024","74A","08","0","00000","2024000000","事業所","210","事業所数","建築設計業","100～199人","総数"
"102-2024","74A","09","0","00000","2024000000","事業所","42","事業所数","建築設計業","200～299人","総数"
"102-2024","74A","10","0","00000","2024000000","事業所","41","事業所数","建築設計業","300人以上","総数"
"102-2024","74B","00","0","00000","2024000000","事業所","8780","事業所数","測量業","総数","総数"
"102-2024","74B","01","0","00000","2024000000","事業所","684","事業所数","測量業","0人","総数"
"102-2024","74B","02","0","00000","2024000000","事業所","5079","事業所数","測量業","1～4人","総数"
"102-2024","74B","03","0","00000","2024000000","事業所","1574","事業所数","測量業","5～9人","総数"
"102-2024","74B","04","0","00000","2024000000","事業所","897","事業所数","測量業","10～19人","総数"
"102-2024","74B","05","0","00000","2024000000","事業所","281","事業所数","測量業","20～29人","総数"
"102-2024","74B","06","0","00000","2024000000","事業所","182","事業所数","測量業","30～49人","総数"
"102-2024","74B","07","0","00000","2024000000","事業所","55","事業所数","測量業","50～99人","総数"
"102-2024","74B","08","0","00000","2024000000","事業所","23","事業所数","測量業","100～199人","総数"
"102-2024","74B","09","0","00000","2024000000","事業所","2","事業所数","測量業","200～299人","総数"
"102-2024","74B","10","0","00000","2024000000","事業所","3","事業所数","測量業","300人以上","総数"
"102-2024","74C","00","0","00000","2024000000","事業所","3178","事業所数","その他の土木建築サービス業","総数","総数"
"102-2024","74C","01","0","00000","2024000000","事業所","258","事業所数","その他の土木建築サービス業","0人","総数"
"102-2024","74C","02","0","00000","2024000000","事業所","1588","事業所数","その他の土木建築サービス業","1～4人","総数"
"102-2024","74C","03","0","00000","2024000000","事業所","602","事業所数","その他の土木建築サービス業","5～9人","総数"
"102-2024","74C","04","0","00000","2024000000","事業所","401","事業所数","その他の土木建築サービス業","10～19人","総数"
"102-2024","74C","05","0","00000","2024000000","事業所","132","事業所数","その他の土木建築サービス業","20～29人","総数"
"102-2024","74C","06","0","00000","2024000000","事業所","120","事業所数","その他の土木建築サービス業","30～49人","総数"
"102-2024","74C","07","0","00000","2024000000","事業所","68","事業所数","その他の土木建築サービス業","50～99人","総数"
"102-2024","74C","08","0","00000","2024000000","事業所","7","事業所数","その他の土木建築サービス業","100～199人","総数"
"102-2024","74C","09","0","00000","2024000000","事業所","2","事業所数","その他の土木建築サービス業","200～299人","総数"
"102-2024","74C","10","0","00000","2024000000","事業所","***","事業所数","その他の土木建築サービス業","300人以上","総数"
"102-2024","743","00","0","00000","2024000000","事業所","6084","事業所数","機械設計業","総数","総数"
"102-2024","743","01","0","00000","2024000000","事業所","902","事業所数","機械設計業","0人","総数"
"102-2024","743","02","0","00000","2024000000","事業所","3016","事業所数","機械設計業","1～4人","総数"
"102-2024","743","03","0","00000","2024000000","事業所","740","事業所数","機械設計業","5～9人","総数"
"102-2024","743","04","0","00000","2024000000","事業所","533","事業所数","機械設計業","10～19人","総数"
"102-2024","743","05","0","00000","2024000000","事業所","237","事業所数","機械設計業","20～29人","総数"
"102-2024","743","06","0","00000","2024000000","事業所","219","事業所数","機械設計業","30～49人","総数"
"102-2024","743","07","0","00000","2024000000","事業所","204","事業所数","機械設計業","50～99人","総数"
"102-2024","743","08","0","00000","2024000000","事業所","121","事業所数","機械設計業","100～199人","総数"
"102-2024","743","09","0","00000","2024000000","事業所","34","事業所数","機械設計業","200～299人","総数"
"102-2024","743","10","0","00000","2024000000","事業所","78","事業所数","機械設計業","300人以上","総数"
"102-2024","744","00","0","00000","2024000000","事業所","3493","事業所数","商品・非破壊検査業","総数","総数"
"102-2024","744","01","0","00000","2024000000","事業所","218","事業所数","商品・非破壊検査業","0人","総数"
"102-2024","744","02","0","00000","2024000000","事業所","1150","事業所数","商品・非破壊検査業","1～4人","総数"
"102-2024","744","03","0","00000","2024000000","事業所","729","事業所数","商品・非破壊検査業","5～9人","総数"
"102-2024","744","04","0","00000","2024000000","事業所","685","事業所数","商品・非破壊検査業","10～19人","総数"
"102-2024","744","05","0","00000","2024000000","事業所","266","事業所数","商品・非破壊検査業","20～29人","総数"
"102-2024","744","06","0","00000","2024000000","事業所","209","事業所数","商品・非破壊検査業","30～49人","総数"
"102-2024","744","07","0","00000","2024000000","事業所","142","事業所数","商品・非破壊検査業","50～99人","総数"
"102-2024","744","08","0","00000","2024000000","事業所","57","事業所数","商品・非破壊検査業","100～199人","総数"
"102-2024","744","09","0","00000","2024000000","事業所","14","事業所数","商品・非破壊検査業","200～299人","総数"
"102-2024","744","10","0","00000","2024000000","事業所","23","事業所数","商品・非破壊検査業","300人以上","総数"
"102-2024","745","00","0","00000","2024000000","事業所","1666","事業所数","計量証明業","総数","総数"
"102-2024","745","01","0","00000","2024000000","事業所","137","事業所数","計量証明業","0人","総数"
"102-2024","745","02","0","00000","2024000000","事業所","635","事業所数","計量証明業","1～4人","総数"
"102-2024","745","03","0","00000","2024000000","事業所","278","事業所数","計量証明業","5～9人","総数"
"102-2024","745","04","0","00000","2024000000","事業所","227","事業所数","計量証明業","10～19人","総数"
"102-2024","745","05","0","00000","2024000000","事業所","104","事業所数","計量証明業","20～29人","総数"
"102-2024","745","06","0","00000","2024000000","事業所","137","事業所数","計量証明業","30～49人","総数"
"102-2024","745","07","0","00000","2024000000","事業所","89","事業所数","計量証明業","50～99人","総数"
"102-2024","745","08","0","00000","2024000000","事業所","44","事業所数","計量証明業","100～199人","総数"
"102-2024","745","09","0","00000","2024000000","事業所","10","事業所数","計量証明業","200～299人","総数"
"102-2024","745","10","0","00000","2024000000","事業所","5","事業所数","計量証明業","300人以上","総数"
"102-2024","746","00","0","00000","2024000000","事業所","7285","事業所数","写真業","総数","総数"
"102-2024","746","01","0","00000","2024000000","事業所","766","事業所数","写真業","0人","総数"
"102-2024","746","02","0","00000","2024000000","事業所","4555","事業所数","写真業","1～4人","総数"
"102-2024","746","03","0","00000","2024000000","事業所","1168","事業所数","写真業","5～9人","総数"
"102-2024","746","04","0","00000","2024000000","事業所","620","事業所数","写真業","10～19人","総数"
"102-2024","746","05","0","00000","2024000000","事業所","109","事業所数","写真業","20～29人","総数"
"102-2024","746","06","0","00000","2024000000","事業所","44","事業所数","写真業","30～49人","総数"
"102-2024","746","07","0","00000","2024000000","事業所","18","事業所数","写真業","50～99人","総数"
"102-2024","746","08","0","00000","2024000000","事業所","5","事業所数","写真業","100～199人","総数"
"102-2024","746","09","0","00000","2024000000","事業所","***","事業所数","写真業","200～299人","総数"
"102-2024","746","10","0","00000","2024000000","事業所","***","事業所数","写真業","300人以上","総数"
"102-2024","74D","00","0","00000","2024000000","事業所","5895","事業所数","写真業（商業写真業を除く）","総数","総数"
"102-2024","74D","01","0","00000","2024000000","事業所","476","事業所数","写真業（商業写真業を除く）","0人","総数"
"102-2024","74D","02","0","00000","2024000000","事業所","3651","事業所数","写真業（商業写真業を除く）","1～4人","総数"
"102-2024","74D","03","0","00000","2024000000","事業所","1062","事業所数","写真業（商業写真業を除く）","5～9人","総数"
"102-2024","74D","04","0","00000","2024000000","事業所","561","事業所数","写真業（商業写真業を除く）","10～19人","総数"
"102-2024","74D","05","0","00000","2024000000","事業所","92","事業所数","写真業（商業写真業を除く）","20～29人","総数"
"102-2024","74D","06","0","00000","2024000000","事業所","35","事業所数","写真業（商業写真業を除く）","30～49人","総数"
"102-2024","74D","07","0","00000","2024000000","事業所","13","事業所数","写真業（商業写真業を除く）","50～99人","総数"
"102-2024","74D","08","0","00000","2024000000","事業所","5","事業所数","写真業（商業写真業を除く）","100～199人","総数"
"102-2024","74D","09","0","00000","2024000000","事業所","***","事業所数","写真業（商業写真業を除く）","200～299人","総数"
"102-2024","74D","10","0","00000","2024000000","事業所","***","事業所数","写真業（商業写真業を除く）","300人以上","総数"
"102-2024","74E","00","0","00000","2024000000","事業所","1390","事業所数","商業写真業","総数","総数"
"102-2024","74E","01","0","00000","2024000000","事業所","290","事業所数","商業写真業","0人","総数"
"102-2024","74E","02","0","00000","2024000000","事業所","904","事業所数","商業写真業","1～4人","総数"
"102-2024","74E","03","0","00000","2024000000","事業所","106","事業所数","商業写真業","5～9人","総数"
"102-2024","74E","04","0","00000","2024000000","事業所","59","事業所数","商業写真業","10～19人","総数"
"102-2024","74E","05","0","00000","2024000000","事業所","17","事業所数","商業写真業","20～29人","総数"
"102-2024","74E","06","0","00000","2024000000","事業所","9","事業所数","商業写真業","30～49人","総数"
"102-2024","74E","07","0","00000","2024000000","事業所","5","事業所数","商業写真業","50～99人","総数"
"102-2024","74E","08","0","00000","2024000000","事業所","***","事業所数","商業写真業","100～199人","総数"
"102-2024","74E","09","0","00000","2024000000","事業所","***","事業所数","商業写真業","200～299人","総数"
"102-2024","74E","10","0","00000","2024000000","事業所","***","事業所数","商業写真業","300人以上","総数"
"102-2024","749","00","0","00000","2024000000","事業所","9713","事業所数","その他の技術サービス業","総数","総数"
"102-2024","749","01","0","00000","2024000000","事業所","1021","事業所数","その他の技術サービス業","0人","総数"
"102-2024","749","02","0","00000","2024000000","事業所","4258","事業所数","その他の技術サービス業","1～4人","総数"
"102-2024","749","03","0","00000","2024000000","事業所","1617","事業所数","その他の技術サービス業","5～9人","総数"
"102-2024","749","04","0","00000","2024000000","事業所","1289","事業所数","その他の技術サービス業","10～19人","総数"
"102-2024","749","05","0","00000","2024000000","事業所","550","事業所数","その他の技術サービス業","20～29人","総数"
"102-2024","749","06","0","00000","2024000000","事業所","440","事業所数","その他の技術サービス業","30～49人","総数"
"102-2024","749","07","0","00000","2024000000","事業所","323","事業所数","その他の技術サービス業","50～99人","総数"
"102-2024","749","08","0","00000","2024000000","事業所","123","事業所数","その他の技術サービス業","100～199人","総数"
"102-2024","749","09","0","00000","2024000000","事業所","29","事業所数","その他の技術サービス業","200～299人","総数"
"102-2024","749","10","0","00000","2024000000","事業所","63","事業所数","その他の技術サービス業","300人以上","総数"
"102-2024","M","00","0","00000","2024000000","事業所","371131","事業所数","宿泊業、飲食サービス業","総数","総数"
"102-2024","M","01","0","00000","2024000000","事業所","14922","事業所数","宿泊業、飲食サービス業","0人","総数"
"102-2024","M","02","0","00000","2024000000","事業所","163869","事業所数","宿泊業、飲食サービス業","1～4人","総数"
"102-2024","M","03","0","00000","2024000000","事業所","72180","事業所数","宿泊業、飲食サービス業","5～9人","総数"
"102-2024","M","04","0","00000","2024000000","事業所","59133","事業所数","宿泊業、飲食サービス業","10～19人","総数"
"102-2024","M","05","0","00000","2024000000","事業所","31136","事業所数","宿泊業、飲食サービス業","20～29人","総数"
"102-2024","M","06","0","00000","2024000000","事業所","19726","事業所数","宿泊業、飲食サービス業","30～49人","総数"
"102-2024","M","07","0","00000","2024000000","事業所","8257","事業所数","宿泊業、飲食サービス業","50～99人","総数"
"102-2024","M","08","0","00000","2024000000","事業所","1512","事業所数","宿泊業、飲食サービス業","100～199人","総数"
"102-2024","M","09","0","00000","2024000000","事業所","223","事業所数","宿泊業、飲食サービス業","200～299人","総数"
"102-2024","M","10","0","00000","2024000000","事業所","173","事業所数","宿泊業、飲食サービス業","300人以上","総数"
"102-2024","M1","00","0","00000","2024000000","事業所","33801","事業所数","宿泊業","総数","総数"
"102-2024","M1","01","0","00000","2024000000","事業所","3019","事業所数","宿泊業","0人","総数"
"102-2024","M1","02","0","00000","2024000000","事業所","12775","事業所数","宿泊業","1～4人","総数"
"102-2024","M1","03","0","00000","2024000000","事業所","5365","事業所数","宿泊業","5～9人","総数"
"102-2024","M1","04","0","00000","2024000000","事業所","5640","事業所数","宿泊業","10～19人","総数"
"102-2024","M1","05","0","00000","2024000000","事業所","2482","事業所数","宿泊業","20～29人","総数"
"102-2024","M1","06","0","00000","2024000000","事業所","2298","事業所数","宿泊業","30～49人","総数"
"102-2024","M1","07","0","00000","2024000000","事業所","1506","事業所数","宿泊業","50～99人","総数"
"102-2024","M1","08","0","00000","2024000000","事業所","481","事業所数","宿泊業","100～199人","総数"
"102-2024","M1","09","0","00000","2024000000","事業所","129","事業所数","宿泊業","200～299人","総数"
"102-2024","M1","10","0","00000","2024000000","事業所","106","事業所数","宿泊業","300人以上","総数"
"102-2024","75","00","0","00000","2024000000","事業所","33801","事業所数","宿泊業","総数","総数"
"102-2024","75","01","0","00000","2024000000","事業所","3019","事業所数","宿泊業","0人","総数"
"102-2024","75","02","0","00000","2024000000","事業所","12775","事業所数","宿泊業","1～4人","総数"
"102-2024","75","03","0","00000","2024000000","事業所","5365","事業所数","宿泊業","5～9人","総数"
"102-2024","75","04","0","00000","2024000000","事業所","5640","事業所数","宿泊業","10～19人","総数"
"102-2024","75","05","0","00000","2024000000","事業所","2482","事業所数","宿泊業","20～29人","総数"
"102-2024","75","06","0","00000","2024000000","事業所","2298","事業所数","宿泊業","30～49人","総数"
"102-2024","75","07","0","00000","2024000000","事業所","1506","事業所数","宿泊業","50～99人","総数"
"102-2024","75","08","0","00000","2024000000","事業所","481","事業所数","宿泊業","100～199人","総数"
"102-2024","75","09","0","00000","2024000000","事業所","129","事業所数","宿泊業","200～299人","総数"
"102-2024","75","10","0","00000","2024000000","事業所","106","事業所数","宿泊業","300人以上","総数"
"102-2024","750","00","0","00000","2024000000","事業所","328","事業所数","管理、補助的経済活動を行う事業所（75_宿泊業）","総数","総数"
"102-2024","750","01","0","00000","2024000000","事業所","58","事業所数","管理、補助的経済活動を行う事業所（75_宿泊業）","0人","総数"
"102-2024","750","02","0","00000","2024000000","事業所","130","事業所数","管理、補助的経済活動を行う事業所（75_宿泊業）","1～4人","総数"
"102-2024","750","03","0","00000","2024000000","事業所","54","事業所数","管理、補助的経済活動を行う事業所（75_宿泊業）","5～9人","総数"
"102-2024","750","04","0","00000","2024000000","事業所","29","事業所数","管理、補助的経済活動を行う事業所（75_宿泊業）","10～19人","総数"
"102-2024","750","05","0","00000","2024000000","事業所","18","事業所数","管理、補助的経済活動を行う事業所（75_宿泊業）","20～29人","総数"
"102-2024","750","06","0","00000","2024000000","事業所","20","事業所数","管理、補助的経済活動を行う事業所（75_宿泊業）","30～49人","総数"
"102-2024","750","07","0","00000","2024000000","事業所","11","事業所数","管理、補助的経済活動を行う事業所（75_宿泊業）","50～99人","総数"
"102-2024","750","08","0","00000","2024000000","事業所","2","事業所数","管理、補助的経済活動を行う事業所（75_宿泊業）","100～199人","総数"
"102-2024","750","09","0","00000","2024000000","事業所","3","事業所数","管理、補助的経済活動を行う事業所（75_宿泊業）","200～299人","総数"
"102-2024","750","10","0","00000","2024000000","事業所","3","事業所数","管理、補助的経済活動を行う事業所（75_宿泊業）","300人以上","総数"
"102-2024","751","00","0","00000","2024000000","事業所","26095","事業所数","旅館、ホテル","総数","総数"
"102-2024","751","01","0","00000","2024000000","事業所","1750","事業所数","旅館、ホテル","0人","総数"
"102-2024","751","02","0","00000","2024000000","事業所","8602","事業所数","旅館、ホテル","1～4人","総数"
"102-2024","751","03","0","00000","2024000000","事業所","4140","事業所数","旅館、ホテル","5～9人","総数"
"102-2024","751","04","0","00000","2024000000","事業所","5026","事業所数","旅館、ホテル","10～19人","総数"
"102-2024","751","05","0","00000","2024000000","事業所","2301","事業所数","旅館、ホテル","20～29人","総数"
"102-2024","751","06","0","00000","2024000000","事業所","2171","事業所数","旅館、ホテル","30～49人","総数"
"102-2024","751","07","0","00000","2024000000","事業所","1430","事業所数","旅館、ホテル","50～99人","総数"
"102-2024","751","08","0","00000","2024000000","事業所","466","事業所数","旅館、ホテル","100～199人","総数"
"102-2024","751","09","0","00000","2024000000","事業所","116","事業所数","旅館、ホテル","200～299人","総数"
"102-2024","751","10","0","00000","2024000000","事業所","93","事業所数","旅館、ホテル","300人以上","総数"
"102-2024","752","00","0","00000","2024000000","事業所","1997","事業所数","簡易宿所","総数","総数"
"102-2024","752","01","0","00000","2024000000","事業所","305","事業所数","簡易宿所","0人","総数"
"102-2024","752","02","0","00000","2024000000","事業所","1198","事業所数","簡易宿所","1～4人","総数"
"102-2024","752","03","0","00000","2024000000","事業所","264","事業所数","簡易宿所","5～9人","総数"
"102-2024","752","04","0","00000","2024000000","事業所","134","事業所数","簡易宿所","10～19人","総数"
"102-2024","752","05","0","00000","2024000000","事業所","53","事業所数","簡易宿所","20～29人","総数"
"102-2024","752","06","0","00000","2024000000","事業所","30","事業所数","簡易宿所","30～49人","総数"
"102-2024","752","07","0","00000","2024000000","事業所","12","事業所数","簡易宿所","50～99人","総数"
"102-2024","752","08","0","00000","2024000000","事業所","***","事業所数","簡易宿所","100～199人","総数"
"102-2024","752","09","0","00000","2024000000","事業所","1","事業所数","簡易宿所","200～299人","総数"
"102-2024","752","10","0","00000","2024000000","事業所","***","事業所数","簡易宿所","300人以上","総数"
"102-2024","753","00","0","00000","2024000000","事業所","264","事業所数","下宿業","総数","総数"
"102-2024","753","01","0","00000","2024000000","事業所","27","事業所数","下宿業","0人","総数"
"102-2024","753","02","0","00000","2024000000","事業所","180","事業所数","下宿業","1～4人","総数"
"102-2024","753","03","0","00000","2024000000","事業所","39","事業所数","下宿業","5～9人","総数"
"102-2024","753","04","0","00000","2024000000","事業所","16","事業所数","下宿業","10～19人","総数"
"102-2024","753","05","0","00000","2024000000","事業所","1","事業所数","下宿業","20～29人","総数"
"102-2024","753","06","0","00000","2024000000","事業所","***","事業所数","下宿業","30～49人","総数"
"102-2024","753","07","0","00000","2024000000","事業所","***","事業所数","下宿業","50～99人","総数"
"102-2024","753","08","0","00000","2024000000","事業所","1","事業所数","下宿業","100～199人","総数"
"102-2024","753","09","0","00000","2024000000","事業所","***","事業所数","下宿業","200～299人","総数"
"102-2024","753","10","0","00000","2024000000","事業所","***","事業所数","下宿業","300人以上","総数"
"102-2024","759","00","0","00000","2024000000","事業所","5113","事業所数","その他の宿泊業","総数","総数"
"102-2024","759","01","0","00000","2024000000","事業所","877","事業所数","その他の宿泊業","0人","総数"
"102-2024","759","02","0","00000","2024000000","事業所","2663","事業所数","その他の宿泊業","1～4人","総数"
"102-2024","759","03","0","00000","2024000000","事業所","868","事業所数","その他の宿泊業","5～9人","総数"
"102-2024","759","04","0","00000","2024000000","事業所","435","事業所数","その他の宿泊業","10～19人","総数"
"102-2024","759","05","0","00000","2024000000","事業所","109","事業所数","その他の宿泊業","20～29人","総数"
"102-2024","759","06","0","00000","2024000000","事業所","77","事業所数","その他の宿泊業","30～49人","総数"
"102-2024","759","07","0","00000","2024000000","事業所","53","事業所数","その他の宿泊業","50～99人","総数"
"102-2024","759","08","0","00000","2024000000","事業所","12","事業所数","その他の宿泊業","100～199人","総数"
"102-2024","759","09","0","00000","2024000000","事業所","9","事業所数","その他の宿泊業","200～299人","総数"
"102-2024","759","10","0","00000","2024000000","事業所","10","事業所数","その他の宿泊業","300人以上","総数"
"102-2024","75A","00","0","00000","2024000000","事業所","753","事業所数","会社・団体の宿泊所","総数","総数"
"102-2024","75A","01","0","00000","2024000000","事業所","111","事業所数","会社・団体の宿泊所","0人","総数"
"102-2024","75A","02","0","00000","2024000000","事業所","335","事業所数","会社・団体の宿泊所","1～4人","総数"
"102-2024","75A","03","0","00000","2024000000","事業所","103","事業所数","会社・団体の宿泊所","5～9人","総数"
"102-2024","75A","04","0","00000","2024000000","事業所","93","事業所数","会社・団体の宿泊所","10～19人","総数"
"102-2024","75A","05","0","00000","2024000000","事業所","35","事業所数","会社・団体の宿泊所","20～29人","総数"
"102-2024","75A","06","0","00000","2024000000","事業所","42","事業所数","会社・団体の宿泊所","30～49人","総数"
"102-2024","75A","07","0","00000","2024000000","事業所","31","事業所数","会社・団体の宿泊所","50～99人","総数"
"102-2024","75A","08","0","00000","2024000000","事業所","3","事業所数","会社・団体の宿泊所","100～199人","総数"
"102-2024","75A","09","0","00000","2024000000","事業所","***","事業所数","会社・団体の宿泊所","200～299人","総数"
"102-2024","75A","10","0","00000","2024000000","事業所","***","事業所数","会社・団体の宿泊所","300人以上","総数"
"102-2024","75B","00","0","00000","2024000000","事業所","4360","事業所数","他に分類されない宿泊業","総数","総数"
"102-2024","75B","01","0","00000","2024000000","事業所","766","事業所数","他に分類されない宿泊業","0人","総数"
"102-2024","75B","02","0","00000","2024000000","事業所","2328","事業所数","他に分類されない宿泊業","1～4人","総数"
"102-2024","75B","03","0","00000","2024000000","事業所","765","事業所数","他に分類されない宿泊業","5～9人","総数"
"102-2024","75B","04","0","00000","2024000000","事業所","342","事業所数","他に分類されない宿泊業","10～19人","総数"
"102-2024","75B","05","0","00000","2024000000","事業所","74","事業所数","他に分類されない宿泊業","20～29人","総数"
"102-2024","75B","06","0","00000","2024000000","事業所","35","事業所数","他に分類されない宿泊業","30～49人","総数"
"102-2024","75B","07","0","00000","2024000000","事業所","22","事業所数","他に分類されない宿泊業","50～99人","総数"
"102-2024","75B","08","0","00000","2024000000","事業所","9","事業所数","他に分類されない宿泊業","100～199人","総数"
"102-2024","75B","09","0","00000","2024000000","事業所","9","事業所数","他に分類されない宿泊業","200～299人","総数"
"102-2024","75B","10","0","00000","2024000000","事業所","10","事業所数","他に分類されない宿泊業","300人以上","総数"
"102-2024","M2","00","0","00000","2024000000","事業所","337330","事業所数","飲食店、持ち帰り・配達飲食サービス業","総数","総数"
"102-2024","M2","01","0","00000","2024000000","事業所","11903","事業所数","飲食店、持ち帰り・配達飲食サービス業","0人","総数"
"102-2024","M2","02","0","00000","2024000000","事業所","151094","事業所数","飲食店、持ち帰り・配達飲食サービス業","1～4人","総数"
"102-2024","M2","03","0","00000","2024000000","事業所","66815","事業所数","飲食店、持ち帰り・配達飲食サービス業","5～9人","総数"
"102-2024","M2","04","0","00000","2024000000","事業所","53493","事業所数","飲食店、持ち帰り・配達飲食サービス業","10～19人","総数"
"102-2024","M2","05","0","00000","2024000000","事業所","28654","事業所数","飲食店、持ち帰り・配達飲食サービス業","20～29人","総数"
"102-2024","M2","06","0","00000","2024000000","事業所","17428","事業所数","飲食店、持ち帰り・配達飲食サービス業","30～49人","総数"
"102-2024","M2","07","0","00000","2024000000","事業所","6751","事業所数","飲食店、持ち帰り・配達飲食サービス業","50～99人","総数"
"102-2024","M2","08","0","00000","2024000000","事業所","1031","事業所数","飲食店、持ち帰り・配達飲食サービス業","100～199人","総数"
"102-2024","M2","09","0","00000","2024000000","事業所","94","事業所数","飲食店、持ち帰り・配達飲食サービス業","200～299人","総数"
"102-2024","M2","10","0","00000","2024000000","事業所","67","事業所数","飲食店、持ち帰り・配達飲食サービス業","300人以上","総数"
"102-2024","76","00","0","00000","2024000000","事業所","287248","事業所数","飲食店","総数","総数"
"102-2024","76","01","0","00000","2024000000","事業所","11172","事業所数","飲食店","0人","総数"
"102-2024","76","02","0","00000","2024000000","事業所","135615","事業所数","飲食店","1～4人","総数"
"102-2024","76","03","0","00000","2024000000","事業所","49817","事業所数","飲食店","5～9人","総数"
"102-2024","76","04","0","00000","2024000000","事業所","42381","事業所数","飲食店","10～19人","総数"
"102-2024","76","05","0","00000","2024000000","事業所","25615","事業所数","飲食店","20～29人","総数"
"102-2024","76","06","0","00000","2024000000","事業所","15595","事業所数","飲食店","30～49人","総数"
"102-2024","76","07","0","00000","2024000000","事業所","6113","事業所数","飲食店","50～99人","総数"
"102-2024","76","08","0","00000","2024000000","事業所","863","事業所数","飲食店","100～199人","総数"
"102-2024","76","09","0","00000","2024000000","事業所","46","事業所数","飲食店","200～299人","総数"
"102-2024","76","10","0","00000","2024000000","事業所","31","事業所数","飲食店","300人以上","総数"
"102-2024","760","00","0","00000","2024000000","事業所","3306","事業所数","管理、補助的経済活動を行う事業所（76_飲食店）","総数","総数"
"102-2024","760","01","0","00000","2024000000","事業所","534","事業所数","管理、補助的経済活動を行う事業所（76_飲食店）","0人","総数"
"102-2024","760","02","0","00000","2024000000","事業所","1867","事業所数","管理、補助的経済活動を行う事業所（76_飲食店）","1～4人","総数"
"102-2024","760","03","0","00000","2024000000","事業所","415","事業所数","管理、補助的経済活動を行う事業所（76_飲食店）","5～9人","総数"
"102-2024","760","04","0","00000","2024000000","事業所","213","事業所数","管理、補助的経済活動を行う事業所（76_飲食店）","10～19人","総数"
"102-2024","760","05","0","00000","2024000000","事業所","99","事業所数","管理、補助的経済活動を行う事業所（76_飲食店）","20～29人","総数"
"102-2024","760","06","0","00000","2024000000","事業所","71","事業所数","管理、補助的経済活動を行う事業所（76_飲食店）","30～49人","総数"
"102-2024","760","07","0","00000","2024000000","事業所","63","事業所数","管理、補助的経済活動を行う事業所（76_飲食店）","50～99人","総数"
"102-2024","760","08","0","00000","2024000000","事業所","28","事業所数","管理、補助的経済活動を行う事業所（76_飲食店）","100～199人","総数"
"102-2024","760","09","0","00000","2024000000","事業所","9","事業所数","管理、補助的経済活動を行う事業所（76_飲食店）","200～299人","総数"
"102-2024","760","10","0","00000","2024000000","事業所","7","事業所数","管理、補助的経済活動を行う事業所（76_飲食店）","300人以上","総数"
"102-2024","761","00","0","00000","2024000000","事業所","27488","事業所数","食堂、レストラン（専門料理店を除く）","総数","総数"
"102-2024","761","01","0","00000","2024000000","事業所","636","事業所数","食堂、レストラン（専門料理店を除く）","0人","総数"
"102-2024","761","02","0","00000","2024000000","事業所","12145","事業所数","食堂、レストラン（専門料理店を除く）","1～4人","総数"
"102-2024","761","03","0","00000","2024000000","事業所","5286","事業所数","食堂、レストラン（専門料理店を除く）","5～9人","総数"
"102-2024","761","04","0","00000","2024000000","事業所","3653","事業所数","食堂、レストラン（専門料理店を除く）","10～19人","総数"
"102-2024","761","05","0","00000","2024000000","事業所","3629","事業所数","食堂、レストラン（専門料理店を除く）","20～29人","総数"
"102-2024","761","06","0","00000","2024000000","事業所","1789","事業所数","食堂、レストラン（専門料理店を除く）","30～49人","総数"
"102-2024","761","07","0","00000","2024000000","事業所","288","事業所数","食堂、レストラン（専門料理店を除く）","50～99人","総数"
"102-2024","761","08","0","00000","2024000000","事業所","48","事業所数","食堂、レストラン（専門料理店を除く）","100～199人","総数"
"102-2024","761","09","0","00000","2024000000","事業所","8","事業所数","食堂、レストラン（専門料理店を除く）","200～299人","総数"
"102-2024","761","10","0","00000","2024000000","事業所","6","事業所数","食堂、レストラン（専門料理店を除く）","300人以上","総数"
"102-2024","762","00","0","00000","2024000000","事業所","119120","事業所数","専門料理店","総数","総数"
"102-2024","762","01","0","00000","2024000000","事業所","3379","事業所数","専門料理店","0人","総数"
"102-2024","762","02","0","00000","2024000000","事業所","51566","事業所数","専門料理店","1～4人","総数"
"102-2024","762","03","0","00000","2024000000","事業所","23281","事業所数","専門料理店","5～9人","総数"
"102-2024","762","04","0","00000","2024000000","事業所","20655","事業所数","専門料理店","10～19人","総数"
"102-2024","762","05","0","00000","2024000000","事業所","11610","事業所数","専門料理店","20～29人","総数"
"102-2024","762","06","0","00000","2024000000","事業所","6500","事業所数","専門料理店","30～49人","総数"
"102-2024","762","07","0","00000","2024000000","事業所","1935","事業所数","専門料理店","50～99人","総数"
"102-2024","762","08","0","00000","2024000000","事業所","177","事業所数","専門料理店","100～199人","総数"
"102-2024","762","09","0","00000","2024000000","事業所","12","事業所数","専門料理店","200～299人","総数"
"102-2024","762","10","0","00000","2024000000","事業所","5","事業所数","専門料理店","300人以上","総数"
"102-2024","76A","00","0","00000","2024000000","事業所","40116","事業所数","日本料理店","総数","総数"
"102-2024","76A","01","0","00000","2024000000","事業所","1137","事業所数","日本料理店","0人","総数"
"102-2024","76A","02","0","00000","2024000000","事業所","16831","事業所数","日本料理店","1～4人","総数"
"102-2024","76A","03","0","00000","2024000000","事業所","8218","事業所数","日本料理店","5～9人","総数"
"102-2024","76A","04","0","00000","2024000000","事業所","6672","事業所数","日本料理店","10～19人","総数"
"102-2024","76A","05","0","00000","2024000000","事業所","4469","事業所数","日本料理店","20～29人","総数"
"102-2024","76A","06","0","00000","2024000000","事業所","2181","事業所数","日本料理店","30～49人","総数"
"102-2024","76A","07","0","00000","2024000000","事業所","561","事業所数","日本料理店","50～99人","総数"
"102-2024","76A","08","0","00000","2024000000","事業所","44","事業所数","日本料理店","100～199人","総数"
"102-2024","76A","09","0","00000","2024000000","事業所","2","事業所数","日本料理店","200～299人","総数"
"102-2024","76A","10","0","00000","2024000000","事業所","1","事業所数","日本料理店","300人以上","総数"
"102-2024","76B","00","0","00000","2024000000","事業所","32833","事業所数","中華料理店","総数","総数"
"102-2024","76B","01","0","00000","2024000000","事業所","814","事業所数","中華料理店","0人","総数"
"102-2024","76B","02","0","00000","2024000000","事業所","15122","事業所数","中華料理店","1～4人","総数"
"102-2024","76B","03","0","00000","2024000000","事業所","6703","事業所数","中華料理店","5～9人","総数"
"102-2024","76B","04","0","00000","2024000000","事業所","5887","事業所数","中華料理店","10～19人","総数"
"102-2024","76B","05","0","00000","2024000000","事業所","2769","事業所数","中華料理店","20～29人","総数"
"102-2024","76B","06","0","00000","2024000000","事業所","1158","事業所数","中華料理店","30～49人","総数"
"102-2024","76B","07","0","00000","2024000000","事業所","337","事業所数","中華料理店","50～99人","総数"
"102-2024","76B","08","0","00000","2024000000","事業所","39","事業所数","中華料理店","100～199人","総数"
"102-2024","76B","09","0","00000","2024000000","事業所","3","事業所数","中華料理店","200～299人","総数"
"102-2024","76B","10","0","00000","2024000000","事業所","1","事業所数","中華料理店","300人以上","総数"
"102-2024","76C","00","0","00000","2024000000","事業所","13554","事業所数","焼肉店","総数","総数"
"102-2024","76C","01","0","00000","2024000000","事業所","332","事業所数","焼肉店","0人","総数"
"102-2024","76C","02","0","00000","2024000000","事業所","4967","事業所数","焼肉店","1～4人","総数"
"102-2024","76C","03","0","00000","2024000000","事業所","2539","事業所数","焼肉店","5～9人","総数"
"102-2024","76C","04","0","00000","2024000000","事業所","2772","事業所数","焼肉店","10～19人","総数"
"102-2024","76C","05","0","00000","2024000000","事業所","1310","事業所数","焼肉店","20～29人","総数"
"102-2024","76C","06","0","00000","2024000000","事業所","1050","事業所数","焼肉店","30～49人","総数"
"102-2024","76C","07","0","00000","2024000000","事業所","543","事業所数","焼肉店","50～99人","総数"
"102-2024","76C","08","0","00000","2024000000","事業所","40","事業所数","焼肉店","100～199人","総数"
"102-2024","76C","09","0","00000","2024000000","事業所","1","事業所数","焼肉店","200～299人","総数"
"102-2024","76C","10","0","00000","2024000000","事業所","***","事業所数","焼肉店","300人以上","総数"
"102-2024","76D","00","0","00000","2024000000","事業所","32617","事業所数","その他の専門料理店","総数","総数"
"102-2024","76D","01","0","00000","2024000000","事業所","1096","事業所数","その他の専門料理店","0人","総数"
"102-2024","76D","02","0","00000","2024000000","事業所","14646","事業所数","その他の専門料理店","1～4人","総数"
"102-2024","76D","03","0","00000","2024000000","事業所","5821","事業所数","その他の専門料理店","5～9人","総数"
"102-2024","76D","04","0","00000","2024000000","事業所","5324","事業所数","その他の専門料理店","10～19人","総数"
"102-2024","76D","05","0","00000","2024000000","事業所","3062","事業所数","その他の専門料理店","20～29人","総数"
"102-2024","76D","06","0","00000","2024000000","事業所","2111","事業所数","その他の専門料理店","30～49人","総数"
"102-2024","76D","07","0","00000","2024000000","事業所","494","事業所数","その他の専門料理店","50～99人","総数"
"102-2024","76D","08","0","00000","2024000000","事業所","54","事業所数","その他の専門料理店","100～199人","総数"
"102-2024","76D","09","0","00000","2024000000","事業所","6","事業所数","その他の専門料理店","200～299人","総数"
"102-2024","76D","10","0","00000","2024000000","事業所","3","事業所数","その他の専門料理店","300人以上","総数"
"102-2024","763","00","0","00000","2024000000","事業所","17138","事業所数","そば・うどん店","総数","総数"
"102-2024","763","01","0","00000","2024000000","事業所","422","事業所数","そば・うどん店","0人","総数"
"102-2024","763","02","0","00000","2024000000","事業所","8377","事業所数","そば・うどん店","1～4人","総数"
"102-2024","763","03","0","00000","2024000000","事業所","3356","事業所数","そば・うどん店","5～9人","総数"
"102-2024","763","04","0","00000","2024000000","事業所","2822","事業所数","そば・うどん店","10～19人","総数"
"102-2024","763","05","0","00000","2024000000","事業所","1435","事業所数","そば・うどん店","20～29人","総数"
"102-2024","763","06","0","00000","2024000000","事業所","674","事業所数","そば・うどん店","30～49人","総数"
"102-2024","763","07","0","00000","2024000000","事業所","43","事業所数","そば・うどん店","50～99人","総数"
"102-2024","763","08","0","00000","2024000000","事業所","6","事業所数","そば・うどん店","100～199人","総数"
"102-2024","763","09","0","00000","2024000000","事業所","2","事業所数","そば・うどん店","200～299人","総数"
"102-2024","763","10","0","00000","2024000000","事業所","1","事業所数","そば・うどん店","300人以上","総数"
"102-2024","764","00","0","00000","2024000000","事業所","12657","事業所数","すし店","総数","総数"
"102-2024","764","01","0","00000","2024000000","事業所","417","事業所数","すし店","0人","総数"
"102-2024","764","02","0","00000","2024000000","事業所","6094","事業所数","すし店","1～4人","総数"
"102-2024","764","03","0","00000","2024000000","事業所","1487","事業所数","すし店","5～9人","総数"
"102-2024","764","04","0","00000","2024000000","事業所","1105","事業所数","すし店","10～19人","総数"
"102-2024","764","05","0","00000","2024000000","事業所","1006","事業所数","すし店","20～29人","総数"
"102-2024","764","06","0","00000","2024000000","事業所","853","事業所数","すし店","30～49人","総数"
"102-2024","764","07","0","00000","2024000000","事業所","1290","事業所数","すし店","50～99人","総数"
"102-2024","764","08","0","00000","2024000000","事業所","400","事業所数","すし店","100～199人","総数"
"102-2024","764","09","0","00000","2024000000","事業所","3","事業所数","すし店","200～299人","総数"
"102-2024","764","10","0","00000","2024000000","事業所","2","事業所数","すし店","300人以上","総数"
"102-2024","765","00","0","00000","2024000000","事業所","46160","事業所数","酒場、ビヤホール","総数","総数"
"102-2024","765","01","0","00000","2024000000","事業所","2247","事業所数","酒場、ビヤホール","0人","総数"
"102-2024","765","02","0","00000","2024000000","事業所","25547","事業所数","酒場、ビヤホール","1～4人","総数"
"102-2024","765","03","0","00000","2024000000","事業所","7779","事業所数","酒場、ビヤホール","5～9人","総数"
"102-2024","765","04","0","00000","2024000000","事業所","6586","事業所数","酒場、ビヤホール","10～19人","総数"
"102-2024","765","05","0","00000","2024000000","事業所","2352","事業所数","酒場、ビヤホール","20～29人","総数"
"102-2024","765","06","0","00000","2024000000","事業所","1341","事業所数","酒場、ビヤホール","30～49人","総数"
"102-2024","765","07","0","00000","2024000000","事業所","254","事業所数","酒場、ビヤホール","50～99人","総数"
"102-2024","765","08","0","00000","2024000000","事業所","41","事業所数","酒場、ビヤホール","100～199人","総数"
"102-2024","765","09","0","00000","2024000000","事業所","7","事業所数","酒場、ビヤホール","200～299人","総数"
"102-2024","765","10","0","00000","2024000000","事業所","6","事業所数","酒場、ビヤホール","300人以上","総数"
"102-2024","766","00","0","00000","2024000000","事業所","17715","事業所数","バー、キャバレー、ナイトクラブ","総数","総数"
"102-2024","766","01","0","00000","2024000000","事業所","1862","事業所数","バー、キャバレー、ナイトクラブ","0人","総数"
"102-2024","766","02","0","00000","2024000000","事業所","12059","事業所数","バー、キャバレー、ナイトクラブ","1～4人","総数"
"102-2024","766","03","0","00000","2024000000","事業所","2336","事業所数","バー、キャバレー、ナイトクラブ","5～9人","総数"
"102-2024","766","04","0","00000","2024000000","事業所","1033","事業所数","バー、キャバレー、ナイトクラブ","10～19人","総数"
"102-2024","766","05","0","00000","2024000000","事業所","258","事業所数","バー、キャバレー、ナイトクラブ","20～29人","総数"
"102-2024","766","06","0","00000","2024000000","事業所","139","事業所数","バー、キャバレー、ナイトクラブ","30～49人","総数"
"102-2024","766","07","0","00000","2024000000","事業所","23","事業所数","バー、キャバレー、ナイトクラブ","50～99人","総数"
"102-2024","766","08","0","00000","2024000000","事業所","3","事業所数","バー、キャバレー、ナイトクラブ","100～199人","総数"
"102-2024","766","09","0","00000","2024000000","事業所","1","事業所数","バー、キャバレー、ナイトクラブ","200～299人","総数"
"102-2024","766","10","0","00000","2024000000","事業所","1","事業所数","バー、キャバレー、ナイトクラブ","300人以上","総数"
"102-2024","767","00","0","00000","2024000000","事業所","27309","事業所数","喫茶店","総数","総数"
"102-2024","767","01","0","00000","2024000000","事業所","1136","事業所数","喫茶店","0人","総数"
"102-2024","767","02","0","00000","2024000000","事業所","13379","事業所数","喫茶店","1～4人","総数"
"102-2024","767","03","0","00000","2024000000","事業所","3841","事業所数","喫茶店","5～9人","総数"
"102-2024","767","04","0","00000","2024000000","事業所","3576","事業所数","喫茶店","10～19人","総数"
"102-2024","767","05","0","00000","2024000000","事業所","2989","事業所数","喫茶店","20～29人","総数"
"102-2024","767","06","0","00000","2024000000","事業所","2155","事業所数","喫茶店","30～49人","総数"
"102-2024","767","07","0","00000","2024000000","事業所","205","事業所数","喫茶店","50～99人","総数"
"102-2024","767","08","0","00000","2024000000","事業所","25","事業所数","喫茶店","100～199人","総数"
"102-2024","767","09","0","00000","2024000000","事業所","2","事業所数","喫茶店","200～299人","総数"
"102-2024","767","10","0","00000","2024000000","事業所","1","事業所数","喫茶店","300人以上","総数"
"102-2024","769","00","0","00000","2024000000","事業所","16256","事業所数","その他の飲食店","総数","総数"
"102-2024","769","01","0","00000","2024000000","事業所","513","事業所数","その他の飲食店","0人","総数"
"102-2024","769","02","0","00000","2024000000","事業所","4540","事業所数","その他の飲食店","1～4人","総数"
"102-2024","769","03","0","00000","2024000000","事業所","2018","事業所数","その他の飲食店","5～9人","総数"
"102-2024","769","04","0","00000","2024000000","事業所","2728","事業所数","その他の飲食店","10～19人","総数"
"102-2024","769","05","0","00000","2024000000","事業所","2234","事業所数","その他の飲食店","20～29人","総数"
"102-2024","769","06","0","00000","2024000000","事業所","2073","事業所数","その他の飲食店","30～49人","総数"
"102-2024","769","07","0","00000","2024000000","事業所","2012","事業所数","その他の飲食店","50～99人","総数"
"102-2024","769","08","0","00000","2024000000","事業所","134","事業所数","その他の飲食店","100～199人","総数"
"102-2024","769","09","0","00000","2024000000","事業所","2","事業所数","その他の飲食店","200～299人","総数"
"102-2024","769","10","0","00000","2024000000","事業所","2","事業所数","その他の飲食店","300人以上","総数"
"102-2024","76E","00","0","00000","2024000000","事業所","5663","事業所数","ハンバーガー店","総数","総数"
"102-2024","76E","01","0","00000","2024000000","事業所","98","事業所数","ハンバーガー店","0人","総数"
"102-2024","76E","02","0","00000","2024000000","事業所","514","事業所数","ハンバーガー店","1～4人","総数"
"102-2024","76E","03","0","00000","2024000000","事業所","317","事業所数","ハンバーガー店","5～9人","総数"
"102-2024","76E","04","0","00000","2024000000","事業所","768","事業所数","ハンバーガー店","10～19人","総数"
"102-2024","76E","05","0","00000","2024000000","事業所","891","事業所数","ハンバーガー店","20～29人","総数"
"102-2024","76E","06","0","00000","2024000000","事業所","1060","事業所数","ハンバーガー店","30～49人","総数"
"102-2024","76E","07","0","00000","2024000000","事業所","1885","事業所数","ハンバーガー店","50～99人","総数"
"102-2024","76E","08","0","00000","2024000000","事業所","127","事業所数","ハンバーガー店","100～199人","総数"
"102-2024","76E","09","0","00000","2024000000","事業所","2","事業所数","ハンバーガー店","200～299人","総数"
"102-2024","76E","10","0","00000","2024000000","事業所","1","事業所数","ハンバーガー店","300人以上","総数"
"102-2024","76F","00","0","00000","2024000000","事業所","5160","事業所数","お好み焼・焼きそば・たこ焼店","総数","総数"
"102-2024","76F","01","0","00000","2024000000","事業所","283","事業所数","お好み焼・焼きそば・たこ焼店","0人","総数"
"102-2024","76F","02","0","00000","2024000000","事業所","2838","事業所数","お好み焼・焼きそば・たこ焼店","1～4人","総数"
"102-2024","76F","03","0","00000","2024000000","事業所","911","事業所数","お好み焼・焼きそば・たこ焼店","5～9人","総数"
"102-2024","76F","04","0","00000","2024000000","事業所","709","事業所数","お好み焼・焼きそば・たこ焼店","10～19人","総数"
"102-2024","76F","05","0","00000","2024000000","事業所","257","事業所数","お好み焼・焼きそば・たこ焼店","20～29人","総数"
"102-2024","76F","06","0","00000","2024000000","事業所","128","事業所数","お好み焼・焼きそば・たこ焼店","30～49人","総数"
"102-2024","76F","07","0","00000","2024000000","事業所","27","事業所数","お好み焼・焼きそば・たこ焼店","50～99人","総数"
"102-2024","76F","08","0","00000","2024000000","事業所","6","事業所数","お好み焼・焼きそば・たこ焼店","100～199人","総数"
"102-2024","76F","09","0","00000","2024000000","事業所","***","事業所数","お好み焼・焼きそば・たこ焼店","200～299人","総数"
"102-2024","76F","10","0","00000","2024000000","事業所","1","事業所数","お好み焼・焼きそば・たこ焼店","300人以上","総数"
"102-2024","76G","00","0","00000","2024000000","事業所","5433","事業所数","他に分類されない飲食店","総数","総数"
"102-2024","76G","01","0","00000","2024000000","事業所","132","事業所数","他に分類されない飲食店","0人","総数"
"102-2024","76G","02","0","00000","2024000000","事業所","1188","事業所数","他に分類されない飲食店","1～4人","総数"
"102-2024","76G","03","0","00000","2024000000","事業所","790","事業所数","他に分類されない飲食店","5～9人","総数"
"102-2024","76G","04","0","00000","2024000000","事業所","1251","事業所数","他に分類されない飲食店","10～19人","総数"
"102-2024","76G","05","0","00000","2024000000","事業所","1086","事業所数","他に分類されない飲食店","20～29人","総数"
"102-2024","76G","06","0","00000","2024000000","事業所","885","事業所数","他に分類されない飲食店","30～49人","総数"
"102-2024","76G","07","0","00000","2024000000","事業所","100","事業所数","他に分類されない飲食店","50～99人","総数"
"102-2024","76G","08","0","00000","2024000000","事業所","1","事業所数","他に分類されない飲食店","100～199人","総数"
"102-2024","76G","09","0","00000","2024000000","事業所","***","事業所数","他に分類されない飲食店","200～299人","総数"
"102-2024","76G","10","0","00000","2024000000","事業所","***","事業所数","他に分類されない飲食店","300人以上","総数"
"102-2024","77","00","0","00000","2024000000","事業所","50021","事業所数","持ち帰り・配達飲食サービス業","総数","総数"
"102-2024","77","01","0","00000","2024000000","事業所","708","事業所数","持ち帰り・配達飲食サービス業","0人","総数"
"102-2024","77","02","0","00000","2024000000","事業所","15453","事業所数","持ち帰り・配達飲食サービス業","1～4人","総数"
"102-2024","77","03","0","00000","2024000000","事業所","16995","事業所数","持ち帰り・配達飲食サービス業","5～9人","総数"
"102-2024","77","04","0","00000","2024000000","事業所","11106","事業所数","持ち帰り・配達飲食サービス業","10～19人","総数"
"102-2024","77","05","0","00000","2024000000","事業所","3038","事業所数","持ち帰り・配達飲食サービス業","20～29人","総数"
"102-2024","77","06","0","00000","2024000000","事業所","1833","事業所数","持ち帰り・配達飲食サービス業","30～49人","総数"
"102-2024","77","07","0","00000","2024000000","事業所","636","事業所数","持ち帰り・配達飲食サービス業","50～99人","総数"
"102-2024","77","08","0","00000","2024000000","事業所","168","事業所数","持ち帰り・配達飲食サービス業","100～199人","総数"
"102-2024","77","09","0","00000","2024000000","事業所","48","事業所数","持ち帰り・配達飲食サービス業","200～299人","総数"
"102-2024","77","10","0","00000","2024000000","事業所","36","事業所数","持ち帰り・配達飲食サービス業","300人以上","総数"
"102-2024","770","00","0","00000","2024000000","事業所","874","事業所数","管理、補助的経済活動を行う事業所（77_持ち帰り・配達飲食サービス業）","総数","総数"
"102-2024","770","01","0","00000","2024000000","事業所","57","事業所数","管理、補助的経済活動を行う事業所（77_持ち帰り・配達飲食サービス業）","0人","総数"
"102-2024","770","02","0","00000","2024000000","事業所","590","事業所数","管理、補助的経済活動を行う事業所（77_持ち帰り・配達飲食サービス業）","1～4人","総数"
"102-2024","770","03","0","00000","2024000000","事業所","82","事業所数","管理、補助的経済活動を行う事業所（77_持ち帰り・配達飲食サービス業）","5～9人","総数"
"102-2024","770","04","0","00000","2024000000","事業所","68","事業所数","管理、補助的経済活動を行う事業所（77_持ち帰り・配達飲食サービス業）","10～19人","総数"
"102-2024","770","05","0","00000","2024000000","事業所","32","事業所数","管理、補助的経済活動を行う事業所（77_持ち帰り・配達飲食サービス業）","20～29人","総数"
"102-2024","770","06","0","00000","2024000000","事業所","21","事業所数","管理、補助的経済活動を行う事業所（77_持ち帰り・配達飲食サービス業）","30～49人","総数"
"102-2024","770","07","0","00000","2024000000","事業所","14","事業所数","管理、補助的経済活動を行う事業所（77_持ち帰り・配達飲食サービス業）","50～99人","総数"
"102-2024","770","08","0","00000","2024000000","事業所","4","事業所数","管理、補助的経済活動を行う事業所（77_持ち帰り・配達飲食サービス業）","100～199人","総数"
"102-2024","770","09","0","00000","2024000000","事業所","4","事業所数","管理、補助的経済活動を行う事業所（77_持ち帰り・配達飲食サービス業）","200～299人","総数"
"102-2024","770","10","0","00000","2024000000","事業所","2","事業所数","管理、補助的経済活動を行う事業所（77_持ち帰り・配達飲食サービス業）","300人以上","総数"
"102-2024","771","00","0","00000","2024000000","事業所","8407","事業所数","持ち帰り飲食サービス業","総数","総数"
"102-2024","771","01","0","00000","2024000000","事業所","287","事業所数","持ち帰り飲食サービス業","0人","総数"
"102-2024","771","02","0","00000","2024000000","事業所","2896","事業所数","持ち帰り飲食サービス業","1～4人","総数"
"102-2024","771","03","0","00000","2024000000","事業所","2032","事業所数","持ち帰り飲食サービス業","5～9人","総数"
"102-2024","771","04","0","00000","2024000000","事業所","2620","事業所数","持ち帰り飲食サービス業","10～19人","総数"
"102-2024","771","05","0","00000","2024000000","事業所","396","事業所数","持ち帰り飲食サービス業","20～29人","総数"
"102-2024","771","06","0","00000","2024000000","事業所","135","事業所数","持ち帰り飲食サービス業","30～49人","総数"
"102-2024","771","07","0","00000","2024000000","事業所","37","事業所数","持ち帰り飲食サービス業","50～99人","総数"
"102-2024","771","08","0","00000","2024000000","事業所","4","事業所数","持ち帰り飲食サービス業","100～199人","総数"
"102-2024","771","09","0","00000","2024000000","事業所","***","事業所数","持ち帰り飲食サービス業","200～299人","総数"
"102-2024","771","10","0","00000","2024000000","事業所","***","事業所数","持ち帰り飲食サービス業","300人以上","総数"
"102-2024","772","00","0","00000","2024000000","事業所","9008","事業所数","配達飲食サービス業","総数","総数"
"102-2024","772","01","0","00000","2024000000","事業所","285","事業所数","配達飲食サービス業","0人","総数"
"102-2024","772","02","0","00000","2024000000","事業所","2974","事業所数","配達飲食サービス業","1～4人","総数"
"102-2024","772","03","0","00000","2024000000","事業所","1625","事業所数","配達飲食サービス業","5～9人","総数"
"102-2024","772","04","0","00000","2024000000","事業所","1663","事業所数","配達飲食サービス業","10～19人","総数"
"102-2024","772","05","0","00000","2024000000","事業所","1197","事業所数","配達飲食サービス業","20～29人","総数"
"102-2024","772","06","0","00000","2024000000","事業所","951","事業所数","配達飲食サービス業","30～49人","総数"
"102-2024","772","07","0","00000","2024000000","事業所","235","事業所数","配達飲食サービス業","50～99人","総数"
"102-2024","772","08","0","00000","2024000000","事業所","58","事業所数","配達飲食サービス業","100～199人","総数"
"102-2024","772","09","0","00000","2024000000","事業所","10","事業所数","配達飲食サービス業","200～299人","総数"
"102-2024","772","10","0","00000","2024000000","事業所","10","事業所数","配達飲食サービス業","300人以上","総数"
"102-2024","773","00","0","00000","2024000000","事業所","31731","事業所数","施設給食業","総数","総数"
"102-2024","773","01","0","00000","2024000000","事業所","79","事業所数","施設給食業","0人","総数"
"102-2024","773","02","0","00000","2024000000","事業所","8992","事業所数","施設給食業","1～4人","総数"
"102-2024","773","03","0","00000","2024000000","事業所","13256","事業所数","施設給食業","5～9人","総数"
"102-2024","773","04","0","00000","2024000000","事業所","6755","事業所数","施設給食業","10～19人","総数"
"102-2024","773","05","0","00000","2024000000","事業所","1413","事業所数","施設給食業","20～29人","総数"
"102-2024","773","06","0","00000","2024000000","事業所","726","事業所数","施設給食業","30～49人","総数"
"102-2024","773","07","0","00000","2024000000","事業所","350","事業所数","施設給食業","50～99人","総数"
"102-2024","773","08","0","00000","2024000000","事業所","102","事業所数","施設給食業","100～199人","総数"
"102-2024","773","09","0","00000","2024000000","事業所","34","事業所数","施設給食業","200～299人","総数"
"102-2024","773","10","0","00000","2024000000","事業所","24","事業所数","施設給食業","300人以上","総数"
"102-2024","N","00","0","00000","2024000000","事業所","224097","事業所数","生活関連サービス業、娯楽業","総数","総数"
"102-2024","N","01","0","00000","2024000000","事業所","14486","事業所数","生活関連サービス業、娯楽業","0人","総数"
"102-2024","N","02","0","00000","2024000000","事業所","138299","事業所数","生活関連サービス業、娯楽業","1～4人","総数"
"102-2024","N","03","0","00000","2024000000","事業所","34103","事業所数","生活関連サービス業、娯楽業","5～9人","総数"
"102-2024","N","04","0","00000","2024000000","事業所","19941","事業所数","生活関連サービス業、娯楽業","10～19人","総数"
"102-2024","N","05","0","00000","2024000000","事業所","7413","事業所数","生活関連サービス業、娯楽業","20～29人","総数"
"102-2024","N","06","0","00000","2024000000","事業所","5655","事業所数","生活関連サービス業、娯楽業","30～49人","総数"
"102-2024","N","07","0","00000","2024000000","事業所","3023","事業所数","生活関連サービス業、娯楽業","50～99人","総数"
"102-2024","N","08","0","00000","2024000000","事業所","879","事業所数","生活関連サービス業、娯楽業","100～199人","総数"
"102-2024","N","09","0","00000","2024000000","事業所","141","事業所数","生活関連サービス業、娯楽業","200～299人","総数"
"102-2024","N","10","0","00000","2024000000","事業所","157","事業所数","生活関連サービス業、娯楽業","300人以上","総数"
"102-2024","78","00","0","00000","2024000000","事業所","134806","事業所数","洗濯・理容・美容・浴場業","総数","総数"
"102-2024","78","01","0","00000","2024000000","事業所","6914","事業所数","洗濯・理容・美容・浴場業","0人","総数"
"102-2024","78","02","0","00000","2024000000","事業所","98317","事業所数","洗濯・理容・美容・浴場業","1～4人","総数"
"102-2024","78","03","0","00000","2024000000","事業所","18590","事業所数","洗濯・理容・美容・浴場業","5～9人","総数"
"102-2024","78","04","0","00000","2024000000","事業所","6765","事業所数","洗濯・理容・美容・浴場業","10～19人","総数"
"102-2024","78","05","0","00000","2024000000","事業所","1691","事業所数","洗濯・理容・美容・浴場業","20～29人","総数"
"102-2024","78","06","0","00000","2024000000","事業所","1363","事業所数","洗濯・理容・美容・浴場業","30～49人","総数"
"102-2024","78","07","0","00000","2024000000","事業所","880","事業所数","洗濯・理容・美容・浴場業","50～99人","総数"
"102-2024","78","08","0","00000","2024000000","事業所","231","事業所数","洗濯・理容・美容・浴場業","100～199人","総数"
"102-2024","78","09","0","00000","2024000000","事業所","32","事業所数","洗濯・理容・美容・浴場業","200～299人","総数"
"102-2024","78","10","0","00000","2024000000","事業所","23","事業所数","洗濯・理容・美容・浴場業","300人以上","総数"
"102-2024","780","00","0","00000","2024000000","事業所","969","事業所数","管理、補助的経済活動を行う事業所（78_洗濯・理容・美容・浴場業）","総数","総数"
"102-2024","780","01","0","00000","2024000000","事業所","183","事業所数","管理、補助的経済活動を行う事業所（78_洗濯・理容・美容・浴場業）","0人","総数"
"102-2024","780","02","0","00000","2024000000","事業所","560","事業所数","管理、補助的経済活動を行う事業所（78_洗濯・理容・美容・浴場業）","1～4人","総数"
"102-2024","780","03","0","00000","2024000000","事業所","108","事業所数","管理、補助的経済活動を行う事業所（78_洗濯・理容・美容・浴場業）","5～9人","総数"
"102-2024","780","04","0","00000","2024000000","事業所","67","事業所数","管理、補助的経済活動を行う事業所（78_洗濯・理容・美容・浴場業）","10～19人","総数"
"102-2024","780","05","0","00000","2024000000","事業所","18","事業所数","管理、補助的経済活動を行う事業所（78_洗濯・理容・美容・浴場業）","20～29人","総数"
"102-2024","780","06","0","00000","2024000000","事業所","7","事業所数","管理、補助的経済活動を行う事業所（78_洗濯・理容・美容・浴場業）","30～49人","総数"
"102-2024","780","07","0","00000","2024000000","事業所","15","事業所数","管理、補助的経済活動を行う事業所（78_洗濯・理容・美容・浴場業）","50～99人","総数"
"102-2024","780","08","0","00000","2024000000","事業所","9","事業所数","管理、補助的経済活動を行う事業所（78_洗濯・理容・美容・浴場業）","100～199人","総数"
"102-2024","780","09","0","00000","2024000000","事業所","***","事業所数","管理、補助的経済活動を行う事業所（78_洗濯・理容・美容・浴場業）","200～299人","総数"
"102-2024","780","10","0","00000","2024000000","事業所","2","事業所数","管理、補助的経済活動を行う事業所（78_洗濯・理容・美容・浴場業）","300人以上","総数"
"102-2024","781","00","0","00000","2024000000","事業所","25562","事業所数","洗濯業","総数","総数"
"102-2024","781","01","0","00000","2024000000","事業所","1126","事業所数","洗濯業","0人","総数"
"102-2024","781","02","0","00000","2024000000","事業所","17551","事業所数","洗濯業","1～4人","総数"
"102-2024","781","03","0","00000","2024000000","事業所","2936","事業所数","洗濯業","5～9人","総数"
"102-2024","781","04","0","00000","2024000000","事業所","1753","事業所数","洗濯業","10～19人","総数"
"102-2024","781","05","0","00000","2024000000","事業所","769","事業所数","洗濯業","20～29人","総数"
"102-2024","781","06","0","00000","2024000000","事業所","741","事業所数","洗濯業","30～49人","総数"
"102-2024","781","07","0","00000","2024000000","事業所","495","事業所数","洗濯業","50～99人","総数"
"102-2024","781","08","0","00000","2024000000","事業所","153","事業所数","洗濯業","100～199人","総数"
"102-2024","781","09","0","00000","2024000000","事業所","25","事業所数","洗濯業","200～299人","総数"
"102-2024","781","10","0","00000","2024000000","事業所","13","事業所数","洗濯業","300人以上","総数"
"102-2024","78A","00","0","00000","2024000000","事業所","21586","事業所数","普通洗濯業","総数","総数"
"102-2024","78A","01","0","00000","2024000000","事業所","1024","事業所数","普通洗濯業","0人","総数"
"102-2024","78A","02","0","00000","2024000000","事業所","16556","事業所数","普通洗濯業","1～4人","総数"
"102-2024","78A","03","0","00000","2024000000","事業所","2144","事業所数","普通洗濯業","5～9人","総数"
"102-2024","78A","04","0","00000","2024000000","事業所","909","事業所数","普通洗濯業","10～19人","総数"
"102-2024","78A","05","0","00000","2024000000","事業所","403","事業所数","普通洗濯業","20～29人","総数"
"102-2024","78A","06","0","00000","2024000000","事業所","315","事業所数","普通洗濯業","30～49人","総数"
"102-2024","78A","07","0","00000","2024000000","事業所","184","事業所数","普通洗濯業","50～99人","総数"
"102-2024","78A","08","0","00000","2024000000","事業所","43","事業所数","普通洗濯業","100～199人","総数"
"102-2024","78A","09","0","00000","2024000000","事業所","6","事業所数","普通洗濯業","200～299人","総数"
"102-2024","78A","10","0","00000","2024000000","事業所","2","事業所数","普通洗濯業","300人以上","総数"
"102-2024","78B","00","0","00000","2024000000","事業所","3976","事業所数","リネンサプライ業","総数","総数"
"102-2024","78B","01","0","00000","2024000000","事業所","102","事業所数","リネンサプライ業","0人","総数"
"102-2024","78B","02","0","00000","2024000000","事業所","995","事業所数","リネンサプライ業","1～4人","総数"
"102-2024","78B","03","0","00000","2024000000","事業所","792","事業所数","リネンサプライ業","5～9人","総数"
"102-2024","78B","04","0","00000","2024000000","事業所","844","事業所数","リネンサプライ業","10～19人","総数"
"102-2024","78B","05","0","00000","2024000000","事業所","366","事業所数","リネンサプライ業","20～29人","総数"
"102-2024","78B","06","0","00000","2024000000","事業所","426","事業所数","リネンサプライ業","30～49人","総数"
"102-2024","78B","07","0","00000","2024000000","事業所","311","事業所数","リネンサプライ業","50～99人","総数"
"102-2024","78B","08","0","00000","2024000000","事業所","110","事業所数","リネンサプライ業","100～199人","総数"
"102-2024","78B","09","0","00000","2024000000","事業所","19","事業所数","リネンサプライ業","200～299人","総数"
"102-2024","78B","10","0","00000","2024000000","事業所","11","事業所数","リネンサプライ業","300人以上","総数"
"102-2024","782","00","0","00000","2024000000","事業所","24216","事業所数","理容業","総数","総数"
"102-2024","782","01","0","00000","2024000000","事業所","821","事業所数","理容業","0人","総数"
"102-2024","782","02","0","00000","2024000000","事業所","21139","事業所数","理容業","1～4人","総数"
"102-2024","782","03","0","00000","2024000000","事業所","1970","事業所数","理容業","5～9人","総数"
"102-2024","782","04","0","00000","2024000000","事業所","235","事業所数","理容業","10～19人","総数"
"102-2024","782","05","0","00000","2024000000","事業所","30","事業所数","理容業","20～29人","総数"
"102-2024","782","06","0","00000","2024000000","事業所","13","事業所数","理容業","30～49人","総数"
"102-2024","782","07","0","00000","2024000000","事業所","8","事業所数","理容業","50～99人","総数"
"102-2024","782","08","0","00000","2024000000","事業所","***","事業所数","理容業","100～199人","総数"
"102-2024","782","09","0","00000","2024000000","事業所","***","事業所数","理容業","200～299人","総数"
"102-2024","782","10","0","00000","2024000000","事業所","***","事業所数","理容業","300人以上","総数"
"102-2024","783","00","0","00000","2024000000","事業所","63913","事業所数","美容業","総数","総数"
"102-2024","783","01","0","00000","2024000000","事業所","2929","事業所数","美容業","0人","総数"
"102-2024","783","02","0","00000","2024000000","事業所","47293","事業所数","美容業","1～4人","総数"
"102-2024","783","03","0","00000","2024000000","事業所","9857","事業所数","美容業","5～9人","総数"
"102-2024","783","04","0","00000","2024000000","事業所","3045","事業所数","美容業","10～19人","総数"
"102-2024","783","05","0","00000","2024000000","事業所","470","事業所数","美容業","20～29人","総数"
"102-2024","783","06","0","00000","2024000000","事業所","221","事業所数","美容業","30～49人","総数"
"102-2024","783","07","0","00000","2024000000","事業所","89","事業所数","美容業","50～99人","総数"
"102-2024","783","08","0","00000","2024000000","事業所","7","事業所数","美容業","100～199人","総数"
"102-2024","783","09","0","00000","2024000000","事業所","2","事業所数","美容業","200～299人","総数"
"102-2024","783","10","0","00000","2024000000","事業所","***","事業所数","美容業","300人以上","総数"
"102-2024","784","00","0","00000","2024000000","事業所","1432","事業所数","一般公衆浴場業","総数","総数"
"102-2024","784","01","0","00000","2024000000","事業所","81","事業所数","一般公衆浴場業","0人","総数"
"102-2024","784","02","0","00000","2024000000","事業所","929","事業所数","一般公衆浴場業","1～4人","総数"
"102-2024","784","03","0","00000","2024000000","事業所","220","事業所数","一般公衆浴場業","5～9人","総数"
"102-2024","784","04","0","00000","2024000000","事業所","133","事業所数","一般公衆浴場業","10～19人","総数"
"102-2024","784","05","0","00000","2024000000","事業所","33","事業所数","一般公衆浴場業","20～29人","総数"
"102-2024","784","06","0","00000","2024000000","事業所","27","事業所数","一般公衆浴場業","30～49人","総数"
"102-2024","784","07","0","00000","2024000000","事業所","9","事業所数","一般公衆浴場業","50～99人","総数"
"102-2024","784","08","0","00000","2024000000","事業所","***","事業所数","一般公衆浴場業","100～199人","総数"
"102-2024","784","09","0","00000","2024000000","事業所","***","事業所数","一般公衆浴場業","200～299人","総数"
"102-2024","784","10","0","00000","2024000000","事業所","***","事業所数","一般公衆浴場業","300人以上","総数"
"102-2024","785","00","0","00000","2024000000","事業所","2198","事業所数","その他の公衆浴場業","総数","総数"
"102-2024","785","01","0","00000","2024000000","事業所","85","事業所数","その他の公衆浴場業","0人","総数"
"102-2024","785","02","0","00000","2024000000","事業所","536","事業所数","その他の公衆浴場業","1～4人","総数"
"102-2024","785","03","0","00000","2024000000","事業所","398","事業所数","その他の公衆浴場業","5～9人","総数"
"102-2024","785","04","0","00000","2024000000","事業所","429","事業所数","その他の公衆浴場業","10～19人","総数"
"102-2024","785","05","0","00000","2024000000","事業所","207","事業所数","その他の公衆浴場業","20～29人","総数"
"102-2024","785","06","0","00000","2024000000","事業所","271","事業所数","その他の公衆浴場業","30～49人","総数"
"102-2024","785","07","0","00000","2024000000","事業所","218","事業所数","その他の公衆浴場業","50～99人","総数"
"102-2024","785","08","0","00000","2024000000","事業所","50","事業所数","その他の公衆浴場業","100～199人","総数"
"102-2024","785","09","0","00000","2024000000","事業所","3","事業所数","その他の公衆浴場業","200～299人","総数"
"102-2024","785","10","0","00000","2024000000","事業所","1","事業所数","その他の公衆浴場業","300人以上","総数"
"102-2024","789","00","0","00000","2024000000","事業所","16516","事業所数","その他の洗濯・理容・美容・浴場業","総数","総数"
"102-2024","789","01","0","00000","2024000000","事業所","1689","事業所数","その他の洗濯・理容・美容・浴場業","0人","総数"
"102-2024","789","02","0","00000","2024000000","事業所","10309","事業所数","その他の洗濯・理容・美容・浴場業","1～4人","総数"
"102-2024","789","03","0","00000","2024000000","事業所","3101","事業所数","その他の洗濯・理容・美容・浴場業","5～9人","総数"
"102-2024","789","04","0","00000","2024000000","事業所","1103","事業所数","その他の洗濯・理容・美容・浴場業","10～19人","総数"
"102-2024","789","05","0","00000","2024000000","事業所","164","事業所数","その他の洗濯・理容・美容・浴場業","20～29人","総数"
"102-2024","789","06","0","00000","2024000000","事業所","83","事業所数","その他の洗濯・理容・美容・浴場業","30～49人","総数"
"102-2024","789","07","0","00000","2024000000","事業所","46","事業所数","その他の洗濯・理容・美容・浴場業","50～99人","総数"
"102-2024","789","08","0","00000","2024000000","事業所","12","事業所数","その他の洗濯・理容・美容・浴場業","100～199人","総数"
"102-2024","789","09","0","00000","2024000000","事業所","2","事業所数","その他の洗濯・理容・美容・浴場業","200～299人","総数"
"102-2024","789","10","0","00000","2024000000","事業所","7","事業所数","その他の洗濯・理容・美容・浴場業","300人以上","総数"
"102-2024","78C","00","0","00000","2024000000","事業所","187","事業所数","洗張・染物業","総数","総数"
"102-2024","78C","01","0","00000","2024000000","事業所","16","事業所数","洗張・染物業","0人","総数"
"102-2024","78C","02","0","00000","2024000000","事業所","153","事業所数","洗張・染物業","1～4人","総数"
"102-2024","78C","03","0","00000","2024000000","事業所","7","事業所数","洗張・染物業","5～9人","総数"
"102-2024","78C","04","0","00000","2024000000","事業所","7","事業所数","洗張・染物業","10～19人","総数"
"102-2024","78C","05","0","00000","2024000000","事業所","2","事業所数","洗張・染物業","20～29人","総数"
"102-2024","78C","06","0","00000","2024000000","事業所","***","事業所数","洗張・染物業","30～49人","総数"
"102-2024","78C","07","0","00000","2024000000","事業所","2","事業所数","洗張・染物業","50～99人","総数"
"102-2024","78C","08","0","00000","2024000000","事業所","***","事業所数","洗張・染物業","100～199人","総数"
"102-2024","78C","09","0","00000","2024000000","事業所","***","事業所数","洗張・染物業","200～299人","総数"
"102-2024","78C","10","0","00000","2024000000","事業所","***","事業所数","洗張・染物業","300人以上","総数"
"102-2024","78D","00","0","00000","2024000000","事業所","16329","事業所数","他に分類されない洗濯・理容・美容・浴場業","総数","総数"
"102-2024","78D","01","0","00000","2024000000","事業所","1673","事業所数","他に分類されない洗濯・理容・美容・浴場業","0人","総数"
"102-2024","78D","02","0","00000","2024000000","事業所","10156","事業所数","他に分類されない洗濯・理容・美容・浴場業","1～4人","総数"
"102-2024","78D","03","0","00000","2024000000","事業所","3094","事業所数","他に分類されない洗濯・理容・美容・浴場業","5～9人","総数"
"102-2024","78D","04","0","00000","2024000000","事業所","1096","事業所数","他に分類されない洗濯・理容・美容・浴場業","10～19人","総数"
"102-2024","78D","05","0","00000","2024000000","事業所","162","事業所数","他に分類されない洗濯・理容・美容・浴場業","20～29人","総数"
"102-2024","78D","06","0","00000","2024000000","事業所","83","事業所数","他に分類されない洗濯・理容・美容・浴場業","30～49人","総数"
"102-2024","78D","07","0","00000","2024000000","事業所","44","事業所数","他に分類されない洗濯・理容・美容・浴場業","50～99人","総数"
"102-2024","78D","08","0","00000","2024000000","事業所","12","事業所数","他に分類されない洗濯・理容・美容・浴場業","100～199人","総数"
"102-2024","78D","09","0","00000","2024000000","事業所","2","事業所数","他に分類されない洗濯・理容・美容・浴場業","200～299人","総数"
"102-2024","78D","10","0","00000","2024000000","事業所","7","事業所数","他に分類されない洗濯・理容・美容・浴場業","300人以上","総数"
"102-2024","79","00","0","00000","2024000000","事業所","43229","事業所数","その他の生活関連サービス業","総数","総数"
"102-2024","79","01","0","00000","2024000000","事業所","4298","事業所数","その他の生活関連サービス業","0人","総数"
"102-2024","79","02","0","00000","2024000000","事業所","24967","事業所数","その他の生活関連サービス業","1～4人","総数"
"102-2024","79","03","0","00000","2024000000","事業所","7289","事業所数","その他の生活関連サービス業","5～9人","総数"
"102-2024","79","04","0","00000","2024000000","事業所","3732","事業所数","その他の生活関連サービス業","10～19人","総数"
"102-2024","79","05","0","00000","2024000000","事業所","1162","事業所数","その他の生活関連サービス業","20～29人","総数"
"102-2024","79","06","0","00000","2024000000","事業所","950","事業所数","その他の生活関連サービス業","30～49人","総数"
"102-2024","79","07","0","00000","2024000000","事業所","482","事業所数","その他の生活関連サービス業","50～99人","総数"
"102-2024","79","08","0","00000","2024000000","事業所","215","事業所数","その他の生活関連サービス業","100～199人","総数"
"102-2024","79","09","0","00000","2024000000","事業所","50","事業所数","その他の生活関連サービス業","200～299人","総数"
"102-2024","79","10","0","00000","2024000000","事業所","84","事業所数","その他の生活関連サービス業","300人以上","総数"
"102-2024","790","00","0","00000","2024000000","事業所","274","事業所数","管理、補助的経済活動を行う事業所（79_その他の生活関連サービス業）","総数","総数"
"102-2024","790","01","0","00000","2024000000","事業所","31","事業所数","管理、補助的経済活動を行う事業所（79_その他の生活関連サービス業）","0人","総数"
"102-2024","790","02","0","00000","2024000000","事業所","112","事業所数","管理、補助的経済活動を行う事業所（79_その他の生活関連サービス業）","1～4人","総数"
"102-2024","790","03","0","00000","2024000000","事業所","48","事業所数","管理、補助的経済活動を行う事業所（79_その他の生活関連サービス業）","5～9人","総数"
"102-2024","790","04","0","00000","2024000000","事業所","36","事業所数","管理、補助的経済活動を行う事業所（79_その他の生活関連サービス業）","10～19人","総数"
"102-2024","790","05","0","00000","2024000000","事業所","13","事業所数","管理、補助的経済活動を行う事業所（79_その他の生活関連サービス業）","20～29人","総数"
"102-2024","790","06","0","00000","2024000000","事業所","18","事業所数","管理、補助的経済活動を行う事業所（79_その他の生活関連サービス業）","30～49人","総数"
"102-2024","790","07","0","00000","2024000000","事業所","14","事業所数","管理、補助的経済活動を行う事業所（79_その他の生活関連サービス業）","50～99人","総数"
"102-2024","790","08","0","00000","2024000000","事業所","2","事業所数","管理、補助的経済活動を行う事業所（79_その他の生活関連サービス業）","100～199人","総数"
"102-2024","790","09","0","00000","2024000000","事業所","***","事業所数","管理、補助的経済活動を行う事業所（79_その他の生活関連サービス業）","200～299人","総数"
"102-2024","790","10","0","00000","2024000000","事業所","***","事業所数","管理、補助的経済活動を行う事業所（79_その他の生活関連サービス業）","300人以上","総数"
"102-2024","791","00","0","00000","2024000000","事業所","6101","事業所数","旅行業","総数","総数"
"102-2024","791","01","0","00000","2024000000","事業所","610","事業所数","旅行業","0人","総数"
"102-2024","791","02","0","00000","2024000000","事業所","3094","事業所数","旅行業","1～4人","総数"
"102-2024","791","03","0","00000","2024000000","事業所","1216","事業所数","旅行業","5～9人","総数"
"102-2024","791","04","0","00000","2024000000","事業所","652","事業所数","旅行業","10～19人","総数"
"102-2024","791","05","0","00000","2024000000","事業所","192","事業所数","旅行業","20～29人","総数"
"102-2024","791","06","0","00000","2024000000","事業所","167","事業所数","旅行業","30～49人","総数"
"102-2024","791","07","0","00000","2024000000","事業所","89","事業所数","旅行業","50～99人","総数"
"102-2024","791","08","0","00000","2024000000","事業所","54","事業所数","旅行業","100～199人","総数"
"102-2024","791","09","0","00000","2024000000","事業所","9","事業所数","旅行業","200～299人","総数"
"102-2024","791","10","0","00000","2024000000","事業所","18","事業所数","旅行業","300人以上","総数"
"102-2024","793","00","0","00000","2024000000","事業所","2036","事業所数","衣服裁縫修理業","総数","総数"
"102-2024","793","01","0","00000","2024000000","事業所","134","事業所数","衣服裁縫修理業","0人","総数"
"102-2024","793","02","0","00000","2024000000","事業所","1394","事業所数","衣服裁縫修理業","1～4人","総数"
"102-2024","793","03","0","00000","2024000000","事業所","339","事業所数","衣服裁縫修理業","5～9人","総数"
"102-2024","793","04","0","00000","2024000000","事業所","104","事業所数","衣服裁縫修理業","10～19人","総数"
"102-2024","793","05","0","00000","2024000000","事業所","24","事業所数","衣服裁縫修理業","20～29人","総数"
"102-2024","793","06","0","00000","2024000000","事業所","31","事業所数","衣服裁縫修理業","30～49人","総数"
"102-2024","793","07","0","00000","2024000000","事業所","5","事業所数","衣服裁縫修理業","50～99人","総数"
"102-2024","793","08","0","00000","2024000000","事業所","4","事業所数","衣服裁縫修理業","100～199人","総数"
"102-2024","793","09","0","00000","2024000000","事業所","1","事業所数","衣服裁縫修理業","200～299人","総数"
"102-2024","793","10","0","00000","2024000000","事業所","***","事業所数","衣服裁縫修理業","300人以上","総数"
"102-2024","794","00","0","00000","2024000000","事業所","1613","事業所数","物品預り業","総数","総数"
"102-2024","794","01","0","00000","2024000000","事業所","131","事業所数","物品預り業","0人","総数"
"102-2024","794","02","0","00000","2024000000","事業所","629","事業所数","物品預り業","1～4人","総数"
"102-2024","794","03","0","00000","2024000000","事業所","593","事業所数","物品預り業","5～9人","総数"
"102-2024","794","04","0","00000","2024000000","事業所","200","事業所数","物品預り業","10～19人","総数"
"102-2024","794","05","0","00000","2024000000","事業所","24","事業所数","物品預り業","20～29人","総数"
"102-2024","794","06","0","00000","2024000000","事業所","21","事業所数","物品預り業","30～49人","総数"
"102-2024","794","07","0","00000","2024000000","事業所","9","事業所数","物品預り業","50～99人","総数"
"102-2024","794","08","0","00000","2024000000","事業所","4","事業所数","物品預り業","100～199人","総数"
"102-2024","794","09","0","00000","2024000000","事業所","2","事業所数","物品預り業","200～299人","総数"
"102-2024","794","10","0","00000","2024000000","事業所","***","事業所数","物品預り業","300人以上","総数"
"102-2024","795","00","0","00000","2024000000","事業所","1235","事業所数","火葬・墓地管理業","総数","総数"
"102-2024","795","01","0","00000","2024000000","事業所","93","事業所数","火葬・墓地管理業","0人","総数"
"102-2024","795","02","0","00000","2024000000","事業所","708","事業所数","火葬・墓地管理業","1～4人","総数"
"102-2024","795","03","0","00000","2024000000","事業所","261","事業所数","火葬・墓地管理業","5～9人","総数"
"102-2024","795","04","0","00000","2024000000","事業所","109","事業所数","火葬・墓地管理業","10～19人","総数"
"102-2024","795","05","0","00000","2024000000","事業所","28","事業所数","火葬・墓地管理業","20～29人","総数"
"102-2024","795","06","0","00000","2024000000","事業所","20","事業所数","火葬・墓地管理業","30～49人","総数"
"102-2024","795","07","0","00000","2024000000","事業所","10","事業所数","火葬・墓地管理業","50～99人","総数"
"102-2024","795","08","0","00000","2024000000","事業所","5","事業所数","火葬・墓地管理業","100～199人","総数"
"102-2024","795","09","0","00000","2024000000","事業所","1","事業所数","火葬・墓地管理業","200～299人","総数"
"102-2024","795","10","0","00000","2024000000","事業所","***","事業所数","火葬・墓地管理業","300人以上","総数"
"102-2024","796","00","0","00000","2024000000","事業所","12402","事業所数","冠婚葬祭業","総数","総数"
"102-2024","796","01","0","00000","2024000000","事業所","1073","事業所数","冠婚葬祭業","0人","総数"
"102-2024","796","02","0","00000","2024000000","事業所","5979","事業所数","冠婚葬祭業","1～4人","総数"
"102-2024","796","03","0","00000","2024000000","事業所","2400","事業所数","冠婚葬祭業","5～9人","総数"
"102-2024","796","04","0","00000","2024000000","事業所","1517","事業所数","冠婚葬祭業","10～19人","総数"
"102-2024","796","05","0","00000","2024000000","事業所","554","事業所数","冠婚葬祭業","20～29人","総数"
"102-2024","796","06","0","00000","2024000000","事業所","469","事業所数","冠婚葬祭業","30～49人","総数"
"102-2024","796","07","0","00000","2024000000","事業所","274","事業所数","冠婚葬祭業","50～99人","総数"
"102-2024","796","08","0","00000","2024000000","事業所","112","事業所数","冠婚葬祭業","100～199人","総数"
"102-2024","796","09","0","00000","2024000000","事業所","19","事業所数","冠婚葬祭業","200～299人","総数"
"102-2024","796","10","0","00000","2024000000","事業所","5","事業所数","冠婚葬祭業","300人以上","総数"
"102-2024","79A","00","0","00000","2024000000","事業所","10336","事業所数","葬儀業","総数","総数"
"102-2024","79A","01","0","00000","2024000000","事業所","976","事業所数","葬儀業","0人","総数"
"102-2024","79A","02","0","00000","2024000000","事業所","5463","事業所数","葬儀業","1～4人","総数"
"102-2024","79A","03","0","00000","2024000000","事業所","2015","事業所数","葬儀業","5～9人","総数"
"102-2024","79A","04","0","00000","2024000000","事業所","1094","事業所数","葬儀業","10～19人","総数"
"102-2024","79A","05","0","00000","2024000000","事業所","361","事業所数","葬儀業","20～29人","総数"
"102-2024","79A","06","0","00000","2024000000","事業所","249","事業所数","葬儀業","30～49人","総数"
"102-2024","79A","07","0","00000","2024000000","事業所","129","事業所数","葬儀業","50～99人","総数"
"102-2024","79A","08","0","00000","2024000000","事業所","40","事業所数","葬儀業","100～199人","総数"
"102-2024","79A","09","0","00000","2024000000","事業所","7","事業所数","葬儀業","200～299人","総数"
"102-2024","79A","10","0","00000","2024000000","事業所","2","事業所数","葬儀業","300人以上","総数"
"102-2024","79B","00","0","00000","2024000000","事業所","1257","事業所数","結婚式場業","総数","総数"
"102-2024","79B","01","0","00000","2024000000","事業所","47","事業所数","結婚式場業","0人","総数"
"102-2024","79B","02","0","00000","2024000000","事業所","183","事業所数","結婚式場業","1～4人","総数"
"102-2024","79B","03","0","00000","2024000000","事業所","184","事業所数","結婚式場業","5～9人","総数"
"102-2024","79B","04","0","00000","2024000000","事業所","294","事業所数","結婚式場業","10～19人","総数"
"102-2024","79B","05","0","00000","2024000000","事業所","153","事業所数","結婚式場業","20～29人","総数"
"102-2024","79B","06","0","00000","2024000000","事業所","185","事業所数","結婚式場業","30～49人","総数"
"102-2024","79B","07","0","00000","2024000000","事業所","129","事業所数","結婚式場業","50～99人","総数"
"102-2024","79B","08","0","00000","2024000000","事業所","68","事業所数","結婚式場業","100～199人","総数"
"102-2024","79B","09","0","00000","2024000000","事業所","11","事業所数","結婚式場業","200～299人","総数"
"102-2024","79B","10","0","00000","2024000000","事業所","3","事業所数","結婚式場業","300人以上","総数"
"102-2024","79C","00","0","00000","2024000000","事業所","809","事業所数","冠婚葬祭互助会","総数","総数"
"102-2024","79C","01","0","00000","2024000000","事業所","50","事業所数","冠婚葬祭互助会","0人","総数"
"102-2024","79C","02","0","00000","2024000000","事業所","333","事業所数","冠婚葬祭互助会","1～4人","総数"
"102-2024","79C","03","0","00000","2024000000","事業所","201","事業所数","冠婚葬祭互助会","5～9人","総数"
"102-2024","79C","04","0","00000","2024000000","事業所","129","事業所数","冠婚葬祭互助会","10～19人","総数"
"102-2024","79C","05","0","00000","2024000000","事業所","40","事業所数","冠婚葬祭互助会","20～29人","総数"
"102-2024","79C","06","0","00000","2024000000","事業所","35","事業所数","冠婚葬祭互助会","30～49人","総数"
"102-2024","79C","07","0","00000","2024000000","事業所","16","事業所数","冠婚葬祭互助会","50～99人","総数"
"102-2024","79C","08","0","00000","2024000000","事業所","4","事業所数","冠婚葬祭互助会","100～199人","総数"
"102-2024","79C","09","0","00000","2024000000","事業所","1","事業所数","冠婚葬祭互助会","200～299人","総数"
"102-2024","79C","10","0","00000","2024000000","事業所","***","事業所数","冠婚葬祭互助会","300人以上","総数"
"102-2024","799","00","0","00000","2024000000","事業所","19568","事業所数","他に分類されない生活関連サービス業","総数","総数"
"102-2024","799","01","0","00000","2024000000","事業所","2226","事業所数","他に分類されない生活関連サービス業","0人","総数"
"102-2024","799","02","0","00000","2024000000","事業所","13051","事業所数","他に分類されない生活関連サービス業","1～4人","総数"
"102-2024","799","03","0","00000","2024000000","事業所","2432","事業所数","他に分類されない生活関連サービス業","5～9人","総数"
"102-2024","799","04","0","00000","2024000000","事業所","1114","事業所数","他に分類されない生活関連サービス業","10～19人","総数"
"102-2024","799","05","0","00000","2024000000","事業所","327","事業所数","他に分類されない生活関連サービス業","20～29人","総数"
"102-2024","799","06","0","00000","2024000000","事業所","224","事業所数","他に分類されない生活関連サービス業","30～49人","総数"
"102-2024","799","07","0","00000","2024000000","事業所","81","事業所数","他に分類されない生活関連サービス業","50～99人","総数"
"102-2024","799","08","0","00000","2024000000","事業所","34","事業所数","他に分類されない生活関連サービス業","100～199人","総数"
"102-2024","799","09","0","00000","2024000000","事業所","18","事業所数","他に分類されない生活関連サービス業","200～299人","総数"
"102-2024","799","10","0","00000","2024000000","事業所","61","事業所数","他に分類されない生活関連サービス業","300人以上","総数"
"102-2024","79D","00","0","00000","2024000000","事業所","882","事業所数","写真プリント、現像・焼付業","総数","総数"
"102-2024","79D","01","0","00000","2024000000","事業所","92","事業所数","写真プリント、現像・焼付業","0人","総数"
"102-2024","79D","02","0","00000","2024000000","事業所","612","事業所数","写真プリント、現像・焼付業","1～4人","総数"
"102-2024","79D","03","0","00000","2024000000","事業所","97","事業所数","写真プリント、現像・焼付業","5～9人","総数"
"102-2024","79D","04","0","00000","2024000000","事業所","36","事業所数","写真プリント、現像・焼付業","10～19人","総数"
"102-2024","79D","05","0","00000","2024000000","事業所","18","事業所数","写真プリント、現像・焼付業","20～29人","総数"
"102-2024","79D","06","0","00000","2024000000","事業所","12","事業所数","写真プリント、現像・焼付業","30～49人","総数"
"102-2024","79D","07","0","00000","2024000000","事業所","10","事業所数","写真プリント、現像・焼付業","50～99人","総数"
"102-2024","79D","08","0","00000","2024000000","事業所","2","事業所数","写真プリント、現像・焼付業","100～199人","総数"
"102-2024","79D","09","0","00000","2024000000","事業所","2","事業所数","写真プリント、現像・焼付業","200～299人","総数"
"102-2024","79D","10","0","00000","2024000000","事業所","1","事業所数","写真プリント、現像・焼付業","300人以上","総数"
"102-2024","79E","00","0","00000","2024000000","事業所","18686","事業所数","他に分類されないその他の生活関連サービス業","総数","総数"
"102-2024","79E","01","0","00000","2024000000","事業所","2134","事業所数","他に分類されないその他の生活関連サービス業","0人","総数"
"102-2024","79E","02","0","00000","2024000000","事業所","12439","事業所数","他に分類されないその他の生活関連サービス業","1～4人","総数"
"102-2024","79E","03","0","00000","2024000000","事業所","2335","事業所数","他に分類されないその他の生活関連サービス業","5～9人","総数"
"102-2024","79E","04","0","00000","2024000000","事業所","1078","事業所数","他に分類されないその他の生活関連サービス業","10～19人","総数"
"102-2024","79E","05","0","00000","2024000000","事業所","309","事業所数","他に分類されないその他の生活関連サービス業","20～29人","総数"
"102-2024","79E","06","0","00000","2024000000","事業所","212","事業所数","他に分類されないその他の生活関連サービス業","30～49人","総数"
"102-2024","79E","07","0","00000","2024000000","事業所","71","事業所数","他に分類されないその他の生活関連サービス業","50～99人","総数"
"102-2024","79E","08","0","00000","2024000000","事業所","32","事業所数","他に分類されないその他の生活関連サービス業","100～199人","総数"
"102-2024","79E","09","0","00000","2024000000","事業所","16","事業所数","他に分類されないその他の生活関連サービス業","200～299人","総数"
"102-2024","79E","10","0","00000","2024000000","事業所","60","事業所数","他に分類されないその他の生活関連サービス業","300人以上","総数"
"102-2024","80","00","0","00000","2024000000","事業所","46061","事業所数","娯楽業","総数","総数"
"102-2024","80","01","0","00000","2024000000","事業所","3273","事業所数","娯楽業","0人","総数"
"102-2024","80","02","0","00000","2024000000","事業所","15015","事業所数","娯楽業","1～4人","総数"
"102-2024","80","03","0","00000","2024000000","事業所","8224","事業所数","娯楽業","5～9人","総数"
"102-2024","80","04","0","00000","2024000000","事業所","9444","事業所数","娯楽業","10～19人","総数"
"102-2024","80","05","0","00000","2024000000","事業所","4560","事業所数","娯楽業","20～29人","総数"
"102-2024","80","06","0","00000","2024000000","事業所","3342","事業所数","娯楽業","30～49人","総数"
"102-2024","80","07","0","00000","2024000000","事業所","1661","事業所数","娯楽業","50～99人","総数"
"102-2024","80","08","0","00000","2024000000","事業所","433","事業所数","娯楽業","100～199人","総数"
"102-2024","80","09","0","00000","2024000000","事業所","59","事業所数","娯楽業","200～299人","総数"
"102-2024","80","10","0","00000","2024000000","事業所","50","事業所数","娯楽業","300人以上","総数"
"102-2024","800","00","0","00000","2024000000","事業所","743","事業所数","管理、補助的経済活動を行う事業所（80_娯楽業）","総数","総数"
"102-2024","800","01","0","00000","2024000000","事業所","77","事業所数","管理、補助的経済活動を行う事業所（80_娯楽業）","0人","総数"
"102-2024","800","02","0","00000","2024000000","事業所","352","事業所数","管理、補助的経済活動を行う事業所（80_娯楽業）","1～4人","総数"
"102-2024","800","03","0","00000","2024000000","事業所","117","事業所数","管理、補助的経済活動を行う事業所（80_娯楽業）","5～9人","総数"
"102-2024","800","04","0","00000","2024000000","事業所","98","事業所数","管理、補助的経済活動を行う事業所（80_娯楽業）","10～19人","総数"
"102-2024","800","05","0","00000","2024000000","事業所","42","事業所数","管理、補助的経済活動を行う事業所（80_娯楽業）","20～29人","総数"
"102-2024","800","06","0","00000","2024000000","事業所","22","事業所数","管理、補助的経済活動を行う事業所（80_娯楽業）","30～49人","総数"
"102-2024","800","07","0","00000","2024000000","事業所","21","事業所数","管理、補助的経済活動を行う事業所（80_娯楽業）","50～99人","総数"
"102-2024","800","08","0","00000","2024000000","事業所","3","事業所数","管理、補助的経済活動を行う事業所（80_娯楽業）","100～199人","総数"
"102-2024","800","09","0","00000","2024000000","事業所","6","事業所数","管理、補助的経済活動を行う事業所（80_娯楽業）","200～299人","総数"
"102-2024","800","10","0","00000","2024000000","事業所","5","事業所数","管理、補助的経済活動を行う事業所（80_娯楽業）","300人以上","総数"
"102-2024","801","00","0","00000","2024000000","事業所","554","事業所数","映画館","総数","総数"
"102-2024","801","01","0","00000","2024000000","事業所","25","事業所数","映画館","0人","総数"
"102-2024","801","02","0","00000","2024000000","事業所","79","事業所数","映画館","1～4人","総数"
"102-2024","801","03","0","00000","2024000000","事業所","53","事業所数","映画館","5～9人","総数"
"102-2024","801","04","0","00000","2024000000","事業所","37","事業所数","映画館","10～19人","総数"
"102-2024","801","05","0","00000","2024000000","事業所","67","事業所数","映画館","20～29人","総数"
"102-2024","801","06","0","00000","2024000000","事業所","136","事業所数","映画館","30～49人","総数"
"102-2024","801","07","0","00000","2024000000","事業所","124","事業所数","映画館","50～99人","総数"
"102-2024","801","08","0","00000","2024000000","事業所","31","事業所数","映画館","100～199人","総数"
"102-2024","801","09","0","00000","2024000000","事業所","2","事業所数","映画館","200～299人","総数"
"102-2024","801","10","0","00000","2024000000","事業所","***","事業所数","映画館","300人以上","総数"
"102-2024","802","00","0","00000","2024000000","事業所","4562","事業所数","興行場（別掲を除く）、興行団","総数","総数"
"102-2024","802","01","0","00000","2024000000","事業所","977","事業所数","興行場（別掲を除く）、興行団","0人","総数"
"102-2024","802","02","0","00000","2024000000","事業所","2293","事業所数","興行場（別掲を除く）、興行団","1～4人","総数"
"102-2024","802","03","0","00000","2024000000","事業所","571","事業所数","興行場（別掲を除く）、興行団","5～9人","総数"
"102-2024","802","04","0","00000","2024000000","事業所","342","事業所数","興行場（別掲を除く）、興行団","10～19人","総数"
"102-2024","802","05","0","00000","2024000000","事業所","119","事業所数","興行場（別掲を除く）、興行団","20～29人","総数"
"102-2024","802","06","0","00000","2024000000","事業所","118","事業所数","興行場（別掲を除く）、興行団","30～49人","総数"
"102-2024","802","07","0","00000","2024000000","事業所","93","事業所数","興行場（別掲を除く）、興行団","50～99人","総数"
"102-2024","802","08","0","00000","2024000000","事業所","32","事業所数","興行場（別掲を除く）、興行団","100～199人","総数"
"102-2024","802","09","0","00000","2024000000","事業所","7","事業所数","興行場（別掲を除く）、興行団","200～299人","総数"
"102-2024","802","10","0","00000","2024000000","事業所","10","事業所数","興行場（別掲を除く）、興行団","300人以上","総数"
"102-2024","803","00","0","00000","2024000000","事業所","626","事業所数","競輪・競馬等の競走場、競技団","総数","総数"
"102-2024","803","01","0","00000","2024000000","事業所","48","事業所数","競輪・競馬等の競走場、競技団","0人","総数"
"102-2024","803","02","0","00000","2024000000","事業所","177","事業所数","競輪・競馬等の競走場、競技団","1～4人","総数"
"102-2024","803","03","0","00000","2024000000","事業所","125","事業所数","競輪・競馬等の競走場、競技団","5～9人","総数"
"102-2024","803","04","0","00000","2024000000","事業所","152","事業所数","競輪・競馬等の競走場、競技団","10～19人","総数"
"102-2024","803","05","0","00000","2024000000","事業所","45","事業所数","競輪・競馬等の競走場、競技団","20～29人","総数"
"102-2024","803","06","0","00000","2024000000","事業所","31","事業所数","競輪・競馬等の競走場、競技団","30～49人","総数"
"102-2024","803","07","0","00000","2024000000","事業所","33","事業所数","競輪・競馬等の競走場、競技団","50～99人","総数"
"102-2024","803","08","0","00000","2024000000","事業所","9","事業所数","競輪・競馬等の競走場、競技団","100～199人","総数"
"102-2024","803","09","0","00000","2024000000","事業所","3","事業所数","競輪・競馬等の競走場、競技団","200～299人","総数"
"102-2024","803","10","0","00000","2024000000","事業所","3","事業所数","競輪・競馬等の競走場、競技団","300人以上","総数"
"102-2024","804","00","0","00000","2024000000","事業所","18271","事業所数","スポーツ施設提供業","総数","総数"
"102-2024","804","01","0","00000","2024000000","事業所","968","事業所数","スポーツ施設提供業","0人","総数"
"102-2024","804","02","0","00000","2024000000","事業所","6724","事業所数","スポーツ施設提供業","1～4人","総数"
"102-2024","804","03","0","00000","2024000000","事業所","3820","事業所数","スポーツ施設提供業","5～9人","総数"
"102-2024","804","04","0","00000","2024000000","事業所","2754","事業所数","スポーツ施設提供業","10～19人","総数"
"102-2024","804","05","0","00000","2024000000","事業所","1262","事業所数","スポーツ施設提供業","20～29人","総数"
"102-2024","804","06","0","00000","2024000000","事業所","1447","事業所数","スポーツ施設提供業","30～49人","総数"
"102-2024","804","07","0","00000","2024000000","事業所","1001","事業所数","スポーツ施設提供業","50～99人","総数"
"102-2024","804","08","0","00000","2024000000","事業所","269","事業所数","スポーツ施設提供業","100～199人","総数"
"102-2024","804","09","0","00000","2024000000","事業所","22","事業所数","スポーツ施設提供業","200～299人","総数"
"102-2024","804","10","0","00000","2024000000","事業所","4","事業所数","スポーツ施設提供業","300人以上","総数"
"102-2024","80A","00","0","00000","2024000000","事業所","3362","事業所数","スポーツ施設提供業（別掲を除く）","総数","総数"
"102-2024","80A","01","0","00000","2024000000","事業所","264","事業所数","スポーツ施設提供業（別掲を除く）","0人","総数"
"102-2024","80A","02","0","00000","2024000000","事業所","1232","事業所数","スポーツ施設提供業（別掲を除く）","1～4人","総数"
"102-2024","80A","03","0","00000","2024000000","事業所","749","事業所数","スポーツ施設提供業（別掲を除く）","5～9人","総数"
"102-2024","80A","04","0","00000","2024000000","事業所","532","事業所数","スポーツ施設提供業（別掲を除く）","10～19人","総数"
"102-2024","80A","05","0","00000","2024000000","事業所","237","事業所数","スポーツ施設提供業（別掲を除く）","20～29人","総数"
"102-2024","80A","06","0","00000","2024000000","事業所","216","事業所数","スポーツ施設提供業（別掲を除く）","30～49人","総数"
"102-2024","80A","07","0","00000","2024000000","事業所","104","事業所数","スポーツ施設提供業（別掲を除く）","50～99人","総数"
"102-2024","80A","08","0","00000","2024000000","事業所","24","事業所数","スポーツ施設提供業（別掲を除く）","100～199人","総数"
"102-2024","80A","09","0","00000","2024000000","事業所","2","事業所数","スポーツ施設提供業（別掲を除く）","200～299人","総数"
"102-2024","80A","10","0","00000","2024000000","事業所","2","事業所数","スポーツ施設提供業（別掲を除く）","300人以上","総数"
"102-2024","80B","00","0","00000","2024000000","事業所","947","事業所数","体育館","総数","総数"
"102-2024","80B","01","0","00000","2024000000","事業所","56","事業所数","体育館","0人","総数"
"102-2024","80B","02","0","00000","2024000000","事業所","287","事業所数","体育館","1～4人","総数"
"102-2024","80B","03","0","00000","2024000000","事業所","245","事業所数","体育館","5～9人","総数"
"102-2024","80B","04","0","00000","2024000000","事業所","197","事業所数","体育館","10～19人","総数"
"102-2024","80B","05","0","00000","2024000000","事業所","94","事業所数","体育館","20～29人","総数"
"102-2024","80B","06","0","00000","2024000000","事業所","44","事業所数","体育館","30～49人","総数"
"102-2024","80B","07","0","00000","2024000000","事業所","21","事業所数","体育館","50～99人","総数"
"102-2024","80B","08","0","00000","2024000000","事業所","3","事業所数","体育館","100～199人","総数"
"102-2024","80B","09","0","00000","2024000000","事業所","***","事業所数","体育館","200～299人","総数"
"102-2024","80B","10","0","00000","2024000000","事業所","***","事業所数","体育館","300人以上","総数"
"102-2024","80C","00","0","00000","2024000000","事業所","2255","事業所数","ゴルフ場","総数","総数"
"102-2024","80C","01","0","00000","2024000000","事業所","112","事業所数","ゴルフ場","0人","総数"
"102-2024","80C","02","0","00000","2024000000","事業所","215","事業所数","ゴルフ場","1～4人","総数"
"102-2024","80C","03","0","00000","2024000000","事業所","135","事業所数","ゴルフ場","5～9人","総数"
"102-2024","80C","04","0","00000","2024000000","事業所","266","事業所数","ゴルフ場","10～19人","総数"
"102-2024","80C","05","0","00000","2024000000","事業所","260","事業所数","ゴルフ場","20～29人","総数"
"102-2024","80C","06","0","00000","2024000000","事業所","561","事業所数","ゴルフ場","30～49人","総数"
"102-2024","80C","07","0","00000","2024000000","事業所","558","事業所数","ゴルフ場","50～99人","総数"
"102-2024","80C","08","0","00000","2024000000","事業所","140","事業所数","ゴルフ場","100～199人","総数"
"102-2024","80C","09","0","00000","2024000000","事業所","7","事業所数","ゴルフ場","200～299人","総数"
"102-2024","80C","10","0","00000","2024000000","事業所","1","事業所数","ゴルフ場","300人以上","総数"
"102-2024","80D","00","0","00000","2024000000","事業所","2161","事業所数","ゴルフ練習場","総数","総数"
"102-2024","80D","01","0","00000","2024000000","事業所","123","事業所数","ゴルフ練習場","0人","総数"
"102-2024","80D","02","0","00000","2024000000","事業所","724","事業所数","ゴルフ練習場","1～4人","総数"
"102-2024","80D","03","0","00000","2024000000","事業所","493","事業所数","ゴルフ練習場","5～9人","総数"
"102-2024","80D","04","0","00000","2024000000","事業所","531","事業所数","ゴルフ練習場","10～19人","総数"
"102-2024","80D","05","0","00000","2024000000","事業所","188","事業所数","ゴルフ練習場","20～29人","総数"
"102-2024","80D","06","0","00000","2024000000","事業所","85","事業所数","ゴルフ練習場","30～49人","総数"
"102-2024","80D","07","0","00000","2024000000","事業所","12","事業所数","ゴルフ練習場","50～99人","総数"
"102-2024","80D","08","0","00000","2024000000","事業所","5","事業所数","ゴルフ練習場","100～199人","総数"
"102-2024","80D","09","0","00000","2024000000","事業所","***","事業所数","ゴルフ練習場","200～299人","総数"
"102-2024","80D","10","0","00000","2024000000","事業所","***","事業所数","ゴルフ練習場","300人以上","総数"
"102-2024","80E","00","0","00000","2024000000","事業所","499","事業所数","ボウリング場","総数","総数"
"102-2024","80E","01","0","00000","2024000000","事業所","6","事業所数","ボウリング場","0人","総数"
"102-2024","80E","02","0","00000","2024000000","事業所","60","事業所数","ボウリング場","1～4人","総数"
"102-2024","80E","03","0","00000","2024000000","事業所","101","事業所数","ボウリング場","5～9人","総数"
"102-2024","80E","04","0","00000","2024000000","事業所","146","事業所数","ボウリング場","10～19人","総数"
"102-2024","80E","05","0","00000","2024000000","事業所","55","事業所数","ボウリング場","20～29人","総数"
"102-2024","80E","06","0","00000","2024000000","事業所","25","事業所数","ボウリング場","30～49人","総数"
"102-2024","80E","07","0","00000","2024000000","事業所","17","事業所数","ボウリング場","50～99人","総数"
"102-2024","80E","08","0","00000","2024000000","事業所","82","事業所数","ボウリング場","100～199人","総数"
"102-2024","80E","09","0","00000","2024000000","事業所","7","事業所数","ボウリング場","200～299人","総数"
"102-2024","80E","10","0","00000","2024000000","事業所","***","事業所数","ボウリング場","300人以上","総数"
"102-2024","80F","00","0","00000","2024000000","事業所","322","事業所数","テニス場","総数","総数"
"102-2024","80F","01","0","00000","2024000000","事業所","34","事業所数","テニス場","0人","総数"
"102-2024","80F","02","0","00000","2024000000","事業所","154","事業所数","テニス場","1～4人","総数"
"102-2024","80F","03","0","00000","2024000000","事業所","88","事業所数","テニス場","5～9人","総数"
"102-2024","80F","04","0","00000","2024000000","事業所","31","事業所数","テニス場","10～19人","総数"
"102-2024","80F","05","0","00000","2024000000","事業所","11","事業所数","テニス場","20～29人","総数"
"102-2024","80F","06","0","00000","2024000000","事業所","3","事業所数","テニス場","30～49人","総数"
"102-2024","80F","07","0","00000","2024000000","事業所","***","事業所数","テニス場","50～99人","総数"
"102-2024","80F","08","0","00000","2024000000","事業所","1","事業所数","テニス場","100～199人","総数"
"102-2024","80F","09","0","00000","2024000000","事業所","***","事業所数","テニス場","200～299人","総数"
"102-2024","80F","10","0","00000","2024000000","事業所","***","事業所数","テニス場","300人以上","総数"
"102-2024","80G","00","0","00000","2024000000","事業所","358","事業所数","バッティング・テニス練習場","総数","総数"
"102-2024","80G","01","0","00000","2024000000","事業所","23","事業所数","バッティング・テニス練習場","0人","総数"
"102-2024","80G","02","0","00000","2024000000","事業所","199","事業所数","バッティング・テニス練習場","1～4人","総数"
"102-2024","80G","03","0","00000","2024000000","事業所","91","事業所数","バッティング・テニス練習場","5～9人","総数"
"102-2024","80G","04","0","00000","2024000000","事業所","41","事業所数","バッティング・テニス練習場","10～19人","総数"
"102-2024","80G","05","0","00000","2024000000","事業所","3","事業所数","バッティング・テニス練習場","20～29人","総数"
"102-2024","80G","06","0","00000","2024000000","事業所","1","事業所数","バッティング・テニス練習場","30～49人","総数"
"102-2024","80G","07","0","00000","2024000000","事業所","***","事業所数","バッティング・テニス練習場","50～99人","総数"
"102-2024","80G","08","0","00000","2024000000","事業所","***","事業所数","バッティング・テニス練習場","100～199人","総数"
"102-2024","80G","09","0","00000","2024000000","事業所","***","事業所数","バッティング・テニス練習場","200～299人","総数"
"102-2024","80G","10","0","00000","2024000000","事業所","***","事業所数","バッティング・テニス練習場","300人以上","総数"
"102-2024","80H","00","0","00000","2024000000","事業所","8367","事業所数","フィットネスクラブ","総数","総数"
"102-2024","80H","01","0","00000","2024000000","事業所","350","事業所数","フィットネスクラブ","0人","総数"
"102-2024","80H","02","0","00000","2024000000","事業所","3853","事業所数","フィットネスクラブ","1～4人","総数"
"102-2024","80H","03","0","00000","2024000000","事業所","1918","事業所数","フィットネスクラブ","5～9人","総数"
"102-2024","80H","04","0","00000","2024000000","事業所","1010","事業所数","フィットネスクラブ","10～19人","総数"
"102-2024","80H","05","0","00000","2024000000","事業所","414","事業所数","フィットネスクラブ","20～29人","総数"
"102-2024","80H","06","0","00000","2024000000","事業所","512","事業所数","フィットネスクラブ","30～49人","総数"
"102-2024","80H","07","0","00000","2024000000","事業所","289","事業所数","フィットネスクラブ","50～99人","総数"
"102-2024","80H","08","0","00000","2024000000","事業所","14","事業所数","フィットネスクラブ","100～199人","総数"
"102-2024","80H","09","0","00000","2024000000","事業所","6","事業所数","フィットネスクラブ","200～299人","総数"
"102-2024","80H","10","0","00000","2024000000","事業所","1","事業所数","フィットネスクラブ","300人以上","総数"
"102-2024","805","00","0","00000","2024000000","事業所","1991","事業所数","公園、遊園地","総数","総数"
"102-2024","805","01","0","00000","2024000000","事業所","106","事業所数","公園、遊園地","0人","総数"
"102-2024","805","02","0","00000","2024000000","事業所","486","事業所数","公園、遊園地","1～4人","総数"
"102-2024","805","03","0","00000","2024000000","事業所","507","事業所数","公園、遊園地","5～9人","総数"
"102-2024","805","04","0","00000","2024000000","事業所","446","事業所数","公園、遊園地","10～19人","総数"
"102-2024","805","05","0","00000","2024000000","事業所","148","事業所数","公園、遊園地","20～29人","総数"
"102-2024","805","06","0","00000","2024000000","事業所","153","事業所数","公園、遊園地","30～49人","総数"
"102-2024","805","07","0","00000","2024000000","事業所","79","事業所数","公園、遊園地","50～99人","総数"
"102-2024","805","08","0","00000","2024000000","事業所","39","事業所数","公園、遊園地","100～199人","総数"
"102-2024","805","09","0","00000","2024000000","事業所","9","事業所数","公園、遊園地","200～299人","総数"
"102-2024","805","10","0","00000","2024000000","事業所","18","事業所数","公園、遊園地","300人以上","総数"
"102-2024","806","00","0","00000","2024000000","事業所","10637","事業所数","遊戯場","総数","総数"
"102-2024","806","01","0","00000","2024000000","事業所","364","事業所数","遊戯場","0人","総数"
"102-2024","806","02","0","00000","2024000000","事業所","1706","事業所数","遊戯場","1～4人","総数"
"102-2024","806","03","0","00000","2024000000","事業所","1852","事業所数","遊戯場","5～9人","総数"
"102-2024","806","04","0","00000","2024000000","事業所","3602","事業所数","遊戯場","10～19人","総数"
"102-2024","806","05","0","00000","2024000000","事業所","1804","事業所数","遊戯場","20～29人","総数"
"102-2024","806","06","0","00000","2024000000","事業所","1054","事業所数","遊戯場","30～49人","総数"
"102-2024","806","07","0","00000","2024000000","事業所","220","事業所数","遊戯場","50～99人","総数"
"102-2024","806","08","0","00000","2024000000","事業所","23","事業所数","遊戯場","100～199人","総数"
"102-2024","806","09","0","00000","2024000000","事業所","6","事業所数","遊戯場","200～299人","総数"
"102-2024","806","10","0","00000","2024000000","事業所","6","事業所数","遊戯場","300人以上","総数"
"102-2024","80J","00","0","00000","2024000000","事業所","832","事業所数","マージャンクラブ","総数","総数"
"102-2024","80J","01","0","00000","2024000000","事業所","63","事業所数","マージャンクラブ","0人","総数"
"102-2024","80J","02","0","00000","2024000000","事業所","521","事業所数","マージャンクラブ","1～4人","総数"
"102-2024","80J","03","0","00000","2024000000","事業所","121","事業所数","マージャンクラブ","5～9人","総数"
"102-2024","80J","04","0","00000","2024000000","事業所","68","事業所数","マージャンクラブ","10～19人","総数"
"102-2024","80J","05","0","00000","2024000000","事業所","38","事業所数","マージャンクラブ","20～29人","総数"
"102-2024","80J","06","0","00000","2024000000","事業所","21","事業所数","マージャンクラブ","30～49人","総数"
"102-2024","80J","07","0","00000","2024000000","事業所","***","事業所数","マージャンクラブ","50～99人","総数"
"102-2024","80J","08","0","00000","2024000000","事業所","***","事業所数","マージャンクラブ","100～199人","総数"
"102-2024","80J","09","0","00000","2024000000","事業所","***","事業所数","マージャンクラブ","200～299人","総数"
"102-2024","80J","10","0","00000","2024000000","事業所","***","事業所数","マージャンクラブ","300人以上","総数"
"102-2024","80K","00","0","00000","2024000000","事業所","6807","事業所数","パチンコホール","総数","総数"
"102-2024","80K","01","0","00000","2024000000","事業所","187","事業所数","パチンコホール","0人","総数"
"102-2024","80K","02","0","00000","2024000000","事業所","437","事業所数","パチンコホール","1～4人","総数"
"102-2024","80K","03","0","00000","2024000000","事業所","960","事業所数","パチンコホール","5～9人","総数"
"102-2024","80K","04","0","00000","2024000000","事業所","2624","事業所数","パチンコホール","10～19人","総数"
"102-2024","80K","05","0","00000","2024000000","事業所","1526","事業所数","パチンコホール","20～29人","総数"
"102-2024","80K","06","0","00000","2024000000","事業所","876","事業所数","パチンコホール","30～49人","総数"
"102-2024","80K","07","0","00000","2024000000","事業所","168","事業所数","パチンコホール","50～99人","総数"
"102-2024","80K","08","0","00000","2024000000","事業所","20","事業所数","パチンコホール","100～199人","総数"
"102-2024","80K","09","0","00000","2024000000","事業所","6","事業所数","パチンコホール","200～299人","総数"
"102-2024","80K","10","0","00000","2024000000","事業所","3","事業所数","パチンコホール","300人以上","総数"
"102-2024","80L","00","0","00000","2024000000","事業所","2574","事業所数","ゲームセンター","総数","総数"
"102-2024","80L","01","0","00000","2024000000","事業所","63","事業所数","ゲームセンター","0人","総数"
"102-2024","80L","02","0","00000","2024000000","事業所","485","事業所数","ゲームセンター","1～4人","総数"
"102-2024","80L","03","0","00000","2024000000","事業所","714","事業所数","ゲームセンター","5～9人","総数"
"102-2024","80L","04","0","00000","2024000000","事業所","881","事業所数","ゲームセンター","10～19人","総数"
"102-2024","80L","05","0","00000","2024000000","事業所","235","事業所数","ゲームセンター","20～29人","総数"
"102-2024","80L","06","0","00000","2024000000","事業所","140","事業所数","ゲームセンター","30～49人","総数"
"102-2024","80L","07","0","00000","2024000000","事業所","52","事業所数","ゲームセンター","50～99人","総数"
"102-2024","80L","08","0","00000","2024000000","事業所","1","事業所数","ゲームセンター","100～199人","総数"
"102-2024","80L","09","0","00000","2024000000","事業所","***","事業所数","ゲームセンター","200～299人","総数"
"102-2024","80L","10","0","00000","2024000000","事業所","3","事業所数","ゲームセンター","300人以上","総数"
"102-2024","80M","00","0","00000","2024000000","事業所","424","事業所数","その他の遊戯場","総数","総数"
"102-2024","80M","01","0","00000","2024000000","事業所","51","事業所数","その他の遊戯場","0人","総数"
"102-2024","80M","02","0","00000","2024000000","事業所","263","事業所数","その他の遊戯場","1～4人","総数"
"102-2024","80M","03","0","00000","2024000000","事業所","57","事業所数","その他の遊戯場","5～9人","総数"
"102-2024","80M","04","0","00000","2024000000","事業所","29","事業所数","その他の遊戯場","10～19人","総数"
"102-2024","80M","05","0","00000","2024000000","事業所","5","事業所数","その他の遊戯場","20～29人","総数"
"102-2024","80M","06","0","00000","2024000000","事業所","17","事業所数","その他の遊戯場","30～49人","総数"
"102-2024","80M","07","0","00000","2024000000","事業所","***","事業所数","その他の遊戯場","50～99人","総数"
"102-2024","80M","08","0","00000","2024000000","事業所","2","事業所数","その他の遊戯場","100～199人","総数"
"102-2024","80M","09","0","00000","2024000000","事業所","***","事業所数","その他の遊戯場","200～299人","総数"
"102-2024","80M","10","0","00000","2024000000","事業所","***","事業所数","その他の遊戯場","300人以上","総数"
"102-2024","809","00","0","00000","2024000000","事業所","8673","事業所数","その他の娯楽業","総数","総数"
"102-2024","809","01","0","00000","2024000000","事業所","707","事業所数","その他の娯楽業","0人","総数"
"102-2024","809","02","0","00000","2024000000","事業所","3195","事業所数","その他の娯楽業","1～4人","総数"
"102-2024","809","03","0","00000","2024000000","事業所","1179","事業所数","その他の娯楽業","5～9人","総数"
"102-2024","809","04","0","00000","2024000000","事業所","2013","事業所数","その他の娯楽業","10～19人","総数"
"102-2024","809","05","0","00000","2024000000","事業所","1073","事業所数","その他の娯楽業","20～29人","総数"
"102-2024","809","06","0","00000","2024000000","事業所","381","事業所数","その他の娯楽業","30～49人","総数"
"102-2024","809","07","0","00000","2024000000","事業所","90","事業所数","その他の娯楽業","50～99人","総数"
"102-2024","809","08","0","00000","2024000000","事業所","27","事業所数","その他の娯楽業","100～199人","総数"
"102-2024","809","09","0","00000","2024000000","事業所","4","事業所数","その他の娯楽業","200～299人","総数"
"102-2024","809","10","0","00000","2024000000","事業所","4","事業所数","その他の娯楽業","300人以上","総数"
"102-2024","80N","00","0","00000","2024000000","事業所","3122","事業所数","カラオケボックス業","総数","総数"
"102-2024","80N","01","0","00000","2024000000","事業所","44","事業所数","カラオケボックス業","0人","総数"
"102-2024","80N","02","0","00000","2024000000","事業所","485","事業所数","カラオケボックス業","1～4人","総数"
"102-2024","80N","03","0","00000","2024000000","事業所","395","事業所数","カラオケボックス業","5～9人","総数"
"102-2024","80N","04","0","00000","2024000000","事業所","1264","事業所数","カラオケボックス業","10～19人","総数"
"102-2024","80N","05","0","00000","2024000000","事業所","642","事業所数","カラオケボックス業","20～29人","総数"
"102-2024","80N","06","0","00000","2024000000","事業所","249","事業所数","カラオケボックス業","30～49人","総数"
"102-2024","80N","07","0","00000","2024000000","事業所","30","事業所数","カラオケボックス業","50～99人","総数"
"102-2024","80N","08","0","00000","2024000000","事業所","10","事業所数","カラオケボックス業","100～199人","総数"
"102-2024","80N","09","0","00000","2024000000","事業所","2","事業所数","カラオケボックス業","200～299人","総数"
"102-2024","80N","10","0","00000","2024000000","事業所","1","事業所数","カラオケボックス業","300人以上","総数"
"102-2024","80Q","00","0","00000","2024000000","事業所","1400","事業所数","娯楽に附帯するサービス業","総数","総数"
"102-2024","80Q","01","0","00000","2024000000","事業所","218","事業所数","娯楽に附帯するサービス業","0人","総数"
"102-2024","80Q","02","0","00000","2024000000","事業所","679","事業所数","娯楽に附帯するサービス業","1～4人","総数"
"102-2024","80Q","03","0","00000","2024000000","事業所","206","事業所数","娯楽に附帯するサービス業","5～9人","総数"
"102-2024","80Q","04","0","00000","2024000000","事業所","156","事業所数","娯楽に附帯するサービス業","10～19人","総数"
"102-2024","80Q","05","0","00000","2024000000","事業所","52","事業所数","娯楽に附帯するサービス業","20～29人","総数"
"102-2024","80Q","06","0","00000","2024000000","事業所","45","事業所数","娯楽に附帯するサービス業","30～49人","総数"
"102-2024","80Q","07","0","00000","2024000000","事業所","32","事業所数","娯楽に附帯するサービス業","50～99人","総数"
"102-2024","80Q","08","0","00000","2024000000","事業所","8","事業所数","娯楽に附帯するサービス業","100～199人","総数"
"102-2024","80Q","09","0","00000","2024000000","事業所","1","事業所数","娯楽に附帯するサービス業","200～299人","総数"
"102-2024","80Q","10","0","00000","2024000000","事業所","3","事業所数","娯楽に附帯するサービス業","300人以上","総数"
"102-2024","80R","00","0","00000","2024000000","事業所","4151","事業所数","他に分類されない娯楽業","総数","総数"
"102-2024","80R","01","0","00000","2024000000","事業所","445","事業所数","他に分類されない娯楽業","0人","総数"
"102-2024","80R","02","0","00000","2024000000","事業所","2031","事業所数","他に分類されない娯楽業","1～4人","総数"
"102-2024","80R","03","0","00000","2024000000","事業所","578","事業所数","他に分類されない娯楽業","5～9人","総数"
"102-2024","80R","04","0","00000","2024000000","事業所","593","事業所数","他に分類されない娯楽業","10～19人","総数"
"102-2024","80R","05","0","00000","2024000000","事業所","379","事業所数","他に分類されない娯楽業","20～29人","総数"
"102-2024","80R","06","0","00000","2024000000","事業所","87","事業所数","他に分類されない娯楽業","30～49人","総数"
"102-2024","80R","07","0","00000","2024000000","事業所","28","事業所数","他に分類されない娯楽業","50～99人","総数"
"102-2024","80R","08","0","00000","2024000000","事業所","9","事業所数","他に分類されない娯楽業","100～199人","総数"
"102-2024","80R","09","0","00000","2024000000","事業所","1","事業所数","他に分類されない娯楽業","200～299人","総数"
"102-2024","80R","10","0","00000","2024000000","事業所","***","事業所数","他に分類されない娯楽業","300人以上","総数"
"102-2024","O","00","0","00000","2024000000","事業所","108494","事業所数","教育、学習支援業","総数","総数"
"102-2024","O","01","0","00000","2024000000","事業所","6958","事業所数","教育、学習支援業","0人","総数"
"102-2024","O","02","0","00000","2024000000","事業所","47328","事業所数","教育、学習支援業","1～4人","総数"
"102-2024","O","03","0","00000","2024000000","事業所","18402","事業所数","教育、学習支援業","5～9人","総数"
"102-2024","O","04","0","00000","2024000000","事業所","16509","事業所数","教育、学習支援業","10～19人","総数"
"102-2024","O","05","0","00000","2024000000","事業所","7815","事業所数","教育、学習支援業","20～29人","総数"
"102-2024","O","06","0","00000","2024000000","事業所","6615","事業所数","教育、学習支援業","30～49人","総数"
"102-2024","O","07","0","00000","2024000000","事業所","3069","事業所数","教育、学習支援業","50～99人","総数"
"102-2024","O","08","0","00000","2024000000","事業所","1036","事業所数","教育、学習支援業","100～199人","総数"
"102-2024","O","09","0","00000","2024000000","事業所","240","事業所数","教育、学習支援業","200～299人","総数"
"102-2024","O","10","0","00000","2024000000","事業所","522","事業所数","教育、学習支援業","300人以上","総数"
"102-2024","O1","00","0","00000","2024000000","事業所","20754","事業所数","教育、学習支援業（学校教育）","総数","総数"
"102-2024","O1","01","0","00000","2024000000","事業所","150","事業所数","教育、学習支援業（学校教育）","0人","総数"
"102-2024","O1","02","0","00000","2024000000","事業所","1327","事業所数","教育、学習支援業（学校教育）","1～4人","総数"
"102-2024","O1","03","0","00000","2024000000","事業所","2054","事業所数","教育、学習支援業（学校教育）","5～9人","総数"
"102-2024","O1","04","0","00000","2024000000","事業所","5222","事業所数","教育、学習支援業（学校教育）","10～19人","総数"
"102-2024","O1","05","0","00000","2024000000","事業所","4177","事業所数","教育、学習支援業（学校教育）","20～29人","総数"
"102-2024","O1","06","0","00000","2024000000","事業所","4248","事業所数","教育、学習支援業（学校教育）","30～49人","総数"
"102-2024","O1","07","0","00000","2024000000","事業所","2090","事業所数","教育、学習支援業（学校教育）","50～99人","総数"
"102-2024","O1","08","0","00000","2024000000","事業所","807","事業所数","教育、学習支援業（学校教育）","100～199人","総数"
"102-2024","O1","09","0","00000","2024000000","事業所","202","事業所数","教育、学習支援業（学校教育）","200～299人","総数"
"102-2024","O1","10","0","00000","2024000000","事業所","477","事業所数","教育、学習支援業（学校教育）","300人以上","総数"
"102-2024","81","00","0","00000","2024000000","事業所","20754","事業所数","学校教育","総数","総数"
"102-2024","81","01","0","00000","2024000000","事業所","150","事業所数","学校教育","0人","総数"
"102-2024","81","02","0","00000","2024000000","事業所","1327","事業所数","学校教育","1～4人","総数"
"102-2024","81","03","0","00000","2024000000","事業所","2054","事業所数","学校教育","5～9人","総数"
"102-2024","81","04","0","00000","2024000000","事業所","5222","事業所数","学校教育","10～19人","総数"
"102-2024","81","05","0","00000","2024000000","事業所","4177","事業所数","学校教育","20～29人","総数"
"102-2024","81","06","0","00000","2024000000","事業所","4248","事業所数","学校教育","30～49人","総数"
"102-2024","81","07","0","00000","2024000000","事業所","2090","事業所数","学校教育","50～99人","総数"
"102-2024","81","08","0","00000","2024000000","事業所","807","事業所数","学校教育","100～199人","総数"
"102-2024","81","09","0","00000","2024000000","事業所","202","事業所数","学校教育","200～299人","総数"
"102-2024","81","10","0","00000","2024000000","事業所","477","事業所数","学校教育","300人以上","総数"
"102-2024","810","00","0","00000","2024000000","事業所","664","事業所数","管理、補助的経済活動を行う事業所（81_学校教育）","総数","総数"
"102-2024","810","01","0","00000","2024000000","事業所","38","事業所数","管理、補助的経済活動を行う事業所（81_学校教育）","0人","総数"
"102-2024","810","02","0","00000","2024000000","事業所","259","事業所数","管理、補助的経済活動を行う事業所（81_学校教育）","1～4人","総数"
"102-2024","810","03","0","00000","2024000000","事業所","129","事業所数","管理、補助的経済活動を行う事業所（81_学校教育）","5～9人","総数"
"102-2024","810","04","0","00000","2024000000","事業所","110","事業所数","管理、補助的経済活動を行う事業所（81_学校教育）","10～19人","総数"
"102-2024","810","05","0","00000","2024000000","事業所","32","事業所数","管理、補助的経済活動を行う事業所（81_学校教育）","20～29人","総数"
"102-2024","810","06","0","00000","2024000000","事業所","36","事業所数","管理、補助的経済活動を行う事業所（81_学校教育）","30～49人","総数"
"102-2024","810","07","0","00000","2024000000","事業所","29","事業所数","管理、補助的経済活動を行う事業所（81_学校教育）","50～99人","総数"
"102-2024","810","08","0","00000","2024000000","事業所","16","事業所数","管理、補助的経済活動を行う事業所（81_学校教育）","100～199人","総数"
"102-2024","810","09","0","00000","2024000000","事業所","8","事業所数","管理、補助的経済活動を行う事業所（81_学校教育）","200～299人","総数"
"102-2024","810","10","0","00000","2024000000","事業所","7","事業所数","管理、補助的経済活動を行う事業所（81_学校教育）","300人以上","総数"
"102-2024","811","00","0","00000","2024000000","事業所","5959","事業所数","幼稚園","総数","総数"
"102-2024","811","01","0","00000","2024000000","事業所","18","事業所数","幼稚園","0人","総数"
"102-2024","811","02","0","00000","2024000000","事業所","169","事業所数","幼稚園","1～4人","総数"
"102-2024","811","03","0","00000","2024000000","事業所","860","事業所数","幼稚園","5～9人","総数"
"102-2024","811","04","0","00000","2024000000","事業所","2539","事業所数","幼稚園","10～19人","総数"
"102-2024","811","05","0","00000","2024000000","事業所","1429","事業所数","幼稚園","20～29人","総数"
"102-2024","811","06","0","00000","2024000000","事業所","800","事業所数","幼稚園","30～49人","総数"
"102-2024","811","07","0","00000","2024000000","事業所","136","事業所数","幼稚園","50～99人","総数"
"102-2024","811","08","0","00000","2024000000","事業所","8","事業所数","幼稚園","100～199人","総数"
"102-2024","811","09","0","00000","2024000000","事業所","***","事業所数","幼稚園","200～299人","総数"
"102-2024","811","10","0","00000","2024000000","事業所","***","事業所数","幼稚園","300人以上","総数"
"102-2024","819","00","0","00000","2024000000","事業所","5314","事業所数","幼保連携型認定こども園","総数","総数"
"102-2024","819","01","0","00000","2024000000","事業所","15","事業所数","幼保連携型認定こども園","0人","総数"
"102-2024","819","02","0","00000","2024000000","事業所","76","事業所数","幼保連携型認定こども園","1～4人","総数"
"102-2024","819","03","0","00000","2024000000","事業所","113","事業所数","幼保連携型認定こども園","5～9人","総数"
"102-2024","819","04","0","00000","2024000000","事業所","980","事業所数","幼保連携型認定こども園","10～19人","総数"
"102-2024","819","05","0","00000","2024000000","事業所","1710","事業所数","幼保連携型認定こども園","20～29人","総数"
"102-2024","819","06","0","00000","2024000000","事業所","2020","事業所数","幼保連携型認定こども園","30～49人","総数"
"102-2024","819","07","0","00000","2024000000","事業所","386","事業所数","幼保連携型認定こども園","50～99人","総数"
"102-2024","819","08","0","00000","2024000000","事業所","13","事業所数","幼保連携型認定こども園","100～199人","総数"
"102-2024","819","09","0","00000","2024000000","事業所","1","事業所数","幼保連携型認定こども園","200～299人","総数"
"102-2024","819","10","0","00000","2024000000","事業所","***","事業所数","幼保連携型認定こども園","300人以上","総数"
"102-2024","812","00","0","00000","2024000000","事業所","300","事業所数","小学校","総数","総数"
"102-2024","812","01","0","00000","2024000000","事業所","***","事業所数","小学校","0人","総数"
"102-2024","812","02","0","00000","2024000000","事業所","11","事業所数","小学校","1～4人","総数"
"102-2024","812","03","0","00000","2024000000","事業所","17","事業所数","小学校","5～9人","総数"
"102-2024","812","04","0","00000","2024000000","事業所","33","事業所数","小学校","10～19人","総数"
"102-2024","812","05","0","00000","2024000000","事業所","54","事業所数","小学校","20～29人","総数"
"102-2024","812","06","0","00000","2024000000","事業所","123","事業所数","小学校","30～49人","総数"
"102-2024","812","07","0","00000","2024000000","事業所","61","事業所数","小学校","50～99人","総数"
"102-2024","812","08","0","00000","2024000000","事業所","1","事業所数","小学校","100～199人","総数"
"102-2024","812","09","0","00000","2024000000","事業所","***","事業所数","小学校","200～299人","総数"
"102-2024","812","10","0","00000","2024000000","事業所","***","事業所数","小学校","300人以上","総数"
"102-2024","813","00","0","00000","2024000000","事業所","695","事業所数","中学校、義務教育学校","総数","総数"
"102-2024","813","01","0","00000","2024000000","事業所","3","事業所数","中学校、義務教育学校","0人","総数"
"102-2024","813","02","0","00000","2024000000","事業所","13","事業所数","中学校、義務教育学校","1～4人","総数"
"102-2024","813","03","0","00000","2024000000","事業所","45","事業所数","中学校、義務教育学校","5～9人","総数"
"102-2024","813","04","0","00000","2024000000","事業所","135","事業所数","中学校、義務教育学校","10～19人","総数"
"102-2024","813","05","0","00000","2024000000","事業所","172","事業所数","中学校、義務教育学校","20～29人","総数"
"102-2024","813","06","0","00000","2024000000","事業所","196","事業所数","中学校、義務教育学校","30～49人","総数"
"102-2024","813","07","0","00000","2024000000","事業所","127","事業所数","中学校、義務教育学校","50～99人","総数"
"102-2024","813","08","0","00000","2024000000","事業所","4","事業所数","中学校、義務教育学校","100～199人","総数"
"102-2024","813","09","0","00000","2024000000","事業所","***","事業所数","中学校、義務教育学校","200～299人","総数"
"102-2024","813","10","0","00000","2024000000","事業所","***","事業所数","中学校、義務教育学校","300人以上","総数"
"102-2024","814","00","0","00000","2024000000","事業所","2073","事業所数","高等学校、中等教育学校","総数","総数"
"102-2024","814","01","0","00000","2024000000","事業所","14","事業所数","高等学校、中等教育学校","0人","総数"
"102-2024","814","02","0","00000","2024000000","事業所","176","事業所数","高等学校、中等教育学校","1～4人","総数"
"102-2024","814","03","0","00000","2024000000","事業所","201","事業所数","高等学校、中等教育学校","5～9人","総数"
"102-2024","814","04","0","00000","2024000000","事業所","233","事業所数","高等学校、中等教育学校","10～19人","総数"
"102-2024","814","05","0","00000","2024000000","事業所","130","事業所数","高等学校、中等教育学校","20～29人","総数"
"102-2024","814","06","0","00000","2024000000","事業所","302","事業所数","高等学校、中等教育学校","30～49人","総数"
"102-2024","814","07","0","00000","2024000000","事業所","706","事業所数","高等学校、中等教育学校","50～99人","総数"
"102-2024","814","08","0","00000","2024000000","事業所","299","事業所数","高等学校、中等教育学校","100～199人","総数"
"102-2024","814","09","0","00000","2024000000","事業所","11","事業所数","高等学校、中等教育学校","200～299人","総数"
"102-2024","814","10","0","00000","2024000000","事業所","1","事業所数","高等学校、中等教育学校","300人以上","総数"
"102-2024","815","00","0","00000","2024000000","事業所","58","事業所数","特別支援学校","総数","総数"
"102-2024","815","01","0","00000","2024000000","事業所","***","事業所数","特別支援学校","0人","総数"
"102-2024","815","02","0","00000","2024000000","事業所","1","事業所数","特別支援学校","1～4人","総数"
"102-2024","815","03","0","00000","2024000000","事業所","1","事業所数","特別支援学校","5～9人","総数"
"102-2024","815","04","0","00000","2024000000","事業所","2","事業所数","特別支援学校","10～19人","総数"
"102-2024","815","05","0","00000","2024000000","事業所","6","事業所数","特別支援学校","20～29人","総数"
"102-2024","815","06","0","00000","2024000000","事業所","39","事業所数","特別支援学校","30～49人","総数"
"102-2024","815","07","0","00000","2024000000","事業所","7","事業所数","特別支援学校","50～99人","総数"
"102-2024","815","08","0","00000","2024000000","事業所","2","事業所数","特別支援学校","100～199人","総数"
"102-2024","815","09","0","00000","2024000000","事業所","***","事業所数","特別支援学校","200～299人","総数"
"102-2024","815","10","0","00000","2024000000","事業所","***","事業所数","特別支援学校","300人以上","総数"
"102-2024","816","00","0","00000","2024000000","事業所","2394","事業所数","高等教育機関","総数","総数"
"102-2024","816","01","0","00000","2024000000","事業所","38","事業所数","高等教育機関","0人","総数"
"102-2024","816","02","0","00000","2024000000","事業所","275","事業所数","高等教育機関","1～4人","総数"
"102-2024","816","03","0","00000","2024000000","事業所","178","事業所数","高等教育機関","5～9人","総数"
"102-2024","816","04","0","00000","2024000000","事業所","188","事業所数","高等教育機関","10～19人","総数"
"102-2024","816","05","0","00000","2024000000","事業所","134","事業所数","高等教育機関","20～29人","総数"
"102-2024","816","06","0","00000","2024000000","事業所","203","事業所数","高等教育機関","30～49人","総数"
"102-2024","816","07","0","00000","2024000000","事業所","351","事業所数","高等教育機関","50～99人","総数"
"102-2024","816","08","0","00000","2024000000","事業所","395","事業所数","高等教育機関","100～199人","総数"
"102-2024","816","09","0","00000","2024000000","事業所","170","事業所数","高等教育機関","200～299人","総数"
"102-2024","816","10","0","00000","2024000000","事業所","462","事業所数","高等教育機関","300人以上","総数"
"102-2024","817","00","0","00000","2024000000","事業所","3276","事業所数","専修学校、各種学校","総数","総数"
"102-2024","817","01","0","00000","2024000000","事業所","24","事業所数","専修学校、各種学校","0人","総数"
"102-2024","817","02","0","00000","2024000000","事業所","346","事業所数","専修学校、各種学校","1～4人","総数"
"102-2024","817","03","0","00000","2024000000","事業所","506","事業所数","専修学校、各種学校","5～9人","総数"
"102-2024","817","04","0","00000","2024000000","事業所","997","事業所数","専修学校、各種学校","10～19人","総数"
"102-2024","817","05","0","00000","2024000000","事業所","508","事業所数","専修学校、各種学校","20～29人","総数"
"102-2024","817","06","0","00000","2024000000","事業所","526","事業所数","専修学校、各種学校","30～49人","総数"
"102-2024","817","07","0","00000","2024000000","事業所","285","事業所数","専修学校、各種学校","50～99人","総数"
"102-2024","817","08","0","00000","2024000000","事業所","67","事業所数","専修学校、各種学校","100～199人","総数"
"102-2024","817","09","0","00000","2024000000","事業所","12","事業所数","専修学校、各種学校","200～299人","総数"
"102-2024","817","10","0","00000","2024000000","事業所","5","事業所数","専修学校、各種学校","300人以上","総数"
"102-2024","81A","00","0","00000","2024000000","事業所","2656","事業所数","専修学校","総数","総数"
"102-2024","81A","01","0","00000","2024000000","事業所","12","事業所数","専修学校","0人","総数"
"102-2024","81A","02","0","00000","2024000000","事業所","247","事業所数","専修学校","1～4人","総数"
"102-2024","81A","03","0","00000","2024000000","事業所","394","事業所数","専修学校","5～9人","総数"
"102-2024","81A","04","0","00000","2024000000","事業所","829","事業所数","専修学校","10～19人","総数"
"102-2024","81A","05","0","00000","2024000000","事業所","443","事業所数","専修学校","20～29人","総数"
"102-2024","81A","06","0","00000","2024000000","事業所","435","事業所数","専修学校","30～49人","総数"
"102-2024","81A","07","0","00000","2024000000","事業所","227","事業所数","専修学校","50～99人","総数"
"102-2024","81A","08","0","00000","2024000000","事業所","53","事業所数","専修学校","100～199人","総数"
"102-2024","81A","09","0","00000","2024000000","事業所","12","事業所数","専修学校","200～299人","総数"
"102-2024","81A","10","0","00000","2024000000","事業所","4","事業所数","専修学校","300人以上","総数"
"102-2024","81B","00","0","00000","2024000000","事業所","620","事業所数","各種学校","総数","総数"
"102-2024","81B","01","0","00000","2024000000","事業所","12","事業所数","各種学校","0人","総数"
"102-2024","81B","02","0","00000","2024000000","事業所","99","事業所数","各種学校","1～4人","総数"
"102-2024","81B","03","0","00000","2024000000","事業所","112","事業所数","各種学校","5～9人","総数"
"102-2024","81B","04","0","00000","2024000000","事業所","168","事業所数","各種学校","10～19人","総数"
"102-2024","81B","05","0","00000","2024000000","事業所","65","事業所数","各種学校","20～29人","総数"
"102-2024","81B","06","0","00000","2024000000","事業所","91","事業所数","各種学校","30～49人","総数"
"102-2024","81B","07","0","00000","2024000000","事業所","58","事業所数","各種学校","50～99人","総数"
"102-2024","81B","08","0","00000","2024000000","事業所","14","事業所数","各種学校","100～199人","総数"
"102-2024","81B","09","0","00000","2024000000","事業所","***","事業所数","各種学校","200～299人","総数"
"102-2024","81B","10","0","00000","2024000000","事業所","1","事業所数","各種学校","300人以上","総数"
"102-2024","818","00","0","00000","2024000000","事業所","21","事業所数","学校教育支援機関","総数","総数"
"102-2024","818","01","0","00000","2024000000","事業所","***","事業所数","学校教育支援機関","0人","総数"
"102-2024","818","02","0","00000","2024000000","事業所","1","事業所数","学校教育支援機関","1～4人","総数"
"102-2024","818","03","0","00000","2024000000","事業所","4","事業所数","学校教育支援機関","5～9人","総数"
"102-2024","818","04","0","00000","2024000000","事業所","5","事業所数","学校教育支援機関","10～19人","総数"
"102-2024","818","05","0","00000","2024000000","事業所","2","事業所数","学校教育支援機関","20～29人","総数"
"102-2024","818","06","0","00000","2024000000","事業所","3","事業所数","学校教育支援機関","30～49人","総数"
"102-2024","818","07","0","00000","2024000000","事業所","2","事業所数","学校教育支援機関","50～99人","総数"
"102-2024","818","08","0","00000","2024000000","事業所","2","事業所数","学校教育支援機関","100～199人","総数"
"102-2024","818","09","0","00000","2024000000","事業所","***","事業所数","学校教育支援機関","200～299人","総数"
"102-2024","818","10","0","00000","2024000000","事業所","2","事業所数","学校教育支援機関","300人以上","総数"
"102-2024","O2","00","0","00000","2024000000","事業所","87740","事業所数","教育、学習支援業（その他の教育、学習支援業）","総数","総数"
"102-2024","O2","01","0","00000","2024000000","事業所","6808","事業所数","教育、学習支援業（その他の教育、学習支援業）","0人","総数"
"102-2024","O2","02","0","00000","2024000000","事業所","46001","事業所数","教育、学習支援業（その他の教育、学習支援業）","1～4人","総数"
"102-2024","O2","03","0","00000","2024000000","事業所","16348","事業所数","教育、学習支援業（その他の教育、学習支援業）","5～9人","総数"
"102-2024","O2","04","0","00000","2024000000","事業所","11287","事業所数","教育、学習支援業（その他の教育、学習支援業）","10～19人","総数"
"102-2024","O2","05","0","00000","2024000000","事業所","3638","事業所数","教育、学習支援業（その他の教育、学習支援業）","20～29人","総数"
"102-2024","O2","06","0","00000","2024000000","事業所","2367","事業所数","教育、学習支援業（その他の教育、学習支援業）","30～49人","総数"
"102-2024","O2","07","0","00000","2024000000","事業所","979","事業所数","教育、学習支援業（その他の教育、学習支援業）","50～99人","総数"
"102-2024","O2","08","0","00000","2024000000","事業所","229","事業所数","教育、学習支援業（その他の教育、学習支援業）","100～199人","総数"
"102-2024","O2","09","0","00000","2024000000","事業所","38","事業所数","教育、学習支援業（その他の教育、学習支援業）","200～299人","総数"
"102-2024","O2","10","0","00000","2024000000","事業所","45","事業所数","教育、学習支援業（その他の教育、学習支援業）","300人以上","総数"
"102-2024","82","00","0","00000","2024000000","事業所","87740","事業所数","その他の教育、学習支援業","総数","総数"
"102-2024","82","01","0","00000","2024000000","事業所","6808","事業所数","その他の教育、学習支援業","0人","総数"
"102-2024","82","02","0","00000","2024000000","事業所","46001","事業所数","その他の教育、学習支援業","1～4人","総数"
"102-2024","82","03","0","00000","2024000000","事業所","16348","事業所数","その他の教育、学習支援業","5～9人","総数"
"102-2024","82","04","0","00000","2024000000","事業所","11287","事業所数","その他の教育、学習支援業","10～19人","総数"
"102-2024","82","05","0","00000","2024000000","事業所","3638","事業所数","その他の教育、学習支援業","20～29人","総数"
"102-2024","82","06","0","00000","2024000000","事業所","2367","事業所数","その他の教育、学習支援業","30～49人","総数"
"102-2024","82","07","0","00000","2024000000","事業所","979","事業所数","その他の教育、学習支援業","50～99人","総数"
"102-2024","82","08","0","00000","2024000000","事業所","229","事業所数","その他の教育、学習支援業","100～199人","総数"
"102-2024","82","09","0","00000","2024000000","事業所","38","事業所数","その他の教育、学習支援業","200～299人","総数"
"102-2024","82","10","0","00000","2024000000","事業所","45","事業所数","その他の教育、学習支援業","300人以上","総数"
"102-2024","820","00","0","00000","2024000000","事業所","551","事業所数","管理、補助的経済活動を行う事業所（82_その他の教育、学習支援業）","総数","総数"
"102-2024","820","01","0","00000","2024000000","事業所","74","事業所数","管理、補助的経済活動を行う事業所（82_その他の教育、学習支援業）","0人","総数"
"102-2024","820","02","0","00000","2024000000","事業所","279","事業所数","管理、補助的経済活動を行う事業所（82_その他の教育、学習支援業）","1～4人","総数"
"102-2024","820","03","0","00000","2024000000","事業所","96","事業所数","管理、補助的経済活動を行う事業所（82_その他の教育、学習支援業）","5～9人","総数"
"102-2024","820","04","0","00000","2024000000","事業所","42","事業所数","管理、補助的経済活動を行う事業所（82_その他の教育、学習支援業）","10～19人","総数"
"102-2024","820","05","0","00000","2024000000","事業所","16","事業所数","管理、補助的経済活動を行う事業所（82_その他の教育、学習支援業）","20～29人","総数"
"102-2024","820","06","0","00000","2024000000","事業所","12","事業所数","管理、補助的経済活動を行う事業所（82_その他の教育、学習支援業）","30～49人","総数"
"102-2024","820","07","0","00000","2024000000","事業所","16","事業所数","管理、補助的経済活動を行う事業所（82_その他の教育、学習支援業）","50～99人","総数"
"102-2024","820","08","0","00000","2024000000","事業所","9","事業所数","管理、補助的経済活動を行う事業所（82_その他の教育、学習支援業）","100～199人","総数"
"102-2024","820","09","0","00000","2024000000","事業所","2","事業所数","管理、補助的経済活動を行う事業所（82_その他の教育、学習支援業）","200～299人","総数"
"102-2024","820","10","0","00000","2024000000","事業所","5","事業所数","管理、補助的経済活動を行う事業所（82_その他の教育、学習支援業）","300人以上","総数"
"102-2024","821","00","0","00000","2024000000","事業所","4824","事業所数","社会教育","総数","総数"
"102-2024","821","01","0","00000","2024000000","事業所","185","事業所数","社会教育","0人","総数"
"102-2024","821","02","0","00000","2024000000","事業所","1894","事業所数","社会教育","1～4人","総数"
"102-2024","821","03","0","00000","2024000000","事業所","1181","事業所数","社会教育","5～9人","総数"
"102-2024","821","04","0","00000","2024000000","事業所","833","事業所数","社会教育","10～19人","総数"
"102-2024","821","05","0","00000","2024000000","事業所","341","事業所数","社会教育","20～29人","総数"
"102-2024","821","06","0","00000","2024000000","事業所","225","事業所数","社会教育","30～49人","総数"
"102-2024","821","07","0","00000","2024000000","事業所","121","事業所数","社会教育","50～99人","総数"
"102-2024","821","08","0","00000","2024000000","事業所","35","事業所数","社会教育","100～199人","総数"
"102-2024","821","09","0","00000","2024000000","事業所","5","事業所数","社会教育","200～299人","総数"
"102-2024","821","10","0","00000","2024000000","事業所","4","事業所数","社会教育","300人以上","総数"
"102-2024","82A","00","0","00000","2024000000","事業所","853","事業所数","公民館","総数","総数"
"102-2024","82A","01","0","00000","2024000000","事業所","3","事業所数","公民館","0人","総数"
"102-2024","82A","02","0","00000","2024000000","事業所","541","事業所数","公民館","1～4人","総数"
"102-2024","82A","03","0","00000","2024000000","事業所","239","事業所数","公民館","5～9人","総数"
"102-2024","82A","04","0","00000","2024000000","事業所","61","事業所数","公民館","10～19人","総数"
"102-2024","82A","05","0","00000","2024000000","事業所","5","事業所数","公民館","20～29人","総数"
"102-2024","82A","06","0","00000","2024000000","事業所","3","事業所数","公民館","30～49人","総数"
"102-2024","82A","07","0","00000","2024000000","事業所","***","事業所数","公民館","50～99人","総数"
"102-2024","82A","08","0","00000","2024000000","事業所","***","事業所数","公民館","100～199人","総数"
"102-2024","82A","09","0","00000","2024000000","事業所","***","事業所数","公民館","200～299人","総数"
"102-2024","82A","10","0","00000","2024000000","事業所","1","事業所数","公民館","300人以上","総数"
"102-2024","82B","00","0","00000","2024000000","事業所","1004","事業所数","図書館","総数","総数"
"102-2024","82B","01","0","00000","2024000000","事業所","11","事業所数","図書館","0人","総数"
"102-2024","82B","02","0","00000","2024000000","事業所","240","事業所数","図書館","1～4人","総数"
"102-2024","82B","03","0","00000","2024000000","事業所","232","事業所数","図書館","5～9人","総数"
"102-2024","82B","04","0","00000","2024000000","事業所","300","事業所数","図書館","10～19人","総数"
"102-2024","82B","05","0","00000","2024000000","事業所","125","事業所数","図書館","20～29人","総数"
"102-2024","82B","06","0","00000","2024000000","事業所","65","事業所数","図書館","30～49人","総数"
"102-2024","82B","07","0","00000","2024000000","事業所","26","事業所数","図書館","50～99人","総数"
"102-2024","82B","08","0","00000","2024000000","事業所","5","事業所数","図書館","100～199人","総数"
"102-2024","82B","09","0","00000","2024000000","事業所","***","事業所数","図書館","200～299人","総数"
"102-2024","82B","10","0","00000","2024000000","事業所","***","事業所数","図書館","300人以上","総数"
"102-2024","82C","00","0","00000","2024000000","事業所","2025","事業所数","博物館、美術館","総数","総数"
"102-2024","82C","01","0","00000","2024000000","事業所","114","事業所数","博物館、美術館","0人","総数"
"102-2024","82C","02","0","00000","2024000000","事業所","861","事業所数","博物館、美術館","1～4人","総数"
"102-2024","82C","03","0","00000","2024000000","事業所","503","事業所数","博物館、美術館","5～9人","総数"
"102-2024","82C","04","0","00000","2024000000","事業所","301","事業所数","博物館、美術館","10～19人","総数"
"102-2024","82C","05","0","00000","2024000000","事業所","115","事業所数","博物館、美術館","20～29人","総数"
"102-2024","82C","06","0","00000","2024000000","事業所","78","事業所数","博物館、美術館","30～49人","総数"
"102-2024","82C","07","0","00000","2024000000","事業所","41","事業所数","博物館、美術館","50～99人","総数"
"102-2024","82C","08","0","00000","2024000000","事業所","10","事業所数","博物館、美術館","100～199人","総数"
"102-2024","82C","09","0","00000","2024000000","事業所","2","事業所数","博物館、美術館","200～299人","総数"
"102-2024","82C","10","0","00000","2024000000","事業所","***","事業所数","博物館、美術館","300人以上","総数"
"102-2024","82D","00","0","00000","2024000000","事業所","334","事業所数","動物園、植物園、水族館","総数","総数"
"102-2024","82D","01","0","00000","2024000000","事業所","15","事業所数","動物園、植物園、水族館","0人","総数"
"102-2024","82D","02","0","00000","2024000000","事業所","75","事業所数","動物園、植物園、水族館","1～4人","総数"
"102-2024","82D","03","0","00000","2024000000","事業所","65","事業所数","動物園、植物園、水族館","5～9人","総数"
"102-2024","82D","04","0","00000","2024000000","事業所","44","事業所数","動物園、植物園、水族館","10～19人","総数"
"102-2024","82D","05","0","00000","2024000000","事業所","31","事業所数","動物園、植物園、水族館","20～29人","総数"
"102-2024","82D","06","0","00000","2024000000","事業所","40","事業所数","動物園、植物園、水族館","30～49人","総数"
"102-2024","82D","07","0","00000","2024000000","事業所","43","事業所数","動物園、植物園、水族館","50～99人","総数"
"102-2024","82D","08","0","00000","2024000000","事業所","17","事業所数","動物園、植物園、水族館","100～199人","総数"
"102-2024","82D","09","0","00000","2024000000","事業所","2","事業所数","動物園、植物園、水族館","200～299人","総数"
"102-2024","82D","10","0","00000","2024000000","事業所","2","事業所数","動物園、植物園、水族館","300人以上","総数"
"102-2024","82N","00","0","00000","2024000000","事業所","72","事業所数","社会通信教育","総数","総数"
"102-2024","82N","01","0","00000","2024000000","事業所","11","事業所数","社会通信教育","0人","総数"
"102-2024","82N","02","0","00000","2024000000","事業所","37","事業所数","社会通信教育","1～4人","総数"
"102-2024","82N","03","0","00000","2024000000","事業所","9","事業所数","社会通信教育","5～9人","総数"
"102-2024","82N","04","0","00000","2024000000","事業所","5","事業所数","社会通信教育","10～19人","総数"
"102-2024","82N","05","0","00000","2024000000","事業所","1","事業所数","社会通信教育","20～29人","総数"
"102-2024","82N","06","0","00000","2024000000","事業所","2","事業所数","社会通信教育","30～49人","総数"
"102-2024","82N","07","0","00000","2024000000","事業所","4","事業所数","社会通信教育","50～99人","総数"
"102-2024","82N","08","0","00000","2024000000","事業所","2","事業所数","社会通信教育","100～199人","総数"
"102-2024","82N","09","0","00000","2024000000","事業所","***","事業所数","社会通信教育","200～299人","総数"
"102-2024","82N","10","0","00000","2024000000","事業所","1","事業所数","社会通信教育","300人以上","総数"
"102-2024","82P","00","0","00000","2024000000","事業所","536","事業所数","その他の社会教育","総数","総数"
"102-2024","82P","01","0","00000","2024000000","事業所","31","事業所数","その他の社会教育","0人","総数"
"102-2024","82P","02","0","00000","2024000000","事業所","140","事業所数","その他の社会教育","1～4人","総数"
"102-2024","82P","03","0","00000","2024000000","事業所","133","事業所数","その他の社会教育","5～9人","総数"
"102-2024","82P","04","0","00000","2024000000","事業所","122","事業所数","その他の社会教育","10～19人","総数"
"102-2024","82P","05","0","00000","2024000000","事業所","64","事業所数","その他の社会教育","20～29人","総数"
"102-2024","82P","06","0","00000","2024000000","事業所","37","事業所数","その他の社会教育","30～49人","総数"
"102-2024","82P","07","0","00000","2024000000","事業所","7","事業所数","その他の社会教育","50～99人","総数"
"102-2024","82P","08","0","00000","2024000000","事業所","1","事業所数","その他の社会教育","100～199人","総数"
"102-2024","82P","09","0","00000","2024000000","事業所","1","事業所数","その他の社会教育","200～299人","総数"
"102-2024","82P","10","0","00000","2024000000","事業所","***","事業所数","その他の社会教育","300人以上","総数"
"102-2024","822","00","0","00000","2024000000","事業所","5384","事業所数","職業・教育支援施設","総数","総数"
"102-2024","822","01","0","00000","2024000000","事業所","1001","事業所数","職業・教育支援施設","0人","総数"
"102-2024","822","02","0","00000","2024000000","事業所","2608","事業所数","職業・教育支援施設","1～4人","総数"
"102-2024","822","03","0","00000","2024000000","事業所","768","事業所数","職業・教育支援施設","5～9人","総数"
"102-2024","822","04","0","00000","2024000000","事業所","512","事業所数","職業・教育支援施設","10～19人","総数"
"102-2024","822","05","0","00000","2024000000","事業所","169","事業所数","職業・教育支援施設","20～29人","総数"
"102-2024","822","06","0","00000","2024000000","事業所","144","事業所数","職業・教育支援施設","30～49人","総数"
"102-2024","822","07","0","00000","2024000000","事業所","113","事業所数","職業・教育支援施設","50～99人","総数"
"102-2024","822","08","0","00000","2024000000","事業所","44","事業所数","職業・教育支援施設","100～199人","総数"
"102-2024","822","09","0","00000","2024000000","事業所","8","事業所数","職業・教育支援施設","200～299人","総数"
"102-2024","822","10","0","00000","2024000000","事業所","17","事業所数","職業・教育支援施設","300人以上","総数"
"102-2024","823","00","0","00000","2024000000","事業所","38290","事業所数","学習塾","総数","総数"
"102-2024","823","01","0","00000","2024000000","事業所","1487","事業所数","学習塾","0人","総数"
"102-2024","823","02","0","00000","2024000000","事業所","18434","事業所数","学習塾","1～4人","総数"
"102-2024","823","03","0","00000","2024000000","事業所","8362","事業所数","学習塾","5～9人","総数"
"102-2024","823","04","0","00000","2024000000","事業所","6681","事業所数","学習塾","10～19人","総数"
"102-2024","823","05","0","00000","2024000000","事業所","1880","事業所数","学習塾","20～29人","総数"
"102-2024","823","06","0","00000","2024000000","事業所","1046","事業所数","学習塾","30～49人","総数"
"102-2024","823","07","0","00000","2024000000","事業所","333","事業所数","学習塾","50～99人","総数"
"102-2024","823","08","0","00000","2024000000","事業所","57","事業所数","学習塾","100～199人","総数"
"102-2024","823","09","0","00000","2024000000","事業所","6","事業所数","学習塾","200～299人","総数"
"102-2024","823","10","0","00000","2024000000","事業所","4","事業所数","学習塾","300人以上","総数"
"102-2024","824","00","0","00000","2024000000","事業所","32336","事業所数","教養・技能教授業","総数","総数"
"102-2024","824","01","0","00000","2024000000","事業所","3447","事業所数","教養・技能教授業","0人","総数"
"102-2024","824","02","0","00000","2024000000","事業所","20062","事業所数","教養・技能教授業","1～4人","総数"
"102-2024","824","03","0","00000","2024000000","事業所","5097","事業所数","教養・技能教授業","5～9人","総数"
"102-2024","824","04","0","00000","2024000000","事業所","2361","事業所数","教養・技能教授業","10～19人","総数"
"102-2024","824","05","0","00000","2024000000","事業所","726","事業所数","教養・技能教授業","20～29人","総数"
"102-2024","824","06","0","00000","2024000000","事業所","457","事業所数","教養・技能教授業","30～49人","総数"
"102-2024","824","07","0","00000","2024000000","事業所","143","事業所数","教養・技能教授業","50～99人","総数"
"102-2024","824","08","0","00000","2024000000","事業所","27","事業所数","教養・技能教授業","100～199人","総数"
"102-2024","824","09","0","00000","2024000000","事業所","8","事業所数","教養・技能教授業","200～299人","総数"
"102-2024","824","10","0","00000","2024000000","事業所","8","事業所数","教養・技能教授業","300人以上","総数"
"102-2024","82F","00","0","00000","2024000000","事業所","3991","事業所数","音楽教授業","総数","総数"
"102-2024","82F","01","0","00000","2024000000","事業所","504","事業所数","音楽教授業","0人","総数"
"102-2024","82F","02","0","00000","2024000000","事業所","2556","事業所数","音楽教授業","1～4人","総数"
"102-2024","82F","03","0","00000","2024000000","事業所","643","事業所数","音楽教授業","5～9人","総数"
"102-2024","82F","04","0","00000","2024000000","事業所","213","事業所数","音楽教授業","10～19人","総数"
"102-2024","82F","05","0","00000","2024000000","事業所","48","事業所数","音楽教授業","20～29人","総数"
"102-2024","82F","06","0","00000","2024000000","事業所","23","事業所数","音楽教授業","30～49人","総数"
"102-2024","82F","07","0","00000","2024000000","事業所","2","事業所数","音楽教授業","50～99人","総数"
"102-2024","82F","08","0","00000","2024000000","事業所","1","事業所数","音楽教授業","100～199人","総数"
"102-2024","82F","09","0","00000","2024000000","事業所","1","事業所数","音楽教授業","200～299人","総数"
"102-2024","82F","10","0","00000","2024000000","事業所","***","事業所数","音楽教授業","300人以上","総数"
"102-2024","82G","00","0","00000","2024000000","事業所","900","事業所数","書道教授業","総数","総数"
"102-2024","82G","01","0","00000","2024000000","事業所","92","事業所数","書道教授業","0人","総数"
"102-2024","82G","02","0","00000","2024000000","事業所","741","事業所数","書道教授業","1～4人","総数"
"102-2024","82G","03","0","00000","2024000000","事業所","53","事業所数","書道教授業","5～9人","総数"
"102-2024","82G","04","0","00000","2024000000","事業所","11","事業所数","書道教授業","10～19人","総数"
"102-2024","82G","05","0","00000","2024000000","事業所","2","事業所数","書道教授業","20～29人","総数"
"102-2024","82G","06","0","00000","2024000000","事業所","***","事業所数","書道教授業","30～49人","総数"
"102-2024","82G","07","0","00000","2024000000","事業所","***","事業所数","書道教授業","50～99人","総数"
"102-2024","82G","08","0","00000","2024000000","事業所","1","事業所数","書道教授業","100～199人","総数"
"102-2024","82G","09","0","00000","2024000000","事業所","***","事業所数","書道教授業","200～299人","総数"
"102-2024","82G","10","0","00000","2024000000","事業所","***","事業所数","書道教授業","300人以上","総数"
"102-2024","82H","00","0","00000","2024000000","事業所","152","事業所数","生花・茶道教授業","総数","総数"
"102-2024","82H","01","0","00000","2024000000","事業所","40","事業所数","生花・茶道教授業","0人","総数"
"102-2024","82H","02","0","00000","2024000000","事業所","84","事業所数","生花・茶道教授業","1～4人","総数"
"102-2024","82H","03","0","00000","2024000000","事業所","20","事業所数","生花・茶道教授業","5～9人","総数"
"102-2024","82H","04","0","00000","2024000000","事業所","6","事業所数","生花・茶道教授業","10～19人","総数"
"102-2024","82H","05","0","00000","2024000000","事業所","***","事業所数","生花・茶道教授業","20～29人","総数"
"102-2024","82H","06","0","00000","2024000000","事業所","1","事業所数","生花・茶道教授業","30～49人","総数"
"102-2024","82H","07","0","00000","2024000000","事業所","1","事業所数","生花・茶道教授業","50～99人","総数"
"102-2024","82H","08","0","00000","2024000000","事業所","***","事業所数","生花・茶道教授業","100～199人","総数"
"102-2024","82H","09","0","00000","2024000000","事業所","***","事業所数","生花・茶道教授業","200～299人","総数"
"102-2024","82H","10","0","00000","2024000000","事業所","***","事業所数","生花・茶道教授業","300人以上","総数"
"102-2024","82J","00","0","00000","2024000000","事業所","1732","事業所数","そろばん教授業","総数","総数"
"102-2024","82J","01","0","00000","2024000000","事業所","67","事業所数","そろばん教授業","0人","総数"
"102-2024","82J","02","0","00000","2024000000","事業所","1544","事業所数","そろばん教授業","1～4人","総数"
"102-2024","82J","03","0","00000","2024000000","事業所","100","事業所数","そろばん教授業","5～9人","総数"
"102-2024","82J","04","0","00000","2024000000","事業所","13","事業所数","そろばん教授業","10～19人","総数"
"102-2024","82J","05","0","00000","2024000000","事業所","3","事業所数","そろばん教授業","20～29人","総数"
"102-2024","82J","06","0","00000","2024000000","事業所","2","事業所数","そろばん教授業","30～49人","総数"
"102-2024","82J","07","0","00000","2024000000","事業所","3","事業所数","そろばん教授業","50～99人","総数"
"102-2024","82J","08","0","00000","2024000000","事業所","***","事業所数","そろばん教授業","100～199人","総数"
"102-2024","82J","09","0","00000","2024000000","事業所","***","事業所数","そろばん教授業","200～299人","総数"
"102-2024","82J","10","0","00000","2024000000","事業所","***","事業所数","そろばん教授業","300人以上","総数"
"102-2024","82K","00","0","00000","2024000000","事業所","5631","事業所数","外国語会話教授業","総数","総数"
"102-2024","82K","01","0","00000","2024000000","事業所","203","事業所数","外国語会話教授業","0人","総数"
"102-2024","82K","02","0","00000","2024000000","事業所","4215","事業所数","外国語会話教授業","1～4人","総数"
"102-2024","82K","03","0","00000","2024000000","事業所","751","事業所数","外国語会話教授業","5～9人","総数"
"102-2024","82K","04","0","00000","2024000000","事業所","319","事業所数","外国語会話教授業","10～19人","総数"
"102-2024","82K","05","0","00000","2024000000","事業所","81","事業所数","外国語会話教授業","20～29人","総数"
"102-2024","82K","06","0","00000","2024000000","事業所","30","事業所数","外国語会話教授業","30～49人","総数"
"102-2024","82K","07","0","00000","2024000000","事業所","22","事業所数","外国語会話教授業","50～99人","総数"
"102-2024","82K","08","0","00000","2024000000","事業所","5","事業所数","外国語会話教授業","100～199人","総数"
"102-2024","82K","09","0","00000","2024000000","事業所","1","事業所数","外国語会話教授業","200～299人","総数"
"102-2024","82K","10","0","00000","2024000000","事業所","4","事業所数","外国語会話教授業","300人以上","総数"
"102-2024","82L","00","0","00000","2024000000","事業所","9474","事業所数","スポーツ・健康教授業","総数","総数"
"102-2024","82L","01","0","00000","2024000000","事業所","1034","事業所数","スポーツ・健康教授業","0人","総数"
"102-2024","82L","02","0","00000","2024000000","事業所","4407","事業所数","スポーツ・健康教授業","1～4人","総数"
"102-2024","82L","03","0","00000","2024000000","事業所","1919","事業所数","スポーツ・健康教授業","5～9人","総数"
"102-2024","82L","04","0","00000","2024000000","事業所","1225","事業所数","スポーツ・健康教授業","10～19人","総数"
"102-2024","82L","05","0","00000","2024000000","事業所","470","事業所数","スポーツ・健康教授業","20～29人","総数"
"102-2024","82L","06","0","00000","2024000000","事業所","308","事業所数","スポーツ・健康教授業","30～49人","総数"
"102-2024","82L","07","0","00000","2024000000","事業所","92","事業所数","スポーツ・健康教授業","50～99人","総数"
"102-2024","82L","08","0","00000","2024000000","事業所","13","事業所数","スポーツ・健康教授業","100～199人","総数"
"102-2024","82L","09","0","00000","2024000000","事業所","3","事業所数","スポーツ・健康教授業","200～299人","総数"
"102-2024","82L","10","0","00000","2024000000","事業所","3","事業所数","スポーツ・健康教授業","300人以上","総数"
"102-2024","82M","00","0","00000","2024000000","事業所","10456","事業所数","その他の教養・技能教授業","総数","総数"
"102-2024","82M","01","0","00000","2024000000","事業所","1507","事業所数","その他の教養・技能教授業","0人","総数"
"102-2024","82M","02","0","00000","2024000000","事業所","6515","事業所数","その他の教養・技能教授業","1～4人","総数"
"102-2024","82M","03","0","00000","2024000000","事業所","1611","事業所数","その他の教養・技能教授業","5～9人","総数"
"102-2024","82M","04","0","00000","2024000000","事業所","574","事業所数","その他の教養・技能教授業","10～19人","総数"
"102-2024","82M","05","0","00000","2024000000","事業所","122","事業所数","その他の教養・技能教授業","20～29人","総数"
"102-2024","82M","06","0","00000","2024000000","事業所","93","事業所数","その他の教養・技能教授業","30～49人","総数"
"102-2024","82M","07","0","00000","2024000000","事業所","23","事業所数","その他の教養・技能教授業","50～99人","総数"
"102-2024","82M","08","0","00000","2024000000","事業所","7","事業所数","その他の教養・技能教授業","100～199人","総数"
"102-2024","82M","09","0","00000","2024000000","事業所","3","事業所数","その他の教養・技能教授業","200～299人","総数"
"102-2024","82M","10","0","00000","2024000000","事業所","1","事業所数","その他の教養・技能教授業","300人以上","総数"
"102-2024","829","00","0","00000","2024000000","事業所","6308","事業所数","他に分類されない教育、学習支援業","総数","総数"
"102-2024","829","01","0","00000","2024000000","事業所","595","事業所数","他に分類されない教育、学習支援業","0人","総数"
"102-2024","829","02","0","00000","2024000000","事業所","2699","事業所数","他に分類されない教育、学習支援業","1～4人","総数"
"102-2024","829","03","0","00000","2024000000","事業所","842","事業所数","他に分類されない教育、学習支援業","5～9人","総数"
"102-2024","829","04","0","00000","2024000000","事業所","858","事業所数","他に分類されない教育、学習支援業","10～19人","総数"
"102-2024","829","05","0","00000","2024000000","事業所","506","事業所数","他に分類されない教育、学習支援業","20～29人","総数"
"102-2024","829","06","0","00000","2024000000","事業所","482","事業所数","他に分類されない教育、学習支援業","30～49人","総数"
"102-2024","829","07","0","00000","2024000000","事業所","253","事業所数","他に分類されない教育、学習支援業","50～99人","総数"
"102-2024","829","08","0","00000","2024000000","事業所","57","事業所数","他に分類されない教育、学習支援業","100～199人","総数"
"102-2024","829","09","0","00000","2024000000","事業所","9","事業所数","他に分類されない教育、学習支援業","200～299人","総数"
"102-2024","829","10","0","00000","2024000000","事業所","7","事業所数","他に分類されない教育、学習支援業","300人以上","総数"
"102-2024","P","00","0","00000","2024000000","事業所","433229","事業所数","医療、福祉","総数","総数"
"102-2024","P","01","0","00000","2024000000","事業所","7778","事業所数","医療、福祉","0人","総数"
"102-2024","P","02","0","00000","2024000000","事業所","139031","事業所数","医療、福祉","1～4人","総数"
"102-2024","P","03","0","00000","2024000000","事業所","117775","事業所数","医療、福祉","5～9人","総数"
"102-2024","P","04","0","00000","2024000000","事業所","87885","事業所数","医療、福祉","10～19人","総数"
"102-2024","P","05","0","00000","2024000000","事業所","33394","事業所数","医療、福祉","20～29人","総数"
"102-2024","P","06","0","00000","2024000000","事業所","24143","事業所数","医療、福祉","30～49人","総数"
"102-2024","P","07","0","00000","2024000000","事業所","14901","事業所数","医療、福祉","50～99人","総数"
"102-2024","P","08","0","00000","2024000000","事業所","5055","事業所数","医療、福祉","100～199人","総数"
"102-2024","P","09","0","00000","2024000000","事業所","1383","事業所数","医療、福祉","200～299人","総数"
"102-2024","P","10","0","00000","2024000000","事業所","1884","事業所数","医療、福祉","300人以上","総数"
"102-2024","83","00","0","00000","2024000000","事業所","194996","事業所数","医療業","総数","総数"
"102-2024","83","01","0","00000","2024000000","事業所","3456","事業所数","医療業","0人","総数"
"102-2024","83","02","0","00000","2024000000","事業所","85918","事業所数","医療業","1～4人","総数"
"102-2024","83","03","0","00000","2024000000","事業所","57952","事業所数","医療業","5～9人","総数"
"102-2024","83","04","0","00000","2024000000","事業所","27380","事業所数","医療業","10～19人","総数"
"102-2024","83","05","0","00000","2024000000","事業所","6836","事業所数","医療業","20～29人","総数"
"102-2024","83","06","0","00000","2024000000","事業所","4648","事業所数","医療業","30～49人","総数"
"102-2024","83","07","0","00000","2024000000","事業所","3122","事業所数","医療業","50～99人","総数"
"102-2024","83","08","0","00000","2024000000","事業所","2707","事業所数","医療業","100～199人","総数"
"102-2024","83","09","0","00000","2024000000","事業所","1182","事業所数","医療業","200～299人","総数"
"102-2024","83","10","0","00000","2024000000","事業所","1795","事業所数","医療業","300人以上","総数"
"102-2024","830","00","0","00000","2024000000","事業所","902","事業所数","管理、補助的経済活動を行う事業所（83_医療業）","総数","総数"
"102-2024","830","01","0","00000","2024000000","事業所","91","事業所数","管理、補助的経済活動を行う事業所（83_医療業）","0人","総数"
"102-2024","830","02","0","00000","2024000000","事業所","366","事業所数","管理、補助的経済活動を行う事業所（83_医療業）","1～4人","総数"
"102-2024","830","03","0","00000","2024000000","事業所","160","事業所数","管理、補助的経済活動を行う事業所（83_医療業）","5～9人","総数"
"102-2024","830","04","0","00000","2024000000","事業所","125","事業所数","管理、補助的経済活動を行う事業所（83_医療業）","10～19人","総数"
"102-2024","830","05","0","00000","2024000000","事業所","58","事業所数","管理、補助的経済活動を行う事業所（83_医療業）","20～29人","総数"
"102-2024","830","06","0","00000","2024000000","事業所","48","事業所数","管理、補助的経済活動を行う事業所（83_医療業）","30～49人","総数"
"102-2024","830","07","0","00000","2024000000","事業所","43","事業所数","管理、補助的経済活動を行う事業所（83_医療業）","50～99人","総数"
"102-2024","830","08","0","00000","2024000000","事業所","10","事業所数","管理、補助的経済活動を行う事業所（83_医療業）","100～199人","総数"
"102-2024","830","09","0","00000","2024000000","事業所","***","事業所数","管理、補助的経済活動を行う事業所（83_医療業）","200～299人","総数"
"102-2024","830","10","0","00000","2024000000","事業所","1","事業所数","管理、補助的経済活動を行う事業所（83_医療業）","300人以上","総数"
"102-2024","831","00","0","00000","2024000000","事業所","7353","事業所数","病院","総数","総数"
"102-2024","831","01","0","00000","2024000000","事業所","10","事業所数","病院","0人","総数"
"102-2024","831","02","0","00000","2024000000","事業所","65","事業所数","病院","1～4人","総数"
"102-2024","831","03","0","00000","2024000000","事業所","57","事業所数","病院","5～9人","総数"
"102-2024","831","04","0","00000","2024000000","事業所","84","事業所数","病院","10～19人","総数"
"102-2024","831","05","0","00000","2024000000","事業所","109","事業所数","病院","20～29人","総数"
"102-2024","831","06","0","00000","2024000000","事業所","389","事業所数","病院","30～49人","総数"
"102-2024","831","07","0","00000","2024000000","事業所","1370","事業所数","病院","50～99人","総数"
"102-2024","831","08","0","00000","2024000000","事業所","2375","事業所数","病院","100～199人","総数"
"102-2024","831","09","0","00000","2024000000","事業所","1131","事業所数","病院","200～299人","総数"
"102-2024","831","10","0","00000","2024000000","事業所","1763","事業所数","病院","300人以上","総数"
"102-2024","832","00","0","00000","2024000000","事業所","79296","事業所数","一般診療所","総数","総数"
"102-2024","832","01","0","00000","2024000000","事業所","563","事業所数","一般診療所","0人","総数"
"102-2024","832","02","0","00000","2024000000","事業所","22464","事業所数","一般診療所","1～4人","総数"
"102-2024","832","03","0","00000","2024000000","事業所","31125","事業所数","一般診療所","5～9人","総数"
"102-2024","832","04","0","00000","2024000000","事業所","16491","事業所数","一般診療所","10～19人","総数"
"102-2024","832","05","0","00000","2024000000","事業所","4257","事業所数","一般診療所","20～29人","総数"
"102-2024","832","06","0","00000","2024000000","事業所","2925","事業所数","一般診療所","30～49人","総数"
"102-2024","832","07","0","00000","2024000000","事業所","1213","事業所数","一般診療所","50～99人","総数"
"102-2024","832","08","0","00000","2024000000","事業所","220","事業所数","一般診療所","100～199人","総数"
"102-2024","832","09","0","00000","2024000000","事業所","23","事業所数","一般診療所","200～299人","総数"
"102-2024","832","10","0","00000","2024000000","事業所","15","事業所数","一般診療所","300人以上","総数"
"102-2024","833","00","0","00000","2024000000","事業所","57024","事業所数","歯科診療所","総数","総数"
"102-2024","833","01","0","00000","2024000000","事業所","427","事業所数","歯科診療所","0人","総数"
"102-2024","833","02","0","00000","2024000000","事業所","32182","事業所数","歯科診療所","1～4人","総数"
"102-2024","833","03","0","00000","2024000000","事業所","16688","事業所数","歯科診療所","5～9人","総数"
"102-2024","833","04","0","00000","2024000000","事業所","5945","事業所数","歯科診療所","10～19人","総数"
"102-2024","833","05","0","00000","2024000000","事業所","1149","事業所数","歯科診療所","20～29人","総数"
"102-2024","833","06","0","00000","2024000000","事業所","487","事業所数","歯科診療所","30～49人","総数"
"102-2024","833","07","0","00000","2024000000","事業所","134","事業所数","歯科診療所","50～99人","総数"
"102-2024","833","08","0","00000","2024000000","事業所","11","事業所数","歯科診療所","100～199人","総数"
"102-2024","833","09","0","00000","2024000000","事業所","***","事業所数","歯科診療所","200～299人","総数"
"102-2024","833","10","0","00000","2024000000","事業所","1","事業所数","歯科診療所","300人以上","総数"
"102-2024","834","00","0","00000","2024000000","事業所","11762","事業所数","助産・看護業","総数","総数"
"102-2024","834","01","0","00000","2024000000","事業所","147","事業所数","助産・看護業","0人","総数"
"102-2024","834","02","0","00000","2024000000","事業所","3207","事業所数","助産・看護業","1～4人","総数"
"102-2024","834","03","0","00000","2024000000","事業所","4186","事業所数","助産・看護業","5～9人","総数"
"102-2024","834","04","0","00000","2024000000","事業所","2837","事業所数","助産・看護業","10～19人","総数"
"102-2024","834","05","0","00000","2024000000","事業所","777","事業所数","助産・看護業","20～29人","総数"
"102-2024","834","06","0","00000","2024000000","事業所","448","事業所数","助産・看護業","30～49人","総数"
"102-2024","834","07","0","00000","2024000000","事業所","140","事業所数","助産・看護業","50～99人","総数"
"102-2024","834","08","0","00000","2024000000","事業所","19","事業所数","助産・看護業","100～199人","総数"
"102-2024","834","09","0","00000","2024000000","事業所","1","事業所数","助産・看護業","200～299人","総数"
"102-2024","834","10","0","00000","2024000000","事業所","***","事業所数","助産・看護業","300人以上","総数"
"102-2024","83A","00","0","00000","2024000000","事業所","227","事業所数","助産所","総数","総数"
"102-2024","83A","01","0","00000","2024000000","事業所","39","事業所数","助産所","0人","総数"
"102-2024","83A","02","0","00000","2024000000","事業所","132","事業所数","助産所","1～4人","総数"
"102-2024","83A","03","0","00000","2024000000","事業所","34","事業所数","助産所","5～9人","総数"
"102-2024","83A","04","0","00000","2024000000","事業所","18","事業所数","助産所","10～19人","総数"
"102-2024","83A","05","0","00000","2024000000","事業所","3","事業所数","助産所","20～29人","総数"
"102-2024","83A","06","0","00000","2024000000","事業所","1","事業所数","助産所","30～49人","総数"
"102-2024","83A","07","0","00000","2024000000","事業所","***","事業所数","助産所","50～99人","総数"
"102-2024","83A","08","0","00000","2024000000","事業所","***","事業所数","助産所","100～199人","総数"
"102-2024","83A","09","0","00000","2024000000","事業所","***","事業所数","助産所","200～299人","総数"
"102-2024","83A","10","0","00000","2024000000","事業所","***","事業所数","助産所","300人以上","総数"
"102-2024","83B","00","0","00000","2024000000","事業所","11535","事業所数","看護業","総数","総数"
"102-2024","83B","01","0","00000","2024000000","事業所","108","事業所数","看護業","0人","総数"
"102-2024","83B","02","0","00000","2024000000","事業所","3075","事業所数","看護業","1～4人","総数"
"102-2024","83B","03","0","00000","2024000000","事業所","4152","事業所数","看護業","5～9人","総数"
"102-2024","83B","04","0","00000","2024000000","事業所","2819","事業所数","看護業","10～19人","総数"
"102-2024","83B","05","0","00000","2024000000","事業所","774","事業所数","看護業","20～29人","総数"
"102-2024","83B","06","0","00000","2024000000","事業所","447","事業所数","看護業","30～49人","総数"
"102-2024","83B","07","0","00000","2024000000","事業所","140","事業所数","看護業","50～99人","総数"
"102-2024","83B","08","0","00000","2024000000","事業所","19","事業所数","看護業","100～199人","総数"
"102-2024","83B","09","0","00000","2024000000","事業所","1","事業所数","看護業","200～299人","総数"
"102-2024","83B","10","0","00000","2024000000","事業所","***","事業所数","看護業","300人以上","総数"
"102-2024","835","00","0","00000","2024000000","事業所","32789","事業所数","施術業","総数","総数"
"102-2024","835","01","0","00000","2024000000","事業所","1791","事業所数","施術業","0人","総数"
"102-2024","835","02","0","00000","2024000000","事業所","24766","事業所数","施術業","1～4人","総数"
"102-2024","835","03","0","00000","2024000000","事業所","4809","事業所数","施術業","5～9人","総数"
"102-2024","835","04","0","00000","2024000000","事業所","1128","事業所数","施術業","10～19人","総数"
"102-2024","835","05","0","00000","2024000000","事業所","169","事業所数","施術業","20～29人","総数"
"102-2024","835","06","0","00000","2024000000","事業所","89","事業所数","施術業","30～49人","総数"
"102-2024","835","07","0","00000","2024000000","事業所","24","事業所数","施術業","50～99人","総数"
"102-2024","835","08","0","00000","2024000000","事業所","7","事業所数","施術業","100～199人","総数"
"102-2024","835","09","0","00000","2024000000","事業所","3","事業所数","施術業","200～299人","総数"
"102-2024","835","10","0","00000","2024000000","事業所","3","事業所数","施術業","300人以上","総数"
"102-2024","836","00","0","00000","2024000000","事業所","5865","事業所数","医療に附帯するサービス業","総数","総数"
"102-2024","836","01","0","00000","2024000000","事業所","426","事業所数","医療に附帯するサービス業","0人","総数"
"102-2024","836","02","0","00000","2024000000","事業所","2865","事業所数","医療に附帯するサービス業","1～4人","総数"
"102-2024","836","03","0","00000","2024000000","事業所","926","事業所数","医療に附帯するサービス業","5～9人","総数"
"102-2024","836","04","0","00000","2024000000","事業所","770","事業所数","医療に附帯するサービス業","10～19人","総数"
"102-2024","836","05","0","00000","2024000000","事業所","317","事業所数","医療に附帯するサービス業","20～29人","総数"
"102-2024","836","06","0","00000","2024000000","事業所","262","事業所数","医療に附帯するサービス業","30～49人","総数"
"102-2024","836","07","0","00000","2024000000","事業所","198","事業所数","医療に附帯するサービス業","50～99人","総数"
"102-2024","836","08","0","00000","2024000000","事業所","65","事業所数","医療に附帯するサービス業","100～199人","総数"
"102-2024","836","09","0","00000","2024000000","事業所","24","事業所数","医療に附帯するサービス業","200～299人","総数"
"102-2024","836","10","0","00000","2024000000","事業所","12","事業所数","医療に附帯するサービス業","300人以上","総数"
"102-2024","83C","00","0","00000","2024000000","事業所","3416","事業所数","歯科技工所","総数","総数"
"102-2024","83C","01","0","00000","2024000000","事業所","292","事業所数","歯科技工所","0人","総数"
"102-2024","83C","02","0","00000","2024000000","事業所","2244","事業所数","歯科技工所","1～4人","総数"
"102-2024","83C","03","0","00000","2024000000","事業所","437","事業所数","歯科技工所","5～9人","総数"
"102-2024","83C","04","0","00000","2024000000","事業所","228","事業所数","歯科技工所","10～19人","総数"
"102-2024","83C","05","0","00000","2024000000","事業所","90","事業所数","歯科技工所","20～29人","総数"
"102-2024","83C","06","0","00000","2024000000","事業所","76","事業所数","歯科技工所","30～49人","総数"
"102-2024","83C","07","0","00000","2024000000","事業所","45","事業所数","歯科技工所","50～99人","総数"
"102-2024","83C","08","0","00000","2024000000","事業所","4","事業所数","歯科技工所","100～199人","総数"
"102-2024","83C","09","0","00000","2024000000","事業所","***","事業所数","歯科技工所","200～299人","総数"
"102-2024","83C","10","0","00000","2024000000","事業所","***","事業所数","歯科技工所","300人以上","総数"
"102-2024","83D","00","0","00000","2024000000","事業所","2449","事業所数","その他の医療に附帯するサービス業","総数","総数"
"102-2024","83D","01","0","00000","2024000000","事業所","134","事業所数","その他の医療に附帯するサービス業","0人","総数"
"102-2024","83D","02","0","00000","2024000000","事業所","621","事業所数","その他の医療に附帯するサービス業","1～4人","総数"
"102-2024","83D","03","0","00000","2024000000","事業所","489","事業所数","その他の医療に附帯するサービス業","5～9人","総数"
"102-2024","83D","04","0","00000","2024000000","事業所","542","事業所数","その他の医療に附帯するサービス業","10～19人","総数"
"102-2024","83D","05","0","00000","2024000000","事業所","227","事業所数","その他の医療に附帯するサービス業","20～29人","総数"
"102-2024","83D","06","0","00000","2024000000","事業所","186","事業所数","その他の医療に附帯するサービス業","30～49人","総数"
"102-2024","83D","07","0","00000","2024000000","事業所","153","事業所数","その他の医療に附帯するサービス業","50～99人","総数"
"102-2024","83D","08","0","00000","2024000000","事業所","61","事業所数","その他の医療に附帯するサービス業","100～199人","総数"
"102-2024","83D","09","0","00000","2024000000","事業所","24","事業所数","その他の医療に附帯するサービス業","200～299人","総数"
"102-2024","83D","10","0","00000","2024000000","事業所","12","事業所数","その他の医療に附帯するサービス業","300人以上","総数"
"102-2024","84","00","0","00000","2024000000","事業所","2814","事業所数","保健衛生","総数","総数"
"102-2024","84","01","0","00000","2024000000","事業所","326","事業所数","保健衛生","0人","総数"
"102-2024","84","02","0","00000","2024000000","事業所","1027","事業所数","保健衛生","1～4人","総数"
"102-2024","84","03","0","00000","2024000000","事業所","342","事業所数","保健衛生","5～9人","総数"
"102-2024","84","04","0","00000","2024000000","事業所","358","事業所数","保健衛生","10～19人","総数"
"102-2024","84","05","0","00000","2024000000","事業所","152","事業所数","保健衛生","20～29人","総数"
"102-2024","84","06","0","00000","2024000000","事業所","191","事業所数","保健衛生","30～49人","総数"
"102-2024","84","07","0","00000","2024000000","事業所","212","事業所数","保健衛生","50～99人","総数"
"102-2024","84","08","0","00000","2024000000","事業所","150","事業所数","保健衛生","100～199人","総数"
"102-2024","84","09","0","00000","2024000000","事業所","31","事業所数","保健衛生","200～299人","総数"
"102-2024","84","10","0","00000","2024000000","事業所","25","事業所数","保健衛生","300人以上","総数"
"102-2024","840","00","0","00000","2024000000","事業所","15","事業所数","管理、補助的経済活動を行う事業所（84_保健衛生）","総数","総数"
"102-2024","840","01","0","00000","2024000000","事業所","***","事業所数","管理、補助的経済活動を行う事業所（84_保健衛生）","0人","総数"
"102-2024","840","02","0","00000","2024000000","事業所","5","事業所数","管理、補助的経済活動を行う事業所（84_保健衛生）","1～4人","総数"
"102-2024","840","03","0","00000","2024000000","事業所","2","事業所数","管理、補助的経済活動を行う事業所（84_保健衛生）","5～9人","総数"
"102-2024","840","04","0","00000","2024000000","事業所","3","事業所数","管理、補助的経済活動を行う事業所（84_保健衛生）","10～19人","総数"
"102-2024","840","05","0","00000","2024000000","事業所","1","事業所数","管理、補助的経済活動を行う事業所（84_保健衛生）","20～29人","総数"
"102-2024","840","06","0","00000","2024000000","事業所","3","事業所数","管理、補助的経済活動を行う事業所（84_保健衛生）","30～49人","総数"
"102-2024","840","07","0","00000","2024000000","事業所","1","事業所数","管理、補助的経済活動を行う事業所（84_保健衛生）","50～99人","総数"
"102-2024","840","08","0","00000","2024000000","事業所","***","事業所数","管理、補助的経済活動を行う事業所（84_保健衛生）","100～199人","総数"
"102-2024","840","09","0","00000","2024000000","事業所","***","事業所数","管理、補助的経済活動を行う事業所（84_保健衛生）","200～299人","総数"
"102-2024","840","10","0","00000","2024000000","事業所","***","事業所数","管理、補助的経済活動を行う事業所（84_保健衛生）","300人以上","総数"
"102-2024","842","00","0","00000","2024000000","事業所","2413","事業所数","健康相談施設","総数","総数"
"102-2024","842","01","0","00000","2024000000","事業所","304","事業所数","健康相談施設","0人","総数"
"102-2024","842","02","0","00000","2024000000","事業所","881","事業所数","健康相談施設","1～4人","総数"
"102-2024","842","03","0","00000","2024000000","事業所","263","事業所数","健康相談施設","5～9人","総数"
"102-2024","842","04","0","00000","2024000000","事業所","288","事業所数","健康相談施設","10～19人","総数"
"102-2024","842","05","0","00000","2024000000","事業所","124","事業所数","健康相談施設","20～29人","総数"
"102-2024","842","06","0","00000","2024000000","事業所","165","事業所数","健康相談施設","30～49人","総数"
"102-2024","842","07","0","00000","2024000000","事業所","187","事業所数","健康相談施設","50～99人","総数"
"102-2024","842","08","0","00000","2024000000","事業所","145","事業所数","健康相談施設","100～199人","総数"
"102-2024","842","09","0","00000","2024000000","事業所","31","事業所数","健康相談施設","200～299人","総数"
"102-2024","842","10","0","00000","2024000000","事業所","25","事業所数","健康相談施設","300人以上","総数"
"102-2024","849","00","0","00000","2024000000","事業所","386","事業所数","その他の保健衛生","総数","総数"
"102-2024","849","01","0","00000","2024000000","事業所","22","事業所数","その他の保健衛生","0人","総数"
"102-2024","849","02","0","00000","2024000000","事業所","141","事業所数","その他の保健衛生","1～4人","総数"
"102-2024","849","03","0","00000","2024000000","事業所","77","事業所数","その他の保健衛生","5～9人","総数"
"102-2024","849","04","0","00000","2024000000","事業所","67","事業所数","その他の保健衛生","10～19人","総数"
"102-2024","849","05","0","00000","2024000000","事業所","27","事業所数","その他の保健衛生","20～29人","総数"
"102-2024","849","06","0","00000","2024000000","事業所","23","事業所数","その他の保健衛生","30～49人","総数"
"102-2024","849","07","0","00000","2024000000","事業所","24","事業所数","その他の保健衛生","50～99人","総数"
"102-2024","849","08","0","00000","2024000000","事業所","5","事業所数","その他の保健衛生","100～199人","総数"
"102-2024","849","09","0","00000","2024000000","事業所","***","事業所数","その他の保健衛生","200～299人","総数"
"102-2024","849","10","0","00000","2024000000","事業所","***","事業所数","その他の保健衛生","300人以上","総数"
"102-2024","85","00","0","00000","2024000000","事業所","235408","事業所数","社会保険・社会福祉・介護事業","総数","総数"
"102-2024","85","01","0","00000","2024000000","事業所","3988","事業所数","社会保険・社会福祉・介護事業","0人","総数"
"102-2024","85","02","0","00000","2024000000","事業所","52083","事業所数","社会保険・社会福祉・介護事業","1～4人","総数"
"102-2024","85","03","0","00000","2024000000","事業所","59481","事業所数","社会保険・社会福祉・介護事業","5～9人","総数"
"102-2024","85","04","0","00000","2024000000","事業所","60147","事業所数","社会保険・社会福祉・介護事業","10～19人","総数"
"102-2024","85","05","0","00000","2024000000","事業所","26406","事業所数","社会保険・社会福祉・介護事業","20～29人","総数"
"102-2024","85","06","0","00000","2024000000","事業所","19304","事業所数","社会保険・社会福祉・介護事業","30～49人","総数"
"102-2024","85","07","0","00000","2024000000","事業所","11567","事業所数","社会保険・社会福祉・介護事業","50～99人","総数"
"102-2024","85","08","0","00000","2024000000","事業所","2198","事業所数","社会保険・社会福祉・介護事業","100～199人","総数"
"102-2024","85","09","0","00000","2024000000","事業所","170","事業所数","社会保険・社会福祉・介護事業","200～299人","総数"
"102-2024","85","10","0","00000","2024000000","事業所","64","事業所数","社会保険・社会福祉・介護事業","300人以上","総数"
"102-2024","850","00","0","00000","2024000000","事業所","3557","事業所数","管理、補助的経済活動を行う事業所（85_社会保険・社会福祉・介護事業）","総数","総数"
"102-2024","850","01","0","00000","2024000000","事業所","416","事業所数","管理、補助的経済活動を行う事業所（85_社会保険・社会福祉・介護事業）","0人","総数"
"102-2024","850","02","0","00000","2024000000","事業所","1941","事業所数","管理、補助的経済活動を行う事業所（85_社会保険・社会福祉・介護事業）","1～4人","総数"
"102-2024","850","03","0","00000","2024000000","事業所","663","事業所数","管理、補助的経済活動を行う事業所（85_社会保険・社会福祉・介護事業）","5～9人","総数"
"102-2024","850","04","0","00000","2024000000","事業所","297","事業所数","管理、補助的経済活動を行う事業所（85_社会保険・社会福祉・介護事業）","10～19人","総数"
"102-2024","850","05","0","00000","2024000000","事業所","100","事業所数","管理、補助的経済活動を行う事業所（85_社会保険・社会福祉・介護事業）","20～29人","総数"
"102-2024","850","06","0","00000","2024000000","事業所","81","事業所数","管理、補助的経済活動を行う事業所（85_社会保険・社会福祉・介護事業）","30～49人","総数"
"102-2024","850","07","0","00000","2024000000","事業所","44","事業所数","管理、補助的経済活動を行う事業所（85_社会保険・社会福祉・介護事業）","50～99人","総数"
"102-2024","850","08","0","00000","2024000000","事業所","9","事業所数","管理、補助的経済活動を行う事業所（85_社会保険・社会福祉・介護事業）","100～199人","総数"
"102-2024","850","09","0","00000","2024000000","事業所","2","事業所数","管理、補助的経済活動を行う事業所（85_社会保険・社会福祉・介護事業）","200～299人","総数"
"102-2024","850","10","0","00000","2024000000","事業所","4","事業所数","管理、補助的経済活動を行う事業所（85_社会保険・社会福祉・介護事業）","300人以上","総数"
"102-2024","851","00","0","00000","2024000000","事業所","2963","事業所数","社会保険事業団体","総数","総数"
"102-2024","851","01","0","00000","2024000000","事業所","206","事業所数","社会保険事業団体","0人","総数"
"102-2024","851","02","0","00000","2024000000","事業所","1277","事業所数","社会保険事業団体","1～4人","総数"
"102-2024","851","03","0","00000","2024000000","事業所","546","事業所数","社会保険事業団体","5～9人","総数"
"102-2024","851","04","0","00000","2024000000","事業所","251","事業所数","社会保険事業団体","10～19人","総数"
"102-2024","851","05","0","00000","2024000000","事業所","162","事業所数","社会保険事業団体","20～29人","総数"
"102-2024","851","06","0","00000","2024000000","事業所","222","事業所数","社会保険事業団体","30～49人","総数"
"102-2024","851","07","0","00000","2024000000","事業所","200","事業所数","社会保険事業団体","50～99人","総数"
"102-2024","851","08","0","00000","2024000000","事業所","67","事業所数","社会保険事業団体","100～199人","総数"
"102-2024","851","09","0","00000","2024000000","事業所","17","事業所数","社会保険事業団体","200～299人","総数"
"102-2024","851","10","0","00000","2024000000","事業所","15","事業所数","社会保険事業団体","300人以上","総数"
"102-2024","853","00","0","00000","2024000000","事業所","60891","事業所数","児童福祉事業","総数","総数"
"102-2024","853","01","0","00000","2024000000","事業所","752","事業所数","児童福祉事業","0人","総数"
"102-2024","853","02","0","00000","2024000000","事業所","10891","事業所数","児童福祉事業","1～4人","総数"
"102-2024","853","03","0","00000","2024000000","事業所","18034","事業所数","児童福祉事業","5～9人","総数"
"102-2024","853","04","0","00000","2024000000","事業所","16702","事業所数","児童福祉事業","10～19人","総数"
"102-2024","853","05","0","00000","2024000000","事業所","8464","事業所数","児童福祉事業","20～29人","総数"
"102-2024","853","06","0","00000","2024000000","事業所","4980","事業所数","児童福祉事業","30～49人","総数"
"102-2024","853","07","0","00000","2024000000","事業所","913","事業所数","児童福祉事業","50～99人","総数"
"102-2024","853","08","0","00000","2024000000","事業所","107","事業所数","児童福祉事業","100～199人","総数"
"102-2024","853","09","0","00000","2024000000","事業所","30","事業所数","児童福祉事業","200～299人","総数"
"102-2024","853","10","0","00000","2024000000","事業所","18","事業所数","児童福祉事業","300人以上","総数"
"102-2024","85A","00","0","00000","2024000000","事業所","29488","事業所数","保育所","総数","総数"
"102-2024","85A","01","0","00000","2024000000","事業所","275","事業所数","保育所","0人","総数"
"102-2024","85A","02","0","00000","2024000000","事業所","2410","事業所数","保育所","1～4人","総数"
"102-2024","85A","03","0","00000","2024000000","事業所","5210","事業所数","保育所","5～9人","総数"
"102-2024","85A","04","0","00000","2024000000","事業所","10267","事業所数","保育所","10～19人","総数"
"102-2024","85A","05","0","00000","2024000000","事業所","6800","事業所数","保育所","20～29人","総数"
"102-2024","85A","06","0","00000","2024000000","事業所","3979","事業所数","保育所","30～49人","総数"
"102-2024","85A","07","0","00000","2024000000","事業所","523","事業所数","保育所","50～99人","総数"
"102-2024","85A","08","0","00000","2024000000","事業所","20","事業所数","保育所","100～199人","総数"
"102-2024","85A","09","0","00000","2024000000","事業所","3","事業所数","保育所","200～299人","総数"
"102-2024","85A","10","0","00000","2024000000","事業所","1","事業所数","保育所","300人以上","総数"
"102-2024","85B","00","0","00000","2024000000","事業所","31403","事業所数","その他の児童福祉事業","総数","総数"
"102-2024","85B","01","0","00000","2024000000","事業所","477","事業所数","その他の児童福祉事業","0人","総数"
"102-2024","85B","02","0","00000","2024000000","事業所","8481","事業所数","その他の児童福祉事業","1～4人","総数"
"102-2024","85B","03","0","00000","2024000000","事業所","12824","事業所数","その他の児童福祉事業","5～9人","総数"
"102-2024","85B","04","0","00000","2024000000","事業所","6435","事業所数","その他の児童福祉事業","10～19人","総数"
"102-2024","85B","05","0","00000","2024000000","事業所","1664","事業所数","その他の児童福祉事業","20～29人","総数"
"102-2024","85B","06","0","00000","2024000000","事業所","1001","事業所数","その他の児童福祉事業","30～49人","総数"
"102-2024","85B","07","0","00000","2024000000","事業所","390","事業所数","その他の児童福祉事業","50～99人","総数"
"102-2024","85B","08","0","00000","2024000000","事業所","87","事業所数","その他の児童福祉事業","100～199人","総数"
"102-2024","85B","09","0","00000","2024000000","事業所","27","事業所数","その他の児童福祉事業","200～299人","総数"
"102-2024","85B","10","0","00000","2024000000","事業所","17","事業所数","その他の児童福祉事業","300人以上","総数"
"102-2024","854","00","0","00000","2024000000","事業所","120218","事業所数","老人福祉・介護事業","総数","総数"
"102-2024","854","01","0","00000","2024000000","事業所","1601","事業所数","老人福祉・介護事業","0人","総数"
"102-2024","854","02","0","00000","2024000000","事業所","23290","事業所数","老人福祉・介護事業","1～4人","総数"
"102-2024","854","03","0","00000","2024000000","事業所","26117","事業所数","老人福祉・介護事業","5～9人","総数"
"102-2024","854","04","0","00000","2024000000","事業所","33521","事業所数","老人福祉・介護事業","10～19人","総数"
"102-2024","854","05","0","00000","2024000000","事業所","13992","事業所数","老人福祉・介護事業","20～29人","総数"
"102-2024","854","06","0","00000","2024000000","事業所","10871","事業所数","老人福祉・介護事業","30～49人","総数"
"102-2024","854","07","0","00000","2024000000","事業所","8918","事業所数","老人福祉・介護事業","50～99人","総数"
"102-2024","854","08","0","00000","2024000000","事業所","1806","事業所数","老人福祉・介護事業","100～199人","総数"
"102-2024","854","09","0","00000","2024000000","事業所","84","事業所数","老人福祉・介護事業","200～299人","総数"
"102-2024","854","10","0","00000","2024000000","事業所","18","事業所数","老人福祉・介護事業","300人以上","総数"
"102-2024","85C","00","0","00000","2024000000","事業所","10039","事業所数","特別養護老人ホーム","総数","総数"
"102-2024","85C","01","0","00000","2024000000","事業所","57","事業所数","特別養護老人ホーム","0人","総数"
"102-2024","85C","02","0","00000","2024000000","事業所","231","事業所数","特別養護老人ホーム","1～4人","総数"
"102-2024","85C","03","0","00000","2024000000","事業所","203","事業所数","特別養護老人ホーム","5～9人","総数"
"102-2024","85C","04","0","00000","2024000000","事業所","498","事業所数","特別養護老人ホーム","10～19人","総数"
"102-2024","85C","05","0","00000","2024000000","事業所","1152","事業所数","特別養護老人ホーム","20～29人","総数"
"102-2024","85C","06","0","00000","2024000000","事業所","2639","事業所数","特別養護老人ホーム","30～49人","総数"
"102-2024","85C","07","0","00000","2024000000","事業所","4244","事業所数","特別養護老人ホーム","50～99人","総数"
"102-2024","85C","08","0","00000","2024000000","事業所","963","事業所数","特別養護老人ホーム","100～199人","総数"
"102-2024","85C","09","0","00000","2024000000","事業所","43","事業所数","特別養護老人ホーム","200～299人","総数"
"102-2024","85C","10","0","00000","2024000000","事業所","9","事業所数","特別養護老人ホーム","300人以上","総数"
"102-2024","85D","00","0","00000","2024000000","事業所","3584","事業所数","介護老人保健施設","総数","総数"
"102-2024","85D","01","0","00000","2024000000","事業所","5","事業所数","介護老人保健施設","0人","総数"
"102-2024","85D","02","0","00000","2024000000","事業所","64","事業所数","介護老人保健施設","1～4人","総数"
"102-2024","85D","03","0","00000","2024000000","事業所","35","事業所数","介護老人保健施設","5～9人","総数"
"102-2024","85D","04","0","00000","2024000000","事業所","71","事業所数","介護老人保健施設","10～19人","総数"
"102-2024","85D","05","0","00000","2024000000","事業所","114","事業所数","介護老人保健施設","20～29人","総数"
"102-2024","85D","06","0","00000","2024000000","事業所","505","事業所数","介護老人保健施設","30～49人","総数"
"102-2024","85D","07","0","00000","2024000000","事業所","2263","事業所数","介護老人保健施設","50～99人","総数"
"102-2024","85D","08","0","00000","2024000000","事業所","512","事業所数","介護老人保健施設","100～199人","総数"
"102-2024","85D","09","0","00000","2024000000","事業所","14","事業所数","介護老人保健施設","200～299人","総数"
"102-2024","85D","10","0","00000","2024000000","事業所","1","事業所数","介護老人保健施設","300人以上","総数"
"102-2024","85M","00","0","00000","2024000000","事業所","257","事業所数","介護医療院","総数","総数"
"102-2024","85M","01","0","00000","2024000000","事業所","1","事業所数","介護医療院","0人","総数"
"102-2024","85M","02","0","00000","2024000000","事業所","9","事業所数","介護医療院","1～4人","総数"
"102-2024","85M","03","0","00000","2024000000","事業所","7","事業所数","介護医療院","5～9人","総数"
"102-2024","85M","04","0","00000","2024000000","事業所","33","事業所数","介護医療院","10～19人","総数"
"102-2024","85M","05","0","00000","2024000000","事業所","42","事業所数","介護医療院","20～29人","総数"
"102-2024","85M","06","0","00000","2024000000","事業所","66","事業所数","介護医療院","30～49人","総数"
"102-2024","85M","07","0","00000","2024000000","事業所","69","事業所数","介護医療院","50～99人","総数"
"102-2024","85M","08","0","00000","2024000000","事業所","27","事業所数","介護医療院","100～199人","総数"
"102-2024","85M","09","0","00000","2024000000","事業所","1","事業所数","介護医療院","200～299人","総数"
"102-2024","85M","10","0","00000","2024000000","事業所","2","事業所数","介護医療院","300人以上","総数"
"102-2024","85E","00","0","00000","2024000000","事業所","37860","事業所数","通所・短期入所介護事業","総数","総数"
"102-2024","85E","01","0","00000","2024000000","事業所","307","事業所数","通所・短期入所介護事業","0人","総数"
"102-2024","85E","02","0","00000","2024000000","事業所","5532","事業所数","通所・短期入所介護事業","1～4人","総数"
"102-2024","85E","03","0","00000","2024000000","事業所","10705","事業所数","通所・短期入所介護事業","5～9人","総数"
"102-2024","85E","04","0","00000","2024000000","事業所","13873","事業所数","通所・短期入所介護事業","10～19人","総数"
"102-2024","85E","05","0","00000","2024000000","事業所","4490","事業所数","通所・短期入所介護事業","20～29人","総数"
"102-2024","85E","06","0","00000","2024000000","事業所","2227","事業所数","通所・短期入所介護事業","30～49人","総数"
"102-2024","85E","07","0","00000","2024000000","事業所","638","事業所数","通所・短期入所介護事業","50～99人","総数"
"102-2024","85E","08","0","00000","2024000000","事業所","83","事業所数","通所・短期入所介護事業","100～199人","総数"
"102-2024","85E","09","0","00000","2024000000","事業所","3","事業所数","通所・短期入所介護事業","200～299人","総数"
"102-2024","85E","10","0","00000","2024000000","事業所","2","事業所数","通所・短期入所介護事業","300人以上","総数"
"102-2024","85F","00","0","00000","2024000000","事業所","20842","事業所数","訪問介護事業","総数","総数"
"102-2024","85F","01","0","00000","2024000000","事業所","185","事業所数","訪問介護事業","0人","総数"
"102-2024","85F","02","0","00000","2024000000","事業所","3922","事業所数","訪問介護事業","1～4人","総数"
"102-2024","85F","03","0","00000","2024000000","事業所","5202","事業所数","訪問介護事業","5～9人","総数"
"102-2024","85F","04","0","00000","2024000000","事業所","6626","事業所数","訪問介護事業","10～19人","総数"
"102-2024","85F","05","0","00000","2024000000","事業所","2669","事業所数","訪問介護事業","20～29人","総数"
"102-2024","85F","06","0","00000","2024000000","事業所","1682","事業所数","訪問介護事業","30～49人","総数"
"102-2024","85F","07","0","00000","2024000000","事業所","475","事業所数","訪問介護事業","50～99人","総数"
"102-2024","85F","08","0","00000","2024000000","事業所","72","事業所数","訪問介護事業","100～199人","総数"
"102-2024","85F","09","0","00000","2024000000","事業所","8","事業所数","訪問介護事業","200～299人","総数"
"102-2024","85F","10","0","00000","2024000000","事業所","1","事業所数","訪問介護事業","300人以上","総数"
"102-2024","85G","00","0","00000","2024000000","事業所","11568","事業所数","認知症老人グループホーム","総数","総数"
"102-2024","85G","01","0","00000","2024000000","事業所","57","事業所数","認知症老人グループホーム","0人","総数"
"102-2024","85G","02","0","00000","2024000000","事業所","430","事業所数","認知症老人グループホーム","1～4人","総数"
"102-2024","85G","03","0","00000","2024000000","事業所","2267","事業所数","認知症老人グループホーム","5～9人","総数"
"102-2024","85G","04","0","00000","2024000000","事業所","6328","事業所数","認知症老人グループホーム","10～19人","総数"
"102-2024","85G","05","0","00000","2024000000","事業所","1822","事業所数","認知症老人グループホーム","20～29人","総数"
"102-2024","85G","06","0","00000","2024000000","事業所","527","事業所数","認知症老人グループホーム","30～49人","総数"
"102-2024","85G","07","0","00000","2024000000","事業所","128","事業所数","認知症老人グループホーム","50～99人","総数"
"102-2024","85G","08","0","00000","2024000000","事業所","6","事業所数","認知症老人グループホーム","100～199人","総数"
"102-2024","85G","09","0","00000","2024000000","事業所","3","事業所数","認知症老人グループホーム","200～299人","総数"
"102-2024","85G","10","0","00000","2024000000","事業所","***","事業所数","認知症老人グループホーム","300人以上","総数"
"102-2024","85H","00","0","00000","2024000000","事業所","15156","事業所数","有料老人ホーム","総数","総数"
"102-2024","85H","01","0","00000","2024000000","事業所","235","事業所数","有料老人ホーム","0人","総数"
"102-2024","85H","02","0","00000","2024000000","事業所","2370","事業所数","有料老人ホーム","1～4人","総数"
"102-2024","85H","03","0","00000","2024000000","事業所","2245","事業所数","有料老人ホーム","5～9人","総数"
"102-2024","85H","04","0","00000","2024000000","事業所","3826","事業所数","有料老人ホーム","10～19人","総数"
"102-2024","85H","05","0","00000","2024000000","事業所","2882","事業所数","有料老人ホーム","20～29人","総数"
"102-2024","85H","06","0","00000","2024000000","事業所","2612","事業所数","有料老人ホーム","30～49人","総数"
"102-2024","85H","07","0","00000","2024000000","事業所","873","事業所数","有料老人ホーム","50～99人","総数"
"102-2024","85H","08","0","00000","2024000000","事業所","103","事業所数","有料老人ホーム","100～199人","総数"
"102-2024","85H","09","0","00000","2024000000","事業所","9","事業所数","有料老人ホーム","200～299人","総数"
"102-2024","85H","10","0","00000","2024000000","事業所","1","事業所数","有料老人ホーム","300人以上","総数"
"102-2024","85J","00","0","00000","2024000000","事業所","20912","事業所数","その他の老人福祉・介護事業","総数","総数"
"102-2024","85J","01","0","00000","2024000000","事業所","754","事業所数","その他の老人福祉・介護事業","0人","総数"
"102-2024","85J","02","0","00000","2024000000","事業所","10732","事業所数","その他の老人福祉・介護事業","1～4人","総数"
"102-2024","85J","03","0","00000","2024000000","事業所","5453","事業所数","その他の老人福祉・介護事業","5～9人","総数"
"102-2024","85J","04","0","00000","2024000000","事業所","2266","事業所数","その他の老人福祉・介護事業","10～19人","総数"
"102-2024","85J","05","0","00000","2024000000","事業所","821","事業所数","その他の老人福祉・介護事業","20～29人","総数"
"102-2024","85J","06","0","00000","2024000000","事業所","613","事業所数","その他の老人福祉・介護事業","30～49人","総数"
"102-2024","85J","07","0","00000","2024000000","事業所","228","事業所数","その他の老人福祉・介護事業","50～99人","総数"
"102-2024","85J","08","0","00000","2024000000","事業所","40","事業所数","その他の老人福祉・介護事業","100～199人","総数"
"102-2024","85J","09","0","00000","2024000000","事業所","3","事業所数","その他の老人福祉・介護事業","200～299人","総数"
"102-2024","85J","10","0","00000","2024000000","事業所","2","事業所数","その他の老人福祉・介護事業","300人以上","総数"
"102-2024","855","00","0","00000","2024000000","事業所","42565","事業所数","障害者福祉事業","総数","総数"
"102-2024","855","01","0","00000","2024000000","事業所","781","事業所数","障害者福祉事業","0人","総数"
"102-2024","855","02","0","00000","2024000000","事業所","12920","事業所数","障害者福祉事業","1～4人","総数"
"102-2024","855","03","0","00000","2024000000","事業所","13208","事業所数","障害者福祉事業","5～9人","総数"
"102-2024","855","04","0","00000","2024000000","事業所","8489","事業所数","障害者福祉事業","10～19人","総数"
"102-2024","855","05","0","00000","2024000000","事業所","3184","事業所数","障害者福祉事業","20～29人","総数"
"102-2024","855","06","0","00000","2024000000","事業所","2623","事業所数","障害者福祉事業","30～49人","総数"
"102-2024","855","07","0","00000","2024000000","事業所","1186","事業所数","障害者福祉事業","50～99人","総数"
"102-2024","855","08","0","00000","2024000000","事業所","147","事業所数","障害者福祉事業","100～199人","総数"
"102-2024","855","09","0","00000","2024000000","事業所","23","事業所数","障害者福祉事業","200～299人","総数"
"102-2024","855","10","0","00000","2024000000","事業所","4","事業所数","障害者福祉事業","300人以上","総数"
"102-2024","859","00","0","00000","2024000000","事業所","5145","事業所数","その他の社会保険・社会福祉・介護事業","総数","総数"
"102-2024","859","01","0","00000","2024000000","事業所","215","事業所数","その他の社会保険・社会福祉・介護事業","0人","総数"
"102-2024","859","02","0","00000","2024000000","事業所","1752","事業所数","その他の社会保険・社会福祉・介護事業","1～4人","総数"
"102-2024","859","03","0","00000","2024000000","事業所","911","事業所数","その他の社会保険・社会福祉・介護事業","5～9人","総数"
"102-2024","859","04","0","00000","2024000000","事業所","854","事業所数","その他の社会保険・社会福祉・介護事業","10～19人","総数"
"102-2024","859","05","0","00000","2024000000","事業所","500","事業所数","その他の社会保険・社会福祉・介護事業","20～29人","総数"
"102-2024","859","06","0","00000","2024000000","事業所","526","事業所数","その他の社会保険・社会福祉・介護事業","30～49人","総数"
"102-2024","859","07","0","00000","2024000000","事業所","306","事業所数","その他の社会保険・社会福祉・介護事業","50～99人","総数"
"102-2024","859","08","0","00000","2024000000","事業所","62","事業所数","その他の社会保険・社会福祉・介護事業","100～199人","総数"
"102-2024","859","09","0","00000","2024000000","事業所","14","事業所数","その他の社会保険・社会福祉・介護事業","200～299人","総数"
"102-2024","859","10","0","00000","2024000000","事業所","5","事業所数","その他の社会保険・社会福祉・介護事業","300人以上","総数"
"102-2024","85K","00","0","00000","2024000000","事業所","240","事業所数","更生保護事業","総数","総数"
"102-2024","85K","01","0","00000","2024000000","事業所","10","事業所数","更生保護事業","0人","総数"
"102-2024","85K","02","0","00000","2024000000","事業所","107","事業所数","更生保護事業","1～4人","総数"
"102-2024","85K","03","0","00000","2024000000","事業所","82","事業所数","更生保護事業","5～9人","総数"
"102-2024","85K","04","0","00000","2024000000","事業所","32","事業所数","更生保護事業","10～19人","総数"
"102-2024","85K","05","0","00000","2024000000","事業所","7","事業所数","更生保護事業","20～29人","総数"
"102-2024","85K","06","0","00000","2024000000","事業所","2","事業所数","更生保護事業","30～49人","総数"
"102-2024","85K","07","0","00000","2024000000","事業所","***","事業所数","更生保護事業","50～99人","総数"
"102-2024","85K","08","0","00000","2024000000","事業所","***","事業所数","更生保護事業","100～199人","総数"
"102-2024","85K","09","0","00000","2024000000","事業所","***","事業所数","更生保護事業","200～299人","総数"
"102-2024","85K","10","0","00000","2024000000","事業所","***","事業所数","更生保護事業","300人以上","総数"
"102-2024","85L","00","0","00000","2024000000","事業所","4905","事業所数","他に分類されない社会保険・社会福祉・介護事業","総数","総数"
"102-2024","85L","01","0","00000","2024000000","事業所","205","事業所数","他に分類されない社会保険・社会福祉・介護事業","0人","総数"
"102-2024","85L","02","0","00000","2024000000","事業所","1645","事業所数","他に分類されない社会保険・社会福祉・介護事業","1～4人","総数"
"102-2024","85L","03","0","00000","2024000000","事業所","829","事業所数","他に分類されない社会保険・社会福祉・介護事業","5～9人","総数"
"102-2024","85L","04","0","00000","2024000000","事業所","822","事業所数","他に分類されない社会保険・社会福祉・介護事業","10～19人","総数"
"102-2024","85L","05","0","00000","2024000000","事業所","493","事業所数","他に分類されない社会保険・社会福祉・介護事業","20～29人","総数"
"102-2024","85L","06","0","00000","2024000000","事業所","524","事業所数","他に分類されない社会保険・社会福祉・介護事業","30～49人","総数"
"102-2024","85L","07","0","00000","2024000000","事業所","306","事業所数","他に分類されない社会保険・社会福祉・介護事業","50～99人","総数"
"102-2024","85L","08","0","00000","2024000000","事業所","62","事業所数","他に分類されない社会保険・社会福祉・介護事業","100～199人","総数"
"102-2024","85L","09","0","00000","2024000000","事業所","14","事業所数","他に分類されない社会保険・社会福祉・介護事業","200～299人","総数"
"102-2024","85L","10","0","00000","2024000000","事業所","5","事業所数","他に分類されない社会保険・社会福祉・介護事業","300人以上","総数"
"102-2024","Q","00","0","00000","2024000000","事業所","30226","事業所数","複合サービス事業","総数","総数"
"102-2024","Q","01","0","00000","2024000000","事業所","279","事業所数","複合サービス事業","0人","総数"
"102-2024","Q","02","0","00000","2024000000","事業所","13625","事業所数","複合サービス事業","1～4人","総数"
"102-2024","Q","03","0","00000","2024000000","事業所","9968","事業所数","複合サービス事業","5～9人","総数"
"102-2024","Q","04","0","00000","2024000000","事業所","3872","事業所数","複合サービス事業","10～19人","総数"
"102-2024","Q","05","0","00000","2024000000","事業所","844","事業所数","複合サービス事業","20～29人","総数"
"102-2024","Q","06","0","00000","2024000000","事業所","393","事業所数","複合サービス事業","30～49人","総数"
"102-2024","Q","07","0","00000","2024000000","事業所","548","事業所数","複合サービス事業","50～99人","総数"
"102-2024","Q","08","0","00000","2024000000","事業所","439","事業所数","複合サービス事業","100～199人","総数"
"102-2024","Q","09","0","00000","2024000000","事業所","159","事業所数","複合サービス事業","200～299人","総数"
"102-2024","Q","10","0","00000","2024000000","事業所","99","事業所数","複合サービス事業","300人以上","総数"
"102-2024","Q1","00","0","00000","2024000000","事業所","22537","事業所数","複合サービス事業（郵便局）","総数","総数"
"102-2024","Q1","01","0","00000","2024000000","事業所","150","事業所数","複合サービス事業（郵便局）","0人","総数"
"102-2024","Q1","02","0","00000","2024000000","事業所","11884","事業所数","複合サービス事業（郵便局）","1～4人","総数"
"102-2024","Q1","03","0","00000","2024000000","事業所","8167","事業所数","複合サービス事業（郵便局）","5～9人","総数"
"102-2024","Q1","04","0","00000","2024000000","事業所","1312","事業所数","複合サービス事業（郵便局）","10～19人","総数"
"102-2024","Q1","05","0","00000","2024000000","事業所","76","事業所数","複合サービス事業（郵便局）","20～29人","総数"
"102-2024","Q1","06","0","00000","2024000000","事業所","71","事業所数","複合サービス事業（郵便局）","30～49人","総数"
"102-2024","Q1","07","0","00000","2024000000","事業所","308","事業所数","複合サービス事業（郵便局）","50～99人","総数"
"102-2024","Q1","08","0","00000","2024000000","事業所","338","事業所数","複合サービス事業（郵便局）","100～199人","総数"
"102-2024","Q1","09","0","00000","2024000000","事業所","140","事業所数","複合サービス事業（郵便局）","200～299人","総数"
"102-2024","Q1","10","0","00000","2024000000","事業所","91","事業所数","複合サービス事業（郵便局）","300人以上","総数"
"102-2024","86","00","0","00000","2024000000","事業所","22537","事業所数","郵便局","総数","総数"
"102-2024","86","01","0","00000","2024000000","事業所","150","事業所数","郵便局","0人","総数"
"102-2024","86","02","0","00000","2024000000","事業所","11884","事業所数","郵便局","1～4人","総数"
"102-2024","86","03","0","00000","2024000000","事業所","8167","事業所数","郵便局","5～9人","総数"
"102-2024","86","04","0","00000","2024000000","事業所","1312","事業所数","郵便局","10～19人","総数"
"102-2024","86","05","0","00000","2024000000","事業所","76","事業所数","郵便局","20～29人","総数"
"102-2024","86","06","0","00000","2024000000","事業所","71","事業所数","郵便局","30～49人","総数"
"102-2024","86","07","0","00000","2024000000","事業所","308","事業所数","郵便局","50～99人","総数"
"102-2024","86","08","0","00000","2024000000","事業所","338","事業所数","郵便局","100～199人","総数"
"102-2024","86","09","0","00000","2024000000","事業所","140","事業所数","郵便局","200～299人","総数"
"102-2024","86","10","0","00000","2024000000","事業所","91","事業所数","郵便局","300人以上","総数"
"102-2024","860","00","0","00000","2024000000","事業所","94","事業所数","管理、補助的経済活動を行う事業所（86_郵便局）","総数","総数"
"102-2024","860","01","0","00000","2024000000","事業所","***","事業所数","管理、補助的経済活動を行う事業所（86_郵便局）","0人","総数"
"102-2024","860","02","0","00000","2024000000","事業所","3","事業所数","管理、補助的経済活動を行う事業所（86_郵便局）","1～4人","総数"
"102-2024","860","03","0","00000","2024000000","事業所","7","事業所数","管理、補助的経済活動を行う事業所（86_郵便局）","5～9人","総数"
"102-2024","860","04","0","00000","2024000000","事業所","37","事業所数","管理、補助的経済活動を行う事業所（86_郵便局）","10～19人","総数"
"102-2024","860","05","0","00000","2024000000","事業所","15","事業所数","管理、補助的経済活動を行う事業所（86_郵便局）","20～29人","総数"
"102-2024","860","06","0","00000","2024000000","事業所","14","事業所数","管理、補助的経済活動を行う事業所（86_郵便局）","30～49人","総数"
"102-2024","860","07","0","00000","2024000000","事業所","4","事業所数","管理、補助的経済活動を行う事業所（86_郵便局）","50～99人","総数"
"102-2024","860","08","0","00000","2024000000","事業所","***","事業所数","管理、補助的経済活動を行う事業所（86_郵便局）","100～199人","総数"
"102-2024","860","09","0","00000","2024000000","事業所","1","事業所数","管理、補助的経済活動を行う事業所（86_郵便局）","200～299人","総数"
"102-2024","860","10","0","00000","2024000000","事業所","13","事業所数","管理、補助的経済活動を行う事業所（86_郵便局）","300人以上","総数"
"102-2024","861","00","0","00000","2024000000","事業所","19825","事業所数","郵便局","総数","総数"
"102-2024","861","01","0","00000","2024000000","事業所","28","事業所数","郵便局","0人","総数"
"102-2024","861","02","0","00000","2024000000","事業所","9490","事業所数","郵便局","1～4人","総数"
"102-2024","861","03","0","00000","2024000000","事業所","8078","事業所数","郵便局","5～9人","総数"
"102-2024","861","04","0","00000","2024000000","事業所","1256","事業所数","郵便局","10～19人","総数"
"102-2024","861","05","0","00000","2024000000","事業所","59","事業所数","郵便局","20～29人","総数"
"102-2024","861","06","0","00000","2024000000","事業所","57","事業所数","郵便局","30～49人","総数"
"102-2024","861","07","0","00000","2024000000","事業所","302","事業所数","郵便局","50～99人","総数"
"102-2024","861","08","0","00000","2024000000","事業所","338","事業所数","郵便局","100～199人","総数"
"102-2024","861","09","0","00000","2024000000","事業所","139","事業所数","郵便局","200～299人","総数"
"102-2024","861","10","0","00000","2024000000","事業所","78","事業所数","郵便局","300人以上","総数"
"102-2024","862","00","0","00000","2024000000","事業所","2618","事業所数","郵便局受託業","総数","総数"
"102-2024","862","01","0","00000","2024000000","事業所","122","事業所数","郵便局受託業","0人","総数"
"102-2024","862","02","0","00000","2024000000","事業所","2391","事業所数","郵便局受託業","1～4人","総数"
"102-2024","862","03","0","00000","2024000000","事業所","82","事業所数","郵便局受託業","5～9人","総数"
"102-2024","862","04","0","00000","2024000000","事業所","19","事業所数","郵便局受託業","10～19人","総数"
"102-2024","862","05","0","00000","2024000000","事業所","2","事業所数","郵便局受託業","20～29人","総数"
"102-2024","862","06","0","00000","2024000000","事業所","***","事業所数","郵便局受託業","30～49人","総数"
"102-2024","862","07","0","00000","2024000000","事業所","2","事業所数","郵便局受託業","50～99人","総数"
"102-2024","862","08","0","00000","2024000000","事業所","***","事業所数","郵便局受託業","100～199人","総数"
"102-2024","862","09","0","00000","2024000000","事業所","***","事業所数","郵便局受託業","200～299人","総数"
"102-2024","862","10","0","00000","2024000000","事業所","***","事業所数","郵便局受託業","300人以上","総数"
"102-2024","Q2","00","0","00000","2024000000","事業所","7689","事業所数","複合サービス事業（協同組合）","総数","総数"
"102-2024","Q2","01","0","00000","2024000000","事業所","129","事業所数","複合サービス事業（協同組合）","0人","総数"
"102-2024","Q2","02","0","00000","2024000000","事業所","1741","事業所数","複合サービス事業（協同組合）","1～4人","総数"
"102-2024","Q2","03","0","00000","2024000000","事業所","1801","事業所数","複合サービス事業（協同組合）","5～9人","総数"
"102-2024","Q2","04","0","00000","2024000000","事業所","2560","事業所数","複合サービス事業（協同組合）","10～19人","総数"
"102-2024","Q2","05","0","00000","2024000000","事業所","768","事業所数","複合サービス事業（協同組合）","20～29人","総数"
"102-2024","Q2","06","0","00000","2024000000","事業所","322","事業所数","複合サービス事業（協同組合）","30～49人","総数"
"102-2024","Q2","07","0","00000","2024000000","事業所","240","事業所数","複合サービス事業（協同組合）","50～99人","総数"
"102-2024","Q2","08","0","00000","2024000000","事業所","101","事業所数","複合サービス事業（協同組合）","100～199人","総数"
"102-2024","Q2","09","0","00000","2024000000","事業所","19","事業所数","複合サービス事業（協同組合）","200～299人","総数"
"102-2024","Q2","10","0","00000","2024000000","事業所","8","事業所数","複合サービス事業（協同組合）","300人以上","総数"
"102-2024","87","00","0","00000","2024000000","事業所","7689","事業所数","協同組合（他に分類されないもの）","総数","総数"
"102-2024","87","01","0","00000","2024000000","事業所","129","事業所数","協同組合（他に分類されないもの）","0人","総数"
"102-2024","87","02","0","00000","2024000000","事業所","1741","事業所数","協同組合（他に分類されないもの）","1～4人","総数"
"102-2024","87","03","0","00000","2024000000","事業所","1801","事業所数","協同組合（他に分類されないもの）","5～9人","総数"
"102-2024","87","04","0","00000","2024000000","事業所","2560","事業所数","協同組合（他に分類されないもの）","10～19人","総数"
"102-2024","87","05","0","00000","2024000000","事業所","768","事業所数","協同組合（他に分類されないもの）","20～29人","総数"
"102-2024","87","06","0","00000","2024000000","事業所","322","事業所数","協同組合（他に分類されないもの）","30～49人","総数"
"102-2024","87","07","0","00000","2024000000","事業所","240","事業所数","協同組合（他に分類されないもの）","50～99人","総数"
"102-2024","87","08","0","00000","2024000000","事業所","101","事業所数","協同組合（他に分類されないもの）","100～199人","総数"
"102-2024","87","09","0","00000","2024000000","事業所","19","事業所数","協同組合（他に分類されないもの）","200～299人","総数"
"102-2024","87","10","0","00000","2024000000","事業所","8","事業所数","協同組合（他に分類されないもの）","300人以上","総数"
"102-2024","870","00","0","00000","2024000000","事業所","121","事業所数","管理、補助的経済活動を行う事業所（87_協同組合）","総数","総数"
"102-2024","870","01","0","00000","2024000000","事業所","1","事業所数","管理、補助的経済活動を行う事業所（87_協同組合）","0人","総数"
"102-2024","870","02","0","00000","2024000000","事業所","33","事業所数","管理、補助的経済活動を行う事業所（87_協同組合）","1～4人","総数"
"102-2024","870","03","0","00000","2024000000","事業所","20","事業所数","管理、補助的経済活動を行う事業所（87_協同組合）","5～9人","総数"
"102-2024","870","04","0","00000","2024000000","事業所","8","事業所数","管理、補助的経済活動を行う事業所（87_協同組合）","10～19人","総数"
"102-2024","870","05","0","00000","2024000000","事業所","6","事業所数","管理、補助的経済活動を行う事業所（87_協同組合）","20～29人","総数"
"102-2024","870","06","0","00000","2024000000","事業所","11","事業所数","管理、補助的経済活動を行う事業所（87_協同組合）","30～49人","総数"
"102-2024","870","07","0","00000","2024000000","事業所","28","事業所数","管理、補助的経済活動を行う事業所（87_協同組合）","50～99人","総数"
"102-2024","870","08","0","00000","2024000000","事業所","12","事業所数","管理、補助的経済活動を行う事業所（87_協同組合）","100～199人","総数"
"102-2024","870","09","0","00000","2024000000","事業所","2","事業所数","管理、補助的経済活動を行う事業所（87_協同組合）","200～299人","総数"
"102-2024","870","10","0","00000","2024000000","事業所","***","事業所数","管理、補助的経済活動を行う事業所（87_協同組合）","300人以上","総数"
"102-2024","871","00","0","00000","2024000000","事業所","6762","事業所数","農林水産業協同組合（他に分類されないもの）","総数","総数"
"102-2024","871","01","0","00000","2024000000","事業所","35","事業所数","農林水産業協同組合（他に分類されないもの）","0人","総数"
"102-2024","871","02","0","00000","2024000000","事業所","1128","事業所数","農林水産業協同組合（他に分類されないもの）","1～4人","総数"
"102-2024","871","03","0","00000","2024000000","事業所","1700","事業所数","農林水産業協同組合（他に分類されないもの）","5～9人","総数"
"102-2024","871","04","0","00000","2024000000","事業所","2517","事業所数","農林水産業協同組合（他に分類されないもの）","10～19人","総数"
"102-2024","871","05","0","00000","2024000000","事業所","755","事業所数","農林水産業協同組合（他に分類されないもの）","20～29人","総数"
"102-2024","871","06","0","00000","2024000000","事業所","306","事業所数","農林水産業協同組合（他に分類されないもの）","30～49人","総数"
"102-2024","871","07","0","00000","2024000000","事業所","208","事業所数","農林水産業協同組合（他に分類されないもの）","50～99人","総数"
"102-2024","871","08","0","00000","2024000000","事業所","88","事業所数","農林水産業協同組合（他に分類されないもの）","100～199人","総数"
"102-2024","871","09","0","00000","2024000000","事業所","17","事業所数","農林水産業協同組合（他に分類されないもの）","200～299人","総数"
"102-2024","871","10","0","00000","2024000000","事業所","8","事業所数","農林水産業協同組合（他に分類されないもの）","300人以上","総数"
"102-2024","872","00","0","00000","2024000000","事業所","806","事業所数","事業協同組合（他に分類されないもの）","総数","総数"
"102-2024","872","01","0","00000","2024000000","事業所","93","事業所数","事業協同組合（他に分類されないもの）","0人","総数"
"102-2024","872","02","0","00000","2024000000","事業所","580","事業所数","事業協同組合（他に分類されないもの）","1～4人","総数"
"102-2024","872","03","0","00000","2024000000","事業所","81","事業所数","事業協同組合（他に分類されないもの）","5～9人","総数"
"102-2024","872","04","0","00000","2024000000","事業所","35","事業所数","事業協同組合（他に分類されないもの）","10～19人","総数"
"102-2024","872","05","0","00000","2024000000","事業所","7","事業所数","事業協同組合（他に分類されないもの）","20～29人","総数"
"102-2024","872","06","0","00000","2024000000","事業所","5","事業所数","事業協同組合（他に分類されないもの）","30～49人","総数"
"102-2024","872","07","0","00000","2024000000","事業所","4","事業所数","事業協同組合（他に分類されないもの）","50～99人","総数"
"102-2024","872","08","0","00000","2024000000","事業所","1","事業所数","事業協同組合（他に分類されないもの）","100～199人","総数"
"102-2024","872","09","0","00000","2024000000","事業所","***","事業所数","事業協同組合（他に分類されないもの）","200～299人","総数"
"102-2024","872","10","0","00000","2024000000","事業所","***","事業所数","事業協同組合（他に分類されないもの）","300人以上","総数"
"102-2024","R","00","0","00000","2024000000","事業所","323469","事業所数","サービス業（他に分類されないもの）","総数","総数"
"102-2024","R","01","0","00000","2024000000","事業所","34059","事業所数","サービス業（他に分類されないもの）","0人","総数"
"102-2024","R","02","0","00000","2024000000","事業所","169684","事業所数","サービス業（他に分類されないもの）","1～4人","総数"
"102-2024","R","03","0","00000","2024000000","事業所","45053","事業所数","サービス業（他に分類されないもの）","5～9人","総数"
"102-2024","R","04","0","00000","2024000000","事業所","30566","事業所数","サービス業（他に分類されないもの）","10～19人","総数"
"102-2024","R","05","0","00000","2024000000","事業所","12711","事業所数","サービス業（他に分類されないもの）","20～29人","総数"
"102-2024","R","06","0","00000","2024000000","事業所","12412","事業所数","サービス業（他に分類されないもの）","30～49人","総数"
"102-2024","R","07","0","00000","2024000000","事業所","9501","事業所数","サービス業（他に分類されないもの）","50～99人","総数"
"102-2024","R","08","0","00000","2024000000","事業所","5488","事業所数","サービス業（他に分類されないもの）","100～199人","総数"
"102-2024","R","09","0","00000","2024000000","事業所","1776","事業所数","サービス業（他に分類されないもの）","200～299人","総数"
"102-2024","R","10","0","00000","2024000000","事業所","2219","事業所数","サービス業（他に分類されないもの）","300人以上","総数"
"102-2024","R1","00","0","00000","2024000000","事業所","124527","事業所数","サービス業（政治・経済・文化団体、宗教）","総数","総数"
"102-2024","R1","01","0","00000","2024000000","事業所","18682","事業所数","サービス業（政治・経済・文化団体、宗教）","0人","総数"
"102-2024","R1","02","0","00000","2024000000","事業所","88682","事業所数","サービス業（政治・経済・文化団体、宗教）","1～4人","総数"
"102-2024","R1","03","0","00000","2024000000","事業所","9897","事業所数","サービス業（政治・経済・文化団体、宗教）","5～9人","総数"
"102-2024","R1","04","0","00000","2024000000","事業所","4572","事業所数","サービス業（政治・経済・文化団体、宗教）","10～19人","総数"
"102-2024","R1","05","0","00000","2024000000","事業所","1269","事業所数","サービス業（政治・経済・文化団体、宗教）","20～29人","総数"
"102-2024","R1","06","0","00000","2024000000","事業所","879","事業所数","サービス業（政治・経済・文化団体、宗教）","30～49人","総数"
"102-2024","R1","07","0","00000","2024000000","事業所","380","事業所数","サービス業（政治・経済・文化団体、宗教）","50～99人","総数"
"102-2024","R1","08","0","00000","2024000000","事業所","111","事業所数","サービス業（政治・経済・文化団体、宗教）","100～199人","総数"
"102-2024","R1","09","0","00000","2024000000","事業所","38","事業所数","サービス業（政治・経済・文化団体、宗教）","200～299人","総数"
"102-2024","R1","10","0","00000","2024000000","事業所","17","事業所数","サービス業（政治・経済・文化団体、宗教）","300人以上","総数"
"102-2024","93","00","0","00000","2024000000","事業所","54719","事業所数","政治・経済・文化団体","総数","総数"
"102-2024","93","01","0","00000","2024000000","事業所","7666","事業所数","政治・経済・文化団体","0人","総数"
"102-2024","93","02","0","00000","2024000000","事業所","34702","事業所数","政治・経済・文化団体","1～4人","総数"
"102-2024","93","03","0","00000","2024000000","事業所","6670","事業所数","政治・経済・文化団体","5～9人","総数"
"102-2024","93","04","0","00000","2024000000","事業所","3583","事業所数","政治・経済・文化団体","10～19人","総数"
"102-2024","93","05","0","00000","2024000000","事業所","1018","事業所数","政治・経済・文化団体","20～29人","総数"
"102-2024","93","06","0","00000","2024000000","事業所","694","事業所数","政治・経済・文化団体","30～49人","総数"
"102-2024","93","07","0","00000","2024000000","事業所","281","事業所数","政治・経済・文化団体","50～99人","総数"
"102-2024","93","08","0","00000","2024000000","事業所","73","事業所数","政治・経済・文化団体","100～199人","総数"
"102-2024","93","09","0","00000","2024000000","事業所","26","事業所数","政治・経済・文化団体","200～299人","総数"
"102-2024","93","10","0","00000","2024000000","事業所","6","事業所数","政治・経済・文化団体","300人以上","総数"
"102-2024","931","00","0","00000","2024000000","事業所","21419","事業所数","経済団体","総数","総数"
"102-2024","931","01","0","00000","2024000000","事業所","2158","事業所数","経済団体","0人","総数"
"102-2024","931","02","0","00000","2024000000","事業所","14073","事業所数","経済団体","1～4人","総数"
"102-2024","931","03","0","00000","2024000000","事業所","2825","事業所数","経済団体","5～9人","総数"
"102-2024","931","04","0","00000","2024000000","事業所","1466","事業所数","経済団体","10～19人","総数"
"102-2024","931","05","0","00000","2024000000","事業所","432","事業所数","経済団体","20～29人","総数"
"102-2024","931","06","0","00000","2024000000","事業所","289","事業所数","経済団体","30～49人","総数"
"102-2024","931","07","0","00000","2024000000","事業所","128","事業所数","経済団体","50～99人","総数"
"102-2024","931","08","0","00000","2024000000","事業所","38","事業所数","経済団体","100～199人","総数"
"102-2024","931","09","0","00000","2024000000","事業所","8","事業所数","経済団体","200～299人","総数"
"102-2024","931","10","0","00000","2024000000","事業所","2","事業所数","経済団体","300人以上","総数"
"102-2024","932","00","0","00000","2024000000","事業所","6067","事業所数","労働団体","総数","総数"
"102-2024","932","01","0","00000","2024000000","事業所","467","事業所数","労働団体","0人","総数"
"102-2024","932","02","0","00000","2024000000","事業所","4380","事業所数","労働団体","1～4人","総数"
"102-2024","932","03","0","00000","2024000000","事業所","699","事業所数","労働団体","5～9人","総数"
"102-2024","932","04","0","00000","2024000000","事業所","347","事業所数","労働団体","10～19人","総数"
"102-2024","932","05","0","00000","2024000000","事業所","73","事業所数","労働団体","20～29人","総数"
"102-2024","932","06","0","00000","2024000000","事業所","75","事業所数","労働団体","30～49人","総数"
"102-2024","932","07","0","00000","2024000000","事業所","16","事業所数","労働団体","50～99人","総数"
"102-2024","932","08","0","00000","2024000000","事業所","7","事業所数","労働団体","100～199人","総数"
"102-2024","932","09","0","00000","2024000000","事業所","3","事業所数","労働団体","200～299人","総数"
"102-2024","932","10","0","00000","2024000000","事業所","***","事業所数","労働団体","300人以上","総数"
"102-2024","933","00","0","00000","2024000000","事業所","1880","事業所数","学術・文化団体","総数","総数"
"102-2024","933","01","0","00000","2024000000","事業所","388","事業所数","学術・文化団体","0人","総数"
"102-2024","933","02","0","00000","2024000000","事業所","1031","事業所数","学術・文化団体","1～4人","総数"
"102-2024","933","03","0","00000","2024000000","事業所","240","事業所数","学術・文化団体","5～9人","総数"
"102-2024","933","04","0","00000","2024000000","事業所","141","事業所数","学術・文化団体","10～19人","総数"
"102-2024","933","05","0","00000","2024000000","事業所","42","事業所数","学術・文化団体","20～29人","総数"
"102-2024","933","06","0","00000","2024000000","事業所","21","事業所数","学術・文化団体","30～49人","総数"
"102-2024","933","07","0","00000","2024000000","事業所","13","事業所数","学術・文化団体","50～99人","総数"
"102-2024","933","08","0","00000","2024000000","事業所","3","事業所数","学術・文化団体","100～199人","総数"
"102-2024","933","09","0","00000","2024000000","事業所","1","事業所数","学術・文化団体","200～299人","総数"
"102-2024","933","10","0","00000","2024000000","事業所","***","事業所数","学術・文化団体","300人以上","総数"
"102-2024","934","00","0","00000","2024000000","事業所","1391","事業所数","政治団体","総数","総数"
"102-2024","934","01","0","00000","2024000000","事業所","120","事業所数","政治団体","0人","総数"
"102-2024","934","02","0","00000","2024000000","事業所","1062","事業所数","政治団体","1～4人","総数"
"102-2024","934","03","0","00000","2024000000","事業所","155","事業所数","政治団体","5～9人","総数"
"102-2024","934","04","0","00000","2024000000","事業所","35","事業所数","政治団体","10～19人","総数"
"102-2024","934","05","0","00000","2024000000","事業所","10","事業所数","政治団体","20～29人","総数"
"102-2024","934","06","0","00000","2024000000","事業所","7","事業所数","政治団体","30～49人","総数"
"102-2024","934","07","0","00000","2024000000","事業所","***","事業所数","政治団体","50～99人","総数"
"102-2024","934","08","0","00000","2024000000","事業所","***","事業所数","政治団体","100～199人","総数"
"102-2024","934","09","0","00000","2024000000","事業所","1","事業所数","政治団体","200～299人","総数"
"102-2024","934","10","0","00000","2024000000","事業所","1","事業所数","政治団体","300人以上","総数"
"102-2024","939","00","0","00000","2024000000","事業所","23962","事業所数","他に分類されない非営利的団体","総数","総数"
"102-2024","939","01","0","00000","2024000000","事業所","4533","事業所数","他に分類されない非営利的団体","0人","総数"
"102-2024","939","02","0","00000","2024000000","事業所","14156","事業所数","他に分類されない非営利的団体","1～4人","総数"
"102-2024","939","03","0","00000","2024000000","事業所","2751","事業所数","他に分類されない非営利的団体","5～9人","総数"
"102-2024","939","04","0","00000","2024000000","事業所","1594","事業所数","他に分類されない非営利的団体","10～19人","総数"
"102-2024","939","05","0","00000","2024000000","事業所","461","事業所数","他に分類されない非営利的団体","20～29人","総数"
"102-2024","939","06","0","00000","2024000000","事業所","302","事業所数","他に分類されない非営利的団体","30～49人","総数"
"102-2024","939","07","0","00000","2024000000","事業所","124","事業所数","他に分類されない非営利的団体","50～99人","総数"
"102-2024","939","08","0","00000","2024000000","事業所","25","事業所数","他に分類されない非営利的団体","100～199人","総数"
"102-2024","939","09","0","00000","2024000000","事業所","13","事業所数","他に分類されない非営利的団体","200～299人","総数"
"102-2024","939","10","0","00000","2024000000","事業所","3","事業所数","他に分類されない非営利的団体","300人以上","総数"
"102-2024","94","00","0","00000","2024000000","事業所","69807","事業所数","宗教","総数","総数"
"102-2024","94","01","0","00000","2024000000","事業所","11016","事業所数","宗教","0人","総数"
"102-2024","94","02","0","00000","2024000000","事業所","53979","事業所数","宗教","1～4人","総数"
"102-2024","94","03","0","00000","2024000000","事業所","3227","事業所数","宗教","5～9人","総数"
"102-2024","94","04","0","00000","2024000000","事業所","989","事業所数","宗教","10～19人","総数"
"102-2024","94","05","0","00000","2024000000","事業所","251","事業所数","宗教","20～29人","総数"
"102-2024","94","06","0","00000","2024000000","事業所","185","事業所数","宗教","30～49人","総数"
"102-2024","94","07","0","00000","2024000000","事業所","99","事業所数","宗教","50～99人","総数"
"102-2024","94","08","0","00000","2024000000","事業所","38","事業所数","宗教","100～199人","総数"
"102-2024","94","09","0","00000","2024000000","事業所","12","事業所数","宗教","200～299人","総数"
"102-2024","94","10","0","00000","2024000000","事業所","11","事業所数","宗教","300人以上","総数"
"102-2024","941","00","0","00000","2024000000","事業所","10024","事業所数","神道系宗教","総数","総数"
"102-2024","941","01","0","00000","2024000000","事業所","2451","事業所数","神道系宗教","0人","総数"
"102-2024","941","02","0","00000","2024000000","事業所","6414","事業所数","神道系宗教","1～4人","総数"
"102-2024","941","03","0","00000","2024000000","事業所","680","事業所数","神道系宗教","5～9人","総数"
"102-2024","941","04","0","00000","2024000000","事業所","282","事業所数","神道系宗教","10～19人","総数"
"102-2024","941","05","0","00000","2024000000","事業所","83","事業所数","神道系宗教","20～29人","総数"
"102-2024","941","06","0","00000","2024000000","事業所","60","事業所数","神道系宗教","30～49人","総数"
"102-2024","941","07","0","00000","2024000000","事業所","32","事業所数","神道系宗教","50～99人","総数"
"102-2024","941","08","0","00000","2024000000","事業所","17","事業所数","神道系宗教","100～199人","総数"
"102-2024","941","09","0","00000","2024000000","事業所","4","事業所数","神道系宗教","200～299人","総数"
"102-2024","941","10","0","00000","2024000000","事業所","1","事業所数","神道系宗教","300人以上","総数"
"102-2024","942","00","0","00000","2024000000","事業所","43223","事業所数","仏教系宗教","総数","総数"
"102-2024","942","01","0","00000","2024000000","事業所","5616","事業所数","仏教系宗教","0人","総数"
"102-2024","942","02","0","00000","2024000000","事業所","35080","事業所数","仏教系宗教","1～4人","総数"
"102-2024","942","03","0","00000","2024000000","事業所","1902","事業所数","仏教系宗教","5～9人","総数"
"102-2024","942","04","0","00000","2024000000","事業所","401","事業所数","仏教系宗教","10～19人","総数"
"102-2024","942","05","0","00000","2024000000","事業所","81","事業所数","仏教系宗教","20～29人","総数"
"102-2024","942","06","0","00000","2024000000","事業所","70","事業所数","仏教系宗教","30～49人","総数"
"102-2024","942","07","0","00000","2024000000","事業所","46","事業所数","仏教系宗教","50～99人","総数"
"102-2024","942","08","0","00000","2024000000","事業所","14","事業所数","仏教系宗教","100～199人","総数"
"102-2024","942","09","0","00000","2024000000","事業所","5","事業所数","仏教系宗教","200～299人","総数"
"102-2024","942","10","0","00000","2024000000","事業所","8","事業所数","仏教系宗教","300人以上","総数"
"102-2024","943","00","0","00000","2024000000","事業所","6577","事業所数","キリスト教系宗教","総数","総数"
"102-2024","943","01","0","00000","2024000000","事業所","983","事業所数","キリスト教系宗教","0人","総数"
"102-2024","943","02","0","00000","2024000000","事業所","5048","事業所数","キリスト教系宗教","1～4人","総数"
"102-2024","943","03","0","00000","2024000000","事業所","293","事業所数","キリスト教系宗教","5～9人","総数"
"102-2024","943","04","0","00000","2024000000","事業所","157","事業所数","キリスト教系宗教","10～19人","総数"
"102-2024","943","05","0","00000","2024000000","事業所","42","事業所数","キリスト教系宗教","20～29人","総数"
"102-2024","943","06","0","00000","2024000000","事業所","34","事業所数","キリスト教系宗教","30～49人","総数"
"102-2024","943","07","0","00000","2024000000","事業所","14","事業所数","キリスト教系宗教","50～99人","総数"
"102-2024","943","08","0","00000","2024000000","事業所","4","事業所数","キリスト教系宗教","100～199人","総数"
"102-2024","943","09","0","00000","2024000000","事業所","2","事業所数","キリスト教系宗教","200～299人","総数"
"102-2024","943","10","0","00000","2024000000","事業所","***","事業所数","キリスト教系宗教","300人以上","総数"
"102-2024","949","00","0","00000","2024000000","事業所","9983","事業所数","その他の宗教","総数","総数"
"102-2024","949","01","0","00000","2024000000","事業所","1966","事業所数","その他の宗教","0人","総数"
"102-2024","949","02","0","00000","2024000000","事業所","7437","事業所数","その他の宗教","1～4人","総数"
"102-2024","949","03","0","00000","2024000000","事業所","352","事業所数","その他の宗教","5～9人","総数"
"102-2024","949","04","0","00000","2024000000","事業所","149","事業所数","その他の宗教","10～19人","総数"
"102-2024","949","05","0","00000","2024000000","事業所","45","事業所数","その他の宗教","20～29人","総数"
"102-2024","949","06","0","00000","2024000000","事業所","21","事業所数","その他の宗教","30～49人","総数"
"102-2024","949","07","0","00000","2024000000","事業所","7","事業所数","その他の宗教","50～99人","総数"
"102-2024","949","08","0","00000","2024000000","事業所","3","事業所数","その他の宗教","100～199人","総数"
"102-2024","949","09","0","00000","2024000000","事業所","1","事業所数","その他の宗教","200～299人","総数"
"102-2024","949","10","0","00000","2024000000","事業所","2","事業所数","その他の宗教","300人以上","総数"
"102-2024","R2","00","0","00000","2024000000","事業所","198942","事業所数","サービス業（政治・経済・文化団体、宗教を除く）","総数","総数"
"102-2024","R2","01","0","00000","2024000000","事業所","15377","事業所数","サービス業（政治・経済・文化団体、宗教を除く）","0人","総数"
"102-2024","R2","02","0","00000","2024000000","事業所","81002","事業所数","サービス業（政治・経済・文化団体、宗教を除く）","1～4人","総数"
"102-2024","R2","03","0","00000","2024000000","事業所","35156","事業所数","サービス業（政治・経済・文化団体、宗教を除く）","5～9人","総数"
"102-2024","R2","04","0","00000","2024000000","事業所","25994","事業所数","サービス業（政治・経済・文化団体、宗教を除く）","10～19人","総数"
"102-2024","R2","05","0","00000","2024000000","事業所","11442","事業所数","サービス業（政治・経済・文化団体、宗教を除く）","20～29人","総数"
"102-2024","R2","06","0","00000","2024000000","事業所","11533","事業所数","サービス業（政治・経済・文化団体、宗教を除く）","30～49人","総数"
"102-2024","R2","07","0","00000","2024000000","事業所","9121","事業所数","サービス業（政治・経済・文化団体、宗教を除く）","50～99人","総数"
"102-2024","R2","08","0","00000","2024000000","事業所","5377","事業所数","サービス業（政治・経済・文化団体、宗教を除く）","100～199人","総数"
"102-2024","R2","09","0","00000","2024000000","事業所","1738","事業所数","サービス業（政治・経済・文化団体、宗教を除く）","200～299人","総数"
"102-2024","R2","10","0","00000","2024000000","事業所","2202","事業所数","サービス業（政治・経済・文化団体、宗教を除く）","300人以上","総数"
"102-2024","88","00","0","00000","2024000000","事業所","21805","事業所数","廃棄物処理業","総数","総数"
"102-2024","88","01","0","00000","2024000000","事業所","1136","事業所数","廃棄物処理業","0人","総数"
"102-2024","88","02","0","00000","2024000000","事業所","7764","事業所数","廃棄物処理業","1～4人","総数"
"102-2024","88","03","0","00000","2024000000","事業所","4948","事業所数","廃棄物処理業","5～9人","総数"
"102-2024","88","04","0","00000","2024000000","事業所","4014","事業所数","廃棄物処理業","10～19人","総数"
"102-2024","88","05","0","00000","2024000000","事業所","1706","事業所数","廃棄物処理業","20～29人","総数"
"102-2024","88","06","0","00000","2024000000","事業所","1393","事業所数","廃棄物処理業","30～49人","総数"
"102-2024","88","07","0","00000","2024000000","事業所","653","事業所数","廃棄物処理業","50～99人","総数"
"102-2024","88","08","0","00000","2024000000","事業所","158","事業所数","廃棄物処理業","100～199人","総数"
"102-2024","88","09","0","00000","2024000000","事業所","23","事業所数","廃棄物処理業","200～299人","総数"
"102-2024","88","10","0","00000","2024000000","事業所","10","事業所数","廃棄物処理業","300人以上","総数"
"102-2024","880","00","0","00000","2024000000","事業所","339","事業所数","管理、補助的経済活動を行う事業所（88_廃棄物処理業）","総数","総数"
"102-2024","880","01","0","00000","2024000000","事業所","39","事業所数","管理、補助的経済活動を行う事業所（88_廃棄物処理業）","0人","総数"
"102-2024","880","02","0","00000","2024000000","事業所","190","事業所数","管理、補助的経済活動を行う事業所（88_廃棄物処理業）","1～4人","総数"
"102-2024","880","03","0","00000","2024000000","事業所","45","事業所数","管理、補助的経済活動を行う事業所（88_廃棄物処理業）","5～9人","総数"
"102-2024","880","04","0","00000","2024000000","事業所","33","事業所数","管理、補助的経済活動を行う事業所（88_廃棄物処理業）","10～19人","総数"
"102-2024","880","05","0","00000","2024000000","事業所","14","事業所数","管理、補助的経済活動を行う事業所（88_廃棄物処理業）","20～29人","総数"
"102-2024","880","06","0","00000","2024000000","事業所","7","事業所数","管理、補助的経済活動を行う事業所（88_廃棄物処理業）","30～49人","総数"
"102-2024","880","07","0","00000","2024000000","事業所","7","事業所数","管理、補助的経済活動を行う事業所（88_廃棄物処理業）","50～99人","総数"
"102-2024","880","08","0","00000","2024000000","事業所","2","事業所数","管理、補助的経済活動を行う事業所（88_廃棄物処理業）","100～199人","総数"
"102-2024","880","09","0","00000","2024000000","事業所","1","事業所数","管理、補助的経済活動を行う事業所（88_廃棄物処理業）","200～299人","総数"
"102-2024","880","10","0","00000","2024000000","事業所","1","事業所数","管理、補助的経済活動を行う事業所（88_廃棄物処理業）","300人以上","総数"
"102-2024","881","00","0","00000","2024000000","事業所","11278","事業所数","一般廃棄物処理業","総数","総数"
"102-2024","881","01","0","00000","2024000000","事業所","504","事業所数","一般廃棄物処理業","0人","総数"
"102-2024","881","02","0","00000","2024000000","事業所","3746","事業所数","一般廃棄物処理業","1～4人","総数"
"102-2024","881","03","0","00000","2024000000","事業所","2593","事業所数","一般廃棄物処理業","5～9人","総数"
"102-2024","881","04","0","00000","2024000000","事業所","2187","事業所数","一般廃棄物処理業","10～19人","総数"
"102-2024","881","05","0","00000","2024000000","事業所","1003","事業所数","一般廃棄物処理業","20～29人","総数"
"102-2024","881","06","0","00000","2024000000","事業所","800","事業所数","一般廃棄物処理業","30～49人","総数"
"102-2024","881","07","0","00000","2024000000","事業所","342","事業所数","一般廃棄物処理業","50～99人","総数"
"102-2024","881","08","0","00000","2024000000","事業所","90","事業所数","一般廃棄物処理業","100～199人","総数"
"102-2024","881","09","0","00000","2024000000","事業所","12","事業所数","一般廃棄物処理業","200～299人","総数"
"102-2024","881","10","0","00000","2024000000","事業所","1","事業所数","一般廃棄物処理業","300人以上","総数"
"102-2024","882","00","0","00000","2024000000","事業所","10140","事業所数","産業廃棄物処理業","総数","総数"
"102-2024","882","01","0","00000","2024000000","事業所","591","事業所数","産業廃棄物処理業","0人","総数"
"102-2024","882","02","0","00000","2024000000","事業所","3807","事業所数","産業廃棄物処理業","1～4人","総数"
"102-2024","882","03","0","00000","2024000000","事業所","2299","事業所数","産業廃棄物処理業","5～9人","総数"
"102-2024","882","04","0","00000","2024000000","事業所","1790","事業所数","産業廃棄物処理業","10～19人","総数"
"102-2024","882","05","0","00000","2024000000","事業所","687","事業所数","産業廃棄物処理業","20～29人","総数"
"102-2024","882","06","0","00000","2024000000","事業所","584","事業所数","産業廃棄物処理業","30～49人","総数"
"102-2024","882","07","0","00000","2024000000","事業所","302","事業所数","産業廃棄物処理業","50～99人","総数"
"102-2024","882","08","0","00000","2024000000","事業所","65","事業所数","産業廃棄物処理業","100～199人","総数"
"102-2024","882","09","0","00000","2024000000","事業所","9","事業所数","産業廃棄物処理業","200～299人","総数"
"102-2024","882","10","0","00000","2024000000","事業所","6","事業所数","産業廃棄物処理業","300人以上","総数"
"102-2024","889","00","0","00000","2024000000","事業所","48","事業所数","その他の廃棄物処理業","総数","総数"
"102-2024","889","01","0","00000","2024000000","事業所","2","事業所数","その他の廃棄物処理業","0人","総数"
"102-2024","889","02","0","00000","2024000000","事業所","21","事業所数","その他の廃棄物処理業","1～4人","総数"
"102-2024","889","03","0","00000","2024000000","事業所","11","事業所数","その他の廃棄物処理業","5～9人","総数"
"102-2024","889","04","0","00000","2024000000","事業所","4","事業所数","その他の廃棄物処理業","10～19人","総数"
"102-2024","889","05","0","00000","2024000000","事業所","2","事業所数","その他の廃棄物処理業","20～29人","総数"
"102-2024","889","06","0","00000","2024000000","事業所","2","事業所数","その他の廃棄物処理業","30～49人","総数"
"102-2024","889","07","0","00000","2024000000","事業所","2","事業所数","その他の廃棄物処理業","50～99人","総数"
"102-2024","889","08","0","00000","2024000000","事業所","1","事業所数","その他の廃棄物処理業","100～199人","総数"
"102-2024","889","09","0","00000","2024000000","事業所","1","事業所数","その他の廃棄物処理業","200～299人","総数"
"102-2024","889","10","0","00000","2024000000","事業所","2","事業所数","その他の廃棄物処理業","300人以上","総数"
"102-2024","89","00","0","00000","2024000000","事業所","30128","事業所数","自動車整備業","総数","総数"
"102-2024","89","01","0","00000","2024000000","事業所","1799","事業所数","自動車整備業","0人","総数"
"102-2024","89","02","0","00000","2024000000","事業所","18552","事業所数","自動車整備業","1～4人","総数"
"102-2024","89","03","0","00000","2024000000","事業所","6035","事業所数","自動車整備業","5～9人","総数"
"102-2024","89","04","0","00000","2024000000","事業所","2588","事業所数","自動車整備業","10～19人","総数"
"102-2024","89","05","0","00000","2024000000","事業所","673","事業所数","自動車整備業","20～29人","総数"
"102-2024","89","06","0","00000","2024000000","事業所","332","事業所数","自動車整備業","30～49人","総数"
"102-2024","89","07","0","00000","2024000000","事業所","129","事業所数","自動車整備業","50～99人","総数"
"102-2024","89","08","0","00000","2024000000","事業所","19","事業所数","自動車整備業","100～199人","総数"
"102-2024","89","09","0","00000","2024000000","事業所","1","事業所数","自動車整備業","200～299人","総数"
"102-2024","89","10","0","00000","2024000000","事業所","***","事業所数","自動車整備業","300人以上","総数"
"102-2024","890","00","0","00000","2024000000","事業所","121","事業所数","管理、補助的経済活動を行う事業所（89_自動車整備業）","総数","総数"
"102-2024","890","01","0","00000","2024000000","事業所","26","事業所数","管理、補助的経済活動を行う事業所（89_自動車整備業）","0人","総数"
"102-2024","890","02","0","00000","2024000000","事業所","67","事業所数","管理、補助的経済活動を行う事業所（89_自動車整備業）","1～4人","総数"
"102-2024","890","03","0","00000","2024000000","事業所","12","事業所数","管理、補助的経済活動を行う事業所（89_自動車整備業）","5～9人","総数"
"102-2024","890","04","0","00000","2024000000","事業所","13","事業所数","管理、補助的経済活動を行う事業所（89_自動車整備業）","10～19人","総数"
"102-2024","890","05","0","00000","2024000000","事業所","2","事業所数","管理、補助的経済活動を行う事業所（89_自動車整備業）","20～29人","総数"
"102-2024","890","06","0","00000","2024000000","事業所","***","事業所数","管理、補助的経済活動を行う事業所（89_自動車整備業）","30～49人","総数"
"102-2024","890","07","0","00000","2024000000","事業所","1","事業所数","管理、補助的経済活動を行う事業所（89_自動車整備業）","50～99人","総数"
"102-2024","890","08","0","00000","2024000000","事業所","***","事業所数","管理、補助的経済活動を行う事業所（89_自動車整備業）","100～199人","総数"
"102-2024","890","09","0","00000","2024000000","事業所","***","事業所数","管理、補助的経済活動を行う事業所（89_自動車整備業）","200～299人","総数"
"102-2024","890","10","0","00000","2024000000","事業所","***","事業所数","管理、補助的経済活動を行う事業所（89_自動車整備業）","300人以上","総数"
"102-2024","891","00","0","00000","2024000000","事業所","30007","事業所数","自動車整備業","総数","総数"
"102-2024","891","01","0","00000","2024000000","事業所","1773","事業所数","自動車整備業","0人","総数"
"102-2024","891","02","0","00000","2024000000","事業所","18485","事業所数","自動車整備業","1～4人","総数"
"102-2024","891","03","0","00000","2024000000","事業所","6023","事業所数","自動車整備業","5～9人","総数"
"102-2024","891","04","0","00000","2024000000","事業所","2575","事業所数","自動車整備業","10～19人","総数"
"102-2024","891","05","0","00000","2024000000","事業所","671","事業所数","自動車整備業","20～29人","総数"
"102-2024","891","06","0","00000","2024000000","事業所","332","事業所数","自動車整備業","30～49人","総数"
"102-2024","891","07","0","00000","2024000000","事業所","128","事業所数","自動車整備業","50～99人","総数"
"102-2024","891","08","0","00000","2024000000","事業所","19","事業所数","自動車整備業","100～199人","総数"
"102-2024","891","09","0","00000","2024000000","事業所","1","事業所数","自動車整備業","200～299人","総数"
"102-2024","891","10","0","00000","2024000000","事業所","***","事業所数","自動車整備業","300人以上","総数"
"102-2024","90","00","0","00000","2024000000","事業所","22177","事業所数","機械等修理業（別掲を除く）","総数","総数"
"102-2024","90","01","0","00000","2024000000","事業所","1759","事業所数","機械等修理業（別掲を除く）","0人","総数"
"102-2024","90","02","0","00000","2024000000","事業所","11362","事業所数","機械等修理業（別掲を除く）","1～4人","総数"
"102-2024","90","03","0","00000","2024000000","事業所","4309","事業所数","機械等修理業（別掲を除く）","5～9人","総数"
"102-2024","90","04","0","00000","2024000000","事業所","2615","事業所数","機械等修理業（別掲を除く）","10～19人","総数"
"102-2024","90","05","0","00000","2024000000","事業所","844","事業所数","機械等修理業（別掲を除く）","20～29人","総数"
"102-2024","90","06","0","00000","2024000000","事業所","682","事業所数","機械等修理業（別掲を除く）","30～49人","総数"
"102-2024","90","07","0","00000","2024000000","事業所","382","事業所数","機械等修理業（別掲を除く）","50～99人","総数"
"102-2024","90","08","0","00000","2024000000","事業所","151","事業所数","機械等修理業（別掲を除く）","100～199人","総数"
"102-2024","90","09","0","00000","2024000000","事業所","42","事業所数","機械等修理業（別掲を除く）","200～299人","総数"
"102-2024","90","10","0","00000","2024000000","事業所","31","事業所数","機械等修理業（別掲を除く）","300人以上","総数"
"102-2024","900","00","0","00000","2024000000","事業所","227","事業所数","管理、補助的経済活動を行う事業所（90_機械等修理業）","総数","総数"
"102-2024","900","01","0","00000","2024000000","事業所","45","事業所数","管理、補助的経済活動を行う事業所（90_機械等修理業）","0人","総数"
"102-2024","900","02","0","00000","2024000000","事業所","116","事業所数","管理、補助的経済活動を行う事業所（90_機械等修理業）","1～4人","総数"
"102-2024","900","03","0","00000","2024000000","事業所","24","事業所数","管理、補助的経済活動を行う事業所（90_機械等修理業）","5～9人","総数"
"102-2024","900","04","0","00000","2024000000","事業所","22","事業所数","管理、補助的経済活動を行う事業所（90_機械等修理業）","10～19人","総数"
"102-2024","900","05","0","00000","2024000000","事業所","6","事業所数","管理、補助的経済活動を行う事業所（90_機械等修理業）","20～29人","総数"
"102-2024","900","06","0","00000","2024000000","事業所","3","事業所数","管理、補助的経済活動を行う事業所（90_機械等修理業）","30～49人","総数"
"102-2024","900","07","0","00000","2024000000","事業所","5","事業所数","管理、補助的経済活動を行う事業所（90_機械等修理業）","50～99人","総数"
"102-2024","900","08","0","00000","2024000000","事業所","4","事業所数","管理、補助的経済活動を行う事業所（90_機械等修理業）","100～199人","総数"
"102-2024","900","09","0","00000","2024000000","事業所","***","事業所数","管理、補助的経済活動を行う事業所（90_機械等修理業）","200～299人","総数"
"102-2024","900","10","0","00000","2024000000","事業所","2","事業所数","管理、補助的経済活動を行う事業所（90_機械等修理業）","300人以上","総数"
"102-2024","901","00","0","00000","2024000000","事業所","13542","事業所数","機械修理業（電気機械器具を除く）","総数","総数"
"102-2024","901","01","0","00000","2024000000","事業所","1031","事業所数","機械修理業（電気機械器具を除く）","0人","総数"
"102-2024","901","02","0","00000","2024000000","事業所","6629","事業所数","機械修理業（電気機械器具を除く）","1～4人","総数"
"102-2024","901","03","0","00000","2024000000","事業所","2842","事業所数","機械修理業（電気機械器具を除く）","5～9人","総数"
"102-2024","901","04","0","00000","2024000000","事業所","1726","事業所数","機械修理業（電気機械器具を除く）","10～19人","総数"
"102-2024","901","05","0","00000","2024000000","事業所","536","事業所数","機械修理業（電気機械器具を除く）","20～29人","総数"
"102-2024","901","06","0","00000","2024000000","事業所","432","事業所数","機械修理業（電気機械器具を除く）","30～49人","総数"
"102-2024","901","07","0","00000","2024000000","事業所","212","事業所数","機械修理業（電気機械器具を除く）","50～99人","総数"
"102-2024","901","08","0","00000","2024000000","事業所","88","事業所数","機械修理業（電気機械器具を除く）","100～199人","総数"
"102-2024","901","09","0","00000","2024000000","事業所","28","事業所数","機械修理業（電気機械器具を除く）","200～299人","総数"
"102-2024","901","10","0","00000","2024000000","事業所","18","事業所数","機械修理業（電気機械器具を除く）","300人以上","総数"
"102-2024","902","00","0","00000","2024000000","事業所","5119","事業所数","電気機械器具修理業","総数","総数"
"102-2024","902","01","0","00000","2024000000","事業所","386","事業所数","電気機械器具修理業","0人","総数"
"102-2024","902","02","0","00000","2024000000","事業所","2412","事業所数","電気機械器具修理業","1～4人","総数"
"102-2024","902","03","0","00000","2024000000","事業所","1035","事業所数","電気機械器具修理業","5～9人","総数"
"102-2024","902","04","0","00000","2024000000","事業所","632","事業所数","電気機械器具修理業","10～19人","総数"
"102-2024","902","05","0","00000","2024000000","事業所","230","事業所数","電気機械器具修理業","20～29人","総数"
"102-2024","902","06","0","00000","2024000000","事業所","198","事業所数","電気機械器具修理業","30～49人","総数"
"102-2024","902","07","0","00000","2024000000","事業所","149","事業所数","電気機械器具修理業","50～99人","総数"
"102-2024","902","08","0","00000","2024000000","事業所","53","事業所数","電気機械器具修理業","100～199人","総数"
"102-2024","902","09","0","00000","2024000000","事業所","13","事業所数","電気機械器具修理業","200～299人","総数"
"102-2024","902","10","0","00000","2024000000","事業所","11","事業所数","電気機械器具修理業","300人以上","総数"
"102-2024","903","00","0","00000","2024000000","事業所","426","事業所数","表具業","総数","総数"
"102-2024","903","01","0","00000","2024000000","事業所","45","事業所数","表具業","0人","総数"
"102-2024","903","02","0","00000","2024000000","事業所","357","事業所数","表具業","1～4人","総数"
"102-2024","903","03","0","00000","2024000000","事業所","15","事業所数","表具業","5～9人","総数"
"102-2024","903","04","0","00000","2024000000","事業所","6","事業所数","表具業","10～19人","総数"
"102-2024","903","05","0","00000","2024000000","事業所","3","事業所数","表具業","20～29人","総数"
"102-2024","903","06","0","00000","2024000000","事業所","***","事業所数","表具業","30～49人","総数"
"102-2024","903","07","0","00000","2024000000","事業所","***","事業所数","表具業","50～99人","総数"
"102-2024","903","08","0","00000","2024000000","事業所","***","事業所数","表具業","100～199人","総数"
"102-2024","903","09","0","00000","2024000000","事業所","***","事業所数","表具業","200～299人","総数"
"102-2024","903","10","0","00000","2024000000","事業所","***","事業所数","表具業","300人以上","総数"
"102-2024","909","00","0","00000","2024000000","事業所","2861","事業所数","その他の修理業","総数","総数"
"102-2024","909","01","0","00000","2024000000","事業所","252","事業所数","その他の修理業","0人","総数"
"102-2024","909","02","0","00000","2024000000","事業所","1846","事業所数","その他の修理業","1～4人","総数"
"102-2024","909","03","0","00000","2024000000","事業所","393","事業所数","その他の修理業","5～9人","総数"
"102-2024","909","04","0","00000","2024000000","事業所","229","事業所数","その他の修理業","10～19人","総数"
"102-2024","909","05","0","00000","2024000000","事業所","69","事業所数","その他の修理業","20～29人","総数"
"102-2024","909","06","0","00000","2024000000","事業所","49","事業所数","その他の修理業","30～49人","総数"
"102-2024","909","07","0","00000","2024000000","事業所","16","事業所数","その他の修理業","50～99人","総数"
"102-2024","909","08","0","00000","2024000000","事業所","6","事業所数","その他の修理業","100～199人","総数"
"102-2024","909","09","0","00000","2024000000","事業所","1","事業所数","その他の修理業","200～299人","総数"
"102-2024","909","10","0","00000","2024000000","事業所","***","事業所数","その他の修理業","300人以上","総数"
"102-2024","91","00","0","00000","2024000000","事業所","23569","事業所数","職業紹介・労働者派遣業","総数","総数"
"102-2024","91","01","0","00000","2024000000","事業所","1292","事業所数","職業紹介・労働者派遣業","0人","総数"
"102-2024","91","02","0","00000","2024000000","事業所","7300","事業所数","職業紹介・労働者派遣業","1～4人","総数"
"102-2024","91","03","0","00000","2024000000","事業所","3584","事業所数","職業紹介・労働者派遣業","5～9人","総数"
"102-2024","91","04","0","00000","2024000000","事業所","2592","事業所数","職業紹介・労働者派遣業","10～19人","総数"
"102-2024","91","05","0","00000","2024000000","事業所","1321","事業所数","職業紹介・労働者派遣業","20～29人","総数"
"102-2024","91","06","0","00000","2024000000","事業所","1835","事業所数","職業紹介・労働者派遣業","30～49人","総数"
"102-2024","91","07","0","00000","2024000000","事業所","2222","事業所数","職業紹介・労働者派遣業","50～99人","総数"
"102-2024","91","08","0","00000","2024000000","事業所","1726","事業所数","職業紹介・労働者派遣業","100～199人","総数"
"102-2024","91","09","0","00000","2024000000","事業所","689","事業所数","職業紹介・労働者派遣業","200～299人","総数"
"102-2024","91","10","0","00000","2024000000","事業所","1008","事業所数","職業紹介・労働者派遣業","300人以上","総数"
"102-2024","910","00","0","00000","2024000000","事業所","158","事業所数","管理、補助的経済活動を行う事業所（91_職業紹介・労働者派遣業）","総数","総数"
"102-2024","910","01","0","00000","2024000000","事業所","10","事業所数","管理、補助的経済活動を行う事業所（91_職業紹介・労働者派遣業）","0人","総数"
"102-2024","910","02","0","00000","2024000000","事業所","50","事業所数","管理、補助的経済活動を行う事業所（91_職業紹介・労働者派遣業）","1～4人","総数"
"102-2024","910","03","0","00000","2024000000","事業所","28","事業所数","管理、補助的経済活動を行う事業所（91_職業紹介・労働者派遣業）","5～9人","総数"
"102-2024","910","04","0","00000","2024000000","事業所","19","事業所数","管理、補助的経済活動を行う事業所（91_職業紹介・労働者派遣業）","10～19人","総数"
"102-2024","910","05","0","00000","2024000000","事業所","11","事業所数","管理、補助的経済活動を行う事業所（91_職業紹介・労働者派遣業）","20～29人","総数"
"102-2024","910","06","0","00000","2024000000","事業所","13","事業所数","管理、補助的経済活動を行う事業所（91_職業紹介・労働者派遣業）","30～49人","総数"
"102-2024","910","07","0","00000","2024000000","事業所","16","事業所数","管理、補助的経済活動を行う事業所（91_職業紹介・労働者派遣業）","50～99人","総数"
"102-2024","910","08","0","00000","2024000000","事業所","6","事業所数","管理、補助的経済活動を行う事業所（91_職業紹介・労働者派遣業）","100～199人","総数"
"102-2024","910","09","0","00000","2024000000","事業所","1","事業所数","管理、補助的経済活動を行う事業所（91_職業紹介・労働者派遣業）","200～299人","総数"
"102-2024","910","10","0","00000","2024000000","事業所","4","事業所数","管理、補助的経済活動を行う事業所（91_職業紹介・労働者派遣業）","300人以上","総数"
"102-2024","911","00","0","00000","2024000000","事業所","8359","事業所数","職業紹介業","総数","総数"
"102-2024","911","01","0","00000","2024000000","事業所","860","事業所数","職業紹介業","0人","総数"
"102-2024","911","02","0","00000","2024000000","事業所","4244","事業所数","職業紹介業","1～4人","総数"
"102-2024","911","03","0","00000","2024000000","事業所","1685","事業所数","職業紹介業","5～9人","総数"
"102-2024","911","04","0","00000","2024000000","事業所","824","事業所数","職業紹介業","10～19人","総数"
"102-2024","911","05","0","00000","2024000000","事業所","271","事業所数","職業紹介業","20～29人","総数"
"102-2024","911","06","0","00000","2024000000","事業所","189","事業所数","職業紹介業","30～49人","総数"
"102-2024","911","07","0","00000","2024000000","事業所","169","事業所数","職業紹介業","50～99人","総数"
"102-2024","911","08","0","00000","2024000000","事業所","69","事業所数","職業紹介業","100～199人","総数"
"102-2024","911","09","0","00000","2024000000","事業所","15","事業所数","職業紹介業","200～299人","総数"
"102-2024","911","10","0","00000","2024000000","事業所","33","事業所数","職業紹介業","300人以上","総数"
"102-2024","912","00","0","00000","2024000000","事業所","15052","事業所数","労働者派遣業","総数","総数"
"102-2024","912","01","0","00000","2024000000","事業所","422","事業所数","労働者派遣業","0人","総数"
"102-2024","912","02","0","00000","2024000000","事業所","3006","事業所数","労働者派遣業","1～4人","総数"
"102-2024","912","03","0","00000","2024000000","事業所","1871","事業所数","労働者派遣業","5～9人","総数"
"102-2024","912","04","0","00000","2024000000","事業所","1749","事業所数","労働者派遣業","10～19人","総数"
"102-2024","912","05","0","00000","2024000000","事業所","1039","事業所数","労働者派遣業","20～29人","総数"
"102-2024","912","06","0","00000","2024000000","事業所","1633","事業所数","労働者派遣業","30～49人","総数"
"102-2024","912","07","0","00000","2024000000","事業所","2037","事業所数","労働者派遣業","50～99人","総数"
"102-2024","912","08","0","00000","2024000000","事業所","1651","事業所数","労働者派遣業","100～199人","総数"
"102-2024","912","09","0","00000","2024000000","事業所","673","事業所数","労働者派遣業","200～299人","総数"
"102-2024","912","10","0","00000","2024000000","事業所","971","事業所数","労働者派遣業","300人以上","総数"
"102-2024","92","00","0","00000","2024000000","事業所","96790","事業所数","その他の事業サービス業","総数","総数"
"102-2024","92","01","0","00000","2024000000","事業所","9238","事業所数","その他の事業サービス業","0人","総数"
"102-2024","92","02","0","00000","2024000000","事業所","34178","事業所数","その他の事業サービス業","1～4人","総数"
"102-2024","92","03","0","00000","2024000000","事業所","15044","事業所数","その他の事業サービス業","5～9人","総数"
"102-2024","92","04","0","00000","2024000000","事業所","13364","事業所数","その他の事業サービス業","10～19人","総数"
"102-2024","92","05","0","00000","2024000000","事業所","6698","事業所数","その他の事業サービス業","20～29人","総数"
"102-2024","92","06","0","00000","2024000000","事業所","7149","事業所数","その他の事業サービス業","30～49人","総数"
"102-2024","92","07","0","00000","2024000000","事業所","5677","事業所数","その他の事業サービス業","50～99人","総数"
"102-2024","92","08","0","00000","2024000000","事業所","3310","事業所数","その他の事業サービス業","100～199人","総数"
"102-2024","92","09","0","00000","2024000000","事業所","979","事業所数","その他の事業サービス業","200～299人","総数"
"102-2024","92","10","0","00000","2024000000","事業所","1153","事業所数","その他の事業サービス業","300人以上","総数"
"102-2024","920","00","0","00000","2024000000","事業所","656","事業所数","管理、補助的経済活動を行う事業所（92_その他の事業サービス業）","総数","総数"
"102-2024","920","01","0","00000","2024000000","事業所","66","事業所数","管理、補助的経済活動を行う事業所（92_その他の事業サービス業）","0人","総数"
"102-2024","920","02","0","00000","2024000000","事業所","255","事業所数","管理、補助的経済活動を行う事業所（92_その他の事業サービス業）","1～4人","総数"
"102-2024","920","03","0","00000","2024000000","事業所","117","事業所数","管理、補助的経済活動を行う事業所（92_その他の事業サービス業）","5～9人","総数"
"102-2024","920","04","0","00000","2024000000","事業所","76","事業所数","管理、補助的経済活動を行う事業所（92_その他の事業サービス業）","10～19人","総数"
"102-2024","920","05","0","00000","2024000000","事業所","43","事業所数","管理、補助的経済活動を行う事業所（92_その他の事業サービス業）","20～29人","総数"
"102-2024","920","06","0","00000","2024000000","事業所","32","事業所数","管理、補助的経済活動を行う事業所（92_その他の事業サービス業）","30～49人","総数"
"102-2024","920","07","0","00000","2024000000","事業所","41","事業所数","管理、補助的経済活動を行う事業所（92_その他の事業サービス業）","50～99人","総数"
"102-2024","920","08","0","00000","2024000000","事業所","19","事業所数","管理、補助的経済活動を行う事業所（92_その他の事業サービス業）","100～199人","総数"
"102-2024","920","09","0","00000","2024000000","事業所","4","事業所数","管理、補助的経済活動を行う事業所（92_その他の事業サービス業）","200～299人","総数"
"102-2024","920","10","0","00000","2024000000","事業所","3","事業所数","管理、補助的経済活動を行う事業所（92_その他の事業サービス業）","300人以上","総数"
"102-2024","921","00","0","00000","2024000000","事業所","1211","事業所数","速記・ワープロ入力・複写業","総数","総数"
"102-2024","921","01","0","00000","2024000000","事業所","129","事業所数","速記・ワープロ入力・複写業","0人","総数"
"102-2024","921","02","0","00000","2024000000","事業所","602","事業所数","速記・ワープロ入力・複写業","1～4人","総数"
"102-2024","921","03","0","00000","2024000000","事業所","239","事業所数","速記・ワープロ入力・複写業","5～9人","総数"
"102-2024","921","04","0","00000","2024000000","事業所","152","事業所数","速記・ワープロ入力・複写業","10～19人","総数"
"102-2024","921","05","0","00000","2024000000","事業所","52","事業所数","速記・ワープロ入力・複写業","20～29人","総数"
"102-2024","921","06","0","00000","2024000000","事業所","29","事業所数","速記・ワープロ入力・複写業","30～49人","総数"
"102-2024","921","07","0","00000","2024000000","事業所","7","事業所数","速記・ワープロ入力・複写業","50～99人","総数"
"102-2024","921","08","0","00000","2024000000","事業所","1","事業所数","速記・ワープロ入力・複写業","100～199人","総数"
"102-2024","921","09","0","00000","2024000000","事業所","***","事業所数","速記・ワープロ入力・複写業","200～299人","総数"
"102-2024","921","10","0","00000","2024000000","事業所","***","事業所数","速記・ワープロ入力・複写業","300人以上","総数"
"102-2024","922","00","0","00000","2024000000","事業所","25875","事業所数","建物等維持管理業","総数","総数"
"102-2024","922","01","0","00000","2024000000","事業所","1559","事業所数","建物等維持管理業","0人","総数"
"102-2024","922","02","0","00000","2024000000","事業所","8426","事業所数","建物等維持管理業","1～4人","総数"
"102-2024","922","03","0","00000","2024000000","事業所","4104","事業所数","建物等維持管理業","5～9人","総数"
"102-2024","922","04","0","00000","2024000000","事業所","3735","事業所数","建物等維持管理業","10～19人","総数"
"102-2024","922","05","0","00000","2024000000","事業所","1871","事業所数","建物等維持管理業","20～29人","総数"
"102-2024","922","06","0","00000","2024000000","事業所","2107","事業所数","建物等維持管理業","30～49人","総数"
"102-2024","922","07","0","00000","2024000000","事業所","1865","事業所数","建物等維持管理業","50～99人","総数"
"102-2024","922","08","0","00000","2024000000","事業所","1250","事業所数","建物等維持管理業","100～199人","総数"
"102-2024","922","09","0","00000","2024000000","事業所","456","事業所数","建物等維持管理業","200～299人","総数"
"102-2024","922","10","0","00000","2024000000","事業所","502","事業所数","建物等維持管理業","300人以上","総数"
"102-2024","92A","00","0","00000","2024000000","事業所","13201","事業所数","ビルメンテナンス業","総数","総数"
"102-2024","92A","01","0","00000","2024000000","事業所","532","事業所数","ビルメンテナンス業","0人","総数"
"102-2024","92A","02","0","00000","2024000000","事業所","3836","事業所数","ビルメンテナンス業","1～4人","総数"
"102-2024","92A","03","0","00000","2024000000","事業所","1898","事業所数","ビルメンテナンス業","5～9人","総数"
"102-2024","92A","04","0","00000","2024000000","事業所","1889","事業所数","ビルメンテナンス業","10～19人","総数"
"102-2024","92A","05","0","00000","2024000000","事業所","991","事業所数","ビルメンテナンス業","20～29人","総数"
"102-2024","92A","06","0","00000","2024000000","事業所","1146","事業所数","ビルメンテナンス業","30～49人","総数"
"102-2024","92A","07","0","00000","2024000000","事業所","1191","事業所数","ビルメンテナンス業","50～99人","総数"
"102-2024","92A","08","0","00000","2024000000","事業所","939","事業所数","ビルメンテナンス業","100～199人","総数"
"102-2024","92A","09","0","00000","2024000000","事業所","370","事業所数","ビルメンテナンス業","200～299人","総数"
"102-2024","92A","10","0","00000","2024000000","事業所","409","事業所数","ビルメンテナンス業","300人以上","総数"
"102-2024","92B","00","0","00000","2024000000","事業所","12674","事業所数","その他の建物等維持管理業","総数","総数"
"102-2024","92B","01","0","00000","2024000000","事業所","1027","事業所数","その他の建物等維持管理業","0人","総数"
"102-2024","92B","02","0","00000","2024000000","事業所","4590","事業所数","その他の建物等維持管理業","1～4人","総数"
"102-2024","92B","03","0","00000","2024000000","事業所","2206","事業所数","その他の建物等維持管理業","5～9人","総数"
"102-2024","92B","04","0","00000","2024000000","事業所","1846","事業所数","その他の建物等維持管理業","10～19人","総数"
"102-2024","92B","05","0","00000","2024000000","事業所","880","事業所数","その他の建物等維持管理業","20～29人","総数"
"102-2024","92B","06","0","00000","2024000000","事業所","961","事業所数","その他の建物等維持管理業","30～49人","総数"
"102-2024","92B","07","0","00000","2024000000","事業所","674","事業所数","その他の建物等維持管理業","50～99人","総数"
"102-2024","92B","08","0","00000","2024000000","事業所","311","事業所数","その他の建物等維持管理業","100～199人","総数"
"102-2024","92B","09","0","00000","2024000000","事業所","86","事業所数","その他の建物等維持管理業","200～299人","総数"
"102-2024","92B","10","0","00000","2024000000","事業所","93","事業所数","その他の建物等維持管理業","300人以上","総数"
"102-2024","923","00","0","00000","2024000000","事業所","9975","事業所数","警備業","総数","総数"
"102-2024","923","01","0","00000","2024000000","事業所","135","事業所数","警備業","0人","総数"
"102-2024","923","02","0","00000","2024000000","事業所","1424","事業所数","警備業","1～4人","総数"
"102-2024","923","03","0","00000","2024000000","事業所","1344","事業所数","警備業","5～9人","総数"
"102-2024","923","04","0","00000","2024000000","事業所","1962","事業所数","警備業","10～19人","総数"
"102-2024","923","05","0","00000","2024000000","事業所","1326","事業所数","警備業","20～29人","総数"
"102-2024","923","06","0","00000","2024000000","事業所","1541","事業所数","警備業","30～49人","総数"
"102-2024","923","07","0","00000","2024000000","事業所","1215","事業所数","警備業","50～99人","総数"
"102-2024","923","08","0","00000","2024000000","事業所","697","事業所数","警備業","100～199人","総数"
"102-2024","923","09","0","00000","2024000000","事業所","175","事業所数","警備業","200～299人","総数"
"102-2024","923","10","0","00000","2024000000","事業所","156","事業所数","警備業","300人以上","総数"
"102-2024","929","00","0","00000","2024000000","事業所","59073","事業所数","他に分類されない事業サービス業","総数","総数"
"102-2024","929","01","0","00000","2024000000","事業所","7349","事業所数","他に分類されない事業サービス業","0人","総数"
"102-2024","929","02","0","00000","2024000000","事業所","23471","事業所数","他に分類されない事業サービス業","1～4人","総数"
"102-2024","929","03","0","00000","2024000000","事業所","9240","事業所数","他に分類されない事業サービス業","5～9人","総数"
"102-2024","929","04","0","00000","2024000000","事業所","7439","事業所数","他に分類されない事業サービス業","10～19人","総数"
"102-2024","929","05","0","00000","2024000000","事業所","3406","事業所数","他に分類されない事業サービス業","20～29人","総数"
"102-2024","929","06","0","00000","2024000000","事業所","3440","事業所数","他に分類されない事業サービス業","30～49人","総数"
"102-2024","929","07","0","00000","2024000000","事業所","2549","事業所数","他に分類されない事業サービス業","50～99人","総数"
"102-2024","929","08","0","00000","2024000000","事業所","1343","事業所数","他に分類されない事業サービス業","100～199人","総数"
"102-2024","929","09","0","00000","2024000000","事業所","344","事業所数","他に分類されない事業サービス業","200～299人","総数"
"102-2024","929","10","0","00000","2024000000","事業所","492","事業所数","他に分類されない事業サービス業","300人以上","総数"
"102-2024","95","00","0","00000","2024000000","事業所","4454","事業所数","その他のサービス業","総数","総数"
"102-2024","95","01","0","00000","2024000000","事業所","145","事業所数","その他のサービス業","0人","総数"
"102-2024","95","02","0","00000","2024000000","事業所","1838","事業所数","その他のサービス業","1～4人","総数"
"102-2024","95","03","0","00000","2024000000","事業所","1233","事業所数","その他のサービス業","5～9人","総数"
"102-2024","95","04","0","00000","2024000000","事業所","821","事業所数","その他のサービス業","10～19人","総数"
"102-2024","95","05","0","00000","2024000000","事業所","200","事業所数","その他のサービス業","20～29人","総数"
"102-2024","95","06","0","00000","2024000000","事業所","142","事業所数","その他のサービス業","30～49人","総数"
"102-2024","95","07","0","00000","2024000000","事業所","58","事業所数","その他のサービス業","50～99人","総数"
"102-2024","95","08","0","00000","2024000000","事業所","13","事業所数","その他のサービス業","100～199人","総数"
"102-2024","95","09","0","00000","2024000000","事業所","4","事業所数","その他のサービス業","200～299人","総数"
"102-2024","95","10","0","00000","2024000000","事業所","***","事業所数","その他のサービス業","300人以上","総数"
"102-2024","950","00","0","00000","2024000000","事業所","27","事業所数","管理、補助的経済活動を行う事業所（95_その他のサービス業）","総数","総数"
"102-2024","950","01","0","00000","2024000000","事業所","***","事業所数","管理、補助的経済活動を行う事業所（95_その他のサービス業）","0人","総数"
"102-2024","950","02","0","00000","2024000000","事業所","14","事業所数","管理、補助的経済活動を行う事業所（95_その他のサービス業）","1～4人","総数"
"102-2024","950","03","0","00000","2024000000","事業所","6","事業所数","管理、補助的経済活動を行う事業所（95_その他のサービス業）","5～9人","総数"
"102-2024","950","04","0","00000","2024000000","事業所","5","事業所数","管理、補助的経済活動を行う事業所（95_その他のサービス業）","10～19人","総数"
"102-2024","950","05","0","00000","2024000000","事業所","***","事業所数","管理、補助的経済活動を行う事業所（95_その他のサービス業）","20～29人","総数"
"102-2024","950","06","0","00000","2024000000","事業所","2","事業所数","管理、補助的経済活動を行う事業所（95_その他のサービス業）","30～49人","総数"
"102-2024","950","07","0","00000","2024000000","事業所","***","事業所数","管理、補助的経済活動を行う事業所（95_その他のサービス業）","50～99人","総数"
"102-2024","950","08","0","00000","2024000000","事業所","***","事業所数","管理、補助的経済活動を行う事業所（95_その他のサービス業）","100～199人","総数"
"102-2024","950","09","0","00000","2024000000","事業所","***","事業所数","管理、補助的経済活動を行う事業所（95_その他のサービス業）","200～299人","総数"
"102-2024","950","10","0","00000","2024000000","事業所","***","事業所数","管理、補助的経済活動を行う事業所（95_その他のサービス業）","300人以上","総数"
"102-2024","951","00","0","00000","2024000000","事業所","3991","事業所数","集会場","総数","総数"
"102-2024","951","01","0","00000","2024000000","事業所","134","事業所数","集会場","0人","総数"
"102-2024","951","02","0","00000","2024000000","事業所","1645","事業所数","集会場","1～4人","総数"
"102-2024","951","03","0","00000","2024000000","事業所","1123","事業所数","集会場","5～9人","総数"
"102-2024","951","04","0","00000","2024000000","事業所","752","事業所数","集会場","10～19人","総数"
"102-2024","951","05","0","00000","2024000000","事業所","169","事業所数","集会場","20～29人","総数"
"102-2024","951","06","0","00000","2024000000","事業所","116","事業所数","集会場","30～49人","総数"
"102-2024","951","07","0","00000","2024000000","事業所","43","事業所数","集会場","50～99人","総数"
"102-2024","951","08","0","00000","2024000000","事業所","8","事業所数","集会場","100～199人","総数"
"102-2024","951","09","0","00000","2024000000","事業所","1","事業所数","集会場","200～299人","総数"
"102-2024","951","10","0","00000","2024000000","事業所","***","事業所数","集会場","300人以上","総数"
"102-2024","952","00","0","00000","2024000000","事業所","81","事業所数","と畜場","総数","総数"
"102-2024","952","01","0","00000","2024000000","事業所","3","事業所数","と畜場","0人","総数"
"102-2024","952","02","0","00000","2024000000","事業所","12","事業所数","と畜場","1～4人","総数"
"102-2024","952","03","0","00000","2024000000","事業所","6","事業所数","と畜場","5～9人","総数"
"102-2024","952","04","0","00000","2024000000","事業所","21","事業所数","と畜場","10～19人","総数"
"102-2024","952","05","0","00000","2024000000","事業所","15","事業所数","と畜場","20～29人","総数"
"102-2024","952","06","0","00000","2024000000","事業所","14","事業所数","と畜場","30～49人","総数"
"102-2024","952","07","0","00000","2024000000","事業所","7","事業所数","と畜場","50～99人","総数"
"102-2024","952","08","0","00000","2024000000","事業所","3","事業所数","と畜場","100～199人","総数"
"102-2024","952","09","0","00000","2024000000","事業所","***","事業所数","と畜場","200～299人","総数"
"102-2024","952","10","0","00000","2024000000","事業所","***","事業所数","と畜場","300人以上","総数"
"102-2024","959","00","0","00000","2024000000","事業所","355","事業所数","他に分類されないサービス業","総数","総数"
"102-2024","959","01","0","00000","2024000000","事業所","8","事業所数","他に分類されないサービス業","0人","総数"
"102-2024","959","02","0","00000","2024000000","事業所","167","事業所数","他に分類されないサービス業","1～4人","総数"
"102-2024","959","03","0","00000","2024000000","事業所","98","事業所数","他に分類されないサービス業","5～9人","総数"
"102-2024","959","04","0","00000","2024000000","事業所","43","事業所数","他に分類されないサービス業","10～19人","総数"
"102-2024","959","05","0","00000","2024000000","事業所","16","事業所数","他に分類されないサービス業","20～29人","総数"
"102-2024","959","06","0","00000","2024000000","事業所","10","事業所数","他に分類されないサービス業","30～49人","総数"
"102-2024","959","07","0","00000","2024000000","事業所","8","事業所数","他に分類されないサービス業","50～99人","総数"
"102-2024","959","08","0","00000","2024000000","事業所","2","事業所数","他に分類されないサービス業","100～199人","総数"
"102-2024","959","09","0","00000","2024000000","事業所","3","事業所数","他に分類されないサービス業","200～299人","総数"
"102-2024","959","10","0","00000","2024000000","事業所","***","事業所数","他に分類されないサービス業","300人以上","総数"
