"@tab","@cat01","@cat02","@cat03","@cat04","@cat05","@area","@time","$","tabname","cat01name","cat02name","cat03name","cat04name","cat05name"
"004","000","000","000","001","001","00000","2009000000","47843039","従業者数　総数","総数","民営","総数","うち常用雇用者","A～R全産業（Ｓ公務を除く）"
"004","000","000","000","001","002","00000","2009000000","241642","従業者数　総数","総数","民営","総数","うち常用雇用者","A～B農林漁業"
"004","000","000","000","001","003","00000","2009000000","207495","従業者数　総数","総数","民営","総数","うち常用雇用者","A農業，林業"
"004","000","000","000","001","004","00000","2009000000","172745","従業者数　総数","総数","民営","総数","うち常用雇用者","01農業"
"004","000","000","000","001","010","00000","2009000000","34750","従業者数　総数","総数","民営","総数","うち常用雇用者","02林業"
"004","000","000","000","001","017","00000","2009000000","34147","従業者数　総数","総数","民営","総数","うち常用雇用者","B漁業"
"004","000","000","000","001","018","00000","2009000000","23567","従業者数　総数","総数","民営","総数","うち常用雇用者","03漁業（水産養殖業を除く）"
"004","000","000","000","001","022","00000","2009000000","10580","従業者数　総数","総数","民営","総数","うち常用雇用者","04水産養殖業"
"004","000","000","000","001","027","00000","2009000000","47601397","従業者数　総数","総数","民営","総数","うち常用雇用者","C～R非農林漁業（Ｓ公務を除く）"
"004","000","000","000","001","028","00000","2009000000","24816","従業者数　総数","総数","民営","総数","うち常用雇用者","C鉱業，採石業，砂利採取業"
"004","000","000","000","001","029","00000","2009000000","24816","従業者数　総数","総数","民営","総数","うち常用雇用者","05鉱業，採石業，砂利採取業"
"004","000","000","000","001","037","00000","2009000000","3134433","従業者数　総数","総数","民営","総数","うち常用雇用者","D建設業"
"004","000","000","000","001","038","00000","2009000000","1436780","従業者数　総数","総数","民営","総数","うち常用雇用者","06総合工事業"
"004","000","000","000","001","046","00000","2009000000","694929","従業者数　総数","総数","民営","総数","うち常用雇用者","07職別工事業（設備工事業を除く）"
"004","000","000","000","001","059","00000","2009000000","1002724","従業者数　総数","総数","民営","総数","うち常用雇用者","08設備工事業"
"004","000","000","000","001","066","00000","2009000000","8677008","従業者数　総数","総数","民営","総数","うち常用雇用者","E製造業"
"004","000","000","000","001","067","00000","2009000000","1133352","従業者数　総数","総数","民営","総数","うち常用雇用者","09食料品製造業"
"004","000","000","000","001","078","00000","2009000000","117169","従業者数　総数","総数","民営","総数","うち常用雇用者","10飲料・たばこ・飼料製造業"
"004","000","000","000","001","086","00000","2009000000","388451","従業者数　総数","総数","民営","総数","うち常用雇用者","11繊維工業"
"004","000","000","000","001","097","00000","2009000000","109832","従業者数　総数","総数","民営","総数","うち常用雇用者","12木材・木製品製造業（家具を除く）"
"004","000","000","000","001","103","00000","2009000000","136780","従業者数　総数","総数","民営","総数","うち常用雇用者","13家具・装備品製造業"
"004","000","000","000","001","109","00000","2009000000","214034","従業者数　総数","総数","民営","総数","うち常用雇用者","14パルプ・紙・紙加工品製造業"
"004","000","000","000","001","117","00000","2009000000","372141","従業者数　総数","総数","民営","総数","うち常用雇用者","15印刷・同関連業"
"004","000","000","000","001","123","00000","2009000000","460535","従業者数　総数","総数","民営","総数","うち常用雇用者","16化学工業"
"004","000","000","000","001","132","00000","2009000000","32329","従業者数　総数","総数","民営","総数","うち常用雇用者","17石油製品・石炭製品製造業"
"004","000","000","000","001","139","00000","2009000000","389510","従業者数　総数","総数","民営","総数","うち常用雇用者","18プラスチック製品製造業"
"004","000","000","000","001","147","00000","2009000000","140803","従業者数　総数","総数","民営","総数","うち常用雇用者","19ゴム製品製造業"
"004","000","000","000","001","153","00000","2009000000","34106","従業者数　総数","総数","民営","総数","うち常用雇用者","20なめし革・同製品・毛皮製造業"
"004","000","000","000","001","164","00000","2009000000","279796","従業者数　総数","総数","民営","総数","うち常用雇用者","21窯業・土石製品製造業"
"004","000","000","000","001","175","00000","2009000000","218526","従業者数　総数","総数","民営","総数","うち常用雇用者","22鉄鋼業"
"004","000","000","000","001","183","00000","2009000000","144176","従業者数　総数","総数","民営","総数","うち常用雇用者","23非鉄金属製造業"
"004","000","000","000","001","191","00000","2009000000","659052","従業者数　総数","総数","民営","総数","うち常用雇用者","24金属製品製造業"
"004","000","000","000","001","202","00000","2009000000","382242","従業者数　総数","総数","民営","総数","うち常用雇用者","25はん用機械器具製造業"
"004","000","000","000","001","208","00000","2009000000","570414","従業者数　総数","総数","民営","総数","うち常用雇用者","26生産用機械器具製造業"
"004","000","000","000","001","218","00000","2009000000","269049","従業者数　総数","総数","民営","総数","うち常用雇用者","27業務用機械器具製造業"
"004","000","000","000","001","226","00000","2009000000","548353","従業者数　総数","総数","民営","総数","うち常用雇用者","28電子部品・デバイス・電子回路製造業"
"004","000","000","000","001","234","00000","2009000000","541432","従業者数　総数","総数","民営","総数","うち常用雇用者","29電気機械器具製造業"
"004","000","000","000","001","244","00000","2009000000","317997","従業者数　総数","総数","民営","総数","うち常用雇用者","30情報通信機械器具製造業"
"004","000","000","000","001","249","00000","2009000000","994823","従業者数　総数","総数","民営","総数","うち常用雇用者","31輸送用機械器具製造業"
"004","000","000","000","001","257","00000","2009000000","222106","従業者数　総数","総数","民営","総数","うち常用雇用者","32その他の製造業"
"004","000","000","000","001","272","00000","2009000000","205321","従業者数　総数","総数","民営","総数","うち常用雇用者","F電気・ガス・熱供給・水道業"
"004","000","000","000","001","273","00000","2009000000","144555","従業者数　総数","総数","民営","総数","うち常用雇用者","33電気業"
"004","000","000","000","001","276","00000","2009000000","34952","従業者数　総数","総数","民営","総数","うち常用雇用者","34ガス業"
"004","000","000","000","001","279","00000","2009000000","2381","従業者数　総数","総数","民営","総数","うち常用雇用者","35熱供給業"
"004","000","000","000","001","282","00000","2009000000","23433","従業者数　総数","総数","民営","総数","うち常用雇用者","36水道業"
"004","000","000","000","001","287","00000","2009000000","1573529","従業者数　総数","総数","民営","総数","うち常用雇用者","G情報通信業"
"004","000","000","000","001","288","00000","2009000000","185179","従業者数　総数","総数","民営","総数","うち常用雇用者","37通信業"
"004","000","000","000","001","293","00000","2009000000","65753","従業者数　総数","総数","民営","総数","うち常用雇用者","38放送業"
"004","000","000","000","001","298","00000","2009000000","1026446","従業者数　総数","総数","民営","総数","うち常用雇用者","39情報サービス業"
"004","000","000","000","001","305","00000","2009000000","54028","従業者数　総数","総数","民営","総数","うち常用雇用者","40インターネット附随サービス業"
"004","000","000","000","001","308","00000","2009000000","242123","従業者数　総数","総数","民営","総数","うち常用雇用者","41映像・音声・文字情報制作業"
"004","000","000","000","001","318","00000","2009000000","3239090","従業者数　総数","総数","民営","総数","うち常用雇用者","H運輸業，郵便業"
"004","000","000","000","001","319","00000","2009000000","251560","従業者数　総数","総数","民営","総数","うち常用雇用者","42鉄道業"
"004","000","000","000","001","322","00000","2009000000","553246","従業者数　総数","総数","民営","総数","うち常用雇用者","43道路旅客運送業"
"004","000","000","000","001","328","00000","2009000000","1585251","従業者数　総数","総数","民営","総数","うち常用雇用者","44道路貨物運送業"
"004","000","000","000","001","335","00000","2009000000","45273","従業者数　総数","総数","民営","総数","うち常用雇用者","45水運業"
"004","000","000","000","001","341","00000","2009000000","52386","従業者数　総数","総数","民営","総数","うち常用雇用者","46航空運輸業"
"004","000","000","000","001","345","00000","2009000000","181481","従業者数　総数","総数","民営","総数","うち常用雇用者","47倉庫業"
"004","000","000","000","001","349","00000","2009000000","312374","従業者数　総数","総数","民営","総数","うち常用雇用者","48運輸に附帯するサービス業"
"004","000","000","000","001","357","00000","2009000000","257519","従業者数　総数","総数","民営","総数","うち常用雇用者","49郵便業（信書便事業を含む）"
"004","000","000","000","001","360","00000","2009000000","10222692","従業者数　総数","総数","民営","総数","うち常用雇用者","I卸売業，小売業"
"004","000","000","000","001","361","00000","2009000000","36755","従業者数　総数","総数","民営","総数","うち常用雇用者","50各種商品卸売業"
"004","000","000","000","001","366","00000","2009000000","231942","従業者数　総数","総数","民営","総数","うち常用雇用者","51繊維・衣服等卸売業"
"004","000","000","000","001","371","00000","2009000000","727161","従業者数　総数","総数","民営","総数","うち常用雇用者","52飲食料品卸売業"
"004","000","000","000","001","380","00000","2009000000","617130","従業者数　総数","総数","民営","総数","うち常用雇用者","53建築材料，鉱物・金属材料等卸売業"
"004","000","000","000","001","388","00000","2009000000","1057424","従業者数　総数","総数","民営","総数","うち常用雇用者","54機械器具卸売業"
"004","000","000","000","001","394","00000","2009000000","809445","従業者数　総数","総数","民営","総数","うち常用雇用者","55その他の卸売業"
"004","000","000","000","001","402","00000","2009000000","606116","従業者数　総数","総数","民営","総数","うち常用雇用者","56各種商品小売業"
"004","000","000","000","001","406","00000","2009000000","555966","従業者数　総数","総数","民営","総数","うち常用雇用者","57織物・衣服・身の回り品小売業"
"004","000","000","000","001","413","00000","2009000000","2515248","従業者数　総数","総数","民営","総数","うち常用雇用者","58飲食料品小売業"
"004","000","000","000","001","424","00000","2009000000","773040","従業者数　総数","総数","民営","総数","うち常用雇用者","59機械器具小売業"
"004","000","000","000","001","429","00000","2009000000","2193696","従業者数　総数","総数","民営","総数","うち常用雇用者","60その他の小売業"
"004","000","000","000","001","447","00000","2009000000","98769","従業者数　総数","総数","民営","総数","うち常用雇用者","61無店舗小売業"
"004","000","000","000","001","452","00000","2009000000","1491270","従業者数　総数","総数","民営","総数","うち常用雇用者","J金融業，保険業"
"004","000","000","000","001","453","00000","2009000000","439144","従業者数　総数","総数","民営","総数","うち常用雇用者","62銀行業"
"004","000","000","000","001","457","00000","2009000000","186425","従業者数　総数","総数","民営","総数","うち常用雇用者","63協同組織金融業"
"004","000","000","000","001","461","00000","2009000000","122881","従業者数　総数","総数","民営","総数","うち常用雇用者","64クレジットカード業等非預金信用機関"
"004","000","000","000","001","467","00000","2009000000","103659","従業者数　総数","総数","民営","総数","うち常用雇用者","65金融商品取引業，商品先物取引業"
"004","000","000","000","001","471","00000","2009000000","27323","従業者数　総数","総数","民営","総数","うち常用雇用者","66補助的金融業等"
"004","000","000","000","001","476","00000","2009000000","611838","従業者数　総数","総数","民営","総数","うち常用雇用者","67保険業（保険媒介代理業等を含む）"
"004","000","000","000","001","483","00000","2009000000","918840","従業者数　総数","総数","民営","総数","うち常用雇用者","K不動産業，物品賃貸業"
"004","000","000","000","001","484","00000","2009000000","241647","従業者数　総数","総数","民営","総数","うち常用雇用者","68不動産取引業"
"004","000","000","000","001","488","00000","2009000000","411522","従業者数　総数","総数","民営","総数","うち常用雇用者","69不動産賃貸業・管理業"
"004","000","000","000","001","494","00000","2009000000","265671","従業者数　総数","総数","民営","総数","うち常用雇用者","70物品賃貸業"
"004","000","000","000","001","504","00000","2009000000","1400911","従業者数　総数","総数","民営","総数","うち常用雇用者","L学術研究，専門・技術サービス業"
"004","000","000","000","001","505","00000","2009000000","254408","従業者数　総数","総数","民営","総数","うち常用雇用者","71学術・開発研究機関"
"004","000","000","000","001","509","00000","2009000000","436999","従業者数　総数","総数","民営","総数","うち常用雇用者","72専門サービス業"
"004","000","000","000","001","528","00000","2009000000","110167","従業者数　総数","総数","民営","総数","うち常用雇用者","73広告業"
"004","000","000","000","001","531","00000","2009000000","599337","従業者数　総数","総数","民営","総数","うち常用雇用者","74技術サービス業"
"004","000","000","000","001","543","00000","2009000000","4306399","従業者数　総数","総数","民営","総数","うち常用雇用者","M宿泊業，飲食サービス業"
"004","000","000","000","001","544","00000","2009000000","599600","従業者数　総数","総数","民営","総数","うち常用雇用者","75宿泊業"
"004","000","000","000","001","552","00000","2009000000","3263830","従業者数　総数","総数","民営","総数","うち常用雇用者","76飲食店"
"004","000","000","000","001","569","00000","2009000000","442969","従業者数　総数","総数","民営","総数","うち常用雇用者","77持ち帰り・配達飲食サービス業"
"004","000","000","000","001","573","00000","2009000000","1964375","従業者数　総数","総数","民営","総数","うち常用雇用者","N生活関連サービス業，娯楽業"
"004","000","000","000","001","574","00000","2009000000","801332","従業者数　総数","総数","民営","総数","うち常用雇用者","78洗濯・理容・美容・浴場業"
"004","000","000","000","001","584","00000","2009000000","336512","従業者数　総数","総数","民営","総数","うち常用雇用者","79その他の生活関連サービス業"
"004","000","000","000","001","597","00000","2009000000","826531","従業者数　総数","総数","民営","総数","うち常用雇用者","80娯楽業"
"004","000","000","000","001","620","00000","2009000000","1404782","従業者数　総数","総数","民営","総数","うち常用雇用者","O教育，学習支援業"
"004","000","000","000","001","621","00000","2009000000","857067","従業者数　総数","総数","民営","総数","うち常用雇用者","81学校教育"
"004","000","000","000","001","631","00000","2009000000","547715","従業者数　総数","総数","民営","総数","うち常用雇用者","82その他の教育，学習支援業"
"004","000","000","000","001","650","00000","2009000000","4907854","従業者数　総数","総数","民営","総数","うち常用雇用者","P医療，福祉"
"004","000","000","000","001","651","00000","2009000000","2763147","従業者数　総数","総数","民営","総数","うち常用雇用者","83医療業"
"004","000","000","000","001","663","00000","2009000000","44579","従業者数　総数","総数","民営","総数","うち常用雇用者","84保健衛生"
"004","000","000","000","001","668","00000","2009000000","2100128","従業者数　総数","総数","民営","総数","うち常用雇用者","85社会保険・社会福祉・介護事業"
"004","000","000","000","001","687","00000","2009000000","371046","従業者数　総数","総数","民営","総数","うち常用雇用者","Q複合サービス事業"
"004","000","000","000","001","688","00000","2009000000","164498","従業者数　総数","総数","民営","総数","うち常用雇用者","86郵便局"
"004","000","000","000","001","692","00000","2009000000","206548","従業者数　総数","総数","民営","総数","うち常用雇用者","87協同組合（他に分類されないもの）"
"004","000","000","000","001","696","00000","2009000000","3759031","従業者数　総数","総数","民営","総数","うち常用雇用者","Rサービス業（他に分類されないもの）"
"004","000","000","000","001","697","00000","2009000000","216638","従業者数　総数","総数","民営","総数","うち常用雇用者","88廃棄物処理業"
"004","000","000","000","001","702","00000","2009000000","183163","従業者数　総数","総数","民営","総数","うち常用雇用者","89自動車整備業"
"004","000","000","000","001","705","00000","2009000000","226101","従業者数　総数","総数","民営","総数","うち常用雇用者","90機械等修理業（別掲を除く）"
"004","000","000","000","001","711","00000","2009000000","727160","従業者数　総数","総数","民営","総数","うち常用雇用者","91職業紹介・労働者派遣業"
"004","000","000","000","001","715","00000","2009000000","1992181","従業者数　総数","総数","民営","総数","うち常用雇用者","92その他の事業サービス業"
"004","000","000","000","001","721","00000","2009000000","230806","従業者数　総数","総数","民営","総数","うち常用雇用者","93政治・経済・文化団体"
"004","000","000","000","001","727","00000","2009000000","161823","従業者数　総数","総数","民営","総数","うち常用雇用者","94宗教"
"004","000","000","000","001","732","00000","2009000000","21159","従業者数　総数","総数","民営","総数","うち常用雇用者","95その他のサービス業"
"004","002","000","000","001","001","00000","2009000000","4803095","従業者数　総数","1～4人","民営","総数","うち常用雇用者","A～R全産業（Ｓ公務を除く）"
"004","002","000","000","001","002","00000","2009000000","31351","従業者数　総数","1～4人","民営","総数","うち常用雇用者","A～B農林漁業"
"004","002","000","000","001","003","00000","2009000000","27940","従業者数　総数","1～4人","民営","総数","うち常用雇用者","A農業，林業"
"004","002","000","000","001","004","00000","2009000000","25672","従業者数　総数","1～4人","民営","総数","うち常用雇用者","01農業"
"004","002","000","000","001","010","00000","2009000000","2268","従業者数　総数","1～4人","民営","総数","うち常用雇用者","02林業"
"004","002","000","000","001","017","00000","2009000000","3411","従業者数　総数","1～4人","民営","総数","うち常用雇用者","B漁業"
"004","002","000","000","001","018","00000","2009000000","999","従業者数　総数","1～4人","民営","総数","うち常用雇用者","03漁業（水産養殖業を除く）"
"004","002","000","000","001","022","00000","2009000000","2412","従業者数　総数","1～4人","民営","総数","うち常用雇用者","04水産養殖業"
"004","002","000","000","001","027","00000","2009000000","4771744","従業者数　総数","1～4人","民営","総数","うち常用雇用者","C～R非農林漁業（Ｓ公務を除く）"
"004","002","000","000","001","028","00000","2009000000","2565","従業者数　総数","1～4人","民営","総数","うち常用雇用者","C鉱業，採石業，砂利採取業"
"004","002","000","000","001","029","00000","2009000000","2565","従業者数　総数","1～4人","民営","総数","うち常用雇用者","05鉱業，採石業，砂利採取業"
"004","002","000","000","001","037","00000","2009000000","563215","従業者数　総数","1～4人","民営","総数","うち常用雇用者","D建設業"
"004","002","000","000","001","038","00000","2009000000","221505","従業者数　総数","1～4人","民営","総数","うち常用雇用者","06総合工事業"
"004","002","000","000","001","046","00000","2009000000","185017","従業者数　総数","1～4人","民営","総数","うち常用雇用者","07職別工事業（設備工事業を除く）"
"004","002","000","000","001","059","00000","2009000000","156693","従業者数　総数","1～4人","民営","総数","うち常用雇用者","08設備工事業"
"004","002","000","000","001","066","00000","2009000000","426358","従業者数　総数","1～4人","民営","総数","うち常用雇用者","E製造業"
"004","002","000","000","001","067","00000","2009000000","36653","従業者数　総数","1～4人","民営","総数","うち常用雇用者","09食料品製造業"
"004","002","000","000","001","078","00000","2009000000","7600","従業者数　総数","1～4人","民営","総数","うち常用雇用者","10飲料・たばこ・飼料製造業"
"004","002","000","000","001","086","00000","2009000000","41811","従業者数　総数","1～4人","民営","総数","うち常用雇用者","11繊維工業"
"004","002","000","000","001","097","00000","2009000000","13995","従業者数　総数","1～4人","民営","総数","うち常用雇用者","12木材・木製品製造業（家具を除く）"
"004","002","000","000","001","103","00000","2009000000","22171","従業者数　総数","1～4人","民営","総数","うち常用雇用者","13家具・装備品製造業"
"004","002","000","000","001","109","00000","2009000000","9552","従業者数　総数","1～4人","民営","総数","うち常用雇用者","14パルプ・紙・紙加工品製造業"
"004","002","000","000","001","117","00000","2009000000","34956","従業者数　総数","1～4人","民営","総数","うち常用雇用者","15印刷・同関連業"
"004","002","000","000","001","123","00000","2009000000","5713","従業者数　総数","1～4人","民営","総数","うち常用雇用者","16化学工業"
"004","002","000","000","001","132","00000","2009000000","1593","従業者数　総数","1～4人","民営","総数","うち常用雇用者","17石油製品・石炭製品製造業"
"004","002","000","000","001","139","00000","2009000000","19039","従業者数　総数","1～4人","民営","総数","うち常用雇用者","18プラスチック製品製造業"
"004","002","000","000","001","147","00000","2009000000","4622","従業者数　総数","1～4人","民営","総数","うち常用雇用者","19ゴム製品製造業"
"004","002","000","000","001","153","00000","2009000000","5824","従業者数　総数","1～4人","民営","総数","うち常用雇用者","20なめし革・同製品・毛皮製造業"
"004","002","000","000","001","164","00000","2009000000","16169","従業者数　総数","1～4人","民営","総数","うち常用雇用者","21窯業・土石製品製造業"
"004","002","000","000","001","175","00000","2009000000","4597","従業者数　総数","1～4人","民営","総数","うち常用雇用者","22鉄鋼業"
"004","002","000","000","001","183","00000","2009000000","3874","従業者数　総数","1～4人","民営","総数","うち常用雇用者","23非鉄金属製造業"
"004","002","000","000","001","191","00000","2009000000","59734","従業者数　総数","1～4人","民営","総数","うち常用雇用者","24金属製品製造業"
"004","002","000","000","001","202","00000","2009000000","24253","従業者数　総数","1～4人","民営","総数","うち常用雇用者","25はん用機械器具製造業"
"004","002","000","000","001","208","00000","2009000000","35660","従業者数　総数","1～4人","民営","総数","うち常用雇用者","26生産用機械器具製造業"
"004","002","000","000","001","218","00000","2009000000","9465","従業者数　総数","1～4人","民営","総数","うち常用雇用者","27業務用機械器具製造業"
"004","002","000","000","001","226","00000","2009000000","6415","従業者数　総数","1～4人","民営","総数","うち常用雇用者","28電子部品・デバイス・電子回路製造業"
"004","002","000","000","001","234","00000","2009000000","14496","従業者数　総数","1～4人","民営","総数","うち常用雇用者","29電気機械器具製造業"
"004","002","000","000","001","244","00000","2009000000","2829","従業者数　総数","1～4人","民営","総数","うち常用雇用者","30情報通信機械器具製造業"
"004","002","000","000","001","249","00000","2009000000","14973","従業者数　総数","1～4人","民営","総数","うち常用雇用者","31輸送用機械器具製造業"
"004","002","000","000","001","257","00000","2009000000","30364","従業者数　総数","1～4人","民営","総数","うち常用雇用者","32その他の製造業"
"004","002","000","000","001","272","00000","2009000000","2234","従業者数　総数","1～4人","民営","総数","うち常用雇用者","F電気・ガス・熱供給・水道業"
"004","002","000","000","001","273","00000","2009000000","668","従業者数　総数","1～4人","民営","総数","うち常用雇用者","33電気業"
"004","002","000","000","001","276","00000","2009000000","184","従業者数　総数","1～4人","民営","総数","うち常用雇用者","34ガス業"
"004","002","000","000","001","279","00000","2009000000","183","従業者数　総数","1～4人","民営","総数","うち常用雇用者","35熱供給業"
"004","002","000","000","001","282","00000","2009000000","1199","従業者数　総数","1～4人","民営","総数","うち常用雇用者","36水道業"
"004","002","000","000","001","287","00000","2009000000","61195","従業者数　総数","1～4人","民営","総数","うち常用雇用者","G情報通信業"
"004","002","000","000","001","288","00000","2009000000","9675","従業者数　総数","1～4人","民営","総数","うち常用雇用者","37通信業"
"004","002","000","000","001","293","00000","2009000000","1298","従業者数　総数","1～4人","民営","総数","うち常用雇用者","38放送業"
"004","002","000","000","001","298","00000","2009000000","25682","従業者数　総数","1～4人","民営","総数","うち常用雇用者","39情報サービス業"
"004","002","000","000","001","305","00000","2009000000","4607","従業者数　総数","1～4人","民営","総数","うち常用雇用者","40インターネット附随サービス業"
"004","002","000","000","001","308","00000","2009000000","19933","従業者数　総数","1～4人","民営","総数","うち常用雇用者","41映像・音声・文字情報制作業"
"004","002","000","000","001","318","00000","2009000000","68854","従業者数　総数","1～4人","民営","総数","うち常用雇用者","H運輸業，郵便業"
"004","002","000","000","001","319","00000","2009000000","2217","従業者数　総数","1～4人","民営","総数","うち常用雇用者","42鉄道業"
"004","002","000","000","001","322","00000","2009000000","6858","従業者数　総数","1～4人","民営","総数","うち常用雇用者","43道路旅客運送業"
"004","002","000","000","001","328","00000","2009000000","34025","従業者数　総数","1～4人","民営","総数","うち常用雇用者","44道路貨物運送業"
"004","002","000","000","001","335","00000","2009000000","3414","従業者数　総数","1～4人","民営","総数","うち常用雇用者","45水運業"
"004","002","000","000","001","341","00000","2009000000","589","従業者数　総数","1～4人","民営","総数","うち常用雇用者","46航空運輸業"
"004","002","000","000","001","345","00000","2009000000","8850","従業者数　総数","1～4人","民営","総数","うち常用雇用者","47倉庫業"
"004","002","000","000","001","349","00000","2009000000","12171","従業者数　総数","1～4人","民営","総数","うち常用雇用者","48運輸に附帯するサービス業"
"004","002","000","000","001","357","00000","2009000000","730","従業者数　総数","1～4人","民営","総数","うち常用雇用者","49郵便業（信書便事業を含む）"
"004","002","000","000","001","360","00000","2009000000","1374841","従業者数　総数","1～4人","民営","総数","うち常用雇用者","I卸売業，小売業"
"004","002","000","000","001","361","00000","2009000000","416","従業者数　総数","1～4人","民営","総数","うち常用雇用者","50各種商品卸売業"
"004","002","000","000","001","366","00000","2009000000","26166","従業者数　総数","1～4人","民営","総数","うち常用雇用者","51繊維・衣服等卸売業"
"004","002","000","000","001","371","00000","2009000000","70258","従業者数　総数","1～4人","民営","総数","うち常用雇用者","52飲食料品卸売業"
"004","002","000","000","001","380","00000","2009000000","92129","従業者数　総数","1～4人","民営","総数","うち常用雇用者","53建築材料，鉱物・金属材料等卸売業"
"004","002","000","000","001","388","00000","2009000000","110692","従業者数　総数","1～4人","民営","総数","うち常用雇用者","54機械器具卸売業"
"004","002","000","000","001","394","00000","2009000000","94995","従業者数　総数","1～4人","民営","総数","うち常用雇用者","55その他の卸売業"
"004","002","000","000","001","402","00000","2009000000","931","従業者数　総数","1～4人","民営","総数","うち常用雇用者","56各種商品小売業"
"004","002","000","000","001","406","00000","2009000000","164446","従業者数　総数","1～4人","民営","総数","うち常用雇用者","57織物・衣服・身の回り品小売業"
"004","002","000","000","001","413","00000","2009000000","264237","従業者数　総数","1～4人","民営","総数","うち常用雇用者","58飲食料品小売業"
"004","002","000","000","001","424","00000","2009000000","143602","従業者数　総数","1～4人","民営","総数","うち常用雇用者","59機械器具小売業"
"004","002","000","000","001","429","00000","2009000000","399925","従業者数　総数","1～4人","民営","総数","うち常用雇用者","60その他の小売業"
"004","002","000","000","001","447","00000","2009000000","7044","従業者数　総数","1～4人","民営","総数","うち常用雇用者","61無店舗小売業"
"004","002","000","000","001","452","00000","2009000000","58172","従業者数　総数","1～4人","民営","総数","うち常用雇用者","J金融業，保険業"
"004","002","000","000","001","453","00000","2009000000","3684","従業者数　総数","1～4人","民営","総数","うち常用雇用者","62銀行業"
"004","002","000","000","001","457","00000","2009000000","3216","従業者数　総数","1～4人","民営","総数","うち常用雇用者","63協同組織金融業"
"004","002","000","000","001","461","00000","2009000000","8420","従業者数　総数","1～4人","民営","総数","うち常用雇用者","64クレジットカード業等非預金信用機関"
"004","002","000","000","001","467","00000","2009000000","1789","従業者数　総数","1～4人","民営","総数","うち常用雇用者","65金融商品取引業，商品先物取引業"
"004","002","000","000","001","471","00000","2009000000","1448","従業者数　総数","1～4人","民営","総数","うち常用雇用者","66補助的金融業等"
"004","002","000","000","001","476","00000","2009000000","39615","従業者数　総数","1～4人","民営","総数","うち常用雇用者","67保険業（保険媒介代理業等を含む）"
"004","002","000","000","001","483","00000","2009000000","252124","従業者数　総数","1～4人","民営","総数","うち常用雇用者","K不動産業，物品賃貸業"
"004","002","000","000","001","484","00000","2009000000","71941","従業者数　総数","1～4人","民営","総数","うち常用雇用者","68不動産取引業"
"004","002","000","000","001","488","00000","2009000000","148778","従業者数　総数","1～4人","民営","総数","うち常用雇用者","69不動産賃貸業・管理業"
"004","002","000","000","001","494","00000","2009000000","31405","従業者数　総数","1～4人","民営","総数","うち常用雇用者","70物品賃貸業"
"004","002","000","000","001","504","00000","2009000000","231363","従業者数　総数","1～4人","民営","総数","うち常用雇用者","L学術研究，専門・技術サービス業"
"004","002","000","000","001","505","00000","2009000000","3830","従業者数　総数","1～4人","民営","総数","うち常用雇用者","71学術・開発研究機関"
"004","002","000","000","001","509","00000","2009000000","124180","従業者数　総数","1～4人","民営","総数","うち常用雇用者","72専門サービス業"
"004","002","000","000","001","528","00000","2009000000","10517","従業者数　総数","1～4人","民営","総数","うち常用雇用者","73広告業"
"004","002","000","000","001","531","00000","2009000000","92836","従業者数　総数","1～4人","民営","総数","うち常用雇用者","74技術サービス業"
"004","002","000","000","001","543","00000","2009000000","613644","従業者数　総数","1～4人","民営","総数","うち常用雇用者","M宿泊業，飲食サービス業"
"004","002","000","000","001","544","00000","2009000000","43876","従業者数　総数","1～4人","民営","総数","うち常用雇用者","75宿泊業"
"004","002","000","000","001","552","00000","2009000000","534691","従業者数　総数","1～4人","民営","総数","うち常用雇用者","76飲食店"
"004","002","000","000","001","569","00000","2009000000","35077","従業者数　総数","1～4人","民営","総数","うち常用雇用者","77持ち帰り・配達飲食サービス業"
"004","002","000","000","001","573","00000","2009000000","372779","従業者数　総数","1～4人","民営","総数","うち常用雇用者","N生活関連サービス業，娯楽業"
"004","002","000","000","001","574","00000","2009000000","280905","従業者数　総数","1～4人","民営","総数","うち常用雇用者","78洗濯・理容・美容・浴場業"
"004","002","000","000","001","584","00000","2009000000","57314","従業者数　総数","1～4人","民営","総数","うち常用雇用者","79その他の生活関連サービス業"
"004","002","000","000","001","597","00000","2009000000","34560","従業者数　総数","1～4人","民営","総数","うち常用雇用者","80娯楽業"
"004","002","000","000","001","620","00000","2009000000","96598","従業者数　総数","1～4人","民営","総数","うち常用雇用者","O教育，学習支援業"
"004","002","000","000","001","621","00000","2009000000","3236","従業者数　総数","1～4人","民営","総数","うち常用雇用者","81学校教育"
"004","002","000","000","001","631","00000","2009000000","93362","従業者数　総数","1～4人","民営","総数","うち常用雇用者","82その他の教育，学習支援業"
"004","002","000","000","001","650","00000","2009000000","277397","従業者数　総数","1～4人","民営","総数","うち常用雇用者","P医療，福祉"
"004","002","000","000","001","651","00000","2009000000","217427","従業者数　総数","1～4人","民営","総数","うち常用雇用者","83医療業"
"004","002","000","000","001","663","00000","2009000000","1522","従業者数　総数","1～4人","民営","総数","うち常用雇用者","84保健衛生"
"004","002","000","000","001","668","00000","2009000000","58448","従業者数　総数","1～4人","民営","総数","うち常用雇用者","85社会保険・社会福祉・介護事業"
"004","002","000","000","001","687","00000","2009000000","38048","従業者数　総数","1～4人","民営","総数","うち常用雇用者","Q複合サービス事業"
"004","002","000","000","001","688","00000","2009000000","29240","従業者数　総数","1～4人","民営","総数","うち常用雇用者","86郵便局"
"004","002","000","000","001","692","00000","2009000000","8808","従業者数　総数","1～4人","民営","総数","うち常用雇用者","87協同組合（他に分類されないもの）"
"004","002","000","000","001","696","00000","2009000000","332357","従業者数　総数","1～4人","民営","総数","うち常用雇用者","Rサービス業（他に分類されないもの）"
"004","002","000","000","001","697","00000","2009000000","16336","従業者数　総数","1～4人","民営","総数","うち常用雇用者","88廃棄物処理業"
"004","002","000","000","001","702","00000","2009000000","60097","従業者数　総数","1～4人","民営","総数","うち常用雇用者","89自動車整備業"
"004","002","000","000","001","705","00000","2009000000","27585","従業者数　総数","1～4人","民営","総数","うち常用雇用者","90機械等修理業（別掲を除く）"
"004","002","000","000","001","711","00000","2009000000","13837","従業者数　総数","1～4人","民営","総数","うち常用雇用者","91職業紹介・労働者派遣業"
"004","002","000","000","001","715","00000","2009000000","61257","従業者数　総数","1～4人","民営","総数","うち常用雇用者","92その他の事業サービス業"
"004","002","000","000","001","721","00000","2009000000","60930","従業者数　総数","1～4人","民営","総数","うち常用雇用者","93政治・経済・文化団体"
"004","002","000","000","001","727","00000","2009000000","88893","従業者数　総数","1～4人","民営","総数","うち常用雇用者","94宗教"
"004","002","000","000","001","732","00000","2009000000","3422","従業者数　総数","1～4人","民営","総数","うち常用雇用者","95その他のサービス業"
"004","003","000","000","001","001","00000","2009000000","5390695","従業者数　総数","5～9人","民営","総数","うち常用雇用者","A～R全産業（Ｓ公務を除く）"
"004","003","000","000","001","002","00000","2009000000","41785","従業者数　総数","5～9人","民営","総数","うち常用雇用者","A～B農林漁業"
"004","003","000","000","001","003","00000","2009000000","36424","従業者数　総数","5～9人","民営","総数","うち常用雇用者","A農業，林業"
"004","003","000","000","001","004","00000","2009000000","31396","従業者数　総数","5～9人","民営","総数","うち常用雇用者","01農業"
"004","003","000","000","001","010","00000","2009000000","5028","従業者数　総数","5～9人","民営","総数","うち常用雇用者","02林業"
"004","003","000","000","001","017","00000","2009000000","5361","従業者数　総数","5～9人","民営","総数","うち常用雇用者","B漁業"
"004","003","000","000","001","018","00000","2009000000","2838","従業者数　総数","5～9人","民営","総数","うち常用雇用者","03漁業（水産養殖業を除く）"
"004","003","000","000","001","022","00000","2009000000","2523","従業者数　総数","5～9人","民営","総数","うち常用雇用者","04水産養殖業"
"004","003","000","000","001","027","00000","2009000000","5348910","従業者数　総数","5～9人","民営","総数","うち常用雇用者","C～R非農林漁業（Ｓ公務を除く）"
"004","003","000","000","001","028","00000","2009000000","4558","従業者数　総数","5～9人","民営","総数","うち常用雇用者","C鉱業，採石業，砂利採取業"
"004","003","000","000","001","029","00000","2009000000","4558","従業者数　総数","5～9人","民営","総数","うち常用雇用者","05鉱業，採石業，砂利採取業"
"004","003","000","000","001","037","00000","2009000000","628231","従業者数　総数","5～9人","民営","総数","うち常用雇用者","D建設業"
"004","003","000","000","001","038","00000","2009000000","270093","従業者数　総数","5～9人","民営","総数","うち常用雇用者","06総合工事業"
"004","003","000","000","001","046","00000","2009000000","174644","従業者数　総数","5～9人","民営","総数","うち常用雇用者","07職別工事業（設備工事業を除く）"
"004","003","000","000","001","059","00000","2009000000","183494","従業者数　総数","5～9人","民営","総数","うち常用雇用者","08設備工事業"
"004","003","000","000","001","066","00000","2009000000","530313","従業者数　総数","5～9人","民営","総数","うち常用雇用者","E製造業"
"004","003","000","000","001","067","00000","2009000000","59932","従業者数　総数","5～9人","民営","総数","うち常用雇用者","09食料品製造業"
"004","003","000","000","001","078","00000","2009000000","11145","従業者数　総数","5～9人","民営","総数","うち常用雇用者","10飲料・たばこ・飼料製造業"
"004","003","000","000","001","086","00000","2009000000","45907","従業者数　総数","5～9人","民営","総数","うち常用雇用者","11繊維工業"
"004","003","000","000","001","097","00000","2009000000","16280","従業者数　総数","5～9人","民営","総数","うち常用雇用者","12木材・木製品製造業（家具を除く）"
"004","003","000","000","001","103","00000","2009000000","16894","従業者数　総数","5～9人","民営","総数","うち常用雇用者","13家具・装備品製造業"
"004","003","000","000","001","109","00000","2009000000","14567","従業者数　総数","5～9人","民営","総数","うち常用雇用者","14パルプ・紙・紙加工品製造業"
"004","003","000","000","001","117","00000","2009000000","36925","従業者数　総数","5～9人","民営","総数","うち常用雇用者","15印刷・同関連業"
"004","003","000","000","001","123","00000","2009000000","9752","従業者数　総数","5～9人","民営","総数","うち常用雇用者","16化学工業"
"004","003","000","000","001","132","00000","2009000000","3447","従業者数　総数","5～9人","民営","総数","うち常用雇用者","17石油製品・石炭製品製造業"
"004","003","000","000","001","139","00000","2009000000","29139","従業者数　総数","5～9人","民営","総数","うち常用雇用者","18プラスチック製品製造業"
"004","003","000","000","001","147","00000","2009000000","6498","従業者数　総数","5～9人","民営","総数","うち常用雇用者","19ゴム製品製造業"
"004","003","000","000","001","153","00000","2009000000","5268","従業者数　総数","5～9人","民営","総数","うち常用雇用者","20なめし革・同製品・毛皮製造業"
"004","003","000","000","001","164","00000","2009000000","26017","従業者数　総数","5～9人","民営","総数","うち常用雇用者","21窯業・土石製品製造業"
"004","003","000","000","001","175","00000","2009000000","8481","従業者数　総数","5～9人","民営","総数","うち常用雇用者","22鉄鋼業"
"004","003","000","000","001","183","00000","2009000000","5917","従業者数　総数","5～9人","民営","総数","うち常用雇用者","23非鉄金属製造業"
"004","003","000","000","001","191","00000","2009000000","70134","従業者数　総数","5～9人","民営","総数","うち常用雇用者","24金属製品製造業"
"004","003","000","000","001","202","00000","2009000000","24664","従業者数　総数","5～9人","民営","総数","うち常用雇用者","25はん用機械器具製造業"
"004","003","000","000","001","208","00000","2009000000","42753","従業者数　総数","5～9人","民営","総数","うち常用雇用者","26生産用機械器具製造業"
"004","003","000","000","001","218","00000","2009000000","11896","従業者数　総数","5～9人","民営","総数","うち常用雇用者","27業務用機械器具製造業"
"004","003","000","000","001","226","00000","2009000000","10612","従業者数　総数","5～9人","民営","総数","うち常用雇用者","28電子部品・デバイス・電子回路製造業"
"004","003","000","000","001","234","00000","2009000000","20858","従業者数　総数","5～9人","民営","総数","うち常用雇用者","29電気機械器具製造業"
"004","003","000","000","001","244","00000","2009000000","4480","従業者数　総数","5～9人","民営","総数","うち常用雇用者","30情報通信機械器具製造業"
"004","003","000","000","001","249","00000","2009000000","21837","従業者数　総数","5～9人","民営","総数","うち常用雇用者","31輸送用機械器具製造業"
"004","003","000","000","001","257","00000","2009000000","26910","従業者数　総数","5～9人","民営","総数","うち常用雇用者","32その他の製造業"
"004","003","000","000","001","272","00000","2009000000","4285","従業者数　総数","5～9人","民営","総数","うち常用雇用者","F電気・ガス・熱供給・水道業"
"004","003","000","000","001","273","00000","2009000000","976","従業者数　総数","5～9人","民営","総数","うち常用雇用者","33電気業"
"004","003","000","000","001","276","00000","2009000000","500","従業者数　総数","5～9人","民営","総数","うち常用雇用者","34ガス業"
"004","003","000","000","001","279","00000","2009000000","344","従業者数　総数","5～9人","民営","総数","うち常用雇用者","35熱供給業"
"004","003","000","000","001","282","00000","2009000000","2465","従業者数　総数","5～9人","民営","総数","うち常用雇用者","36水道業"
"004","003","000","000","001","287","00000","2009000000","85664","従業者数　総数","5～9人","民営","総数","うち常用雇用者","G情報通信業"
"004","003","000","000","001","288","00000","2009000000","16594","従業者数　総数","5～9人","民営","総数","うち常用雇用者","37通信業"
"004","003","000","000","001","293","00000","2009000000","2978","従業者数　総数","5～9人","民営","総数","うち常用雇用者","38放送業"
"004","003","000","000","001","298","00000","2009000000","38166","従業者数　総数","5～9人","民営","総数","うち常用雇用者","39情報サービス業"
"004","003","000","000","001","305","00000","2009000000","5034","従業者数　総数","5～9人","民営","総数","うち常用雇用者","40インターネット附随サービス業"
"004","003","000","000","001","308","00000","2009000000","22892","従業者数　総数","5～9人","民営","総数","うち常用雇用者","41映像・音声・文字情報制作業"
"004","003","000","000","001","318","00000","2009000000","163568","従業者数　総数","5～9人","民営","総数","うち常用雇用者","H運輸業，郵便業"
"004","003","000","000","001","319","00000","2009000000","6872","従業者数　総数","5～9人","民営","総数","うち常用雇用者","42鉄道業"
"004","003","000","000","001","322","00000","2009000000","13853","従業者数　総数","5～9人","民営","総数","うち常用雇用者","43道路旅客運送業"
"004","003","000","000","001","328","00000","2009000000","96353","従業者数　総数","5～9人","民営","総数","うち常用雇用者","44道路貨物運送業"
"004","003","000","000","001","335","00000","2009000000","5059","従業者数　総数","5～9人","民営","総数","うち常用雇用者","45水運業"
"004","003","000","000","001","341","00000","2009000000","1316","従業者数　総数","5～9人","民営","総数","うち常用雇用者","46航空運輸業"
"004","003","000","000","001","345","00000","2009000000","14605","従業者数　総数","5～9人","民営","総数","うち常用雇用者","47倉庫業"
"004","003","000","000","001","349","00000","2009000000","19001","従業者数　総数","5～9人","民営","総数","うち常用雇用者","48運輸に附帯するサービス業"
"004","003","000","000","001","357","00000","2009000000","6509","従業者数　総数","5～9人","民営","総数","うち常用雇用者","49郵便業（信書便事業を含む）"
"004","003","000","000","001","360","00000","2009000000","1529655","従業者数　総数","5～9人","民営","総数","うち常用雇用者","I卸売業，小売業"
"004","003","000","000","001","361","00000","2009000000","657","従業者数　総数","5～9人","民営","総数","うち常用雇用者","50各種商品卸売業"
"004","003","000","000","001","366","00000","2009000000","26536","従業者数　総数","5～9人","民営","総数","うち常用雇用者","51繊維・衣服等卸売業"
"004","003","000","000","001","371","00000","2009000000","94391","従業者数　総数","5～9人","民営","総数","うち常用雇用者","52飲食料品卸売業"
"004","003","000","000","001","380","00000","2009000000","122001","従業者数　総数","5～9人","民営","総数","うち常用雇用者","53建築材料，鉱物・金属材料等卸売業"
"004","003","000","000","001","388","00000","2009000000","170464","従業者数　総数","5～9人","民営","総数","うち常用雇用者","54機械器具卸売業"
"004","003","000","000","001","394","00000","2009000000","108361","従業者数　総数","5～9人","民営","総数","うち常用雇用者","55その他の卸売業"
"004","003","000","000","001","402","00000","2009000000","2159","従業者数　総数","5～9人","民営","総数","うち常用雇用者","56各種商品小売業"
"004","003","000","000","001","406","00000","2009000000","159570","従業者数　総数","5～9人","民営","総数","うち常用雇用者","57織物・衣服・身の回り品小売業"
"004","003","000","000","001","413","00000","2009000000","260694","従業者数　総数","5～9人","民営","総数","うち常用雇用者","58飲食料品小売業"
"004","003","000","000","001","424","00000","2009000000","115543","従業者数　総数","5～9人","民営","総数","うち常用雇用者","59機械器具小売業"
"004","003","000","000","001","429","00000","2009000000","461140","従業者数　総数","5～9人","民営","総数","うち常用雇用者","60その他の小売業"
"004","003","000","000","001","447","00000","2009000000","8139","従業者数　総数","5～9人","民営","総数","うち常用雇用者","61無店舗小売業"
"004","003","000","000","001","452","00000","2009000000","92906","従業者数　総数","5～9人","民営","総数","うち常用雇用者","J金融業，保険業"
"004","003","000","000","001","453","00000","2009000000","19180","従業者数　総数","5～9人","民営","総数","うち常用雇用者","62銀行業"
"004","003","000","000","001","457","00000","2009000000","23706","従業者数　総数","5～9人","民営","総数","うち常用雇用者","63協同組織金融業"
"004","003","000","000","001","461","00000","2009000000","9523","従業者数　総数","5～9人","民営","総数","うち常用雇用者","64クレジットカード業等非預金信用機関"
"004","003","000","000","001","467","00000","2009000000","3929","従業者数　総数","5～9人","民営","総数","うち常用雇用者","65金融商品取引業，商品先物取引業"
"004","003","000","000","001","471","00000","2009000000","2222","従業者数　総数","5～9人","民営","総数","うち常用雇用者","66補助的金融業等"
"004","003","000","000","001","476","00000","2009000000","34346","従業者数　総数","5～9人","民営","総数","うち常用雇用者","67保険業（保険媒介代理業等を含む）"
"004","003","000","000","001","483","00000","2009000000","150552","従業者数　総数","5～9人","民営","総数","うち常用雇用者","K不動産業，物品賃貸業"
"004","003","000","000","001","484","00000","2009000000","49888","従業者数　総数","5～9人","民営","総数","うち常用雇用者","68不動産取引業"
"004","003","000","000","001","488","00000","2009000000","50316","従業者数　総数","5～9人","民営","総数","うち常用雇用者","69不動産賃貸業・管理業"
"004","003","000","000","001","494","00000","2009000000","50348","従業者数　総数","5～9人","民営","総数","うち常用雇用者","70物品賃貸業"
"004","003","000","000","001","504","00000","2009000000","189609","従業者数　総数","5～9人","民営","総数","うち常用雇用者","L学術研究，専門・技術サービス業"
"004","003","000","000","001","505","00000","2009000000","5654","従業者数　総数","5～9人","民営","総数","うち常用雇用者","71学術・開発研究機関"
"004","003","000","000","001","509","00000","2009000000","92480","従業者数　総数","5～9人","民営","総数","うち常用雇用者","72専門サービス業"
"004","003","000","000","001","528","00000","2009000000","14091","従業者数　総数","5～9人","民営","総数","うち常用雇用者","73広告業"
"004","003","000","000","001","531","00000","2009000000","77384","従業者数　総数","5～9人","民営","総数","うち常用雇用者","74技術サービス業"
"004","003","000","000","001","543","00000","2009000000","651463","従業者数　総数","5～9人","民営","総数","うち常用雇用者","M宿泊業，飲食サービス業"
"004","003","000","000","001","544","00000","2009000000","52944","従業者数　総数","5～9人","民営","総数","うち常用雇用者","75宿泊業"
"004","003","000","000","001","552","00000","2009000000","521794","従業者数　総数","5～9人","民営","総数","うち常用雇用者","76飲食店"
"004","003","000","000","001","569","00000","2009000000","76725","従業者数　総数","5～9人","民営","総数","うち常用雇用者","77持ち帰り・配達飲食サービス業"
"004","003","000","000","001","573","00000","2009000000","275820","従業者数　総数","5～9人","民営","総数","うち常用雇用者","N生活関連サービス業，娯楽業"
"004","003","000","000","001","574","00000","2009000000","154402","従業者数　総数","5～9人","民営","総数","うち常用雇用者","78洗濯・理容・美容・浴場業"
"004","003","000","000","001","584","00000","2009000000","64507","従業者数　総数","5～9人","民営","総数","うち常用雇用者","79その他の生活関連サービス業"
"004","003","000","000","001","597","00000","2009000000","56911","従業者数　総数","5～9人","民営","総数","うち常用雇用者","80娯楽業"
"004","003","000","000","001","620","00000","2009000000","112940","従業者数　総数","5～9人","民営","総数","うち常用雇用者","O教育，学習支援業"
"004","003","000","000","001","621","00000","2009000000","19771","従業者数　総数","5～9人","民営","総数","うち常用雇用者","81学校教育"
"004","003","000","000","001","631","00000","2009000000","93169","従業者数　総数","5～9人","民営","総数","うち常用雇用者","82その他の教育，学習支援業"
"004","003","000","000","001","650","00000","2009000000","554228","従業者数　総数","5～9人","民営","総数","うち常用雇用者","P医療，福祉"
"004","003","000","000","001","651","00000","2009000000","409536","従業者数　総数","5～9人","民営","総数","うち常用雇用者","83医療業"
"004","003","000","000","001","663","00000","2009000000","2065","従業者数　総数","5～9人","民営","総数","うち常用雇用者","84保健衛生"
"004","003","000","000","001","668","00000","2009000000","142627","従業者数　総数","5～9人","民営","総数","うち常用雇用者","85社会保険・社会福祉・介護事業"
"004","003","000","000","001","687","00000","2009000000","90879","従業者数　総数","5～9人","民営","総数","うち常用雇用者","Q複合サービス事業"
"004","003","000","000","001","688","00000","2009000000","63226","従業者数　総数","5～9人","民営","総数","うち常用雇用者","86郵便局"
"004","003","000","000","001","692","00000","2009000000","27653","従業者数　総数","5～9人","民営","総数","うち常用雇用者","87協同組合（他に分類されないもの）"
"004","003","000","000","001","696","00000","2009000000","284239","従業者数　総数","5～9人","民営","総数","うち常用雇用者","Rサービス業（他に分類されないもの）"
"004","003","000","000","001","697","00000","2009000000","30362","従業者数　総数","5～9人","民営","総数","うち常用雇用者","88廃棄物処理業"
"004","003","000","000","001","702","00000","2009000000","48276","従業者数　総数","5～9人","民営","総数","うち常用雇用者","89自動車整備業"
"004","003","000","000","001","705","00000","2009000000","30400","従業者数　総数","5～9人","民営","総数","うち常用雇用者","90機械等修理業（別掲を除く）"
"004","003","000","000","001","711","00000","2009000000","21174","従業者数　総数","5～9人","民営","総数","うち常用雇用者","91職業紹介・労働者派遣業"
"004","003","000","000","001","715","00000","2009000000","86939","従業者数　総数","5～9人","民営","総数","うち常用雇用者","92その他の事業サービス業"
"004","003","000","000","001","721","00000","2009000000","38705","従業者数　総数","5～9人","民営","総数","うち常用雇用者","93政治・経済・文化団体"
"004","003","000","000","001","727","00000","2009000000","24727","従業者数　総数","5～9人","民営","総数","うち常用雇用者","94宗教"
"004","003","000","000","001","732","00000","2009000000","3656","従業者数　総数","5～9人","民営","総数","うち常用雇用者","95その他のサービス業"
"004","004","000","000","001","001","00000","2009000000","7026249","従業者数　総数","10～19人","民営","総数","うち常用雇用者","A～R全産業（Ｓ公務を除く）"
"004","004","000","000","001","002","00000","2009000000","54785","従業者数　総数","10～19人","民営","総数","うち常用雇用者","A～B農林漁業"
"004","004","000","000","001","003","00000","2009000000","45234","従業者数　総数","10～19人","民営","総数","うち常用雇用者","A農業，林業"
"004","004","000","000","001","004","00000","2009000000","37026","従業者数　総数","10～19人","民営","総数","うち常用雇用者","01農業"
"004","004","000","000","001","010","00000","2009000000","8208","従業者数　総数","10～19人","民営","総数","うち常用雇用者","02林業"
"004","004","000","000","001","017","00000","2009000000","9551","従業者数　総数","10～19人","民営","総数","うち常用雇用者","B漁業"
"004","004","000","000","001","018","00000","2009000000","6546","従業者数　総数","10～19人","民営","総数","うち常用雇用者","03漁業（水産養殖業を除く）"
"004","004","000","000","001","022","00000","2009000000","3005","従業者数　総数","10～19人","民営","総数","うち常用雇用者","04水産養殖業"
"004","004","000","000","001","027","00000","2009000000","6971464","従業者数　総数","10～19人","民営","総数","うち常用雇用者","C～R非農林漁業（Ｓ公務を除く）"
"004","004","000","000","001","028","00000","2009000000","6151","従業者数　総数","10～19人","民営","総数","うち常用雇用者","C鉱業，採石業，砂利採取業"
"004","004","000","000","001","029","00000","2009000000","6151","従業者数　総数","10～19人","民営","総数","うち常用雇用者","05鉱業，採石業，砂利採取業"
"004","004","000","000","001","037","00000","2009000000","640629","従業者数　総数","10～19人","民営","総数","うち常用雇用者","D建設業"
"004","004","000","000","001","038","00000","2009000000","288900","従業者数　総数","10～19人","民営","総数","うち常用雇用者","06総合工事業"
"004","004","000","000","001","046","00000","2009000000","160718","従業者数　総数","10～19人","民営","総数","うち常用雇用者","07職別工事業（設備工事業を除く）"
"004","004","000","000","001","059","00000","2009000000","191011","従業者数　総数","10～19人","民営","総数","うち常用雇用者","08設備工事業"
"004","004","000","000","001","066","00000","2009000000","791974","従業者数　総数","10～19人","民営","総数","うち常用雇用者","E製造業"
"004","004","000","000","001","067","00000","2009000000","99568","従業者数　総数","10～19人","民営","総数","うち常用雇用者","09食料品製造業"
"004","004","000","000","001","078","00000","2009000000","14360","従業者数　総数","10～19人","民営","総数","うち常用雇用者","10飲料・たばこ・飼料製造業"
"004","004","000","000","001","086","00000","2009000000","58550","従業者数　総数","10～19人","民営","総数","うち常用雇用者","11繊維工業"
"004","004","000","000","001","097","00000","2009000000","20901","従業者数　総数","10～19人","民営","総数","うち常用雇用者","12木材・木製品製造業（家具を除く）"
"004","004","000","000","001","103","00000","2009000000","18922","従業者数　総数","10～19人","民営","総数","うち常用雇用者","13家具・装備品製造業"
"004","004","000","000","001","109","00000","2009000000","24810","従業者数　総数","10～19人","民営","総数","うち常用雇用者","14パルプ・紙・紙加工品製造業"
"004","004","000","000","001","117","00000","2009000000","48120","従業者数　総数","10～19人","民営","総数","うち常用雇用者","15印刷・同関連業"
"004","004","000","000","001","123","00000","2009000000","20034","従業者数　総数","10～19人","民営","総数","うち常用雇用者","16化学工業"
"004","004","000","000","001","132","00000","2009000000","2959","従業者数　総数","10～19人","民営","総数","うち常用雇用者","17石油製品・石炭製品製造業"
"004","004","000","000","001","139","00000","2009000000","47047","従業者数　総数","10～19人","民営","総数","うち常用雇用者","18プラスチック製品製造業"
"004","004","000","000","001","147","00000","2009000000","10463","従業者数　総数","10～19人","民営","総数","うち常用雇用者","19ゴム製品製造業"
"004","004","000","000","001","153","00000","2009000000","6225","従業者数　総数","10～19人","民営","総数","うち常用雇用者","20なめし革・同製品・毛皮製造業"
"004","004","000","000","001","164","00000","2009000000","48755","従業者数　総数","10～19人","民営","総数","うち常用雇用者","21窯業・土石製品製造業"
"004","004","000","000","001","175","00000","2009000000","14970","従業者数　総数","10～19人","民営","総数","うち常用雇用者","22鉄鋼業"
"004","004","000","000","001","183","00000","2009000000","10534","従業者数　総数","10～19人","民営","総数","うち常用雇用者","23非鉄金属製造業"
"004","004","000","000","001","191","00000","2009000000","102780","従業者数　総数","10～19人","民営","総数","うち常用雇用者","24金属製品製造業"
"004","004","000","000","001","202","00000","2009000000","33059","従業者数　総数","10～19人","民営","総数","うち常用雇用者","25はん用機械器具製造業"
"004","004","000","000","001","208","00000","2009000000","60765","従業者数　総数","10～19人","民営","総数","うち常用雇用者","26生産用機械器具製造業"
"004","004","000","000","001","218","00000","2009000000","18887","従業者数　総数","10～19人","民営","総数","うち常用雇用者","27業務用機械器具製造業"
"004","004","000","000","001","226","00000","2009000000","21527","従業者数　総数","10～19人","民営","総数","うち常用雇用者","28電子部品・デバイス・電子回路製造業"
"004","004","000","000","001","234","00000","2009000000","34259","従業者数　総数","10～19人","民営","総数","うち常用雇用者","29電気機械器具製造業"
"004","004","000","000","001","244","00000","2009000000","8523","従業者数　総数","10～19人","民営","総数","うち常用雇用者","30情報通信機械器具製造業"
"004","004","000","000","001","249","00000","2009000000","36960","従業者数　総数","10～19人","民営","総数","うち常用雇用者","31輸送用機械器具製造業"
"004","004","000","000","001","257","00000","2009000000","28996","従業者数　総数","10～19人","民営","総数","うち常用雇用者","32その他の製造業"
"004","004","000","000","001","272","00000","2009000000","10064","従業者数　総数","10～19人","民営","総数","うち常用雇用者","F電気・ガス・熱供給・水道業"
"004","004","000","000","001","273","00000","2009000000","3602","従業者数　総数","10～19人","民営","総数","うち常用雇用者","33電気業"
"004","004","000","000","001","276","00000","2009000000","1475","従業者数　総数","10～19人","民営","総数","うち常用雇用者","34ガス業"
"004","004","000","000","001","279","00000","2009000000","732","従業者数　総数","10～19人","民営","総数","うち常用雇用者","35熱供給業"
"004","004","000","000","001","282","00000","2009000000","4255","従業者数　総数","10～19人","民営","総数","うち常用雇用者","36水道業"
"004","004","000","000","001","287","00000","2009000000","124630","従業者数　総数","10～19人","民営","総数","うち常用雇用者","G情報通信業"
"004","004","000","000","001","288","00000","2009000000","16951","従業者数　総数","10～19人","民営","総数","うち常用雇用者","37通信業"
"004","004","000","000","001","293","00000","2009000000","4859","従業者数　総数","10～19人","民営","総数","うち常用雇用者","38放送業"
"004","004","000","000","001","298","00000","2009000000","67178","従業者数　総数","10～19人","民営","総数","うち常用雇用者","39情報サービス業"
"004","004","000","000","001","305","00000","2009000000","6434","従業者数　総数","10～19人","民営","総数","うち常用雇用者","40インターネット附随サービス業"
"004","004","000","000","001","308","00000","2009000000","29208","従業者数　総数","10～19人","民営","総数","うち常用雇用者","41映像・音声・文字情報制作業"
"004","004","000","000","001","318","00000","2009000000","368584","従業者数　総数","10～19人","民営","総数","うち常用雇用者","H運輸業，郵便業"
"004","004","000","000","001","319","00000","2009000000","12533","従業者数　総数","10～19人","民営","総数","うち常用雇用者","42鉄道業"
"004","004","000","000","001","322","00000","2009000000","30456","従業者数　総数","10～19人","民営","総数","うち常用雇用者","43道路旅客運送業"
"004","004","000","000","001","328","00000","2009000000","241994","従業者数　総数","10～19人","民営","総数","うち常用雇用者","44道路貨物運送業"
"004","004","000","000","001","335","00000","2009000000","7522","従業者数　総数","10～19人","民営","総数","うち常用雇用者","45水運業"
"004","004","000","000","001","341","00000","2009000000","1606","従業者数　総数","10～19人","民営","総数","うち常用雇用者","46航空運輸業"
"004","004","000","000","001","345","00000","2009000000","24824","従業者数　総数","10～19人","民営","総数","うち常用雇用者","47倉庫業"
"004","004","000","000","001","349","00000","2009000000","36872","従業者数　総数","10～19人","民営","総数","うち常用雇用者","48運輸に附帯するサービス業"
"004","004","000","000","001","357","00000","2009000000","12777","従業者数　総数","10～19人","民営","総数","うち常用雇用者","49郵便業（信書便事業を含む）"
"004","004","000","000","001","360","00000","2009000000","1973191","従業者数　総数","10～19人","民営","総数","うち常用雇用者","I卸売業，小売業"
"004","004","000","000","001","361","00000","2009000000","932","従業者数　総数","10～19人","民営","総数","うち常用雇用者","50各種商品卸売業"
"004","004","000","000","001","366","00000","2009000000","32669","従業者数　総数","10～19人","民営","総数","うち常用雇用者","51繊維・衣服等卸売業"
"004","004","000","000","001","371","00000","2009000000","138678","従業者数　総数","10～19人","民営","総数","うち常用雇用者","52飲食料品卸売業"
"004","004","000","000","001","380","00000","2009000000","137841","従業者数　総数","10～19人","民営","総数","うち常用雇用者","53建築材料，鉱物・金属材料等卸売業"
"004","004","000","000","001","388","00000","2009000000","191411","従業者数　総数","10～19人","民営","総数","うち常用雇用者","54機械器具卸売業"
"004","004","000","000","001","394","00000","2009000000","136993","従業者数　総数","10～19人","民営","総数","うち常用雇用者","55その他の卸売業"
"004","004","000","000","001","402","00000","2009000000","6332","従業者数　総数","10～19人","民営","総数","うち常用雇用者","56各種商品小売業"
"004","004","000","000","001","406","00000","2009000000","86945","従業者数　総数","10～19人","民営","総数","うち常用雇用者","57織物・衣服・身の回り品小売業"
"004","004","000","000","001","413","00000","2009000000","564623","従業者数　総数","10～19人","民営","総数","うち常用雇用者","58飲食料品小売業"
"004","004","000","000","001","424","00000","2009000000","197844","従業者数　総数","10～19人","民営","総数","うち常用雇用者","59機械器具小売業"
"004","004","000","000","001","429","00000","2009000000","466582","従業者数　総数","10～19人","民営","総数","うち常用雇用者","60その他の小売業"
"004","004","000","000","001","447","00000","2009000000","12341","従業者数　総数","10～19人","民営","総数","うち常用雇用者","61無店舗小売業"
"004","004","000","000","001","452","00000","2009000000","257299","従業者数　総数","10～19人","民営","総数","うち常用雇用者","J金融業，保険業"
"004","004","000","000","001","453","00000","2009000000","83038","従業者数　総数","10～19人","民営","総数","うち常用雇用者","62銀行業"
"004","004","000","000","001","457","00000","2009000000","71025","従業者数　総数","10～19人","民営","総数","うち常用雇用者","63協同組織金融業"
"004","004","000","000","001","461","00000","2009000000","9748","従業者数　総数","10～19人","民営","総数","うち常用雇用者","64クレジットカード業等非預金信用機関"
"004","004","000","000","001","467","00000","2009000000","9817","従業者数　総数","10～19人","民営","総数","うち常用雇用者","65金融商品取引業，商品先物取引業"
"004","004","000","000","001","471","00000","2009000000","3350","従業者数　総数","10～19人","民営","総数","うち常用雇用者","66補助的金融業等"
"004","004","000","000","001","476","00000","2009000000","80321","従業者数　総数","10～19人","民営","総数","うち常用雇用者","67保険業（保険媒介代理業等を含む）"
"004","004","000","000","001","483","00000","2009000000","139236","従業者数　総数","10～19人","民営","総数","うち常用雇用者","K不動産業，物品賃貸業"
"004","004","000","000","001","484","00000","2009000000","35438","従業者数　総数","10～19人","民営","総数","うち常用雇用者","68不動産取引業"
"004","004","000","000","001","488","00000","2009000000","42106","従業者数　総数","10～19人","民営","総数","うち常用雇用者","69不動産賃貸業・管理業"
"004","004","000","000","001","494","00000","2009000000","61692","従業者数　総数","10～19人","民営","総数","うち常用雇用者","70物品賃貸業"
"004","004","000","000","001","504","00000","2009000000","178966","従業者数　総数","10～19人","民営","総数","うち常用雇用者","L学術研究，専門・技術サービス業"
"004","004","000","000","001","505","00000","2009000000","11048","従業者数　総数","10～19人","民営","総数","うち常用雇用者","71学術・開発研究機関"
"004","004","000","000","001","509","00000","2009000000","66510","従業者数　総数","10～19人","民営","総数","うち常用雇用者","72専門サービス業"
"004","004","000","000","001","528","00000","2009000000","17299","従業者数　総数","10～19人","民営","総数","うち常用雇用者","73広告業"
"004","004","000","000","001","531","00000","2009000000","84109","従業者数　総数","10～19人","民営","総数","うち常用雇用者","74技術サービス業"
"004","004","000","000","001","543","00000","2009000000","931843","従業者数　総数","10～19人","民営","総数","うち常用雇用者","M宿泊業，飲食サービス業"
"004","004","000","000","001","544","00000","2009000000","88001","従業者数　総数","10～19人","民営","総数","うち常用雇用者","75宿泊業"
"004","004","000","000","001","552","00000","2009000000","719379","従業者数　総数","10～19人","民営","総数","うち常用雇用者","76飲食店"
"004","004","000","000","001","569","00000","2009000000","124463","従業者数　総数","10～19人","民営","総数","うち常用雇用者","77持ち帰り・配達飲食サービス業"
"004","004","000","000","001","573","00000","2009000000","313409","従業者数　総数","10～19人","民営","総数","うち常用雇用者","N生活関連サービス業，娯楽業"
"004","004","000","000","001","574","00000","2009000000","120520","従業者数　総数","10～19人","民営","総数","うち常用雇用者","78洗濯・理容・美容・浴場業"
"004","004","000","000","001","584","00000","2009000000","59109","従業者数　総数","10～19人","民営","総数","うち常用雇用者","79その他の生活関連サービス業"
"004","004","000","000","001","597","00000","2009000000","133780","従業者数　総数","10～19人","民営","総数","うち常用雇用者","80娯楽業"
"004","004","000","000","001","620","00000","2009000000","188873","従業者数　総数","10～19人","民営","総数","うち常用雇用者","O教育，学習支援業"
"004","004","000","000","001","621","00000","2009000000","76454","従業者数　総数","10～19人","民営","総数","うち常用雇用者","81学校教育"
"004","004","000","000","001","631","00000","2009000000","112419","従業者数　総数","10～19人","民営","総数","うち常用雇用者","82その他の教育，学習支援業"
"004","004","000","000","001","650","00000","2009000000","612202","従業者数　総数","10～19人","民営","総数","うち常用雇用者","P医療，福祉"
"004","004","000","000","001","651","00000","2009000000","272517","従業者数　総数","10～19人","民営","総数","うち常用雇用者","83医療業"
"004","004","000","000","001","663","00000","2009000000","3214","従業者数　総数","10～19人","民営","総数","うち常用雇用者","84保健衛生"
"004","004","000","000","001","668","00000","2009000000","336471","従業者数　総数","10～19人","民営","総数","うち常用雇用者","85社会保険・社会福祉・介護事業"
"004","004","000","000","001","687","00000","2009000000","73618","従業者数　総数","10～19人","民営","総数","うち常用雇用者","Q複合サービス事業"
"004","004","000","000","001","688","00000","2009000000","22148","従業者数　総数","10～19人","民営","総数","うち常用雇用者","86郵便局"
"004","004","000","000","001","692","00000","2009000000","51470","従業者数　総数","10～19人","民営","総数","うち常用雇用者","87協同組合（他に分類されないもの）"
"004","004","000","000","001","696","00000","2009000000","360795","従業者数　総数","10～19人","民営","総数","うち常用雇用者","Rサービス業（他に分類されないもの）"
"004","004","000","000","001","697","00000","2009000000","48187","従業者数　総数","10～19人","民営","総数","うち常用雇用者","88廃棄物処理業"
"004","004","000","000","001","702","00000","2009000000","36282","従業者数　総数","10～19人","民営","総数","うち常用雇用者","89自動車整備業"
"004","004","000","000","001","705","00000","2009000000","38817","従業者数　総数","10～19人","民営","総数","うち常用雇用者","90機械等修理業（別掲を除く）"
"004","004","000","000","001","711","00000","2009000000","31853","従業者数　総数","10～19人","民営","総数","うち常用雇用者","91職業紹介・労働者派遣業"
"004","004","000","000","001","715","00000","2009000000","147789","従業者数　総数","10～19人","民営","総数","うち常用雇用者","92その他の事業サービス業"
"004","004","000","000","001","721","00000","2009000000","40374","従業者数　総数","10～19人","民営","総数","うち常用雇用者","93政治・経済・文化団体"
"004","004","000","000","001","727","00000","2009000000","13279","従業者数　総数","10～19人","民営","総数","うち常用雇用者","94宗教"
"004","004","000","000","001","732","00000","2009000000","4214","従業者数　総数","10～19人","民営","総数","うち常用雇用者","95その他のサービス業"
"004","005","000","000","001","001","00000","2009000000","4533294","従業者数　総数","20～29人","民営","総数","うち常用雇用者","A～R全産業（Ｓ公務を除く）"
"004","005","000","000","001","002","00000","2009000000","29917","従業者数　総数","20～29人","民営","総数","うち常用雇用者","A～B農林漁業"
"004","005","000","000","001","003","00000","2009000000","25014","従業者数　総数","20～29人","民営","総数","うち常用雇用者","A農業，林業"
"004","005","000","000","001","004","00000","2009000000","19968","従業者数　総数","20～29人","民営","総数","うち常用雇用者","01農業"
"004","005","000","000","001","010","00000","2009000000","5046","従業者数　総数","20～29人","民営","総数","うち常用雇用者","02林業"
"004","005","000","000","001","017","00000","2009000000","4903","従業者数　総数","20～29人","民営","総数","うち常用雇用者","B漁業"
"004","005","000","000","001","018","00000","2009000000","3795","従業者数　総数","20～29人","民営","総数","うち常用雇用者","03漁業（水産養殖業を除く）"
"004","005","000","000","001","022","00000","2009000000","1108","従業者数　総数","20～29人","民営","総数","うち常用雇用者","04水産養殖業"
"004","005","000","000","001","027","00000","2009000000","4503377","従業者数　総数","20～29人","民営","総数","うち常用雇用者","C～R非農林漁業（Ｓ公務を除く）"
"004","005","000","000","001","028","00000","2009000000","3025","従業者数　総数","20～29人","民営","総数","うち常用雇用者","C鉱業，採石業，砂利採取業"
"004","005","000","000","001","029","00000","2009000000","3025","従業者数　総数","20～29人","民営","総数","うち常用雇用者","05鉱業，採石業，砂利採取業"
"004","005","000","000","001","037","00000","2009000000","315219","従業者数　総数","20～29人","民営","総数","うち常用雇用者","D建設業"
"004","005","000","000","001","038","00000","2009000000","151166","従業者数　総数","20～29人","民営","総数","うち常用雇用者","06総合工事業"
"004","005","000","000","001","046","00000","2009000000","67674","従業者数　総数","20～29人","民営","総数","うち常用雇用者","07職別工事業（設備工事業を除く）"
"004","005","000","000","001","059","00000","2009000000","96379","従業者数　総数","20～29人","民営","総数","うち常用雇用者","08設備工事業"
"004","005","000","000","001","066","00000","2009000000","591971","従業者数　総数","20～29人","民営","総数","うち常用雇用者","E製造業"
"004","005","000","000","001","067","00000","2009000000","83572","従業者数　総数","20～29人","民営","総数","うち常用雇用者","09食料品製造業"
"004","005","000","000","001","078","00000","2009000000","11448","従業者数　総数","20～29人","民営","総数","うち常用雇用者","10飲料・たばこ・飼料製造業"
"004","005","000","000","001","086","00000","2009000000","37194","従業者数　総数","20～29人","民営","総数","うち常用雇用者","11繊維工業"
"004","005","000","000","001","097","00000","2009000000","12628","従業者数　総数","20～29人","民営","総数","うち常用雇用者","12木材・木製品製造業（家具を除く）"
"004","005","000","000","001","103","00000","2009000000","11108","従業者数　総数","20～29人","民営","総数","うち常用雇用者","13家具・装備品製造業"
"004","005","000","000","001","109","00000","2009000000","21184","従業者数　総数","20～29人","民営","総数","うち常用雇用者","14パルプ・紙・紙加工品製造業"
"004","005","000","000","001","117","00000","2009000000","36190","従業者数　総数","20～29人","民営","総数","うち常用雇用者","15印刷・同関連業"
"004","005","000","000","001","123","00000","2009000000","20256","従業者数　総数","20～29人","民営","総数","うち常用雇用者","16化学工業"
"004","005","000","000","001","132","00000","2009000000","1697","従業者数　総数","20～29人","民営","総数","うち常用雇用者","17石油製品・石炭製品製造業"
"004","005","000","000","001","139","00000","2009000000","37564","従業者数　総数","20～29人","民営","総数","うち常用雇用者","18プラスチック製品製造業"
"004","005","000","000","001","147","00000","2009000000","8118","従業者数　総数","20～29人","民営","総数","うち常用雇用者","19ゴム製品製造業"
"004","005","000","000","001","153","00000","2009000000","4088","従業者数　総数","20～29人","民営","総数","うち常用雇用者","20なめし革・同製品・毛皮製造業"
"004","005","000","000","001","164","00000","2009000000","29161","従業者数　総数","20～29人","民営","総数","うち常用雇用者","21窯業・土石製品製造業"
"004","005","000","000","001","175","00000","2009000000","13965","従業者数　総数","20～29人","民営","総数","うち常用雇用者","22鉄鋼業"
"004","005","000","000","001","183","00000","2009000000","8384","従業者数　総数","20～29人","民営","総数","うち常用雇用者","23非鉄金属製造業"
"004","005","000","000","001","191","00000","2009000000","66882","従業者数　総数","20～29人","民営","総数","うち常用雇用者","24金属製品製造業"
"004","005","000","000","001","202","00000","2009000000","24512","従業者数　総数","20～29人","民営","総数","うち常用雇用者","25はん用機械器具製造業"
"004","005","000","000","001","208","00000","2009000000","43988","従業者数　総数","20～29人","民営","総数","うち常用雇用者","26生産用機械器具製造業"
"004","005","000","000","001","218","00000","2009000000","14755","従業者数　総数","20～29人","民営","総数","うち常用雇用者","27業務用機械器具製造業"
"004","005","000","000","001","226","00000","2009000000","20909","従業者数　総数","20～29人","民営","総数","うち常用雇用者","28電子部品・デバイス・電子回路製造業"
"004","005","000","000","001","234","00000","2009000000","28988","従業者数　総数","20～29人","民営","総数","うち常用雇用者","29電気機械器具製造業"
"004","005","000","000","001","244","00000","2009000000","7620","従業者数　総数","20～29人","民営","総数","うち常用雇用者","30情報通信機械器具製造業"
"004","005","000","000","001","249","00000","2009000000","30295","従業者数　総数","20～29人","民営","総数","うち常用雇用者","31輸送用機械器具製造業"
"004","005","000","000","001","257","00000","2009000000","17465","従業者数　総数","20～29人","民営","総数","うち常用雇用者","32その他の製造業"
"004","005","000","000","001","272","00000","2009000000","7773","従業者数　総数","20～29人","民営","総数","うち常用雇用者","F電気・ガス・熱供給・水道業"
"004","005","000","000","001","273","00000","2009000000","3142","従業者数　総数","20～29人","民営","総数","うち常用雇用者","33電気業"
"004","005","000","000","001","276","00000","2009000000","1499","従業者数　総数","20～29人","民営","総数","うち常用雇用者","34ガス業"
"004","005","000","000","001","279","00000","2009000000","297","従業者数　総数","20～29人","民営","総数","うち常用雇用者","35熱供給業"
"004","005","000","000","001","282","00000","2009000000","2835","従業者数　総数","20～29人","民営","総数","うち常用雇用者","36水道業"
"004","005","000","000","001","287","00000","2009000000","88940","従業者数　総数","20～29人","民営","総数","うち常用雇用者","G情報通信業"
"004","005","000","000","001","288","00000","2009000000","8248","従業者数　総数","20～29人","民営","総数","うち常用雇用者","37通信業"
"004","005","000","000","001","293","00000","2009000000","3106","従業者数　総数","20～29人","民営","総数","うち常用雇用者","38放送業"
"004","005","000","000","001","298","00000","2009000000","55753","従業者数　総数","20～29人","民営","総数","うち常用雇用者","39情報サービス業"
"004","005","000","000","001","305","00000","2009000000","4359","従業者数　総数","20～29人","民営","総数","うち常用雇用者","40インターネット附随サービス業"
"004","005","000","000","001","308","00000","2009000000","17474","従業者数　総数","20～29人","民営","総数","うち常用雇用者","41映像・音声・文字情報制作業"
"004","005","000","000","001","318","00000","2009000000","313634","従業者数　総数","20～29人","民営","総数","うち常用雇用者","H運輸業，郵便業"
"004","005","000","000","001","319","00000","2009000000","10930","従業者数　総数","20～29人","民営","総数","うち常用雇用者","42鉄道業"
"004","005","000","000","001","322","00000","2009000000","31403","従業者数　総数","20～29人","民営","総数","うち常用雇用者","43道路旅客運送業"
"004","005","000","000","001","328","00000","2009000000","210016","従業者数　総数","20～29人","民営","総数","うち常用雇用者","44道路貨物運送業"
"004","005","000","000","001","335","00000","2009000000","4971","従業者数　総数","20～29人","民営","総数","うち常用雇用者","45水運業"
"004","005","000","000","001","341","00000","2009000000","1145","従業者数　総数","20～29人","民営","総数","うち常用雇用者","46航空運輸業"
"004","005","000","000","001","345","00000","2009000000","18957","従業者数　総数","20～29人","民営","総数","うち常用雇用者","47倉庫業"
"004","005","000","000","001","349","00000","2009000000","28577","従業者数　総数","20～29人","民営","総数","うち常用雇用者","48運輸に附帯するサービス業"
"004","005","000","000","001","357","00000","2009000000","7635","従業者数　総数","20～29人","民営","総数","うち常用雇用者","49郵便業（信書便事業を含む）"
"004","005","000","000","001","360","00000","2009000000","1094761","従業者数　総数","20～29人","民営","総数","うち常用雇用者","I卸売業，小売業"
"004","005","000","000","001","361","00000","2009000000","838","従業者数　総数","20～29人","民営","総数","うち常用雇用者","50各種商品卸売業"
"004","005","000","000","001","366","00000","2009000000","20493","従業者数　総数","20～29人","民営","総数","うち常用雇用者","51繊維・衣服等卸売業"
"004","005","000","000","001","371","00000","2009000000","91224","従業者数　総数","20～29人","民営","総数","うち常用雇用者","52飲食料品卸売業"
"004","005","000","000","001","380","00000","2009000000","69698","従業者数　総数","20～29人","民営","総数","うち常用雇用者","53建築材料，鉱物・金属材料等卸売業"
"004","005","000","000","001","388","00000","2009000000","104103","従業者数　総数","20～29人","民営","総数","うち常用雇用者","54機械器具卸売業"
"004","005","000","000","001","394","00000","2009000000","84084","従業者数　総数","20～29人","民営","総数","うち常用雇用者","55その他の卸売業"
"004","005","000","000","001","402","00000","2009000000","5395","従業者数　総数","20～29人","民営","総数","うち常用雇用者","56各種商品小売業"
"004","005","000","000","001","406","00000","2009000000","30833","従業者数　総数","20～29人","民営","総数","うち常用雇用者","57織物・衣服・身の回り品小売業"
"004","005","000","000","001","413","00000","2009000000","322610","従業者数　総数","20～29人","民営","総数","うち常用雇用者","58飲食料品小売業"
"004","005","000","000","001","424","00000","2009000000","106006","従業者数　総数","20～29人","民営","総数","うち常用雇用者","59機械器具小売業"
"004","005","000","000","001","429","00000","2009000000","251781","従業者数　総数","20～29人","民営","総数","うち常用雇用者","60その他の小売業"
"004","005","000","000","001","447","00000","2009000000","7696","従業者数　総数","20～29人","民営","総数","うち常用雇用者","61無店舗小売業"
"004","005","000","000","001","452","00000","2009000000","205332","従業者数　総数","20～29人","民営","総数","うち常用雇用者","J金融業，保険業"
"004","005","000","000","001","453","00000","2009000000","61779","従業者数　総数","20～29人","民営","総数","うち常用雇用者","62銀行業"
"004","005","000","000","001","457","00000","2009000000","26191","従業者数　総数","20～29人","民営","総数","うち常用雇用者","63協同組織金融業"
"004","005","000","000","001","461","00000","2009000000","6920","従業者数　総数","20～29人","民営","総数","うち常用雇用者","64クレジットカード業等非預金信用機関"
"004","005","000","000","001","467","00000","2009000000","9024","従業者数　総数","20～29人","民営","総数","うち常用雇用者","65金融商品取引業，商品先物取引業"
"004","005","000","000","001","471","00000","2009000000","1990","従業者数　総数","20～29人","民営","総数","うち常用雇用者","66補助的金融業等"
"004","005","000","000","001","476","00000","2009000000","99428","従業者数　総数","20～29人","民営","総数","うち常用雇用者","67保険業（保険媒介代理業等を含む）"
"004","005","000","000","001","483","00000","2009000000","71061","従業者数　総数","20～29人","民営","総数","うち常用雇用者","K不動産業，物品賃貸業"
"004","005","000","000","001","484","00000","2009000000","13915","従業者数　総数","20～29人","民営","総数","うち常用雇用者","68不動産取引業"
"004","005","000","000","001","488","00000","2009000000","21461","従業者数　総数","20～29人","民営","総数","うち常用雇用者","69不動産賃貸業・管理業"
"004","005","000","000","001","494","00000","2009000000","35685","従業者数　総数","20～29人","民営","総数","うち常用雇用者","70物品賃貸業"
"004","005","000","000","001","504","00000","2009000000","96515","従業者数　総数","20～29人","民営","総数","うち常用雇用者","L学術研究，専門・技術サービス業"
"004","005","000","000","001","505","00000","2009000000","8817","従業者数　総数","20～29人","民営","総数","うち常用雇用者","71学術・開発研究機関"
"004","005","000","000","001","509","00000","2009000000","26497","従業者数　総数","20～29人","民営","総数","うち常用雇用者","72専門サービス業"
"004","005","000","000","001","528","00000","2009000000","10588","従業者数　総数","20～29人","民営","総数","うち常用雇用者","73広告業"
"004","005","000","000","001","531","00000","2009000000","50613","従業者数　総数","20～29人","民営","総数","うち常用雇用者","74技術サービス業"
"004","005","000","000","001","543","00000","2009000000","666306","従業者数　総数","20～29人","民営","総数","うち常用雇用者","M宿泊業，飲食サービス業"
"004","005","000","000","001","544","00000","2009000000","60204","従業者数　総数","20～29人","民営","総数","うち常用雇用者","75宿泊業"
"004","005","000","000","001","552","00000","2009000000","549925","従業者数　総数","20～29人","民営","総数","うち常用雇用者","76飲食店"
"004","005","000","000","001","569","00000","2009000000","56177","従業者数　総数","20～29人","民営","総数","うち常用雇用者","77持ち帰り・配達飲食サービス業"
"004","005","000","000","001","573","00000","2009000000","213417","従業者数　総数","20～29人","民営","総数","うち常用雇用者","N生活関連サービス業，娯楽業"
"004","005","000","000","001","574","00000","2009000000","58205","従業者数　総数","20～29人","民営","総数","うち常用雇用者","78洗濯・理容・美容・浴場業"
"004","005","000","000","001","584","00000","2009000000","32669","従業者数　総数","20～29人","民営","総数","うち常用雇用者","79その他の生活関連サービス業"
"004","005","000","000","001","597","00000","2009000000","122543","従業者数　総数","20～29人","民営","総数","うち常用雇用者","80娯楽業"
"004","005","000","000","001","620","00000","2009000000","133568","従業者数　総数","20～29人","民営","総数","うち常用雇用者","O教育，学習支援業"
"004","005","000","000","001","621","00000","2009000000","61077","従業者数　総数","20～29人","民営","総数","うち常用雇用者","81学校教育"
"004","005","000","000","001","631","00000","2009000000","72491","従業者数　総数","20～29人","民営","総数","うち常用雇用者","82その他の教育，学習支援業"
"004","005","000","000","001","650","00000","2009000000","416883","従業者数　総数","20～29人","民営","総数","うち常用雇用者","P医療，福祉"
"004","005","000","000","001","651","00000","2009000000","108860","従業者数　総数","20～29人","民営","総数","うち常用雇用者","83医療業"
"004","005","000","000","001","663","00000","2009000000","2753","従業者数　総数","20～29人","民営","総数","うち常用雇用者","84保健衛生"
"004","005","000","000","001","668","00000","2009000000","305270","従業者数　総数","20～29人","民営","総数","うち常用雇用者","85社会保険・社会福祉・介護事業"
"004","005","000","000","001","687","00000","2009000000","35178","従業者数　総数","20～29人","民営","総数","うち常用雇用者","Q複合サービス事業"
"004","005","000","000","001","688","00000","2009000000","10690","従業者数　総数","20～29人","民営","総数","うち常用雇用者","86郵便局"
"004","005","000","000","001","692","00000","2009000000","24488","従業者数　総数","20～29人","民営","総数","うち常用雇用者","87協同組合（他に分類されないもの）"
"004","005","000","000","001","696","00000","2009000000","249794","従業者数　総数","20～29人","民営","総数","うち常用雇用者","Rサービス業（他に分類されないもの）"
"004","005","000","000","001","697","00000","2009000000","31934","従業者数　総数","20～29人","民営","総数","うち常用雇用者","88廃棄物処理業"
"004","005","000","000","001","702","00000","2009000000","14528","従業者数　総数","20～29人","民営","総数","うち常用雇用者","89自動車整備業"
"004","005","000","000","001","705","00000","2009000000","21740","従業者数　総数","20～29人","民営","総数","うち常用雇用者","90機械等修理業（別掲を除く）"
"004","005","000","000","001","711","00000","2009000000","28202","従業者数　総数","20～29人","民営","総数","うち常用雇用者","91職業紹介・労働者派遣業"
"004","005","000","000","001","715","00000","2009000000","126227","従業者数　総数","20～29人","民営","総数","うち常用雇用者","92その他の事業サービス業"
"004","005","000","000","001","721","00000","2009000000","19591","従業者数　総数","20～29人","民営","総数","うち常用雇用者","93政治・経済・文化団体"
"004","005","000","000","001","727","00000","2009000000","5541","従業者数　総数","20～29人","民営","総数","うち常用雇用者","94宗教"
"004","005","000","000","001","732","00000","2009000000","2031","従業者数　総数","20～29人","民営","総数","うち常用雇用者","95その他のサービス業"
"004","006","000","000","001","001","00000","2009000000","5278532","従業者数　総数","30～49人","民営","総数","うち常用雇用者","A～R全産業（Ｓ公務を除く）"
"004","006","000","000","001","002","00000","2009000000","32544","従業者数　総数","30～49人","民営","総数","うち常用雇用者","A～B農林漁業"
"004","006","000","000","001","003","00000","2009000000","28401","従業者数　総数","30～49人","民営","総数","うち常用雇用者","A農業，林業"
"004","006","000","000","001","004","00000","2009000000","22536","従業者数　総数","30～49人","民営","総数","うち常用雇用者","01農業"
"004","006","000","000","001","010","00000","2009000000","5865","従業者数　総数","30～49人","民営","総数","うち常用雇用者","02林業"
"004","006","000","000","001","017","00000","2009000000","4143","従業者数　総数","30～49人","民営","総数","うち常用雇用者","B漁業"
"004","006","000","000","001","018","00000","2009000000","3536","従業者数　総数","30～49人","民営","総数","うち常用雇用者","03漁業（水産養殖業を除く）"
"004","006","000","000","001","022","00000","2009000000","607","従業者数　総数","30～49人","民営","総数","うち常用雇用者","04水産養殖業"
"004","006","000","000","001","027","00000","2009000000","5245988","従業者数　総数","30～49人","民営","総数","うち常用雇用者","C～R非農林漁業（Ｓ公務を除く）"
"004","006","000","000","001","028","00000","2009000000","2974","従業者数　総数","30～49人","民営","総数","うち常用雇用者","C鉱業，採石業，砂利採取業"
"004","006","000","000","001","029","00000","2009000000","2974","従業者数　総数","30～49人","民営","総数","うち常用雇用者","05鉱業，採石業，砂利採取業"
"004","006","000","000","001","037","00000","2009000000","306546","従業者数　総数","30～49人","民営","総数","うち常用雇用者","D建設業"
"004","006","000","000","001","038","00000","2009000000","150017","従業者数　総数","30～49人","民営","総数","うち常用雇用者","06総合工事業"
"004","006","000","000","001","046","00000","2009000000","56235","従業者数　総数","30～49人","民営","総数","うち常用雇用者","07職別工事業（設備工事業を除く）"
"004","006","000","000","001","059","00000","2009000000","100294","従業者数　総数","30～49人","民営","総数","うち常用雇用者","08設備工事業"
"004","006","000","000","001","066","00000","2009000000","838707","従業者数　総数","30～49人","民営","総数","うち常用雇用者","E製造業"
"004","006","000","000","001","067","00000","2009000000","128804","従業者数　総数","30～49人","民営","総数","うち常用雇用者","09食料品製造業"
"004","006","000","000","001","078","00000","2009000000","14793","従業者数　総数","30～49人","民営","総数","うち常用雇用者","10飲料・たばこ・飼料製造業"
"004","006","000","000","001","086","00000","2009000000","46703","従業者数　総数","30～49人","民営","総数","うち常用雇用者","11繊維工業"
"004","006","000","000","001","097","00000","2009000000","15347","従業者数　総数","30～49人","民営","総数","うち常用雇用者","12木材・木製品製造業（家具を除く）"
"004","006","000","000","001","103","00000","2009000000","12489","従業者数　総数","30～49人","民営","総数","うち常用雇用者","13家具・装備品製造業"
"004","006","000","000","001","109","00000","2009000000","29911","従業者数　総数","30～49人","民営","総数","うち常用雇用者","14パルプ・紙・紙加工品製造業"
"004","006","000","000","001","117","00000","2009000000","48620","従業者数　総数","30～49人","民営","総数","うち常用雇用者","15印刷・同関連業"
"004","006","000","000","001","123","00000","2009000000","37361","従業者数　総数","30～49人","民営","総数","うち常用雇用者","16化学工業"
"004","006","000","000","001","132","00000","2009000000","1736","従業者数　総数","30～49人","民営","総数","うち常用雇用者","17石油製品・石炭製品製造業"
"004","006","000","000","001","139","00000","2009000000","54742","従業者数　総数","30～49人","民営","総数","うち常用雇用者","18プラスチック製品製造業"
"004","006","000","000","001","147","00000","2009000000","10556","従業者数　総数","30～49人","民営","総数","うち常用雇用者","19ゴム製品製造業"
"004","006","000","000","001","153","00000","2009000000","4658","従業者数　総数","30～49人","民営","総数","うち常用雇用者","20なめし革・同製品・毛皮製造業"
"004","006","000","000","001","164","00000","2009000000","34909","従業者数　総数","30～49人","民営","総数","うち常用雇用者","21窯業・土石製品製造業"
"004","006","000","000","001","175","00000","2009000000","18660","従業者数　総数","30～49人","民営","総数","うち常用雇用者","22鉄鋼業"
"004","006","000","000","001","183","00000","2009000000","13655","従業者数　総数","30～49人","民営","総数","うち常用雇用者","23非鉄金属製造業"
"004","006","000","000","001","191","00000","2009000000","86624","従業者数　総数","30～49人","民営","総数","うち常用雇用者","24金属製品製造業"
"004","006","000","000","001","202","00000","2009000000","33202","従業者数　総数","30～49人","民営","総数","うち常用雇用者","25はん用機械器具製造業"
"004","006","000","000","001","208","00000","2009000000","61140","従業者数　総数","30～49人","民営","総数","うち常用雇用者","26生産用機械器具製造業"
"004","006","000","000","001","218","00000","2009000000","23907","従業者数　総数","30～49人","民営","総数","うち常用雇用者","27業務用機械器具製造業"
"004","006","000","000","001","226","00000","2009000000","32900","従業者数　総数","30～49人","民営","総数","うち常用雇用者","28電子部品・デバイス・電子回路製造業"
"004","006","000","000","001","234","00000","2009000000","43120","従業者数　総数","30～49人","民営","総数","うち常用雇用者","29電気機械器具製造業"
"004","006","000","000","001","244","00000","2009000000","12604","従業者数　総数","30～49人","民営","総数","うち常用雇用者","30情報通信機械器具製造業"
"004","006","000","000","001","249","00000","2009000000","50253","従業者数　総数","30～49人","民営","総数","うち常用雇用者","31輸送用機械器具製造業"
"004","006","000","000","001","257","00000","2009000000","22013","従業者数　総数","30～49人","民営","総数","うち常用雇用者","32その他の製造業"
"004","006","000","000","001","272","00000","2009000000","13669","従業者数　総数","30～49人","民営","総数","うち常用雇用者","F電気・ガス・熱供給・水道業"
"004","006","000","000","001","273","00000","2009000000","6896","従業者数　総数","30～49人","民営","総数","うち常用雇用者","33電気業"
"004","006","000","000","001","276","00000","2009000000","3068","従業者数　総数","30～49人","民営","総数","うち常用雇用者","34ガス業"
"004","006","000","000","001","279","00000","2009000000","258","従業者数　総数","30～49人","民営","総数","うち常用雇用者","35熱供給業"
"004","006","000","000","001","282","00000","2009000000","3447","従業者数　総数","30～49人","民営","総数","うち常用雇用者","36水道業"
"004","006","000","000","001","287","00000","2009000000","139166","従業者数　総数","30～49人","民営","総数","うち常用雇用者","G情報通信業"
"004","006","000","000","001","288","00000","2009000000","11335","従業者数　総数","30～49人","民営","総数","うち常用雇用者","37通信業"
"004","006","000","000","001","293","00000","2009000000","4704","従業者数　総数","30～49人","民営","総数","うち常用雇用者","38放送業"
"004","006","000","000","001","298","00000","2009000000","92926","従業者数　総数","30～49人","民営","総数","うち常用雇用者","39情報サービス業"
"004","006","000","000","001","305","00000","2009000000","5303","従業者数　総数","30～49人","民営","総数","うち常用雇用者","40インターネット附随サービス業"
"004","006","000","000","001","308","00000","2009000000","24898","従業者数　総数","30～49人","民営","総数","うち常用雇用者","41映像・音声・文字情報制作業"
"004","006","000","000","001","318","00000","2009000000","475228","従業者数　総数","30～49人","民営","総数","うち常用雇用者","H運輸業，郵便業"
"004","006","000","000","001","319","00000","2009000000","22195","従業者数　総数","30～49人","民営","総数","うち常用雇用者","42鉄道業"
"004","006","000","000","001","322","00000","2009000000","64495","従業者数　総数","30～49人","民営","総数","うち常用雇用者","43道路旅客運送業"
"004","006","000","000","001","328","00000","2009000000","304936","従業者数　総数","30～49人","民営","総数","うち常用雇用者","44道路貨物運送業"
"004","006","000","000","001","335","00000","2009000000","6351","従業者数　総数","30～49人","民営","総数","うち常用雇用者","45水運業"
"004","006","000","000","001","341","00000","2009000000","1846","従業者数　総数","30～49人","民営","総数","うち常用雇用者","46航空運輸業"
"004","006","000","000","001","345","00000","2009000000","24021","従業者数　総数","30～49人","民営","総数","うち常用雇用者","47倉庫業"
"004","006","000","000","001","349","00000","2009000000","42863","従業者数　総数","30～49人","民営","総数","うち常用雇用者","48運輸に附帯するサービス業"
"004","006","000","000","001","357","00000","2009000000","8521","従業者数　総数","30～49人","民営","総数","うち常用雇用者","49郵便業（信書便事業を含む）"
"004","006","000","000","001","360","00000","2009000000","1079031","従業者数　総数","30～49人","民営","総数","うち常用雇用者","I卸売業，小売業"
"004","006","000","000","001","361","00000","2009000000","778","従業者数　総数","30～49人","民営","総数","うち常用雇用者","50各種商品卸売業"
"004","006","000","000","001","366","00000","2009000000","26035","従業者数　総数","30～49人","民営","総数","うち常用雇用者","51繊維・衣服等卸売業"
"004","006","000","000","001","371","00000","2009000000","104564","従業者数　総数","30～49人","民営","総数","うち常用雇用者","52飲食料品卸売業"
"004","006","000","000","001","380","00000","2009000000","69773","従業者数　総数","30～49人","民営","総数","うち常用雇用者","53建築材料，鉱物・金属材料等卸売業"
"004","006","000","000","001","388","00000","2009000000","116330","従業者数　総数","30～49人","民営","総数","うち常用雇用者","54機械器具卸売業"
"004","006","000","000","001","394","00000","2009000000","96610","従業者数　総数","30～49人","民営","総数","うち常用雇用者","55その他の卸売業"
"004","006","000","000","001","402","00000","2009000000","19229","従業者数　総数","30～49人","民営","総数","うち常用雇用者","56各種商品小売業"
"004","006","000","000","001","406","00000","2009000000","32169","従業者数　総数","30～49人","民営","総数","うち常用雇用者","57織物・衣服・身の回り品小売業"
"004","006","000","000","001","413","00000","2009000000","272929","従業者数　総数","30～49人","民営","総数","うち常用雇用者","58飲食料品小売業"
"004","006","000","000","001","424","00000","2009000000","81033","従業者数　総数","30～49人","民営","総数","うち常用雇用者","59機械器具小売業"
"004","006","000","000","001","429","00000","2009000000","247112","従業者数　総数","30～49人","民営","総数","うち常用雇用者","60その他の小売業"
"004","006","000","000","001","447","00000","2009000000","12469","従業者数　総数","30～49人","民営","総数","うち常用雇用者","61無店舗小売業"
"004","006","000","000","001","452","00000","2009000000","230937","従業者数　総数","30～49人","民営","総数","うち常用雇用者","J金融業，保険業"
"004","006","000","000","001","453","00000","2009000000","63987","従業者数　総数","30～49人","民営","総数","うち常用雇用者","62銀行業"
"004","006","000","000","001","457","00000","2009000000","13414","従業者数　総数","30～49人","民営","総数","うち常用雇用者","63協同組織金融業"
"004","006","000","000","001","461","00000","2009000000","9998","従業者数　総数","30～49人","民営","総数","うち常用雇用者","64クレジットカード業等非預金信用機関"
"004","006","000","000","001","467","00000","2009000000","14191","従業者数　総数","30～49人","民営","総数","うち常用雇用者","65金融商品取引業，商品先物取引業"
"004","006","000","000","001","471","00000","2009000000","2946","従業者数　総数","30～49人","民営","総数","うち常用雇用者","66補助的金融業等"
"004","006","000","000","001","476","00000","2009000000","126401","従業者数　総数","30～49人","民営","総数","うち常用雇用者","67保険業（保険媒介代理業等を含む）"
"004","006","000","000","001","483","00000","2009000000","73085","従業者数　総数","30～49人","民営","総数","うち常用雇用者","K不動産業，物品賃貸業"
"004","006","000","000","001","484","00000","2009000000","14790","従業者数　総数","30～49人","民営","総数","うち常用雇用者","68不動産取引業"
"004","006","000","000","001","488","00000","2009000000","25982","従業者数　総数","30～49人","民営","総数","うち常用雇用者","69不動産賃貸業・管理業"
"004","006","000","000","001","494","00000","2009000000","32313","従業者数　総数","30～49人","民営","総数","うち常用雇用者","70物品賃貸業"
"004","006","000","000","001","504","00000","2009000000","116209","従業者数　総数","30～49人","民営","総数","うち常用雇用者","L学術研究，専門・技術サービス業"
"004","006","000","000","001","505","00000","2009000000","14218","従業者数　総数","30～49人","民営","総数","うち常用雇用者","71学術・開発研究機関"
"004","006","000","000","001","509","00000","2009000000","26581","従業者数　総数","30～49人","民営","総数","うち常用雇用者","72専門サービス業"
"004","006","000","000","001","528","00000","2009000000","12842","従業者数　総数","30～49人","民営","総数","うち常用雇用者","73広告業"
"004","006","000","000","001","531","00000","2009000000","62568","従業者数　総数","30～49人","民営","総数","うち常用雇用者","74技術サービス業"
"004","006","000","000","001","543","00000","2009000000","640248","従業者数　総数","30～49人","民営","総数","うち常用雇用者","M宿泊業，飲食サービス業"
"004","006","000","000","001","544","00000","2009000000","75514","従業者数　総数","30～49人","民営","総数","うち常用雇用者","75宿泊業"
"004","006","000","000","001","552","00000","2009000000","515817","従業者数　総数","30～49人","民営","総数","うち常用雇用者","76飲食店"
"004","006","000","000","001","569","00000","2009000000","48917","従業者数　総数","30～49人","民営","総数","うち常用雇用者","77持ち帰り・配達飲食サービス業"
"004","006","000","000","001","573","00000","2009000000","274074","従業者数　総数","30～49人","民営","総数","うち常用雇用者","N生活関連サービス業，娯楽業"
"004","006","000","000","001","574","00000","2009000000","65545","従業者数　総数","30～49人","民営","総数","うち常用雇用者","78洗濯・理容・美容・浴場業"
"004","006","000","000","001","584","00000","2009000000","37855","従業者数　総数","30～49人","民営","総数","うち常用雇用者","79その他の生活関連サービス業"
"004","006","000","000","001","597","00000","2009000000","170674","従業者数　総数","30～49人","民営","総数","うち常用雇用者","80娯楽業"
"004","006","000","000","001","620","00000","2009000000","139292","従業者数　総数","30～49人","民営","総数","うち常用雇用者","O教育，学習支援業"
"004","006","000","000","001","621","00000","2009000000","68569","従業者数　総数","30～49人","民営","総数","うち常用雇用者","81学校教育"
"004","006","000","000","001","631","00000","2009000000","70723","従業者数　総数","30～49人","民営","総数","うち常用雇用者","82その他の教育，学習支援業"
"004","006","000","000","001","650","00000","2009000000","508416","従業者数　総数","30～49人","民営","総数","うち常用雇用者","P医療，福祉"
"004","006","000","000","001","651","00000","2009000000","118661","従業者数　総数","30～49人","民営","総数","うち常用雇用者","83医療業"
"004","006","000","000","001","663","00000","2009000000","5212","従業者数　総数","30～49人","民営","総数","うち常用雇用者","84保健衛生"
"004","006","000","000","001","668","00000","2009000000","384543","従業者数　総数","30～49人","民営","総数","うち常用雇用者","85社会保険・社会福祉・介護事業"
"004","006","000","000","001","687","00000","2009000000","43496","従業者数　総数","30～49人","民営","総数","うち常用雇用者","Q複合サービス事業"
"004","006","000","000","001","688","00000","2009000000","19639","従業者数　総数","30～49人","民営","総数","うち常用雇用者","86郵便局"
"004","006","000","000","001","692","00000","2009000000","23857","従業者数　総数","30～49人","民営","総数","うち常用雇用者","87協同組合（他に分類されないもの）"
"004","006","000","000","001","696","00000","2009000000","364910","従業者数　総数","30～49人","民営","総数","うち常用雇用者","Rサービス業（他に分類されないもの）"
"004","006","000","000","001","697","00000","2009000000","39740","従業者数　総数","30～49人","民営","総数","うち常用雇用者","88廃棄物処理業"
"004","006","000","000","001","702","00000","2009000000","11614","従業者数　総数","30～49人","民営","総数","うち常用雇用者","89自動車整備業"
"004","006","000","000","001","705","00000","2009000000","24062","従業者数　総数","30～49人","民営","総数","うち常用雇用者","90機械等修理業（別掲を除く）"
"004","006","000","000","001","711","00000","2009000000","54122","従業者数　総数","30～49人","民営","総数","うち常用雇用者","91職業紹介・労働者派遣業"
"004","006","000","000","001","715","00000","2009000000","202757","従業者数　総数","30～49人","民営","総数","うち常用雇用者","92その他の事業サービス業"
"004","006","000","000","001","721","00000","2009000000","22240","従業者数　総数","30～49人","民営","総数","うち常用雇用者","93政治・経済・文化団体"
"004","006","000","000","001","727","00000","2009000000","7450","従業者数　総数","30～49人","民営","総数","うち常用雇用者","94宗教"
"004","006","000","000","001","732","00000","2009000000","2925","従業者数　総数","30～49人","民営","総数","うち常用雇用者","95その他のサービス業"
"004","007","000","000","001","001","00000","2009000000","6186846","従業者数　総数","50～99人","民営","総数","うち常用雇用者","A～R全産業（Ｓ公務を除く）"
"004","007","000","000","001","002","00000","2009000000","28245","従業者数　総数","50～99人","民営","総数","うち常用雇用者","A～B農林漁業"
"004","007","000","000","001","003","00000","2009000000","23992","従業者数　総数","50～99人","民営","総数","うち常用雇用者","A農業，林業"
"004","007","000","000","001","004","00000","2009000000","18212","従業者数　総数","50～99人","民営","総数","うち常用雇用者","01農業"
"004","007","000","000","001","010","00000","2009000000","5780","従業者数　総数","50～99人","民営","総数","うち常用雇用者","02林業"
"004","007","000","000","001","017","00000","2009000000","4253","従業者数　総数","50～99人","民営","総数","うち常用雇用者","B漁業"
"004","007","000","000","001","018","00000","2009000000","3854","従業者数　総数","50～99人","民営","総数","うち常用雇用者","03漁業（水産養殖業を除く）"
"004","007","000","000","001","022","00000","2009000000","399","従業者数　総数","50～99人","民営","総数","うち常用雇用者","04水産養殖業"
"004","007","000","000","001","027","00000","2009000000","6158601","従業者数　総数","50～99人","民営","総数","うち常用雇用者","C～R非農林漁業（Ｓ公務を除く）"
"004","007","000","000","001","028","00000","2009000000","1629","従業者数　総数","50～99人","民営","総数","うち常用雇用者","C鉱業，採石業，砂利採取業"
"004","007","000","000","001","029","00000","2009000000","1629","従業者数　総数","50～99人","民営","総数","うち常用雇用者","05鉱業，採石業，砂利採取業"
"004","007","000","000","001","037","00000","2009000000","278705","従業者数　総数","50～99人","民営","総数","うち常用雇用者","D建設業"
"004","007","000","000","001","038","00000","2009000000","139663","従業者数　総数","50～99人","民営","総数","うち常用雇用者","06総合工事業"
"004","007","000","000","001","046","00000","2009000000","34137","従業者数　総数","50～99人","民営","総数","うち常用雇用者","07職別工事業（設備工事業を除く）"
"004","007","000","000","001","059","00000","2009000000","104905","従業者数　総数","50～99人","民営","総数","うち常用雇用者","08設備工事業"
"004","007","000","000","001","066","00000","2009000000","1162809","従業者数　総数","50～99人","民営","総数","うち常用雇用者","E製造業"
"004","007","000","000","001","067","00000","2009000000","192225","従業者数　総数","50～99人","民営","総数","うち常用雇用者","09食料品製造業"
"004","007","000","000","001","078","00000","2009000000","16906","従業者数　総数","50～99人","民営","総数","うち常用雇用者","10飲料・たばこ・飼料製造業"
"004","007","000","000","001","086","00000","2009000000","63783","従業者数　総数","50～99人","民営","総数","うち常用雇用者","11繊維工業"
"004","007","000","000","001","097","00000","2009000000","13699","従業者数　総数","50～99人","民営","総数","うち常用雇用者","12木材・木製品製造業（家具を除く）"
"004","007","000","000","001","103","00000","2009000000","14754","従業者数　総数","50～99人","民営","総数","うち常用雇用者","13家具・装備品製造業"
"004","007","000","000","001","109","00000","2009000000","44228","従業者数　総数","50～99人","民営","総数","うち常用雇用者","14パルプ・紙・紙加工品製造業"
"004","007","000","000","001","117","00000","2009000000","61984","従業者数　総数","50～99人","民営","総数","うち常用雇用者","15印刷・同関連業"
"004","007","000","000","001","123","00000","2009000000","63290","従業者数　総数","50～99人","民営","総数","うち常用雇用者","16化学工業"
"004","007","000","000","001","132","00000","2009000000","2800","従業者数　総数","50～99人","民営","総数","うち常用雇用者","17石油製品・石炭製品製造業"
"004","007","000","000","001","139","00000","2009000000","72037","従業者数　総数","50～99人","民営","総数","うち常用雇用者","18プラスチック製品製造業"
"004","007","000","000","001","147","00000","2009000000","15851","従業者数　総数","50～99人","民営","総数","うち常用雇用者","19ゴム製品製造業"
"004","007","000","000","001","153","00000","2009000000","4361","従業者数　総数","50～99人","民営","総数","うち常用雇用者","20なめし革・同製品・毛皮製造業"
"004","007","000","000","001","164","00000","2009000000","34200","従業者数　総数","50～99人","民営","総数","うち常用雇用者","21窯業・土石製品製造業"
"004","007","000","000","001","175","00000","2009000000","29288","従業者数　総数","50～99人","民営","総数","うち常用雇用者","22鉄鋼業"
"004","007","000","000","001","183","00000","2009000000","21649","従業者数　総数","50～99人","民営","総数","うち常用雇用者","23非鉄金属製造業"
"004","007","000","000","001","191","00000","2009000000","99001","従業者数　総数","50～99人","民営","総数","うち常用雇用者","24金属製品製造業"
"004","007","000","000","001","202","00000","2009000000","46611","従業者数　総数","50～99人","民営","総数","うち常用雇用者","25はん用機械器具製造業"
"004","007","000","000","001","208","00000","2009000000","79058","従業者数　総数","50～99人","民営","総数","うち常用雇用者","26生産用機械器具製造業"
"004","007","000","000","001","218","00000","2009000000","33923","従業者数　総数","50～99人","民営","総数","うち常用雇用者","27業務用機械器具製造業"
"004","007","000","000","001","226","00000","2009000000","58587","従業者数　総数","50～99人","民営","総数","うち常用雇用者","28電子部品・デバイス・電子回路製造業"
"004","007","000","000","001","234","00000","2009000000","67537","従業者数　総数","50～99人","民営","総数","うち常用雇用者","29電気機械器具製造業"
"004","007","000","000","001","244","00000","2009000000","21040","従業者数　総数","50～99人","民営","総数","うち常用雇用者","30情報通信機械器具製造業"
"004","007","000","000","001","249","00000","2009000000","77582","従業者数　総数","50～99人","民営","総数","うち常用雇用者","31輸送用機械器具製造業"
"004","007","000","000","001","257","00000","2009000000","28415","従業者数　総数","50～99人","民営","総数","うち常用雇用者","32その他の製造業"
"004","007","000","000","001","272","00000","2009000000","32140","従業者数　総数","50～99人","民営","総数","うち常用雇用者","F電気・ガス・熱供給・水道業"
"004","007","000","000","001","273","00000","2009000000","22208","従業者数　総数","50～99人","民営","総数","うち常用雇用者","33電気業"
"004","007","000","000","001","276","00000","2009000000","6375","従業者数　総数","50～99人","民営","総数","うち常用雇用者","34ガス業"
"004","007","000","000","001","279","00000","2009000000","342","従業者数　総数","50～99人","民営","総数","うち常用雇用者","35熱供給業"
"004","007","000","000","001","282","00000","2009000000","3215","従業者数　総数","50～99人","民営","総数","うち常用雇用者","36水道業"
"004","007","000","000","001","287","00000","2009000000","207572","従業者数　総数","50～99人","民営","総数","うち常用雇用者","G情報通信業"
"004","007","000","000","001","288","00000","2009000000","14914","従業者数　総数","50～99人","民営","総数","うち常用雇用者","37通信業"
"004","007","000","000","001","293","00000","2009000000","11853","従業者数　総数","50～99人","民営","総数","うち常用雇用者","38放送業"
"004","007","000","000","001","298","00000","2009000000","139878","従業者数　総数","50～99人","民営","総数","うち常用雇用者","39情報サービス業"
"004","007","000","000","001","305","00000","2009000000","6629","従業者数　総数","50～99人","民営","総数","うち常用雇用者","40インターネット附随サービス業"
"004","007","000","000","001","308","00000","2009000000","34298","従業者数　総数","50～99人","民営","総数","うち常用雇用者","41映像・音声・文字情報制作業"
"004","007","000","000","001","318","00000","2009000000","618360","従業者数　総数","50～99人","民営","総数","うち常用雇用者","H運輸業，郵便業"
"004","007","000","000","001","319","00000","2009000000","37199","従業者数　総数","50～99人","民営","総数","うち常用雇用者","42鉄道業"
"004","007","000","000","001","322","00000","2009000000","127144","従業者数　総数","50～99人","民営","総数","うち常用雇用者","43道路旅客運送業"
"004","007","000","000","001","328","00000","2009000000","329472","従業者数　総数","50～99人","民営","総数","うち常用雇用者","44道路貨物運送業"
"004","007","000","000","001","335","00000","2009000000","7213","従業者数　総数","50～99人","民営","総数","うち常用雇用者","45水運業"
"004","007","000","000","001","341","00000","2009000000","3143","従業者数　総数","50～99人","民営","総数","うち常用雇用者","46航空運輸業"
"004","007","000","000","001","345","00000","2009000000","33921","従業者数　総数","50～99人","民営","総数","うち常用雇用者","47倉庫業"
"004","007","000","000","001","349","00000","2009000000","55042","従業者数　総数","50～99人","民営","総数","うち常用雇用者","48運輸に附帯するサービス業"
"004","007","000","000","001","357","00000","2009000000","25226","従業者数　総数","50～99人","民営","総数","うち常用雇用者","49郵便業（信書便事業を含む）"
"004","007","000","000","001","360","00000","2009000000","1231818","従業者数　総数","50～99人","民営","総数","うち常用雇用者","I卸売業，小売業"
"004","007","000","000","001","361","00000","2009000000","880","従業者数　総数","50～99人","民営","総数","うち常用雇用者","50各種商品卸売業"
"004","007","000","000","001","366","00000","2009000000","25799","従業者数　総数","50～99人","民営","総数","うち常用雇用者","51繊維・衣服等卸売業"
"004","007","000","000","001","371","00000","2009000000","112926","従業者数　総数","50～99人","民営","総数","うち常用雇用者","52飲食料品卸売業"
"004","007","000","000","001","380","00000","2009000000","54247","従業者数　総数","50～99人","民営","総数","うち常用雇用者","53建築材料，鉱物・金属材料等卸売業"
"004","007","000","000","001","388","00000","2009000000","126202","従業者数　総数","50～99人","民営","総数","うち常用雇用者","54機械器具卸売業"
"004","007","000","000","001","394","00000","2009000000","103915","従業者数　総数","50～99人","民営","総数","うち常用雇用者","55その他の卸売業"
"004","007","000","000","001","402","00000","2009000000","61397","従業者数　総数","50～99人","民営","総数","うち常用雇用者","56各種商品小売業"
"004","007","000","000","001","406","00000","2009000000","25391","従業者数　総数","50～99人","民営","総数","うち常用雇用者","57織物・衣服・身の回り品小売業"
"004","007","000","000","001","413","00000","2009000000","440210","従業者数　総数","50～99人","民営","総数","うち常用雇用者","58飲食料品小売業"
"004","007","000","000","001","424","00000","2009000000","61826","従業者数　総数","50～99人","民営","総数","うち常用雇用者","59機械器具小売業"
"004","007","000","000","001","429","00000","2009000000","198708","従業者数　総数","50～99人","民営","総数","うち常用雇用者","60その他の小売業"
"004","007","000","000","001","447","00000","2009000000","20317","従業者数　総数","50～99人","民営","総数","うち常用雇用者","61無店舗小売業"
"004","007","000","000","001","452","00000","2009000000","185296","従業者数　総数","50～99人","民営","総数","うち常用雇用者","J金融業，保険業"
"004","007","000","000","001","453","00000","2009000000","53371","従業者数　総数","50～99人","民営","総数","うち常用雇用者","62銀行業"
"004","007","000","000","001","457","00000","2009000000","13540","従業者数　総数","50～99人","民営","総数","うち常用雇用者","63協同組織金融業"
"004","007","000","000","001","461","00000","2009000000","14069","従業者数　総数","50～99人","民営","総数","うち常用雇用者","64クレジットカード業等非預金信用機関"
"004","007","000","000","001","467","00000","2009000000","20058","従業者数　総数","50～99人","民営","総数","うち常用雇用者","65金融商品取引業，商品先物取引業"
"004","007","000","000","001","471","00000","2009000000","5875","従業者数　総数","50～99人","民営","総数","うち常用雇用者","66補助的金融業等"
"004","007","000","000","001","476","00000","2009000000","78383","従業者数　総数","50～99人","民営","総数","うち常用雇用者","67保険業（保険媒介代理業等を含む）"
"004","007","000","000","001","483","00000","2009000000","71724","従業者数　総数","50～99人","民営","総数","うち常用雇用者","K不動産業，物品賃貸業"
"004","007","000","000","001","484","00000","2009000000","16164","従業者数　総数","50～99人","民営","総数","うち常用雇用者","68不動産取引業"
"004","007","000","000","001","488","00000","2009000000","32824","従業者数　総数","50～99人","民営","総数","うち常用雇用者","69不動産賃貸業・管理業"
"004","007","000","000","001","494","00000","2009000000","22736","従業者数　総数","50～99人","民営","総数","うち常用雇用者","70物品賃貸業"
"004","007","000","000","001","504","00000","2009000000","142947","従業者数　総数","50～99人","民営","総数","うち常用雇用者","L学術研究，専門・技術サービス業"
"004","007","000","000","001","505","00000","2009000000","26425","従業者数　総数","50～99人","民営","総数","うち常用雇用者","71学術・開発研究機関"
"004","007","000","000","001","509","00000","2009000000","29262","従業者数　総数","50～99人","民営","総数","うち常用雇用者","72専門サービス業"
"004","007","000","000","001","528","00000","2009000000","13726","従業者数　総数","50～99人","民営","総数","うち常用雇用者","73広告業"
"004","007","000","000","001","531","00000","2009000000","73534","従業者数　総数","50～99人","民営","総数","うち常用雇用者","74技術サービス業"
"004","007","000","000","001","543","00000","2009000000","427540","従業者数　総数","50～99人","民営","総数","うち常用雇用者","M宿泊業，飲食サービス業"
"004","007","000","000","001","544","00000","2009000000","92251","従業者数　総数","50～99人","民営","総数","うち常用雇用者","75宿泊業"
"004","007","000","000","001","552","00000","2009000000","293692","従業者数　総数","50～99人","民営","総数","うち常用雇用者","76飲食店"
"004","007","000","000","001","569","00000","2009000000","41597","従業者数　総数","50～99人","民営","総数","うち常用雇用者","77持ち帰り・配達飲食サービス業"
"004","007","000","000","001","573","00000","2009000000","275287","従業者数　総数","50～99人","民営","総数","うち常用雇用者","N生活関連サービス業，娯楽業"
"004","007","000","000","001","574","00000","2009000000","63666","従業者数　総数","50～99人","民営","総数","うち常用雇用者","78洗濯・理容・美容・浴場業"
"004","007","000","000","001","584","00000","2009000000","40695","従業者数　総数","50～99人","民営","総数","うち常用雇用者","79その他の生活関連サービス業"
"004","007","000","000","001","597","00000","2009000000","170926","従業者数　総数","50～99人","民営","総数","うち常用雇用者","80娯楽業"
"004","007","000","000","001","620","00000","2009000000","171068","従業者数　総数","50～99人","民営","総数","うち常用雇用者","O教育，学習支援業"
"004","007","000","000","001","621","00000","2009000000","115294","従業者数　総数","50～99人","民営","総数","うち常用雇用者","81学校教育"
"004","007","000","000","001","631","00000","2009000000","55774","従業者数　総数","50～99人","民営","総数","うち常用雇用者","82その他の教育，学習支援業"
"004","007","000","000","001","650","00000","2009000000","793198","従業者数　総数","50～99人","民営","総数","うち常用雇用者","P医療，福祉"
"004","007","000","000","001","651","00000","2009000000","201643","従業者数　総数","50～99人","民営","総数","うち常用雇用者","83医療業"
"004","007","000","000","001","663","00000","2009000000","10817","従業者数　総数","50～99人","民営","総数","うち常用雇用者","84保健衛生"
"004","007","000","000","001","668","00000","2009000000","580738","従業者数　総数","50～99人","民営","総数","うち常用雇用者","85社会保険・社会福祉・介護事業"
"004","007","000","000","001","687","00000","2009000000","42690","従業者数　総数","50～99人","民営","総数","うち常用雇用者","Q複合サービス事業"
"004","007","000","000","001","688","00000","2009000000","12614","従業者数　総数","50～99人","民営","総数","うち常用雇用者","86郵便局"
"004","007","000","000","001","692","00000","2009000000","30076","従業者数　総数","50～99人","民営","総数","うち常用雇用者","87協同組合（他に分類されないもの）"
"004","007","000","000","001","696","00000","2009000000","515818","従業者数　総数","50～99人","民営","総数","うち常用雇用者","Rサービス業（他に分類されないもの）"
"004","007","000","000","001","697","00000","2009000000","30612","従業者数　総数","50～99人","民営","総数","うち常用雇用者","88廃棄物処理業"
"004","007","000","000","001","702","00000","2009000000","7598","従業者数　総数","50～99人","民営","総数","うち常用雇用者","89自動車整備業"
"004","007","000","000","001","705","00000","2009000000","30294","従業者数　総数","50～99人","民営","総数","うち常用雇用者","90機械等修理業（別掲を除く）"
"004","007","000","000","001","711","00000","2009000000","106858","従業者数　総数","50～99人","民営","総数","うち常用雇用者","91職業紹介・労働者派遣業"
"004","007","000","000","001","715","00000","2009000000","306337","従業者数　総数","50～99人","民営","総数","うち常用雇用者","92その他の事業サービス業"
"004","007","000","000","001","721","00000","2009000000","23773","従業者数　総数","50～99人","民営","総数","うち常用雇用者","93政治・経済・文化団体"
"004","007","000","000","001","727","00000","2009000000","8155","従業者数　総数","50～99人","民営","総数","うち常用雇用者","94宗教"
"004","007","000","000","001","732","00000","2009000000","2191","従業者数　総数","50～99人","民営","総数","うち常用雇用者","95その他のサービス業"
"004","008","000","000","001","001","00000","2009000000","4852001","従業者数　総数","100～199人","民営","総数","うち常用雇用者","A～R全産業（Ｓ公務を除く）"
"004","008","000","000","001","002","00000","2009000000","14653","従業者数　総数","100～199人","民営","総数","うち常用雇用者","A～B農林漁業"
"004","008","000","000","001","003","00000","2009000000","12868","従業者数　総数","100～199人","民営","総数","うち常用雇用者","A農業，林業"
"004","008","000","000","001","004","00000","2009000000","10825","従業者数　総数","100～199人","民営","総数","うち常用雇用者","01農業"
"004","008","000","000","001","010","00000","2009000000","2043","従業者数　総数","100～199人","民営","総数","うち常用雇用者","02林業"
"004","008","000","000","001","017","00000","2009000000","1785","従業者数　総数","100～199人","民営","総数","うち常用雇用者","B漁業"
"004","008","000","000","001","018","00000","2009000000","1459","従業者数　総数","100～199人","民営","総数","うち常用雇用者","03漁業（水産養殖業を除く）"
"004","008","000","000","001","022","00000","2009000000","326","従業者数　総数","100～199人","民営","総数","うち常用雇用者","04水産養殖業"
"004","008","000","000","001","027","00000","2009000000","4837348","従業者数　総数","100～199人","民営","総数","うち常用雇用者","C～R非農林漁業（Ｓ公務を除く）"
"004","008","000","000","001","028","00000","2009000000","1805","従業者数　総数","100～199人","民営","総数","うち常用雇用者","C鉱業，採石業，砂利採取業"
"004","008","000","000","001","029","00000","2009000000","1805","従業者数　総数","100～199人","民営","総数","うち常用雇用者","05鉱業，採石業，砂利採取業"
"004","008","000","000","001","037","00000","2009000000","164766","従業者数　総数","100～199人","民営","総数","うち常用雇用者","D建設業"
"004","008","000","000","001","038","00000","2009000000","83987","従業者数　総数","100～199人","民営","総数","うち常用雇用者","06総合工事業"
"004","008","000","000","001","046","00000","2009000000","12251","従業者数　総数","100～199人","民営","総数","うち常用雇用者","07職別工事業（設備工事業を除く）"
"004","008","000","000","001","059","00000","2009000000","68528","従業者数　総数","100～199人","民営","総数","うち常用雇用者","08設備工事業"
"004","008","000","000","001","066","00000","2009000000","1115146","従業者数　総数","100～199人","民営","総数","うち常用雇用者","E製造業"
"004","008","000","000","001","067","00000","2009000000","192544","従業者数　総数","100～199人","民営","総数","うち常用雇用者","09食料品製造業"
"004","008","000","000","001","078","00000","2009000000","19950","従業者数　総数","100～199人","民営","総数","うち常用雇用者","10飲料・たばこ・飼料製造業"
"004","008","000","000","001","086","00000","2009000000","47219","従業者数　総数","100～199人","民営","総数","うち常用雇用者","11繊維工業"
"004","008","000","000","001","097","00000","2009000000","9417","従業者数　総数","100～199人","民営","総数","うち常用雇用者","12木材・木製品製造業（家具を除く）"
"004","008","000","000","001","103","00000","2009000000","13368","従業者数　総数","100～199人","民営","総数","うち常用雇用者","13家具・装備品製造業"
"004","008","000","000","001","109","00000","2009000000","33717","従業者数　総数","100～199人","民営","総数","うち常用雇用者","14パルプ・紙・紙加工品製造業"
"004","008","000","000","001","117","00000","2009000000","41172","従業者数　総数","100～199人","民営","総数","うち常用雇用者","15印刷・同関連業"
"004","008","000","000","001","123","00000","2009000000","73494","従業者数　総数","100～199人","民営","総数","うち常用雇用者","16化学工業"
"004","008","000","000","001","132","00000","2009000000","2350","従業者数　総数","100～199人","民営","総数","うち常用雇用者","17石油製品・石炭製品製造業"
"004","008","000","000","001","139","00000","2009000000","60202","従業者数　総数","100～199人","民営","総数","うち常用雇用者","18プラスチック製品製造業"
"004","008","000","000","001","147","00000","2009000000","17179","従業者数　総数","100～199人","民営","総数","うち常用雇用者","19ゴム製品製造業"
"004","008","000","000","001","153","00000","2009000000","2423","従業者数　総数","100～199人","民営","総数","うち常用雇用者","20なめし革・同製品・毛皮製造業"
"004","008","000","000","001","164","00000","2009000000","28452","従業者数　総数","100～199人","民営","総数","うち常用雇用者","21窯業・土石製品製造業"
"004","008","000","000","001","175","00000","2009000000","26437","従業者数　総数","100～199人","民営","総数","うち常用雇用者","22鉄鋼業"
"004","008","000","000","001","183","00000","2009000000","22980","従業者数　総数","100～199人","民営","総数","うち常用雇用者","23非鉄金属製造業"
"004","008","000","000","001","191","00000","2009000000","77683","従業者数　総数","100～199人","民営","総数","うち常用雇用者","24金属製品製造業"
"004","008","000","000","001","202","00000","2009000000","46771","従業者数　総数","100～199人","民営","総数","うち常用雇用者","25はん用機械器具製造業"
"004","008","000","000","001","208","00000","2009000000","72300","従業者数　総数","100～199人","民営","総数","うち常用雇用者","26生産用機械器具製造業"
"004","008","000","000","001","218","00000","2009000000","34917","従業者数　総数","100～199人","民営","総数","うち常用雇用者","27業務用機械器具製造業"
"004","008","000","000","001","226","00000","2009000000","72208","従業者数　総数","100～199人","民営","総数","うち常用雇用者","28電子部品・デバイス・電子回路製造業"
"004","008","000","000","001","234","00000","2009000000","74102","従業者数　総数","100～199人","民営","総数","うち常用雇用者","29電気機械器具製造業"
"004","008","000","000","001","244","00000","2009000000","28171","従業者数　総数","100～199人","民営","総数","うち常用雇用者","30情報通信機械器具製造業"
"004","008","000","000","001","249","00000","2009000000","92299","従業者数　総数","100～199人","民営","総数","うち常用雇用者","31輸送用機械器具製造業"
"004","008","000","000","001","257","00000","2009000000","25791","従業者数　総数","100～199人","民営","総数","うち常用雇用者","32その他の製造業"
"004","008","000","000","001","272","00000","2009000000","44720","従業者数　総数","100～199人","民営","総数","うち常用雇用者","F電気・ガス・熱供給・水道業"
"004","008","000","000","001","273","00000","2009000000","34389","従業者数　総数","100～199人","民営","総数","うち常用雇用者","33電気業"
"004","008","000","000","001","276","00000","2009000000","5674","従業者数　総数","100～199人","民営","総数","うち常用雇用者","34ガス業"
"004","008","000","000","001","279","00000","2009000000","225","従業者数　総数","100～199人","民営","総数","うち常用雇用者","35熱供給業"
"004","008","000","000","001","282","00000","2009000000","4432","従業者数　総数","100～199人","民営","総数","うち常用雇用者","36水道業"
"004","008","000","000","001","287","00000","2009000000","227064","従業者数　総数","100～199人","民営","総数","うち常用雇用者","G情報通信業"
"004","008","000","000","001","288","00000","2009000000","18218","従業者数　総数","100～199人","民営","総数","うち常用雇用者","37通信業"
"004","008","000","000","001","293","00000","2009000000","15720","従業者数　総数","100～199人","民営","総数","うち常用雇用者","38放送業"
"004","008","000","000","001","298","00000","2009000000","158776","従業者数　総数","100～199人","民営","総数","うち常用雇用者","39情報サービス業"
"004","008","000","000","001","305","00000","2009000000","7550","従業者数　総数","100～199人","民営","総数","うち常用雇用者","40インターネット附随サービス業"
"004","008","000","000","001","308","00000","2009000000","26800","従業者数　総数","100～199人","民営","総数","うち常用雇用者","41映像・音声・文字情報制作業"
"004","008","000","000","001","318","00000","2009000000","537565","従業者数　総数","100～199人","民営","総数","うち常用雇用者","H運輸業，郵便業"
"004","008","000","000","001","319","00000","2009000000","48829","従業者数　総数","100～199人","民営","総数","うち常用雇用者","42鉄道業"
"004","008","000","000","001","322","00000","2009000000","155896","従業者数　総数","100～199人","民営","総数","うち常用雇用者","43道路旅客運送業"
"004","008","000","000","001","328","00000","2009000000","206112","従業者数　総数","100～199人","民営","総数","うち常用雇用者","44道路貨物運送業"
"004","008","000","000","001","335","00000","2009000000","5479","従業者数　総数","100～199人","民営","総数","うち常用雇用者","45水運業"
"004","008","000","000","001","341","00000","2009000000","3498","従業者数　総数","100～199人","民営","総数","うち常用雇用者","46航空運輸業"
"004","008","000","000","001","345","00000","2009000000","26460","従業者数　総数","100～199人","民営","総数","うち常用雇用者","47倉庫業"
"004","008","000","000","001","349","00000","2009000000","49314","従業者数　総数","100～199人","民営","総数","うち常用雇用者","48運輸に附帯するサービス業"
"004","008","000","000","001","357","00000","2009000000","41977","従業者数　総数","100～199人","民営","総数","うち常用雇用者","49郵便業（信書便事業を含む）"
"004","008","000","000","001","360","00000","2009000000","836198","従業者数　総数","100～199人","民営","総数","うち常用雇用者","I卸売業，小売業"
"004","008","000","000","001","361","00000","2009000000","1518","従業者数　総数","100～199人","民営","総数","うち常用雇用者","50各種商品卸売業"
"004","008","000","000","001","366","00000","2009000000","23742","従業者数　総数","100～199人","民営","総数","うち常用雇用者","51繊維・衣服等卸売業"
"004","008","000","000","001","371","00000","2009000000","62717","従業者数　総数","100～199人","民営","総数","うち常用雇用者","52飲食料品卸売業"
"004","008","000","000","001","380","00000","2009000000","35844","従業者数　総数","100～199人","民営","総数","うち常用雇用者","53建築材料，鉱物・金属材料等卸売業"
"004","008","000","000","001","388","00000","2009000000","85377","従業者数　総数","100～199人","民営","総数","うち常用雇用者","54機械器具卸売業"
"004","008","000","000","001","394","00000","2009000000","77861","従業者数　総数","100～199人","民営","総数","うち常用雇用者","55その他の卸売業"
"004","008","000","000","001","402","00000","2009000000","117908","従業者数　総数","100～199人","民営","総数","うち常用雇用者","56各種商品小売業"
"004","008","000","000","001","406","00000","2009000000","17368","従業者数　総数","100～199人","民営","総数","うち常用雇用者","57織物・衣服・身の回り品小売業"
"004","008","000","000","001","413","00000","2009000000","284255","従業者数　総数","100～199人","民営","総数","うち常用雇用者","58飲食料品小売業"
"004","008","000","000","001","424","00000","2009000000","27961","従業者数　総数","100～199人","民営","総数","うち常用雇用者","59機械器具小売業"
"004","008","000","000","001","429","00000","2009000000","90038","従業者数　総数","100～199人","民営","総数","うち常用雇用者","60その他の小売業"
"004","008","000","000","001","447","00000","2009000000","11609","従業者数　総数","100～199人","民営","総数","うち常用雇用者","61無店舗小売業"
"004","008","000","000","001","452","00000","2009000000","116185","従業者数　総数","100～199人","民営","総数","うち常用雇用者","J金融業，保険業"
"004","008","000","000","001","453","00000","2009000000","27213","従業者数　総数","100～199人","民営","総数","うち常用雇用者","62銀行業"
"004","008","000","000","001","457","00000","2009000000","17011","従業者数　総数","100～199人","民営","総数","うち常用雇用者","63協同組織金融業"
"004","008","000","000","001","461","00000","2009000000","13888","従業者数　総数","100～199人","民営","総数","うち常用雇用者","64クレジットカード業等非預金信用機関"
"004","008","000","000","001","467","00000","2009000000","12786","従業者数　総数","100～199人","民営","総数","うち常用雇用者","65金融商品取引業，商品先物取引業"
"004","008","000","000","001","471","00000","2009000000","4634","従業者数　総数","100～199人","民営","総数","うち常用雇用者","66補助的金融業等"
"004","008","000","000","001","476","00000","2009000000","40653","従業者数　総数","100～199人","民営","総数","うち常用雇用者","67保険業（保険媒介代理業等を含む）"
"004","008","000","000","001","483","00000","2009000000","59090","従業者数　総数","100～199人","民営","総数","うち常用雇用者","K不動産業，物品賃貸業"
"004","008","000","000","001","484","00000","2009000000","15393","従業者数　総数","100～199人","民営","総数","うち常用雇用者","68不動産取引業"
"004","008","000","000","001","488","00000","2009000000","31187","従業者数　総数","100～199人","民営","総数","うち常用雇用者","69不動産賃貸業・管理業"
"004","008","000","000","001","494","00000","2009000000","12510","従業者数　総数","100～199人","民営","総数","うち常用雇用者","70物品賃貸業"
"004","008","000","000","001","504","00000","2009000000","132257","従業者数　総数","100～199人","民営","総数","うち常用雇用者","L学術研究，専門・技術サービス業"
"004","008","000","000","001","505","00000","2009000000","38180","従業者数　総数","100～199人","民営","総数","うち常用雇用者","71学術・開発研究機関"
"004","008","000","000","001","509","00000","2009000000","22103","従業者数　総数","100～199人","民営","総数","うち常用雇用者","72専門サービス業"
"004","008","000","000","001","528","00000","2009000000","9199","従業者数　総数","100～199人","民営","総数","うち常用雇用者","73広告業"
"004","008","000","000","001","531","00000","2009000000","62775","従業者数　総数","100～199人","民営","総数","うち常用雇用者","74技術サービス業"
"004","008","000","000","001","543","00000","2009000000","172249","従業者数　総数","100～199人","民営","総数","うち常用雇用者","M宿泊業，飲食サービス業"
"004","008","000","000","001","544","00000","2009000000","78348","従業者数　総数","100～199人","民営","総数","うち常用雇用者","75宿泊業"
"004","008","000","000","001","552","00000","2009000000","67630","従業者数　総数","100～199人","民営","総数","うち常用雇用者","76飲食店"
"004","008","000","000","001","569","00000","2009000000","26271","従業者数　総数","100～199人","民営","総数","うち常用雇用者","77持ち帰り・配達飲食サービス業"
"004","008","000","000","001","573","00000","2009000000","129714","従業者数　総数","100～199人","民営","総数","うち常用雇用者","N生活関連サービス業，娯楽業"
"004","008","000","000","001","574","00000","2009000000","37603","従業者数　総数","100～199人","民営","総数","うち常用雇用者","78洗濯・理容・美容・浴場業"
"004","008","000","000","001","584","00000","2009000000","27273","従業者数　総数","100～199人","民営","総数","うち常用雇用者","79その他の生活関連サービス業"
"004","008","000","000","001","597","00000","2009000000","64838","従業者数　総数","100～199人","民営","総数","うち常用雇用者","80娯楽業"
"004","008","000","000","001","620","00000","2009000000","130306","従業者数　総数","100～199人","民営","総数","うち常用雇用者","O教育，学習支援業"
"004","008","000","000","001","621","00000","2009000000","109900","従業者数　総数","100～199人","民営","総数","うち常用雇用者","81学校教育"
"004","008","000","000","001","631","00000","2009000000","20406","従業者数　総数","100～199人","民営","総数","うち常用雇用者","82その他の教育，学習支援業"
"004","008","000","000","001","650","00000","2009000000","615987","従業者数　総数","100～199人","民営","総数","うち常用雇用者","P医療，福祉"
"004","008","000","000","001","651","00000","2009000000","381088","従業者数　総数","100～199人","民営","総数","うち常用雇用者","83医療業"
"004","008","000","000","001","663","00000","2009000000","10352","従業者数　総数","100～199人","民営","総数","うち常用雇用者","84保健衛生"
"004","008","000","000","001","668","00000","2009000000","224547","従業者数　総数","100～199人","民営","総数","うち常用雇用者","85社会保険・社会福祉・介護事業"
"004","008","000","000","001","687","00000","2009000000","24524","従業者数　総数","100～199人","民営","総数","うち常用雇用者","Q複合サービス事業"
"004","008","000","000","001","688","00000","2009000000","994","従業者数　総数","100～199人","民営","総数","うち常用雇用者","86郵便局"
"004","008","000","000","001","692","00000","2009000000","23530","従業者数　総数","100～199人","民営","総数","うち常用雇用者","87協同組合（他に分類されないもの）"
"004","008","000","000","001","696","00000","2009000000","529772","従業者数　総数","100～199人","民営","総数","うち常用雇用者","Rサービス業（他に分類されないもの）"
"004","008","000","000","001","697","00000","2009000000","15749","従業者数　総数","100～199人","民営","総数","うち常用雇用者","88廃棄物処理業"
"004","008","000","000","001","702","00000","2009000000","3731","従業者数　総数","100～199人","民営","総数","うち常用雇用者","89自動車整備業"
"004","008","000","000","001","705","00000","2009000000","22308","従業者数　総数","100～199人","民営","総数","うち常用雇用者","90機械等修理業（別掲を除く）"
"004","008","000","000","001","711","00000","2009000000","143146","従業者数　総数","100～199人","民営","総数","うち常用雇用者","91職業紹介・労働者派遣業"
"004","008","000","000","001","715","00000","2009000000","322261","従業者数　総数","100～199人","民営","総数","うち常用雇用者","92その他の事業サービス業"
"004","008","000","000","001","721","00000","2009000000","13879","従業者数　総数","100～199人","民営","総数","うち常用雇用者","93政治・経済・文化団体"
"004","008","000","000","001","727","00000","2009000000","5978","従業者数　総数","100～199人","民営","総数","うち常用雇用者","94宗教"
"004","008","000","000","001","732","00000","2009000000","2720","従業者数　総数","100～199人","民営","総数","うち常用雇用者","95その他のサービス業"
"004","009","000","000","001","001","00000","2009000000","2334196","従業者数　総数","200～299人","民営","総数","うち常用雇用者","A～R全産業（Ｓ公務を除く）"
"004","009","000","000","001","002","00000","2009000000","6872","従業者数　総数","200～299人","民営","総数","うち常用雇用者","A～B農林漁業"
"004","009","000","000","001","003","00000","2009000000","6472","従業者数　総数","200～299人","民営","総数","うち常用雇用者","A農業，林業"
"004","009","000","000","001","004","00000","2009000000","5960","従業者数　総数","200～299人","民営","総数","うち常用雇用者","01農業"
"004","009","000","000","001","010","00000","2009000000","512","従業者数　総数","200～299人","民営","総数","うち常用雇用者","02林業"
"004","009","000","000","001","017","00000","2009000000","400","従業者数　総数","200～299人","民営","総数","うち常用雇用者","B漁業"
"004","009","000","000","001","018","00000","2009000000","200","従業者数　総数","200～299人","民営","総数","うち常用雇用者","03漁業（水産養殖業を除く）"
"004","009","000","000","001","022","00000","2009000000","200","従業者数　総数","200～299人","民営","総数","うち常用雇用者","04水産養殖業"
"004","009","000","000","001","027","00000","2009000000","2327324","従業者数　総数","200～299人","民営","総数","うち常用雇用者","C～R非農林漁業（Ｓ公務を除く）"
"004","009","000","000","001","037","00000","2009000000","71233","従業者数　総数","200～299人","民営","総数","うち常用雇用者","D建設業"
"004","009","000","000","001","038","00000","2009000000","38074","従業者数　総数","200～299人","民営","総数","うち常用雇用者","06総合工事業"
"004","009","000","000","001","046","00000","2009000000","3229","従業者数　総数","200～299人","民営","総数","うち常用雇用者","07職別工事業（設備工事業を除く）"
"004","009","000","000","001","059","00000","2009000000","29930","従業者数　総数","200～299人","民営","総数","うち常用雇用者","08設備工事業"
"004","009","000","000","001","066","00000","2009000000","598355","従業者数　総数","200～299人","民営","総数","うち常用雇用者","E製造業"
"004","009","000","000","001","067","00000","2009000000","113705","従業者数　総数","200～299人","民営","総数","うち常用雇用者","09食料品製造業"
"004","009","000","000","001","078","00000","2009000000","7530","従業者数　総数","200～299人","民営","総数","うち常用雇用者","10飲料・たばこ・飼料製造業"
"004","009","000","000","001","086","00000","2009000000","19006","従業者数　総数","200～299人","民営","総数","うち常用雇用者","11繊維工業"
"004","009","000","000","001","097","00000","2009000000","4309","従業者数　総数","200～299人","民営","総数","うち常用雇用者","12木材・木製品製造業（家具を除く）"
"004","009","000","000","001","103","00000","2009000000","10004","従業者数　総数","200～299人","民営","総数","うち常用雇用者","13家具・装備品製造業"
"004","009","000","000","001","109","00000","2009000000","15046","従業者数　総数","200～299人","民営","総数","うち常用雇用者","14パルプ・紙・紙加工品製造業"
"004","009","000","000","001","117","00000","2009000000","16279","従業者数　総数","200～299人","民営","総数","うち常用雇用者","15印刷・同関連業"
"004","009","000","000","001","123","00000","2009000000","43788","従業者数　総数","200～299人","民営","総数","うち常用雇用者","16化学工業"
"004","009","000","000","001","132","00000","2009000000","1328","従業者数　総数","200～299人","民営","総数","うち常用雇用者","17石油製品・石炭製品製造業"
"004","009","000","000","001","139","00000","2009000000","23811","従業者数　総数","200～299人","民営","総数","うち常用雇用者","18プラスチック製品製造業"
"004","009","000","000","001","147","00000","2009000000","11598","従業者数　総数","200～299人","民営","総数","うち常用雇用者","19ゴム製品製造業"
"004","009","000","000","001","153","00000","2009000000","492","従業者数　総数","200～299人","民営","総数","うち常用雇用者","20なめし革・同製品・毛皮製造業"
"004","009","000","000","001","164","00000","2009000000","15976","従業者数　総数","200～299人","民営","総数","うち常用雇用者","21窯業・土石製品製造業"
"004","009","000","000","001","175","00000","2009000000","16395","従業者数　総数","200～299人","民営","総数","うち常用雇用者","22鉄鋼業"
"004","009","000","000","001","183","00000","2009000000","11258","従業者数　総数","200～299人","民営","総数","うち常用雇用者","23非鉄金属製造業"
"004","009","000","000","001","191","00000","2009000000","29509","従業者数　総数","200～299人","民営","総数","うち常用雇用者","24金属製品製造業"
"004","009","000","000","001","202","00000","2009000000","26961","従業者数　総数","200～299人","民営","総数","うち常用雇用者","25はん用機械器具製造業"
"004","009","000","000","001","208","00000","2009000000","34086","従業者数　総数","200～299人","民営","総数","うち常用雇用者","26生産用機械器具製造業"
"004","009","000","000","001","218","00000","2009000000","22130","従業者数　総数","200～299人","民営","総数","うち常用雇用者","27業務用機械器具製造業"
"004","009","000","000","001","226","00000","2009000000","45644","従業者数　総数","200～299人","民営","総数","うち常用雇用者","28電子部品・デバイス・電子回路製造業"
"004","009","000","000","001","234","00000","2009000000","41264","従業者数　総数","200～299人","民営","総数","うち常用雇用者","29電気機械器具製造業"
"004","009","000","000","001","244","00000","2009000000","19546","従業者数　総数","200～299人","民営","総数","うち常用雇用者","30情報通信機械器具製造業"
"004","009","000","000","001","249","00000","2009000000","56159","従業者数　総数","200～299人","民営","総数","うち常用雇用者","31輸送用機械器具製造業"
"004","009","000","000","001","257","00000","2009000000","12531","従業者数　総数","200～299人","民営","総数","うち常用雇用者","32その他の製造業"
"004","009","000","000","001","272","00000","2009000000","26276","従業者数　総数","200～299人","民営","総数","うち常用雇用者","F電気・ガス・熱供給・水道業"
"004","009","000","000","001","273","00000","2009000000","22487","従業者数　総数","200～299人","民営","総数","うち常用雇用者","33電気業"
"004","009","000","000","001","276","00000","2009000000","2561","従業者数　総数","200～299人","民営","総数","うち常用雇用者","34ガス業"
"004","009","000","000","001","282","00000","2009000000","1228","従業者数　総数","200～299人","民営","総数","うち常用雇用者","36水道業"
"004","009","000","000","001","287","00000","2009000000","123423","従業者数　総数","200～299人","民営","総数","うち常用雇用者","G情報通信業"
"004","009","000","000","001","288","00000","2009000000","9465","従業者数　総数","200～299人","民営","総数","うち常用雇用者","37通信業"
"004","009","000","000","001","293","00000","2009000000","4619","従業者数　総数","200～299人","民営","総数","うち常用雇用者","38放送業"
"004","009","000","000","001","298","00000","2009000000","92817","従業者数　総数","200～299人","民営","総数","うち常用雇用者","39情報サービス業"
"004","009","000","000","001","305","00000","2009000000","1899","従業者数　総数","200～299人","民営","総数","うち常用雇用者","40インターネット附随サービス業"
"004","009","000","000","001","308","00000","2009000000","14623","従業者数　総数","200～299人","民営","総数","うち常用雇用者","41映像・音声・文字情報制作業"
"004","009","000","000","001","318","00000","2009000000","247159","従業者数　総数","200～299人","民営","総数","うち常用雇用者","H運輸業，郵便業"
"004","009","000","000","001","319","00000","2009000000","33126","従業者数　総数","200～299人","民営","総数","うち常用雇用者","42鉄道業"
"004","009","000","000","001","322","00000","2009000000","67694","従業者数　総数","200～299人","民営","総数","うち常用雇用者","43道路旅客運送業"
"004","009","000","000","001","328","00000","2009000000","65175","従業者数　総数","200～299人","民営","総数","うち常用雇用者","44道路貨物運送業"
"004","009","000","000","001","335","00000","2009000000","1161","従業者数　総数","200～299人","民営","総数","うち常用雇用者","45水運業"
"004","009","000","000","001","341","00000","2009000000","2593","従業者数　総数","200～299人","民営","総数","うち常用雇用者","46航空運輸業"
"004","009","000","000","001","345","00000","2009000000","10038","従業者数　総数","200～299人","民営","総数","うち常用雇用者","47倉庫業"
"004","009","000","000","001","349","00000","2009000000","22355","従業者数　総数","200～299人","民営","総数","うち常用雇用者","48運輸に附帯するサービス業"
"004","009","000","000","001","357","00000","2009000000","45017","従業者数　総数","200～299人","民営","総数","うち常用雇用者","49郵便業（信書便事業を含む）"
"004","009","000","000","001","360","00000","2009000000","330736","従業者数　総数","200～299人","民営","総数","うち常用雇用者","I卸売業，小売業"
"004","009","000","000","001","361","00000","2009000000","1155","従業者数　総数","200～299人","民営","総数","うち常用雇用者","50各種商品卸売業"
"004","009","000","000","001","366","00000","2009000000","8152","従業者数　総数","200～299人","民営","総数","うち常用雇用者","51繊維・衣服等卸売業"
"004","009","000","000","001","371","00000","2009000000","23690","従業者数　総数","200～299人","民営","総数","うち常用雇用者","52飲食料品卸売業"
"004","009","000","000","001","380","00000","2009000000","13501","従業者数　総数","200～299人","民営","総数","うち常用雇用者","53建築材料，鉱物・金属材料等卸売業"
"004","009","000","000","001","388","00000","2009000000","35006","従業者数　総数","200～299人","民営","総数","うち常用雇用者","54機械器具卸売業"
"004","009","000","000","001","394","00000","2009000000","31584","従業者数　総数","200～299人","民営","総数","うち常用雇用者","55その他の卸売業"
"004","009","000","000","001","402","00000","2009000000","114288","従業者数　総数","200～299人","民営","総数","うち常用雇用者","56各種商品小売業"
"004","009","000","000","001","406","00000","2009000000","7686","従業者数　総数","200～299人","民営","総数","うち常用雇用者","57織物・衣服・身の回り品小売業"
"004","009","000","000","001","413","00000","2009000000","49975","従業者数　総数","200～299人","民営","総数","うち常用雇用者","58飲食料品小売業"
"004","009","000","000","001","424","00000","2009000000","11016","従業者数　総数","200～299人","民営","総数","うち常用雇用者","59機械器具小売業"
"004","009","000","000","001","429","00000","2009000000","30286","従業者数　総数","200～299人","民営","総数","うち常用雇用者","60その他の小売業"
"004","009","000","000","001","447","00000","2009000000","4397","従業者数　総数","200～299人","民営","総数","うち常用雇用者","61無店舗小売業"
"004","009","000","000","001","452","00000","2009000000","56123","従業者数　総数","200～299人","民営","総数","うち常用雇用者","J金融業，保険業"
"004","009","000","000","001","453","00000","2009000000","11595","従業者数　総数","200～299人","民営","総数","うち常用雇用者","62銀行業"
"004","009","000","000","001","457","00000","2009000000","7099","従業者数　総数","200～299人","民営","総数","うち常用雇用者","63協同組織金融業"
"004","009","000","000","001","461","00000","2009000000","14399","従業者数　総数","200～299人","民営","総数","うち常用雇用者","64クレジットカード業等非預金信用機関"
"004","009","000","000","001","467","00000","2009000000","5808","従業者数　総数","200～299人","民営","総数","うち常用雇用者","65金融商品取引業，商品先物取引業"
"004","009","000","000","001","471","00000","2009000000","2494","従業者数　総数","200～299人","民営","総数","うち常用雇用者","66補助的金融業等"
"004","009","000","000","001","476","00000","2009000000","14728","従業者数　総数","200～299人","民営","総数","うち常用雇用者","67保険業（保険媒介代理業等を含む）"
"004","009","000","000","001","483","00000","2009000000","32628","従業者数　総数","200～299人","民営","総数","うち常用雇用者","K不動産業，物品賃貸業"
"004","009","000","000","001","484","00000","2009000000","6825","従業者数　総数","200～299人","民営","総数","うち常用雇用者","68不動産取引業"
"004","009","000","000","001","488","00000","2009000000","21374","従業者数　総数","200～299人","民営","総数","うち常用雇用者","69不動産賃貸業・管理業"
"004","009","000","000","001","494","00000","2009000000","4429","従業者数　総数","200～299人","民営","総数","うち常用雇用者","70物品賃貸業"
"004","009","000","000","001","504","00000","2009000000","72510","従業者数　総数","200～299人","民営","総数","うち常用雇用者","L学術研究，専門・技術サービス業"
"004","009","000","000","001","505","00000","2009000000","27730","従業者数　総数","200～299人","民営","総数","うち常用雇用者","71学術・開発研究機関"
"004","009","000","000","001","509","00000","2009000000","12058","従業者数　総数","200～299人","民営","総数","うち常用雇用者","72専門サービス業"
"004","009","000","000","001","528","00000","2009000000","5649","従業者数　総数","200～299人","民営","総数","うち常用雇用者","73広告業"
"004","009","000","000","001","531","00000","2009000000","27073","従業者数　総数","200～299人","民営","総数","うち常用雇用者","74技術サービス業"
"004","009","000","000","001","543","00000","2009000000","63841","従業者数　総数","200～299人","民営","総数","うち常用雇用者","M宿泊業，飲食サービス業"
"004","009","000","000","001","544","00000","2009000000","40826","従業者数　総数","200～299人","民営","総数","うち常用雇用者","75宿泊業"
"004","009","000","000","001","552","00000","2009000000","12012","従業者数　総数","200～299人","民営","総数","うち常用雇用者","76飲食店"
"004","009","000","000","001","569","00000","2009000000","11003","従業者数　総数","200～299人","民営","総数","うち常用雇用者","77持ち帰り・配達飲食サービス業"
"004","009","000","000","001","573","00000","2009000000","28064","従業者数　総数","200～299人","民営","総数","うち常用雇用者","N生活関連サービス業，娯楽業"
"004","009","000","000","001","574","00000","2009000000","7323","従業者数　総数","200～299人","民営","総数","うち常用雇用者","78洗濯・理容・美容・浴場業"
"004","009","000","000","001","584","00000","2009000000","7278","従業者数　総数","200～299人","民営","総数","うち常用雇用者","79その他の生活関連サービス業"
"004","009","000","000","001","597","00000","2009000000","13463","従業者数　総数","200～299人","民営","総数","うち常用雇用者","80娯楽業"
"004","009","000","000","001","620","00000","2009000000","55653","従業者数　総数","200～299人","民営","総数","うち常用雇用者","O教育，学習支援業"
"004","009","000","000","001","621","00000","2009000000","46090","従業者数　総数","200～299人","民営","総数","うち常用雇用者","81学校教育"
"004","009","000","000","001","631","00000","2009000000","9563","従業者数　総数","200～299人","民営","総数","うち常用雇用者","82その他の教育，学習支援業"
"004","009","000","000","001","650","00000","2009000000","330418","従業者数　総数","200～299人","民営","総数","うち常用雇用者","P医療，福祉"
"004","009","000","000","001","651","00000","2009000000","289256","従業者数　総数","200～299人","民営","総数","うち常用雇用者","83医療業"
"004","009","000","000","001","663","00000","2009000000","5639","従業者数　総数","200～299人","民営","総数","うち常用雇用者","84保健衛生"
"004","009","000","000","001","668","00000","2009000000","35523","従業者数　総数","200～299人","民営","総数","うち常用雇用者","85社会保険・社会福祉・介護事業"
"004","009","000","000","001","687","00000","2009000000","9512","従業者数　総数","200～299人","民営","総数","うち常用雇用者","Q複合サービス事業"
"004","009","000","000","001","688","00000","2009000000","1010","従業者数　総数","200～299人","民営","総数","うち常用雇用者","86郵便局"
"004","009","000","000","001","692","00000","2009000000","8502","従業者数　総数","200～299人","民営","総数","うち常用雇用者","87協同組合（他に分類されないもの）"
"004","009","000","000","001","696","00000","2009000000","281393","従業者数　総数","200～299人","民営","総数","うち常用雇用者","Rサービス業（他に分類されないもの）"
"004","009","000","000","001","697","00000","2009000000","2676","従業者数　総数","200～299人","民営","総数","うち常用雇用者","88廃棄物処理業"
"004","009","000","000","001","702","00000","2009000000","1037","従業者数　総数","200～299人","民営","総数","うち常用雇用者","89自動車整備業"
"004","009","000","000","001","705","00000","2009000000","9458","従業者数　総数","200～299人","民営","総数","うち常用雇用者","90機械等修理業（別掲を除く）"
"004","009","000","000","001","711","00000","2009000000","75608","従業者数　総数","200～299人","民営","総数","うち常用雇用者","91職業紹介・労働者派遣業"
"004","009","000","000","001","715","00000","2009000000","185580","従業者数　総数","200～299人","民営","総数","うち常用雇用者","92その他の事業サービス業"
"004","009","000","000","001","721","00000","2009000000","5625","従業者数　総数","200～299人","民営","総数","うち常用雇用者","93政治・経済・文化団体"
"004","009","000","000","001","727","00000","2009000000","1409","従業者数　総数","200～299人","民営","総数","うち常用雇用者","94宗教"
"004","010","000","000","001","001","00000","2009000000","7438131","従業者数　総数","300人以上","民営","総数","うち常用雇用者","A～R全産業（Ｓ公務を除く）"
"004","010","000","000","001","002","00000","2009000000","1490","従業者数　総数","300人以上","民営","総数","うち常用雇用者","A～B農林漁業"
"004","010","000","000","001","003","00000","2009000000","1150","従業者数　総数","300人以上","民営","総数","うち常用雇用者","A農業，林業"
"004","010","000","000","001","004","00000","2009000000","1150","従業者数　総数","300人以上","民営","総数","うち常用雇用者","01農業"
"004","010","000","000","001","017","00000","2009000000","340","従業者数　総数","300人以上","民営","総数","うち常用雇用者","B漁業"
"004","010","000","000","001","018","00000","2009000000","340","従業者数　総数","300人以上","民営","総数","うち常用雇用者","03漁業（水産養殖業を除く）"
"004","010","000","000","001","027","00000","2009000000","7436641","従業者数　総数","300人以上","民営","総数","うち常用雇用者","C～R非農林漁業（Ｓ公務を除く）"
"004","010","000","000","001","028","00000","2009000000","2109","従業者数　総数","300人以上","民営","総数","うち常用雇用者","C鉱業，採石業，砂利採取業"
"004","010","000","000","001","029","00000","2009000000","2109","従業者数　総数","300人以上","民営","総数","うち常用雇用者","05鉱業，採石業，砂利採取業"
"004","010","000","000","001","037","00000","2009000000","165889","従業者数　総数","300人以上","民営","総数","うち常用雇用者","D建設業"
"004","010","000","000","001","038","00000","2009000000","93375","従業者数　総数","300人以上","民営","総数","うち常用雇用者","06総合工事業"
"004","010","000","000","001","046","00000","2009000000","1024","従業者数　総数","300人以上","民営","総数","うち常用雇用者","07職別工事業（設備工事業を除く）"
"004","010","000","000","001","059","00000","2009000000","71490","従業者数　総数","300人以上","民営","総数","うち常用雇用者","08設備工事業"
"004","010","000","000","001","066","00000","2009000000","2621375","従業者数　総数","300人以上","民営","総数","うち常用雇用者","E製造業"
"004","010","000","000","001","067","00000","2009000000","226349","従業者数　総数","300人以上","民営","総数","うち常用雇用者","09食料品製造業"
"004","010","000","000","001","078","00000","2009000000","13437","従業者数　総数","300人以上","民営","総数","うち常用雇用者","10飲料・たばこ・飼料製造業"
"004","010","000","000","001","086","00000","2009000000","28278","従業者数　総数","300人以上","民営","総数","うち常用雇用者","11繊維工業"
"004","010","000","000","001","097","00000","2009000000","3256","従業者数　総数","300人以上","民営","総数","うち常用雇用者","12木材・木製品製造業（家具を除く）"
"004","010","000","000","001","103","00000","2009000000","17070","従業者数　総数","300人以上","民営","総数","うち常用雇用者","13家具・装備品製造業"
"004","010","000","000","001","109","00000","2009000000","21019","従業者数　総数","300人以上","民営","総数","うち常用雇用者","14パルプ・紙・紙加工品製造業"
"004","010","000","000","001","117","00000","2009000000","47895","従業者数　総数","300人以上","民営","総数","うち常用雇用者","15印刷・同関連業"
"004","010","000","000","001","123","00000","2009000000","186847","従業者数　総数","300人以上","民営","総数","うち常用雇用者","16化学工業"
"004","010","000","000","001","132","00000","2009000000","14419","従業者数　総数","300人以上","民営","総数","うち常用雇用者","17石油製品・石炭製品製造業"
"004","010","000","000","001","139","00000","2009000000","45929","従業者数　総数","300人以上","民営","総数","うち常用雇用者","18プラスチック製品製造業"
"004","010","000","000","001","147","00000","2009000000","55918","従業者数　総数","300人以上","民営","総数","うち常用雇用者","19ゴム製品製造業"
"004","010","000","000","001","153","00000","2009000000","767","従業者数　総数","300人以上","民営","総数","うち常用雇用者","20なめし革・同製品・毛皮製造業"
"004","010","000","000","001","164","00000","2009000000","46157","従業者数　総数","300人以上","民営","総数","うち常用雇用者","21窯業・土石製品製造業"
"004","010","000","000","001","175","00000","2009000000","85733","従業者数　総数","300人以上","民営","総数","うち常用雇用者","22鉄鋼業"
"004","010","000","000","001","183","00000","2009000000","45925","従業者数　総数","300人以上","民営","総数","うち常用雇用者","23非鉄金属製造業"
"004","010","000","000","001","191","00000","2009000000","66705","従業者数　総数","300人以上","民営","総数","うち常用雇用者","24金属製品製造業"
"004","010","000","000","001","202","00000","2009000000","122209","従業者数　総数","300人以上","民営","総数","うち常用雇用者","25はん用機械器具製造業"
"004","010","000","000","001","208","00000","2009000000","140664","従業者数　総数","300人以上","民営","総数","うち常用雇用者","26生産用機械器具製造業"
"004","010","000","000","001","218","00000","2009000000","99169","従業者数　総数","300人以上","民営","総数","うち常用雇用者","27業務用機械器具製造業"
"004","010","000","000","001","226","00000","2009000000","279551","従業者数　総数","300人以上","民営","総数","うち常用雇用者","28電子部品・デバイス・電子回路製造業"
"004","010","000","000","001","234","00000","2009000000","216808","従業者数　総数","300人以上","民営","総数","うち常用雇用者","29電気機械器具製造業"
"004","010","000","000","001","244","00000","2009000000","213184","従業者数　総数","300人以上","民営","総数","うち常用雇用者","30情報通信機械器具製造業"
"004","010","000","000","001","249","00000","2009000000","614465","従業者数　総数","300人以上","民営","総数","うち常用雇用者","31輸送用機械器具製造業"
"004","010","000","000","001","257","00000","2009000000","29621","従業者数　総数","300人以上","民営","総数","うち常用雇用者","32その他の製造業"
"004","010","000","000","001","272","00000","2009000000","64160","従業者数　総数","300人以上","民営","総数","うち常用雇用者","F電気・ガス・熱供給・水道業"
"004","010","000","000","001","273","00000","2009000000","50187","従業者数　総数","300人以上","民営","総数","うち常用雇用者","33電気業"
"004","010","000","000","001","276","00000","2009000000","13616","従業者数　総数","300人以上","民営","総数","うち常用雇用者","34ガス業"
"004","010","000","000","001","282","00000","2009000000","357","従業者数　総数","300人以上","民営","総数","うち常用雇用者","36水道業"
"004","010","000","000","001","287","00000","2009000000","515875","従業者数　総数","300人以上","民営","総数","うち常用雇用者","G情報通信業"
"004","010","000","000","001","288","00000","2009000000","79779","従業者数　総数","300人以上","民営","総数","うち常用雇用者","37通信業"
"004","010","000","000","001","293","00000","2009000000","16616","従業者数　総数","300人以上","民営","総数","うち常用雇用者","38放送業"
"004","010","000","000","001","298","00000","2009000000","355270","従業者数　総数","300人以上","民営","総数","うち常用雇用者","39情報サービス業"
"004","010","000","000","001","305","00000","2009000000","12213","従業者数　総数","300人以上","民営","総数","うち常用雇用者","40インターネット附随サービス業"
"004","010","000","000","001","308","00000","2009000000","51997","従業者数　総数","300人以上","民営","総数","うち常用雇用者","41映像・音声・文字情報制作業"
"004","010","000","000","001","318","00000","2009000000","446138","従業者数　総数","300人以上","民営","総数","うち常用雇用者","H運輸業，郵便業"
"004","010","000","000","001","319","00000","2009000000","77659","従業者数　総数","300人以上","民営","総数","うち常用雇用者","42鉄道業"
"004","010","000","000","001","322","00000","2009000000","55447","従業者数　総数","300人以上","民営","総数","うち常用雇用者","43道路旅客運送業"
"004","010","000","000","001","328","00000","2009000000","97168","従業者数　総数","300人以上","民営","総数","うち常用雇用者","44道路貨物運送業"
"004","010","000","000","001","335","00000","2009000000","4103","従業者数　総数","300人以上","民営","総数","うち常用雇用者","45水運業"
"004","010","000","000","001","341","00000","2009000000","36650","従業者数　総数","300人以上","民営","総数","うち常用雇用者","46航空運輸業"
"004","010","000","000","001","345","00000","2009000000","19805","従業者数　総数","300人以上","民営","総数","うち常用雇用者","47倉庫業"
"004","010","000","000","001","349","00000","2009000000","46179","従業者数　総数","300人以上","民営","総数","うち常用雇用者","48運輸に附帯するサービス業"
"004","010","000","000","001","357","00000","2009000000","109127","従業者数　総数","300人以上","民営","総数","うち常用雇用者","49郵便業（信書便事業を含む）"
"004","010","000","000","001","360","00000","2009000000","772461","従業者数　総数","300人以上","民営","総数","うち常用雇用者","I卸売業，小売業"
"004","010","000","000","001","361","00000","2009000000","29581","従業者数　総数","300人以上","民営","総数","うち常用雇用者","50各種商品卸売業"
"004","010","000","000","001","366","00000","2009000000","42350","従業者数　総数","300人以上","民営","総数","うち常用雇用者","51繊維・衣服等卸売業"
"004","010","000","000","001","371","00000","2009000000","28713","従業者数　総数","300人以上","民営","総数","うち常用雇用者","52飲食料品卸売業"
"004","010","000","000","001","380","00000","2009000000","22096","従業者数　総数","300人以上","民営","総数","うち常用雇用者","53建築材料，鉱物・金属材料等卸売業"
"004","010","000","000","001","388","00000","2009000000","117839","従業者数　総数","300人以上","民営","総数","うち常用雇用者","54機械器具卸売業"
"004","010","000","000","001","394","00000","2009000000","75042","従業者数　総数","300人以上","民営","総数","うち常用雇用者","55その他の卸売業"
"004","010","000","000","001","402","00000","2009000000","278477","従業者数　総数","300人以上","民営","総数","うち常用雇用者","56各種商品小売業"
"004","010","000","000","001","406","00000","2009000000","31558","従業者数　総数","300人以上","民営","総数","うち常用雇用者","57織物・衣服・身の回り品小売業"
"004","010","000","000","001","413","00000","2009000000","55715","従業者数　総数","300人以上","民営","総数","うち常用雇用者","58飲食料品小売業"
"004","010","000","000","001","424","00000","2009000000","28209","従業者数　総数","300人以上","民営","総数","うち常用雇用者","59機械器具小売業"
"004","010","000","000","001","429","00000","2009000000","48124","従業者数　総数","300人以上","民営","総数","うち常用雇用者","60その他の小売業"
"004","010","000","000","001","447","00000","2009000000","14757","従業者数　総数","300人以上","民営","総数","うち常用雇用者","61無店舗小売業"
"004","010","000","000","001","452","00000","2009000000","289020","従業者数　総数","300人以上","民営","総数","うち常用雇用者","J金融業，保険業"
"004","010","000","000","001","453","00000","2009000000","115297","従業者数　総数","300人以上","民営","総数","うち常用雇用者","62銀行業"
"004","010","000","000","001","457","00000","2009000000","11223","従業者数　総数","300人以上","民営","総数","うち常用雇用者","63協同組織金融業"
"004","010","000","000","001","461","00000","2009000000","35916","従業者数　総数","300人以上","民営","総数","うち常用雇用者","64クレジットカード業等非預金信用機関"
"004","010","000","000","001","467","00000","2009000000","26257","従業者数　総数","300人以上","民営","総数","うち常用雇用者","65金融商品取引業，商品先物取引業"
"004","010","000","000","001","471","00000","2009000000","2364","従業者数　総数","300人以上","民営","総数","うち常用雇用者","66補助的金融業等"
"004","010","000","000","001","476","00000","2009000000","97963","従業者数　総数","300人以上","民営","総数","うち常用雇用者","67保険業（保険媒介代理業等を含む）"
"004","010","000","000","001","483","00000","2009000000","69340","従業者数　総数","300人以上","民営","総数","うち常用雇用者","K不動産業，物品賃貸業"
"004","010","000","000","001","484","00000","2009000000","17293","従業者数　総数","300人以上","民営","総数","うち常用雇用者","68不動産取引業"
"004","010","000","000","001","488","00000","2009000000","37494","従業者数　総数","300人以上","民営","総数","うち常用雇用者","69不動産賃貸業・管理業"
"004","010","000","000","001","494","00000","2009000000","14553","従業者数　総数","300人以上","民営","総数","うち常用雇用者","70物品賃貸業"
"004","010","000","000","001","504","00000","2009000000","240535","従業者数　総数","300人以上","民営","総数","うち常用雇用者","L学術研究，専門・技術サービス業"
"004","010","000","000","001","505","00000","2009000000","118506","従業者数　総数","300人以上","民営","総数","うち常用雇用者","71学術・開発研究機関"
"004","010","000","000","001","509","00000","2009000000","37328","従業者数　総数","300人以上","民営","総数","うち常用雇用者","72専門サービス業"
"004","010","000","000","001","528","00000","2009000000","16256","従業者数　総数","300人以上","民営","総数","うち常用雇用者","73広告業"
"004","010","000","000","001","531","00000","2009000000","68445","従業者数　総数","300人以上","民営","総数","うち常用雇用者","74技術サービス業"
"004","010","000","000","001","543","00000","2009000000","139265","従業者数　総数","300人以上","民営","総数","うち常用雇用者","M宿泊業，飲食サービス業"
"004","010","000","000","001","544","00000","2009000000","67636","従業者数　総数","300人以上","民営","総数","うち常用雇用者","75宿泊業"
"004","010","000","000","001","552","00000","2009000000","48890","従業者数　総数","300人以上","民営","総数","うち常用雇用者","76飲食店"
"004","010","000","000","001","569","00000","2009000000","22739","従業者数　総数","300人以上","民営","総数","うち常用雇用者","77持ち帰り・配達飲食サービス業"
"004","010","000","000","001","573","00000","2009000000","81811","従業者数　総数","300人以上","民営","総数","うち常用雇用者","N生活関連サービス業，娯楽業"
"004","010","000","000","001","574","00000","2009000000","13163","従業者数　総数","300人以上","民営","総数","うち常用雇用者","78洗濯・理容・美容・浴場業"
"004","010","000","000","001","584","00000","2009000000","9812","従業者数　総数","300人以上","民営","総数","うち常用雇用者","79その他の生活関連サービス業"
"004","010","000","000","001","597","00000","2009000000","58836","従業者数　総数","300人以上","民営","総数","うち常用雇用者","80娯楽業"
"004","010","000","000","001","620","00000","2009000000","376484","従業者数　総数","300人以上","民営","総数","うち常用雇用者","O教育，学習支援業"
"004","010","000","000","001","621","00000","2009000000","356676","従業者数　総数","300人以上","民営","総数","うち常用雇用者","81学校教育"
"004","010","000","000","001","631","00000","2009000000","19808","従業者数　総数","300人以上","民営","総数","うち常用雇用者","82その他の教育，学習支援業"
"004","010","000","000","001","650","00000","2009000000","799125","従業者数　総数","300人以上","民営","総数","うち常用雇用者","P医療，福祉"
"004","010","000","000","001","651","00000","2009000000","764159","従業者数　総数","300人以上","民営","総数","うち常用雇用者","83医療業"
"004","010","000","000","001","663","00000","2009000000","3005","従業者数　総数","300人以上","民営","総数","うち常用雇用者","84保健衛生"
"004","010","000","000","001","668","00000","2009000000","31961","従業者数　総数","300人以上","民営","総数","うち常用雇用者","85社会保険・社会福祉・介護事業"
"004","010","000","000","001","687","00000","2009000000","13101","従業者数　総数","300人以上","民営","総数","うち常用雇用者","Q複合サービス事業"
"004","010","000","000","001","688","00000","2009000000","4937","従業者数　総数","300人以上","民営","総数","うち常用雇用者","86郵便局"
"004","010","000","000","001","692","00000","2009000000","8164","従業者数　総数","300人以上","民営","総数","うち常用雇用者","87協同組合（他に分類されないもの）"
"004","010","000","000","001","696","00000","2009000000","839953","従業者数　総数","300人以上","民営","総数","うち常用雇用者","Rサービス業（他に分類されないもの）"
"004","010","000","000","001","697","00000","2009000000","1042","従業者数　総数","300人以上","民営","総数","うち常用雇用者","88廃棄物処理業"
"004","010","000","000","001","705","00000","2009000000","21437","従業者数　総数","300人以上","民営","総数","うち常用雇用者","90機械等修理業（別掲を除く）"
"004","010","000","000","001","711","00000","2009000000","252360","従業者数　総数","300人以上","民営","総数","うち常用雇用者","91職業紹介・労働者派遣業"
"004","010","000","000","001","715","00000","2009000000","553034","従業者数　総数","300人以上","民営","総数","うち常用雇用者","92その他の事業サービス業"
"004","010","000","000","001","721","00000","2009000000","5689","従業者数　総数","300人以上","民営","総数","うち常用雇用者","93政治・経済・文化団体"
"004","010","000","000","001","727","00000","2009000000","6391","従業者数　総数","300人以上","民営","総数","うち常用雇用者","94宗教"
